FMP	RMP	FPP	UPP	ANPP	NPP	ANCOVA
0.853985858330131	0.85079295345278	0.64259471422855	0.7592904488227	0.72349986781967	0.728829364863449	0.889497479375268
0.86965748544135	0.830089762433188	0.659116243314442	0.755672433900613	0.731742581875346	0.732250866881397	0.942868624556698
0.588758233690901	0.597485242361643	0.5861313516369	0.610376206590226	0.597095806696067	0.617249785240227	0.777298148388508
0.613915283133055	0.610635879332719	0.611471407509054	0.643647027829265	0.623953134430844	0.626287375449663	0.810059272232065
0.6126934337885	0.614490701719999	0.622252954917065	0.672303671938766	0.644204531423625	0.653451951931202	0.894982833148991
0.601210790294665	0.613104762102613	0.595459256900422	0.638355997961127	0.607726132698255	0.621865950365283	0.803135245797806
0.836505691555591	0.824030154605788	0.632339912952954	0.747756685248655	0.726223704909126	0.708830792410493	0.895859837151615
0.701282004746964	0.726787009387219	0.610178723892146	0.666840021291562	0.659558051541766	0.674580688227039	0.845819320640944
0.565651922223038	0.574485853320677	0.583046465559442	0.596492983583429	0.588399574834957	0.58067863551661	0.764459336733571
0.617914810313778	0.625922653944666	0.659268821772654	0.719990297823704	0.676487873881633	0.686415544399903	0.990608597411469
0.779793428642582	0.746068156999973	0.670615144295226	0.740267116232403	0.720394761777226	0.697848202646399	0.924370603379085
0.937071867138325	0.924975692635876	0.616612750765531	0.793697573812911	0.797532240075079	0.782825766074249	0.798420686581476
0.699622175681804	0.735406885997152	0.589295395901801	0.667920942805878	0.649576361899341	0.653698137391615	0.760496598351514
0.962592187101007	0.966769339757829	0.621918257766813	0.816576579194972	0.803666095421735	0.801231601476952	0.829010075196007
0.782792148448326	0.804699777303103	0.582011313399561	0.691725522400296	0.672935879393376	0.670851193466434	0.766367684969933
1.0431167120597	1.01559208952228	0.648935012466465	0.863121510066386	0.858859724824292	0.848660200995968	0.918907366015167
0.543186314309296	0.531237320762758	0.592208930796027	0.608354588067715	0.593684892898514	0.603330756161722	0.778636807444569
0.879479237561343	0.856530061210086	0.582079472161661	0.762196244357866	0.740769410276043	0.734782764262872	0.745924020546038
0.647594804353104	0.640285414249784	0.638969268948629	0.689147712972429	0.643041894293074	0.649303067887873	0.893608789552364
0.848518932876565	0.845791071610585	0.609264651675997	0.762212103044819	0.714228568810978	0.704611319468502	0.762247352130761
0.615005759001632	0.660454186283344	0.604914953967661	0.68795331400493	0.628144603414656	0.636769450250974	0.840750005285778
0.551627637862076	0.549262264972152	0.561657501445802	0.584671927652036	0.587013427801952	0.588562821547369	0.751991618298845
0.758275494081917	0.780765594349797	0.655652289520612	0.724689220577854	0.706690275278571	0.729641415905185	0.973324846622273
0.566828387696011	0.557838470198402	0.59645140850388	0.637357115517093	0.626263588811636	0.616053202602647	0.831234997690073
0.573735514553756	0.585333986911745	0.627208590391446	0.638698799244377	0.637122450931159	0.632731511037542	0.866946540901771
0.592925076156101	0.593804441012812	0.607264656919154	0.661764661650531	0.642371698264318	0.627376057217003	0.850711703539482
0.669966105806868	0.65971835813875	0.635483914094882	0.686690528583324	0.672215998354153	0.65144192410945	0.908417324134601
0.932502191414161	0.925214654529066	0.631642653430992	0.819128901920278	0.759174225679015	0.78409664574139	0.882387057357249
0.561255052481393	0.551283809470523	0.596778630769143	0.618657307980948	0.604159436879205	0.597985118294201	0.795621994518558
0.550447471906297	0.572001702815399	0.594825112508255	0.595794738069311	0.598069139936204	0.594691453933445	0.776604341224575
0.635771988707839	0.60013172656253	0.608037064098948	0.652475816327854	0.61572473403559	0.638683222293129	0.822366994663565
0.701089139262817	0.685753036966013	0.575844941644985	0.64141365752461	0.630839436269479	0.629143297258487	0.719976840087798
0.804424867105883	0.725890113739726	0.656666046131052	0.771374664708518	0.710570661150481	0.726707003611106	1.02483697865081
0.566886946738193	0.548926610288346	0.594100588907108	0.614982059110393	0.612500371938318	0.613521105049726	0.816608560025381
0.759948855519308	0.739835711232187	0.588340105493807	0.691837746978291	0.659504488224497	0.668389266535002	0.769332075224607
0.705551178780843	0.685193363584929	0.535368375173869	0.63152978958825	0.61474379036796	0.618515331481125	0.657544206543993
0.607411806867688	0.579264299646604	0.639981834794656	0.667628408877555	0.665345774786464	0.640661711916219	0.911660249901238
0.766298757206756	0.765832109306502	0.571366738467935	0.682705292514254	0.660709244400093	0.681128248598031	0.718054631697222
0.818957766351673	0.783926004192552	0.594629785116727	0.728671467648139	0.697286353628383	0.683762559994664	0.788990394403574
0.627794442226372	0.638876011364001	0.604912660191424	0.651641417244501	0.624354705915327	0.636143676699608	0.821740505316139
0.827330686559309	0.829547959625485	0.560931701055638	0.731556909655189	0.717599369833301	0.713282847707063	0.679871197555341
0.515008667256427	0.535577224969038	0.536736911132109	0.565269226378924	0.556113119039487	0.552471942104622	0.689140175860963
0.586853793250235	0.581480816599888	0.627899368194892	0.656011263028215	0.635571755228993	0.646823886411831	0.887243948568423
0.614830015185265	0.631719708826887	0.659921712128787	0.690467981713837	0.677268696660812	0.690524442821559	0.966498400749936
0.625486803053302	0.636755483983621	0.584795781079938	0.63052983359129	0.605288127263072	0.596602746623024	0.728765403525472
0.594994073882387	0.585551154586117	0.617518128733219	0.665569240796216	0.644904022240622	0.647005771797994	0.891538720834637
0.726016929440824	0.731759560797269	0.552842088736424	0.655099013549595	0.616088465694231	0.631729632501056	0.66906117626897
0.630261072801124	0.642561376049205	0.626040671103142	0.689855311131461	0.663783407210209	0.664415287261819	0.900544800822886
0.604697400668478	0.597328547523717	0.604503696804782	0.628060322178108	0.621163011190013	0.622231822745903	0.819943529984877
0.797167444634225	0.796889203610935	0.55092181086069	0.68912252219895	0.6710096692323	0.679674334525175	0.670758062677023
0.591255781076123	0.596491467783212	0.614137108574618	0.645777317832389	0.613006295488407	0.641058911937009	0.84938595305487
0.666590868212903	0.677427030710834	0.640027729372939	0.708623860992677	0.66283660281363	0.650435536966015	0.867452885009811
0.612765657934842	0.572613539730895	0.595050604877965	0.628811543782136	0.62031572902993	0.618612864100288	0.79887635355124
0.576254181180201	0.578474472720065	0.639670267739761	0.630959919639929	0.619824881346367	0.639313628253872	0.85637627527822
0.598165018587205	0.592239364041091	0.628818642545159	0.650011251211846	0.634326364059768	0.621867710815524	0.879693539397654
0.630535614851669	0.606034455325961	0.647859705875465	0.694311835517542	0.670008207863509	0.653326066297846	0.952086513670121
0.586853618496656	0.623247595852369	0.63775731775871	0.658806620420792	0.645549866048906	0.638464376170637	0.868389108494213
0.631302355621844	0.639450513751348	0.598186680812342	0.660444159405761	0.647867961697858	0.647932214219853	0.8138189163436
0.621013492256355	0.612477749301401	0.585535628677058	0.626556677549755	0.610979282828947	0.601135521885456	0.761199634126584
0.679849778784291	0.693661414391534	0.632040475784792	0.700293832708664	0.676207934426341	0.667398988555056	0.891275960541368
0.633839319301743	0.658875003822157	0.591733256688679	0.658253464973863	0.615271520416993	0.604442856813414	0.766111163253579
0.493235353021683	0.503710803036508	0.54234544391486	0.552429670528491	0.528265530684966	0.551463431524384	0.680615403907015
0.681761192270322	0.670562670742941	0.624848403871685	0.694443957856329	0.682801039280923	0.680391115017652	0.915000905518202
0.558841546683175	0.564992238756625	0.597109147653408	0.620562153687365	0.59292595606341	0.598227032596021	0.810893465895275
0.571576319042077	0.5743476153226	0.608593528057761	0.627878121533764	0.622918011513599	0.608811469965685	0.834380791491348
0.675901682907621	0.691969904957577	0.582143916658735	0.654930097535351	0.635428793886468	0.650593844411404	0.744992230927088
0.797025371149826	0.807027071844802	0.617120514480342	0.726887470885079	0.694584759669105	0.705259246583286	0.825281845327571
0.565066299623368	0.561446106292944	0.580568805691818	0.615265032876962	0.597739789629435	0.602336634787598	0.783380152355597
0.765696182013493	0.751862361900191	0.613356485476472	0.710899910981571	0.680538321869408	0.657979397212031	0.860774900781491
0.70563351986842	0.699690756381692	0.635263613794767	0.700112935539569	0.69831551758714	0.686936521261549	0.909772540532056
0.670290815551018	0.666331703956534	0.60537616393871	0.66807868766683	0.663041624090603	0.659119889100044	0.867117592783307
0.571108356685636	0.575491017877154	0.621188887708397	0.648341986589427	0.613331902379777	0.633704359640924	0.860130142711716
1.01936880198512	0.994599611193072	0.642150588303565	0.861072255076146	0.858353484016451	0.824941370622176	0.952350821344736
0.568666512927476	0.555662262170865	0.611839811471206	0.630900777695584	0.61305772074908	0.610048262874145	0.813301845181174
0.670582929675741	0.666318487758075	0.640187893924229	0.698888150671205	0.665983138421551	0.662475520643879	0.902388352195367
0.552615189488527	0.560343151215557	0.562293929137112	0.580964087548226	0.581216920730362	0.566282173549418	0.698562280225716
0.609121196788933	0.610875129318589	0.595287429139601	0.616344531754277	0.612174066117112	0.626214054933846	0.773579461991142
0.599317479562104	0.579758564323693	0.605530346795308	0.623108526027694	0.595587205859487	0.616514911076943	0.796626799587747
0.567702192391173	0.568041716851139	0.603036330816945	0.622035628645842	0.617974275625824	0.597790503579084	0.812131768828699
0.848509458567355	0.87842588396037	0.645952624135828	0.777754481289595	0.748238641145944	0.737276278553695	0.894443262237994
0.836412827328164	0.804233421094323	0.60419125364292	0.731073834319079	0.709063510798773	0.705922812104949	0.786091834579803
1.05066927574453	1.04956280495113	0.664442317087602	0.883411474721998	0.862121130463304	0.870039595987589	0.946193146962974
0.757619331548249	0.788664477000288	0.615787246970807	0.702045108670417	0.675869966848884	0.684103564439316	0.820929774652968
0.73072548987764	0.75043335182948	0.578999382005246	0.660685263202833	0.657393177092827	0.641104197306748	0.741295976175954
0.65391122857755	0.632070732932006	0.578760650882087	0.631335436496396	0.624732596570061	0.622805869442187	0.763030167009429
0.655820107663974	0.648911748843195	0.631334830517601	0.663795584192181	0.665864395207694	0.642483026046029	0.874584615303224
0.742377666289637	0.733526298447629	0.623212903138092	0.712162746356125	0.672894841105761	0.682932644467358	0.839882658254259
0.591193678811607	0.593191950987585	0.622800924755723	0.648119089573985	0.612548827339847	0.633834358995288	0.836035234068785
0.698950780114316	0.703803148430498	0.601456404994854	0.678656290832409	0.665183296657551	0.656934785542612	0.813478796088081
0.741528190063051	0.770946281716537	0.573295057535825	0.674861830207581	0.663776927629634	0.664181118946358	0.7458210132065
0.603073063129499	0.59758826989954	0.593841348336418	0.653489368422319	0.623470810522833	0.623335988248523	0.820452546619358
0.727243044477871	0.719756803092096	0.605966209189865	0.699352275558635	0.670358470831811	0.651651113945802	0.795125468971133
0.712486006144641	0.655219483225179	0.609377613775943	0.647919511790332	0.643334771911384	0.640962153117552	0.80123006651681
0.91173498519183	0.915355567989874	0.6408619790954	0.795543394225282	0.760459679862458	0.765916511463435	0.859471694558282
0.608646734113708	0.578221783492876	0.592074034097979	0.632054278553676	0.62390109449597	0.623952798297794	0.807224444811875
0.567314801441255	0.592378897187007	0.614877670687596	0.654352990576996	0.608114570506893	0.630315871039078	0.851457037190566
0.886108693693572	0.881673575488862	0.603729136984169	0.751557301368042	0.741203548993392	0.740937460899761	0.7722027711399
0.695703224408306	0.654980745736501	0.62511512309519	0.669675927954722	0.650178067177265	0.646850871536845	0.834766249866282
0.672000462265611	0.677561299598438	0.627517846217992	0.682202031777486	0.6646301108188	0.650909936458819	0.842097975253387
0.784645899469957	0.787604776161782	0.568147954096657	0.696948679893221	0.676786846020108	0.67925018905373	0.727185338142684
0.829803858142125	0.82268084758004	0.572634327077571	0.715173783673553	0.691365806925808	0.69530438644939	0.71930185071664
0.756977828641965	0.795230566589251	0.628142271934031	0.720105448530843	0.695570010449207	0.689182329175821	0.89915326472674
0.550903216984379	0.535147496955204	0.571946822640981	0.592727059202429	0.579877965738706	0.576916933264552	0.73306377610556
0.49889047555103	0.490523856058414	0.540447005211176	0.539971342487383	0.52945118891105	0.527773971759538	0.671956033956304
0.771912725934157	0.767230549895693	0.578127799967852	0.672973092404486	0.654277391587061	0.656709900811131	0.734403144908884
0.693711647765118	0.711090810679318	0.652868419034534	0.718249148747258	0.695629599177709	0.670982597544126	0.920057408358507
0.519809923604741	0.548924094879717	0.542301273669795	0.565170468675469	0.566244488753212	0.569778928795048	0.686185542123926
0.578786613064053	0.575524276938238	0.600847049019808	0.633794059106696	0.613319592421703	0.623150454683109	0.823829787226016
0.671098997752061	0.649773100252165	0.638337585583096	0.689311452545221	0.639617649671433	0.659245268744043	0.88065028739102
0.567774776947976	0.56273958961181	0.604035018687188	0.62251297583579	0.604937724006659	0.615042936583217	0.817234294164504
0.868314361884952	0.876525613231808	0.622512705171707	0.761349249257677	0.732152728236318	0.725946709772452	0.851074460580937
0.558867320058594	0.552724845648365	0.62252056669869	0.642217338310925	0.61257839252657	0.615304261257644	0.822497093345111
0.549365711945972	0.553378586023534	0.586485281660469	0.585946711033544	0.578795772928464	0.57878085191444	0.769558046365121
0.623745215141282	0.600397614395233	0.579358845822333	0.627850093033994	0.584865610151185	0.613228124351012	0.737828022359942
0.621587765591853	0.626591441064029	0.649865277895611	0.693036356072743	0.658493090702206	0.680585331133616	0.957597582819043
0.634322730939992	0.623555549214805	0.596113952695119	0.649878675920098	0.61400049441408	0.631312347770901	0.803727791238723
0.910517129833627	0.949245960519487	0.647062121688	0.816701304690496	0.774602999104148	0.776148826011206	0.893271419141324
0.977446183551654	0.96388426520862	0.664832810362434	0.844247151832598	0.815325900506538	0.809862649316661	1.00507098011253
0.644512956067594	0.607152738209942	0.593693406719482	0.638155585880251	0.615828509933202	0.638409166198619	0.782245970048913
0.614362752066435	0.61364485902009	0.588600639576562	0.64442277934551	0.61530061435505	0.596960627407607	0.77204486831141
0.590022673472141	0.596435037122689	0.618173251205167	0.638853560291604	0.628873885374549	0.6370385650143	0.85572567451104
0.625542923449938	0.603070740902129	0.642736113883686	0.688456222790224	0.667969737560958	0.655115814309619	0.954306739919758
1.01935402518045	1.04404524207935	0.656624870248303	0.891271198442344	0.833603017572195	0.857061832216693	0.954564788395105
0.706586089123658	0.712520843203439	0.650647827318981	0.720577610427074	0.689240162608916	0.680787559618894	0.938546418374953
0.848754456386397	0.857832538381743	0.63207958913493	0.749310927634715	0.737094998725999	0.71614299066966	0.889950120471701
0.575906618996613	0.612845445744339	0.607097872091461	0.626198564511901	0.609542629882394	0.624215040728022	0.801229422437032
0.624549904033418	0.623268687692468	0.661405446835771	0.701070102873441	0.673933914545167	0.679851379012234	0.959431970363919
0.965600782219934	0.97379907757388	0.625167213991671	0.8532727032143	0.799060040667747	0.804244237054257	0.819902905066449
0.812903500492954	0.795322375987702	0.596816926724489	0.701582804466746	0.674068836706584	0.692381409392524	0.77868515014619
1.02594810874871	1.00842206889755	0.637525971383247	0.859176010619705	0.796707410232134	0.828063539734151	0.868346014784046
0.605777398420715	0.596220404688203	0.634235276489788	0.655094850685259	0.640273206791755	0.653497655108519	0.905635248874919
0.597702644396801	0.614705782849696	0.638605120634433	0.68455149585634	0.661917366238163	0.651737617016608	0.928527012567046
0.570317539261182	0.546550542862354	0.595753868334214	0.617116988446379	0.599303052161549	0.606837296788431	0.8219909102553
1.06495854377178	1.05315496408241	0.657737661520922	0.88042990346848	0.841040075222757	0.840951846809696	0.93608991467111
0.840949472949803	0.833466395026534	0.629044336107204	0.725677853604942	0.695268203525456	0.725280231546151	0.84983762330643
0.840743834105245	0.788110066807159	0.657095545523255	0.746625737983592	0.737442930410588	0.714130957031673	0.947822374688755
0.595485032310406	0.617717989033374	0.580285326459603	0.62389530720652	0.606522139629192	0.609887432228067	0.78433695644435
0.683624016648787	0.681558759164121	0.628971992266534	0.693000259437631	0.6768791654158	0.666452933196137	0.894462984756353
0.923069610732467	0.914877383007338	0.636314695266095	0.803640997820062	0.765724026548908	0.769786727729081	0.895726744451469
0.890356983701119	0.902862800975832	0.622705054176274	0.780990310486468	0.749037237448577	0.735913522287303	0.825835891545881
0.528993762138639	0.524417682879237	0.572428617192863	0.562516103148598	0.571210467910014	0.564403038424372	0.710480404862212
0.818414685202049	0.777977747562536	0.590610282104494	0.699134715393545	0.693469169394024	0.691867768669224	0.752228570044961
0.636786556921069	0.606338187342067	0.583802689491796	0.619935576336914	0.617096198022772	0.596479138223	0.759938662091249
0.929345223574534	0.928608570087092	0.61362818802531	0.804398821485466	0.782083725322852	0.782252568530867	0.8215172003841
0.622457388841501	0.624213806877906	0.641597084528639	0.651068105766578	0.653727594580851	0.675171822379662	0.878924925398676
0.752065271675747	0.738095965467487	0.581436218834786	0.669323913208916	0.646158584157115	0.667855512265141	0.758687440064557
0.983439566360934	0.986035680988287	0.660669164455543	0.834533143975021	0.776434672018518	0.801148389913667	0.977346288485997
0.821243366403318	0.815789046451902	0.581041694634678	0.705930565194863	0.678569269029535	0.700010390245591	0.770416601989605
0.580876891226235	0.54598658862878	0.603845224747976	0.615956184479294	0.623601651151588	0.63068813666857	0.843180364974582
0.893661890748603	0.883549928300743	0.640072345328582	0.796154945966665	0.750382137729778	0.756202483014066	0.980673068439429
0.773646449171343	0.763763410908955	0.621984281619568	0.705261211871578	0.701056641355542	0.680645103851784	0.829306760441943
0.610378798607011	0.571949253882568	0.602249718109398	0.652833869262766	0.62270634077379	0.61843024587458	0.829770676691353
0.69681314217547	0.712433029553794	0.586194506436893	0.652249244700688	0.635520454907215	0.653583153228992	0.759708726145855
0.560279806053372	0.550139356548049	0.577259287776778	0.596814064772388	0.616284655341913	0.605795632656018	0.769044878533978
0.637160124081086	0.640006195306616	0.637578560118216	0.672643228805835	0.65865611810075	0.666450471771464	0.895442029324666
0.912475129225069	0.929673618668921	0.619999606948695	0.837106774263055	0.801824221752346	0.803703215432247	0.76837033324286
0.765935193363198	0.748669353974752	0.574058089391127	0.685116798761284	0.648788267467289	0.669329298819406	0.737086014373806
0.77976122625829	0.778476392293342	0.575513738425253	0.669168213348022	0.666279581258388	0.665902503121138	0.720438179647475
0.643150590074264	0.646980670621676	0.636234774128411	0.676745870286678	0.658187737008799	0.646860727471051	0.891985256848344
0.834007499604213	0.830909675184844	0.64184273087648	0.724255022688349	0.727725823080846	0.74610043879773	0.881214584883942
0.624937694155388	0.629518675172863	0.584233175944822	0.616383981201524	0.603158355172082	0.616663937012753	0.742589669384673
0.640527220104229	0.648337929589109	0.627855442842219	0.66361204641295	0.649336360518543	0.653833169020056	0.871766715407152
0.55920308432022	0.577401627836262	0.597789801081963	0.637197760029965	0.620261333110979	0.615034812610096	0.810581423497678
0.821013469603415	0.805249281562482	0.595311729295162	0.70600458126805	0.705572546789907	0.695613003652715	0.795603869340926
0.669201938147517	0.66058463351629	0.62418021413344	0.695683032877091	0.671095338549546	0.669787461171297	0.912921196322459
0.813211293242019	0.764092680285676	0.665221393974683	0.779142285815859	0.731419791008276	0.715127019033694	1.02641371624787
0.667375266585532	0.682738130221657	0.635413876781233	0.711166893707891	0.686329028082493	0.680656892046645	0.945826021527111
0.68303720198086	0.693498437924967	0.633182972001942	0.696528985075535	0.694740039096445	0.675973570926197	0.921361725750907
0.681055651808432	0.635922216809294	0.669121058723951	0.712320102918568	0.70392119785111	0.681047801008565	0.973201551059639
0.711317205984687	0.713775856573265	0.644273358482656	0.70630951636051	0.68720943474911	0.67961557600602	0.899178729597317
0.614818819613016	0.602008781472336	0.601122119417213	0.642799030277898	0.626017895905568	0.621808216914526	0.808050948649142
0.797219716056467	0.778556130915671	0.591301373572147	0.710176413607067	0.692928763921311	0.682853218741979	0.796925247337469
0.601575647418944	0.608534978342766	0.619895164119584	0.653920566008773	0.645217602697281	0.66504959702642	0.902077220443265
0.6395127544799	0.625106162212248	0.624652290360444	0.660350691610927	0.662778252312121	0.647013978280094	0.896302072396046
0.852155776721295	0.834467475877201	0.620180373725127	0.770640348132487	0.724966093903809	0.726395844387952	0.828043429238832
0.76068824586246	0.754139972880288	0.637326765975557	0.733114500793488	0.703097452384531	0.702948076107759	0.880723954804794
0.57946837239702	0.58327392213016	0.623134384119587	0.632327452065007	0.617544868019308	0.616328467289769	0.843506810101693
0.663718492849275	0.688853175146983	0.652212197646394	0.690884753002286	0.657730153353997	0.660474914756049	0.922392729003643
0.79573730293659	0.783098024772096	0.565360761493675	0.687143025182218	0.672276160628676	0.687447354223893	0.70034505462647
0.567022308676826	0.566255881199787	0.598807007606872	0.626751021758606	0.626365461688249	0.619226978283562	0.827611380116538
0.546676507726892	0.544578837088432	0.58490995724361	0.609858469853708	0.598669657251387	0.577223748061855	0.770961754149762
0.594262336033015	0.598137069068722	0.630518326922342	0.652015375237544	0.628189017385326	0.65373258422966	0.883658001277317
0.644028689331398	0.640168263786399	0.567244767930936	0.617128776196949	0.603679845650673	0.60239106712175	0.710871162720011
0.601521941089008	0.624897697935087	0.635747867114215	0.674508938667713	0.647302658057071	0.672943126700815	0.922658917154461
0.538048788643041	0.539463202104049	0.562831079789745	0.566387091890066	0.552731361226169	0.567212337535649	0.716606906142816
0.774495093435216	0.811835200202846	0.632023549279107	0.741582132334909	0.721369070700326	0.710778076941205	0.913636137842194
0.751076757867845	0.772817945374183	0.620873878986188	0.701611810248565	0.673804248161149	0.657875504793415	0.834253790384747
0.768867017420785	0.769142514962259	0.559903960528024	0.664384253044759	0.652455518209402	0.642090120553169	0.691713654467085
0.621758242389533	0.632338877797778	0.604258136634346	0.650070061685685	0.632162706982444	0.627747807899891	0.832599529774846
0.531259891732294	0.529578323654222	0.563138905254503	0.583728464790595	0.572648890157261	0.581259720145718	0.72844963759733
0.521818967993324	0.520117057569424	0.548678029238371	0.557256754913027	0.573160930937439	0.561768201546539	0.70404601300048
0.639122631391852	0.649786865755005	0.632938084107488	0.682336723609289	0.654135195406238	0.639904809376167	0.868545200555604
0.506393202467481	0.496081665576606	0.531872746523732	0.56178917126434	0.543675623118778	0.542079355876564	0.684282546559186
0.764600516282757	0.756486769145713	0.58305155394109	0.672243379407868	0.667919262819523	0.672383465853779	0.758227723209973
0.571859358971835	0.557820359988089	0.605735368249089	0.638687731160384	0.634508908866983	0.627454096421993	0.848825085847807
0.612174751253092	0.630372475606583	0.593569624349406	0.632608389996779	0.607041264875906	0.605738818598295	0.781168451010244
0.60527870162431	0.588941970903493	0.614999968120621	0.66341882599234	0.633983575038463	0.640186463388095	0.870111738775162
0.660118745572257	0.653738867027295	0.572248348509068	0.606860911809196	0.61370221739389	0.583988009387658	0.705504268068925
0.663015543214645	0.692536476938499	0.60406993285012	0.673499050245114	0.655916535891046	0.656459054773922	0.803463821854757
0.753363932416416	0.745817249982728	0.573747125345786	0.67181894005238	0.647659274322356	0.654612126863102	0.715303732002269
0.811260473162247	0.802352582685781	0.652127327015496	0.742422175837957	0.73439627677481	0.712559731763859	0.939240969459573
0.569275827031771	0.578577019594565	0.621516140110506	0.64708710979428	0.622859197562642	0.608928822074205	0.854456939658117
0.745889812615724	0.777160820485655	0.641542945913776	0.739684224359808	0.68823495394509	0.707133860609989	0.897245534707073
0.576355223953005	0.582760783237659	0.59957237461821	0.627240685726563	0.601576555816223	0.599861826106323	0.811366082119999
0.85918311976088	0.843640080406353	0.653740747775474	0.775055068976163	0.737859984019003	0.742978068852324	0.893000996063153
0.606963106987345	0.582258575360666	0.632590045492316	0.650141876960306	0.633960770222602	0.646612078394009	0.872909742719037
0.593134870910562	0.610220782862347	0.630173960764989	0.623987998585567	0.629684586619486	0.641574547502005	0.872424775981708
0.634768028104447	0.622460059709306	0.594423788621095	0.63155755145001	0.64805284844238	0.623633769805137	0.794036683590121
0.563519224326542	0.567298083493236	0.599516616840092	0.62504378029518	0.60732232165547	0.601736322607739	0.805462751499839
0.872185957628414	0.868509527925532	0.626848282687398	0.766534552429153	0.719244615292759	0.748117411294291	0.876971423341486
0.727302325856028	0.718023075545378	0.646003295377789	0.704278740817877	0.680931461029982	0.687452736196025	0.913487074900357
1.12515265381204	1.13249912016266	0.683817900572144	0.973571379008338	0.903252777698673	0.914435577217167	1.03206572439107
0.572037688775245	0.595998515314311	0.625089053819189	0.645328068461794	0.634819701699304	0.631515643793706	0.870335641023807
0.638832082167517	0.636117331740358	0.606204616504293	0.674293935746169	0.625770596928978	0.631215777532488	0.815453046622472
0.602376975161591	0.624465928764422	0.637851558120496	0.679912420187659	0.657582759735229	0.670155283712968	0.938947978059092
0.681487473636559	0.68761463954035	0.62627531322706	0.672797060683897	0.66954734840479	0.682658435637037	0.889816007152248
0.781353663388567	0.760285884963135	0.630163848030042	0.725925196006034	0.677874938013999	0.705802250239357	0.890730119414034
0.619257425017832	0.607783542442556	0.614334564452769	0.645863981577877	0.627656405139777	0.626823832684421	0.847049213531356
0.693589615649606	0.651633257841619	0.623857686542139	0.692295881342402	0.66383694494724	0.659072821207387	0.876802236831561
0.876417061316214	0.875373502429022	0.633146525874925	0.764904238376003	0.725276945119091	0.754202592288941	0.941014091298937
0.530189682660784	0.558930601251908	0.603074340185896	0.631459844837697	0.631236306829807	0.595204691422405	0.809906931181291
0.554421498526608	0.558274006886994	0.599841105700512	0.610245365790484	0.617578434349447	0.597758691137186	0.805662513692111
0.792673007779405	0.817910660075688	0.59715968160751	0.722014003655689	0.688440999706365	0.708715873223444	0.785253143200476
0.592181213866575	0.607934553243424	0.618946489398658	0.654818779560475	0.628175053360381	0.648509333007675	0.875752852709661
0.785312004032559	0.768367174581006	0.671799109159406	0.746591106708502	0.704570779322959	0.707914594546458	0.98354459429431
0.761759395030175	0.786908134622068	0.564496782049332	0.680673849641272	0.660718487888217	0.651215409653178	0.702073869371886
0.622275937306222	0.651373035745679	0.618642725411085	0.667239428080689	0.632731740116089	0.626291578229198	0.822494161002203
0.550392946341646	0.544568063191666	0.585731599264018	0.598636960407259	0.601078434159008	0.585193497012633	0.761171314192558
0.831830392693702	0.822928291173415	0.589360124313355	0.739935485376456	0.697805549082039	0.725181181439861	0.794459499264678
0.771683084830353	0.75635270032684	0.571578955215706	0.677574281027389	0.665092262535114	0.675369226557677	0.704417569845754
0.87689399404164	0.860048123555275	0.594233133893573	0.731326970882597	0.730565987203019	0.719943117801833	0.762190357699442
0.669433962495025	0.65847687613913	0.591139108223001	0.652598504805445	0.64640985985708	0.632635128201297	0.784350640530935
0.789478703461683	0.787860234100705	0.614683139094852	0.745008815227381	0.700240117615393	0.719649791003839	0.844105336062279
0.718184840514269	0.713799625119603	0.603330258341433	0.660003883662927	0.645950972074901	0.644031301167965	0.781718276364163
0.867560678595515	0.874018711765075	0.640832415718772	0.771448420937686	0.748075007238229	0.735762286051716	0.875914959820668
0.783846887227073	0.781900193737796	0.625852285111466	0.72595551941393	0.710853328886726	0.705418327912795	0.860006990409473
0.805243803024807	0.808991053597509	0.608810311561799	0.732746390829982	0.699700863981157	0.697703450229288	0.838713399190288
0.884854078258727	0.891946790263315	0.614976729284849	0.763609496088542	0.750616732634774	0.742611704671033	0.770799201488065
0.589791414769839	0.584193531102313	0.607127730100909	0.636298519282272	0.609053008425685	0.626943187532589	0.823836000387101
0.910699602184901	0.913519705034504	0.612459867719878	0.784017492370365	0.755708793491462	0.769414776900354	0.777202182869803
0.893127997776696	0.885577533229486	0.601300333922352	0.78898344401741	0.775966541275497	0.754865318805529	0.768956606953186
0.623350198162156	0.64003826131307	0.597868506672791	0.649982865030645	0.631382334307928	0.629513348757208	0.809817990807665
0.591585392457931	0.611008376129321	0.611729084181555	0.64639829741738	0.62132413115795	0.630660970784977	0.823683059995223
0.6100188752778	0.586942501744061	0.605250129938879	0.630222656218662	0.623597826669191	0.624610687559381	0.830234816304007
0.878947387872218	0.880834687997218	0.591860769445352	0.772488186454427	0.771437735374487	0.760640717978193	0.741706842980076
0.698213056864608	0.68743171184346	0.605053051551909	0.668577806706217	0.644159248655468	0.657880817182334	0.829973196462855
0.59896418559022	0.58982285289207	0.616119164048416	0.644686557983619	0.61193680848812	0.630456539483935	0.83264453771052
0.831502702342224	0.82985585547062	0.623313065787177	0.742113575801742	0.697894634106026	0.741749405985949	0.876008250496974
0.721102526526945	0.709400737738517	0.662759885667371	0.732729461982061	0.714574844069499	0.7103877614244	1.00517503246225
0.679949329197571	0.666478884625906	0.630809626868277	0.684908997115035	0.690983982884771	0.666553930883105	0.903962781461736
0.678741152803583	0.672983385147142	0.610276933854442	0.668808891720973	0.667182275675136	0.654069420906543	0.862364559710192
0.587788929919356	0.583691674844023	0.595584526266363	0.616211941575312	0.604947235782764	0.605945408504862	0.769070873536343
0.727999118221417	0.753660766154824	0.613268622665808	0.681004131112053	0.646130727810894	0.672085505280233	0.79053396672806
0.605367056933511	0.612842541781697	0.634388033923026	0.660191823377864	0.6326719904147	0.632707210200045	0.870317177977269
0.671830097526028	0.664969286667656	0.583156065929648	0.639098881114161	0.607881408579342	0.623102515386026	0.721344440284632
0.612110277531506	0.602334569409746	0.595290777569268	0.633773058447875	0.635106516930286	0.622044476356152	0.789839743961727
0.884109439975838	0.873983451295717	0.642949296686173	0.787263718506892	0.742041167395328	0.724565282496885	0.906451147121584
0.772610509431909	0.766894860536235	0.569996201290938	0.684967221590387	0.648244283449319	0.663639273458796	0.705926490726041
0.517703273382799	0.534641900816622	0.56461919872662	0.568508296791347	0.557214237211052	0.57472252367961	0.721976429305859
0.58459926804735	0.571012558750789	0.607484940931075	0.632068522359874	0.605435465521453	0.63486627413707	0.833123255187412
0.635016056013746	0.637280532718573	0.648902798735479	0.683080693413463	0.66529224050557	0.691481578494729	0.97016644131087
0.705738709792558	0.710171094667515	0.609848076253162	0.673834511277373	0.641934167954341	0.652882783869559	0.817904124682344
0.791958527403752	0.776169617946884	0.647854060347441	0.746972664082326	0.696301482053527	0.706249225845655	0.90993589264585
0.542989114426947	0.533297256205034	0.553285004041174	0.56657374626797	0.5565932542682	0.566596320530313	0.692656429066748
0.609047942432696	0.599664281002155	0.516165478654214	0.567329596260649	0.549749120338594	0.560052840349887	0.609549927311698
0.541712733346001	0.555077730714225	0.57614803109693	0.577173036147287	0.577235995820669	0.577339062340324	0.747236754719948
0.995524283359629	0.991012554129521	0.628298315790644	0.866273230688997	0.834944727625282	0.830128825992217	0.834766982926626
0.889364611480167	0.87321500148023	0.647863989875204	0.763403927392586	0.742518199098759	0.761358648314802	0.90062969186354
0.835390397402171	0.838864329647978	0.588474646641768	0.741828031069994	0.721291476222045	0.719369512281391	0.761189873003282
0.591972720925276	0.608276571388316	0.622938949088597	0.685528434732588	0.634739828213484	0.63185712053472	0.87612139396321
0.870392725374961	0.863929511965453	0.601483088930841	0.756630091352234	0.727966746966251	0.729514660645319	0.78950313424502
0.77954319311159	0.752963017492498	0.637275843285524	0.733822795954759	0.72258849664011	0.702335433633876	0.901007071759191
0.688858149593398	0.703290871704173	0.609422153405808	0.677618018282579	0.672390509448117	0.662568048405593	0.816530907879971
0.922695486993014	0.90656880148349	0.637828174857746	0.778885082865816	0.74551323595134	0.760398112788267	0.847821985299096
0.780431580337053	0.812611498284256	0.6220736469611	0.719705141539437	0.721275688996684	0.69224568959311	0.833528045431886
0.772925734270762	0.743658601304973	0.638685098035388	0.720203642599912	0.697976978222643	0.702234891736609	0.950794663731041
0.56777714961864	0.577459279153214	0.578356279421109	0.609057514337329	0.588211370352404	0.588124398222128	0.768552863792062
0.540586465069471	0.538557237154821	0.511880575324	0.558683979998483	0.531746237359018	0.528906204764525	0.610993659810463
0.566286383493705	0.546031567723506	0.522882209327224	0.576829121236129	0.544853606463201	0.54944252024923	0.63792389022976
0.60629257231546	0.599426064974579	0.645756765125179	0.670794679693949	0.663619556406613	0.639467066719976	0.92034760142322
0.582515260911784	0.588106708117899	0.592056893394308	0.616885639511503	0.607114585295913	0.593954358380723	0.775318566167226
0.625757372224053	0.61151660142558	0.606835488393179	0.637060047764431	0.616059888620146	0.622085721816015	0.796219899363049
0.562191636979438	0.559738700157245	0.562531407590227	0.60581755322542	0.5846791147722	0.579115381045505	0.729192499420558
0.637029163666479	0.640870422899062	0.638784671523688	0.688867522107787	0.648359506536502	0.658612412222835	0.906557606074453
0.832830336290288	0.815323596014865	0.612890517309612	0.750030973093426	0.708297879941817	0.725272675732712	0.818463667862017
0.562603877299681	0.567413927299827	0.588595432530343	0.626290343245375	0.610471597548923	0.618495480041001	0.823215768935121
0.882478711769736	0.880913573457685	0.63383319799214	0.789721520583826	0.740516672190896	0.731830288270933	0.863909728254635
0.96250259748055	0.949661898051617	0.659229101247806	0.839680344792032	0.791842557523918	0.796521053540374	0.931145021668848
0.607732261717804	0.603375632813186	0.613738787251281	0.656675381733353	0.638598388359295	0.65938473178855	0.894004352923586
0.607395481731607	0.601147156303486	0.610294278610622	0.651961109930395	0.638458842007797	0.637288876419736	0.85778659857419
0.814706078966943	0.814273240478047	0.605713734622182	0.750756691567482	0.694644874979639	0.71320581605259	0.823315107520039
0.884505207075021	0.877317860914208	0.589580213251158	0.770348622903559	0.741675700139238	0.729041624179854	0.779255923318813
0.750756665870576	0.731228754762458	0.610533250040096	0.67078460379715	0.653343610808256	0.673976617879612	0.796734517096711
0.844562697872141	0.860137100345741	0.646759959103987	0.771251485413464	0.731225735083821	0.754502651475362	0.973458750966781
0.568958652318693	0.5482806662357	0.615004288785285	0.614174637787942	0.606725062793758	0.612125823006522	0.812959031023265
0.879740742241798	0.893091392017713	0.632835600686581	0.907289794966409	0.909828287847747	0.93402732073186	0.802255712048398
1.00027407217632	0.973521902834267	0.651731588731386	0.842098303007828	0.808626655293564	0.776031070652474	0.891267507069023
0.545252878311449	0.564710748676217	0.548225538927027	0.590918869504723	0.582676105431611	0.564949394209872	0.707462320573535
0.74515163719122	0.734220277797369	0.592064187053634	0.661299265682654	0.629555302003505	0.63955044261953	0.758152414969006
0.575187658701213	0.562492814973673	0.581458373565739	0.602174122689273	0.591052751341076	0.59771241420504	0.735441547737337
0.876416120130048	0.898492738874843	0.635279727436224	0.775520404086755	0.749689177433458	0.750936344490293	0.893421242164083
0.63451320006369	0.63316270426071	0.569305519389139	0.639871771558743	0.618691245779032	0.60553452349144	0.755772641594514
0.543675850569406	0.548787590282088	0.578522790097305	0.604195145496214	0.581036790595308	0.583630685813656	0.734051715055034
0.688522906167686	0.700706371095417	0.595393719863409	0.668377401577209	0.666171842399158	0.657918906526603	0.817383088731652
0.548034863306627	0.538320037272553	0.584865104153215	0.598869063762666	0.594247304477486	0.590232908984825	0.768430137515905
0.579629714618341	0.580096081470737	0.606534812388755	0.625867658914374	0.633947561246458	0.626975494560325	0.83312214886758
0.842913724992575	0.844186583094096	0.630978738739563	0.726981306082559	0.702155120370518	0.720961214020859	0.864498112023812
0.76674778198672	0.760909762913742	0.592435050904389	0.691386857378121	0.67480431585478	0.671909856404502	0.775758227961689
0.569486924758153	0.566006719651662	0.615439625719438	0.629137069696424	0.59892175765972	0.60804017374383	0.819799852358152
0.647599757949655	0.643673752180868	0.605863794592157	0.659332189624163	0.63967726253874	0.647313379675758	0.827901466288679
0.810415709660316	0.823541481634086	0.603436668310319	0.709683084232712	0.689814195345256	0.700860512264705	0.768429494950903
0.822822005929314	0.82758374047698	0.577999944070264	0.712633452557862	0.697624949801535	0.688189091106883	0.717786574782395
0.485489955960256	0.475909674565613	0.50744557088917	0.512938417233198	0.498830206644706	0.511771678221129	0.600500648172523
0.569022515000657	0.577111797370177	0.574673481492692	0.589704843669754	0.572631811048316	0.584312977357874	0.723651411856744
0.533297478537728	0.532539374730961	0.566824580052985	0.578922529622946	0.589300823007575	0.570850342427916	0.73633177547644
0.562447278298407	0.589453345925499	0.562776816464044	0.578924976613483	0.57695771324625	0.571332668090072	0.724055714556893
0.673086835523348	0.689993126259577	0.620563675681148	0.679811831076266	0.668322637032291	0.665314064801535	0.854389862815831
0.795129276309355	0.801774137672714	0.640343888730564	0.724446943793515	0.705251535533156	0.720676518517383	0.889589144037688
0.626595857843919	0.617286693802668	0.652454375851969	0.672405454134104	0.662284027838423	0.653818218069078	0.913124865587682
0.74260887793275	0.711226000110616	0.598149936600512	0.670149455395288	0.654134281556862	0.649833300512531	0.816288482380839
0.94821775686552	0.93040553058786	0.621505146694857	0.827736470204946	0.788450083489962	0.775131251356295	0.804297153183871
0.848605773288743	0.859495555974701	0.631210819962821	0.784219265112929	0.734193422229754	0.74907384069736	0.938364490445683
0.936658037831648	0.917120012259466	0.641992374382574	0.805324340560424	0.771122788615827	0.783371523097015	0.897357510223425
0.657534933212742	0.635676024585671	0.587528174199009	0.638483562734943	0.638113267877426	0.616690960065202	0.77982629560674
0.910661779767497	0.945428918657576	0.614141206751306	0.793343941688406	0.753868125918272	0.759107130752327	0.775371548407974
0.797665108366078	0.795793625884169	0.598449290194251	0.698392819062556	0.692204862147017	0.683333083027777	0.764096648649791
0.64421688229635	0.643979942252407	0.580799488763695	0.62023432991216	0.6010661731919	0.61524210251637	0.742443047354037
0.607631941889516	0.619773429499861	0.637804003799144	0.659585521275476	0.667055883818818	0.644035935222943	0.924121661058318
0.879169892712048	0.883383924225333	0.615188513043019	0.766875185341324	0.756748621902082	0.733788083052816	0.791101785767093
0.611489606839368	0.606018218761638	0.586672365325047	0.628012413609267	0.632844705299133	0.616647853045297	0.772168229935903
0.610389849296175	0.614183129128292	0.600380048456462	0.62850108974893	0.616129216229116	0.623720701533999	0.784416073841215
0.620591292221119	0.655690121451181	0.654544217761971	0.696245447280996	0.685639774594336	0.67633713861603	0.95126605121093
0.894277723567185	0.889910412588559	0.657122087274798	0.816017164814715	0.764289249030119	0.746746135169408	0.955593451379649
0.952143681565748	0.956695275534473	0.652719858095308	0.813172056769922	0.782996049635653	0.791644339411319	0.895071155643134
0.59123470278812	0.577144918667789	0.621483374258426	0.663336467656051	0.62976174088838	0.642207261935008	0.865087315882752
0.578737100670474	0.567681027240951	0.60394684167212	0.62981721129025	0.630426232381037	0.634228962173087	0.834135794623615
1.05605722261329	1.07836378774605	0.644441279748725	0.982265421807409	0.923264674066184	0.908603462719466	0.877061057957777
0.642308475994656	0.650755038028007	0.661070176186938	0.704970212537603	0.693514438626383	0.686157345423131	0.996284920106107
0.581308988292041	0.59090252739962	0.607395940843484	0.646054100841718	0.622230217790761	0.607429119749181	0.81480497605955
0.746451660611692	0.745285508318514	0.647669643646131	0.707582707980168	0.718267754928639	0.712411478888069	0.892581443309214
0.801607601674317	0.789433871102782	0.5843284106183	0.688533835549136	0.672713944318956	0.700694862772599	0.731379601548404
0.529515972681537	0.530575966549655	0.571962798574123	0.591743426970161	0.587035390024767	0.561667927681482	0.738203960443408
0.580749752570852	0.588782224354687	0.57628729944261	0.61788385187138	0.586637905706435	0.595977295015239	0.730729712550865
0.744497885910133	0.74785398875844	0.585819577186226	0.675114462904533	0.658944213969224	0.669516623700077	0.761508908746536
0.919721804791489	0.912071773689482	0.608424516107035	0.798801302667186	0.750125465015596	0.763568196426427	0.817302977215914
0.587790784493796	0.584509167758556	0.596467490817369	0.633260084264643	0.621657094593812	0.630061918766459	0.839751258461123
0.684608728755974	0.664020694425569	0.66877171339977	0.711677159158631	0.692953240023626	0.685791484401379	0.994349516066266
0.720261486082093	0.719018077862084	0.586222355287345	0.685084228993116	0.655074412533864	0.658679999861232	0.768199411065839
0.801742673215601	0.826562789108193	0.641445264657608	0.747561691229552	0.758609776675914	0.728996699787086	0.906436406536812
0.600262831658227	0.593946960637317	0.555045761100702	0.601379599875056	0.591696240419425	0.582508513919732	0.723988272440621
0.693919596109785	0.709794059085254	0.621963717788228	0.686274535414311	0.662307470578	0.666052187179355	0.877656950456944
0.7359903427925	0.736187564680028	0.630720566139584	0.712129452238394	0.66600645172711	0.685384038335951	0.877591232054254
0.525227963998086	0.532868855331086	0.582819817936915	0.586556704789455	0.557257050327586	0.569254749616177	0.741345780359184
0.578764464009173	0.598637400282026	0.620014119895677	0.652374553885004	0.643970146237814	0.628394964969236	0.875728476276587
0.626104398274036	0.638966230786513	0.550663946834393	0.610599898117984	0.602138227210008	0.61537511975449	0.73251400949337
0.56491003316337	0.569424690336402	0.585101608331709	0.60176554755909	0.606366937488901	0.615808794576435	0.779758821202012
0.572773142751488	0.572156626833125	0.615233753456353	0.660648034228817	0.63799761390663	0.614348667448191	0.858802803251033
1.01406732979583	1.00991048660808	0.638269840455132	0.879436520155987	0.844776095391524	0.841618039665382	0.851884816546799
0.760101411362823	0.754140987293466	0.605521305451953	0.715052431513664	0.679947167388601	0.674758020583737	0.833873466552175
0.648926930458068	0.63699893198383	0.591914694289997	0.652028102118028	0.632743336493887	0.642429335109937	0.790158038596534
0.551032962104955	0.552985247858917	0.599170831980443	0.604626811590635	0.593577793112724	0.613815504924435	0.801896737751804
0.539145884875833	0.537554498057655	0.586908772953637	0.591282460407955	0.592921040502197	0.571865283365482	0.759938529960325
0.712556398446106	0.702807656776494	0.608442716764382	0.673700479236065	0.666879080182537	0.659264193306655	0.846410531264199
0.794157296244097	0.790571742490618	0.56515213980016	0.697427212343948	0.670559829766285	0.674253557646629	0.708337708250347
0.604424072804318	0.590437125787447	0.616426939817213	0.663621363754364	0.638987531368321	0.632395161484511	0.844556063397791
0.6229233893379	0.638991779400799	0.554438656857305	0.611217454340753	0.608800318291558	0.602340526493661	0.70649187218593
0.662395652913286	0.653443895999187	0.603219445710783	0.660018546268074	0.636011434677413	0.653672082357346	0.801709165480933
0.580435128433781	0.579881652401028	0.602677038410387	0.615934008417301	0.598102169202453	0.611755767446929	0.78522961046247
0.564634442090356	0.560840698760454	0.582291560249248	0.602248549222625	0.597440302193196	0.607076126600756	0.768743737814524
0.738987788676005	0.724988462755286	0.629133461639546	0.721811433799881	0.667396479933128	0.700674551453577	0.900543253070335
0.644042243831564	0.633395968924439	0.562441606455466	0.606075399209055	0.587158930559521	0.599523602825071	0.711254231195066
0.730036340232184	0.72512884236929	0.635789421504236	0.721691621305105	0.680673746252278	0.668812497765078	0.906763723052497
0.739549882753549	0.70382708975338	0.564880134070008	0.648967995340041	0.636214465710036	0.631861210769771	0.719127060434028
0.864528090483301	0.868639082646315	0.609076025933341	0.76252261787365	0.735836536951301	0.74093878721468	0.827763370501616
0.938236248042839	0.922430098501047	0.654958847898686	0.795920415125416	0.78631668727899	0.772378418395765	0.925557236617161
0.66612292488465	0.662532145705671	0.538297053749875	0.610169937717998	0.606357372537322	0.597095931926754	0.666630439528539
0.561111426963919	0.550340554095469	0.576611813724283	0.589292008071958	0.581189156459753	0.578857501752856	0.724756159749816
0.856924358308537	0.87688934384646	0.607553226646499	0.747591504916415	0.728678525626285	0.727193974281171	0.812778115257754
0.578529789614688	0.576834477605093	0.562616425499836	0.591289417804019	0.577164354652683	0.577548135065692	0.712241486495017
0.592413869315427	0.598956514764329	0.614725303868573	0.643137867022593	0.634289032347478	0.621200243221458	0.857325008961713
0.594680582637499	0.591856815505752	0.595484821977799	0.627633238558115	0.622707423346293	0.6191244741189	0.799824012609911
0.62330106636596	0.640453259301541	0.579549994940757	0.62395525049972	0.607940378292258	0.605013290452661	0.741005460582213
0.928892203136394	0.936496723222676	0.632516529996774	0.827436703011121	0.766715459588318	0.773505898133026	0.890892055248036
0.609699134545494	0.610345710493852	0.597985195554836	0.636940543405334	0.592049952611533	0.593710867654632	0.784576154808942
0.644617347715871	0.652167516305094	0.593467492070818	0.653305947186521	0.610114601315075	0.629389874337819	0.769191332486343
0.585208145016669	0.593730405017655	0.61894505130796	0.653203834817804	0.632935104777348	0.612539407140635	0.832231541031469
0.585540291584825	0.611140945828948	0.610452183435666	0.644854260621278	0.607918968579769	0.629922282484385	0.844877738531157
0.759593919760308	0.739200824276874	0.623720959749521	0.697313928767362	0.662366226585227	0.699843336239386	0.840381987603331
0.814889374512505	0.810645890136323	0.617640575624534	0.74392043567336	0.721490003768281	0.705740980554518	0.855575722011793
0.97449687820965	0.956620047045779	0.610604136578373	0.833548902099901	0.802238135416369	0.80759526248635	0.816507239704231
0.712537478544901	0.721970260441956	0.61882391533486	0.706829571837606	0.668326227936864	0.669772460405561	0.862412343651759
0.590046337654855	0.598709106273171	0.63232531451979	0.654487689233777	0.640040870734197	0.643173121134128	0.888309793957438
0.70706714759737	0.707972383589302	0.632247369767126	0.682452480731296	0.657133831589457	0.65392771011746	0.860350301925372
0.647939886337042	0.654561973334762	0.571544668855056	0.642633552734163	0.605516049448908	0.627639567854914	0.750097974139103
0.859294458253595	0.837449076505605	0.627434834925638	0.757698722127176	0.712586454922948	0.720692889023445	0.840189788901714
0.681173369540031	0.66435441456382	0.644456269330103	0.715154574501713	0.673637575245691	0.685770081346641	0.924149835916141
0.643595754497899	0.664880833137876	0.630016155707553	0.681622775963979	0.670034615580929	0.663805672278469	0.900659378168655
0.581802846335656	0.600350368956239	0.585059430557727	0.636003575132241	0.623531348426047	0.613067828948324	0.788445059487127
1.08829888253465	1.10830525607886	0.669505904916003	0.940515548384681	0.914394044735312	0.909036357915623	0.945288735704698
0.571570356766511	0.580824758147218	0.592389684624098	0.613869860400881	0.594005893691417	0.587123573104319	0.77036732375221
0.555645452980352	0.562197127870504	0.621224698018125	0.634410520154253	0.610929606455626	0.63079058431975	0.842966366705926
0.724059881567766	0.709061205380148	0.612181689465515	0.687403055866947	0.671724725631328	0.675671981962082	0.855273547640909
0.621143040125465	0.621350367425286	0.650375384446285	0.700808612528447	0.657380005564687	0.678072020509546	0.964476784034869
0.834191118143037	0.855457518061894	0.631981483472399	0.746652993240469	0.713606220013932	0.722488599592321	0.872709474682567
0.74486442919727	0.747872724274927	0.580952855596181	0.685513067624702	0.661042763620287	0.647989661380303	0.759956268714099
0.792948482968673	0.801758525007381	0.555686511637407	0.698270086471845	0.690940641303397	0.67682499634603	0.715840137832782
0.655705960369717	0.630648348362415	0.63305736156016	0.659333631280234	0.671648604991868	0.669078844109709	0.888805805139781
0.589301622885552	0.605350194658547	0.630298355451295	0.660361451182005	0.649319182179504	0.666778808494033	0.88715142656734
0.71207860448602	0.713453925259773	0.604415929431283	0.675570718945128	0.647547694731377	0.644163841009164	0.776694424604428
0.632911833184036	0.59733745829492	0.591383319460248	0.625352137607894	0.611565831354716	0.59466726439238	0.734526175309541
0.528722102974697	0.536706128537754	0.528461165472647	0.566868666412746	0.561837138594506	0.556512330639942	0.685558657391456
0.56618371201712	0.56822730068702	0.598913016512116	0.622428271722405	0.61433208324784	0.631717186342245	0.844023948773857
0.638728889600646	0.64824046448522	0.637847720752747	0.699559688002236	0.666729492033093	0.676158005224281	0.924611127593289
0.693228652292405	0.74359817723221	0.60792319564824	0.690540878347711	0.662902979613268	0.657683939062647	0.818359738074538
0.598318369093362	0.596974776840851	0.586197871595693	0.625620904654369	0.603841397321625	0.624863485056388	0.763997632504111
0.682402396190688	0.651360282435461	0.62060181660408	0.690543639471005	0.663448569014998	0.658695150971806	0.868651505860989
0.739784743448065	0.749875796433895	0.626789761413436	0.69948634675539	0.683265930029649	0.677605805358495	0.830746622587589
0.541123171735846	0.55292531381746	0.589356872760247	0.617264083993921	0.592749089092477	0.574776327927392	0.776667740098107
0.8518489181461	0.86835926868972	0.612079485065824	0.754148679919155	0.72698069914517	0.737978239200867	0.807955625735728
0.654254724931982	0.652448574988448	0.643515434969449	0.706829813886247	0.683216828797654	0.665132975079079	0.980407835604122
0.815159148566685	0.811458614013118	0.578841666931533	0.720045258637815	0.71354773265059	0.702089707675643	0.722583852393424
0.569079317767941	0.56141695657716	0.607170223824375	0.62488326442795	0.594577569810083	0.615626154294944	0.82811316178733
0.94821668994333	0.964305968774617	0.644470339041337	0.831053388553471	0.806766153027116	0.789734749035488	0.850480538596635
1.00025183704296	0.997892386393054	0.638895906705218	0.867706599598371	0.852874452119882	0.841993310847618	0.837621685101071
0.784210941990994	0.777775631806669	0.614890843330265	0.70556517675674	0.692775983653647	0.674739904140225	0.814288418102944
0.506529321499151	0.512002735515042	0.524644380452797	0.54522512216273	0.533391732958601	0.539427688229158	0.656890976270582
0.630346290454329	0.623465178800631	0.57861462372054	0.635547307466238	0.602460983060913	0.62205132847876	0.758492616311207
0.967330167452487	0.991760641509649	0.673856412034414	0.837726012537543	0.821610415765231	0.80308202017763	1.00135613564243
0.614506811136743	0.617301920187881	0.655289916479453	0.669925434119948	0.671701120197419	0.660536457365415	0.941927572515591
0.57807045634588	0.565073416951473	0.595495160192105	0.595431913215147	0.593951107193874	0.580805959284078	0.768519866350485
0.569798183494577	0.595475188656349	0.627562715777502	0.666973951765529	0.645157467930206	0.645253540596047	0.888759782230464
0.799431920737992	0.799730468644627	0.638982422592089	0.721464701057519	0.707540511970637	0.720613798370193	0.890702984564797
0.756807683213476	0.732075524097422	0.609034477479091	0.690130222285202	0.66541348092942	0.671932979978801	0.813185043545715
0.552559053305901	0.560256144371353	0.582096721098307	0.616433108397379	0.589143551646736	0.585231838568645	0.766942539244309
0.569643784818331	0.598363136926483	0.630283140603138	0.6406043698777	0.643330099554773	0.656536322118844	0.883190464517057
0.916777293425746	0.921465797814647	0.627855811727426	0.801639879688713	0.772831043579856	0.774607766678677	0.856653551576802
0.72557489942069	0.717443859710191	0.585788938345563	0.685639412388515	0.652468889011025	0.653668511063497	0.764399084282528
0.753218878692366	0.725162215745335	0.649366994585962	0.740860589791752	0.697794292266324	0.691228829849117	0.922768483807495
0.850945134993237	0.853748335769895	0.626966161663493	0.778445971199616	0.724968752507563	0.721278706989036	0.869197713527861
0.522272105992609	0.511452184549136	0.56880236242903	0.579088250705959	0.570666704748013	0.576811654666897	0.720068765342571
0.610298269442836	0.638172070572642	0.603105877385305	0.641506382364743	0.619990721245835	0.63258150504589	0.804443582657204
0.630707940709451	0.619536267605505	0.623240706459567	0.691783259562782	0.652817277263478	0.644792119249311	0.882669007721807
0.597622656260253	0.580674855494638	0.572033779544629	0.610952898710068	0.60917868343762	0.595657077112255	0.73641001083706
0.855995472979105	0.852241228688342	0.615960202792188	0.764893723263143	0.720143804346036	0.72315512615896	0.825284440689736
0.607624239035564	0.63370814150895	0.665249496327827	0.706126008381453	0.678310980310899	0.692857275154117	0.974737609023226
0.726326723785863	0.726468988490673	0.606298257121596	0.684677070410652	0.654742144734346	0.661757435094056	0.785031701290078
0.535496646430145	0.535354916869262	0.57696023926918	0.592066118719643	0.599917141088269	0.572394544327747	0.763540448403412
0.545850939551288	0.546023197800644	0.588471585709109	0.61306255674125	0.592959303090024	0.598995069034698	0.770536858632065
0.506969110414596	0.525546716333879	0.560297079125734	0.560009865508145	0.563152180063818	0.552587994115426	0.713100675465248
0.669874074752719	0.699117521682729	0.582498810099155	0.631731768467399	0.639677715442049	0.634486328120011	0.737294915683604
0.783811415251046	0.785201479025672	0.582410904130827	0.701775773877464	0.666224098919734	0.672179137018487	0.749511909217684
0.917071173656583	0.929665545858736	0.603478215543751	0.804682526839448	0.796743858526456	0.811530096010934	0.772638510540302
0.602495751414329	0.621584927591084	0.630209650577763	0.672609254055291	0.652306862426965	0.653839106629195	0.896610771180681
0.531153776892504	0.54052831430225	0.575380434989677	0.589543157860885	0.570476743178097	0.57911585002964	0.746930263383768
0.594924289121934	0.580804653963491	0.600694791348772	0.624258799999142	0.606077053412819	0.605238932026088	0.802019201622951
0.544271791179631	0.562842922625909	0.598158044144404	0.609150844245377	0.608570400317857	0.601885630381752	0.80769574100178
0.650080235074569	0.626924246148738	0.625340261699488	0.644029595693215	0.637019030140422	0.642733019385882	0.842479865915593
0.490538378923757	0.485484192683483	0.535160124336232	0.540708710666028	0.5251176657356	0.544451528997367	0.653581310646626
0.852503840441334	0.849399450374501	0.636717742151088	0.756903883570668	0.723780756420077	0.730453219234706	0.859344171902058
0.575618511422342	0.573651683716762	0.594324408457817	0.62058037052015	0.609427638525129	0.622927749355162	0.789875030449452
0.652755301527969	0.672195504257874	0.596232928483574	0.661815625067918	0.63268610666831	0.646800127806758	0.80813665755354
0.589006311130593	0.576152530096097	0.618280879874465	0.655700386183444	0.627179450301264	0.617559016457107	0.826989476521799
0.904385871494312	0.911226361352084	0.60708536612425	0.8003095738363	0.753209608690909	0.771260711373603	0.77534008984047
0.809913807664393	0.811586213079019	0.633740948680698	0.730697865629713	0.729767671475482	0.720471067415377	0.847889114164619
0.582702261228277	0.593375029865374	0.626046767254802	0.645062728153639	0.640692104931343	0.63494823139294	0.87212598795824
0.934773071413155	0.901349519733171	0.624206566480173	0.813609935295018	0.765823170807999	0.767026187385914	0.831277866384223
0.786377139552493	0.795081860978646	0.597658031201512	0.695413377250578	0.698964017694756	0.670467371261085	0.796752875942532
0.732303649826881	0.718260530535226	0.567946548692803	0.649818079081121	0.629959940083101	0.634304745575202	0.756154991760382
1.15250253729236	1.15015435138506	0.691260143910102	1.06618749626869	1.02852144389717	1.05119325247137	0.946958522615837
0.646307916062073	0.6367102343961	0.645094593638996	0.686232123680383	0.655543983013888	0.665419371207754	0.913506162058144
0.908543713306826	0.902503721794432	0.664870677386666	0.812442035312045	0.776510396817481	0.753685132276965	0.985836903354712
0.731911079595295	0.713520097639933	0.595873799654738	0.696838059512782	0.671416876975116	0.650993826149172	0.799281411078041
0.655986912301102	0.656317125048918	0.588089657441219	0.640581675123463	0.605714675882546	0.634007034817247	0.755375638881588
0.567228882104209	0.593750220492145	0.583824266238492	0.626659322915706	0.594565523465655	0.612317508971719	0.7600499030419
0.882737814206584	0.898629133967856	0.61078515542344	0.788174893961411	0.75662845146885	0.744402038641156	0.829760262461099
0.574967465261903	0.58023032468233	0.605524279973896	0.624883334080275	0.619646575518656	0.605178346564087	0.81359676108014
0.665301365848229	0.631864627567635	0.6347556812406	0.702425741067041	0.655818465664763	0.673912807745607	0.882942445712855
0.75192375561165	0.743265600661447	0.636243917314965	0.713535097915978	0.720739078971075	0.689924079620956	0.90677537995676
0.664327802576766	0.654055570800659	0.623646887168265	0.671113220763291	0.66679942878711	0.650368402489679	0.84254376293291
0.811553082701739	0.821806935842053	0.628068101227171	0.747302199016058	0.732048833705009	0.711317309892471	0.904209762349208
0.506025604958357	0.502106062945977	0.550016376427716	0.551587800692375	0.553282915545168	0.553710211742229	0.690626279934577
0.818804555173049	0.829753960965589	0.614197033700753	0.748881739774486	0.711230962298519	0.707223718362761	0.821957470232517
0.750304366598391	0.747018263788863	0.537991501645768	0.661627312310709	0.639694921374593	0.646824418849981	0.629803935330021
0.59049345285626	0.596495933084487	0.570387578855136	0.604837576100285	0.615640732154327	0.602146182196788	0.758474736581495
0.833438246146781	0.83835483521616	0.590998799014771	0.72100277578619	0.708828230907875	0.70522338327433	0.740479085216221
0.911361062805594	0.917633714262542	0.611066238041246	0.785729236633025	0.766765199318956	0.76376715582529	0.828824287874451
0.617038030275527	0.650948710830161	0.603434206159726	0.637765135324966	0.638145713063592	0.628306218166929	0.797688638882428
0.822490052482293	0.833727926571545	0.592738156118069	0.722220420340051	0.69443307207185	0.695164879783391	0.743558360625254
0.691977147634633	0.691917847656881	0.635043699913498	0.72291171472144	0.691654880538524	0.690503489671836	0.934943579825924
0.531735232695969	0.533061041653608	0.565208653390703	0.563703658991783	0.560501171436839	0.565797485155719	0.709825219832626
0.908693785491931	0.893313056967045	0.642820440076774	0.780854655586573	0.752256357270753	0.736384327584901	0.85916203930209
0.511997557397816	0.506403343867738	0.552504843292276	0.559614788434619	0.555504790887094	0.546788066488562	0.694684353243371
0.600226886514929	0.597435864091263	0.596154286785284	0.626313013917814	0.601122468707204	0.628684469228463	0.769302847131955
0.712849317470466	0.724263273570116	0.649426757960525	0.704949322558894	0.698722558573356	0.689555014112538	0.920584851121871
0.944325048873735	0.918551486796586	0.614882934535593	0.791179045060735	0.778235907685824	0.786823778444122	0.81916546603148
0.880580324289255	0.88783500742872	0.599578193643653	0.749221933605584	0.73647276638328	0.729428172697057	0.767124081862313
0.891476081260072	0.92930143611901	0.634957230202219	0.798174779758766	0.777283300364229	0.758029035827399	0.857713390073436
0.659700997929317	0.684109789676252	0.64338737783045	0.672754909893606	0.662952785286012	0.646110803919089	0.866212418392148
0.744156547525514	0.733795399479737	0.635273572248994	0.718695813919802	0.706123533005448	0.675230784786248	0.863427399737635
0.616465539594701	0.610406205605327	0.61922948962123	0.646202521259842	0.618298396126595	0.625491947543105	0.826137403942547
1.09021528179282	1.06420067331011	0.644625007216717	0.951037787692345	0.951895719485967	0.968196243919514	0.88425782951486
0.505623416034272	0.5002205715903	0.549257298735795	0.571526962703736	0.550551059891263	0.549159932634742	0.697340940603173
0.911704136585274	0.910452992076919	0.624203256236591	0.781308613329356	0.746683669360534	0.741891581931818	0.842445934164886
0.571884578853048	0.554935401364189	0.608184982936396	0.637350567784388	0.624301397236818	0.618145793385839	0.846921364992647
0.64019357351118	0.644736621361185	0.618373661569704	0.66316237763814	0.645724667393402	0.658346842350292	0.88364099317105
0.682150717465014	0.696072649547096	0.592191493941507	0.660262682572559	0.640581686699375	0.624600505516117	0.763991486730737
0.531275488045055	0.535726761165161	0.5838577701784	0.585397975220532	0.566649292312994	0.579677381603435	0.742903530839342
0.939217286534314	0.959304111885979	0.620016173847111	0.824559494241065	0.790369246012376	0.761813307214009	0.856036830864292
0.639877434488401	0.613855237513416	0.629902910561124	0.668399268492186	0.652744252799948	0.657481506001769	0.883025887833713
0.618802848945674	0.612914733669102	0.6584408382787	0.668708320801511	0.674025762291439	0.662628555634061	0.959023445290133
0.599797225178362	0.623653821233098	0.621184168955429	0.665567239580575	0.629381481447259	0.654508685560671	0.857315258628942
0.55320569470842	0.535034381710536	0.58570405557263	0.608415940611161	0.57645229789001	0.593581255543067	0.784689631725293
0.753283633415654	0.743589784391004	0.594264086474191	0.684028496435767	0.697934742451623	0.685785002130227	0.794816256442662
0.728282961221616	0.723789995878674	0.608381739662744	0.667922235423694	0.67009443266089	0.678185032206985	0.842631446795645
0.698620079158102	0.683620042468371	0.627049566624942	0.700796802563636	0.664431166678817	0.677729667955001	0.903227831446366
0.930549832663209	0.945540716287022	0.673031874151352	0.847339026536057	0.802170371024213	0.807651681944319	1.04421247059077
0.565297689732897	0.574404183952524	0.592755081945959	0.627768121751647	0.612533981461356	0.611910801988611	0.780872566400865
0.915839506358531	0.902641385917196	0.608790025408721	0.78600863178743	0.772474884703618	0.744764487416843	0.813298208804556
0.602870582363861	0.560730613218095	0.627810630404707	0.662657397226675	0.637337660772796	0.635641027730585	0.883523671557753
0.912889739423195	0.902597673994859	0.664121965244842	0.817676254920288	0.764474551690161	0.774607240465819	0.975944375848257
0.679185414759973	0.678775822157332	0.606259896335688	0.663911460496593	0.642018656667083	0.666235979478981	0.841123549920409
0.5820879674533	0.570782196406126	0.596122383144682	0.620447334614207	0.598183957109157	0.608268353699679	0.795820881655475
0.611705241929809	0.618893173804648	0.629398699622925	0.660196984215722	0.662430505305086	0.653420730494943	0.898126690790843
0.956835597535658	0.957238240689344	0.632658981658873	0.821501132646667	0.792515770648756	0.803867962048712	0.823051033217527
0.740897371978868	0.742630922758719	0.638796296882546	0.710659840243731	0.684290476813461	0.693768901265815	0.903952191348856
0.678721295839763	0.707777186626029	0.639751882147706	0.69894222348799	0.682601485115398	0.657883068324285	0.904535023399646
0.670743275959447	0.678113346158623	0.671649623843098	0.732882716192551	0.715606552811904	0.712841293566146	1.06298124954736
0.556860472602486	0.556920971462316	0.559932067923512	0.583291890746222	0.57212763292216	0.575217495401586	0.725709846539166
0.636946499792457	0.618298444676901	0.657126612919	0.700183508138822	0.667006561940675	0.689053925218653	0.96397884693001
0.65381975190002	0.666670248188738	0.606387816415414	0.667329061374819	0.633539522353504	0.637880805694579	0.82995986283788
0.618263548959023	0.623993341834701	0.608395974564	0.642512037917323	0.653464037257093	0.647931630591202	0.840053670147726
0.876006926360535	0.857285035746815	0.573016458043897	0.768949309690775	0.726803018380855	0.735019854126409	0.728150492977115
0.866090700918819	0.871826355407021	0.637700276011321	0.757671030087125	0.743309436903073	0.773423915894932	0.93203244920897
0.624601428044222	0.609422577154153	0.568462983056808	0.628432509589671	0.604042776595333	0.609049468979821	0.74481738863589
0.613337779770633	0.595990100085947	0.568502845350338	0.597295507747805	0.597793129032366	0.594263105750816	0.720624720906154
0.587583972262771	0.573286237910233	0.611477710797517	0.61692021950743	0.612565948694845	0.614207034414939	0.804296890259687
0.556339766396156	0.571978809119653	0.586992288402092	0.604094263784143	0.608104895526991	0.603218224003554	0.789615116730436
0.98514704724098	0.971362461386273	0.622637777888029	0.838712024963605	0.807445404533558	0.808677598558132	0.857281911694265
0.705112254282432	0.690177313925458	0.578660393402607	0.672809678545403	0.628194478702269	0.643276110261022	0.776740154570203
0.66839029004934	0.664171213922689	0.497435915866419	0.576463212095429	0.571756937824817	0.580355088616988	0.5782212228085
0.57167159602033	0.548531369922487	0.586360054029316	0.592161019576215	0.581355967364048	0.571126455539616	0.731437962461738
0.762462919254164	0.758427522589009	0.684278655648489	0.764757193961116	0.731667488713565	0.72107101182075	1.01982255979471
0.64870599758292	0.65574014414632	0.57658022806039	0.645488998524505	0.608461050229563	0.612141802816979	0.732097609446474
0.514212495269714	0.505758132412704	0.536328532028447	0.55003221454818	0.543906013219112	0.545613837203381	0.676440800819242
0.579477304237656	0.591574176968919	0.617541621693875	0.640554287106999	0.640065606919252	0.618070950361259	0.867650821921097
0.89535152983138	0.926536160237932	0.632013774689459	0.798623212917171	0.775743429377884	0.748570600170576	0.847961656737241
0.711275077932156	0.68624383466358	0.572833101169156	0.642595604382012	0.631677707492764	0.62186174959941	0.734175573344749
0.922990664027085	0.9472456053543	0.641653390788678	0.796731090346709	0.766413014379565	0.773394819273401	0.856666845296429
0.602528035394908	0.593940396788311	0.6318872537197	0.640735514164665	0.623475532869221	0.656997900259074	0.851145550626624
0.55151605954875	0.553450077868549	0.600867016682245	0.605294659422323	0.589538564740261	0.605650408616048	0.804894265760122
0.560218029051093	0.549347050745673	0.595262357866062	0.604518374005315	0.590849638235152	0.591058927138167	0.779324248521768
0.654106789569844	0.64527314379095	0.650986588452286	0.680218436743479	0.664788948064294	0.679827997539076	0.928373000542651
0.512118044485945	0.511985355911436	0.558313975588479	0.559115664582893	0.55804366108069	0.558297897913096	0.69892430551396
0.708126761237909	0.704559390677456	0.627823370017217	0.723254440117602	0.663071211460466	0.674189575432237	0.883618331050676
0.626320787414187	0.615732058861925	0.593513148224902	0.656028360717352	0.635538138946321	0.622627011263696	0.817873505426875
0.88893724713039	0.90133370664768	0.61387322203866	0.771247097134947	0.760236251118525	0.751217141628982	0.804865211818706
0.780767822206065	0.79145114435138	0.618094097959694	0.731448621130114	0.692144707845635	0.685235874822473	0.834726620247323
0.583761064233486	0.591145786766522	0.544020162548208	0.577478300651837	0.5610599541626	0.561328347832711	0.666327559921261
0.979866866726797	0.974883656376118	0.629407368665342	0.901243504009885	0.890480275436421	0.928781344664329	0.819614204605066
0.646190511672994	0.661638958576003	0.63123079300146	0.677160460978405	0.661365692588366	0.668203974395662	0.895209049833979
0.611355480613307	0.613929951597601	0.652196018428377	0.691597596409629	0.684649936809929	0.674685459160348	0.952347073530285
0.663027419038714	0.661870282050844	0.598216483981909	0.667397724336452	0.633264066698874	0.618949561707475	0.795318704038166
0.967677811515269	0.952497280204454	0.633028522820642	0.93328904188207	0.944676966581772	0.934196583945291	0.830820806838249
0.568223579173969	0.58071664855705	0.611096658137592	0.606182441901771	0.611090324788718	0.603357879154612	0.811172891123498
0.613949428607676	0.640402212031946	0.649442458205662	0.684162751328116	0.66826613676557	0.669400859406263	0.948936042051941
0.61127630267103	0.619744596801264	0.600667938812676	0.634912048021389	0.621968861496672	0.625379564591331	0.821688087406697
0.838926042852165	0.818283864161615	0.586000115444687	0.709539181794938	0.688032022424045	0.713925173656118	0.743125554167748
0.573581626798038	0.571478240831012	0.59522579633484	0.619049840078475	0.60165128846814	0.603783355884724	0.786131967514714
0.617917039008468	0.565317760117821	0.62064418929336	0.637696255474484	0.621450988420042	0.627160594747176	0.853568392313645
0.917669107055445	0.937486344327045	0.640753172510979	0.83590339697734	0.76876228214104	0.788666431153069	0.880379954302978
0.542575474482607	0.536231834195315	0.568139400640988	0.593781077075252	0.565358526148402	0.574880595081234	0.72529654648637
0.469785354135112	0.470319166050608	0.488197254976665	0.496436629885862	0.503720140460936	0.494537094334193	0.590416371619476
0.641182158850691	0.624469601341514	0.594069797794584	0.643502313431822	0.630050870786041	0.615475263298147	0.800376024413273
0.601977013494532	0.577536707376544	0.617076611926246	0.645274538835792	0.623618823641476	0.635479802284846	0.858476704448098
0.529638765123352	0.52763867260977	0.565864973358942	0.574906279777166	0.577735950083995	0.569295049153954	0.740202821244787
0.61091948774718	0.598371925522918	0.619966314670496	0.659255574695481	0.621692895149924	0.646646095835624	0.867836692750505
0.575112860854929	0.590192022896872	0.625117503937289	0.660081064554133	0.640816843863246	0.642226323370311	0.891054010084672
0.541656475247979	0.539310020226054	0.541985411105617	0.578446357348821	0.571241659246303	0.580912669832029	0.707338570655754
0.805649801534866	0.765203081957904	0.663406378587903	0.758781018560288	0.740332363493047	0.727923689991403	0.952589910369546
0.538728396418218	0.548253716379882	0.577298086322309	0.583199134815285	0.570577461356424	0.576282556926153	0.708695336267929
0.486169958083031	0.473472479375915	0.508227892730894	0.517615637825593	0.516332190297012	0.509010278295008	0.60989434983397
0.843361367795814	0.853219473719082	0.602906863708843	0.737771355406437	0.720056723290235	0.734257444802778	0.80578073657682
0.650511164753015	0.652543656045244	0.58115462761841	0.63524247717382	0.625088404276792	0.611076606187976	0.741445521870339
0.819363861858368	0.820220126561182	0.636665895346146	0.740499267170645	0.708588521797151	0.727778578322825	0.858287368466232
0.788068132357491	0.783717811807358	0.609685462474659	0.720762775800709	0.68978433639326	0.680518671225675	0.824649727239691
0.591909931723398	0.583186907605654	0.611357053740008	0.656079973140185	0.648529543898433	0.622366355972978	0.880907243063591
0.742561141984263	0.734475526758416	0.573285064651382	0.673866191203415	0.632978681436792	0.627629212870326	0.702455786629728
0.555768382880266	0.546453695203246	0.590436071980697	0.58975180720821	0.594028197049769	0.590754213189453	0.755211707703198
0.537716519182976	0.529169048533967	0.591649607101652	0.621469852682174	0.598337449612589	0.610281080176942	0.795663008179792
0.713926787775842	0.743163558041524	0.595799005474382	0.682534480590544	0.660323726520471	0.651085419785351	0.796706073801497
0.722919629074719	0.724138895256187	0.574245974050637	0.667486142461534	0.629354036274601	0.649875465278318	0.749420436737245
0.620957045015393	0.625496848228959	0.657590987163305	0.732794665161926	0.695018592493269	0.677333370433587	0.997660144001645
0.777840845864371	0.789810212242505	0.605419416122592	0.70641161773847	0.695856046854165	0.694974085317226	0.817518863098772
0.703537095183513	0.73152494628567	0.66085036196899	0.741497384656269	0.724540907442324	0.705856953110841	1.0317491510497
0.542528964849418	0.545318203810663	0.570767479005905	0.599942035233465	0.580939786688707	0.570754452180698	0.746217504966888
0.518756424992177	0.521742282700535	0.573345856807436	0.580384825301646	0.566989964466149	0.553770198116187	0.720648972082865
0.595044879432214	0.585609110275182	0.62027222181247	0.654720621333288	0.653104678867814	0.638811016270106	0.896634972394697
0.691379619535215	0.709415386638413	0.645271044902087	0.709327217547295	0.699851156097695	0.696309119837406	0.969962468777889
0.6497717704709	0.640365581451554	0.609134906979227	0.667149900235926	0.645185568653207	0.632292144269716	0.806793934125811
0.637169840691751	0.626017013282519	0.597725529851102	0.648165339955069	0.609500852192667	0.605058274701844	0.780279743297356
0.562419252007725	0.581038123809827	0.566717430872652	0.582997475384301	0.577602438731697	0.584800008622284	0.735251525906634
0.621952852440099	0.624742111625022	0.565474517458558	0.617560544790867	0.596651098778952	0.617618763684596	0.736518960623122
0.682624026441328	0.67693743932386	0.573012467369893	0.634660998152682	0.617611158937129	0.608866566146658	0.715299145950353
0.605673873329934	0.604620713145459	0.63540826855729	0.678231408872111	0.651232274835101	0.655043523223732	0.907720586550204
0.566352855246184	0.566000912181353	0.59628653683757	0.612395196721506	0.601603723519096	0.610620806926447	0.801375618392817
0.80242742136603	0.81638875746849	0.635322659071806	0.724360875221256	0.689609398041026	0.707382016633065	0.843281196682202
0.833325866841976	0.83255086670466	0.583653345400261	0.728473574230508	0.704136632862634	0.712387893087514	0.737346653384604
0.848716207210162	0.837384947493659	0.675527299140684	0.787582944375196	0.7425243000768	0.744999495943869	1.02930227448098
0.606567872918904	0.587455810371893	0.599670241684487	0.628864344333277	0.590618915897742	0.611658788289423	0.780899668683787
0.609174518268474	0.625999859194596	0.623683783017363	0.684870407366924	0.658815221596931	0.650701364965823	0.933218725836776
0.583768273827123	0.574459352090464	0.604377040935362	0.635038878686178	0.61921179754811	0.619898871374626	0.840182662796651
0.544925620562352	0.566221525802767	0.558525013076348	0.597825884291977	0.580284856658662	0.564127065976831	0.707802876442693
0.567964886190276	0.592643154113428	0.607897932877359	0.632253694475776	0.638027388696264	0.620044841836214	0.84456086907454
0.542320268619845	0.544177517542375	0.573969813816054	0.585941334586314	0.58531561813155	0.579410716919693	0.752616431710258
0.719976398911566	0.717414978264148	0.598637408126426	0.701699434136058	0.657707507588698	0.670861406398726	0.799656322055389
0.548815078462045	0.566437916802171	0.589213253306291	0.622596297894424	0.607437143814296	0.61986720044687	0.806236772902565
0.858912015305439	0.846874119260818	0.572189131942741	0.751431305589896	0.722875812827353	0.736531541257157	0.715900614712415
0.715097080977968	0.695153361777	0.602341023078997	0.689982626837291	0.645213391048966	0.65222022461624	0.829706581822262
0.77102430337561	0.781081128715578	0.607978805198081	0.709723138280966	0.67856780018983	0.674674615547802	0.799085454310625
0.572017525115169	0.564883436299673	0.615447098674467	0.641551887752933	0.633448783185589	0.656208758903523	0.85745232762155
0.634473394099266	0.641602886841773	0.589854230280473	0.652995827824878	0.640687927438645	0.614915027565593	0.77623334717331
0.874083270105571	0.87559846214827	0.629405309294018	0.783184055083145	0.748377269523094	0.746301041314557	0.832471087015869
0.527229449213426	0.555970643240306	0.574875384839137	0.592553388489906	0.571414075562764	0.58082332114499	0.745241318907189
0.687532908991947	0.720703958657731	0.613933731171205	0.650374888471027	0.634313912946079	0.648452604814719	0.796038931155364
0.602919212514345	0.584138351837591	0.611750039811705	0.651972105122471	0.618893707873354	0.635042400365608	0.850889002113661
0.953454022270374	0.925923809523331	0.622367240147298	0.809935077509899	0.777537494022204	0.777308660632677	0.823804057073739
0.64288243256155	0.636085694712668	0.579931797558911	0.632298853612942	0.609605215783029	0.622827125008034	0.736694401078694
0.808460451278613	0.816159537233891	0.638632707183625	0.773836703922283	0.712341341594681	0.70784068657259	0.88958425351023
0.642083593532473	0.624389745130528	0.679176438112328	0.711141778743999	0.673562944038677	0.6804191689144	0.992829004120684
0.534117103910215	0.541353460614662	0.584003684101402	0.613577170911591	0.605293678729584	0.586638876468105	0.780798382879634
0.574889597711853	0.578416807749915	0.640087823100214	0.662275229934517	0.644446478164643	0.642846890688085	0.889934833605435
0.96698856868553	0.978169309629214	0.616440255564439	0.830547723403925	0.792680812703584	0.821954411093665	0.817996529995683
0.557344284379536	0.554666496399811	0.592050263245027	0.610006035073933	0.602238073417434	0.609290240663392	0.790611828010877
0.582023435272951	0.551865035948491	0.595158786022091	0.607488556702432	0.582464807072854	0.598017187011585	0.795897432344291
0.783439592292929	0.790689107773327	0.56165461127698	0.686793599075597	0.666845726138657	0.665133410614413	0.721433043192241
0.560905537253709	0.575009776744488	0.600070997477183	0.636549760379198	0.619441706242186	0.612161760986443	0.824892793164388
0.824412542191181	0.813773048619727	0.640651026666329	0.75657240654489	0.729319513161482	0.710560227755178	0.87693455593641
0.574758628954939	0.579396863505324	0.624481947607429	0.646510845474527	0.640171755525632	0.624770949889356	0.851255999535002
0.567677022427139	0.571664125143101	0.539129721016976	0.585003796561684	0.561304235195066	0.562555418178808	0.686944708539141
0.531418035041047	0.544701439161811	0.592336573952946	0.611101085598359	0.608022617877054	0.593611932761243	0.780792110733599
0.602949371268256	0.610275227703466	0.62746829083659	0.651327293764467	0.649362771519581	0.645934245068304	0.888323171050752
0.662565353012391	0.666922591384183	0.636496259871033	0.693615371951881	0.668414931420241	0.677655083053526	0.928835717808249
0.806171197779605	0.820868735616003	0.677933338939308	0.774501865688814	0.719549612848279	0.757287129911857	0.995815420065435
0.561589583351569	0.578533487124636	0.57689954708461	0.620677854854589	0.588774630761418	0.604328844539086	0.764913140796083
0.8416922887844	0.846035323967766	0.605683017187128	0.737238339354798	0.701672586710012	0.722309935296764	0.808664733545866
0.522078824144429	0.514508730839062	0.576539546480812	0.571144993187143	0.552396522486393	0.539679689684572	0.714500703646553
0.741388450576303	0.712001702280202	0.626416580057666	0.684687946288834	0.653200506504194	0.660865293718645	0.835181502198517
0.609134932440767	0.595166288359981	0.611783936195936	0.657961162385632	0.617869855488533	0.620544999540965	0.841211616997124
0.939927775098487	0.937931761127498	0.648625304767472	0.80220537124923	0.770090412300506	0.779477879761787	0.842943956316086
0.677240556076196	0.681118075967181	0.537386432152321	0.593612855529713	0.587792656813919	0.586346822323184	0.639272476976625
0.597448278005799	0.598349558027403	0.591926918751281	0.615299138116434	0.616628002716325	0.625300019083172	0.805534325795617
0.586246817856477	0.592643949823445	0.622863625961745	0.657053775794777	0.630647568262101	0.638504974648579	0.860065220362188
0.870729765129287	0.875971751885001	0.625454209847955	0.758969911357317	0.749912855817039	0.747438540703462	0.835455159012217
0.611392390630751	0.605034210152125	0.646467331478895	0.677760371435137	0.639923603378249	0.644174260798292	0.912815720055193
0.641053347123397	0.647037758776983	0.614917083903371	0.669076308996511	0.653713365982867	0.658510411456255	0.8751150761548
0.904459419313224	0.919464537978778	0.619649066443262	0.800992170575797	0.756724934186802	0.746712849914325	0.826461708770227
0.551931355477159	0.562020524014195	0.551713970789855	0.56776233083854	0.571393354178072	0.563553007395021	0.720218535078375
0.74836587596568	0.749011699281608	0.581162054311073	0.68096360456446	0.663408244159572	0.659993480695053	0.742802049787165
0.774096080151285	0.768792438496609	0.625077170766611	0.716018689921205	0.698011161418965	0.696567056251148	0.859767914051282
0.749608937277267	0.742815085770738	0.610949933534392	0.695393314041341	0.668960135421251	0.674181579601505	0.831130131792659
0.648593218589652	0.662263012774002	0.5565951857948	0.615108598775898	0.606187451349215	0.593280538718374	0.705428866828996
0.735880463571494	0.723847114830885	0.600119915825475	0.696671025035856	0.679110162687058	0.664833236300994	0.805628988326633
0.71508450121571	0.700293342024013	0.616363831087009	0.700462152227272	0.657780020539602	0.661735505453724	0.841083247709815
0.669704003875196	0.693740983212201	0.612115111134674	0.66150344098606	0.65324729290617	0.642910545493772	0.815830785163578
0.593179218098089	0.587481151136528	0.58969014285289	0.614913904154518	0.605990075143899	0.593558286619981	0.751985781636119
0.620580508474923	0.607538718895431	0.664324682362701	0.682202839131755	0.664360843117821	0.675190506011131	0.955024726499148
0.812466840620646	0.854132606175282	0.581757554552338	0.709184942247446	0.714726530088717	0.704994973450304	0.741892816923014
0.628779108507579	0.599510620151188	0.64449866262289	0.665058694631862	0.642791162781685	0.66461654320415	0.920767405649143
0.695796338014246	0.717902934377533	0.583878713536488	0.668711103823016	0.644441400038824	0.639401089506265	0.788057567699357
0.563546493058925	0.573704025211846	0.583784573338356	0.611637304747067	0.597055655252073	0.594548872219022	0.762303202194474
0.922518685598045	0.918018581678846	0.595457910680378	0.802596145295308	0.789272122947286	0.765904258603878	0.779860964357502
0.532006927273093	0.559150545695524	0.569928662114118	0.593934840799053	0.58558348378135	0.58244653224931	0.753869668940463
0.765615039777011	0.720095247613247	0.63599744807789	0.738983807686824	0.690297667971277	0.727291386393204	0.93629618229967
0.606059745991219	0.593462305856911	0.600905095669571	0.632185837101296	0.614274284054251	0.620233817910736	0.796378530728253
0.555165354157217	0.541052132194011	0.550537118428364	0.577059254588514	0.585614543375198	0.569953248081978	0.705284408951814
0.657995542640892	0.653125656914155	0.62380418984363	0.690808571786226	0.646405842656269	0.647765217664376	0.868271070465257
0.581885632610079	0.599303347385074	0.604926495594346	0.632230705593483	0.626340198917991	0.611736333976559	0.824156938487634
1.05642950858856	1.0333278115877	0.65108044527027	0.95430811867084	0.90184683687948	0.918831726772989	0.860655051215469
0.754422472617743	0.762220973319911	0.61893478153866	0.694259078957209	0.681641357856263	0.68813180958359	0.847366962334498
0.548359216301702	0.532294273247113	0.556458520756085	0.597560355758904	0.57335104099217	0.577098403017146	0.721029185614134
0.613454024496825	0.605463747415083	0.647349746380642	0.686923480187874	0.648306434530309	0.651900056487212	0.937444590498094
0.742242378789079	0.744207782576244	0.647478344776176	0.754371629825133	0.718015586753533	0.723160702684523	0.954540427387996
0.628418114259488	0.621165275896578	0.554712278011614	0.607114541388323	0.601651668423475	0.599079407992592	0.70895385846669
0.661487378892502	0.673558247422213	0.613900943391725	0.660457063609645	0.65325212049457	0.652787226159433	0.840732444390577
0.660115470933474	0.678009959581482	0.632378053345369	0.684660326760193	0.656669896020766	0.676926410993134	0.900773699344544
0.6823949462957	0.709111220137775	0.615768177344881	0.676820881114318	0.656377631491549	0.650097469614618	0.806472774712422
0.645035836680686	0.647978365044949	0.651927135040121	0.699097061054736	0.677432074491052	0.689410767011327	0.99233547005049
0.865210935103898	0.868949527713963	0.625054948387082	0.763591740433575	0.725745028433437	0.734006628227363	0.87115008104473
0.849495129613189	0.863220130338562	0.688566987053986	0.778703773713378	0.768529929116376	0.758248372406053	1.01317700961142
0.833723523997263	0.832820862622434	0.634009184448571	0.759832047202987	0.711276598671916	0.718843523556916	0.876734868775619
0.615062837455099	0.614383100364106	0.588819494381533	0.646037285391121	0.624445915167132	0.624429200002967	0.782537603472673
0.667546794144041	0.658130670121791	0.653769485510598	0.708564392315359	0.678903753891734	0.686746873119282	0.955604101978766
0.704259811245733	0.719447158490073	0.591333019104929	0.675695315670589	0.657804993833217	0.657072752461397	0.795358962909981
0.703887727602828	0.706480252924769	0.603767478609071	0.677735354804651	0.640526444745671	0.655727550396351	0.79038245650416
0.627000888633473	0.628293250582472	0.662767782970376	0.696691170749251	0.688522458041475	0.715245710477758	0.992590278641185
0.576633886117138	0.587301060611841	0.617945648977195	0.642994139497335	0.655521422935233	0.628914689756019	0.87324512815034
0.585583854771671	0.588027865399052	0.573233057858087	0.596314037148974	0.588106020639463	0.595207728517475	0.723769938807046
0.670387732821918	0.701445864328955	0.674037044167445	0.720376073586517	0.712263223435859	0.704932853357285	1.01805155239479
0.768890736536684	0.764168422757396	0.531105388420935	0.666052596191857	0.65096215975842	0.651611278616821	0.645255891911751
0.638398253108531	0.64076900471526	0.627065037638435	0.688427276585671	0.675924981391387	0.659793211153722	0.891516215341226
0.662420008186442	0.655509415906245	0.606923150546556	0.679642998129034	0.668594627610736	0.659982622815676	0.891602192621361
0.541847839792328	0.549660241862231	0.595491804570935	0.609585121495393	0.615073282695498	0.605421674773473	0.802390376210274
0.844395186522157	0.849186798822446	0.608722586877571	0.747222089356119	0.733701133023916	0.745542966868246	0.811947744808052
0.96634053046207	1.00884415217369	0.632772400065597	0.852512108905645	0.810117314469342	0.824082591755973	0.829090707114426
0.570825324015823	0.604820954445311	0.634319204453542	0.679996619129183	0.625064759083825	0.63249332056277	0.873349322770314
0.754968358231555	0.768289437626976	0.605923742746481	0.699953800466592	0.687647954746879	0.672183521251108	0.808720359520587
0.546458695632837	0.563129086166048	0.586135813962805	0.601601885365201	0.603766605553147	0.586100620275424	0.775585122610577
0.978562618921399	0.986284854712625	0.625242035445938	0.839876122251034	0.834057341269454	0.812179790370844	0.842001161783731
0.837637990634956	0.851834225267755	0.643705037209248	0.760615905377086	0.711158193599638	0.731401417584767	0.883701394083263
0.799617127947397	0.816759304020852	0.638674876076277	0.723604047999083	0.723326198001316	0.714382336321567	0.874828726030534
0.877717617186924	0.904410698474266	0.649190400767932	0.8011522632435	0.754610854906731	0.745806962371257	0.897346517120854
0.733264953307489	0.746469872974427	0.619513828812891	0.704057278013176	0.665668538131266	0.657945429044178	0.827945946525654
0.933266459844642	0.950668756133033	0.623118500962808	0.826265788672135	0.766179975799082	0.779798543748217	0.863780778710544
0.704356265055053	0.681428189360431	0.605749250364738	0.675460289563549	0.660160191564898	0.654776628404103	0.836996424172192
0.737141029147902	0.732132785603432	0.586368488054312	0.661513929846818	0.640192593309982	0.652368102036232	0.762544084315459
0.613123397122435	0.600207265648113	0.628896371502222	0.649415682810853	0.651690968228593	0.634352568910409	0.896618721329234
0.731419894245163	0.762627281008671	0.60394405578022	0.680852356775629	0.676999732819418	0.662083397192255	0.785696926460516
0.601095588704969	0.59055613142008	0.562595805213616	0.599092505400542	0.580386906965065	0.581702940652444	0.678945703430801
0.788762147879069	0.7991992431013	0.616866762706575	0.719346390155486	0.703246371832473	0.697824898509646	0.810155178152208
0.858023508716358	0.869157022888303	0.608881661921714	0.759310565454782	0.732383978408245	0.727244195373881	0.825786781544881
0.94996376902524	0.956374353886011	0.619521679310693	0.819612266120765	0.795473163082477	0.799361804729147	0.80413595793553
0.534751396848739	0.533664979299804	0.571391503903047	0.582142665399642	0.577112824705855	0.58708306872525	0.761472021390309
0.664883049800804	0.631784783785817	0.619257329475983	0.686548601278511	0.655383854707884	0.667929013152102	0.881868630410086
0.648864368076882	0.628411342714959	0.62600515812119	0.669427070040334	0.657133762974701	0.673508925537066	0.929125580928162
0.58880396068276	0.615006548944056	0.622588676896842	0.640307873534285	0.628883395134269	0.640420584663029	0.863564409592544
0.546685778496971	0.569801279113081	0.608156007716672	0.622596008210639	0.627181463266201	0.603521727570797	0.826108885894823
0.666537998330914	0.667661767077393	0.647348048881736	0.681517404749297	0.678701509789128	0.667029845224266	0.965312140975861
0.56952320078966	0.595634187196922	0.597083551093564	0.630169116483029	0.605295664806067	0.617133371768911	0.79981553197838
0.816337410961516	0.821751879951869	0.621100857524122	0.753927487171817	0.707076124708641	0.696226858723794	0.820523236698916
0.739185980053715	0.764040193723288	0.623207477079317	0.726163106553392	0.70931494934686	0.703967205799281	0.885382248780774
0.581558656075896	0.606525594929911	0.628355360621894	0.650934502928438	0.650204522707254	0.661396028219385	0.886777682433707
0.639164170498137	0.659710023461315	0.597118299744504	0.634077003685441	0.624936783732147	0.645866120815956	0.796639572768917
0.558337330855804	0.574236401161091	0.621184903189227	0.626947435030177	0.630955307178236	0.613378070578871	0.821886742537765
0.587313821340541	0.574344881285659	0.596897363696099	0.613479572990498	0.604912922404867	0.59709097746301	0.790374714656392
0.82770405917794	0.841654722624531	0.617843046491777	0.753703799877508	0.70665198241336	0.741876812245343	0.815177335965837
0.615524450838699	0.6347933767029	0.64517670723013	0.677922018540916	0.658052703054593	0.653403170073082	0.90440794774645
0.716895489359958	0.735231709318377	0.581090503407475	0.654326802697311	0.6536341418063	0.639614368037693	0.744296317915691
0.519511226458233	0.540937289773534	0.55259622003145	0.568971461146983	0.569530781121069	0.571662265510224	0.712824110465709
0.612932889403009	0.611987663766406	0.635943590392163	0.682899119050469	0.667760582368532	0.666230440015126	0.942775773185181
0.66625657159048	0.628588073538558	0.602314600898214	0.651160153999277	0.634639962454319	0.62539680492888	0.793441817252574
0.733848509424596	0.729525220180471	0.6413364233564	0.71874632743983	0.701834521637559	0.67480966610352	0.91446227958107
0.68101425619505	0.703738069758421	0.581606685104853	0.638822783428168	0.633078320898361	0.625357873187011	0.742035056395969
0.733275540148834	0.70623606606865	0.55390483845216	0.645473778256337	0.625658834717061	0.615566372528241	0.682622824747154
0.796122010586097	0.805920538093322	0.608445650980037	0.720289502339167	0.678477224987715	0.682872030163243	0.771310155034776
0.648812334825346	0.637410156282303	0.652005900480068	0.696296003096994	0.671522897048489	0.650088191217186	0.927643329292271
0.500618543220915	0.492333903846885	0.523329225788721	0.531930251806077	0.525707694582837	0.532047207611115	0.644911548862058
0.70404317669866	0.67239644790681	0.619383565199811	0.691024631387325	0.658659816094629	0.649357216963859	0.835327629951998
0.688552619187939	0.679642849993014	0.60671903494623	0.663711737082122	0.664508288621583	0.644462927201274	0.805751041388759
0.811354528450347	0.815338430213425	0.594784615503433	0.718816430360283	0.702540323413613	0.689517684942699	0.771219515920106
0.815215942368665	0.814469168982541	0.614769251826903	0.720900856531993	0.735054974908121	0.702827107032143	0.812958464047661
0.750980573298235	0.774805387765145	0.55798021594051	0.670337584082162	0.655610358298628	0.632818553346307	0.683378110102976
0.678662140065969	0.691237851762056	0.59016329983826	0.670651800309786	0.627171556228027	0.637518639905382	0.77811857292025
0.699049709918616	0.683913769874364	0.618175690772748	0.668751708749966	0.658193581091928	0.650610658755598	0.839969183360225
1.06521266875203	1.05844216617364	0.639386735243862	0.906721807940291	0.873213394350719	0.875289699310347	0.889700607473195
0.797969592580676	0.809189855257646	0.614724015021889	0.714252078195927	0.717396108210181	0.704502529600748	0.848662868425503
0.615449896760117	0.634938018643969	0.561401003883935	0.623780857667147	0.618256394956628	0.603097137963811	0.744606384098149
0.678987973935353	0.689039189772322	0.560251265365278	0.638911078412542	0.608286835936284	0.606719236521425	0.691322360756786
0.718527608466096	0.704509466385526	0.596006211304226	0.672929593618617	0.657967024092308	0.656758971280565	0.765060891687572
0.912428450736636	0.912580632695725	0.640247136689672	0.791929258284125	0.773498611744358	0.770644856245224	0.8588324641422
0.571352069944942	0.574120494903087	0.613974617127553	0.624034173926995	0.605089709885639	0.630157521497691	0.817289506166764
0.664184474215423	0.664353293881666	0.576017372783514	0.640377498308865	0.629962695337806	0.63137009413813	0.751592555844158
0.945557718512532	0.912863986641953	0.619451111590345	0.791885997604707	0.755946454396657	0.757213487951727	0.861982001871167
0.592301993391358	0.582544010984691	0.606739409914655	0.644240759325921	0.626930138334421	0.618900665821966	0.844981170491939
0.636508593480291	0.628248561632082	0.638264687431593	0.659456816810558	0.634714638501825	0.645551637092809	0.861812778494236
0.577975250752353	0.57262464584927	0.582774600043851	0.615198885842307	0.607320295192996	0.598580370630359	0.765372936638211
0.956581196569711	0.958090193880618	0.617479044214379	0.825600096352298	0.804387768926803	0.80222942645736	0.814162966996875
0.813494371680805	0.834724042122473	0.585284930927494	0.707071060658334	0.694678922050585	0.684312854781338	0.734689995840216
0.710969204814976	0.72490889142844	0.628693979042302	0.695333982684951	0.671225883726464	0.672098879617405	0.841454684121456
0.596330574899425	0.585801390203812	0.63193486427111	0.65960252483792	0.646396715478035	0.642114108220754	0.905972124755245
0.54557557952389	0.535106454096965	0.55572353715063	0.574992146995675	0.555759161225673	0.567260912687623	0.699355790625456
0.766939807005079	0.73008814868794	0.622941516617163	0.730172933696209	0.684476219940979	0.6624301494536	0.847632884299351
0.578108639300193	0.586228715622329	0.59876273044869	0.636488426867238	0.611663902543523	0.622537977478578	0.833176501674322
0.576061935225417	0.580490654157495	0.605525457675783	0.631510884638926	0.609743966159285	0.615818308618176	0.816747731286688
0.690844839749845	0.691101461703947	0.604264916021886	0.671674575424961	0.638171177974438	0.656054365518795	0.815748907417552
0.624175680810259	0.609533048917065	0.58148746570397	0.625619874978871	0.602118239388009	0.604367205848356	0.751200517994048
0.576496792193879	0.592058188186172	0.553343149767244	0.598631634709943	0.574897475972904	0.56975578884889	0.686375986409439
0.878520876892001	0.869719582670138	0.587749665984238	0.756847024139834	0.755850260239599	0.734038503877219	0.786230707840475
0.808696108413977	0.794827937663342	0.547000300859644	0.680688351998813	0.690688310819007	0.685312775579683	0.668801275382826
0.650554938420865	0.632825540381285	0.655415001299877	0.699515687675432	0.689560394669781	0.666908432672401	0.972322223734562
0.624397499008885	0.633681433328334	0.660925165007319	0.674264507520733	0.663764536167949	0.676713441295582	0.953373940824945
0.564379848409098	0.573553785593087	0.593856336761739	0.631205647598015	0.619305013390139	0.612134379176142	0.837594207230075
0.646090201175332	0.628716829732199	0.59015193062013	0.654073328062455	0.617493159546674	0.629642944404895	0.805140255815026
0.676610401804476	0.656130042258279	0.651171836206081	0.685747678424987	0.678054036565393	0.699540242392252	0.938220878478641
0.54577982285693	0.551919223746326	0.58385698348636	0.594245754363526	0.575745431385051	0.574481982724267	0.748270616132519
0.774794995635163	0.788357454796371	0.617040157082387	0.732867670402131	0.710219765109549	0.694585066274987	0.884981117977534
0.647246956108723	0.624904654948291	0.570050379197307	0.641430997567329	0.623952884453905	0.611427320822457	0.753568867066671
0.868100134294283	0.87924395646056	0.621652870112008	0.760568583073198	0.723888661028004	0.746615733682515	0.837076123065204
0.767777717581093	0.765714094526625	0.627767171725644	0.711973440313226	0.697088802641297	0.697942753032309	0.860573587129292
0.546280644840394	0.543501424950987	0.559572339463426	0.603805100486986	0.578306379986855	0.584840418420133	0.75551237108982
0.755203117747364	0.766259190709083	0.568032976298007	0.672076520026321	0.670179781689545	0.657621138197482	0.722980989509922
0.644787684703789	0.628555993728778	0.640356166107402	0.68221563796168	0.651922220424089	0.67719886553301	0.900420298640109
0.974034288375721	0.936605517594216	0.66417865637097	0.818864381747027	0.7845970596487	0.804798130967072	0.972356249994168
0.591050001777822	0.571584707902754	0.622308307080866	0.645774781420402	0.637300277454659	0.618434816906261	0.816433676940714
0.755661029299219	0.740255309994926	0.605679950293836	0.696147935382528	0.676656167893105	0.667659880872938	0.782609398953875
0.564408233572699	0.547414311573452	0.599979055909072	0.619762463683655	0.612391161765604	0.613048365879504	0.804608653807916
0.877895633470706	0.883802640765593	0.588395788623882	0.764953249341826	0.741591890111964	0.759901993840663	0.76558902557409
0.659444140715033	0.642924137981895	0.612535314145736	0.699040366790031	0.662929703792367	0.673970696790201	0.887207547567072
0.686428535378506	0.685963525819841	0.636776744203613	0.686559679323723	0.660838725454862	0.664112139083727	0.85896972690911
0.880577806540868	0.859784769461244	0.671099628268456	0.778490806151262	0.740204013813279	0.759963604588065	1.01016345499379
0.72080862471788	0.71540401483415	0.657986655766519	0.714153157671077	0.721429610264837	0.714826060923845	1.0005147330485
0.706185411465279	0.734616672218695	0.651767182672174	0.728724340415949	0.70273856386752	0.704137772367608	0.958950811605154
0.918605769349884	0.906272793797452	0.64374443306202	0.810308255364826	0.755915943115903	0.749586465179699	0.938106415217758
0.549925218151138	0.551065509282681	0.597831076976438	0.603210501148005	0.595022801570582	0.600843239805518	0.799329754710034
0.67908087225984	0.65799687234283	0.603776073642805	0.685452606265984	0.653455981958705	0.65433108422344	0.832488579813436
0.72247900940174	0.734408546207828	0.654069536561967	0.710098377289961	0.68362233433748	0.679488515273452	0.919713656044688
0.791146974994716	0.797511956343337	0.705661887379048	0.76198519097075	0.759543997885352	0.749339817818328	1.10770264642563
0.634230329731483	0.640477808386088	0.600155006956938	0.650489597638904	0.636384239576891	0.624001519498851	0.803606103138313
0.536901862416155	0.538714471216515	0.5407449873981	0.556170491100505	0.569055202631133	0.560527655263553	0.681915872201044
0.864749320454265	0.860307007906232	0.619504937458011	0.766631554346532	0.735654678218696	0.716298855043965	0.826570538813003
1.04971991244654	1.05318260716065	0.652466180137288	0.936247577228879	0.950107168054848	0.934091523712667	0.867713668767473
0.652788995639637	0.657978796150708	0.576124777255254	0.643183106853386	0.619724428715906	0.611819126189946	0.751202785848465
0.53053963638807	0.527456752681109	0.564596054016172	0.562828833017002	0.582390743721084	0.569266644013261	0.726995000600675
0.757136851232329	0.76389663745052	0.615511151519553	0.69352982760451	0.681675413213548	0.676792597607521	0.844490672726415
0.735697434172495	0.751855796304637	0.64632516552863	0.713137965117629	0.701312953029656	0.688576344401364	0.911209031796807
0.583087937588118	0.598521904754151	0.610763968648987	0.64326380435377	0.621125932125749	0.637761440268458	0.859859222531083
0.68043477877532	0.70355861344041	0.587670890243129	0.671349925582097	0.641279487588544	0.631219281862435	0.747518370109298
0.799801353474889	0.805158809556879	0.613261511439678	0.721423396088471	0.701985680776363	0.695370580618907	0.832123961401981
0.581718345383332	0.587840991293595	0.593373901235671	0.604962823373131	0.588402549262571	0.603442774927308	0.767603630748796
0.607558100094781	0.592517959369702	0.626052925552246	0.668407018505408	0.662441253397128	0.650359622479774	0.919248432579522
0.771426400698817	0.765494887113834	0.621554855199878	0.717443108640097	0.692971969737362	0.691380202580456	0.870781282725989
0.59020247277818	0.601225527453809	0.619884700486229	0.6645204923514	0.652248695845395	0.654188566920305	0.896153298662516
0.811701022319592	0.820392212074381	0.604615866937228	0.722990442294235	0.709694692251669	0.705183451557212	0.806211860260406
0.589675251273886	0.598650384163687	0.662066578163106	0.680690347229102	0.662974858206041	0.665528617914022	0.947364433791112
0.743535124125441	0.734031659128311	0.572280169151572	0.664741139963613	0.616780010941132	0.631467713415977	0.732295029281658
0.590245446297206	0.591176139530026	0.625564346575054	0.657327606336268	0.64678832865102	0.632200040173189	0.846042273603851
0.715792923257621	0.69949814451689	0.630994553007232	0.696177620088136	0.686373122859646	0.691761718002679	0.921539271616767
0.943578526282729	0.932056952776585	0.652406780439853	0.812242350259141	0.796555681690951	0.773542763531441	0.873884720931525
0.819007519614434	0.825111898691243	0.644811222225149	0.716735258886686	0.701776342860367	0.712260511692042	0.928318096888316
0.594278476945367	0.633633098021062	0.639212577218083	0.670871691459475	0.658621453230482	0.65368799811072	0.873923597118297
1.06280373500993	1.0781992006253	0.6591251849744	0.916127790188439	0.88917289939929	0.879871711313896	0.89726930591142
0.562587315162214	0.550862162628523	0.600172478493556	0.621825672827347	0.611924632436708	0.611138853295534	0.823038045121604
0.820437721130824	0.823497930317719	0.552707631016716	0.718086090018188	0.699392981519266	0.681240184500465	0.681960609183189
0.618767228551159	0.626475178373078	0.610521870364937	0.647396322454401	0.625309884559794	0.629730364730632	0.819212637785036
0.588872016823501	0.588866567088377	0.586481275923106	0.600522855658297	0.608043420021272	0.629106365446353	0.791040191594634
0.666967971344494	0.666335115340239	0.5658849930974	0.638256976286735	0.608491876458468	0.621658550888189	0.716731014531813
0.655413774431082	0.636385995620833	0.638983826408512	0.669861085091112	0.647755076321741	0.661282983530592	0.885767875373115
0.877439450195016	0.866903301394437	0.626697947097392	0.763418783166881	0.727369559380633	0.723157925576832	0.872763711191146
0.849970452335859	0.826914304973437	0.619451318750903	0.762638623594497	0.72672444693725	0.714263811118003	0.832241292431473
0.791377537867334	0.79328261686379	0.565958648572664	0.70093013135186	0.670064585647102	0.687430083603681	0.725914167118177
0.582246692977043	0.56669862621596	0.602832845853567	0.641468777336228	0.604430761641857	0.625817932844594	0.819069925978975
0.880691423874583	0.876831455557821	0.651507221143733	0.784496918495041	0.756281873561375	0.743790195471014	0.911349469941503
0.76680991813134	0.766099675060216	0.649215689421221	0.722779717659748	0.727050433721265	0.685846595595121	0.944624623551625
0.678219745971973	0.64171244568528	0.584266817246907	0.639585130369486	0.615964367023186	0.621296845217257	0.765580178723385
0.657834921571013	0.631830910266074	0.644681339334243	0.689179370855619	0.682516396160299	0.673943501435565	0.931473883800281
0.57519444212383	0.589890032742791	0.626032188405013	0.62995323159083	0.623354471016074	0.627430485626911	0.848233931318576
0.605366134129737	0.601169923326005	0.541409213836002	0.619664931462095	0.581634928693006	0.593329359986684	0.7073366261926
0.560006799450054	0.582748286659703	0.598160891978217	0.626605575173489	0.622396659380142	0.608822299388639	0.810603185953482
0.588345504828643	0.600478855710821	0.612541822619602	0.634649626318408	0.629135726237095	0.632363481322599	0.839536963554841
0.571910397354056	0.588190378262285	0.554475629178386	0.605907695182429	0.586557622712917	0.581289176207839	0.713167265376803
0.546024775476172	0.550614378337682	0.60130671984768	0.620861744205703	0.616861933104224	0.59337028514661	0.799365529739523
0.524298775249015	0.52852768462678	0.511472465156653	0.529833816553533	0.524981413227572	0.531947527524785	0.632530151169082
0.602487688050303	0.597947895334097	0.62518567904271	0.651908395221255	0.629899434718039	0.633078096708846	0.865018792700526
0.885324821293508	0.90436671369254	0.684752247545196	0.808720432432437	0.774296416794114	0.791810184273499	1.03522823121783
0.601368497796863	0.624539118688145	0.607592902237541	0.621279502556711	0.630516810029355	0.623868952750394	0.827960722328911
0.595466660041385	0.580466382284258	0.575714450313436	0.619661107132253	0.59254547564829	0.602416460505434	0.720453229772309
0.554623083009787	0.550095807001848	0.603737456462108	0.611948161752013	0.600427033801093	0.608341982813412	0.785823942343606
0.640178209064832	0.650107116072706	0.638995363253071	0.715851690419586	0.670774310608081	0.674249579798198	0.970949095577057
0.727679238803982	0.732685818933058	0.694206763716354	0.752635689892504	0.738194224415368	0.73048108918006	1.0898654216396
0.590685300279624	0.573121637432759	0.599677818150661	0.623915801054104	0.60777792902322	0.619658195040336	0.826985390242034
0.723028173254383	0.718945908132092	0.59377825577321	0.671441008641646	0.654210767059407	0.654810365415856	0.770839134443348
0.792787834433019	0.794466186371915	0.575942954830074	0.694378645436689	0.669490282865973	0.665127267641007	0.742369194378778
0.633614014850179	0.62214111117532	0.626271950405377	0.675685129691478	0.642406759522825	0.641807780365677	0.897250843689593
0.778697948189372	0.782699370335916	0.628404266827576	0.726560952021354	0.6884546776066	0.707991548337202	0.916924425384925
0.58717741718924	0.602348526699516	0.604676183547907	0.65071972966498	0.61413704548958	0.642162709328551	0.834098895574711
0.692231052181624	0.665557475141339	0.601294250075624	0.663538097042673	0.65021672103325	0.6544008803074	0.833172366458364
0.960307850212935	0.938946923523438	0.60608977501884	0.835198853835307	0.790630380005802	0.777521870068378	0.829830393314926
0.549315522187866	0.579338885690916	0.588146052270347	0.584612834856929	0.586185020537412	0.600349732883541	0.781521612256956
0.607590557815864	0.608588854674013	0.598448068343403	0.63881492077627	0.605699845195766	0.623327102893859	0.780744411234396
0.557543948650029	0.56224601062842	0.596755010358833	0.62318681819688	0.594200644856317	0.626066590755177	0.799917671578621
0.566272915472894	0.601466380442079	0.604674888753033	0.619094059066452	0.630869621390738	0.639203213544963	0.816335681388692
0.520903647505321	0.527270864609531	0.556715761109703	0.578223639612694	0.562386552386822	0.565003988860521	0.721275379594078
0.580933036887907	0.572680330387176	0.610663067446848	0.642035218398119	0.6149293667786	0.61521139564366	0.827658865273679
0.533339618282425	0.548228025329661	0.539559537518279	0.573650772550034	0.554007940013623	0.552072485461194	0.689266653177266
0.719309843313554	0.707886622646773	0.590736129366909	0.666229789509213	0.647714729454238	0.652327467652792	0.771175544828567
0.777696142979943	0.766971332452032	0.62818043829082	0.707908382225797	0.690187170185602	0.693790314217918	0.875433427917715
0.71936456704717	0.715430848626041	0.618073825560099	0.690621164092155	0.672402669439815	0.668594255110053	0.846025800606479
0.565007849014425	0.578322477458901	0.600220055816434	0.60861444361544	0.593963993491657	0.599890312616341	0.804768814764584
0.775651168477451	0.761680359793359	0.581631802819123	0.685745637611983	0.674042530022203	0.675046593232898	0.748099268609318
0.549449977304314	0.537737686645241	0.573959037060432	0.609717898952427	0.594992622531245	0.608489591564896	0.789921071462121
0.754304566458433	0.766893787176619	0.597157115144927	0.683672328837757	0.673501159265499	0.675893810586249	0.784060082088426
0.779486162237996	0.800059238261928	0.591644966315352	0.690290231222655	0.67493687027588	0.682692343796719	0.784060142953898
0.739666957149166	0.719916903780569	0.670790322418155	0.723765768889862	0.722333819614811	0.725129658221603	1.00529122723188
0.569551698617249	0.55023757168937	0.613778171071269	0.618931428876506	0.613572248128425	0.602191303302337	0.814721847544774
0.543217171268622	0.54441972558976	0.569978741029416	0.573192777100494	0.575292192813156	0.564023078258274	0.714290234312103
0.574776407931698	0.550221867031955	0.548481807245775	0.594335592837851	0.572821846661878	0.579219678280668	0.702386086672328
0.555138474891637	0.559897262500338	0.610161250068524	0.622120671157342	0.616662836187449	0.615653417144928	0.845041077044222
0.800528121809333	0.814109615803801	0.612122290459523	0.731023290841996	0.712382938729288	0.697525388317871	0.847311340990883
0.676593154521928	0.667355755194412	0.582710417642397	0.650069910188566	0.609853155591712	0.63177564886654	0.743870859382607
0.563742516797976	0.573970496832096	0.602681505085312	0.633777890750985	0.622556452583478	0.6222046764269	0.837883320153272
0.592416521435492	0.583086298906374	0.615655470766525	0.648824519714425	0.62732004556934	0.635836175733856	0.843273473535151
0.590519469841142	0.588669680711553	0.606604152531441	0.651862268620871	0.635465617736534	0.617352658309686	0.851748450854762
0.750849053594658	0.74240685074259	0.55771285330246	0.683305094139515	0.650341315561576	0.651752207756608	0.740711653092001
0.64088277815248	0.628181683595812	0.597120129809819	0.651306592562767	0.624278355195797	0.61997760476908	0.796498820700373
0.596284854496695	0.614283062243812	0.572233037163504	0.630807962204008	0.610089267798354	0.60818173486243	0.775029225227439
0.633904068835759	0.640659357946781	0.622387635152146	0.691768455511006	0.66344749960329	0.667052078473886	0.8758336095812
0.848424585988596	0.815513420431942	0.592161603098915	0.714736063938039	0.706922431825275	0.708722444340896	0.800923660421746
0.602359887527214	0.628523311868467	0.597930049188028	0.651560939285606	0.626470852602008	0.601021166905683	0.808782562723959
0.749124711165104	0.736480989883623	0.638844585398726	0.719597792839523	0.678218820530643	0.686802378098507	0.853777360356682
0.577154093195258	0.560022173434458	0.611917990764074	0.61777365324874	0.616027076515099	0.625506651065926	0.828268137707011
0.556817646659402	0.542958608299008	0.57638303977384	0.605485477685675	0.568003151010234	0.583409778893583	0.739623319230472
0.550936538442379	0.551213195291704	0.577587650565338	0.591329412470735	0.585293927465745	0.595175255842971	0.766417903472114
0.557247746498605	0.578691601391679	0.568647201774884	0.605258573595505	0.602931501755154	0.580540700730093	0.747353224953519
0.774198472591567	0.775078984563035	0.613128925767346	0.689266760652897	0.677744667987089	0.672508659630298	0.834052394548339
0.823701482315197	0.815265242722033	0.607370965848724	0.736807148210388	0.700176779348557	0.717560338186536	0.807318047369262
0.576009330569381	0.581678664841698	0.58203494286356	0.600417607191243	0.58732959949996	0.576531342126908	0.74858054622414
0.566941787027596	0.566564546223401	0.553533017009981	0.585759058101985	0.566140244512326	0.575160285202413	0.706481866396909
0.993332679818878	1.0065849212324	0.641072415942386	0.861662307947742	0.840350427243882	0.850337147630945	0.842152403311377
0.85287898203776	0.885042697149506	0.625469510214592	0.769183861686325	0.753162523494844	0.744694399779005	0.833438913128862
0.547781205142347	0.55703503906985	0.602750918501456	0.609997010301916	0.599634355232078	0.587748270418043	0.791182870819828
0.63554269469365	0.627269192392246	0.605053978728335	0.635094926496408	0.624157184379868	0.633410164818779	0.768696075013192
0.740384606100663	0.755525131933463	0.606054144773114	0.704918090770005	0.655435004786355	0.676565760917008	0.801309004296553
0.96939878018905	0.972084893171677	0.631427084776963	0.845942266279742	0.799889385351297	0.793596142888959	0.827042342592263
0.921442095589129	0.901166549921112	0.687962227272078	0.834533054814096	0.752814284449825	0.762942111830088	1.00604871642211
0.610228533855009	0.614228619244892	0.582854487420508	0.633713805054393	0.622542342743435	0.612459916023377	0.819172029604943
0.727502537595636	0.726701973100403	0.636625878129812	0.713348896535308	0.703141531165653	0.704794128199916	0.919186348437776
0.757736621793175	0.76659930877606	0.659576489684268	0.73008892062944	0.703341373505331	0.712894284121914	0.921486761796596
0.849034321337431	0.860484246344517	0.654920552150742	0.77624980726773	0.747013872304501	0.767751235652106	0.9806504776738
0.851104885470984	0.856848167654076	0.580316869233372	0.784688819850641	0.759425340661578	0.76199424860743	0.719349961397533
0.570686787937736	0.578947368227925	0.608722382172028	0.629791482615245	0.609184414672055	0.617383122159321	0.81598196180101
0.784581033808535	0.773727171894639	0.569722590396353	0.664238366187707	0.641302600276439	0.669593246587993	0.695005010386726
0.584556822392832	0.596373868485581	0.618942838223523	0.655151071505229	0.624389950111153	0.629816715276428	0.866627047101533
0.793938428654777	0.779925353141799	0.585335429260452	0.712601264882596	0.665919230070518	0.665638104797673	0.753412214668058
0.463706357175186	0.459921084844197	0.500095940652976	0.506807896402914	0.499542436465534	0.503926018099497	0.599677071540854
0.730188064803623	0.718819392383433	0.580583157039739	0.682806751069324	0.652495599270756	0.631544378841076	0.753301454323059
0.593053012615837	0.597488969316552	0.629228350007584	0.639546166812548	0.65156119390755	0.63165610155182	0.85104153791057
0.63565737399959	0.636230084395418	0.599039353025082	0.639003811665124	0.629194257384453	0.63160157796749	0.776536343293055
0.859174625594723	0.858771823979178	0.581015339444901	0.767633909897112	0.747862905387593	0.750156330678543	0.724290909316864
0.572243780823993	0.575891125855682	0.621620715982034	0.6227489107385	0.62345716528981	0.616252463962378	0.827393337724797
0.548437847757641	0.549444330004756	0.590544779664331	0.603075280221364	0.587128365765464	0.61242434388059	0.790330299691644
0.665531216593513	0.639043987768481	0.583880081253894	0.646626722615584	0.61527263209208	0.622016302699866	0.745146054327843
0.679018331697541	0.650232358476362	0.633972363434984	0.717422057125853	0.660023276627732	0.685528254242314	0.925778353254224
0.8586742894283	0.832686446325047	0.621195701849921	0.737887076516082	0.737310759055301	0.713982143272601	0.838214202249377
0.873174623716666	0.887209037410217	0.584423227717352	0.779044226195283	0.760916110307397	0.755653173439822	0.748834375443767
0.608340510257518	0.608968333784834	0.606565019822466	0.649211817230998	0.631844184955348	0.630942666753389	0.853102925991773
0.528021072751722	0.533406921802025	0.578687227095677	0.598477715748897	0.591625157002521	0.570102461377715	0.752440400679774
0.645902039806344	0.639532392235425	0.635920091759155	0.687973339290425	0.673835835384064	0.660259723450433	0.90603931142898
1.19619791252371	1.21178572208616	0.689361225153519	1.00783432674637	0.96893412793045	0.984285993996824	1.01820770278758
0.519676031353173	0.515168074646841	0.549786368054616	0.574865659608381	0.561649515064788	0.540963369554001	0.706540814294857
0.773868947411636	0.778945265512515	0.636887408259439	0.714223693456787	0.693574725806302	0.703719251739247	0.870591968134896
0.769793107130917	0.768740938933189	0.624086374894119	0.710078835726165	0.68591845607046	0.689980073801417	0.87807480058517
0.771307498720447	0.742112562116943	0.601572035118744	0.70032496088177	0.67030009344566	0.668678663716973	0.775628221390442
0.533897362302963	0.545065251201784	0.572204351878306	0.595232403173431	0.585303011077246	0.574075556465505	0.758457782418863
0.577955192709317	0.580082939420457	0.634513732835703	0.654865325086156	0.624306150437703	0.635195700897864	0.872248928991989
0.648324777989518	0.645326196528401	0.632530275123853	0.670143115109682	0.65889804054299	0.661611166937212	0.868855819925827
0.687330981920488	0.693712296262809	0.618258097148509	0.672306306296012	0.694117614119928	0.676660808477064	0.891742405647763
0.627880939698168	0.624771695701581	0.576056289767663	0.614917640902181	0.608578693260212	0.599629078200509	0.734476859224815
0.483333026925934	0.50174867420715	0.548662784917443	0.546882933556429	0.543867947331294	0.545548269910165	0.688149195741828
0.912175091121943	0.893809361970518	0.63255234169906	0.79041349860725	0.761603671045743	0.744486362642844	0.855247637439336
0.742225132798863	0.749762526153106	0.581782432687304	0.677884012521307	0.660660950443564	0.649693533181437	0.753387478351716
0.674078974528395	0.681475403136978	0.643099460329422	0.711202328441262	0.691031749211038	0.675915019038647	0.93829164291112
0.619743179633261	0.594883253028963	0.628262519097988	0.684250214435846	0.645151942371578	0.653526289590522	0.897477168517612
0.610624199942621	0.596143233415933	0.591465489666152	0.627541305226697	0.626919280352678	0.618164040474773	0.78960889936393
0.551791090590903	0.548633689764495	0.568197203993227	0.597046408694029	0.57934912453673	0.583773243667051	0.7596480528898
0.578217128021253	0.569748404096249	0.629397295175432	0.636363567216486	0.633433223558042	0.614049325660719	0.863369498405648
0.524518986898113	0.525133224584404	0.576978941797065	0.585807968442053	0.564664693893029	0.5742920140565	0.725888421449806
0.547238835872003	0.533344792296074	0.579080299674849	0.596826284546291	0.571096517621555	0.583803450775677	0.762658442384484
0.582433371259731	0.572073099378114	0.583586438574064	0.604805112783463	0.599313678216766	0.615686157079078	0.793756975146153
0.584632637641157	0.583120499192982	0.609495181174524	0.635679083090351	0.59767971406863	0.605959730348173	0.828659447732611
0.62252312950385	0.628174551260637	0.562370530056852	0.608588862402625	0.606923567893357	0.600089433712771	0.713671449486345
0.559625525744199	0.582703309810335	0.605757594362155	0.630966107285295	0.649028980624955	0.626174196847454	0.855891750263855
0.569680298240394	0.57215707318945	0.597145761676663	0.616879643045211	0.608772105730935	0.614998366910368	0.800667437430822
0.593400490389742	0.57782945198284	0.619803670910273	0.641455252410008	0.627399957403697	0.618546918664762	0.856428475664816
1.05628698149204	1.04904782250499	0.653018652038116	0.938220335682236	0.926279401307564	0.903726193628601	0.862448861342272
0.754538412107996	0.780437119603865	0.606553724691706	0.700047616968748	0.667316504556244	0.685593845668421	0.817312326006406
0.783868559474746	0.779251559685839	0.600270912345458	0.718260086451298	0.678740535157605	0.685047414435353	0.784532565950596
0.555038034963618	0.559590836364385	0.600281157658085	0.606344065740547	0.601968759157903	0.612898575201534	0.802503617266136
0.841510278347342	0.874003038704404	0.632735735128608	0.767671082791221	0.71970084333787	0.731481127070298	0.906740196716124
0.5753408166634	0.566486238830704	0.575214747958718	0.625684818267691	0.603873503553161	0.59370787620041	0.77446513473235
0.684253212256271	0.697961477540328	0.557984564889282	0.638899583851246	0.624486909278705	0.627260435200157	0.708007779733267
0.707825023255122	0.721606154150949	0.606959725145097	0.680022911504217	0.652420921854294	0.645228046207385	0.821688814076586
0.791716367370939	0.817493567441152	0.645007407287031	0.727633932634194	0.705430743290917	0.711890894160306	0.927887398561891
0.58041946013312	0.582909229133656	0.583418172836673	0.612414813528677	0.603170898517527	0.584415409356275	0.756051058015307
0.558328568139331	0.578512648827337	0.594180801224402	0.631573858284011	0.621005158036121	0.61826095428553	0.808966342032018
0.812750016839724	0.804732855026846	0.606245707653552	0.734003234804158	0.727993094807989	0.679848358101384	0.82454936763338
0.711844822293587	0.710974902593907	0.567799965326283	0.658706019170401	0.646773544042035	0.641227157283289	0.732751742691639
0.585708262494461	0.585441753941663	0.593245476557754	0.627814544057706	0.626968837430643	0.651178453684766	0.813898625217179
0.711549730625889	0.721727238192455	0.646628358014833	0.722287126730616	0.692052067760678	0.698397653212802	0.941243592836079
0.709839699988653	0.714521622809444	0.61433903938355	0.700818911071989	0.683397995176913	0.660520391716195	0.854095339276696
0.595030087804279	0.594102031803365	0.610463224657283	0.630567563449302	0.638024195678677	0.627530117356337	0.828733784313484
0.721722511091099	0.725905958652072	0.581992797500691	0.672849819018849	0.647420623261256	0.643983578421342	0.75377690638954
0.631700112705834	0.609594274631742	0.618995076557817	0.668060034819943	0.636818115785354	0.635435677594965	0.839048126440872
0.765728786844661	0.757935532977335	0.622064719306171	0.687883452212505	0.679914994385122	0.670044904280395	0.834081181588644
0.871694625308625	0.864003729270682	0.608646658186234	0.767608521747519	0.744894185188914	0.750476625289806	0.782016478114352
0.580328823449958	0.588349502698482	0.621101089777589	0.629911125535904	0.650544769482247	0.621727037274822	0.854025604874012
0.72191156971458	0.716305200683061	0.611135834285396	0.673816412711378	0.664678400208546	0.66007979613456	0.817872061748193
0.78038505279838	0.771970568481879	0.607936389322116	0.704190087646112	0.696946340777983	0.691760221461143	0.832871696892541
0.656381872633251	0.637437720743511	0.584035983455345	0.615890752787388	0.615337965965923	0.605802376649703	0.741076959596457
0.572959160063545	0.565536055355758	0.609610029582501	0.627010333332534	0.613760750990596	0.607231317626866	0.821319831350811
0.836170971987994	0.855881200086173	0.674351200062338	0.781678594124908	0.72621254290773	0.745550329773287	0.980345331465931
0.577643412001366	0.594520741915641	0.613805005385818	0.673596938406478	0.651585241499809	0.62276994469956	0.867534626763167
0.691077224937776	0.667883533064482	0.639549135630057	0.684992704817419	0.684918260210797	0.666986816534133	0.908891875640459
0.657127368247824	0.641826521244612	0.645319125889508	0.683065122503057	0.661606421939914	0.671842095991166	0.903445678090806
0.721469797000118	0.70896444945939	0.594733916881567	0.669272075708062	0.641120821008679	0.646930294579316	0.777357661820735
0.634824882502393	0.624206369747201	0.574805275498813	0.630130821689517	0.615536544875883	0.635391859925206	0.761458554165018
0.692448656350316	0.701987950993721	0.633509495138538	0.709044914539066	0.666729961811081	0.667294191144527	0.855849634247771
0.541254128895081	0.546420338740118	0.549744517402765	0.572598984360683	0.579912565004733	0.561637781623611	0.698220259249127
0.585287773000235	0.580552340074828	0.59575008335522	0.634937047203328	0.610332589270649	0.61199298502901	0.784233499957774
0.584294505120735	0.604786154835132	0.610163946645652	0.634476656160072	0.643209125739757	0.633424356067607	0.863999956861097
0.616998775369319	0.647974307549656	0.559678549938986	0.606672446078283	0.598270236171337	0.568566023705237	0.709889166647676
0.639922765263807	0.620521089934803	0.660618295681385	0.685519966146622	0.70599478024757	0.688128064995043	0.963427241010334
