FMP	RMP	FPP	UPP	ANPP	NPP	ANCOVA
0.491066445787174	0.494288144511152	0.605765924171276	0.583424188286651	0.562249091084893	0.585171129166486	0.821952975163143
0.491035955398915	0.479792118741335	0.561758038938584	0.548983757356458	0.554928582950635	0.552245948166106	0.75874111001325
0.517044477432834	0.516957974118988	0.642873801371594	0.601863819310589	0.598427117024359	0.612240081073202	0.947209074688124
0.473928142005572	0.478267150898765	0.538793928148564	0.569353587614197	0.552739705766103	0.544738691348323	0.715303732002269
0.49421868227444	0.49705854941428	0.593507258733873	0.605121954913211	0.574985731001215	0.580071447742346	0.829973196462855
0.497938866527346	0.506568676465313	0.606165586035196	0.582385385844552	0.586003527848147	0.573787034480762	0.856495778701689
0.518823982039394	0.510972201992984	0.613201740213277	0.660229870976766	0.626958202090064	0.634066395995535	0.841668997665568
0.48943820916623	0.484576918023774	0.582341193196511	0.572320209132563	0.569685417138031	0.579618947244305	0.775639621789053
0.490843322261866	0.483280972952679	0.579941627786334	0.613218542309087	0.594852227229139	0.592925602718977	0.785253143200475
0.488221561067385	0.479216028994465	0.587435310520999	0.572328670679615	0.567170736753198	0.548309106715889	0.775585122610577
0.513132914619106	0.515888881518637	0.622877245739371	0.623179289517084	0.593281118049671	0.605387989019971	0.872424775981708
0.497364884416897	0.496781017522991	0.589566587836034	0.609287870979897	0.593294008594638	0.587266209743274	0.852171439102462
0.502055587541031	0.507430328783193	0.59661839504801	0.583972573986739	0.599708931146496	0.582581269821188	0.832761643345027
0.502418027961295	0.490108659454474	0.591975088759178	0.597566221690398	0.602061194186433	0.588534215376857	0.79621989936305
0.520091465160241	0.520296320720369	0.607864929639889	0.676988368043514	0.665408296408639	0.639367255434512	0.863564409592543
0.49302230301266	0.496498050817147	0.605913466899703	0.601901139339347	0.589357147653511	0.584026602101244	0.816025383523369
0.514689170376905	0.516704701559279	0.618354368351963	0.639492973328575	0.626154328851733	0.61673182644641	0.873349322770314
0.503020235845787	0.488935242838837	0.602617838156436	0.603964467346503	0.579411801367787	0.568803406502959	0.83264453771052
0.479789335638324	0.471460575112199	0.566272882285896	0.57172386755099	0.559500783703606	0.560303308611971	0.762544084315459
0.456545774427406	0.459678130363093	0.541769583401603	0.522184283315021	0.522453396395169	0.518724664069279	0.678945703430802
0.517772710033531	0.518086704944114	0.627926914842766	0.611550027654005	0.586998247384238	0.611952196834537	0.927643329292271
0.486066020415726	0.498221062345439	0.618192897493475	0.58269381936738	0.582622886874951	0.578907012722487	0.839192387375342
0.516021542842988	0.509238947538951	0.618400080437438	0.670267815294952	0.617203083916608	0.633580652989442	0.863780778710544
0.510849757269038	0.51031679008593	0.6133015512861	0.648663152988208	0.611147493228563	0.621938213759573	0.847821985299096
0.443992823402475	0.44133864042477	0.511418034867939	0.494140076262293	0.503876971155035	0.495088143291605	0.63792389022976
0.488304506613451	0.506607896742592	0.578451197014707	0.636582362175784	0.603606643594043	0.614418904131216	0.779255923318813
0.48802430133415	0.497504410857395	0.578005598715935	0.567577152882479	0.558246231677638	0.556505027327254	0.769070873536343
0.44154715392493	0.453847244654834	0.526510715631051	0.498860885661489	0.509081702984551	0.496508405306631	0.644911548862058
0.473119636480481	0.481055671656365	0.532081526775397	0.547851529684158	0.542182329500728	0.548957187537387	0.699355790625455
0.492747832374424	0.494926213393881	0.597547283088428	0.585321630582445	0.583797428082907	0.578610323819868	0.816747731286687
0.521081708624384	0.529211949629137	0.623434446843298	0.642730237159926	0.629596843019357	0.634516168385573	0.938947978059091
0.486370633246328	0.492753694962272	0.58818171136529	0.591908373072145	0.573123479794135	0.584989619407521	0.794857725344681
0.450655352537018	0.463221653186507	0.544459199280624	0.519617605646464	0.52856911257456	0.516660456091943	0.686375986409439
0.498959873581225	0.483891373555439	0.597176924952778	0.585697789029029	0.583725564398711	0.566705364845576	0.823836000387102
0.511926022746092	0.516976975112555	0.608365888175993	0.67479739116166	0.650539677882683	0.639662813268951	0.861982001871167
0.498900639343777	0.496716850765731	0.581509160782531	0.590602279653081	0.583329548244283	0.573237285489716	0.802390376210274
0.522183375829725	0.529912224114925	0.58597116239495	0.674976876870829	0.615812662373729	0.62404803999006	0.770799201488065
0.516520725874965	0.506356270499198	0.596678960410301	0.664780714720762	0.607624530482637	0.618800758607393	0.844105336062279
0.504899253529134	0.495217725286858	0.593356164612594	0.634969742470221	0.610786323610517	0.600323618370684	0.782016478114352
0.477177547410612	0.498946943943041	0.573161842637088	0.582863352615947	0.566829651314656	0.554645719853756	0.76617597350792
0.533769868911288	0.506772334863545	0.612385355137353	0.642662065004628	0.591757956905968	0.621827597387506	0.90993589264585
0.489364868462995	0.501535873054422	0.604807470527079	0.610057329590339	0.599475688934973	0.587975744794249	0.816530907879971
0.483407910014556	0.487986768512887	0.582036533490981	0.606105958649556	0.585102109896518	0.577624756049533	0.761189873003282
0.513341611307391	0.515822703859467	0.605932639329931	0.63329924289764	0.60601900560954	0.603276095247869	0.876008250496974
0.512778273611291	0.524308338510378	0.619422595844239	0.63713806776865	0.606827157492609	0.61698071055007	0.900773699344543
0.492517552036846	0.48886760233117	0.608573551177336	0.595951607738326	0.595932937725416	0.594760471075392	0.833758814941716
0.474686895500727	0.479320888587721	0.554344215380045	0.549633974935653	0.554877352355662	0.554566197726823	0.726818709580665
0.672263078949818	0.651655603400995	0.603452681731872	0.795971701555911	0.703964702093372	0.708229551224447	0.849960054064625
0.508351915300664	0.510835437114449	0.621500406512589	0.609339995473549	0.601237744766209	0.602487668819735	0.897245534707074
0.52569302359677	0.506931566335111	0.577806929320589	0.691908480374289	0.640063540379872	0.642693989270353	0.786434827118516
0.473170057281964	0.457313374147143	0.54705870751808	0.52858382175616	0.535417744566749	0.5424500556053	0.712824110465708
0.511218688977879	0.511299881142452	0.615449065385021	0.601675821205999	0.599218702365245	0.60187563883764	0.891602192621361
0.50982528707245	0.506242951574465	0.622615313063712	0.638545756228383	0.622475525899202	0.644308632985344	0.885382248780774
0.520123525411498	0.511649702547811	0.62924176977766	0.644635936287036	0.622148831508212	0.620380221995332	0.92034760142322
0.512612312336687	0.501975218595179	0.607647480249564	0.635002603298666	0.598319960403176	0.612586025062129	0.831913859620239
0.497800527708724	0.505154413092364	0.594466079249615	0.613385655316666	0.603484541005531	0.602624119045489	0.85689590766103
0.542933150245958	0.533048373321406	0.592000916744708	0.702627647753148	0.63927792676651	0.665855618771493	0.858832464142199
0.472875093548916	0.470606876133008	0.550414040477623	0.544690671216409	0.539805701808452	0.528478956015404	0.705504268068925
0.503171213972784	0.4941753481969	0.59982474753466	0.610648857511115	0.601606243977906	0.608535182120006	0.855575722011793
0.457799869527288	0.471529172510584	0.557715582035841	0.535671110063791	0.527465515292636	0.535276785983265	0.692656429066748
0.51959605120091	0.534977976150355	0.614801191790221	0.68426508114926	0.655971662025812	0.641983956807996	0.87115008104473
0.479370010246492	0.479766098484942	0.573051946839937	0.559184682434106	0.555721922017185	0.554227952139865	0.761171314192558
0.505347804590633	0.519514729930691	0.641393167513576	0.62949088154477	0.615835526983173	0.623553562854593	0.955604101978766
0.527877325097901	0.524511993307314	0.652138789490847	0.647969848489607	0.637455470870346	0.654168043435314	0.973197142151616
0.480988427662942	0.485925216671041	0.570839729551247	0.548576172587496	0.551609773470898	0.547969806648337	0.76537293663821
0.556171892830608	0.576173595882989	0.649902783716247	0.724382130618134	0.666008598394436	0.657085369130054	0.941014091298937
0.494808041485382	0.491372079993577	0.578230214119616	0.601285269625992	0.586064168161957	0.584129498442402	0.800173213222681
0.480006537859894	0.472195322993252	0.566764380881864	0.554369552724785	0.556146073370242	0.557900163548773	0.74728606660971
0.524932450457964	0.51625833350189	0.613202789052762	0.65533421652192	0.634646499314753	0.631516172998792	0.880212049560957
0.496960147419322	0.489296154876093	0.566751156219274	0.59970078682927	0.582659268914611	0.593468954954733	0.764002543276495
0.492353461137258	0.499944718808857	0.567682096575115	0.590952324166336	0.574990838231953	0.578091769464356	0.771310155034776
0.46475736037377	0.470281126238832	0.538483462166734	0.539152792436505	0.535820878648536	0.543624800708615	0.691322360756786
0.596839522101694	0.643510537023294	0.635149348243211	0.784463318013313	0.711313735935965	0.711461081309508	0.845541185854311
0.495765652562265	0.505566941562805	0.59340486151286	0.61244338384628	0.585811822761747	0.588549247851336	0.796316651583958
0.511155836466849	0.498238999328914	0.586903811061475	0.611455146889522	0.606779169608511	0.591117975367462	0.797715437174542
0.546127182782732	0.545305102243452	0.606139261748912	0.71331475540373	0.637179096210548	0.656003754462063	0.854456939658117
0.518640067805122	0.519075918154879	0.626161672340317	0.624307779779669	0.61561252382646	0.617742183528967	0.913487074900356
0.509167412252286	0.507368540662298	0.595490706032165	0.651907974141542	0.619377885696035	0.61303111538083	0.811366082119999
0.557333266303948	0.547018367450529	0.582343865139661	0.661094949614365	0.62319566604877	0.618240904408498	0.761472021390309
0.480733571953699	0.473710919379386	0.563589658167999	0.567219099611122	0.550739651935789	0.556252915624577	0.737999902160845
0.73704062967536	0.707736699925887	0.605751490181449	0.746613777582651	0.673948778473523	0.688209743914313	0.833176501674322
0.500337513735298	0.493691101758432	0.592480426218387	0.638524141441366	0.589234059812041	0.608381189711097	0.815177335965837
0.502307518732953	0.498228709152419	0.616861222176044	0.623585531702033	0.593229587085185	0.606556812078879	0.87324512815034
0.498228920009816	0.509106345092322	0.617600263369282	0.601897351365165	0.596813387286441	0.6021484428031	0.87658647477975
0.518199162904591	0.51382139581508	0.617911462070447	0.61828136774587	0.606232457073492	0.595851914381303	0.903962781461737
0.508733824799243	0.499067259096854	0.61314406710239	0.617977814053827	0.590456702091256	0.597461944639676	0.861286128514702
0.496204461793931	0.491459581968161	0.590033351030177	0.597873184843785	0.594607284705202	0.587291917498416	0.823215768935121
0.546082138505049	0.541341496856548	0.673502462965941	0.725415390762472	0.68188934510282	0.700339925767319	1.01805155239479
0.491321588740731	0.499912465229361	0.591077122180515	0.591569273851564	0.579956943051378	0.579231495542421	0.792327381596319
0.495269593557617	0.487154774273364	0.586155780961224	0.598480726627272	0.575517479127044	0.582427012481837	0.770763975383638
0.481509415818774	0.468387082532826	0.578792593254803	0.56051010907268	0.569165295866028	0.561884112064293	0.761652570353256
0.503605730371702	0.509023631429475	0.578332272369765	0.642986262567898	0.599264857962669	0.609248164592101	0.768956606953186
0.476884446325083	0.4791899093344	0.558780984692289	0.550317342193757	0.546116001849373	0.547537534439165	0.744606384098149
0.495410903852862	0.479710320252938	0.592904214169399	0.565914890394952	0.562983606711807	0.580758422848429	0.815453046622472
0.503083834005231	0.502142878139407	0.619032935146107	0.58949323739505	0.590632799926946	0.584233899401028	0.854025604874012
0.480705436758834	0.477354099014966	0.537340707433738	0.564985744017533	0.569772792883336	0.539676206432418	0.67664796623477
0.499286046530913	0.494198151915096	0.569160333292865	0.604348137676488	0.57071524536775	0.571860956171485	0.768171265368871
0.502414360906867	0.511947405886566	0.590049086217002	0.627274859136149	0.609466984566125	0.613794503462417	0.845365774204416
0.525993065772383	0.530515338742735	0.63520155010469	0.671869263175488	0.65635454314687	0.635872400294198	0.911408550223003
0.430970557658195	0.438072163590111	0.510069108353543	0.517607589055639	0.500271832887423	0.501943092675322	0.614383011323103
1.10474927317028	1.1046131347744	0.656433103619293	0.99711653739438	0.88733843428431	0.902776219929187	0.918475441334245
0.468159488297937	0.468566977112797	0.569118682723924	0.544195252379767	0.551740391683125	0.539467358729568	0.761487569636956
0.491088482346318	0.494226050292188	0.580256048955637	0.578730947001597	0.569810668676266	0.570965642767329	0.807590224700138
0.500935190054372	0.485399660037518	0.585126837817797	0.590618913951428	0.584673563225174	0.582952188286791	0.797274000641505
0.485930419739502	0.486671523936195	0.577750142653467	0.589320836401888	0.563762958510112	0.576015734930966	0.77207046198256
0.477387457222541	0.48469393496688	0.568243188017633	0.606446001701436	0.570877276331725	0.574789112053717	0.734610898699835
0.515996155823849	0.513106081676767	0.625778362419784	0.628411515826418	0.605489879347928	0.611974601347527	0.912679922204774
0.49704882771545	0.49451172634828	0.58087122072421	0.590927696985017	0.586434566581248	0.593702913780356	0.806591213477053
0.504210482714599	0.511751239805788	0.611729318313874	0.600891405013131	0.59931327618934	0.603541939642675	0.867780835158559
0.518013425675546	0.503310657813578	0.601538816601865	0.607341777237597	0.604561903517008	0.587393826900926	0.851106981892477
0.501476748010481	0.492075644132102	0.587431651932887	0.59958467450945	0.585295256262659	0.608893298958699	0.814393587942846
0.512178585276933	0.519477271304885	0.648090010856462	0.621408080397798	0.611177779464868	0.639036332342794	0.951010922602104
0.500304187876789	0.484310178975212	0.594335522567128	0.573732142941799	0.574466432094197	0.577354821654327	0.810653440143401
0.504515104928406	0.510150579611649	0.630402937208745	0.601682552874588	0.590354210246023	0.591818039199185	0.896382312333388
0.479179966830617	0.482983478328607	0.560282117670348	0.535727679935857	0.540609822729798	0.552000410553502	0.742925877959683
0.490000060308788	0.498991480733889	0.57908009009087	0.597776731212817	0.580233093154076	0.566359701117602	0.801890700310526
0.489741180329447	0.489471081773078	0.579625160531377	0.611726324861737	0.588170837899614	0.595646150377011	0.78598576897966
0.473846278144176	0.463506358331241	0.557544473988526	0.542520064595885	0.54974408921978	0.546242644433057	0.724292812094381
0.523542477549949	0.500422023323251	0.622794738405732	0.637901193523026	0.629326191270102	0.6424008753201	0.866838506077508
0.491854754774274	0.490953184716783	0.594284702267819	0.580841558804384	0.581030170002932	0.580207232907719	0.834690248981717
0.48238258396573	0.477723207956668	0.558887998845656	0.558446200196264	0.542299132431853	0.565672588871508	0.758845498600283
0.495897765741779	0.492078516885831	0.607938746795294	0.593713203882581	0.591882644981868	0.601801521022066	0.854716872936368
0.517186986344104	0.519369908054276	0.635208649071733	0.643631618171389	0.606109828961502	0.634220417885791	0.880318811167045
0.498789184201928	0.499492790441491	0.616355380890072	0.607159347149779	0.606384810071086	0.599685678770199	0.861567881295838
0.516399174500905	0.524848128110851	0.581762937875479	0.655072269969202	0.616428247549985	0.614716121771018	0.800052426572289
0.483088236121634	0.488921706873617	0.57415217541339	0.551512710856821	0.553144309131936	0.565024049682652	0.779536323628975
0.520878999288959	0.517501186396031	0.627854384785887	0.660316656302016	0.639778293888792	0.642228108049353	0.888827164110139
0.481324347617901	0.467688655458069	0.534212782411576	0.56837160508796	0.542884808001764	0.539899916357319	0.706934162652227
0.492697796447	0.484731351679197	0.57971808385791	0.578643006486055	0.563997405453841	0.568058037685198	0.778664878596052
0.503648324196595	0.522403015266764	0.617772605742495	0.659253117786421	0.627879123570956	0.631243411548227	0.840584234708251
0.488832634197381	0.510159886846096	0.600175162530007	0.620651174807004	0.622997730439812	0.587686441580157	0.839236039521157
0.567402396517699	0.563206635950301	0.625369114983284	0.73384087716514	0.680630459658581	0.682579758645557	0.874979958937565
0.504371888964275	0.510470349226959	0.592922343981754	0.566543015646993	0.584926231235851	0.569365035417225	0.834644984481177
0.546189668885609	0.531637690185721	0.631494809987903	0.704171946451955	0.649867145830109	0.658531201112248	0.924207139840975
0.523483255002151	0.513712540596525	0.617130854037778	0.636095812833245	0.616528529729287	0.632119188463051	0.924404371671737
0.53620353850428	0.529925025357003	0.620003840248142	0.646089786411652	0.625977401507325	0.626780418557953	0.868740373594605
0.498299855635343	0.525303904307891	0.599373587708994	0.608565685559997	0.583987240706893	0.594314119837713	0.846504044461942
0.509880625828423	0.49820939254876	0.595397019033876	0.627184055147775	0.609220705643638	0.614671681428271	0.856579375772591
0.57223422929404	0.583677163259098	0.598281526100523	0.704359272692999	0.652129055574661	0.640407619603744	0.82087306004422
0.496064706085249	0.508514060742085	0.570848514816061	0.644330453555367	0.598596760438518	0.605167488139977	0.781721581765952
0.518293727543026	0.528708037927791	0.556108829495839	0.645713385813875	0.594621886223573	0.610283947278541	0.738215598361027
0.763521071584196	0.749219791198156	0.56029749325737	0.74946675138896	0.702132824156946	0.678810557047923	0.734465736612001
0.524560960626794	0.496049485204917	0.618839260229083	0.641256125967091	0.621846567975072	0.623563351804392	0.880773751830281
0.48839291256267	0.495262091422295	0.584075915330066	0.573794875703822	0.580715247432211	0.577094635332367	0.788547400949759
0.504263085550113	0.51670500561266	0.629878066593882	0.633425870853683	0.616624129427323	0.622162292296887	0.88184269844582
0.453416844358283	0.449826046342561	0.540840296513667	0.508423573498175	0.518429607365931	0.526552832598846	0.682879569251407
0.451138958615254	0.449376047141421	0.516109778411974	0.516895837720587	0.522554700977224	0.511432209321867	0.663068695820414
0.510597682625047	0.514127825277536	0.623345385174235	0.606758456797621	0.608500792001421	0.610525362821322	0.889867270356016
0.471768043323081	0.488881732689573	0.570439685750119	0.549762868934524	0.551812639902981	0.553127381090672	0.765471041385895
0.489357036351972	0.490875685969677	0.559333927206653	0.600580481280329	0.578719525641501	0.583526884089116	0.749998855596191
0.545641650991537	0.550037008052312	0.667662791335059	0.749298919416361	0.691477096126786	0.713937907466837	1.04999459364941
0.512435049738483	0.506998466401681	0.568790206776886	0.642546775645547	0.58718045767001	0.605003893029464	0.785329721939629
0.483690869138648	0.463240495995228	0.536274621161675	0.58606243568543	0.56491381056016	0.544142265859577	0.662646166718893
0.475334543448766	0.470286378451614	0.574265372970618	0.543819593258559	0.537420901847383	0.572727401521387	0.757390980819022
0.508459179519155	0.499164929749437	0.604160009130242	0.614144902589357	0.590397817968637	0.599110621211688	0.849842172199761
0.498999282296352	0.5230598138864	0.602845455542165	0.655709456587677	0.616010964882217	0.62449576577801	0.786210967834169
0.487150596507399	0.485660834393985	0.572953465542689	0.561287683311045	0.549217720755559	0.558357301516683	0.763594946355389
0.51361825873714	0.510722887276454	0.622951090329729	0.642731991767978	0.625223531745723	0.61864992187964	0.903874322544597
0.446844748983834	0.465279657138769	0.514833740530255	0.519929594631202	0.51297734715387	0.497811661890903	0.645786905956342
0.521480805259801	0.52272546285753	0.635886538168773	0.655488467694642	0.640475840417445	0.634754960097003	0.919673647238089
0.450252221898559	0.465584971657127	0.548752808707102	0.50678559345912	0.511834491935523	0.525276323660606	0.69142722254635
0.501615561773232	0.501485229437389	0.594766580752573	0.614375168492159	0.581832755503635	0.596804167757131	0.809670462424646
0.497437638991637	0.499442189017397	0.605131016844924	0.618309832094939	0.599670431780699	0.60586925928397	0.811509920713263
0.507239290944855	0.50485834681907	0.613816650609562	0.632103660792655	0.613059660603504	0.602677751410023	0.863271085233019
0.505508121908352	0.499204018839828	0.598761094600203	0.607201241434816	0.603968706523624	0.591486455494174	0.833731643281009
0.513875986811313	0.506993573928174	0.601045347177182	0.608749489424076	0.596337726673717	0.612584044402377	0.857525387333366
0.494657842034859	0.488069183535723	0.543378240511885	0.60485329997723	0.581474888036776	0.582994514729751	0.707089722795198
0.533019081763961	0.535965915689872	0.631467135623555	0.668769820498162	0.651862075718443	0.654548320342814	0.982871123388498
0.45754922989666	0.464133705141797	0.537154039591984	0.537261711453444	0.52479199344443	0.522000066428051	0.665203245179494
0.485000861482629	0.484369472819696	0.57856587612801	0.600524486281824	0.582034490776149	0.573021401758319	0.783454787346435
0.507916628353354	0.500032595382025	0.609152667790133	0.602558545958294	0.59473200309412	0.588877794686369	0.81900238365535
0.511326559321397	0.513531579254974	0.617031887155072	0.637677921804443	0.619559642239046	0.609980599925168	0.899304700855801
0.518340726392165	0.512159135143794	0.618509042102261	0.620115113631594	0.614036824484456	0.609251039752539	0.878954568498068
0.534862775689794	0.517151976839498	0.63962958814044	0.642782380099215	0.623496445805025	0.601766778898819	0.923752320127487
0.521961055143879	0.515637273680353	0.630959709951731	0.62015951392732	0.617444072890124	0.60079223075199	0.910243566790969
0.521243659681987	0.525665118812159	0.65310897740581	0.651544976742628	0.638577262776211	0.639586869961646	0.963012136638145
0.515967516104665	0.506009553452697	0.616874622010888	0.603106809526551	0.608155482718689	0.616519775883073	0.882044427979901
0.521440554621852	0.540852414453855	0.660424872009626	0.659398975340288	0.651250707371196	0.658617623533177	1.02519657942181
0.532716847257791	0.525899348190276	0.615956237923464	0.666682599708915	0.623855610132957	0.623229329726724	0.826281405982102
0.522831531102155	0.527665393733554	0.632034480851317	0.627714593004644	0.616068093299298	0.628855952708943	0.93909951464096
0.511395154829117	0.502690150474264	0.59133196019162	0.597537225645525	0.581278679712208	0.588497913947958	0.808438164554692
0.521602048086919	0.531088976704679	0.646886697636647	0.618938386858918	0.625618665359743	0.62955387863788	0.962103196682437
0.488207842418614	0.506220987094307	0.607797408841296	0.594944190379773	0.583476470074863	0.586647468146231	0.844137935135331
0.483112347126741	0.503575162838954	0.597220235821789	0.605126273298084	0.600026387145031	0.605276242420657	0.832667695532791
0.512467735419466	0.497147587558041	0.596637190193516	0.616022938292309	0.578750508843228	0.60032894664934	0.851707652975438
0.477172668534327	0.478897086562952	0.55528115313208	0.540787545178151	0.544698009992404	0.545290264023324	0.723719958004463
0.52123177171568	0.518596262454716	0.642081611373774	0.630927885560685	0.635640182553176	0.628589873565418	0.949799833808637
0.486139611512984	0.473374285484882	0.573898326219	0.586085657721353	0.575236364275327	0.587842000771143	0.755876603898318
0.493201024089013	0.496946462084784	0.592701209431364	0.560468409632533	0.558842732729365	0.56960857784322	0.803721065360402
0.513410672049989	0.52491926487146	0.632727234757741	0.660286505330865	0.64538492188671	0.629983151834823	0.961079683635198
0.53422779177591	0.55780685032158	0.628733907845683	0.697723568166719	0.660090234567727	0.666949822470353	0.965398500311114
0.500711626764047	0.505941653718208	0.588881091632823	0.625757328474212	0.598863164500885	0.596218791477539	0.824893916288002
0.513355078671243	0.51680362525519	0.583888645677009	0.633237390139957	0.584635247913825	0.607784187088002	0.839949150769242
0.512224426774672	0.526463909160924	0.618132759957329	0.648144816429434	0.640261540003623	0.624189126921003	0.92698812324906
0.515671405368646	0.508505593460036	0.620259875556905	0.653863925382431	0.605413313264288	0.642557764833451	0.861829316613089
0.52391553720472	0.540474240361828	0.657815862456099	0.686699148860207	0.652555698652622	0.643936613069408	1.04693861388027
0.504637194420393	0.506946229879102	0.609943971134213	0.594937937728367	0.587296308763845	0.596920506393357	0.857315258628942
0.51018304819921	0.491126159988145	0.605280586012185	0.588962367992119	0.570845241208998	0.604294053707546	0.863465220060765
0.49497422103921	0.493444531166144	0.584451856684178	0.568348673517761	0.571622495947163	0.576723952447099	0.801903030738653
0.482117151025318	0.498051686414817	0.581980182338254	0.575696077137957	0.574537845185017	0.558460589308742	0.779324248521768
0.506153202228654	0.497452417761292	0.606759624071406	0.654202554746962	0.626988853038737	0.621741104652092	0.844644309528221
0.517426488831118	0.504791947358692	0.605006555205225	0.641998365632259	0.616158493575971	0.633435627095122	0.850143804433843
0.48533668949458	0.491031341568718	0.570794517818241	0.590683896032388	0.572640156613242	0.571507266021073	0.749020109682529
0.507767026717022	0.503852506130982	0.591977935680189	0.630970867784892	0.596175983130422	0.598963397851105	0.813298208804556
0.48235800946073	0.493924289484867	0.594113403519577	0.60802346063595	0.603222964183767	0.594094846356643	0.811172891123498
0.480392811076424	0.486958366370423	0.593172456658561	0.56885412114923	0.561080592090823	0.561417699855193	0.786131967514713
0.4627163685905	0.470835620767736	0.544018767240573	0.564489039252852	0.553622421809804	0.544529161170208	0.697340940603173
0.509725140008303	0.486393647837916	0.595948045827971	0.598009653072827	0.586976381769	0.582721600913389	0.804894265760122
0.503954541685946	0.500690182949155	0.550074550157659	0.633684310747524	0.599437648634717	0.578045950137534	0.679871197555341
0.504304758041246	0.491982959078873	0.597793284976277	0.607382430764389	0.601377357276439	0.597884108546151	0.834726620247323
0.526373518812773	0.512388102243616	0.638988711207124	0.641875170499071	0.617149809131836	0.620298419618454	0.952086513670121
0.508521106407167	0.51973918812899	0.600398352677386	0.612533534704773	0.620305195931933	0.603765707253897	0.836664917012587
0.452253463947672	0.45321205535312	0.531631253985082	0.504237863988638	0.503110562899981	0.521561714803601	0.666327559921261
0.461580649359793	0.454083552794454	0.543786242992443	0.541141628003323	0.536674346697313	0.527929803072349	0.699465187335773
0.489629462091012	0.500943163341424	0.596516803509003	0.581603874444002	0.571533737481299	0.578710326713735	0.834766249866282
0.480009509082172	0.480699643780719	0.579830631084798	0.548822383936703	0.574343987255485	0.542003409952014	0.764338571296652
0.872289275819865	0.904066278508601	0.629207969745949	0.86604948540314	0.774314160718167	0.77581580216026	0.819614204605066
0.504709711771709	0.502081254722658	0.610351823313267	0.599808047325844	0.602529677233399	0.609226784118464	0.820929774652968
0.501766385152175	0.497316676800096	0.593888513626067	0.612959390257649	0.594996007678481	0.594378467612495	0.841350813382077
0.511979118161476	0.502948417562078	0.603895202945032	0.608891905425107	0.592163573148322	0.609104240251959	0.841565484753049
0.492076109602814	0.500443742752288	0.569571635735719	0.626093270688568	0.584351056686194	0.594030121853829	0.728150492977116
0.514598960548233	0.528342227872735	0.593330181846655	0.618461254547236	0.61199141789522	0.617413138045633	0.874713931906967
0.630921253333563	0.545603066027888	0.603317548352939	0.747612376209046	0.688258974701224	0.695405272767697	0.813478796088081
0.494329637273756	0.486234400658129	0.573339079987061	0.584362363641562	0.557409745018923	0.560425324387128	0.783380152355597
0.520979952429461	0.524111449687783	0.622969445721422	0.632981488183387	0.631176787857907	0.630789349619693	0.904535023399646
0.538929831624447	0.532111214420738	0.623478971735028	0.702134728087536	0.647905790068985	0.649617297839315	0.921103584962061
0.487709690073564	0.491543122550851	0.564141828628812	0.584477934718835	0.570222210445317	0.580290735888058	0.725709846539166
0.529151429427837	0.52083721619755	0.618432445927836	0.64085608056427	0.619981269742925	0.620490170009451	0.887243948568423
0.532505554519656	0.535387659848346	0.627189845195904	0.679472520015904	0.636952422381019	0.644103367374947	0.898126690790842
0.466663765271411	0.476793078336113	0.530324769932096	0.544661234846119	0.536038407596259	0.538151984745886	0.680615403907015
0.564029669127143	0.560329883001017	0.614509145499542	0.692618471569906	0.663824800909348	0.653467497212187	0.858476704448097
0.527986313951168	0.529602888600713	0.557158704381745	0.621133017795102	0.600745748085294	0.609439249235324	0.723769938807046
0.524517494868901	0.502959507378207	0.575339606018927	0.660891497581156	0.630587567675013	0.61095753043784	0.785724710942003
0.520536619629255	0.528662961178601	0.593647443099074	0.673297834793839	0.62952661321681	0.626832752092422	0.798420686581476
0.500097761041241	0.493047195509509	0.593073795095951	0.634456342826632	0.604074438402035	0.597178255302241	0.7722027711399
0.508491452734507	0.514743431454287	0.634209524351747	0.627960590023804	0.603798586164857	0.600832223131261	0.891275960541367
0.51321992807133	0.511013473102231	0.616808904752682	0.645877361843682	0.636296778562972	0.63438499339008	0.894443262237994
0.510650340748131	0.531338134359531	0.639348520930863	0.678206801130281	0.63409344865059	0.643731437295004	0.909772540532057
0.481840954864403	0.472505560198662	0.562701037752945	0.562334578434705	0.557329915408455	0.54735684386538	0.741295976175954
0.508046466553406	0.509637271218013	0.616999756582612	0.635336714039487	0.591228344852071	0.6150418085405	0.902034046064256
0.489141352077999	0.488518455352402	0.5934086349505	0.600561416043403	0.579928018164373	0.576506724733484	0.798189092026996
0.483198731637665	0.496681832534828	0.565869248575465	0.611936692614907	0.58074208929009	0.589036511758608	0.762247352130761
0.53565743702009	0.528134079737814	0.665145301926708	0.654166440509922	0.64943353993425	0.647996211792759	1.02483697865081
0.478242474511177	0.4790006232818	0.570946041065717	0.550805083655771	0.553928653580066	0.53504763619473	0.742351593973824
0.500298042245296	0.497295567644231	0.580117458464985	0.639572639792301	0.608789596688538	0.60773488793109	0.776604341224575
0.47898446974143	0.4963996898369	0.588731615988039	0.558950524270444	0.552785694355298	0.557280803231082	0.775953964353351
0.472302931237384	0.473748583700438	0.563194243678489	0.537624397933286	0.534663101866125	0.54261415099722	0.720624720906153
0.50203820465615	0.505526543826469	0.604191873861008	0.605920841442747	0.595320149066384	0.598227869965966	0.853568392313645
0.466501070934648	0.464522998453562	0.541516647261825	0.541881818435092	0.537834086127333	0.5325902055829	0.706236937938935
0.524415157082921	0.52868118099903	0.614068441792927	0.67025011285847	0.615192299842655	0.602919603428815	0.847997465121613
0.52910401988811	0.523137045353172	0.651219376990667	0.68432998592255	0.647424683027665	0.643060215404916	0.975944375848257
0.458982017226935	0.450860488650723	0.54243017759591	0.553251029033923	0.539659788030084	0.530924882085751	0.694684353243371
0.500097171932141	0.514329661297993	0.609338002253716	0.649406132554244	0.626412518879913	0.619741658565775	0.863427399737636
0.49780639625718	0.483040898514053	0.587422949743043	0.584264997331292	0.588372895821585	0.574459985010899	0.817422059116634
0.494546078191144	0.487907710391663	0.599440421980462	0.588968909392848	0.563688370967354	0.576727939865012	0.798118411176383
0.495419390706876	0.495064588659676	0.58718552944975	0.582219258830352	0.574997166429925	0.567041225973262	0.771860669940303
0.485841718736053	0.501771465060818	0.587854861508774	0.600894037779921	0.574354090651097	0.588311718904287	0.802003265927938
0.49617443248291	0.499680774571267	0.591175964769529	0.5737195079682	0.590130368352477	0.584744922404892	0.8138189163436
0.505561525486104	0.510352659894737	0.588391925078443	0.6521294081362	0.591127087255308	0.612009111285145	0.825925909844816
0.501840734345499	0.489639831517554	0.607141511077987	0.608220727682	0.589303716689171	0.567922328221705	0.828823660251662
0.548358682043028	0.565567092142008	0.614267607147632	0.700239117725046	0.653309662309743	0.663164925674884	0.895209049833979
0.496650807852514	0.503193414085082	0.581221699071642	0.55704442622534	0.567304911167456	0.566757518359488	0.797688638882427
0.480944769834643	0.488041804413943	0.586406792335849	0.575530612402471	0.562785365363728	0.559784290060799	0.775063775346153
0.459457266096872	0.450734809828502	0.527615041234409	0.518802674891901	0.516034636496615	0.521119377668439	0.675536726841302
0.513142661482051	0.489709584169773	0.608572963775141	0.598353360647817	0.610156270366268	0.604626376647745	0.867117592783307
0.497259406805846	0.497220755484432	0.607069900099412	0.59618465069006	0.578694811618984	0.590257262786642	0.850711703539482
0.500137913900469	0.507706585189952	0.615973744023977	0.595167313344333	0.588719502112507	0.605408606397856	0.868389108494213
0.483463299138052	0.498495796451957	0.569438421679195	0.570598894287232	0.559565491926653	0.556902651503772	0.763991486730737
0.520789770797977	0.523249935176329	0.619913740112865	0.685553881605937	0.65401995781424	0.63635623595058	0.85916203930209
0.479540144868557	0.487874036245228	0.580617768339433	0.569300647924472	0.554508744727524	0.574632436938778	0.760496598351514
0.499272999829718	0.489157942941703	0.598313732725602	0.579454739216133	0.588675218089714	0.582179885407256	0.827658865273679
0.505878409215237	0.508022458325743	0.597600406747116	0.607690830715063	0.59137689926093	0.593581034369734	0.842631446795645
0.556947572480915	0.531595174588316	0.647906023535891	0.706666736669834	0.676420822664518	0.665395286081371	0.948936042051941
0.496434539671809	0.489801055047288	0.580730153701924	0.597937717309126	0.570720262962675	0.576219035235308	0.810893465895275
0.522840499477471	0.524661527908203	0.620632771442646	0.665635914248021	0.622765454887829	0.638924563545056	0.885432771086894
0.488972742789506	0.475908076245353	0.596424693883538	0.583111957431083	0.563041341064734	0.568065094086782	0.822366994663565
0.489202731366045	0.502730946652991	0.605869222166948	0.590314821140562	0.582006203636123	0.579306674030941	0.84014234829613
0.487622808622902	0.502544338908961	0.556612232040723	0.617115270459939	0.564259245338593	0.592146136788296	0.685960307401141
0.563420929168597	0.554821669673204	0.657502727147369	0.751571134217991	0.692119125884763	0.718437093088728	0.94538737017142
0.52764310682156	0.539336876294649	0.605650477887672	0.68227818313862	0.644988234596507	0.654857038409954	0.857281911694265
0.520924316105978	0.513888242727061	0.617279456204929	0.60720895611071	0.593560132089266	0.598048997978754	0.902388352195367
0.497493211882822	0.493128483563989	0.587390111078346	0.57300428306552	0.55763888926801	0.567254643323496	0.800376024413273
0.505488960828991	0.511770800162026	0.605695161113202	0.645514116560027	0.594454600392358	0.612700855086383	0.809712045597771
0.480868571640542	0.49094766682992	0.567169291146102	0.601892948489599	0.563893457861132	0.574254101591819	0.7350992295495
0.474589483152674	0.474770298489144	0.553228872655792	0.531861770321276	0.539333970632656	0.542514422255326	0.733179148175222
0.503210388918496	0.505229398087568	0.585798763486829	0.635986848667664	0.603389708652381	0.604116890937788	0.796616885142894
0.460078499726043	0.48540622136283	0.557148840690076	0.534893441814267	0.522749225349475	0.534668368099381	0.728765403525472
0.512572062946838	0.509395800946776	0.60345567812112	0.603984018959698	0.595547803967545	0.586145823680405	0.874584615303224
0.497728329775438	0.506232025217284	0.601559564332945	0.60400578449638	0.588727134612949	0.585165621520187	0.841793741059977
0.504201660289795	0.510829654355854	0.614818449826495	0.607397289819959	0.600294771582556	0.594833430043341	0.868283431977632
0.485850844599388	0.489269579783436	0.569746622057815	0.57856956777199	0.561604313274663	0.550537179101383	0.751870538618317
0.487205297810666	0.483812167894494	0.583507025971255	0.595471538090322	0.581488146327736	0.582675142666857	0.793126908066629
0.475126875997136	0.487548955876158	0.555321351249382	0.557767417268898	0.545299771312627	0.565567946295834	0.737524989303745
0.452514532228387	0.458183834619713	0.527352067415152	0.530459416354728	0.534162575745757	0.525927640641798	0.679863580080132
0.490856968578843	0.49801075381232	0.591037248133162	0.577648397296139	0.575164645486095	0.583066768842031	0.7789782605264
0.456845519321948	0.473221942544063	0.552154508095708	0.556072944280777	0.533964445481821	0.536714630402852	0.711823251418817
0.50247344205885	0.518397857309298	0.612742522034743	0.648404767959384	0.624178421633999	0.624759155289965	0.835927488693279
0.475669251335259	0.475216848712203	0.529881011663231	0.595789646341405	0.557436018200834	0.575379090408918	0.679506170638784
0.514484399932684	0.504779408354149	0.593387898310819	0.622231954925298	0.599602387246788	0.615294202193096	0.817325213627524
0.50813239851495	0.512584483854272	0.599904573174122	0.641899841674515	0.617012589322481	0.612888341570213	0.856376275278221
0.514483751649729	0.528288477855665	0.631426533363181	0.608803689944993	0.620442695670331	0.609074948225112	0.920127725422164
0.478790006791059	0.466113494112474	0.544768885521192	0.540196494975203	0.548703845919419	0.549940981157388	0.692243799485906
0.519011228726802	0.527947436905196	0.645442165214484	0.708575127343035	0.657100107141391	0.662701222318297	0.998351230317485
0.510825866242312	0.510167151481682	0.589637050256333	0.639178367276977	0.592831345596438	0.607789466243973	0.774503153898894
0.525735396880325	0.526075476675875	0.634184111622089	0.652878078507213	0.630807310244266	0.627890685199468	0.902983480659264
0.516387555849488	0.51471962850272	0.605349480497524	0.618120929171412	0.593137326903685	0.614723020588327	0.82346305821575
0.522025112908027	0.536949615999133	0.619755842928512	0.628460517112255	0.625667849953461	0.631746000296973	0.954844349511528
0.477444964504792	0.477470788436872	0.547295480436375	0.542133520113798	0.532082855625204	0.536611337916519	0.717399825595443
0.486292402449978	0.471503688453099	0.566601756477771	0.574509877893746	0.554873316092682	0.558147978262089	0.758099461109407
0.491278081558669	0.485114262496882	0.574314893941359	0.588033714333238	0.566558952995202	0.566465342186173	0.777015114338999
0.496836584798194	0.495724317274993	0.59782914955862	0.578157055339135	0.568438897272353	0.561262008698799	0.826049477483597
0.477572103956545	0.483914740005839	0.566604367767414	0.567767003669944	0.573103484381896	0.591163386308199	0.763386824463933
0.486582853749688	0.482637314188796	0.567032077128906	0.594168665075166	0.571927577437132	0.572947652773584	0.763264893172479
0.511786116605867	0.506759447018331	0.612101636184456	0.62884201025159	0.597519750216277	0.59760108770945	0.884996375737995
0.49329565253924	0.495081410843758	0.588696073291444	0.592120439053895	0.588548831128726	0.580712904968133	0.772413219034258
0.50857793649084	0.506551908526786	0.630486287345305	0.625630317003752	0.608660390280092	0.601291239211918	0.887611159817204
0.515592231080322	0.512097176674043	0.630342012027158	0.62749074263547	0.616240568986692	0.613357001686307	0.917926397227247
0.489175762683698	0.509383897803093	0.592651708468851	0.602603347412761	0.568398303554559	0.59727964198313	0.827806170555131
0.492559310721821	0.492299206006374	0.584642171010352	0.622056799328549	0.592580176558093	0.593140482235877	0.783629384952364
0.498125935564721	0.500767263949758	0.590704242199516	0.607207290274048	0.581034831771496	0.565695340232071	0.802366644271703
0.511321206654815	0.514653405726025	0.606074032088584	0.6139509069976	0.593621092031489	0.601604701509913	0.821838562473147
0.494553400019352	0.501649634936068	0.599079723356821	0.617457038129044	0.600248572574478	0.593830597496875	0.84938595305487
0.500754908147826	0.503264731708113	0.602160334297617	0.609366164564026	0.594275839637123	0.595271193063384	0.852423611161603
0.494460937676574	0.492774757712713	0.591341392397673	0.608541553834663	0.596141914355543	0.592671019197508	0.80764631539955
0.476184074118044	0.472656157508744	0.563069237434565	0.542959142722471	0.55210484245559	0.557403518271978	0.744933748803895
0.492955741218568	0.495140480987015	0.588523704630386	0.583837956812045	0.577129594505057	0.56680786197562	0.840750005285779
0.507429535961222	0.502624275653694	0.626430309967778	0.61202469125019	0.602033911691116	0.606749097614443	0.894527066542874
0.468111056214271	0.46788050477537	0.528610879440597	0.523751159839324	0.524770005753135	0.52157593004852	0.677304599265085
0.523488380829817	0.523205900024107	0.645090144172644	0.653650493765297	0.623045627414677	0.639542193420839	0.942289312602596
0.473070145003852	0.473677382647833	0.554827689705165	0.565285417989205	0.547692500505545	0.536888499592006	0.73417557334475
0.516779442183058	0.516994918173482	0.592544001822673	0.62920676723374	0.611878359349349	0.617540512448357	0.820510951379749
0.524142087573273	0.51291873088245	0.610776845937096	0.610417653723693	0.607110228358654	0.603742450950427	0.868455238426584
0.643888327680224	0.609479691107616	0.617981606901617	0.791531983965636	0.70713452095745	0.721167283511158	0.85392703863748
0.496523674411199	0.494193517701568	0.596060520817019	0.593993268795262	0.580294500410766	0.57646325995549	0.796013429745476
0.49701452322551	0.49761508046734	0.606163416508403	0.58875724376991	0.578867700350831	0.565582803115321	0.834380791491348
0.522694710789808	0.511089099389109	0.629298169101575	0.656024209894543	0.642697789515226	0.64839429722434	0.891025638459656
0.49618591305343	0.497202959370952	0.59781620081693	0.600905642817308	0.608184974383655	0.587404427186029	0.825111627171608
0.520394628149621	0.524247309323746	0.638570998553645	0.653412305272905	0.634432263158259	0.622928265943398	0.909560815810673
0.502541977754647	0.510051257157797	0.617441224548119	0.606541487363937	0.607935999379552	0.600397082908966	0.916881787388401
0.471797031879846	0.45709865147967	0.545225682750268	0.551307191514446	0.539284858759692	0.541017115435004	0.695210769715198
0.518913580295647	0.511137128960064	0.63094037736093	0.64999577911505	0.626447500471153	0.644343446192379	0.92286517682799
0.514948504559808	0.520932101445525	0.602280790127625	0.617568659741705	0.614909692704399	0.60008764976266	0.868985423119866
0.508396625251882	0.504403853096733	0.615251786001575	0.597641304216822	0.589150525672908	0.581615937031445	0.881460892632742
0.49816062599657	0.505263630358001	0.587571091482012	0.603855500021428	0.592824991491888	0.5919707571229	0.83065467851488
0.52051151628641	0.516098637483158	0.585208535135239	0.653615510920275	0.630644444450756	0.620160175552704	0.785101786121024
0.467782925324691	0.470974249176763	0.555026898324085	0.537038168293856	0.546025812325343	0.540563104462782	0.725020830634883
0.534885158778422	0.56045729242321	0.677901527238828	0.750674478156722	0.697717343289268	0.708984059541823	1.03071636814497
0.504746960142185	0.479312235031042	0.588160258956406	0.592525655058288	0.568299743284081	0.576466888208534	0.815447111852295
0.491066103559946	0.480871506441965	0.559769347264267	0.609104142995703	0.568877990663314	0.581657405829246	0.724002915907158
0.530978107991963	0.535955900874296	0.632584158167244	0.672821074587313	0.658418206417642	0.658725667436132	0.933438264754974
0.497947023473874	0.500163060404631	0.614525290639741	0.624975058040298	0.61013945796801	0.60567789927284	0.855175640348467
0.501950027940786	0.504636078943774	0.57017179858059	0.605155910503257	0.598400964941366	0.582643734661352	0.784121645387989
0.506532432592282	0.511185529651706	0.604945803117883	0.6172579086179	0.619424011646288	0.623610475054012	0.870993853936988
0.510066871336678	0.508803163052013	0.612481109663869	0.630076901396155	0.620966868646354	0.610241192743324	0.883612271467547
0.484833806326446	0.494272142008588	0.574680118324625	0.589854302969873	0.583222950133729	0.604974488634352	0.829536948453679
0.502235361795948	0.511195612085704	0.636943977833	0.617715645796465	0.604512551712777	0.57419663040984	0.890171722562891
0.500513732464162	0.502989325312548	0.613744156798676	0.60493382071909	0.588518532780723	0.584021174220628	0.87065581501043
0.500310145296283	0.48963109922866	0.593539804891698	0.587556852011601	0.589084852012553	0.586543911653413	0.820105849959063
0.450054981513356	0.444244439472022	0.525342198285704	0.519759054411751	0.505950101336612	0.506968043566628	0.667679204948964
0.523384846713509	0.515956023993343	0.639077976325621	0.644664615080309	0.634738922131799	0.61117144457945	0.942618437380615
0.500433281320739	0.508815740410993	0.587457543019472	0.622181615314438	0.601152901040427	0.613959934337611	0.825389359190672
0.517141896379254	0.520221740243254	0.611718069423057	0.635572886447765	0.625280140696167	0.610508831674464	0.924159224065557
0.501483259216735	0.504903373801324	0.610518659660453	0.61436119397849	0.59609298220831	0.61562341672168	0.877592207397663
0.507646982775533	0.501409956130749	0.606604019944752	0.615238839970582	0.588893181454811	0.586815054820922	0.849605129365046
0.483790666485581	0.478820959692833	0.581690877937458	0.57234001178678	0.565790018318274	0.579255565652705	0.794816256442662
0.505520203593541	0.501984889827666	0.615997421151044	0.6133280327628	0.601375034354177	0.608762343353769	0.87575838073734
0.514387631396339	0.525264861241928	0.629779781404484	0.65833818144591	0.611669751246816	0.612266080058005	0.908772724737082
0.475711302329779	0.487368140611601	0.589773742957224	0.578394229379481	0.560453872676241	0.556278197617316	0.778323746974291
0.502468211792412	0.495697768750458	0.605693612884194	0.616169681534672	0.596646521869557	0.605508185711294	0.854576697350293
0.517932994452294	0.521361289040262	0.622741421582296	0.650477941043668	0.638205781172995	0.622035848105991	0.9174842206408
0.499909556951285	0.485174916302935	0.610224444500242	0.607665398607122	0.587123242046804	0.581450156172851	0.857746160547339
0.510661638151628	0.509213322371618	0.635556888107939	0.606430904993557	0.604955521822381	0.60877457463973	0.91016245656838
0.489338328178172	0.492717091418312	0.580287132540468	0.609401769657365	0.584251944876583	0.579690730911172	0.769062431054004
0.460686445537769	0.449828524684325	0.518169442070288	0.528768655831731	0.519695523784997	0.502262916815252	0.681775350164326
0.804151143844256	0.80969679625858	0.61279535527786	0.860209345757607	0.765704097271986	0.754319020719354	0.839392951267783
0.480220056404028	0.484232612585294	0.590441803748098	0.569204788418661	0.559902933782808	0.558289394941355	0.745869026244611
0.477105379390713	0.492491325265813	0.570765562108363	0.540445758735793	0.544806619406893	0.56156689060746	0.756966402597616
0.488508206457641	0.490591695892399	0.583512525170127	0.574275707323255	0.562257967492942	0.565035223202051	0.807200097822989
0.497638185195245	0.498946113820228	0.577189733370412	0.593289278794282	0.589274145422951	0.582869720110774	0.833185500335282
0.590126800839813	0.621996903871554	0.623356911817603	0.791632829092697	0.714790365455882	0.71600324846207	0.882199887270608
0.50534573384273	0.510030225309962	0.604852056113986	0.6358657867921	0.597641537830452	0.60880126496727	0.863385241685324
0.491895434841307	0.504009603135644	0.60367122894385	0.61459018575979	0.585360666962549	0.602240728447866	0.817774869261745
0.485007706047321	0.474509510708666	0.582281433749251	0.567255527588016	0.575737063829127	0.566717906931378	0.775944440206194
0.53604509361005	0.511447505238937	0.614622920037829	0.630558834878133	0.617125506661522	0.61542980556629	0.923013300907053
0.519046765523491	0.491643144117076	0.59140540281891	0.657782352639654	0.626689339114011	0.624963811292548	0.788184436080391
0.510176232739643	0.506378230010381	0.600344846637673	0.63752799206158	0.621172392798918	0.592940092753067	0.845856727584535
0.478267317507137	0.469120400037062	0.552258722712101	0.579472841529424	0.539939208020262	0.571603202246518	0.704646330747624
0.467071578904808	0.465560492126195	0.527907936167809	0.535861498771171	0.511163621658645	0.518912997955799	0.681915872201045
0.493094020036678	0.488131795378453	0.604333568250472	0.59624402750591	0.581477914562298	0.583322763099292	0.801317713999367
0.484794076960969	0.489375939439595	0.558441266145	0.588526025790821	0.578111604567073	0.579928629152217	0.725914167118177
0.511023156437442	0.508848899879494	0.629268182265743	0.635770093654163	0.621792651460848	0.608082899421849	0.893721084187532
0.499658154051885	0.503139400351455	0.601931369611638	0.617202226543436	0.611289630392481	0.61476398943505	0.819069925978975
0.488442050336292	0.49372763029837	0.594818686919898	0.588705858834028	0.602377744555548	0.607988573591818	0.822772149487811
0.510856376969201	0.503499149583764	0.603937148562931	0.607735921013047	0.590023325488563	0.600386709085016	0.865018792700526
0.519648089022023	0.523268340227576	0.610627731330459	0.659792798326751	0.613983741744515	0.620067290142301	0.843095457553622
0.481899782880262	0.470477003176085	0.563263202873536	0.556030943056261	0.552031598726061	0.560306277701156	0.755635078799346
0.485596447651079	0.493421527425853	0.582745023446027	0.584892226341733	0.578124856848198	0.580150969898863	0.775758227961689
0.501631149750956	0.506737166863629	0.605314807477251	0.597022573626389	0.573214119271533	0.571358825535878	0.826985390242034
0.486858931341566	0.479757927772205	0.575222109250636	0.599085442661151	0.564709622847314	0.574349376910126	0.730004244508686
0.489754029044669	0.492816374678979	0.606237905527977	0.603672593919103	0.593921745472081	0.594223409675488	0.834098895574711
0.738230473325412	0.779258351159645	0.619329907749314	0.840556908645915	0.75488669066493	0.753774378071198	0.877061057957777
0.551062517893221	0.552754863051001	0.591398460623045	0.669247147730183	0.625769566455931	0.649819381312655	0.799329754710034
0.496064408935571	0.485772481278686	0.569192585240551	0.570011052136034	0.566609944150123	0.555273312408662	0.774632214032868
0.448273195801596	0.471796548186496	0.546162315373078	0.525041611858242	0.517282047872853	0.520591841846089	0.666630439528539
0.471502836348671	0.460884668953224	0.530719532632827	0.569376221939241	0.553757565287837	0.545216147865492	0.669668270240795
0.495924046733331	0.500374840966571	0.556792577158286	0.623951045278655	0.586698384621503	0.583459470782721	0.752356047519647
0.493637797789288	0.492647264877094	0.612916816423258	0.610078291540524	0.578944506734693	0.596760850685554	0.854389862815831
0.517047327274743	0.52374228764212	0.64343431437206	0.615387949524738	0.616732846806896	0.630966027187242	0.931473883800281
0.592185913521697	0.629097467511653	0.656726246180512	0.867244915024576	0.781446875194927	0.801284801841209	1.00702702421242
0.496583648669534	0.508302771457207	0.601433919765122	0.587302732182203	0.58832484719432	0.58691065362535	0.846042273603851
0.532936752777588	0.527584830857175	0.636414532776448	0.650628631277026	0.639016604714142	0.654636982658926	1.0005147330485
0.48595880318291	0.485660625758744	0.57475641771331	0.586930431531149	0.578214448049031	0.576526707203609	0.753949283089252
0.510753338704434	0.505417183567344	0.609545924652458	0.60836748470114	0.604633161791534	0.609663167436935	0.90816720321124
0.51496670603029	0.517706388960228	0.583231128528782	0.61186920597468	0.594713131868675	0.609882082996769	0.805808505226947
0.478124381424856	0.483412670522683	0.562285985172846	0.555703846933183	0.551033929534293	0.533109457085381	0.730729712550864
0.512424680200226	0.50106050146962	0.599864281015742	0.676389699790251	0.629983677592732	0.635576387202096	0.799824012609911
0.499057874598526	0.493394448795538	0.594675230591473	0.603062834250154	0.582180591906594	0.581798910129292	0.828409628795903
0.483406782103262	0.480086929348693	0.582065086492368	0.58343169720306	0.578718645421648	0.570908802506605	0.761508908746536
0.644172609040316	0.651153485194887	0.628569080223857	0.812071628376456	0.721955619116449	0.729217802168828	0.867713668767472
0.510860529543145	0.507433303515998	0.578441893327485	0.644532624035442	0.60203959331152	0.605787953968861	0.758511906737635
0.499393602251471	0.497701146427831	0.551016301299202	0.609663098283657	0.573978207694245	0.580081027978785	0.716128925431651
0.582540471406853	0.610678540021847	0.647800826268894	0.823597550552286	0.711069735526383	0.719875336592277	0.95662050043301
0.506202820404359	0.51123803125578	0.591351493255341	0.681704905894759	0.621177771785675	0.636433352017394	0.775371548407974
0.513225961344363	0.512671467600392	0.599621829788459	0.624362024238528	0.601860644422333	0.612808768865535	0.839536963554841
0.492518393378527	0.506311904930132	0.602469082659395	0.583672295995752	0.592516301933023	0.590946243136376	0.844490672726415
0.538251489092558	0.528253587608979	0.603044881620643	0.692809243687512	0.651189127289317	0.658089773320858	0.829830393314926
0.470800139743135	0.47783965468214	0.556499953810329	0.540485275557506	0.554341372631625	0.53024776203729	0.724756159749816
0.493197381963454	0.505628738110729	0.575061483316616	0.614393530240344	0.60147782372862	0.599851679380953	0.826570538813003
0.505501288035667	0.507849337289879	0.604278218650845	0.601044812809744	0.587220889723785	0.585924152258073	0.859311460839238
0.511333621063472	0.517124991656561	0.611178237910671	0.628764920457199	0.614292901116866	0.619874073225687	0.884981117977534
0.506841467446738	0.50924356958353	0.600145077594166	0.591237385659103	0.588704939847475	0.597616583174413	0.832803826986235
0.49124264036184	0.49882571360184	0.595573350484958	0.605672798679275	0.604210948071743	0.601418665692475	0.840346757923105
0.551119927892715	0.546722837220719	0.639143453665542	0.723884795070588	0.668385847747363	0.66042676030919	0.952589910369545
0.530156343504698	0.524253647045566	0.631982758549825	0.634134989871361	0.618393630924103	0.634441733671552	0.953373940824945
0.497025118994928	0.493692382399607	0.579820914557484	0.579931712077505	0.583121654823544	0.585444065452212	0.799990048993136
0.478458749621804	0.487244314179333	0.594691614532131	0.590694696044451	0.581676465312824	0.595656679824752	0.792850302441328
0.518011107522791	0.517827929523451	0.616804501497795	0.655761827798391	0.623116173749761	0.621118006260163	0.898256315876426
0.510397363711491	0.527159076478506	0.536751289025549	0.619514868217559	0.583673493265215	0.575070604092065	0.708337708250347
0.470487714662465	0.48107585610164	0.554325808679205	0.560743792567865	0.557266579873291	0.560615566622184	0.744566074159787
0.482792256820415	0.484160917107471	0.552392898412105	0.562716605523205	0.554774643100599	0.539424099386859	0.756421362482637
0.481113331113713	0.479937701019528	0.573180383998685	0.543224288530269	0.559683530550792	0.541561354962396	0.765832219839005
0.50200083316863	0.484279571628365	0.59388325260027	0.596039415897046	0.593605940948824	0.566215011818886	0.82790146628868
0.494575444059032	0.504162690983133	0.603818189753168	0.643054140047683	0.613233543388444	0.621831855203925	0.817302977215914
0.514462242618188	0.506272701310239	0.610556621223161	0.592069515287322	0.572120461447316	0.581226670655383	0.827960722328911
0.521095091446375	0.509631456256308	0.624189383591793	0.626098476862099	0.61734307201757	0.605238525342527	0.892581443309214
0.510288063779298	0.513269631004725	0.630191882887167	0.66077956759429	0.6224048529456	0.625398398576816	0.893421242164083
0.501431085941473	0.503498573985879	0.606488218213772	0.612784797054445	0.598388751891804	0.588136698224891	0.858804377064232
0.502296789558988	0.492742045102714	0.601161021232402	0.570110092216285	0.569175521409246	0.588674941668315	0.818307442094486
0.471180403543995	0.490338668321108	0.573012818580686	0.553943589989753	0.556352419943611	0.556999949450762	0.756896023049368
0.516293070301753	0.501848515534746	0.6047068738712	0.595362579697367	0.587765166441332	0.596810373089366	0.844556063397791
0.483836893950789	0.495607802706675	0.562366227299057	0.590656438084839	0.575843505206002	0.584242047481272	0.756308100654746
0.459028706986388	0.464195114704367	0.566301848077548	0.549025881796886	0.534077243857264	0.548072596434725	0.7073366261926
0.521423083202435	0.512402840134488	0.620981760782062	0.627690573555706	0.61242594775812	0.630933858203261	0.878620079302328
0.47419804547594	0.481423348207066	0.566598701556033	0.551260618272698	0.554561908149988	0.559350780125291	0.755772641594515
0.532225505626136	0.528074708138989	0.637281147367014	0.661903599909804	0.652669879304368	0.659817163034625	0.958950811605154
0.499212723855383	0.507364397353736	0.631955447916571	0.60743721675228	0.606119396940209	0.593902103681189	0.887207547567072
0.54650664156844	0.546096211682501	0.647284693474126	0.7149175421932	0.670483651739498	0.67564848241304	0.947364433791112
0.493402099280317	0.500557657380903	0.568743170765031	0.591373996959302	0.56871643305635	0.579162237773466	0.741445521870339
0.526054765415185	0.528007388334853	0.652504673106207	0.6444695800796	0.628477883755892	0.652715152462184	0.996284920106107
0.501530449723918	0.489457685710486	0.587030017266342	0.567228986918571	0.570988157011399	0.572339908482904	0.770839134443348
0.506950555791395	0.502423953016198	0.598375826287833	0.613190743528411	0.605344087418573	0.592482348358281	0.846410531264199
0.568993643295277	0.58304088187845	0.633312689556508	0.757782667370014	0.686006421774589	0.707977829446555	0.89726930591142
0.497040394790392	0.508984864059238	0.585267299405723	0.63052284402743	0.60165152943112	0.596832995447627	0.817872061748193
0.521083978254384	0.517649964204986	0.628449247576413	0.661660171900083	0.625249642593384	0.621418768506893	0.916104022066938
0.490681309707636	0.485361720637399	0.596647809254387	0.606573608553949	0.588474798859424	0.593238442186102	0.803194062951191
0.545412442893801	0.520963572038459	0.655389589539601	0.680845462239164	0.664190561022228	0.653637630101404	0.937532686318572
0.520633962884993	0.529823603501327	0.624336361017767	0.651959379053721	0.624902804639127	0.630728994444054	0.921479030724277
0.519648981980184	0.50603815684474	0.612540774479762	0.623578404086132	0.651558823908432	0.619555630505192	0.896153298662516
0.50657214065204	0.509973026453949	0.594602210407191	0.616733989250613	0.596602640948626	0.601271469263078	0.833873466552175
0.471938885344877	0.482002970724858	0.574206984032332	0.565401950351141	0.56940535635634	0.571946013877795	0.768199411065839
0.500008206772628	0.51940511159469	0.617432759270557	0.626075495617041	0.607373864267773	0.623043824837102	0.911138361476632
0.519335308553262	0.491015279821442	0.631388581577875	0.612353028488092	0.598260649730912	0.595839088062845	0.913124865587682
0.510315500824424	0.514318713918244	0.613100057008851	0.653149906604798	0.622677553904299	0.633575088085768	0.897357510223426
0.512447038672214	0.515127981382469	0.616815657890885	0.598386454603086	0.594541948136729	0.577851570171982	0.862106852799354
0.498442865043	0.495442842847255	0.597452781199648	0.570237355873441	0.579365475066874	0.581380053115087	0.833172366458363
0.501724327815459	0.505138628294436	0.598975132489229	0.654063908523957	0.625834777194033	0.632149464539642	0.850162421195806
0.47483794842223	0.47661882642224	0.55639344591843	0.565372647557639	0.553799394320891	0.54899468165868	0.719127060434028
0.518032453577894	0.532310734253737	0.631866570825729	0.660296345275268	0.632425148711471	0.624451849681972	0.951530768123515
0.47062280450599	0.494563226185787	0.579438460687164	0.566908307982029	0.547498101073174	0.575292926011599	0.776619734071657
0.54836605466402	0.554382814539541	0.603713009561595	0.720023597578717	0.665916606529128	0.684213852119569	0.817615033268821
0.492870557697487	0.501981409045381	0.595340686399866	0.601017097503129	0.577756827238415	0.579285702013447	0.79142982732247
0.552156744457577	0.547796382076562	0.607238857870521	0.686033587538228	0.653857131928576	0.635456698166051	0.825747953288523
0.488752770000949	0.485774897330515	0.574190641232668	0.568010042498973	0.543106857355506	0.555098733170977	0.756426167015038
0.520323144125693	0.525857650523253	0.63854698207022	0.635229548278311	0.648304956659774	0.626379479537735	0.938364490445683
0.508609703517224	0.502597460982544	0.591530479742977	0.594970061369444	0.582532296365156	0.60400540181134	0.839751258461122
0.483651305859577	0.481990523033754	0.585832967105943	0.56240688890872	0.559725218542982	0.562883234835435	0.793345517609519
0.556027670547251	0.549354633171366	0.652359426576047	0.700267468623681	0.672965692539511	0.668109959098689	1.02023489657067
0.503146154134076	0.494089023449416	0.599337490387758	0.60853736682153	0.611130751622868	0.609342550825446	0.850761948368859
0.535373751832136	0.518555702803583	0.657045910454572	0.673648710659458	0.663055183455656	0.635851081073043	0.980345331465931
0.513020723715364	0.519904640770772	0.616921411373078	0.65071462300517	0.619414781214804	0.622773052363618	0.868411247677662
0.484898060843302	0.490552834853833	0.571751418898671	0.571704867338936	0.569767200313426	0.572512441984794	0.781484770263908
0.543703852683898	0.569443753658139	0.636909637530936	0.760784351900477	0.692639064413026	0.683232030444513	0.889169308299846
0.528552672410525	0.54729361996277	0.659664776633543	0.667306988116616	0.678876406893691	0.661883554699592	1.00192147173589
0.49512537893148	0.502922563854288	0.59840277627434	0.585752420051054	0.570878956472504	0.570373069232327	0.823732403064628
0.509138079914548	0.514309872981887	0.609178184235933	0.632193061666491	0.607909034109136	0.59188772485395	0.856723148634847
0.514181339994094	0.527721101248457	0.638767693243414	0.634169889221845	0.633851629262615	0.632552658427661	0.95126605121093
0.527497733099883	0.536647290535642	0.608797869533067	0.663584019880061	0.629601324468134	0.636542669214449	0.898013018679546
0.503453224985225	0.490227945823816	0.59150787115817	0.586598445102203	0.571905683954658	0.577497002571353	0.826321284720545
0.520467710999578	0.506127642302281	0.585274736454374	0.651942362564027	0.604461161148743	0.614990261122471	0.784889024444586
0.526950463591029	0.523111324320644	0.621685728363571	0.67850202952603	0.619902526056955	0.626680774345934	0.861174008457782
0.49590010263458	0.505294508312778	0.61277905700269	0.631278781833651	0.614246719422654	0.60223377955948	0.837076123065204
0.511124257218072	0.517344285795843	0.615447193313275	0.627707838570178	0.60025945210143	0.615299315897339	0.877591232054255
0.498701481755289	0.506548587982357	0.595650878427563	0.607012326252965	0.582884054488192	0.590247394038767	0.854166464251265
0.48726182923676	0.495137026081047	0.576719444887108	0.608713887978733	0.590245711068271	0.572344917796575	0.753525902236808
0.50805133024512	0.516024356926571	0.612831828765304	0.621773224405843	0.592112064432301	0.60468314493649	0.859014806266075
0.497637267420546	0.501826892765821	0.582613820549455	0.60326969450698	0.598400755829668	0.597519271859023	0.815344974928129
0.498000392266445	0.487974612402227	0.576774847325299	0.579555412523446	0.568369331649644	0.567334321232442	0.790158038596533
0.525482741768708	0.515634429819575	0.62182766220802	0.632074250029286	0.623767271277686	0.63052108909526	0.948786614907657
0.484641155145948	0.49392194831085	0.57105521014527	0.587114477155169	0.573712141049086	0.567464146318588	0.772454357680892
0.51482726766384	0.532211069863662	0.638413017527958	0.663838873835895	0.632330169126106	0.619992191919199	0.906157285281182
0.528875405162601	0.522384125048046	0.65445821801921	0.659931594706371	0.641769458272395	0.651736177004236	1.0099206372228
0.497675351306768	0.496051472450334	0.560134052592406	0.61516927833037	0.576660383807792	0.601583483771821	0.715344475773935
0.502479791436345	0.491011729049524	0.584637647887842	0.57745336263045	0.583417569035715	0.582153688333503	0.796567533571768
0.528321798730203	0.521690863085975	0.637640808553495	0.688364797081308	0.647299772856344	0.628045029634065	0.926185672468802
0.506254063249853	0.49687367370003	0.574890492394488	0.594014407332639	0.569608052110412	0.582969456087012	0.79206513520959
0.513455830722673	0.510637423465138	0.6294793923606	0.639295518152741	0.61128943355091	0.620808172126252	0.917461981319387
0.502514587141097	0.496333797438476	0.627254059033048	0.633552668316158	0.598091687746432	0.603224554650994	0.900055494657455
0.503886736152674	0.502457904914546	0.602193686312436	0.585841097193939	0.58437672001915	0.59844087517792	0.843136599439858
0.53230637368874	0.517417738237008	0.607285101472707	0.709153619241945	0.650729131694285	0.655288858748723	0.860486867145257
0.503637914640904	0.513421477681483	0.617381097006482	0.618039966514645	0.594446196572969	0.600897172505994	0.891461726907725
0.421114138879825	0.432437556411011	0.474788490416701	0.49675947763092	0.492180619851653	0.498679206373076	0.545433481010636
0.478295579027667	0.468384986435554	0.56274503020616	0.542497290746705	0.555977751558302	0.558290544560362	0.719177434186141
0.474487833791963	0.473577276720596	0.563479594301098	0.556462471877108	0.53164267091708	0.531097740563126	0.71711139746311
0.501881017242607	0.508464764898741	0.61250880864956	0.609324884357236	0.581380045470691	0.585973468438839	0.863212652538543
0.494879676711671	0.498417240155225	0.581701101136906	0.577296924442317	0.59912156675633	0.592507829404652	0.815582842643925
0.668664818163556	0.672053002802033	0.589678999420187	0.73297285337965	0.696265977519005	0.696270386274752	0.779124311957882
0.516959294158381	0.495711566409575	0.585839331268799	0.607530800362298	0.595722917450529	0.603000174585312	0.812178167551139
0.555630390771418	0.548563722483578	0.635633743058108	0.728556008080489	0.682952866826058	0.679687061110275	0.987023821406852
0.505089801499456	0.518681808918822	0.643221099718488	0.627780777507617	0.62531696720081	0.629389926051333	0.920880118456172
0.521028654185869	0.523137592686696	0.614800401846666	0.660334933110441	0.630804544354953	0.61677548893013	0.865573798760457
0.533137584428685	0.540195173254726	0.639034513114775	0.684267734031147	0.656716147139683	0.633715473026932	0.974606485281627
0.504399019892207	0.516331967154922	0.597055869350381	0.628644239200868	0.595641708245211	0.615025254617174	0.81929079422098
0.463441814371843	0.468151544026699	0.543774834153811	0.560845790533317	0.547426232529149	0.535211921388209	0.680335655941841
0.529710263713656	0.519530895384298	0.627045223939707	0.64791386465529	0.630907107964614	0.638624545460579	0.910527038099082
0.499317732739994	0.508958473615921	0.607251129957839	0.594744101381662	0.595310150997806	0.594392109344081	0.85933711092295
0.469910056153622	0.473314337989834	0.556548292239927	0.539674276595832	0.531588869294087	0.553536864416341	0.725450799646171
0.523832008630421	0.518432714544062	0.63327250463197	0.656511745393579	0.630142143266274	0.631959944760583	0.938220878478641
0.494451321077853	0.493185426090535	0.575569032256977	0.589600647308943	0.567450662550112	0.580386283451424	0.763217117380649
0.49952126322704	0.49606268899378	0.584620502995594	0.598696797421493	0.5890899625441	0.586021735577126	0.783007110380442
0.468441531013482	0.477720019478267	0.57212136483006	0.562768226865949	0.55448010475234	0.551566781077205	0.756616859843683
0.535780405153055	0.536565015391764	0.662959933844029	0.691445428644804	0.684193119911408	0.666395917977904	1.01016345499379
0.531771954318311	0.527344753230693	0.615142295643201	0.689525215170032	0.638853347035752	0.644561898034006	0.897721447864223
0.652966615660333	0.646035919673583	0.575416314265004	0.720110391932689	0.677879222890751	0.672640851187549	0.746436717307068
0.593160878488927	0.584716557127189	0.6590973703936	0.777127292803111	0.702493943024096	0.705079826769075	0.929997875689493
0.476315572269984	0.462980994773841	0.549356538074158	0.547669534439581	0.539126596716589	0.539387466404809	0.728154573922825
0.475820238215852	0.464908408847781	0.519982151169909	0.573791393904844	0.558883964890259	0.54938743730899	0.668521204113194
0.467205576350297	0.48223142116425	0.552815268464074	0.553467427047104	0.553843944728549	0.531383757747202	0.698632133798975
0.474763902775427	0.480384178906253	0.563805721554739	0.5581530089441	0.550761901262043	0.551265820885273	0.766967917283396
0.529987956736825	0.514302316081121	0.607369631258367	0.670495293473683	0.644447404776074	0.628713913187649	0.835105701432838
0.495891306707106	0.482183143257408	0.585453345817098	0.585966298809674	0.577958145269563	0.586747524996486	0.784386726437354
0.494101957697006	0.511989075925826	0.616036763142807	0.605270889869156	0.601214379142709	0.602268003070427	0.873971778612093
0.513522654571333	0.503814345866404	0.609479728741217	0.638045590332042	0.611295864296788	0.614696139638193	0.847237535928885
0.437104853899188	0.456681968985771	0.535557289243247	0.538330433454816	0.524851486378071	0.535328093035569	0.668409400665455
0.477241670768859	0.48801719325393	0.576259589060689	0.59765772023001	0.575628201674951	0.577013651059633	0.744107313026313
0.481661816736776	0.49399279718515	0.581777740115231	0.570064932875832	0.578584859192762	0.568421322637596	0.766852630160385
0.506787452080611	0.503812154738235	0.600270402378686	0.627693517042796	0.608531943324328	0.598747373855697	0.828745951158289
0.523827403138331	0.521381437471132	0.600937986059879	0.655461101195183	0.621793824282634	0.615826477311227	0.839138739250585
0.521666224035345	0.510841670904692	0.647640152624105	0.627454913374323	0.621137283956182	0.631496621242822	0.964099794443302
0.518400961587334	0.521088233651558	0.62355794193464	0.652894178829523	0.636882506190921	0.637288447179987	0.889589144037688
0.521041614790358	0.520112005626451	0.626285065222206	0.660223729460134	0.639271875800628	0.653316197980721	0.893832075110008
0.492929656725662	0.490593033932439	0.587030575116513	0.598294423351498	0.569866782463425	0.574814048238366	0.79224790329897
0.464927005981315	0.480543588531491	0.561007702177912	0.562430641386251	0.550042290141976	0.551243144432298	0.706900291618851
0.486233511958508	0.480221471603386	0.583777574896179	0.607264752377386	0.584975340357424	0.586741255117813	0.782734364461298
0.507457961519204	0.510276860341102	0.61934904402671	0.611727324413959	0.603653811756928	0.622156243871857	0.874608385024996
0.510225321248257	0.514741361292407	0.614580185079041	0.64121334985679	0.61632316233319	0.61453435997608	0.856653049244614
0.530887359249141	0.539003122986689	0.635828973989644	0.677438792770866	0.635347808769814	0.650164950218355	0.947012370283668
0.507026085251752	0.534236153948868	0.607528749666136	0.6625541654991	0.647111241484149	0.640682755077383	0.861643988999224
0.51255265689455	0.526378238552399	0.555685875829864	0.625533908885132	0.602504394850178	0.604466368759507	0.691379228849135
0.53320014206045	0.533470443650349	0.651178572555484	0.652863436409321	0.628333389396082	0.628283782530225	0.993911143942147
0.511010914411843	0.498120422874496	0.590525702062049	0.602434184650248	0.588331477517818	0.575016852621498	0.8347591526363
0.488336640619175	0.476332647697725	0.566786355358994	0.559023458912034	0.554046813645833	0.556966483815646	0.756890219602316
0.469427211606154	0.46298376139119	0.547634022402586	0.534644617550602	0.539144430006358	0.549894204438469	0.716365650778827
0.511993961536536	0.523572132067139	0.625767870201613	0.68532499403592	0.659656224569318	0.630735444269897	0.922777144871088
0.522573495919784	0.5201696131772	0.583151157990011	0.67708499920905	0.623024665816574	0.629108197287515	0.767800070602285
0.505682093917042	0.49976479947455	0.609876389913811	0.610751830694484	0.60015823032247	0.606910152964314	0.855031457970403
0.506635579653793	0.51435357305579	0.635654937398908	0.622157836882995	0.629682178854444	0.622839680776454	0.946272368351662
0.488724426196836	0.487635786874658	0.579389545416339	0.582752831481853	0.593041602943056	0.587953058502515	0.77204486831141
0.51774086693958	0.510463740004675	0.605174059064601	0.662247718761593	0.614994764130022	0.638379767306896	0.868666171745244
0.461706065479752	0.462162008445517	0.520319116551897	0.535280740557595	0.523896157757693	0.524841861019362	0.643807743613919
0.489623443104508	0.488525186367855	0.578140425853527	0.620544321343375	0.58189316728931	0.577872471698748	0.742768616289781
0.497545825269067	0.500492619354761	0.613752379001225	0.581058923498163	0.580997565630405	0.592536313016006	0.868545200555604
0.477820633642419	0.475053322027977	0.575586564415016	0.556858980894899	0.551755792307626	0.544476439925687	0.742589669384673
0.509871773323826	0.521005875279062	0.612485271969273	0.639119824245816	0.618761833079286	0.615906220135797	0.828043429238832
0.503814281499708	0.496637425475277	0.609330461852633	0.6006647918165	0.587097608465319	0.609373582825758	0.843281196682202
0.499445551431513	0.510227978996396	0.606182105047513	0.620347759399081	0.604296438261879	0.593317102047437	0.864254525581081
0.487048201047126	0.497138065925723	0.553806104694525	0.618310521135764	0.596074940889719	0.58471302735801	0.72844963759733
0.476653933099338	0.494166713671759	0.60719786558871	0.595238825529396	0.579687219357357	0.575847680496046	0.832599529774846
0.511409499057684	0.511381527819103	0.621387896203517	0.639123888642428	0.628777659058478	0.621295132638161	0.851255999535001
0.50908523809133	0.507679255864062	0.589901583401126	0.64548160826769	0.611029565728211	0.629718076655916	0.841050816996842
0.549088869765768	0.535886039413972	0.657644840374125	0.70979236617577	0.681412890786646	0.663057904084097	0.954564788395106
0.48614293350187	0.491293113518457	0.593498864482127	0.587791868642318	0.558013504094377	0.56736664165758	0.797823477198653
0.48005071001619	0.478801121573771	0.568437976120838	0.53293301870427	0.528990222817402	0.527991945221243	0.725492273430183
0.517986253711322	0.512135574124452	0.607120595536855	0.610126304442148	0.596849740941143	0.605147878311598	0.876285957961038
0.514225963679671	0.501841489400298	0.622226785594367	0.615310450025502	0.600112070272057	0.60475631512675	0.880832784744789
0.505421138548921	0.507586401141843	0.611215921333691	0.626739342039351	0.603530006910446	0.611585670451029	0.868706011154917
0.48303409322738	0.492736916948023	0.579187700525222	0.589553916077963	0.575528863842219	0.579348010337101	0.794489051247798
0.505932102659266	0.49628379049278	0.601341690861243	0.60849849556535	0.608744047438786	0.596627796667683	0.841878590793133
0.491419078472395	0.519165363661245	0.601316868442443	0.624594193695095	0.592445950053916	0.59956770632927	0.847129523563047
0.57681788709941	0.583499461521922	0.626793674014127	0.746731959198557	0.688550555259599	0.695155518121258	0.868346014784046
0.459787678331833	0.471200837259766	0.547608813475597	0.562920788564824	0.534385066461731	0.54893243811693	0.70404601300048
0.534784679675927	0.54403668752178	0.643448682444802	0.664269385937352	0.654294265542249	0.660242615908698	0.954843652133017
0.48745408045507	0.47088480099538	0.562326330130642	0.58829383356534	0.561270000212692	0.548268752363086	0.72316177780767
0.517097729263437	0.508352490327578	0.629564547958593	0.593235712596573	0.614092118421686	0.589831696812355	0.872724426715576
0.49662089031723	0.491001764157605	0.603993973271841	0.591015936114049	0.584230305282809	0.57590057815656	0.800291761430603
0.49217225370265	0.497981193167397	0.605815436685011	0.584063667010053	0.60518789610905	0.584307371309413	0.85778659857419
0.494338150821506	0.491810103590608	0.586718932799304	0.58149422159836	0.583372582366852	0.57272176491624	0.82058054065044
0.44732483574192	0.459429538810171	0.544599115193568	0.532987601924217	0.515225131098095	0.517404917749537	0.671956033956304
0.484171605067602	0.48306403873056	0.576227918345551	0.5706839876089	0.552450222431267	0.556489547986244	0.777898731297451
0.523158665027627	0.501246766674188	0.619234961986415	0.621950481493913	0.615729100985269	0.623299954649069	0.938546418374953
0.48259574700026	0.478697630208473	0.55725736392282	0.5733926130973	0.558056370402435	0.577311004110967	0.749420436737245
0.48076794752957	0.491752443891896	0.56444777398368	0.571422431982454	0.561859613644306	0.581930171336614	0.788057567699357
0.46160279171411	0.457473962396984	0.529054807487753	0.521650332113748	0.513524755592735	0.527574592002131	0.686944708539141
0.49288896762766	0.491067743905826	0.593471359231941	0.606720405755631	0.578301305130174	0.589821541503923	0.82454936763338
0.472472669425563	0.477607659812575	0.556014280477249	0.564035581303352	0.546597605584886	0.549589272472076	0.705428866828996
0.487745205467525	0.492052582454672	0.578473909222	0.577811284098487	0.580860544385367	0.580055780468076	0.793846592319965
0.525958551748127	0.507057211991892	0.601770821910379	0.64057278330831	0.618244468304914	0.60998325549135	0.835819956833345
0.584759728114142	0.56594844106805	0.643858461043304	0.754174929903758	0.686747800810724	0.6943477459518	0.93788215795093
0.459813071539183	0.466222507393457	0.545569003835143	0.525663348450945	0.53208381290624	0.526639008169113	0.698538406742635
0.501062518365256	0.525772884552864	0.619621956355059	0.603236626098557	0.604039815102831	0.611392830710071	0.896634972394697
0.503574536482631	0.505561945507401	0.614562847877229	0.592377905414895	0.603365528205057	0.608617312417409	0.873833675609502
0.482554912933954	0.493786176138324	0.595274358605721	0.56855341832925	0.559716873874726	0.579443911189138	0.797294390587723
0.506120564757486	0.5040819302372	0.61010692835255	0.599871074054656	0.599055873581886	0.597129435707011	0.87612139396321
0.506369197667517	0.52079459657319	0.622597909649063	0.654791236502407	0.62670180343093	0.646935425720511	0.889934833605435
0.513619716837361	0.51739881177777	0.622256507956363	0.655046710545552	0.614570707577444	0.615928191272468	0.907720586550204
0.521789089821387	0.526394403314803	0.629948483320989	0.626563631235943	0.610313949374828	0.621212909162112	0.924310244338007
0.492934799341126	0.50697853969398	0.576876646063593	0.594101416708475	0.577834309738296	0.575342611084403	0.796378530728253
0.502428082789524	0.528872375963738	0.598348642478551	0.662579775668226	0.623488208098769	0.629229792553786	0.825835891545881
0.525497988546755	0.517988073413247	0.600296989003325	0.653645793875365	0.609132759565089	0.625026844148374	0.838727687177563
0.478765388491278	0.489523987616365	0.552928977536093	0.593716790673251	0.580476761809643	0.571564913331668	0.714391190892375
0.474397134534134	0.493665748004695	0.572681947628964	0.586129895651686	0.545427329805877	0.577716665186246	0.742802049787165
0.463481838366608	0.468244189729643	0.563933814425503	0.545117957837684	0.536602782196864	0.537964965183709	0.705104054144224
0.520310919927262	0.509713580159939	0.598646578735103	0.625013351429328	0.599205323766171	0.605851949808064	0.799656322055389
0.553975974532951	0.553582591405871	0.664480649734921	0.709763804244159	0.687747474373752	0.68688590144256	1.02641371624787
0.525709114240273	0.534032099338618	0.621876378247161	0.663497029393748	0.630421608971012	0.636843550141256	0.916157855791444
0.48765460332575	0.484534096325719	0.576328101400799	0.563601408353665	0.564551312912338	0.581236170517721	0.761700379588003
0.537024840256961	0.545523523959292	0.630032565066801	0.711603198066804	0.641952728084108	0.64015372869882	0.911349469941503
0.542756686413414	0.533840078214698	0.654545775444242	0.695143194427663	0.689845750576131	0.687263552653533	1.00507098011253
0.502016846516728	0.509361240192711	0.619471273890758	0.604581481868863	0.601367247561203	0.603878418211535	0.866747273735131
0.52788769829843	0.522156336584949	0.604948509057107	0.689894866627144	0.639479055575865	0.640824333237129	0.893271419141324
0.509610604965616	0.50062270661071	0.594323327535204	0.624196387039253	0.597699806351072	0.588323591254754	0.808664733545866
0.498549043198553	0.506796253074681	0.595600872069057	0.606235331922875	0.575165030565634	0.585861709775814	0.830173671929327
0.513723054519395	0.516455087527497	0.621950904006254	0.62052089662301	0.623680193267302	0.602341516532988	0.888323171050752
0.508542682744695	0.505545608196146	0.615557659382772	0.614741107377315	0.595772166554218	0.579314904524601	0.873257563145811
0.543312922846544	0.548450935447386	0.617407668640541	0.695900983097571	0.651256730062054	0.639723316583674	0.84983762330643
0.52140112179033	0.511136867738699	0.638510120693534	0.617141269052277	0.602675256506181	0.602349172440762	0.912815720055193
0.490074252008044	0.490459664181346	0.593106747124571	0.573149060014711	0.550829835956496	0.578377251034663	0.780798382879634
0.479191162309284	0.47508857035234	0.566184360753832	0.58593257277056	0.559520059112518	0.556384739608409	0.752228570044961
0.513684527624626	0.533915139751203	0.643290775567081	0.689901999346877	0.643098451498285	0.656130751484359	0.928527012567047
0.546798315230962	0.548319473696466	0.656939317802169	0.704158221430969	0.665463967286315	0.6551955956049	0.992829004120684
0.517521918607992	0.516348272627125	0.614885212665488	0.627779368645492	0.608487967387364	0.609709650311562	0.892867969637838
0.507630536743188	0.50758164392207	0.633237485232026	0.615251293910336	0.602843965453056	0.604025710187886	0.896039911131455
0.470997345635089	0.473318601934154	0.546748047624849	0.550968171536386	0.542153989286988	0.546562890894325	0.691713654467085
0.485512163443122	0.490441376482116	0.594982063212363	0.586452267651978	0.568287340775622	0.570347149742388	0.788994503338739
0.482134953812814	0.487077585542424	0.581431557818425	0.582560758943977	0.57278823055985	0.584832294371062	0.811083690308976
0.535070783612543	0.521135128103358	0.618264967266298	0.694042875873752	0.653128279662892	0.658630496977574	0.88065028739102
0.468251579851191	0.474097148895907	0.550331137126383	0.539190882472145	0.533240850010284	0.543345194371353	0.723911950975385
0.508860004108118	0.520958827275269	0.620961749966213	0.655789729926361	0.620423613218794	0.619007228628476	0.871258295082072
0.572135168761948	0.556263910699741	0.554172623842825	0.654073667494122	0.628557980646612	0.623005535226421	0.715900614712415
0.478980707136811	0.463962474637044	0.554953348633266	0.582859899136803	0.55682105548567	0.544100682926503	0.661096572137209
0.516155221924847	0.541129059533302	0.630093385726969	0.694323878871121	0.624252580672975	0.643128430076998	0.920767405649144
0.528422032844281	0.522809809599981	0.64318202204903	0.678927722610087	0.641047274463679	0.657707013717618	0.954306739919758
0.51678905297865	0.512995100931759	0.61659977763921	0.621185346555947	0.62686075081199	0.609499073262602	0.876934555936411
0.455412531743627	0.439194501083665	0.511907386954568	0.500106358197994	0.507073125910057	0.493839198237376	0.635972528678969
0.464940499351774	0.469617959732917	0.556721274819093	0.538874208309958	0.537996853547805	0.545499903970064	0.707802876442693
0.493719079010931	0.493844487359069	0.592540212219618	0.575970459929724	0.572380092351898	0.579173548525228	0.808050948649142
0.50354564504306	0.499466647563744	0.627133450325909	0.622608653474972	0.616969786482445	0.602223840860766	0.864317429551495
0.510843486168208	0.499383651572009	0.605828257224701	0.588813200620133	0.578031501653474	0.582016651753542	0.829706581822262
0.452150275936482	0.460535227644964	0.51610449609761	0.528527322862548	0.520851123620198	0.5157224458176	0.658003171533471
0.455662431890348	0.47101516849381	0.567396465629646	0.537398996694008	0.542843721173737	0.535676691994766	0.70344362245946
0.483009328832316	0.482204230350014	0.553308415562193	0.575725873370852	0.555533542027773	0.560509045581111	0.741252103483616
0.443759554909776	0.448627976444665	0.517618208502481	0.518209947696879	0.5138968407375	0.493070559539288	0.639272476976625
0.485402579506346	0.484703026725501	0.577130345977244	0.575893426821949	0.576439335350601	0.562474990249666	0.764913140796083
0.502468021603861	0.496575427718399	0.610494587480368	0.608264102671461	0.600996254551764	0.582207756817754	0.849901261787985
0.522178244491681	0.521811580341193	0.645396932402062	0.630328156362943	0.62667358688371	0.624228783828466	0.945903041741862
0.522960782441683	0.509360139304644	0.637362633739647	0.625573668004721	0.620010384720144	0.623800907046872	0.922658917154461
0.536119801365549	0.52244050387144	0.616250795127212	0.713951436353691	0.643639779805132	0.656912510145892	0.814458693135525
0.482749016121944	0.48081691110252	0.561536742930597	0.552784336643142	0.551171653100481	0.562030749469361	0.732963968330395
0.489795573816118	0.500519602868764	0.590870418760546	0.59165174524257	0.590379707580223	0.57847389667577	0.806066290237794
0.489912589469176	0.482585527844503	0.57017813317056	0.564950171815364	0.567209528287844	0.576885829892748	0.756051058015307
0.550867124563451	0.558925768874673	0.631703264890048	0.768040062375952	0.679963139663393	0.698730332272913	0.8980825460976
0.532904690717231	0.547698089929878	0.647290864622678	0.660925558745524	0.63446304662637	0.641484146950141	0.972645401591886
0.48512079545861	0.500752951725179	0.567288263798285	0.624227353400798	0.590682649503062	0.584404898093292	0.751269855723643
0.488389262013137	0.493542905782842	0.571482564758476	0.583034463607525	0.56433704559649	0.565202549951102	0.782245970048913
0.480585586748775	0.491506645640625	0.581471076445024	0.559182235517668	0.547457439777994	0.552124970876553	0.780777821360806
0.539744625857586	0.534330250262444	0.619564823374404	0.687707811372503	0.649736213122448	0.641446845918033	0.87430264083451
0.484826183609756	0.49830962618799	0.570715155183066	0.568795813223602	0.571280015379187	0.572915760957631	0.758843554928756
0.485205735669826	0.485800219327642	0.562927466754916	0.576698304070258	0.566755862618091	0.567442024330182	0.768228906341242
0.484739912593041	0.487021349207059	0.568559053929177	0.551451245751728	0.538290181798462	0.541064651189922	0.745241318907189
0.510692801535988	0.512301987271334	0.632272117497505	0.610487366642283	0.625316798274548	0.609148373082742	0.928835717808249
0.490394957488686	0.508357999786138	0.595424964329674	0.579481373445849	0.580698946614351	0.569183599813195	0.801450941385531
0.503446757703804	0.482804810143054	0.582988414876359	0.575924781601379	0.591426159460176	0.570321589721579	0.818978385950365
0.540103874687095	0.534435497491725	0.627058825676964	0.700415828859123	0.634910465082276	0.655661594742554	0.91352349483188
0.484964900866903	0.474945656910439	0.578127349997318	0.604140468993187	0.581734658775376	0.581277186304756	0.772011043876804
0.523551373317001	0.513194546586048	0.619962961702294	0.657911359281884	0.613673005040384	0.61829537458356	0.874922578674458
0.521924950176942	0.504904408653692	0.618903257266083	0.632079122692598	0.595197716278214	0.609531580775934	0.919467052483682
0.539328644573224	0.536055077567628	0.636608851269261	0.692309886263389	0.640527911994231	0.651793932531913	0.871448141408906
0.491682074663284	0.500136462609353	0.59660791615016	0.609147095485828	0.586135075633295	0.588853272157752	0.832466451522488
0.511266476734197	0.520417676081635	0.625134309044177	0.622382756192932	0.610533107251429	0.615402405704328	0.900654574796979
0.516074038833591	0.511056745324813	0.601823440466266	0.649495672487221	0.619934099068028	0.628526337458323	0.822438814416858
0.494432365322604	0.5006412078019	0.601869875487231	0.620454039219943	0.606627894253002	0.599257270080888	0.826630001666228
0.547401920655137	0.54023942840258	0.611716904663713	0.75259819802996	0.686152825922799	0.676737323528616	0.867947686100429
0.482282641128905	0.501421998935994	0.568857811361126	0.573241891617897	0.546688806011283	0.559861947892256	0.781314314025707
0.508247212813314	0.515314276623371	0.621681976608639	0.635129093012965	0.640394778007136	0.649974257641774	0.898645250094013
0.524750733528404	0.526423640692366	0.60044527522297	0.668857304720516	0.624617222594133	0.641136639045978	0.849611863687262
0.514972834364917	0.512631283344014	0.60226777321391	0.66961549065344	0.619211645597358	0.633345826478899	0.849957579077082
0.498620163343087	0.492093321686222	0.60662997953161	0.593019535690942	0.583911479535584	0.599493915878673	0.854789824694461
0.474725911801141	0.476622647803232	0.560077095255961	0.563428360439649	0.554693275245285	0.546378492310149	0.73164099536253
0.482457761779278	0.494611573013873	0.586328439099857	0.575740963891582	0.5811659179994	0.58566128513464	0.808046343901608
0.495936444528793	0.504636014300471	0.6169554141974	0.609345510543751	0.584049095687915	0.598235109286232	0.816751064635015
0.493734850577704	0.491685946289432	0.582205559924889	0.583755070368358	0.580150104750672	0.564716835847592	0.781331345688509
0.496099902414956	0.472666167767111	0.555646972610194	0.603990462516028	0.576854376129676	0.580698103350513	0.701512533434219
0.491526063284235	0.474652719941342	0.565154553767838	0.558333668466756	0.545675853834139	0.554767766957468	0.763353258785525
0.541571935622606	0.551450873015071	0.660314819115097	0.719396987686732	0.689018035358888	0.666424705316919	1.06915066282979
0.458344989572786	0.474795091647984	0.544114133331272	0.524537696276167	0.535906041957074	0.54266220051267	0.717907501260445
0.49886760806401	0.491987554474928	0.60293658840595	0.59651601482166	0.578731989227371	0.579746584927558	0.841652350324962
0.500814122306794	0.52786658255152	0.597710760106661	0.639852741521419	0.620964119722547	0.617400870683032	0.851074460580937
0.492891791033893	0.501497514884164	0.602743084842182	0.586972382440102	0.580133234507273	0.589897943146809	0.803700762235247
0.481095808064661	0.483193781898607	0.573196023204634	0.585988338930393	0.569757004459701	0.567640638583115	0.772510324403753
0.542606966468862	0.530203497697014	0.656924318895736	0.65151895133462	0.648073137639147	0.627458219437451	1.01996839913551
0.446693842657695	0.452855155029501	0.526094445842269	0.531300110143459	0.523501375315177	0.522262096894191	0.644396902191313
0.490960030265984	0.504060389924211	0.593410587759424	0.578683522336505	0.574947412527699	0.585856714574078	0.823336418802692
0.522144101515441	0.519720225038952	0.614579317559249	0.651092024399143	0.624990611784411	0.618128874746098	0.836688868551903
0.505033357757211	0.500660190885214	0.59201711526375	0.592787877269333	0.582507538678288	0.585233295457726	0.830335988895593
0.505881174705765	0.524929994806905	0.59580312542137	0.655997599814724	0.607902731502763	0.622013739954456	0.825140446209716
0.493940087950594	0.492890727854486	0.594274917435518	0.595584465506375	0.571217468117243	0.584071603227864	0.786098819257074
0.525337473169651	0.513607048829825	0.594793206612743	0.614096412558536	0.589012797240347	0.597457584215363	0.864586088896155
0.455991749660655	0.455878151874561	0.532290611961514	0.526562263389287	0.51843005013001	0.524273127487625	0.674430219241757
0.493753666464959	0.511778539220236	0.595595994584836	0.614539113237115	0.598941534676879	0.597292391195904	0.835181502198516
0.467936169873239	0.481404814862698	0.549822417709883	0.57548082327971	0.542408923507702	0.578159610983098	0.727190178226755
0.488278385234627	0.482746223653202	0.553827387598173	0.542311911970895	0.555159441028065	0.551853361573243	0.751355803788894
0.609016638567049	0.605025891577719	0.620905507710086	0.765113813454408	0.69032887782003	0.690851468570166	0.871566682592947
0.515386909175174	0.517101212438027	0.602974227719371	0.627569991319332	0.621618141775437	0.614004614265341	0.844379796878483
0.512296377612043	0.515707927528987	0.635958182591858	0.655519666657104	0.629415400363214	0.612709406132619	0.948409533775255
0.732428639732932	0.729770931958257	0.620125865399803	0.831467992463204	0.727214220779008	0.733678402981566	0.820900762957468
0.488815983689476	0.484499587040509	0.587235084193846	0.589552798525529	0.584770032887062	0.584659813913987	0.801301800439846
0.475075561681496	0.471827002806507	0.541352219844979	0.557001952286066	0.570170959005209	0.548850742543673	0.684371855948419
0.505312229576896	0.51240654419885	0.634192795372801	0.626442744260172	0.600826784136269	0.619874409761121	0.896302072396046
0.468277743465765	0.473427177055064	0.55653983318852	0.544999834222112	0.529895634206082	0.537789822399428	0.727903256476467
0.471470634284807	0.490483856847053	0.570300867334453	0.55826388501816	0.554728196066543	0.558522927049578	0.769044878533978
0.49244157819939	0.49057922082309	0.593941296886743	0.582074869218286	0.57125757235769	0.561997586968935	0.7918586271881
0.473054946735311	0.476704585805391	0.55995193334599	0.577680202873924	0.57267445395751	0.560380381490093	0.720251069119002
0.506260450666782	0.511634206681163	0.585915706640554	0.644599390111786	0.614494072925053	0.614064635130307	0.8363303697369
0.509376374440067	0.515849044763992	0.610508766631801	0.631816119255901	0.618660447478735	0.606205146273206	0.877518329382959
0.517911282704616	0.525277984341907	0.622810924705094	0.633371690453551	0.606317650397333	0.613525206517338	0.925408493226966
0.479904609555736	0.491011415604144	0.562868040862624	0.582944407558946	0.558728408769555	0.569152425461196	0.726690670727641
0.503608038044011	0.502131726927076	0.611258344119134	0.63076014153765	0.606375797814044	0.610840747826503	0.819811254660906
0.520032145749619	0.499155155430347	0.626539729504888	0.610848648622807	0.619539138327179	0.615980262723937	0.920713597106687
0.515511035225686	0.516074770680357	0.582349709294524	0.646466780198033	0.594356007380374	0.601367634387709	0.76563330613649
0.514665306760242	0.514861603373262	0.630466483628197	0.633731860637662	0.607680513069534	0.599111778912396	0.897515990778506
0.515387335175319	0.524845360609424	0.607737264945012	0.643821882117626	0.613580401317783	0.626688095290438	0.896131915979535
0.478812694128232	0.485948912933098	0.576502575080935	0.615330816349524	0.579638515694077	0.583540201273319	0.74409142452603
0.499549164598802	0.498998424445901	0.60035881655008	0.618869456924611	0.589022684716438	0.602748121566022	0.829718403745957
0.520954740238975	0.518339969551415	0.62414994775334	0.642567202584908	0.630628748829433	0.617188538070147	0.940744332680458
0.50954758068481	0.506363296361473	0.606713157336109	0.606690167078551	0.591737056832542	0.590524365748487	0.804408718649356
0.487910887095655	0.498553285884658	0.577260031251652	0.575273234892721	0.582891388888656	0.576749151431945	0.798049622239412
0.554299216200051	0.554582532189177	0.568384063672925	0.712845787181497	0.652427650241247	0.654343350675317	0.735883237700337
0.499477255776504	0.518570448998878	0.622265994037613	0.619617464438316	0.592010546268306	0.606244023550472	0.877708109497662
0.504308242286964	0.494435919218964	0.585925490836473	0.629037033800576	0.601323151227147	0.612187810413031	0.788675061689532
0.491659687735306	0.505500046139665	0.591611375261128	0.565721442775823	0.576470118856279	0.576371844116567	0.795159405652795
0.490096342806369	0.484496362680274	0.587436077068128	0.591545811715606	0.581591907399881	0.572310057897272	0.814288418102944
0.502509962215956	0.519019242329542	0.604604304014654	0.621600546465571	0.625291997185745	0.623729032968146	0.852337650523816
0.508781387779514	0.497813573433137	0.602341137142124	0.608963507422011	0.603880853619024	0.587422196152108	0.842144530800871
0.50844279138814	0.502322924150666	0.619667853507126	0.604602152581645	0.612639490790003	0.595941631395702	0.884898949635557
0.489304187236618	0.4955573890325	0.602934162686224	0.625671836746872	0.617400417924051	0.596238972151699	0.839565324685161
0.501572011891256	0.484612973688767	0.601530228435634	0.57810888027007	0.573383177962071	0.588833137963556	0.817108979017441
0.513618276115465	0.506988923352609	0.613606107499406	0.634589597735306	0.613669300535626	0.603440669197884	0.829760262461099
0.519536492562565	0.534367909447922	0.625027957733043	0.6745532538059	0.619864621796732	0.646181724618531	0.883223092261126
0.498302277034807	0.484953187568784	0.583048062186814	0.567992335689723	0.554999288243482	0.559602452193132	0.796688622212753
0.478199847944533	0.484659969156921	0.576619656347233	0.557126400043809	0.561800529135033	0.544233063002552	0.773874147295761
0.484472823933384	0.474468784288278	0.565147026588806	0.57143402360828	0.562633874484408	0.561161357824735	0.748461433414851
0.500993963316247	0.504856877478741	0.571310289946222	0.598588635649863	0.602291678996508	0.580603650235138	0.758474736581495
0.555415385053959	0.565899710933001	0.62343181912603	0.703830213656384	0.670298260581512	0.652581230505204	0.896610771180681
0.498684609939615	0.490839534264747	0.608105689407966	0.604446734683145	0.601200320963439	0.606500744612732	0.845188801127976
0.507370427525735	0.513079840532058	0.600695364383882	0.61007630625688	0.595232121329272	0.601574035798124	0.860197955825897
0.477072216937035	0.481566029770054	0.566464408480728	0.571834582869935	0.54941945876071	0.566540157239065	0.740711653092001
0.477261322729506	0.488753051995311	0.571340669047878	0.599086131185125	0.586267384215992	0.577377963834848	0.753412214668059
0.491765039748052	0.465582839743344	0.584047119839772	0.548869363861804	0.544929444441381	0.553666868434141	0.778449489104901
0.492549743164377	0.505967760831948	0.573635267022103	0.620090319783696	0.590792254957957	0.595986365289999	0.775337639107586
0.505160030425081	0.499624594397785	0.595267396985295	0.576723463991661	0.583851697914716	0.605563684113917	0.84254376293291
0.509183387046404	0.50434112435276	0.633834506028636	0.621510576698502	0.614443386895939	0.632683215412079	0.89915326472674
0.495724911806271	0.495556378503698	0.605310593922459	0.591419259297958	0.590264219181281	0.583502867680759	0.835242871840347
0.470999640380647	0.485368958239812	0.578665844884295	0.561866243186835	0.566190726513371	0.563120416914014	0.758492616311208
0.495010732442439	0.493591015835071	0.586083044052531	0.623104233364775	0.592992660580752	0.605919587334534	0.809400529993471
0.517477095010517	0.506126190983366	0.608963599917185	0.646283541010223	0.618573856226421	0.612521550082288	0.900626704275205
0.497449446247836	0.48798087314059	0.584972803295373	0.562516746738595	0.561170959527952	0.577905743188588	0.80674790091786
0.476471403659183	0.469254799739678	0.55013943435364	0.569925266944993	0.568820743144483	0.546584502931947	0.715840137832782
0.501663712068807	0.505192009117751	0.583494417203884	0.612468784901238	0.600464686566078	0.586973658642347	0.821957470232516
0.520271582984931	0.519193664113869	0.631924249880601	0.632456954233527	0.609644301509083	0.608603374274334	0.897543622234162
0.470137150520043	0.487085011847926	0.560555708930939	0.569760049340684	0.562247245148047	0.563995611701303	0.734123041248541
0.556182946159839	0.567420256354311	0.583422368672133	0.701186911492659	0.654941385347913	0.647776468396159	0.760713370437347
0.507931490398309	0.502762419647961	0.599673315641596	0.591277366607839	0.577887589262985	0.586900144690025	0.79928928406059
0.521212371673259	0.516903142767206	0.622245455116361	0.602721220776171	0.610620170256297	0.612405422874122	0.924149835916141
0.513299207358248	0.498573941986916	0.61388099120928	0.601634824534672	0.595075688038281	0.597861072946994	0.843273473535151
0.538232909707099	0.534837100287389	0.659496246525803	0.678841249574174	0.6531933885239	0.647621003501223	0.954540427387996
0.525999836591899	0.518715732236175	0.590987124687057	0.634005083026803	0.605457017636081	0.606868733965252	0.820622201956386
0.533335775779258	0.529814710128508	0.654911107855448	0.656063706919858	0.643260104704822	0.638745990812316	0.99238798626009
0.517592767958187	0.507203300899836	0.623406675781797	0.633389766195498	0.632686184374398	0.604180981683801	0.90603931142898
0.485159413376863	0.493822916957748	0.5865816564353	0.583315586314095	0.571479487689547	0.575548292334764	0.806236772902565
0.481020378096208	0.470446786054092	0.562141177540294	0.554174808616723	0.543270396142069	0.547791465968957	0.741649153482445
0.518417129796258	0.514105713390215	0.5928175859958	0.666034655758675	0.625922225100139	0.620147524098537	0.787559154621993
0.498943817402947	0.489067519981477	0.57950401428489	0.585045665046158	0.559903174505373	0.586769324774135	0.817312326006406
0.513947699605372	0.509815476911817	0.6101721147968	0.602797490848526	0.614066217327142	0.602256557967392	0.87807480058517
0.500324326450459	0.49771149250312	0.580539493608769	0.63330382721535	0.618345771386569	0.609210259638432	0.822622910507048
0.532675736881558	0.515163147007582	0.624885270625006	0.640614936294605	0.616958031687667	0.621758337849124	0.934316740928232
0.552290083533519	0.534052194016917	0.618916774968875	0.735843509272584	0.662683716547566	0.66808596357859	0.830029599065491
0.477292737279336	0.470180569251543	0.55521527924161	0.568533299535222	0.561956788317179	0.551897560432525	0.721764455296827
0.50092590400443	0.511450507591991	0.58441634353581	0.597129323210851	0.604169378845154	0.592202331716414	0.814721847544773
0.793252112329797	0.775717863114098	0.557324512109464	0.71912452600018	0.670786745421965	0.660796519881368	0.70895385846669
0.591210418004793	0.598288655934557	0.625832973345365	0.740086304442232	0.676697400906579	0.695197727618765	0.948190254403823
0.511257516189633	0.505572585108306	0.614498792321679	0.643651509507741	0.596216385578013	0.62708678594433	0.918547471524431
0.527679003938731	0.517938039316451	0.653446534009077	0.671820007551346	0.670491631115258	0.635478394153882	0.9806504776738
0.523550231088071	0.528828082454901	0.640973949366659	0.65513302333593	0.641114861676159	0.632882692947716	0.980673068439429
0.47072711880717	0.464004219595709	0.526981497144749	0.576777613298008	0.541904669692774	0.5438151381475	0.629803935330021
0.549194635869916	0.537198472182163	0.656443826474116	0.719821166846008	0.660916206415475	0.662183768004841	1.02216772777894
0.48053588241801	0.472314376795892	0.557209318994685	0.562872370849202	0.548406275593657	0.546579736479297	0.720068765342571
0.49382128387295	0.492004243521469	0.572385562805985	0.585192998207714	0.560202184734564	0.570592132232481	0.775081741383296
0.48227090263784	0.479427912263908	0.589112200834436	0.585094278482916	0.573706763414065	0.558936780357454	0.782701351621886
0.498519697532791	0.494672528983921	0.593909338994476	0.619723018944123	0.591786796781085	0.599412798686437	0.807955625735728
0.816833770463151	0.798947130464838	0.598123763530206	0.803114724262341	0.732568540744588	0.715350101246494	0.777637737429143
0.481281346315591	0.47711760030803	0.573844202127803	0.5507655339025	0.543763568841397	0.542951794914442	0.752440400679774
0.508211856560201	0.508511216778081	0.605071974928405	0.639109308323298	0.608246571521848	0.594477396840052	0.827185753595928
0.532640023683504	0.512279725688535	0.59274269237891	0.650655362305482	0.632469035559469	0.622433487220358	0.819172029604943
0.513194247647832	0.524930035203221	0.596177158089128	0.676581062518799	0.620999024501117	0.617084407089956	0.823947471898056
0.515574122567073	0.522189127380517	0.643528762628938	0.666116048588466	0.635456012085785	0.635547216218002	0.941927572515591
0.496433049044083	0.510866369590908	0.600885917814324	0.600794945789635	0.589338957654401	0.596210063772644	0.804443582657204
0.510454448583516	0.501182447253595	0.600932192468644	0.624210322698318	0.607526286902739	0.605811509735938	0.842966366705926
0.511957537995388	0.512724339567435	0.613377100908571	0.627253604562338	0.627972309335338	0.619344472899243	0.855247637439335
0.497267367674186	0.498794324587732	0.58906736276913	0.58674419710968	0.593988216755929	0.603130083890353	0.824414388736547
0.511918755619996	0.526555064409733	0.639925023147124	0.673739589823144	0.63744001404836	0.651714037901385	0.947413136073773
0.556193698629462	0.518687220166781	0.635827092426613	0.684604090146182	0.676989548014558	0.652380097275786	0.930296690576231
0.531071296809383	0.533031442862711	0.591929467970368	0.6621736682752	0.635092908943445	0.63722602987816	0.796664974808281
0.641937820256686	0.691635034707394	0.626953129740429	0.825624825899993	0.711033019320402	0.750436398748319	0.872709474682567
0.498365393617066	0.491214826671415	0.573327302136717	0.605616997028128	0.571245266741983	0.570832843391608	0.762422975793173
0.470709924875229	0.485808995101103	0.560616855040283	0.570114569885282	0.557413568434552	0.569150099876464	0.753044290135649
0.497156885036179	0.483911644725881	0.589166312784027	0.583782033810059	0.566694163722678	0.574622644128442	0.808782562723959
0.493591925511707	0.501971607599871	0.602672810411264	0.602459007915795	0.593200030506046	0.607798753866331	0.834052394548339
0.496841527726156	0.496811688582855	0.571210141125861	0.608511739729715	0.595406506393277	0.572836782588075	0.793756975146153
0.501818816259534	0.4944862540805	0.582719619058863	0.61267400621921	0.576952063955462	0.586950120502721	0.807620350111169
0.543446640116741	0.568767917016146	0.601118896141988	0.671521098643691	0.638619321945904	0.644227723238199	0.790611828010877
0.512957365528852	0.512434429972816	0.6355706532682	0.625063218979651	0.624888557146358	0.620262651807248	0.928923158052449
0.451366680249343	0.441715957120129	0.529753001970355	0.515841647754663	0.513725922411859	0.517479983307868	0.674626015805608
0.492517312418684	0.486211397440364	0.579642035799346	0.596094338295933	0.580486791062462	0.581097959834627	0.762658442384485
0.485354028416754	0.498954104045236	0.597238863041428	0.577410937571554	0.576995187499951	0.575281464094554	0.809366075119085
0.51426006900618	0.517014425651141	0.625033067606171	0.678095953973869	0.644570179189671	0.636686049878518	0.863999956861096
0.486329979325611	0.475507733227786	0.54718225133424	0.604576627162795	0.569691807664675	0.552686970927488	0.695005010386726
0.47945665386214	0.483253694641624	0.551418136495827	0.561040286691748	0.547265666847236	0.569975829288141	0.736495890177964
0.468272883093815	0.467921745112507	0.556529131539091	0.538584623156945	0.521504810579355	0.531575930283018	0.722992323027179
0.523512213047722	0.51710160112392	0.63362201415274	0.635824856780073	0.611743139959105	0.603144110950683	0.897477168517612
0.575169836153495	0.604694705042733	0.646230857983457	0.775875762065851	0.715808641420761	0.722963587301591	0.922768483807495
0.554710348629422	0.544326819303484	0.640189232947701	0.711834065462774	0.682626054444979	0.669922491539233	0.981396876215274
0.516769179658056	0.509279204013986	0.60039917623352	0.646799073378354	0.621348895264745	0.622042257253078	0.837883320153272
0.515352398511961	0.514251991415613	0.609599850954833	0.62833201959531	0.614581360409116	0.590723939493289	0.870591968134896
0.499953938205873	0.507783755716264	0.625416690618993	0.609379114099216	0.587613674955692	0.593807437830385	0.847889114164619
0.526369040528306	0.523271910356015	0.609461855825605	0.713360379134031	0.673863642038567	0.672188103988502	0.842152403311378
0.480588317579106	0.483700672019095	0.569418304803899	0.561137774545431	0.559217799845531	0.548657030662488	0.751502846394221
0.495233138225252	0.496235398018441	0.585516120546649	0.605148478408147	0.575813674559611	0.588474652388199	0.818359738074538
0.492183357605025	0.486519058877927	0.579588831625866	0.582411693901299	0.563995197285905	0.581362571190115	0.760316833323829
0.511991894349746	0.513849078337223	0.619059250722377	0.620265249654554	0.625717592818186	0.616803952266104	0.913193390087114
0.463000773523356	0.458198400519782	0.541455215262859	0.549754498293378	0.541325559668285	0.546038765997438	0.725888421449806
0.487483525455376	0.477534965802746	0.583245005861372	0.561296135467795	0.576329169432742	0.554489518792514	0.788378394575739
0.498536713810044	0.496741938851466	0.585281357121417	0.599055086371255	0.583324627639748	0.575595217962969	0.82865944773261
0.523961417042177	0.523526366669164	0.625328734433171	0.665818213716424	0.63336777206751	0.633084608455575	0.900953543541633
0.481668343750258	0.46038487863799	0.561587075440715	0.538889979093386	0.530930602042097	0.554811484427877	0.734526175309541
0.538891933557395	0.536023549764051	0.638429730209189	0.656817568415575	0.66609989487997	0.654031764003914	0.985836903354711
0.506277724686516	0.508670474829118	0.62989879618698	0.605913568301704	0.611504900278901	0.59818231225971	0.883227189843196
0.520826676805636	0.523306035491355	0.64974066014481	0.625674046482132	0.643339505788981	0.624005823016623	0.980112125460733
0.550664637911251	0.527534437234673	0.566503288100571	0.687560829017771	0.627118042177716	0.637583585045227	0.719349961397532
0.489044741910561	0.488944611544196	0.594749217192907	0.607739919677647	0.571482038778988	0.580030158819986	0.784811016015671
0.506360554887352	0.502999188538735	0.59586099833032	0.619285722628269	0.593282261935167	0.604121866531242	0.81453423506783
0.516618128031915	0.524976787247112	0.628620206655521	0.703899710482886	0.652547829055753	0.634642618757183	0.905862601541742
0.486561515529376	0.497833251014275	0.575986618506966	0.582089678305307	0.563424665881404	0.582870084835384	0.759772755549895
0.474755912529036	0.470124491212639	0.549993829146479	0.557737434547594	0.552918608710784	0.542535514428491	0.73170321374426
0.47213784485841	0.473417480384686	0.566981499494545	0.558326357725503	0.557616886972779	0.537259265629456	0.751218071752215
0.495090589104128	0.525432181940501	0.599872328721469	0.605991136187023	0.588898179678745	0.597525278905531	0.858029078545689
0.530707055457143	0.530305284982522	0.623829811829207	0.707306973952673	0.647946136972322	0.634611543548491	0.875212419212511
0.504874131917113	0.499529937043657	0.600401151916713	0.649897855489681	0.613316350436963	0.631292669810802	0.827272813257256
0.476086892757003	0.482440418377929	0.584512120795408	0.545970305284065	0.562863519618795	0.563996899199318	0.76694253924431
0.510959593268725	0.511452035827195	0.61634472334938	0.614028100699265	0.601157889724836	0.612429286888407	0.866627047101533
0.513416725450554	0.509428583110316	0.588361656783623	0.618083133319445	0.608119037651384	0.602760562612733	0.795529493841482
0.508690521239566	0.503422020265772	0.609056541298448	0.615493541031024	0.608835816288441	0.6001095217651	0.881878946707449
0.502264760899019	0.512283646024695	0.591611245010545	0.628881167858551	0.609418796499567	0.59717744149478	0.799281411078041
0.514573412083582	0.510310282816491	0.609762937292804	0.596022002281446	0.596870125445759	0.590927338315713	0.877278943424666
0.447075448506219	0.467717062007671	0.536728540040082	0.540604573886925	0.528808807529429	0.528683586212038	0.658349909771417
0.490418057881687	0.483551883912467	0.571555646929506	0.571426587588677	0.568964010770636	0.591018082574693	0.780243363988437
0.487523942083689	0.498306287247066	0.561942402671774	0.614938616599144	0.590720376352246	0.600635961102862	0.749506434221519
0.551489581830678	0.53078189543018	0.653742082429086	0.731622935275113	0.688430921018422	0.66996146354404	0.93829164291112
0.499516862720218	0.498899363769128	0.6063159695436	0.615689828518681	0.596452103446383	0.599322466130478	0.859810956329649
0.533208588432289	0.533577177284827	0.632309761508728	0.690826169481979	0.647315250937311	0.623873001352603	0.986111227664321
0.49968525696044	0.503126279310985	0.604712345998617	0.580917718225902	0.59235099695953	0.603299880838141	0.861090702556078
0.519116297936357	0.518485924749928	0.608072304095458	0.591388539863922	0.603127902772401	0.591403952632868	0.866793949929613
0.489464906843623	0.481519022220927	0.582111445648143	0.579032498028091	0.568178759902134	0.562414065430981	0.770790252826383
0.502808223152592	0.508153138069397	0.580230732484939	0.656709049026302	0.625229911036092	0.628161692795684	0.790251803985753
0.50206744130614	0.490969880349399	0.590723815876913	0.596393542158735	0.587976410597144	0.579103131106117	0.848306824321683
0.49254222288461	0.502337609903249	0.591780136057227	0.57910285216829	0.592984325006869	0.583835384534431	0.826987761558495
0.499700354093798	0.492148571578178	0.59518786975364	0.575068703219345	0.5846463473148	0.583162828524792	0.824264859647432
0.515664953934654	0.505164698722488	0.627838204886508	0.66321950392034	0.616748489101101	0.629563094413687	0.899300258210835
0.524513585749541	0.519784280479298	0.623890258336492	0.633722770592706	0.612841618880866	0.601537908420754	0.89831373766252
0.51247435651699	0.525630526241577	0.62653519983513	0.645651758651921	0.626981084138073	0.636254566880271	0.913079342484163
0.505908873796044	0.504980782686852	0.621856614783017	0.606793885929975	0.58750570569368	0.600273463514264	0.845932201191763
0.489875765673364	0.486738498726046	0.577530146369896	0.5990022966185	0.58564595190324	0.581905422472597	0.759956268714099
0.491990437279191	0.490736365896168	0.585939660263545	0.583050944760913	0.572367943449264	0.570242661986366	0.803523826009796
0.529978133767242	0.524460958811047	0.651921338370793	0.665301147005377	0.64177355116719	0.65612559343469	0.991406672709962
0.468473525276896	0.470190455383393	0.555100482635761	0.546492471188486	0.5246793157939	0.534140257105949	0.70412867875897
0.518045904767892	0.511301917493508	0.628701829129148	0.652940686331201	0.614679794295665	0.620310834190156	0.908262806327098
0.508545441269548	0.508361836431167	0.605769898130987	0.643484176024118	0.626070936689696	0.602966428507525	0.871031669731024
0.480769264662054	0.474272072002531	0.547589197900999	0.56467160150586	0.54783993808096	0.563562962245701	0.722838143732086
0.543092124585972	0.542293278973213	0.582192367701699	0.725652256535771	0.652866346338115	0.644663971163048	0.766878595766453
0.540223882713226	0.538295349158568	0.662783476442553	0.681933233446027	0.649631290990124	0.662231009828405	1.00604871642211
0.483515008424412	0.476003775707936	0.573855900009758	0.557526176927178	0.533450081248863	0.557667889408635	0.740655236781369
0.464090275696666	0.462542362718006	0.540757993773704	0.524275724773055	0.521362887283716	0.52967109692651	0.698220259249128
0.945959480441363	0.930761412088686	0.620702838717173	0.861518838674469	0.779137742163508	0.769576597036835	0.820529058100402
0.495051955572663	0.501228160830993	0.591415705275731	0.612157565621238	0.579620985586519	0.587884807424775	0.828582779220185
0.509141979074041	0.519589001114062	0.638154865790637	0.636874595972218	0.619473380609777	0.624217399315957	0.920847082234993
0.481358540782537	0.49627192296874	0.498280679363499	0.572344241797435	0.54684928007994	0.556486454717783	0.610541013918758
0.527518956443367	0.524187045079846	0.577588637435704	0.654901187294923	0.618623125643615	0.620282155228833	0.778572142197649
0.446963947136547	0.454897696572969	0.541494863260525	0.510215489887694	0.514094398776808	0.508108686887647	0.661213566546889
0.509213001576232	0.526209757277635	0.613782327533267	0.638470156451825	0.601137598334593	0.616082306007827	0.887342975636701
0.46901327819478	0.486743017933701	0.54748890009301	0.566283043675518	0.552569805070255	0.562752433460888	0.735412121186156
0.474868688075726	0.491038342908441	0.583975267772422	0.55653541478324	0.556130739117296	0.569742062095475	0.775985587080604
0.534641011775003	0.52535660577842	0.647256356381934	0.656033975385478	0.63730627378231	0.648278515165048	0.981854314177416
0.488466212815959	0.510691807677603	0.600682855487636	0.584135964818575	0.578208098769303	0.575365901025299	0.842479865915593
0.489874831900929	0.484522722692529	0.576756191184917	0.569211098029849	0.555403736155992	0.576821795060489	0.776667740098107
0.460562324193433	0.461611178410709	0.531167143170218	0.519821262365379	0.50230414740448	0.516029035242273	0.661232995844002
0.478331310222506	0.480500952639026	0.567968594802395	0.554019524154658	0.559388498632831	0.549450308948205	0.749805659467586
0.565961346926469	0.587003965781033	0.610219097307362	0.710668606630763	0.655743066917084	0.640275993204449	0.820370532866803
0.452365481256642	0.452843016830172	0.504250459717661	0.53621236690376	0.531109416621321	0.552937592380777	0.615331758265107
0.4970963585274	0.49293939320715	0.585068003285787	0.60720894564703	0.589894808503792	0.582267897731243	0.778320158013002
0.518777954027019	0.51935901579961	0.638428713114354	0.636882929165963	0.600444210146495	0.628884292778057	0.896739080194745
0.48728586205052	0.495794313800955	0.585792985339191	0.580877593558293	0.579921972387501	0.579702103063561	0.798728146435234
0.529046945293289	0.531592931285444	0.623137566793373	0.7035267088103	0.653637139483266	0.660982955893458	0.915108445864605
0.467874105638082	0.482299593386903	0.573367781141734	0.565925024835848	0.540685232360794	0.566632870274594	0.734958644676755
0.511502081370646	0.507015490489	0.612715574219114	0.593851867240896	0.599903610835095	0.593179863720699	0.896150470958641
0.533906177047338	0.524930439322049	0.652916364718144	0.672371522014226	0.656573189451756	0.643499177519426	0.984929543908366
0.52392852929814	0.522220997445855	0.623634333492932	0.706921637994534	0.652695428145482	0.641566733104715	0.840814441475334
0.51278053998409	0.511669010077641	0.618914174720879	0.635701159409886	0.613584716997573	0.627544891522281	0.882907612531922
0.482309955414311	0.487706655521804	0.566421956041306	0.578439393250227	0.564526788759902	0.565225058357692	0.759556226894402
0.516438174426291	0.530667739644993	0.605777873874469	0.660585724320928	0.632077144411116	0.621473261176075	0.865093149671486
0.502074987976397	0.506094575771638	0.600501721950922	0.596434692928876	0.586789849086944	0.584980735056526	0.832817158396924
0.510498893990464	0.511689149824729	0.551773332612349	0.634799228959379	0.629824963858512	0.623550230148242	0.730277745693924
0.494780597881779	0.501089386513603	0.596587911063014	0.589192673250474	0.589235365990016	0.583954605277544	0.804317672376491
0.682774468334905	0.700618269656233	0.635682443386876	0.799701930728032	0.72723083008072	0.716683072946027	0.957899574335216
0.571160513282089	0.558380308829095	0.656594695218232	0.737132007039035	0.66844620428964	0.673817946491344	0.961488895966276
0.494624200284905	0.503489268137862	0.593711557854422	0.583687229374489	0.560010131952354	0.583012544688555	0.827164801596541
0.524736922170488	0.525406507218056	0.619832838692664	0.682977960128721	0.639372954059779	0.641237378227833	0.870122286990392
0.465015838382711	0.484379224983021	0.566471069031394	0.564394545867422	0.564431621502365	0.550725444790672	0.746930263383768
0.493880910884908	0.490993072100935	0.56792981028336	0.585587893194515	0.579973793793009	0.580190234380551	0.775378441654261
0.537061439164209	0.548007713518873	0.644484897151242	0.682341329379266	0.652486819759951	0.652700235246638	0.970371771338629
0.45398700418533	0.455505310042488	0.547097754835976	0.527107099601268	0.533374667550627	0.524174821706506	0.681778457539532
0.484228880286303	0.488761008942386	0.570066300431559	0.581810214103551	0.554675680855071	0.584525502044644	0.780829387721384
0.475512077023037	0.468412168438618	0.561277811198876	0.557025811638406	0.55432784065362	0.553603083498312	0.725903317925479
0.527340656764319	0.526390035065149	0.636862415548113	0.659284125618087	0.643508546301347	0.641796417083506	0.99164527948076
0.519444172782188	0.512209926045858	0.63317920178305	0.631970785646884	0.636182321694124	0.62380142250568	0.882272414331121
0.481972623023894	0.493781575270279	0.578162629159833	0.568714626991883	0.570030752056657	0.572019833553856	0.786784085484662
0.479954893904171	0.476850835858593	0.54116506869954	0.560267333043754	0.55704920650147	0.558146877719199	0.731529217288041
0.503598637162226	0.497375306929871	0.606611370240467	0.581942199312162	0.577578189340956	0.568010726895131	0.844660927713945
0.486447910924039	0.472017635960831	0.587538649177382	0.565664187539871	0.565353140298792	0.568109232809899	0.785950532701394
0.500733705386071	0.491461940905838	0.590146828781095	0.616130569396229	0.58829584845732	0.585068199441417	0.790330299691643
0.494090909196619	0.486948705960201	0.602225093613598	0.574802346260703	0.569407943092349	0.582708553798073	0.832762915049577
0.476690254261321	0.472490895381553	0.559816812979966	0.544162209295034	0.533093088031774	0.539462035508485	0.727153798880545
0.480818535344604	0.497697537659141	0.568499358946015	0.569263489145367	0.559641303826378	0.564558361038037	0.760921223582817
0.539212797583822	0.540803451959091	0.659920516949162	0.722085118641186	0.686595982261733	0.689961601821761	1.0193050967471
0.521760674272813	0.514805050330335	0.572490969140293	0.652216996623143	0.612233007834139	0.597235479963553	0.786353915046312
0.52090550783836	0.512997779862357	0.627468778843152	0.615437243405842	0.619854449881553	0.627287417933672	0.90786334202454
0.555070117822587	0.538380964199376	0.666728608718943	0.762132517875978	0.69051890083277	0.690484849479951	1.01100827935146
0.520907867774386	0.53063632438146	0.644174281711117	0.668860845677081	0.644391321864816	0.655849783884974	0.966666569765687
0.522509173157323	0.522406397731021	0.636855203330905	0.61782726649756	0.587068466759933	0.587775330309373	0.900659378168655
0.555780252700745	0.55482822314516	0.650013270757978	0.757250749810343	0.684059298613275	0.69208075500095	0.990876394644231
0.483594123763962	0.481067242852513	0.576877417879836	0.567570008293884	0.567768255955713	0.567468352566664	0.782472003400506
0.472097570585636	0.474625386434732	0.547741141654852	0.561860043936754	0.567896087338703	0.556262418343312	0.710757664136178
0.498281974123918	0.506933242239058	0.585394700137121	0.615342799626035	0.587360973105077	0.573106485261623	0.795856201964492
0.512052937102658	0.516307058665731	0.612148580255086	0.609611547292117	0.591724355884512	0.605137600677637	0.869979082225248
0.488614653476613	0.485827942795665	0.58391692786401	0.575222393605053	0.574685748238848	0.577328239718375	0.785031701290078
0.490543681302362	0.491933831833919	0.59108731640513	0.597084396353823	0.587764924340396	0.575258588660913	0.81731039100041
0.469046658707194	0.45377517707321	0.535485035709653	0.521779944572264	0.511870574526406	0.518351034901841	0.686239977242753
0.481425494487011	0.482084270039135	0.571569587639129	0.564299875220377	0.557782823448968	0.547247619180329	0.741808299122275
0.4605231283876	0.458022279050567	0.5403132306278	0.539300646862558	0.524007244182305	0.512423490739008	0.675845017601754
0.485614646370102	0.476308313730555	0.566540374417618	0.553359422037036	0.559931863257278	0.545669114912846	0.77143828857384
0.506962237265218	0.51275592473163	0.607514443221248	0.626050879741573	0.618116291734819	0.624839487959332	0.859434248670673
0.468504434364566	0.4616633934323	0.543970192823546	0.521464560753638	0.540353350981753	0.528948207137147	0.679855905636211
0.52923856160539	0.536824105460686	0.558652146968146	0.670752460624031	0.610566114191701	0.632454906260795	0.724290909316864
0.467602250690929	0.478769495523394	0.561913491938428	0.570753220150781	0.551070930681257	0.555828869361066	0.737969307926699
0.472675243232957	0.456257186081501	0.533936053140077	0.530385727547946	0.533434644732456	0.539077773370884	0.697080389925745
0.479067260201299	0.482106837477659	0.587759870952436	0.56721444316314	0.56017450439171	0.562403402109013	0.792963180474116
0.471364815074381	0.480854181591742	0.56414874754096	0.555910182845875	0.561143082970642	0.547002546567769	0.745586911048725
0.497653797877619	0.494654162084205	0.588205473747177	0.571052945490057	0.568287677250526	0.571648833234669	0.804458652296936
0.50986835315966	0.498610605487338	0.607668111657733	0.612284376654423	0.590494647892789	0.603894220892595	0.827393337724797
0.508626914208281	0.49604099126497	0.612209450678543	0.604630556223933	0.589321987704397	0.584718653747792	0.877665686362513
0.49386790088579	0.506962713416997	0.568391771640849	0.634121098949144	0.595107292340984	0.610204362899884	0.739956791673714
0.525924423252026	0.508195244269094	0.632169331632908	0.690754380719754	0.626158819472225	0.645512006399763	0.91709527553836
0.507963405457995	0.501804270770405	0.558904601503529	0.639881031362788	0.596065917912353	0.589942955719237	0.766763347002726
0.505127950777501	0.50648048534587	0.596462314539361	0.617338243732217	0.608057683501251	0.594213743886826	0.853354743132905
0.473960314376191	0.484133707449401	0.559681000551145	0.575287087383448	0.573274689882934	0.56478170732714	0.76562326508631
0.496736444428957	0.496934762767891	0.584212155595021	0.59867261941547	0.602667375481169	0.586802983890732	0.810315009409449
0.49802611923723	0.487104723642147	0.587529987898071	0.565588486025465	0.552031976794236	0.564776650943003	0.777782358162785
0.510624776533093	0.503546817260651	0.608964387053081	0.630582562247836	0.613470759835512	0.619885683183619	0.881325508847854
0.562768856295641	0.55984569878939	0.607969733082862	0.726245905373003	0.669774302580265	0.666325242707007	0.844790355571249
0.499828339083082	0.498070261219487	0.595851329112853	0.58744299433154	0.586865655096948	0.58866706520644	0.827139229640131
0.501724604499153	0.493059043433015	0.597295444582604	0.59983118255219	0.5780261880412	0.590640230691122	0.819952657013371
0.481387059798867	0.502264831950546	0.598270584348608	0.589984137964161	0.589233976767095	0.58842630371596	0.819478516051458
0.461990914357156	0.472191618982741	0.544987008025521	0.564445577646293	0.558682912210907	0.550566421697809	0.709273524069416
