FMP	RMP	FPP	UPP	ANPP	NPP	ANCOVA
0.618325960416662	0.596800934153278	0.573675432858808	0.723670285382577	0.656810891231475	0.656586944415307	0.758099461109407
0.522825656851561	0.507836531023279	0.62171289959592	0.642566631487107	0.629044439976846	0.63005988672366	0.870993853936988
1.0740063158515	1.05799095006897	0.622780799899728	0.935438453735082	0.858254567648102	0.876055286876616	0.842152403311378
0.833888916125578	0.834831489890644	0.584855667075932	0.768359102965514	0.719134258158079	0.718811287261553	0.753412214668058
0.916906475922034	0.933641716880931	0.642744572785852	0.918878303853369	0.826033920608677	0.818343359456265	0.916679734654805
0.579148401825113	0.562196765881503	0.615046865428055	0.713549275539315	0.664224494119005	0.684770996483882	0.90603931142898
0.525691697646047	0.522012030346492	0.627570295640924	0.70988266745735	0.656157429839843	0.670167240698671	0.91016245656838
0.495862852262029	0.491856968045529	0.600875031860341	0.590059991231877	0.572468100986108	0.566389939031169	0.802366644271702
0.511349185308685	0.498866646598297	0.59852920866336	0.600413668002018	0.600373552329334	0.604160837639588	0.866627047101533
0.798918324378728	0.806450237769723	0.613467744341133	0.849135189455319	0.739027246785223	0.750950608160343	0.855247637439335
0.502942050766503	0.512453099640382	0.627783327143066	0.64087735832449	0.635264140332445	0.606775544215605	0.863999956861096
0.604542931085467	0.586503701982976	0.626543165509067	0.749795304002418	0.685767156278525	0.686032465299734	0.868455238426584
0.534294049060696	0.54535389878658	0.599799317847107	0.760969007639687	0.655615825472728	0.67731136020175	0.817312326006406
0.823164615915131	0.83676017939044	0.602003903543943	0.760813199766121	0.688798067135028	0.700823359941914	0.759956268714099
0.713712451362431	0.74393774414977	0.639969339389837	0.829073388356445	0.756178377859203	0.747144737861822	0.909560815810674
0.558574664991	0.571865814020424	0.622046658648193	0.758509019498431	0.698846136210358	0.699023754121886	0.887611159817204
0.459900204591232	0.470166841384859	0.538124065049194	0.544887069928359	0.536812476165108	0.528668792017451	0.695210769715198
0.767386523592636	0.754948178898824	0.596578417001989	0.712206052278985	0.681045284507642	0.686489972011876	0.758474736581495
0.725410411644488	0.738170981513245	0.605010379862512	0.754431113488758	0.695330734167398	0.693815024681352	0.804443582657204
0.642873844628413	0.630733640997657	0.632379010022407	0.81638752816195	0.7233139914117	0.714293928665599	0.878620079302328
0.531280152598636	0.50946416747848	0.62301174709678	0.665544373912723	0.625500246272509	0.612413077334463	0.897351636110747
0.500032536065603	0.49004903035772	0.585899090622947	0.6092184155946	0.567873878979646	0.583125865069266	0.806897165437295
0.775772671586047	0.760365575601509	0.597148744629546	0.818694885855124	0.726277169642601	0.724400704103264	0.821838562473147
0.480221988290198	0.477850333308247	0.566270994897634	0.557110335583143	0.558201935208559	0.555286824297798	0.753949283089252
0.4930111662948	0.499156502813793	0.565083231472146	0.592226374618407	0.576420067286048	0.594900035885656	0.76694253924431
0.685834653128665	0.694688665623124	0.545433764295052	0.649800173389808	0.626791190477165	0.648822587336412	0.677304599265085
0.514546965099606	0.505695214986707	0.627349393912737	0.598979566444865	0.597549794376477	0.6061475097077	0.893721084187532
0.523771165435895	0.528821450889314	0.621713444943114	0.680572108558383	0.646864357036383	0.643321107048532	0.90816720321124
0.482646463330403	0.476858041651134	0.557813722943801	0.559769096636706	0.553023563512287	0.540772796737314	0.746930263383768
0.744209884788841	0.762117166765255	0.616063919840733	0.815414286200956	0.724652192302429	0.727214574083591	0.829760262461099
0.664954039107773	0.645212786239257	0.609069386830096	0.737696355650267	0.686845817592389	0.682980489843023	0.827806170555131
0.504396131926607	0.502597491387929	0.609310155954661	0.64696140521202	0.635074304676265	0.61306143902932	0.826049477483597
0.666128354582838	0.704397007360406	0.603713579337795	0.786469407123911	0.708007473780712	0.708734913519381	0.807955625735728
0.502340212492031	0.512155936821069	0.588215149636971	0.644524304770412	0.614922987993757	0.616150629953566	0.809852495002948
0.591051824939194	0.585776748292755	0.626001724138902	0.755295505174143	0.707670824498537	0.69273839055047	0.870591968134896
0.521755844735728	0.524294473385251	0.603501679441476	0.677074929425534	0.63603495451099	0.656478008792369	0.872709474682567
0.84736758385538	0.851141059298958	0.661647464352475	0.852717370368981	0.774548900348396	0.769014345135137	0.954540427387996
0.561126159794631	0.557437995263097	0.545250619562297	0.675800606346313	0.620693578227936	0.619957941826579	0.717399825595443
0.690786518910462	0.687208757221069	0.569572629838172	0.743618821104172	0.669906065630278	0.673598455263286	0.715840137832782
0.526053153457957	0.523210722905104	0.628285260741461	0.662824916226633	0.655740393764829	0.646688528365516	0.93829164291112
0.524135004145419	0.531400438734845	0.630332476298177	0.713385487799118	0.652313395101583	0.664228494792658	0.881460892632742
0.724307024544191	0.708771232659351	0.576659928026852	0.708578551002286	0.661068950140309	0.658520157119535	0.761458554165018
0.540297242792575	0.5369591119993	0.62910792130059	0.699233640506372	0.657097128275819	0.66302249441347	0.890171722562891
0.540538958886955	0.523774500370344	0.598735149161008	0.700431598057627	0.668350884301068	0.660073901888795	0.785031701290078
0.816031177647046	0.803444746826926	0.608037050279964	0.775081769364874	0.731186247023273	0.698792383256167	0.825389359190672
0.565408505949461	0.54989732870833	0.625997858478731	0.744529783543352	0.702239970450391	0.685781685807532	0.87575838073734
0.48814296081346	0.487590871534862	0.553697888316322	0.575160609519598	0.566070503543174	0.578294306303429	0.725020830634883
0.579768773917132	0.555287927061956	0.590317791284589	0.740637924043033	0.68078835371118	0.683309104507464	0.814288418102944
1.20694157859187	1.19772088136377	0.677841106498337	1.06777202186176	0.959683363646551	0.931978205230254	0.95662050043301
0.476747923685366	0.497834615509587	0.57611719445195	0.570992026809456	0.55182055809363	0.562083093191861	0.762658442384485
0.859684325658453	0.841410517857418	0.553783311427146	0.738496236516457	0.692935119108415	0.677454058135093	0.695005010386726
0.951692960043511	0.940169846636413	0.630045187750301	0.869485407560217	0.780285242081877	0.787059331721136	0.840189788901715
0.479787809607231	0.480841625194511	0.587880207476539	0.578599215503554	0.561099771592743	0.567151328254133	0.7789782605264
0.656554422022079	0.705062186663446	0.652409874545133	0.836914079361142	0.755139823441145	0.752353538073121	0.9806504776738
0.512908469924655	0.507724096311958	0.61215050625099	0.609649137252712	0.605257103409501	0.600982403560647	0.845314572400469
0.496827844200789	0.503592850138417	0.579799483236647	0.597237498740542	0.567306654231014	0.578566482238656	0.772413219034258
0.528274250685559	0.520168414413127	0.590170608901845	0.696093325743741	0.644078817394266	0.648514169310263	0.799281411078041
0.494932572671375	0.503662954207541	0.600923788484945	0.632287793367592	0.618980391321542	0.593350860550362	0.80764631539955
0.506575350977317	0.507846525393162	0.589173704946866	0.678130063402718	0.632706723793724	0.627028534923016	0.818359738074538
0.541229869144732	0.538767387727358	0.58865189156466	0.667951775224415	0.628235750511764	0.616540669487591	0.790330299691643
0.507466328035568	0.50107156511232	0.612397625236808	0.594309217581201	0.599322952443124	0.586276727334589	0.855175640348467
0.613025262802286	0.632756835464313	0.599909724620215	0.728923321414863	0.650517330661129	0.646224798390617	0.820510951379749
0.558080037119506	0.554057485501955	0.611961318523546	0.689233835617759	0.655961853501094	0.656430345984514	0.827393337724797
0.465444601140301	0.479652797585003	0.552672712334492	0.55267386174297	0.553131416396533	0.559291929039943	0.708953858466691
0.549359474092934	0.545246602601026	0.631490315323721	0.795956147107438	0.695532952422991	0.697383963408927	0.908772724737082
0.726042110274435	0.733900367150977	0.536703436333734	0.690757495956133	0.654088288497536	0.636249284778902	0.629803935330021
0.548085195383733	0.531642704493063	0.632638184959396	0.700311578774308	0.65966705862929	0.658802146541226	0.92414983591614
1.1130818180292	1.1218863634026	0.650245151446044	0.956750797240549	0.908706052791513	0.919906968242205	0.882199887270608
0.511627068599245	0.522734249234386	0.641567155795394	0.643035931565624	0.622336837901373	0.627130304145931	0.923013300907053
0.528242042648387	0.516165207475646	0.597370625093127	0.693435877311478	0.618566169382333	0.623840327060992	0.835927488693279
0.736609137106768	0.73271702836207	0.594992271564373	0.742611568148131	0.681600529620969	0.691955756270971	0.751870538618317
1.14712892655185	1.14341273459532	0.662242578729631	0.99520639162163	0.913219950787085	0.913627289266359	0.928457631151662
0.74414667533459	0.725211427988386	0.591381109741306	0.738600141515634	0.686790221196332	0.68890069195651	0.79142982732247
0.574107301878068	0.572672502216082	0.602483899332388	0.75963865411858	0.664604275369722	0.697774264371761	0.821957470232517
0.564728791347776	0.550326057405376	0.610731793117173	0.728819342758878	0.655795642723537	0.6620387567221	0.855849634247771
0.537721780333669	0.541232207215639	0.59493295750543	0.656011355752283	0.619302818648389	0.632391295541054	0.793756975146153
0.551674183557781	0.560633098102047	0.605971446464448	0.753814603081333	0.654405259480947	0.671883338983246	0.793126908066629
0.549025265081537	0.542777657565598	0.609166814173335	0.66736769692877	0.633341858644257	0.645798149047564	0.837883320153272
0.545882829763568	0.546554685922455	0.602736588754307	0.695422824257196	0.655705684809655	0.622628564747357	0.808782562723958
0.499007430557965	0.504530954177081	0.544568398041747	0.60840992350505	0.569127682004679	0.568407292689848	0.720068765342571
0.540821264750988	0.530840432857214	0.642195095390798	0.708938223327851	0.656844789846283	0.651647410286332	0.916881787388401
0.808935541241022	0.82898200204859	0.582916314484903	0.79197044126867	0.727414613126916	0.705703356063522	0.740479085216222
0.986547617657769	0.991303545032883	0.599970815260621	0.811048671995764	0.788286346718853	0.78379887053631	0.719349961397533
0.538063994975578	0.538120053140366	0.608723997602129	0.695945488237287	0.647457756864951	0.653330427254199	0.833185500335282
0.496627231463902	0.485238866248901	0.561662727217605	0.590922625544724	0.580481424522498	0.572949903041335	0.752440400679774
0.492994500332339	0.485420418987606	0.602833099675298	0.611358944567352	0.573270915663363	0.599871112343578	0.820105849959063
0.554117609559719	0.552261488067098	0.624035312179994	0.72372478592403	0.64997876506484	0.668238456078828	0.87065581501043
0.464941052057721	0.480450902734109	0.547128660290902	0.541619023206681	0.53958004843007	0.55542081619815	0.721540353749532
0.965475798006146	0.950229125585806	0.576394437332174	0.805561921443443	0.762331202349924	0.772447290402155	0.724290909316864
0.484296836681433	0.480981353141318	0.568274006746931	0.573588766890039	0.574300261098663	0.557287177983323	0.776667740098107
0.550660350676158	0.539130789393134	0.63711240885822	0.73547718272843	0.691383867764689	0.686788315148387	0.92286517682799
0.522580483005118	0.524809060847492	0.628890207561116	0.691385754962654	0.650200484200852	0.653040034405344	0.924159224065557
0.776639197399957	0.725878570923111	0.621709535661725	0.804676539354055	0.714345672935574	0.734374220738	0.868985423119866
0.486371840167309	0.474102931474682	0.553509770322624	0.583860776268373	0.57231215663032	0.560572140800871	0.698488042588294
0.512781435791613	0.527403482281494	0.631511673110753	0.651748028287216	0.619736873145389	0.635616378151832	0.855440379484451
0.826631810249271	0.815491053458637	0.613910379436036	0.796363074940901	0.740881222783915	0.722469765772067	0.817774869261745
0.556426610906845	0.566900555112761	0.599610646678779	0.706997649754014	0.65833973705118	0.667662436328384	0.843273473535151
0.529845174355328	0.531905008476771	0.627929168135141	0.662786392987275	0.630817268893312	0.635436077287627	0.941927572515591
0.495618488035863	0.490056640382046	0.571074225696965	0.628803436695676	0.596447739247348	0.58313862513125	0.758492616311208
0.522280072630894	0.514840038702448	0.617445625828028	0.707476183154036	0.644262609330098	0.650244380857952	0.854576697350293
0.518745848263072	0.523267907447146	0.605383393893926	0.658114308978772	0.636691067814122	0.623384614266927	0.8448075733482
0.920758972193549	0.929502953997327	0.595610005259291	0.795898065124297	0.739927442873664	0.764445633774288	0.757164541493971
0.493183589177636	0.482849914097627	0.566327322813164	0.588828853685723	0.5724315968783	0.56318285455916	0.744663237912369
0.535693340699576	0.522880119879993	0.634215826260045	0.67839612707188	0.629216564514953	0.63883551749184	0.903508572504665
0.474404193987179	0.483849165176946	0.563067341875746	0.584042331604181	0.571475510198057	0.560176572932104	0.776881522063974
0.534737192027244	0.538470671509728	0.609134206488681	0.672016034880622	0.63236345560737	0.628699214147237	0.86064105736733
0.507185123568637	0.48714275260554	0.588725679059079	0.602037013623838	0.590913193312061	0.592551006881039	0.798970982875034
0.607358696147129	0.626835536535835	0.600253072883383	0.732819533862121	0.681946503725734	0.664467122829053	0.77969077067023
0.541422609930004	0.534054587108508	0.649721955894377	0.669946672931785	0.644428591423736	0.61835970392165	0.992623841612859
0.531171858211931	0.536274706868426	0.621603012711253	0.710287633955818	0.649544143655639	0.658747733246033	0.858558672151042
0.479999511319066	0.486941657430942	0.582002713258429	0.581818946514508	0.554524540253313	0.552400616364008	0.78669216204743
0.497254352087559	0.502215497316587	0.581943521318033	0.637945094508103	0.597535456191764	0.605039638231433	0.787363439400277
0.501128776538521	0.499911882883537	0.550246954483543	0.613532679078573	0.592459905582706	0.570689916132195	0.693240989545866
1.06931794551611	1.08212977753358	0.600949677978817	0.898589950244924	0.85106570367672	0.851686555416482	0.796156190099828
0.57638790125647	0.592617183381465	0.5879110921046	0.725440605060756	0.637396524900046	0.648762470969992	0.829251563938862
0.525633520725248	0.523635491981926	0.596653166355491	0.67199114335543	0.629275068016012	0.6338301965697	0.807590041122574
0.531329883657155	0.535857679433218	0.552112655412492	0.62650109830003	0.580434183669133	0.602814597710842	0.696113518557063
0.769562362106058	0.74436237029184	0.590434282788838	0.716326033602424	0.684442222219692	0.685331347665991	0.754782605308962
0.510165515583781	0.505728504732968	0.627158113658819	0.594036154790201	0.609204304175236	0.602774752519047	0.854535384890337
0.544641735529608	0.515503745601812	0.546974786247722	0.620440944255034	0.604089002352775	0.597202801347493	0.687614083150871
0.996638747324046	0.982270942106654	0.622372068517973	0.862502795139006	0.803873218148547	0.812062218498448	0.803950741896801
0.559807449494895	0.560510586970484	0.593007665362304	0.717033248807728	0.661901371301075	0.666781197765606	0.824188395862033
0.528875344462514	0.53603982489168	0.614888538868893	0.66983587121721	0.620423571151739	0.64092095525366	0.8819286659187
0.567733614667346	0.557875910985824	0.617284252887759	0.706792885492612	0.655093265602525	0.645265206571964	0.841379707425797
0.723188475746906	0.753436074844698	0.642873295520773	0.860348275501426	0.759919046219699	0.772124654881922	0.972040227827709
0.462284949856697	0.470521055986943	0.530994655895759	0.524957719269011	0.51369298936287	0.516355666629476	0.654289010128783
0.527615346439789	0.549471136422038	0.590796175933165	0.684079977891093	0.645140025602827	0.643977866231914	0.797438005611702
0.485380754160854	0.477886768138592	0.542049041943597	0.57704767096134	0.567227094683463	0.566872115314082	0.701143407897131
0.487064075335393	0.471227331360553	0.575856890309217	0.588150491379621	0.561278595096485	0.561468263737876	0.762367590565896
0.500083827750238	0.522178834885017	0.567544930977154	0.656636054234804	0.62604315132825	0.61492867625492	0.78255147964693
0.624606063843895	0.636145281449762	0.6182656907047	0.759037703268908	0.688595684216208	0.705873474015688	0.876808187103388
0.940302840248464	0.930609155029106	0.677557919144643	0.987932002788708	0.837535243195142	0.836943857190636	1.04860666403521
0.635817237646161	0.637963605612503	0.595229064368083	0.733916704456703	0.681449026297038	0.657491467394509	0.760884108775654
0.521422273021654	0.532236568999614	0.574391010790874	0.648791233796751	0.616966301732731	0.629430513415235	0.725297117729363
0.505485661088126	0.504951437064025	0.597520977146087	0.623485564208358	0.599787155039011	0.597051947648208	0.829055403736249
1.14608920570829	1.14421343740554	0.632544908570736	1.00538592077242	0.912950410164916	0.909112036508051	0.901123236674333
0.591283243501921	0.605015680642928	0.594341608102292	0.705238930377764	0.66071689642699	0.653147790071273	0.806984834126485
0.913216913692041	0.906486039736279	0.608501228851951	0.838684425471115	0.773518034690236	0.746536386257726	0.808271036656722
0.602530609079266	0.603773608305031	0.643278028608925	0.778981677260865	0.697269362927108	0.704040144093021	0.915955949189653
0.525369862244246	0.542013266944768	0.615587717560961	0.664369375481933	0.619894444089572	0.618370218820668	0.803132397194686
0.581089200233384	0.601765266532472	0.620143964469924	0.70855039362505	0.654847089259006	0.656362818240179	0.822890234667695
0.544476074438189	0.52283804913055	0.618484464930098	0.701819831695412	0.648778185130842	0.644522483184186	0.852628501254174
0.56140954866966	0.563805209394875	0.588821410754475	0.684769749381092	0.634366384871321	0.643549302889334	0.748918396413232
0.447508080284221	0.471978513664336	0.539779429698218	0.515638437983273	0.511120681608123	0.512911197866973	0.685608391341416
0.471703010781881	0.463364423645464	0.526992452247534	0.553038166714218	0.535971611714133	0.536248681973871	0.65136794027797
0.789269594802114	0.772321378843405	0.586817248019187	0.778369997397713	0.718181071151798	0.725061679411058	0.78438269472578
0.923963589755143	0.939004168071897	0.630663511052255	0.867043373715047	0.786737083543524	0.796050651209592	0.870517768733628
0.513661432735424	0.510697447851781	0.59240978501663	0.655586802266164	0.620345083084721	0.616565942562199	0.799160620445385
0.507625790324725	0.512070080706389	0.609494691945652	0.627186883206972	0.609704225224897	0.603092588486977	0.900982090320419
0.592100422973373	0.578306275386361	0.603819177503216	0.716442589331534	0.660943708279314	0.654489713220513	0.812707928438864
0.527403964080582	0.539089894932944	0.643720278272569	0.708280895961149	0.683356033445204	0.661547410884258	0.974896661192195
0.687015912401597	0.687107003279408	0.598609487414623	0.761379064481588	0.700181141687124	0.698244543900388	0.787476909051716
0.808914724789688	0.821017023037686	0.630940279375769	0.821049445076383	0.743503465340882	0.732800039462433	0.851870183883876
0.488201560846692	0.487809017522182	0.591996911445089	0.578358332191794	0.565084329128956	0.563055447713527	0.762309402584886
0.549894084171537	0.56328252356695	0.624971855596649	0.710856890806593	0.675373641758136	0.667054639773819	0.901094537517813
0.486975942775907	0.482593623386272	0.585808251618216	0.558565246401768	0.558004192788265	0.572046702393816	0.790725250145557
0.515323369257384	0.525498237792567	0.595779642130385	0.649527656570422	0.625623999449995	0.635152472778621	0.806675273871307
0.893444698444852	0.89335672611654	0.629145737001773	0.851156218491695	0.758635245146718	0.781773952216632	0.859358965806805
0.684751193337393	0.685184331917518	0.592920226524573	0.75206645004729	0.67298435355177	0.675406786156903	0.816928359344365
0.678444328471278	0.685707233182951	0.530321597359474	0.638817872792935	0.62007128404793	0.60496991088078	0.640547417959611
0.56749229536994	0.576947521619474	0.612920226542308	0.718174688266705	0.659852068587963	0.660242663646827	0.872906043256569
0.504113506259899	0.505461416519211	0.560046231625632	0.616474760855177	0.575235357274611	0.586875403866935	0.71282784726853
0.510857340518766	0.503016307551042	0.599199027938267	0.609592199131042	0.622132179240161	0.602742996536948	0.801713490814158
0.51491220168222	0.504735293586223	0.616671110432768	0.622604582751102	0.60381869881444	0.607993592694437	0.847173414705668
0.473961331913877	0.456196764706413	0.541489820723706	0.560783625291316	0.542764580071609	0.532281112633118	0.671804809576228
0.68076373578084	0.673602201397077	0.659905880366308	0.85865739499461	0.768596332297148	0.770556047807711	1.01029623406657
0.521249054228554	0.511455772562029	0.610513012003053	0.622117754162156	0.603923361038362	0.612527267795776	0.878816510389677
0.49915629977341	0.498925812760288	0.55906678299976	0.647761416571747	0.607286561818979	0.60375638546961	0.730793492131185
0.488640755248904	0.491180383920945	0.6062213738468	0.610853062721976	0.600443454973056	0.581102517058174	0.798978573734032
0.525667393594302	0.511783619336996	0.61708025078307	0.648644903958495	0.63508105107475	0.628318246777225	0.854421362782872
1.01073797855297	1.01913738141587	0.631866561967468	0.88660580372789	0.815441079830623	0.816503780884551	0.823163086907038
0.81713075172822	0.82968858153788	0.621769224422458	0.80710328547596	0.737229064732972	0.751984997458811	0.888660829174603
0.449852522819853	0.453076951059769	0.510762653542467	0.539714838964076	0.531716725969538	0.524166510607486	0.623767039021496
0.895143043902463	0.892104623921322	0.622212398915283	0.849677057101692	0.787548385148221	0.759250176438953	0.854718908421299
0.856429584793149	0.881079870032136	0.607844370547396	0.80925744805238	0.735824076215122	0.745748672172155	0.794659093042102
0.501161398522586	0.492593296323908	0.561686526446358	0.607880616019461	0.579347865272994	0.574391925909257	0.724771785279829
0.508352802031956	0.500004033467966	0.565095751588201	0.64131441263385	0.61880351614646	0.604001035022513	0.746001105794104
0.520307128511515	0.526358187340941	0.597236338126438	0.713383624988577	0.656967055941001	0.647608974801186	0.814869006198723
0.699072862055557	0.713190749385593	0.629721498018556	0.821360347848072	0.720246608547867	0.726412756406729	0.865740293447697
0.469584726631165	0.483722997529839	0.555969146931809	0.547953521696355	0.561509361945498	0.546773261853191	0.742668443052472
0.50582799882985	0.498083460689813	0.603270018157006	0.585795381804717	0.587127101580282	0.588635491331549	0.846105814624654
0.482945883066436	0.494017542516353	0.585387067270852	0.588613279071896	0.575861672946825	0.562405273578954	0.775206828559496
0.575540994678343	0.564665446019437	0.622471600045759	0.791213572665576	0.726967856038893	0.699119458627452	0.871284678978077
0.522027360595271	0.530826231994961	0.65797809209921	0.673108238278457	0.642712856797772	0.663312006879124	1.02555399748041
0.516449939223892	0.495265094631051	0.581731272798557	0.625105624667318	0.592391085165625	0.608126801584942	0.786882611223155
0.515755516811007	0.533420936067968	0.629689600858979	0.673415957518803	0.624690468782025	0.634283764480056	0.886198620050205
0.638475984676577	0.646575362575458	0.628137968852356	0.779648850099208	0.696073362153262	0.703196180386036	0.892581443309214
0.76435230941241	0.756188364641291	0.640092974899022	0.837817242043392	0.746755611589663	0.746228500379684	0.899130890971171
0.681812196481611	0.680589554059688	0.615217833820493	0.73552306348917	0.70325737944123	0.682711145799824	0.839536963554841
0.565411924709148	0.557097644419404	0.609321283511982	0.717349881040047	0.700282967334591	0.671525648982273	0.844490672726415
0.47075961355599	0.45805710935258	0.534556380256483	0.545122512815838	0.521496988549939	0.536745658809633	0.691677055860372
0.54332508961565	0.553927367259762	0.621741426081922	0.750920208923058	0.68257622629279	0.68488495651048	0.896739080194745
0.525358846583092	0.519722172426331	0.578993679655263	0.635328016773211	0.609176094569885	0.615602731972035	0.786784085484662
0.500659686623558	0.492257909256437	0.580066677221029	0.620672450687496	0.583335086250384	0.599453745420974	0.780829387721384
1.213386103758	1.19860595037588	0.651477613712877	1.00156613425997	0.909306671848727	0.909726303015084	0.867713668767472
1.05431636940567	1.0392048530183	0.673244710803486	1.02159152220612	0.885834715610784	0.892915419520109	1.01100827935146
0.54634513927028	0.539722707300471	0.621073554249901	0.705090151891646	0.663682218659594	0.665656599506961	0.896153298662516
0.523346908879664	0.519123731741479	0.632619645178234	0.680213095948002	0.643862870494391	0.653468561209591	0.95126605121093
0.665452985530704	0.672632053247798	0.532246094003832	0.652504847939086	0.630981006148691	0.608844614851867	0.661232995844002
0.546829474205069	0.579169628732169	0.61110704714572	0.738309047190956	0.681282868115448	0.684393365012098	0.877262005536628
0.516199573093148	0.517882460962206	0.621383342944856	0.684486161352532	0.641930627318312	0.6475433106283	0.931473883800281
0.485253595896714	0.485725210080281	0.535902223982757	0.599172499301255	0.577159051917875	0.564023078989187	0.681778457539532
0.541403528251763	0.538071432396702	0.653431467341221	0.707546803608647	0.681380585152996	0.688417207967127	0.980112125460734
0.578183645690235	0.636711871609526	0.596922732285864	0.763421439095246	0.697494009921928	0.672865398527992	0.826987761558495
0.969877422470615	0.960082708533464	0.593839426300312	0.828084197849366	0.770705667265886	0.76502706505416	0.76558902557409
0.489185787661787	0.485304016018513	0.588880133767444	0.584535678218147	0.559110233089818	0.569621277675427	0.799824012609911
0.806181746908638	0.810737425446513	0.574486050247109	0.743953704155419	0.703417012733494	0.691616878965508	0.741445521870339
0.472113052236493	0.475105251532271	0.546585023257182	0.567466475182728	0.554650410250074	0.545266680372515	0.710757664136178
0.520815754784973	0.511137863582761	0.563184777424376	0.68646128514978	0.627646821535161	0.641484774334885	0.734958644676755
0.644948441276655	0.597516855753061	0.597531555924727	0.76902762161595	0.702512180174282	0.692587046384026	0.846410531264199
0.778656290605787	0.785626183842087	0.606806093010163	0.780777692458728	0.723912542741252	0.7095987297624	0.833873466552175
0.524585920421277	0.517810693773679	0.645955935665942	0.652897245176553	0.614954606025506	0.621178528907186	0.981396876215274
0.621888832510055	0.595331157657286	0.542151573126504	0.646699265557351	0.618077538502802	0.624043725790176	0.666630439528539
0.589651923292344	0.603859900912959	0.549678799067398	0.659784043462686	0.615917906947784	0.615800201109198	0.7073366261926
0.535277591418726	0.538362391020563	0.643481883551853	0.697834139177829	0.663093724858402	0.670256072818409	0.958950811605154
0.652747613965933	0.676143326751348	0.588817907625295	0.725911146771897	0.675574560881063	0.665551474775608	0.761508908746536
0.535943567227316	0.525184908611461	0.59388673323654	0.709891377629532	0.650881731623503	0.650321621277005	0.783091430021624
0.851125610454271	0.845356826395149	0.660982712315907	0.887956390248651	0.778864021978741	0.780505850471859	1.01016345499379
0.514605232010444	0.513023722135767	0.598187725858323	0.636969599180494	0.620840916593942	0.625193082353992	0.82790146628868
0.776329038930525	0.763216692456706	0.510765110964372	0.681598174763379	0.642538965707802	0.630274484663798	0.610541013918758
0.529051467056402	0.508764597065859	0.601140703564018	0.662148558097116	0.63737556995073	0.639946946633365	0.848306824321683
0.910506748276873	0.912548355946468	0.600085063527817	0.79443977201031	0.759338740721282	0.740893510421963	0.749506434221519
1.10113067185814	1.1154126407384	0.638990276809617	0.99521544216568	0.886669656261689	0.889223040246739	0.89726930591142
0.672807460660019	0.650325567734621	0.652927309146706	0.839607564112455	0.755047981424604	0.754795845364552	0.991406672709962
0.562254329172143	0.565294729150153	0.634490088457278	0.787535787462175	0.730699446979173	0.719904226825298	0.938364490445683
0.484942488523777	0.48877954736224	0.572328199510569	0.588912560468909	0.587102487509513	0.576858062663392	0.775985587080604
0.492108033045634	0.493657420497724	0.595677352462051	0.583997458902907	0.574377658220354	0.588081314870153	0.817106434974447
0.505057312597036	0.515427748904185	0.627501031727456	0.642505198723307	0.634569101520622	0.628886611182153	0.897052818144037
0.557955208605525	0.546363168313032	0.606384908371419	0.689318041746942	0.636448377383369	0.633829721374364	0.790158038596534
0.52354646924019	0.511456144989199	0.565507213099825	0.643213628338278	0.606455292798655	0.607860604904173	0.727429104788628
0.489378527612667	0.491001414175432	0.587637347912397	0.578765914825318	0.566713183684505	0.55202787692225	0.787941628526186
0.685634695858905	0.696676153292448	0.633748788782181	0.764007289225259	0.727440237254341	0.714091226422347	0.885116442495432
0.696077893314047	0.728342298408682	0.633686922567853	0.845762868142736	0.725991357181528	0.769608143574834	0.87768791668983
0.74668641660413	0.734548236237144	0.658241005220923	0.851429246359563	0.77369476705146	0.751442597758653	0.980345331465931
0.917349021641643	0.923860535231819	0.670726235682297	0.939238633463003	0.817550072204995	0.835840603463806	1.0193050967471
0.468934360919062	0.478828161085124	0.551520835477345	0.576056403954987	0.564971847406124	0.550059941118512	0.748547387735914
0.53353872270657	0.529054579544137	0.61039580388785	0.703782006156655	0.627718009533439	0.638451413044001	0.814657889629737
0.537018900638321	0.538879207568375	0.592336967483316	0.682999729044648	0.639561509684076	0.627218623200419	0.770790252826383
0.636052469346846	0.687476470656781	0.602468044681316	0.828825154085108	0.732219416896206	0.7077248053725	0.827272813257256
0.508385866156836	0.506472593932139	0.592636643692695	0.61827063046738	0.585609137437615	0.591972122014355	0.799329754710034
0.54466922490693	0.535067382522115	0.600851793018252	0.699231904390596	0.646117004968444	0.663086734608372	0.801491475732375
0.520655133250095	0.530310811232308	0.572006025872301	0.625300910550583	0.606805602642893	0.60310912522567	0.730729712550865
0.645114865492181	0.615430654200632	0.592367734786936	0.73015854725087	0.668367487806772	0.665428339951131	0.775378441654261
0.809505554737755	0.784248759030395	0.560113801369327	0.775175678997387	0.685809721833607	0.712443316693792	0.719827727213114
0.537880549332403	0.52178143330227	0.639351743982218	0.654680937733303	0.635319038556692	0.636011342923559	0.953373940824945
0.610095662341675	0.636642329817728	0.55627329883836	0.694127412798881	0.646336648004278	0.648844264087493	0.725903317925479
0.500230452369429	0.488395451379407	0.573954672822673	0.618673568411427	0.602701827568481	0.599947788571919	0.757236345404992
0.530962562277018	0.527399373500375	0.626589525475857	0.693741566885229	0.648260074016047	0.671933738752902	0.877591232054255
0.817817163883088	0.809926513869928	0.628719132792096	0.810893013502862	0.751064436688644	0.743635376573388	0.828824287874451
0.488567713905908	0.489263371849651	0.553332402349853	0.574811219175121	0.553917052251822	0.561487305388284	0.739578576115547
0.541008443700154	0.533916470705114	0.645516001693748	0.688688208111852	0.660069622553048	0.655309295914482	0.947364433791112
0.530795841264386	0.541995153976145	0.626826378002573	0.70229830147164	0.673026708593918	0.655183277683384	0.913193390087114
0.49110132235372	0.487692743069606	0.578590446473024	0.579225298717858	0.562883261233585	0.571356564643107	0.782472003400506
0.516438778935417	0.52667424236346	0.628388200471857	0.661515123820703	0.639695473391629	0.632790259981584	0.882907612531922
0.6288235210039	0.682073381543789	0.575907681137058	0.75963099702684	0.658178090449267	0.671016520855672	0.76562326508631
0.519320087200059	0.509033580001316	0.618496433125886	0.63476599261202	0.614952299078588	0.631170821818303	0.869979082225248
0.982530781081396	0.965884418678455	0.629469043209091	0.883383409279949	0.821120215283919	0.810199111873081	0.870122286990392
0.530052693164068	0.558637638540892	0.585349995168918	0.67538467982009	0.629519991796197	0.630031132970765	0.795856201964492
0.889265475181779	0.880806758760806	0.622420117178625	0.865588519526943	0.780513090531674	0.772741678736623	0.866380035892298
0.572521902197693	0.568821602653702	0.634511690527151	0.761428407447652	0.704893315871078	0.687149604124949	0.889589144037688
1.07759666909534	1.08492057479176	0.656886488006435	0.895554201972278	0.913581676272564	0.912936713041264	0.820529058100402
0.942922519082619	0.895394806290144	0.642651678310404	0.875960103829281	0.788514407259228	0.805259905126424	0.952589910369546
0.477977888212236	0.487764797827677	0.582641653081659	0.582665469926542	0.565770348743012	0.578549833164786	0.804608653807915
0.800197008982292	0.807511676777274	0.633921269175448	0.862615451653523	0.760620017089581	0.773381639219124	0.897357510223426
0.500896204421183	0.516306467700267	0.592898656547278	0.645979849217362	0.609616874220323	0.612648721863712	0.804296890259687
0.563816075810666	0.594696347966951	0.613155619003948	0.731519307922923	0.676922461795	0.696768908288686	0.827139229640131
0.518249266075219	0.510752227147583	0.605438384788015	0.658577353792336	0.613409582708389	0.615004920966328	0.819069925978975
0.561963990140746	0.55921228129189	0.618134811126366	0.725682683598991	0.68110434302159	0.672748082448823	0.854707007614497
0.505283993206027	0.484233151620652	0.552229143575885	0.622881924299129	0.590908144002604	0.604589934079802	0.698139747496364
0.50372024919529	0.514328287312692	0.620486279233359	0.635319001036116	0.594990494310156	0.597031444120978	0.866793949929613
0.822742766893601	0.829567271649284	0.565660017562519	0.762842635309142	0.688059677643383	0.698913007080396	0.739956791673714
0.49949092360092	0.498514607325762	0.593520613018974	0.617456511202695	0.600701260778721	0.609568476596317	0.803523826009796
0.535486172476666	0.531118441770858	0.643567044153971	0.696220121006636	0.632976036936335	0.662143488326479	0.993006879640703
0.636293619726195	0.631023174649445	0.585468129328551	0.723640673257598	0.658475490029698	0.680445378435388	0.770839134443348
0.531677877767208	0.54431502383297	0.621214624793581	0.706811871246645	0.677956062034642	0.668938303284546	0.913124865587682
0.92560593508231	0.914880846836887	0.637594845221143	0.906838967486585	0.796498111323918	0.805405085974848	0.911349469941503
0.56128231107819	0.56748982782244	0.548719743331587	0.644744740779088	0.5911680309569	0.590340973308544	0.681915872201045
0.521130659683903	0.504262277813012	0.591431908009559	0.640341953712372	0.617534947213563	0.601125076860711	0.868739073295173
0.547629628323315	0.563214900210389	0.604107526522184	0.718659327812364	0.670825840851994	0.664934803951523	0.805398073604586
0.653384310934795	0.665107702151546	0.566622866036457	0.707859166849364	0.664454327038225	0.656702642417742	0.744014595517087
0.559099858187067	0.576426430267927	0.650453398573022	0.760235437774771	0.69874331108583	0.715476092309347	0.949892642827734
0.529520286515705	0.534244637089428	0.62861043055942	0.657946840469941	0.633230582599482	0.631538188609483	0.91709527553836
0.50008832075031	0.500396879410483	0.588869405239089	0.573436655894783	0.576688210989325	0.570007431186701	0.812539905450776
0.519421842922989	0.547685864924222	0.616265317811616	0.725248490132724	0.66517196431061	0.663310182017724	0.928854602515875
1.04738458996321	1.03558730673046	0.635830427847085	0.916699159960389	0.840601605747682	0.860116060184678	0.869367085554637
0.866620763579816	0.847331390604551	0.565872869242843	0.747880202364074	0.708864483165669	0.711447892120316	0.725914167118177
0.58547666221322	0.585742970366925	0.656044059599674	0.848359981649431	0.754252988147282	0.738267753208542	0.989137748811633
0.722092577056166	0.727206868831134	0.575721500201891	0.740674313596849	0.683689419241509	0.699597972037769	0.757955353884366
0.516629540681996	0.532164137184834	0.608530096163136	0.663698229370883	0.623223334089818	0.648231608377244	0.848947322436802
0.544463909737041	0.535676112353916	0.643816475110567	0.710638818826403	0.674575037427214	0.661858684814121	0.930456199727102
0.511677798010607	0.503128832902163	0.600567432584773	0.619046616831044	0.585833699820191	0.608874383758469	0.859810956329649
0.841922573332149	0.847387728418363	0.58013078333645	0.807962352343418	0.736622206183554	0.740319951136632	0.749673712793512
0.727315309256197	0.697692071385986	0.628827145804541	0.849932506591522	0.730106599576126	0.743235348634781	0.893421242164083
0.521514191709547	0.521411735290029	0.611451433927673	0.666743769539762	0.629235287892455	0.650408824466708	0.886327064063657
0.534970155587373	0.533291664305626	0.642705805311803	0.691259273199007	0.647557058077205	0.641857241347084	0.90992996696004
0.548603388696887	0.555510854556224	0.625448321002987	0.757403962199378	0.697320139795035	0.683388938198026	0.86760068182625
0.521613137585367	0.520060118905925	0.562538498152898	0.636317672782924	0.600903235054401	0.615427120283357	0.716206672136839
0.675570246950173	0.680110331075015	0.607575686625999	0.765577908050121	0.687140308917972	0.707275832753301	0.823988272285888
0.633046480802474	0.598550839210171	0.611615538166179	0.758844350900445	0.685718668715838	0.676725963438382	0.795529493841482
0.567618777456033	0.547298949100152	0.593681125310658	0.704314058000131	0.655731873051528	0.642547826101105	0.818577946364905
0.541677234476592	0.538288082006549	0.644955201881932	0.707822764808787	0.646973202452356	0.667733682427083	0.946230518547265
0.509761262262497	0.526347679299174	0.619270833542482	0.664145639129785	0.627640545685682	0.634695709884251	0.892512916259982
0.504631215060011	0.512901953199382	0.510018948435871	0.577552903643989	0.557960978544451	0.575403535091054	0.637388550340047
0.482221635649278	0.478747540136648	0.54898507248429	0.579867297660314	0.558261925582352	0.561265886126242	0.704442813132236
0.51929274852803	0.530414871718488	0.600093832596772	0.668187862367972	0.616867907923013	0.599810868946434	0.80549369185642
0.820444032624468	0.82023589154706	0.590543457836039	0.776604785185157	0.68796965582893	0.717564987264732	0.760793724267154
0.92472456451719	0.925682951936876	0.607802788066347	0.821583323044049	0.769258967399179	0.776282716012613	0.823554801224189
0.467911899473885	0.469490120335979	0.566766903400102	0.553553732495072	0.542919079329278	0.551851773317304	0.744866178871759
0.601719986944032	0.562852761560775	0.583802596953399	0.718794960297898	0.670964960673726	0.660268460317776	0.782555448936312
0.515411390677522	0.514326418385605	0.608505927895638	0.688581479083475	0.629625818570724	0.628122332971378	0.833172366458363
0.896068235057572	0.877521431907466	0.628029608482532	0.873105297675454	0.798991152957506	0.770800861694842	0.866104461708738
0.515816433991107	0.520622307281918	0.614334574580344	0.667809963775596	0.655716350699653	0.647256525048682	0.844660927713945
0.489911691941144	0.481083811990914	0.572455736285841	0.567640111137013	0.558666597060085	0.568372700992333	0.739711180001866
0.704971498629009	0.693306380377925	0.66259621921047	0.880565789268013	0.775953450582574	0.762739334332361	0.936165748134907
0.618091680183757	0.626312402933066	0.54700185550276	0.643641401418721	0.658436226457901	0.647367804133782	0.603377476172236
0.591532136980526	0.567896583874321	0.594116232552172	0.70321259688755	0.656322259117693	0.666123997871781	0.820370532866803
0.818530457847294	0.788023714389189	0.616212068254058	0.797043133868984	0.787784168860544	0.792811864213259	0.790188652608732
0.514997964570578	0.529593718657158	0.610383045589997	0.632828237484832	0.599269819179822	0.605800964740839	0.85523029763457
0.539627039656369	0.53762952637713	0.647750970947943	0.748644830767847	0.684681609898751	0.673044920514296	0.984780593003395
1.00906759270782	0.987090454646042	0.655685509317621	0.911943646980453	0.832311918792216	0.840697966011663	0.927385577280859
0.502106849293847	0.521414244605936	0.604555748845878	0.639507551454053	0.593637625657992	0.616658597297402	0.870131028277456
0.507882094205719	0.502397787166235	0.575432479590923	0.63322031683431	0.606640905584405	0.623142785543489	0.797822799701899
1.04050793655641	1.06130079598316	0.648096278891969	0.961130498612364	0.828195370472645	0.845759026047379	0.912826278711926
0.498757085371405	0.496292975322472	0.588283781652484	0.626069150723042	0.610744453191984	0.595059904603389	0.798728146435233
0.574660390934914	0.571107987764874	0.610293323036244	0.711318758427999	0.664471556802845	0.661695705334991	0.791750612350172
0.468991492730728	0.487420285867119	0.5607098681988	0.596807603294599	0.558719683283425	0.573464832166813	0.693672920113106
0.507089267874191	0.497539589025387	0.600364684168021	0.635113665938326	0.612054105562872	0.601737380361927	0.846042273603851
0.55891161278173	0.546418174441266	0.572024212318887	0.681872525112969	0.634697477874195	0.638229685336787	0.752281903700437
0.475237025026734	0.480955312493585	0.560671645495102	0.573462668675193	0.55732062009325	0.559575966261266	0.724756159749816
0.505480352445064	0.502579248470424	0.596585605394534	0.623541911671143	0.589648168133798	0.616850850058905	0.803160830642396
0.510563319266285	0.500113487669371	0.614372681822926	0.62931999286907	0.591771975573473	0.603953884458732	0.855068892795335
0.478948578607406	0.489283983184817	0.577452857318043	0.588856137193746	0.591352901542268	0.583247983559557	0.778226456919677
0.543721300182001	0.537706086267253	0.632204627749418	0.722903776676364	0.670436348870192	0.679197236287846	0.910749105377891
0.531658263937436	0.540440815115656	0.544703569217205	0.647092197437624	0.617010791635806	0.61445488922429	0.709072707754562
0.535438439459104	0.53611821519648	0.626636362608464	0.726723797474254	0.656123331658434	0.66946135521034	0.89299079351618
0.50259213013118	0.500017313448896	0.619518180697585	0.592724101894497	0.582165765300537	0.586232566612237	0.868741340647339
0.519132913388573	0.503615797129827	0.58413731664608	0.660509105466769	0.60853555696261	0.642579116101686	0.779984703799864
0.522583542684211	0.503515569410637	0.612851413772674	0.626145836015235	0.60026380552172	0.623011383613599	0.856162483107374
1.19774652094802	1.18682880195527	0.654132075304776	0.962279476716869	0.949718760343284	1.0031883765404	0.861016596297066
0.758336744603922	0.779767345699259	0.643260394195788	0.839104061427528	0.775101601821196	0.770735425912589	0.894673888847921
0.840353793274238	0.791028802739868	0.607950527246924	0.842175936463747	0.755315747334349	0.751143549148952	0.805870161416887
0.474152778925179	0.472482043548585	0.56018260672703	0.57915315903651	0.551293029546595	0.552895939705314	0.727624966451243
0.540560822129334	0.534701592279801	0.649821586535601	0.689817491043505	0.658855410421127	0.670893408393575	0.960843745012543
0.534841162105941	0.560431177747631	0.594380727401429	0.672753046522507	0.641970004176409	0.638945536731561	0.813096781938583
0.743659988641382	0.746076694340528	0.657652566363211	0.813613384269361	0.749993786978687	0.741295728925718	0.912370763758569
0.908956655542608	0.895003567677066	0.612098980105117	0.834756260063938	0.775533597528333	0.761558656071518	0.804931032709809
0.41404897688017	0.417336925581198	0.480434648078667	0.481872723296258	0.467339949192574	0.468101100738373	0.565168386775373
0.520587013197661	0.514258628259017	0.626035564854977	0.681726087008795	0.635567222347025	0.630819482365789	0.864862176839541
0.51365213555666	0.508696418666597	0.596647826557773	0.671088327985342	0.646726562891679	0.629676526754679	0.847771914268862
0.496715836024619	0.505983223833135	0.585816092893403	0.645564490639957	0.59030834987424	0.601765945037236	0.761318242967213
0.548304965899097	0.541681506006567	0.622691533785954	0.704237102991269	0.628651166775761	0.656793634942606	0.910208633328147
0.457409558009577	0.47039353957332	0.538881009677412	0.566175547120817	0.565419909459672	0.54694840013042	0.693901995956263
0.520886633757823	0.517326950383178	0.596624075591534	0.680994273976239	0.636770181042756	0.649961081574162	0.829431778944245
0.863965765208381	0.88151354324701	0.608449600560399	0.818799499455904	0.761632160639605	0.736273619789375	0.789053212190159
0.537039294623143	0.551528978795836	0.617746764316567	0.725640780803312	0.654928466887249	0.658597325180113	0.831874932488644
0.58747121454614	0.558293186367701	0.582714096990217	0.717377361625033	0.652672171710738	0.652187577721036	0.740766233816272
0.613728191902405	0.585970704637613	0.559562910108433	0.667131478508921	0.634793644473813	0.637677611781001	0.697080389925745
0.571264925466262	0.543237685363867	0.639942334791087	0.735903520837301	0.665972168936351	0.712887430197762	0.920648114057759
0.502643898448057	0.516308408263481	0.605914949722323	0.661252708092141	0.617319110838578	0.626414585625193	0.827960722328911
0.980470478032374	1.00213793706282	0.608030766376783	0.842137019715718	0.781298793551392	0.770200933079649	0.775371548407974
0.538863600788128	0.526843491887536	0.624505378689076	0.688379002187663	0.668176971508855	0.652838154807231	0.906952923672971
0.529729477438965	0.543850880552075	0.620738755727011	0.719615806526999	0.664151484332219	0.662147720031926	0.884981117977534
0.511830172162303	0.49142187228803	0.581519572665343	0.60534688059886	0.603078477368539	0.594588321094768	0.812889787070296
0.520553473768739	0.536091475239234	0.639627572726697	0.700239176057735	0.638449417762619	0.658276975389457	0.920880118456172
0.577109983242154	0.532647068968263	0.553292478269844	0.69053136607522	0.628138833144473	0.637041795969832	0.719127060434028
0.772231828356815	0.816003765423838	0.607015610954179	0.811297109123235	0.736858805974668	0.734665647944799	0.814782003627592
0.618921576288983	0.632258323938711	0.634826811426691	0.78894115990052	0.727134970096763	0.698681959167494	0.893013855555438
0.528047312977579	0.535682274248549	0.620685659710368	0.697282896708841	0.64690963699967	0.629447615280017	0.881325508847854
0.711037935645562	0.7321207864631	0.627134901937103	0.797905527269415	0.727449455125585	0.730245772018988	0.895445493462318
0.537677696903605	0.523295904124822	0.651746595138941	0.711028333066389	0.666298436702184	0.666467585935364	0.996284920106107
0.570508537666533	0.564265441577188	0.61185654948279	0.752551060155351	0.683072968897484	0.672162931389669	0.868706011154918
0.535929120148468	0.541764307910615	0.514595822603663	0.572142570350897	0.552985693938656	0.538149550342799	0.615331758265107
0.560294509915571	0.562012933926224	0.650068857923642	0.726263121073114	0.685019319873245	0.683833911987701	0.993911143942147
0.608889890026133	0.617900492067199	0.531505066031169	0.674365203765483	0.626338390591493	0.617684382328548	0.687741585779665
0.492123292669385	0.496652131833031	0.586083412555459	0.608593451346155	0.602206979759594	0.596252002761325	0.813596266860982
0.580654181198439	0.593585372380646	0.621716637354717	0.761181501205306	0.681507708576328	0.672884466902169	0.850761948368859
0.842879383263976	0.822047293640105	0.569920011276509	0.753767276662377	0.68799589270855	0.701663397820591	0.744107313026313
0.862205391228046	0.855726686300704	0.627647494469992	0.863272171733737	0.757386850778055	0.802394394256855	0.897721447864223
0.615274880100667	0.609556597719732	0.55697797762596	0.687125498937455	0.643668130670401	0.638205392201459	0.73170321374426
0.957998372695363	0.93811301940315	0.593496226062658	0.841530312714285	0.756732959540099	0.778573411039243	0.768956606953186
0.524285898230259	0.537109175076453	0.597595330126433	0.641092737356081	0.624610209499453	0.642461189444224	0.83264453771052
0.487503646517478	0.480581612098857	0.576094653022982	0.583905444754767	0.576734955582427	0.560337763630734	0.76773498840434
0.538043535279391	0.523260368497797	0.637932529005517	0.661398120798644	0.63399081377561	0.638119621824723	0.948786614907657
0.560033429653822	0.546147931556163	0.655467149010811	0.732884250079159	0.670496968229862	0.67970685346629	0.946272368351662
0.482900122527557	0.490336768217621	0.575712838271843	0.563606380433973	0.569534405508674	0.563983935394915	0.783007110380442
0.564598825736231	0.598760474363118	0.622756131126763	0.737767010789965	0.672344691185828	0.662865247789207	0.85933711092295
0.531077977106365	0.507854630861897	0.642440404092043	0.667318683386969	0.632666373992716	0.618293936791668	0.922777144871088
0.523877113256378	0.518581996136118	0.608755986296978	0.635166462570468	0.632755210811192	0.609837270274983	0.92034760142322
0.496869552564922	0.509082391089128	0.583467842478716	0.609771492726602	0.571002517685267	0.572547452443071	0.756616859843683
0.473913911991019	0.478848151092361	0.543135007144692	0.579698572914617	0.55313392519158	0.554639362828303	0.680335655941841
0.53755639328566	0.522380333221864	0.624752940986711	0.723991598864939	0.674904391952756	0.678388467571738	0.878345332900003
0.507694979795709	0.513738312522435	0.595033367821711	0.617899412589783	0.598506254802564	0.589940100717185	0.816747731286688
0.533571484489354	0.535844373121424	0.644723010087005	0.702219357067613	0.658475344692531	0.672658281510026	0.935067698755922
0.854933859051675	0.843511941406986	0.649791425871097	0.893800419657193	0.79132040285194	0.783657337143644	0.947314829308291
0.52317315543032	0.507650346639453	0.608077983769207	0.645090336672764	0.614004980767167	0.614385208332858	0.854025604874012
0.553132029239113	0.568919256608938	0.661770853761489	0.7643697167987	0.714867460985138	0.714881698934113	1.01810658441669
0.530906714528667	0.538087990205766	0.628401964368002	0.703655627334527	0.672311508174346	0.654775362600778	0.880832784744789
0.534586668346286	0.524956989433426	0.619663380559697	0.693925604918198	0.64042103801662	0.649170213094379	0.910527038099082
0.529580961663692	0.507378486696609	0.621003836753554	0.652334144761401	0.634116571767983	0.629279736164475	0.87324512815034
0.721398279689548	0.691079520431021	0.619968956379287	0.797744841861261	0.713532291456178	0.731766419694978	0.855575722011793
0.498421624403042	0.496658201892855	0.609124848270326	0.608622059034695	0.620565629954659	0.617932678938222	0.868666171745244
0.923931025500123	0.925785162506828	0.605615848943052	0.820394205059955	0.784326812761932	0.760290852882305	0.784889024444585
0.525267208250356	0.521276234715207	0.592296276448633	0.651901638416838	0.621962260411555	0.637992566070527	0.82507897593707
0.526824760056203	0.525880009011714	0.598422869356151	0.689821581333446	0.648900390186029	0.639593439040607	0.815344974928129
0.533630095192509	0.539613104296429	0.609827763123294	0.696372422390007	0.631427111963714	0.640891792319562	0.861040827652718
0.472546508642996	0.476041702486884	0.556690993015526	0.570430437579615	0.564241020361155	0.55468779632055	0.699197692703253
0.584287588735248	0.59516435289186	0.638202191149495	0.781200292519976	0.708394521009982	0.737435155042941	0.876008250496975
0.449248861925955	0.446629938568534	0.507823173221976	0.494836216162607	0.508284376943604	0.49334774100109	0.643807743613919
1.03004773474122	1.02330948580034	0.649612749770974	0.909245141540303	0.926703741777168	0.91735989376115	0.864920997932902
0.52937131689821	0.526357475766462	0.623732696265823	0.691324334116846	0.632082112786767	0.642032082209085	0.892867969637838
0.53345923390199	0.552074063933815	0.621105015066791	0.696139094396236	0.677420205356838	0.657434504697526	0.891602192621361
0.640465915060416	0.629188369223591	0.60809912598341	0.742220990897531	0.665974899711946	0.678292010439436	0.854456939658117
0.913678494278123	0.899432677826049	0.621592663061953	0.882752359305862	0.801519920832024	0.793994537746499	0.854358947703492
0.937458311147141	0.955639265962819	0.595644892569155	0.801563311667474	0.755820372393379	0.763400213508203	0.782016478114352
0.893919560119501	0.895830894706425	0.572965640510475	0.797408554406758	0.740480114693501	0.73805187471146	0.712853681290929
0.55487371747454	0.5554280246782	0.625058503949046	0.746796513870882	0.680651903406009	0.676669229994412	0.844105336062279
0.482121171186825	0.490752017291407	0.561160483315344	0.606634466554186	0.575822373649501	0.575563399815874	0.712824110465708
0.584740473148608	0.560823446042677	0.608632302602025	0.739171246519917	0.674070812573195	0.681938910465961	0.843136599439858
1.07897915828838	1.08459625871446	0.636885821015653	0.977879380532523	0.86630375421399	0.880268780114382	0.861684610092596
0.480754065952357	0.486153646966507	0.530556062507441	0.603571487408519	0.562986536272151	0.582170131157664	0.686375986409439
0.526687526032916	0.512885462054314	0.630213983289082	0.671829435938997	0.639671039562101	0.634195087217823	0.927643329292271
0.913733600995779	0.903671773996792	0.605620453337379	0.786621231112902	0.768992063282295	0.774088075153767	0.760345587514541
0.491345791253154	0.494765339261866	0.568029179820695	0.564334749630295	0.562871492976823	0.54803244114367	0.782734364461298
0.669508908042931	0.663762223910251	0.626672808997286	0.786153819273214	0.720744231494933	0.721658985397083	0.913487074900356
0.546112968326198	0.543937870800648	0.654155021484488	0.738732551246627	0.683677762275778	0.665966779324135	0.909935892645849
0.683157087517304	0.70054817000568	0.59322764349516	0.759434485374157	0.693296081893689	0.687232524872138	0.765397581071666
0.493149250626267	0.491573561552542	0.58713780244247	0.564363873106445	0.565648980976384	0.58007830100747	0.775585122610577
0.484389715580884	0.509670391559384	0.56402491006406	0.609940569155191	0.571879642010454	0.581667331220286	0.728309590650075
0.531184455641925	0.552868078634626	0.61498222411002	0.74603149901884	0.686746759760589	0.684501785597674	0.897245534707074
0.796273724511444	0.758688668191031	0.58684683449995	0.791827989162373	0.713481943486617	0.72524993700423	0.753525902236808
0.58466215839428	0.561349915154169	0.654627644271991	0.796155651950641	0.706454848420038	0.7133043020443	0.957589247212586
0.797440522481519	0.796267741600468	0.57938547657841	0.729899030736455	0.675497463664643	0.679424289456054	0.715303732002269
0.648522449981641	0.605614965426632	0.578389729843128	0.724882818567426	0.643484546484858	0.657714554728844	0.756426167015038
0.883792818041574	0.866506544172005	0.570319062451405	0.76326900145108	0.705977180097292	0.707258372266228	0.714391190892375
0.511797595467427	0.524444028420824	0.605493299744084	0.680363942759793	0.639425341667975	0.631846526044669	0.806472774712422
0.496944614428166	0.498179454489945	0.602866168658459	0.601407837210417	0.589013747016316	0.587764640218117	0.823215768935121
0.974930497129157	0.953939025981026	0.640004675005993	0.861303494829598	0.806104436333768	0.808167751884674	0.861982001871167
0.548593436817985	0.529297390095393	0.641042610284166	0.694289734770056	0.643079071060486	0.6582617900839	0.92721131723057
0.482344132254428	0.489273732398021	0.576667917640818	0.624878329394499	0.598932058523799	0.580348940547536	0.744606384098149
0.482040281347282	0.476652524587581	0.54802031717971	0.598050373467846	0.568865847735802	0.573131911177267	0.678945703430802
0.82834138024662	0.840847717456653	0.593713243308754	0.796285383840262	0.715486453653866	0.725827570866959	0.785253143200475
0.516143896880524	0.517749021661714	0.606655268680964	0.651201037060115	0.622946198190479	0.618108073846931	0.841878590793133
0.542232034718429	0.531372520291431	0.620661384229628	0.690589357374198	0.647453858154118	0.653130140034347	0.903962781461737
0.53249727575913	0.511547093663454	0.613360116369099	0.684505866105531	0.636793312357899	0.641344711543872	0.829973196462855
0.500113760236557	0.512627854709686	0.580341891951642	0.618464824246942	0.610205375431431	0.598246859398286	0.780660010447567
0.541118756084474	0.552126206876495	0.587801611021511	0.672782562454062	0.647928392622841	0.651208322458625	0.807436358513682
0.540882484624483	0.546547019621664	0.563796996160142	0.669517276985252	0.628719955272046	0.63443940444253	0.72334113347604
1.00472436838267	0.98358106204371	0.645334033274849	0.878697523738763	0.829325895038068	0.795959262172288	0.87430264083451
0.53644109774072	0.523694867787321	0.638930372634517	0.652729265044624	0.647180130546414	0.653708038257668	0.955604101978766
0.530377473925744	0.527234622968164	0.623277866161409	0.670319356669149	0.630396526270663	0.659368998602075	0.873349322770314
0.540356783601657	0.528385070786311	0.589269681449743	0.705169946728868	0.648823686283006	0.637510226285692	0.762544084315459
1.07130585980794	1.09043261449755	0.656190730607406	0.936537855958463	0.9425014965596	0.934513678983393	0.881839585018466
0.497052647017446	0.521533559279856	0.569495767726895	0.626882444779774	0.598977142516765	0.612323737863488	0.761472021390309
1.07642586051523	1.08479927391593	0.63253368448112	0.907221963933643	0.854972485739945	0.881745053465891	0.806733883099585
0.472001824688141	0.467333093921035	0.557468389006497	0.553028872182216	0.547611952710447	0.550812080153096	0.735521382872338
0.492902062003416	0.478096161865125	0.60011052274076	0.574231582831252	0.575161635930645	0.570148727833587	0.79586701632164
0.512215040299222	0.508770607645643	0.612327957074899	0.62903353285858	0.617940639664753	0.615306894419569	0.841652350324962
0.501304625274789	0.491766634002018	0.590495988664628	0.611937158969269	0.579382243371656	0.574824431170249	0.743666697991497
0.495117296566143	0.496350994908883	0.568199774288074	0.60905181593881	0.577275042830847	0.590556417770038	0.753799602917285
1.07268642100921	1.05543116137181	0.63441416053184	0.907148709861367	0.881685858804051	0.878910493760158	0.84556019893913
0.494547912221316	0.506271680915912	0.569551640489677	0.648069384936455	0.616289477302288	0.616823604436648	0.744524746759493
1.08464691724744	1.08997118771031	0.622704626696546	0.932342602579584	0.853209241765345	0.87744948553282	0.817615033268821
0.741152897172589	0.788671302309728	0.59033177571326	0.807183094699046	0.726018725833654	0.731118195303775	0.81782512262466
0.489051110041887	0.486734994419543	0.589827568389895	0.591408703560899	0.576568366962777	0.57090841718376	0.762121670728852
0.469863084078298	0.489603181528351	0.552851571720015	0.570285683317772	0.554355538753702	0.551086736091189	0.716365650778827
0.924436604407376	0.962932732857759	0.588090334940745	0.800870099063869	0.804685035235248	0.805602432247769	0.749721988184143
0.558488641725957	0.531826178644381	0.642573386587811	0.721317858860083	0.664004780457602	0.674702801012465	0.993231094305398
0.537686028831725	0.536453935248569	0.644518956233189	0.697849266832792	0.660409771818659	0.634712627314804	0.930354640006283
0.514752069009272	0.511847810070856	0.585886009985082	0.632922750289825	0.614348029071677	0.602444115303676	0.78739345021822
0.500103526290935	0.500270962482942	0.596057018673323	0.621145411703871	0.589400882845276	0.608491384662062	0.867122778751836
0.876135670339483	0.866198005359299	0.646125414553181	0.911430447432514	0.801902315500278	0.804740194293706	0.928036441299005
0.536005155192823	0.525650988971115	0.614902685281923	0.712494783441382	0.66272306788065	0.661798914522621	0.880089338119739
0.506881364168123	0.5188482950303	0.576462719236272	0.646849217381144	0.597939799583282	0.599111981901788	0.76537293663821
0.555055687810428	0.56232026956363	0.607163807904774	0.728487105146956	0.672409513864961	0.658873933456752	0.788292052308395
0.500009795519109	0.516557042538598	0.582246117309319	0.639376820553438	0.601871363634445	0.618317486433161	0.796275356812137
0.521772281118092	0.505495279276592	0.620228652172708	0.645992192226469	0.617935164941482	0.61447574487018	0.84123295805001
0.502255860960492	0.498042170742859	0.606201307023304	0.622311511181756	0.603217012926155	0.607810879267071	0.846430760831557
0.680808196847757	0.658172351754224	0.60790091901218	0.754145394299624	0.703082751037484	0.69168558247752	0.846745806307085
0.643815887758903	0.648996879078967	0.47803267586611	0.602384480080661	0.570983013626732	0.562692204201332	0.545433481010636
0.767852851040981	0.772832405810777	0.610924874237614	0.801870126167608	0.720906403057128	0.71948994639034	0.838727687177563
0.892603773603073	0.888098966409414	0.617210627786121	0.817942482002143	0.777047149349003	0.783032712707741	0.825747953288523
0.530857664254903	0.517681579423736	0.607118609042194	0.649571500023044	0.63032384617418	0.631404594951963	0.890654457348613
0.618070758577198	0.611014156405105	0.616638333635679	0.735735480698279	0.692646074861498	0.675642265524229	0.871559658955984
0.535002038081274	0.531508281522213	0.584652962508414	0.698971061237101	0.64269285869498	0.645378472902272	0.828600746639649
0.597965264938404	0.568284002945074	0.574366058487443	0.687883849773977	0.639092423404156	0.630215072283256	0.779745383611043
0.48586555797173	0.487247850136473	0.582061149905654	0.604679909639604	0.583585652770813	0.578928307653933	0.761171314192558
0.977876150790944	0.986574542642459	0.628557830537193	0.915707562751386	0.812000023097782	0.810632069122797	0.85996812947152
0.508342792944335	0.508655611949913	0.622961522513048	0.646571574878319	0.624115045279148	0.64499571505654	0.934131040473502
0.508641845504651	0.502949787340513	0.600900952230672	0.623914499365712	0.596311307118232	0.600997205659194	0.832810651717324
0.489723758824237	0.498512815990078	0.57181884932922	0.606586414050597	0.576031717720874	0.592147957184391	0.766967917283396
0.48432839431406	0.472662388798924	0.550710568037923	0.613187325601833	0.557878269836539	0.577837603000465	0.69134007621281
0.617512760016482	0.59564817521935	0.602938083040373	0.700703995333306	0.637911662794116	0.65195285954315	0.797190130891442
0.510482026877948	0.51486954258284	0.581556401351359	0.600847294124732	0.592447117209829	0.58414984845129	0.805462751499839
0.72639499189599	0.65173143034276	0.579303737251675	0.797423938938409	0.703699854050331	0.7063235221287	0.761189873003282
0.790189835742637	0.808170032464847	0.60065609883265	0.823750732071025	0.729378583819205	0.74131041378576	0.792193952334776
0.559402792886217	0.536585402206516	0.576999304010469	0.67563249688826	0.617090646452112	0.624038167028017	0.766314758965481
0.709161543269396	0.71943605830081	0.602904132523699	0.738777741400138	0.673473638316809	0.689446020104282	0.804599382713506
1.00123899178266	1.00526649928591	0.643941349764851	0.908106863672199	0.83087599887496	0.821350148028452	0.882816029337446
0.500945499923175	0.502112841263535	0.59936637532113	0.669125570786302	0.623801789470624	0.614338325861325	0.783733228873979
0.649536228033345	0.653214111983495	0.629040129056084	0.808904580346543	0.727354452786783	0.73350002690727	0.874608385024996
0.533964492595777	0.545079006938716	0.561704676152679	0.697994739327099	0.645059760037958	0.635848376398911	0.719177434186141
0.52115403840749	0.527695929780637	0.584097066010733	0.649224345936023	0.597439871602174	0.604339278675822	0.775115477947146
1.08023258277631	1.08738447335134	0.636824059167073	0.946515469825706	0.860630234277027	0.880755853502712	0.884829445972534
0.516000935992948	0.494333634062298	0.593435102309285	0.673507159809002	0.618993749784212	0.613632325582511	0.818910017133969
0.53670378298521	0.527243734587593	0.609728590192922	0.695980309600724	0.63099390051835	0.62561291415063	0.815453046622473
0.539774247605413	0.534211255860963	0.646996203048374	0.728685938350098	0.676566380652364	0.675672414090915	0.933936411506105
0.619609250428123	0.598459365100339	0.60908159262159	0.728739055653593	0.687887973603035	0.676693981389743	0.865290705463845
0.474975257803099	0.5090253907212	0.557683194387409	0.603081751715708	0.5701683682158	0.577379016165643	0.726677697631696
0.47997442619569	0.476645182666995	0.548681337296949	0.570019963729038	0.551040990089055	0.551122378699879	0.712598395073083
0.800767355370138	0.790351302907726	0.59151187991521	0.747439557667157	0.706072196091325	0.700660645914174	0.771233855348476
0.569887706326554	0.537460081958244	0.605645685990966	0.691031934703832	0.645017807009134	0.629295541085797	0.819121287241074
0.560508743491927	0.555127651681796	0.650288675365554	0.788162464225159	0.707667178183248	0.696732340666287	0.908359072594209
0.516929437462737	0.510380529507384	0.598636360561185	0.650791913354688	0.635711585385425	0.637987063319622	0.807667372301989
0.620826209268304	0.658852749843994	0.58888675990988	0.751979234275854	0.681374163997973	0.67538258175224	0.815679578766313
0.657201682008593	0.66487145078884	0.631623759869211	0.809756001207433	0.713737115537818	0.72805477556785	0.87115008104473
0.882277963949066	0.86195260827399	0.609659508781342	0.873407321462167	0.790156587758393	0.772080474365785	0.826506622850121
0.715533961624785	0.706900450587633	0.558791039892339	0.691270238321217	0.650117061465288	0.657296977176893	0.717155947358475
0.475149819154005	0.477767107057371	0.556474930232396	0.578852765316788	0.560643849633582	0.560162963803785	0.729288964160087
0.49540554955963	0.482137372542712	0.531235107358283	0.576128475932025	0.56296001557274	0.547732926264013	0.63792389022976
0.548307301663618	0.522883334553796	0.597175984176105	0.686088305902447	0.647109858670167	0.647802446450502	0.80305950621305
0.515846807398311	0.527516956098497	0.613313574287898	0.686402335946488	0.651944290276148	0.638331209443468	0.844941686580881
0.486220263437965	0.485711319929784	0.602462332162836	0.595783941030809	0.590324985740884	0.593342994144291	0.826901863697534
0.500524372434697	0.507188316959674	0.605845097123541	0.620905289761494	0.594960226741594	0.589922541130544	0.815478717551638
0.523619844220989	0.51909171215136	0.610489037924408	0.679841044974704	0.653607318471311	0.653775689680426	0.838419834787983
0.481592934556076	0.479991197022151	0.558818904908981	0.610313562418268	0.567154002051731	0.575619994459914	0.730013174844065
0.584313154805152	0.581847567695987	0.643436214281734	0.781667411684494	0.689211624400142	0.693840061712739	0.91973779586916
0.533066953165781	0.54035215100824	0.581116849197017	0.716441872065444	0.649275372191356	0.648150596840998	0.770396592309078
0.516791351720459	0.51791726739637	0.619638126528614	0.612362667051423	0.62251253121425	0.601261069946372	0.912255053963136
0.537415849818393	0.525772835756979	0.60577607984884	0.673674093106042	0.634218458953473	0.620561153915388	0.791943874225472
0.510530012388857	0.510330654456981	0.58019469690349	0.645069338098727	0.598947915407964	0.599504149033409	0.761974931910829
0.714288896561815	0.710178803365487	0.597000257708878	0.781064186761895	0.692028328635467	0.687245448179514	0.786230707840475
0.613891004165837	0.61587702903163	0.581969127608954	0.718263163132196	0.652737897051679	0.642728629060508	0.781744099520399
0.497033998732709	0.525924715780525	0.588783906829479	0.67943588740111	0.628065114583711	0.65308740666002	0.809388493192645
0.509669502190739	0.499544945996186	0.594852388417021	0.644870125025528	0.602235965212635	0.596799538794152	0.787202657479452
0.881709595650962	0.881441726391287	0.583393140027391	0.756002302346538	0.726998401187156	0.72904067117018	0.718715278380684
0.511278047625514	0.518716311910601	0.606727128835793	0.681987579088894	0.631297542019868	0.63350639396633	0.836431046483588
0.495219508809864	0.497168630637139	0.556303810430447	0.617530259644279	0.578780561481865	0.576166710528519	0.686944708539141
0.991453633896643	0.968927885750734	0.579728917535997	0.83967869383186	0.794745309627184	0.779770604344257	0.770799201488065
0.659452640825747	0.67263715823756	0.612143802616222	0.756565335775799	0.684947604751498	0.68390824628657	0.831337408577251
0.512660747427709	0.50405123476991	0.606878279944375	0.623026248398332	0.600194313799955	0.584460846399762	0.854319014120922
0.521598584410811	0.501655278816321	0.611314130448849	0.629235614089188	0.625898545755045	0.631811121508359	0.827773311424108
0.485913876844383	0.48610766193366	0.559997669978739	0.5811235168525	0.570730188177563	0.576353740985807	0.711521875844402
0.720899188931058	0.6778852213922	0.647397879647107	0.797939729279249	0.72861638961643	0.730526179677865	0.938271350104945
0.86126094318719	0.894899408785742	0.669959281766968	0.957535821569764	0.811424916947093	0.836828903561117	0.959947814710523
0.507199092731199	0.517192678859826	0.609723099168756	0.647246889478604	0.643880407604518	0.637462520470749	0.889825989515247
0.583777467133448	0.557716848559568	0.618505852388439	0.746722993857137	0.674277843378829	0.696217479656883	0.885382248780774
0.464038639871507	0.463133212688103	0.544479878645033	0.563911847860373	0.555764808172193	0.536342041789829	0.692656429066748
0.493805297170536	0.501601379441231	0.561174382678459	0.632254692538487	0.602092235930042	0.591933800637983	0.745241318907189
0.664399569577699	0.61793273391147	0.607626996734721	0.77146629984686	0.706207302723155	0.705462281689119	0.795417958923372
0.513376575011439	0.506696026075126	0.59779389446705	0.640451702014477	0.61742374722395	0.595675476775551	0.803463821854757
0.541229063627103	0.540829150257501	0.623706644638024	0.718489219678275	0.659373574027281	0.675517446576856	0.866785011272118
0.584817894576129	0.62245547220055	0.617103531539762	0.754858459287488	0.676403473996473	0.693045373301417	0.860846205716481
0.585501517556328	0.591292318555126	0.567543305229373	0.699282219088142	0.643919482492826	0.648093031498714	0.738330180884379
0.497831993883511	0.504062075663597	0.613652835359907	0.620483174187227	0.613719900654256	0.616837151357056	0.87612139396321
0.716597132457545	0.725532628806558	0.627491517957175	0.791022739408559	0.724802548401696	0.725866011643298	0.862486711693682
0.545780831934239	0.53241733354233	0.607059124047669	0.699486138661222	0.655568696768764	0.636811253725479	0.851106981892477
0.514845993854197	0.506856445721139	0.600248020923272	0.646131988524155	0.621399985060379	0.616467330019773	0.832667695532791
0.52345640265444	0.522352740009694	0.64362068775716	0.651795365369985	0.638404604300826	0.638999869846805	0.954306739919758
0.647403284227555	0.685688552511274	0.62986888233057	0.794908754125577	0.736866832806803	0.733352911269	0.87693455593641
1.05982892777562	1.07580491449067	0.659122435227487	0.959342215985828	0.923425059358518	0.912504262433603	0.938595063353312
0.509172949663481	0.511828112443958	0.598071357364955	0.657580161423604	0.617641052129961	0.621043052272836	0.829263806272147
0.544599815950174	0.544292140027157	0.623831048672668	0.711134546113178	0.652397380718219	0.652182689282026	0.928835717808249
0.535424969406194	0.537154847183632	0.597462278303162	0.710691349000228	0.656272166245716	0.651339063509515	0.826039630705076
0.541435598551003	0.55584386062855	0.583262387131373	0.720941769018697	0.646051850541619	0.637157905724561	0.788057567699357
0.527267075287896	0.535681538763099	0.625477293624759	0.65055004057923	0.645206934176689	0.624031973546028	0.922658917154461
0.544690167655931	0.542688096077633	0.638008653142931	0.688961311745377	0.670740936431298	0.659766791586418	0.888323171050752
0.510158791513536	0.506526245713642	0.597538086622613	0.678130461242603	0.616887795079081	0.643403505658473	0.801903030738653
0.690734586822699	0.674507900640095	0.529717640948866	0.655132775500001	0.604077460851172	0.606616209727075	0.639272476976625
0.754803666682553	0.772437552982616	0.540717387339263	0.674850929906974	0.649817875469527	0.659778163952185	0.662646166718893
0.737954303566901	0.753742741341431	0.640083007860544	0.822422974259405	0.721396566863227	0.704550889068919	0.893482274864838
0.899266638623407	0.867079978823855	0.660575988106434	0.933578575546235	0.826605381458595	0.819440464609028	1.00507098011253
1.17059749040965	1.17248963890862	0.637035510968135	0.939372232052959	0.942469046878666	0.947463724449801	0.822636717995127
0.522031512534788	0.508304242078629	0.548800435150344	0.6283713839672	0.595641516173057	0.595471359156705	0.72844963759733
0.845162462427254	0.869766503758409	0.683894017174637	0.908073812689256	0.805338497691578	0.805656044571669	1.02641371624787
0.516582268945818	0.541010722745662	0.606923904186452	0.719207123948266	0.654429958395884	0.640262298871646	0.850431811104639
0.596515224087508	0.583076679222934	0.617800590353524	0.782451840667746	0.66864323590748	0.707724826204963	0.815177335965837
0.509775858371812	0.493372562788364	0.607446610114423	0.600869560328333	0.595250545649781	0.592245529470213	0.851255999535002
0.956624314528208	0.951189739612119	0.608777634143538	0.874390998876127	0.779600125190165	0.796353352063479	0.779557998660163
0.516367682738967	0.502613202677226	0.609995892541258	0.624153946751994	0.61270268951343	0.604777097251531	0.857525387333366
0.94620822059722	0.908447114130045	0.619928366099182	0.844634618737956	0.762001435646871	0.766273338794278	0.812934353503679
0.540007382164275	0.54467558998211	0.630686837305151	0.682115885682315	0.664065642572673	0.6516768078462	0.917461981319387
0.642553101448418	0.58096693125741	0.663525372066377	0.833525959905742	0.733853009468405	0.759383985575038	1.0099206372228
0.482613360583948	0.493034676651919	0.571613003709082	0.572533763996349	0.573905571929588	0.564207895548655	0.788547400949759
0.505632715363517	0.510779372621343	0.596598671346748	0.643547734910075	0.606137258469992	0.620850555574175	0.782245970048913
0.486289051988927	0.474597012862567	0.55248756641537	0.592592685338906	0.579590971182904	0.57157149146911	0.739316129227195
0.493171792777783	0.481344478780227	0.577026918511244	0.581800269501643	0.56742282440701	0.572741279906898	0.765471041385895
0.788249484240472	0.795249323610607	0.602853536663558	0.766246246358942	0.716098418528849	0.707906609635593	0.799656322055389
0.552751847979891	0.585119323093901	0.632052729010089	0.737829535053904	0.687633303777961	0.684453364421381	0.938546418374953
0.505257880360417	0.49985824106928	0.58697770232582	0.618451776270877	0.586786619490157	0.598319171452749	0.806236772902565
0.512166705359746	0.516469678888317	0.594963900881009	0.621781732854606	0.619175547873422	0.605378700003753	0.824893916288002
1.0007041774132	1.00059071809649	0.600123259518664	0.876549275904781	0.789422985048831	0.803000756135508	0.772161941344981
0.517683261460208	0.528183390893218	0.613404848485898	0.689982131465684	0.628459367710324	0.637205765561279	0.85778659857419
0.579806239026618	0.581719307208978	0.554140172079131	0.68236385420464	0.629636073085905	0.630450033603154	0.708007779733266
0.536231359374703	0.534710908080823	0.53930476217917	0.608006667219775	0.588421603644764	0.577921427893362	0.660364592354258
0.571329558802698	0.550607706271117	0.59303888495651	0.691374623621147	0.6264870214973	0.635459523830135	0.796378530728253
0.508775888014654	0.498571944087352	0.611594040620113	0.596224818446237	0.585190872425672	0.606889283837792	0.840584234708251
0.49600222151645	0.505605361719179	0.599674179398388	0.638095079969743	0.61439670537309	0.614220210080099	0.846504044461943
0.616545738089743	0.614321987660072	0.613178069180885	0.739498680969088	0.678742909827751	0.665802140600745	0.849842172199761
0.508271351298564	0.500188564172043	0.612034181458178	0.59440440626744	0.600423528724727	0.587793971483008	0.861643988999223
0.507083549415041	0.513330909003886	0.619564615038388	0.613852593916405	0.606277303717739	0.612172233599189	0.887670550556751
0.54164421647594	0.524829385480857	0.571733198141578	0.678413694630845	0.62252517539578	0.640519607377258	0.748310552889092
0.55272776108401	0.552935691307985	0.614634180190009	0.715576492238906	0.669047842810447	0.653655262966901	0.876962460044978
0.494536559497554	0.488467311107042	0.54023241291424	0.606059678578882	0.585640326214196	0.56676874738323	0.70404601300048
0.537268674802498	0.530465143891598	0.590309230209409	0.66658783010619	0.648533752100247	0.630965573310923	0.8347591526363
0.495292717100677	0.495392656170411	0.584285324833214	0.613449348481864	0.590787204008526	0.601377578893319	0.819842716552781
0.47944315032749	0.483315253640243	0.5645846280278	0.58026615682224	0.562481588096647	0.563050129042016	0.738215598361027
0.666193328927683	0.644865137173531	0.647302849148082	0.801045915187207	0.716853717585923	0.708250646729289	0.910243566790969
0.496341433325571	0.51073375044539	0.573357016611995	0.654690626624981	0.615473775537658	0.600911461383918	0.756051058015307
0.492041302217796	0.487947903515312	0.558161363500229	0.567063659381495	0.567727510513861	0.576115249682713	0.74999885559619
0.493045058351208	0.494827370251747	0.545111864534434	0.618011961820508	0.574054628050119	0.569017012736503	0.67520177862484
0.625044487075671	0.609292787811561	0.557724416890321	0.654827288281453	0.61859598745123	0.617314226214739	0.724292812094381
0.548240707797954	0.557262733134739	0.604048747967773	0.703899967271594	0.652063400718562	0.646515361562463	0.874979958937565
0.835671951227535	0.830749905506401	0.628045926016186	0.818251309156975	0.754025092654676	0.732153145007935	0.828043429238832
0.657752703867576	0.680345222989436	0.58228057854617	0.73670515768914	0.658074367149939	0.666961512019847	0.758227723209974
0.568541498754025	0.539680780947016	0.601809097614863	0.707463169428924	0.646873486072194	0.66254509606176	0.823732403064628
0.498519592444292	0.49425675049939	0.552838715378345	0.604008917428945	0.570342348935402	0.585707648393549	0.706934162652227
0.527408225253002	0.520408099977693	0.637696513233202	0.666443205093816	0.631299911024172	0.643857586974476	0.896302072396046
0.546198340391532	0.546935987057489	0.584106080115001	0.664198385677556	0.618599985927757	0.632126676232089	0.763217117380649
0.51264163688971	0.507732700450372	0.610440258794546	0.622325861603472	0.597613110090013	0.605825865197601	0.861567881295838
0.664368309686629	0.653477143304353	0.646232830213231	0.779404316828038	0.728434376401946	0.718144652219782	0.92698812324906
0.501739721353921	0.503380581398208	0.612584288247267	0.613889452308318	0.60173741309848	0.604210226601889	0.859144253227556
0.474085266600908	0.478114369913736	0.566173787068468	0.585157162334377	0.556342498289691	0.561977959852781	0.742925877959683
0.533547649338597	0.560973515351583	0.658738135189212	0.762553195235562	0.705110354989092	0.706276632429636	1.02080357790933
0.720071893348281	0.696571987394065	0.579698863455806	0.753599341621025	0.686494992440718	0.690599193664375	0.752228570044961
0.528737165833979	0.53496612881205	0.588913253606331	0.699493459880924	0.660539025744432	0.643782364223947	0.790760062747325
0.503035674952482	0.50468793868667	0.59300959361445	0.619814102739613	0.600216031101711	0.5966005246379	0.814393587942846
0.526297385461299	0.524118096420193	0.617646516828991	0.66716228247934	0.625097021693612	0.624664650304305	0.896382312333388
0.801464067125201	0.78618620556416	0.584414800012134	0.767211790461603	0.713241516214781	0.731553592786917	0.760087578570745
0.550743854902216	0.571299595808369	0.63042788424205	0.752693845079817	0.689679731997773	0.696670857426446	0.8820444279799
0.769636034586095	0.763049628812501	0.613796491470835	0.764784889081425	0.719811086797706	0.733784706754863	0.835181502198516
0.786669910577269	0.766462611268087	0.609925603567956	0.795385925494823	0.725590817967852	0.708329944224948	0.868740373594604
0.505964706141686	0.484223327398683	0.580001564639992	0.585869613137564	0.584728985250105	0.571520342831278	0.790611828010877
0.65216172591428	0.67981232621228	0.665629129375342	0.780200560539615	0.732015600178608	0.736128700673986	0.93909951464096
0.860679622919345	0.865831941390563	0.572747198731894	0.746768061743008	0.716673187278642	0.727501036808052	0.71930185071664
0.566021394285243	0.546593624114272	0.607375926552892	0.697418302628545	0.65714810230083	0.648418795300643	0.821688814076586
0.859958140820427	0.843319815893395	0.615286061833134	0.838979681066276	0.766800128506552	0.747663722302917	0.844670971272911
0.657123722906658	0.646170125570489	0.609550884551197	0.746864341283199	0.697298704338262	0.675606488210928	0.847248661180942
0.587677011583971	0.586690283267316	0.585322325575746	0.739129856093036	0.668162013500056	0.670536642248783	0.758724635165409
1.21972376853552	1.22180675521866	0.665297688660861	1.04732219160695	0.944617279645149	0.932494965176043	0.921472358390791
0.54679798797933	0.525873190474935	0.61127388287772	0.682439029869793	0.638796302924503	0.622561421391101	0.856579375772591
0.486567239265161	0.497079465770143	0.564836083420068	0.595860646897107	0.584864792954051	0.584386279341123	0.749093342667058
0.584250549120459	0.599959057847112	0.613724523581278	0.733038153406788	0.672175714279779	0.685662226354544	0.839949150769242
0.728407790832532	0.754075533512677	0.592301527589774	0.763951445460289	0.692210216698614	0.694832343445398	0.81900238365535
0.55079967710079	0.544534446755847	0.650746493286581	0.736103834267209	0.647682751302666	0.653080020501834	0.925997797752951
0.921892627138839	0.903075108497692	0.629636367358976	0.844605289176923	0.793914031366362	0.766054342249217	0.866838506077508
1.02338225682622	1.00441566698586	0.599244882833073	0.873457634742766	0.806717854800172	0.813327655721802	0.786871532447465
0.519713324763375	0.537814410775811	0.60101802614006	0.65982295972173	0.639334210040652	0.646628438699145	0.864910336695814
0.483358877163429	0.48560015789962	0.567820530107516	0.595006588646063	0.570565597338704	0.57231455892206	0.761409218114904
0.530753365897648	0.519420737139877	0.616535208994969	0.674105336348204	0.667536150889038	0.642693160495151	0.863212652538543
0.54424350773524	0.545027495142026	0.616189477439782	0.735512502108197	0.667003433443442	0.650896676829865	0.829706581822262
0.516723521298876	0.508114159768135	0.600519017614492	0.641990739448853	0.632903738981075	0.621339857724738	0.858004389741637
0.490974919316564	0.490870494976102	0.554202477039281	0.57919328967771	0.558587953497439	0.555485552682684	0.724688847164146
0.554871512784653	0.551471091260263	0.569251866595123	0.667067708747304	0.629468075478643	0.619240724665203	0.752174803471953
0.530088398012209	0.555283067817555	0.617808868206068	0.685371887729896	0.642650564724522	0.647706317712304	0.900587309588125
0.629840297474849	0.595167828275475	0.610166677764693	0.765529066194175	0.681285902780368	0.6867156368857	0.82454936763338
0.818192697477253	0.802559719163699	0.614740077921882	0.838400547867581	0.764521548744744	0.751495638644975	0.82448439309183
0.64343581938973	0.629082403710569	0.669770490819663	0.840158807784516	0.733382537071111	0.753444364229251	0.980673068439429
0.513011400563861	0.521084424432547	0.627572704857853	0.628284931333564	0.615702883445551	0.622739818451644	0.929997875689494
0.731570760785272	0.719184666293607	0.576559175484038	0.738260818633535	0.685572468967606	0.692551409945575	0.750621889472248
0.500625424811788	0.518983003055061	0.602103905131927	0.618204309726093	0.614227942260202	0.593668385337245	0.830372409822125
0.526145042983128	0.5109138301758	0.551870864168792	0.622473241663712	0.58267089823848	0.582341508046921	0.707089722795198
0.838538990826939	0.839719247257485	0.608552448485198	0.80379017645972	0.71472430245418	0.724153614429891	0.758374658560962
0.780877992383911	0.800471484190925	0.572244599789412	0.716802397175137	0.707863972728962	0.69876689592468	0.72473512119279
0.726000373453026	0.652992098616191	0.607050259799337	0.799319165895734	0.744715339728906	0.747621287703842	0.825835891545881
0.505555551455119	0.510544565386948	0.58659571520616	0.654061661159831	0.617185463761062	0.60045465781791	0.769965804209942
0.728013353293494	0.729150095011208	0.573187996188563	0.723049556348875	0.653475263175452	0.679105902137589	0.77204486831141
0.615056846689885	0.637510467149863	0.601449884641578	0.761995893523756	0.686287384637447	0.684253290313241	0.816960898826294
0.89936964353502	0.896041459525829	0.590386919010747	0.783936269197946	0.769018601881538	0.748942558369502	0.778459408144194
0.514556082404185	0.519156595911702	0.596936993135236	0.696094404065157	0.652194200673717	0.650694376000209	0.815185827470328
0.783961695909716	0.787145003879118	0.591834067529611	0.777677201174556	0.711390515874331	0.702863121316959	0.771310155034776
0.866969153271933	0.847249376429313	0.640004873471868	0.904908113676025	0.79880307818077	0.795379107197976	0.928479175332449
0.529254103017091	0.52878388498176	0.6468403999431	0.670461012008803	0.641684939241251	0.655650636226629	0.930029915547402
1.0453612636669	1.05787929583426	0.630400260112652	0.935316130978096	0.845670556405503	0.830023307788677	0.844860710360992
0.513742427430939	0.494408810240989	0.602893955813963	0.622995599839956	0.586786283595949	0.59377274519195	0.790005849888519
0.520224489779057	0.520503604444017	0.611273077678466	0.648825047273645	0.636873978640084	0.636166006216381	0.872424775981708
0.619898014073486	0.61257490302733	0.633207945876077	0.795747453589771	0.698853372000618	0.717388652993065	0.924404371671737
0.937507407681811	0.92368331075691	0.616451821915833	0.89221748702486	0.785929630535098	0.793966904127702	0.863780778710544
0.52011009099006	0.536659948983419	0.656946196511256	0.680657256720887	0.627349115037978	0.648419303796622	0.992829004120684
0.987556326949793	1.00007007870602	0.609293071534603	0.859660244125893	0.784035346853405	0.796388782072436	0.777085355702437
0.519082803548679	0.504024128162176	0.574027327722903	0.616534229912055	0.587944291419418	0.608617893878819	0.773928062464088
0.488375476492865	0.49014491836859	0.56441273669338	0.62168529516278	0.585426263102175	0.59696951761062	0.7519844250603
0.525842015009451	0.515474945937852	0.574840754551232	0.681156797714655	0.647790452244974	0.644587324072897	0.749420436737245
0.494231783709689	0.500644638115846	0.568004287512445	0.613853779676459	0.588048780510425	0.592208186501116	0.742016454151651
0.559479492101358	0.536357976431552	0.631859193385008	0.712804432395084	0.699723563042342	0.70319000247329	0.924344202503936
0.555933989536791	0.570288737274174	0.590517136374506	0.674048998858178	0.621971330677095	0.634273957899417	0.768397284364217
0.523261783517789	0.516166091026498	0.580547596839903	0.639205752211691	0.596705008424147	0.613971285407264	0.781696660840198
0.533915616511141	0.523588239764994	0.571382444431955	0.650460955572607	0.611743736778905	0.616791724485873	0.742351593973824
0.561375283392584	0.544878299196406	0.606341558338851	0.70121061600427	0.655085168455904	0.659954541925301	0.823255719342646
0.515937262430937	0.524171073235327	0.509562994468694	0.592345791342718	0.563506223649194	0.556527588863706	0.625659179150194
0.514795583596921	0.510952791096145	0.594455025608782	0.639296016095283	0.613615478622525	0.626930889651976	0.803995704064275
0.522600654864883	0.537071963189249	0.63996817032081	0.667625227696062	0.640053790215599	0.62929661312589	0.928442861920393
0.520849864688346	0.528850923040507	0.619548698906269	0.709374665365919	0.668133361197817	0.677223119238984	0.827090803000861
0.608013506111886	0.595369373738329	0.543288516425615	0.661155786958004	0.607168359267141	0.618623725106238	0.675902597323599
0.523715893423846	0.533945321064411	0.663316490358044	0.639807153971606	0.632919545210177	0.631717089566503	0.977378661549989
0.63357558748622	0.663133949062888	0.603472498344852	0.767525094995194	0.693300303948135	0.690528174219426	0.826281405982102
0.550301616505825	0.542864364339984	0.60221604545869	0.720151799265972	0.66452336146874	0.650613081373617	0.815733894806382
0.748335359224992	0.780811301140467	0.562906705125217	0.749835142887121	0.674313144334175	0.690515249535244	0.711684020479904
1.0503900853556	1.0416677001239	0.594715377722155	0.830445104085259	0.802443669736677	0.812240558239919	0.71876300499468
0.543681967161979	0.539912639674564	0.582719399798351	0.693525236413383	0.637115444386243	0.647271401551367	0.761515986170264
0.499230734618971	0.513786204486129	0.602031503236962	0.620792161115019	0.605559562123289	0.598846760626105	0.804541226671104
0.775986477162152	0.763029315657847	0.593838393151749	0.75975168728583	0.68633549244974	0.679201519063474	0.740356420895792
0.605813853993649	0.595982377493929	0.583979839133426	0.681318324668735	0.656478325287127	0.65242611651093	0.779683871337667
0.476230630925361	0.477353096741026	0.556910476629005	0.548300427780575	0.538561490349138	0.551547252715571	0.732648214660254
0.48795663838647	0.492063940398481	0.563821191549666	0.612058380936592	0.573602497410054	0.569620626810023	0.745473727127939
0.518855794418638	0.522283085690685	0.582635333533613	0.652509527729203	0.607729934739353	0.613986268649209	0.757390980819022
0.901536140497479	0.897419517004644	0.615346965686829	0.851832841948375	0.778769695612305	0.76573286239656	0.851074460580937
0.549558067827778	0.55257810948416	0.609097669092188	0.710496021385819	0.66826561612774	0.641944072540535	0.854789824694461
0.539514302973979	0.542704814542938	0.631950277258557	0.728377688085403	0.643596706011308	0.678514929259942	0.873461761558714
0.578302734761182	0.593562943927139	0.633233198008437	0.75951056178122	0.679404941838996	0.675904961430746	0.907246545117555
0.538917902943694	0.523455621318554	0.625467388987565	0.699691108412598	0.661655084845684	0.64635408758942	0.861640111701377
0.940556343302868	0.925808939991476	0.676433666086078	0.961394605858629	0.840652629145813	0.836930057742262	1.04999459364941
0.531581041153601	0.515825709353155	0.606370303483745	0.678549663882762	0.659583009101092	0.659193527825069	0.866349814406382
1.00863830004854	1.00657409143045	0.601626838978517	0.890020293639701	0.804528947519836	0.79560082437761	0.800955616736732
0.801406340819257	0.805640890648827	0.600165707191428	0.77011590829323	0.704860650789097	0.703536021874421	0.77828685283397
0.810810314769044	0.778923039802164	0.567551628818597	0.754728107383753	0.688495037018992	0.695641554505907	0.707196445650119
1.03056522123318	1.03017912719172	0.641268033567312	0.934344317823715	0.838142599288207	0.833480193234828	0.879543588073935
0.507781669624532	0.520919486299085	0.595566816136537	0.650235089399204	0.615370621692281	0.626675504035126	0.816130390197704
0.781677364282802	0.789371774455094	0.604455808197172	0.775722133272762	0.695958984471251	0.697079161148607	0.794299443689592
0.538480014305307	0.531244579945007	0.615116636857647	0.691954040284145	0.647486262492627	0.655395279952291	0.875597753076066
0.4963496569249	0.501123278845267	0.59178963342143	0.589860391827328	0.582366221223549	0.588242593548052	0.816741202396325
0.516888785177489	0.5338959660231	0.59479416697362	0.659927513844235	0.598324243845848	0.619660845629063	0.79628033413271
0.490344369401346	0.499958639578611	0.587535097376406	0.574329003412446	0.570782403613033	0.559553440449632	0.78598576897966
0.612196784661745	0.676115083844876	0.612960971413129	0.763448913056425	0.690901174146305	0.691224389908792	0.820829373225293
0.68306280296093	0.639539829712415	0.593340800401912	0.798403616673732	0.70706660228375	0.71160325762397	0.828594420818281
0.811202299815948	0.851218199652529	0.622743725742719	0.819124323089577	0.761054555455507	0.767670423275756	0.859992163053273
1.005150260245	1.01959787243052	0.627318612518502	0.883622494054176	0.831037985691496	0.83092817701416	0.857281911694265
0.555920779406151	0.549432841659967	0.559954332396681	0.639225447039481	0.614874220433341	0.624002840567415	0.738459640543737
0.753703274933214	0.737185202670779	0.639304029556811	0.85634632664025	0.755939393751527	0.75356122297549	0.964160269774308
0.546572790490586	0.573310625680333	0.646377007045161	0.736369506015005	0.6944337327076	0.679628502745808	0.927341814168173
0.756738864839446	0.731902069766138	0.687179643888337	0.865016460080867	0.791100345297353	0.784220304057027	1.06915066282979
0.822270380619757	0.795904479277013	0.588951041619782	0.768887039595846	0.715777925080574	0.723836456875907	0.777876082185407
0.532218630263235	0.548820630948711	0.630742236960366	0.692286993874558	0.663774318581883	0.683456893733139	0.980335140698626
0.752144264121567	0.757920215420753	0.636706746316869	0.810842208361896	0.726738787862049	0.740605093767849	0.897543622234162
0.580395472668006	0.58270519458909	0.591729857219237	0.708865997794124	0.656460747588476	0.645195437227972	0.78403086585452
0.495276964190129	0.49845419296822	0.585454803480922	0.62390149348947	0.602358296191364	0.594718119653385	0.778449489104901
0.621651989319723	0.605116262316897	0.659887740645491	0.796128510890656	0.728644696644731	0.719165014755032	0.919673647238089
0.539890594785257	0.538709531229257	0.638660049738209	0.717644597182191	0.677485587813521	0.670701801754386	0.912376621512389
0.602542623548879	0.577816476377099	0.567719416446987	0.682027839034249	0.636504670617965	0.64449374249935	0.73164099536253
0.802865942707632	0.813610005460952	0.610520324455392	0.765880707625997	0.70000224346103	0.695265729789421	0.809400529993471
0.505885359207831	0.520239577410978	0.635712218264909	0.632924559865784	0.626182642355246	0.6146990745978	0.888517023476131
0.544607747262662	0.551932006521493	0.628866657044854	0.722655729453179	0.67057072619524	0.678665079894698	0.873978648552658
0.514584382045828	0.482856491843677	0.593093223861044	0.622639138263741	0.612208732596876	0.598943032015118	0.797688638882427
0.536591804234262	0.546834963514075	0.597520032076108	0.680698764228782	0.638612585594638	0.628609322306481	0.846866438813619
0.848051250505791	0.835165509099718	0.639834066065515	0.835451275726391	0.755265423624603	0.758741484849556	0.895209049833979
0.834386969153796	0.812631655010008	0.609279512372699	0.82303687605679	0.728081902800184	0.754676856998072	0.852337650523816
0.512047772121185	0.518829419808775	0.630753065841285	0.641797533999813	0.618785923759394	0.630761356147485	0.868545200555604
0.920622440180701	1.0059918593814	0.632812434679913	0.949531344979056	0.817397043045852	0.840463314279458	0.8980825460976
0.626974531922923	0.634405782060741	0.582299459119482	0.694426083250387	0.635288577681716	0.641570566142059	0.720358343167679
0.52363082103216	0.515729732752814	0.589361059721024	0.661185921384758	0.622367993487231	0.626243218191898	0.826912078759224
0.508846974691664	0.511093336652327	0.571441233207288	0.612778718372058	0.586737334756116	0.59012814559071	0.748461433414851
0.533296214607413	0.517956368695556	0.617012241578117	0.649274980982489	0.622655541355426	0.630180655245094	0.907720586550204
0.464149963877448	0.471629217510651	0.52322704839906	0.548650911857788	0.545847748278445	0.53084503377431	0.644147183600809
0.518442360095452	0.525471447554777	0.59283923150771	0.65508827275126	0.634622933678933	0.644735918620528	0.834380791491348
0.519160220208433	0.52612160524639	0.614399374389664	0.677964174128288	0.652204243756226	0.636650842158979	0.864586088896154
0.552016370619419	0.553217808709676	0.604827968306266	0.728466851313799	0.671809377487089	0.662001153309861	0.817165559007827
0.464439554481828	0.475367355981992	0.534845937760106	0.552125597070171	0.534318531744989	0.537417475051198	0.682027232072948
1.08743651006964	1.07173245649319	0.632714435684969	0.920127397758693	0.883854942646012	0.88292153479037	0.868346014784046
0.497376339408338	0.502127135902918	0.58944859185181	0.6145274608317	0.58744843731962	0.602185203364922	0.78339873074915
0.502828695111066	0.488435966329164	0.567665043041754	0.611288124885572	0.603593959182284	0.595766779854124	0.751355803788894
0.866200694024624	0.869207072193077	0.650841463895569	0.876438027251316	0.794678206626216	0.805804915385829	0.948190254403823
0.514611429993482	0.537752332172784	0.643567908706309	0.67346034342901	0.677264018618265	0.656183801426386	0.991891369820456
0.481203711442657	0.476267105362554	0.577598727693611	0.61892843036814	0.588229963468128	0.578675118685027	0.715612370175675
0.490260964887482	0.507685883573319	0.590568580178509	0.622419121457	0.589214979029495	0.596897982933424	0.798049622239412
0.511486921513042	0.522999058791373	0.5640201487726	0.641972220183881	0.600124951897596	0.60872594761153	0.728765403525472
0.837029488932024	0.873920253477324	0.642879259204411	0.886003068250755	0.781052046159807	0.790818128939399	0.902740064542236
0.508109356168237	0.50483589704861	0.614722655875728	0.628239351390572	0.600332816984289	0.587378987782599	0.86088663875629
0.50122118676042	0.494649683879168	0.555491574367824	0.611360808684627	0.590638248207482	0.598047613649737	0.720624720906153
0.527184179235998	0.532751254692023	0.637280045039741	0.697892156324552	0.66036560803504	0.653981164362944	0.901503365999512
0.558098647929912	0.566276464909461	0.612951836539377	0.745961206905743	0.634480737470811	0.671065969007715	0.897515990778506
0.479341101872951	0.474467984060676	0.555773954334052	0.566444925986456	0.546646648740466	0.572271106362518	0.725709846539166
0.547574585049074	0.531752650172262	0.605259071634826	0.683041126891739	0.628186850817326	0.64798422488812	0.838921522096749
0.526072807413643	0.518828339794138	0.583795423285456	0.670271836223504	0.625252024791839	0.622473737210771	0.779324248521768
0.488290303864079	0.480100761186711	0.572433199753554	0.595969270861267	0.583667127799537	0.578160824406531	0.768228906341242
0.516514487295148	0.519154682435233	0.615758772305154	0.669003436440207	0.614029515751869	0.627945981836946	0.826283109940057
0.486117012337123	0.501572617292686	0.591743258229545	0.58361568573134	0.56749698466727	0.573104483726555	0.783380152355597
0.750160915769485	0.741505328331645	0.62499281568489	0.776427823892049	0.710240998295648	0.714421653449313	0.874922578674458
0.524154992136396	0.527670394547317	0.661367460583845	0.680021009560315	0.677552543571491	0.675835100469651	1.02519657942181
1.09659544039253	1.06496085440929	0.619767089581094	0.911541433536636	0.850038102254449	0.870592577218599	0.830029599065491
0.592814131036408	0.610568447656063	0.577856655488551	0.673004352368959	0.634770594724273	0.634156857465399	0.762410362769023
0.545031560803191	0.543984266550071	0.60249178891161	0.719086535701398	0.674527639414447	0.672860530297892	0.838615803688213
0.54215923165374	0.532951243453991	0.584834951998933	0.671934849381853	0.621334930750572	0.641357316185832	0.7918586271881
0.740913315111846	0.726798089570384	0.570972820480072	0.729869578871141	0.689469845344926	0.676100236137331	0.727190178226755
0.501991247107999	0.493591294989428	0.59572603774543	0.597520096788207	0.585084931380919	0.596904719299915	0.827658865273679
0.520546949155036	0.52514817216194	0.560523577943626	0.668598982068627	0.643976342550937	0.62810948790359	0.736495890177964
1.05037331229334	1.02524794461147	0.657735221670739	0.948813556565709	0.840554711625414	0.85712922286738	0.944686493261038
0.820248509583365	0.802690592876731	0.622858487603353	0.811227917101699	0.739697193081859	0.75435392249151	0.898645250094013
0.536031514598848	0.564396075400587	0.59764940723533	0.690650504769438	0.626227184348967	0.618481694055881	0.804894265760122
0.9022504195303	0.891266531116693	0.597946186266236	0.817687133189759	0.756533874675779	0.767414268348049	0.7722027711399
0.562642912582671	0.59474459561355	0.593312679886116	0.749226879575979	0.670426945065658	0.670662042563729	0.786098819257074
0.863615756179607	0.849555609451162	0.585615077232331	0.801788676638089	0.724473492013786	0.733321643973119	0.762247352130761
0.661990911162897	0.670908319694753	0.605698029841881	0.754935121635877	0.68360949429726	0.691377293563571	0.842631446795645
0.47920390431887	0.473369844973962	0.567767443551658	0.559538559191503	0.543570810563461	0.557799647836138	0.736576083212124
0.525101988471584	0.53746721837051	0.632436017297071	0.735699366940721	0.667824033200912	0.676295553911151	0.919467052483682
0.51328259934038	0.5153311363409	0.61520918518487	0.63710221383569	0.611133290088736	0.615735203096438	0.847500017954847
0.527205958613527	0.524918158159319	0.589701231070623	0.657143478783127	0.626874005934873	0.645536229397252	0.787602624074201
0.958725900531377	0.936446618413704	0.605009522351358	0.876942576557958	0.806470307686885	0.79581466953791	0.837362997977933
0.530411887622108	0.527701150534722	0.592591470065198	0.679631205020877	0.6390025632288	0.62486000404588	0.834766249866282
0.526786096352536	0.520496058076257	0.54438687959786	0.63306528672354	0.598617909839237	0.578656537945546	0.666327559921261
0.769641560701018	0.777705476418792	0.594172374277933	0.800014996271778	0.722213245972428	0.717752350052811	0.775865405767005
0.631492258815954	0.639841385887079	0.585196696150638	0.700373110510555	0.658719830620042	0.652359095263748	0.77096276846486
0.55265939392143	0.54703745454902	0.667926597235259	0.698901864746007	0.679525497716274	0.686152244215113	1.01878428422082
0.50261165413063	0.53523098236867	0.605038640618719	0.668764612550169	0.62875889333422	0.648624748020962	0.833064085846013
0.518984629656521	0.541394159981353	0.590959407364684	0.642559591766277	0.618335201167704	0.619731615191565	0.810834792288975
0.686630487375697	0.696617600522991	0.621875759682287	0.787489816616305	0.720686538662214	0.724820129973643	0.863427399737636
0.512708281572435	0.516283987900904	0.605062408466239	0.64768472260653	0.615709034947873	0.622267125688769	0.800376024413273
1.06589905483098	1.06947965967139	0.648167777951522	0.940412394559672	0.857961963623168	0.865271539201705	0.889762065614618
0.527959836571609	0.541245436650116	0.615895088144996	0.707738158837487	0.652626461944371	0.666838404016737	0.854716872936367
0.554720087721347	0.54983947198967	0.624997277876332	0.754060677595731	0.689887227849631	0.678808251586606	0.883800470430084
0.529706588346572	0.528510172915686	0.64745763411333	0.660428944627753	0.624297455734323	0.622749978699471	0.954732168222049
0.533135856584471	0.52726387173845	0.645371746098705	0.671407875503949	0.673322357000865	0.654097673238468	0.986259351714054
0.812199399256041	0.820321247822671	0.595437894127431	0.775162490637878	0.713962311926117	0.712894700365023	0.759772755549895
0.999167698734917	1.01027778241467	0.615466186330616	0.858034316109592	0.79955996815316	0.795721743493813	0.798420686581476
0.559590359332104	0.553159177446347	0.6573014897329	0.739955665475265	0.681733583468518	0.689284267172917	0.948936042051941
0.60233837777435	0.581107384050212	0.617300395532258	0.751664488340626	0.68409810576513	0.683625270067454	0.887342975636701
0.56487041924353	0.556314941386654	0.648774309614933	0.727258931759543	0.681845750247226	0.678481313582989	0.95086031193085
0.778701410166123	0.731820333714425	0.594923466460981	0.782323467586167	0.699224864930877	0.722757425812681	0.820929774652968
0.549593557059401	0.560569187348197	0.621035736795513	0.730700500133296	0.655504672912139	0.667475765580282	0.86465525937401
0.483124226035829	0.484620787281369	0.577171977500757	0.583832732405785	0.572706743788677	0.572291774653777	0.773664901736984
0.704216475926538	0.6835454096203	0.61003177889132	0.74963061828685	0.676167790222849	0.669053236252038	0.825492849687761
0.771067765287289	0.757510158538877	0.594637966706029	0.76710685776395	0.69642753489206	0.708510080372133	0.801301800439846
0.47230594558068	0.476320123528026	0.540388870433967	0.576684032293964	0.554205707448286	0.543154952617765	0.697340940603173
0.530006869574288	0.528737095036295	0.604283524107926	0.691971518609277	0.66253801401081	0.644790125786415	0.857315258628941
0.541404855459354	0.529144211700332	0.628704256703266	0.698906957880383	0.665955342607675	0.657116008252938	0.884927338704268
0.561543168303982	0.554729270643225	0.616199765811257	0.728772371213423	0.670994244675542	0.66767344870014	0.874584615303224
0.557762048723148	0.574444599393021	0.620610953906873	0.71333681026011	0.683741617799896	0.677079412745313	0.87815803978368
0.725659450407056	0.700689582916288	0.629537894772715	0.828690322129586	0.746051638264919	0.747370179850419	0.859471694558281
1.16730768920052	1.1571543937501	0.668716684373581	1.05545618467213	0.914220372051044	0.914221476227951	0.973292789885472
1.31443876662837	1.33660204213756	0.692138747738099	1.1412180824475	1.05191469216799	1.06213656861658	1.04738316790874
0.500331358330792	0.517613528521475	0.562322496397312	0.637617835414558	0.626796090674496	0.614000293903665	0.751375491061801
0.545309578995567	0.533414534764743	0.643336455474981	0.715623444224898	0.671674540377269	0.671080921583221	0.949799833808637
0.536127534113538	0.520897210599615	0.639575692256921	0.67924114471652	0.62072196460431	0.634267343571326	0.898011568429562
0.539574974747286	0.561510312799179	0.583584441350466	0.670891431015069	0.621914855918555	0.630610867339707	0.791697293735068
0.486294953907757	0.492982245196927	0.587871431496339	0.587650243317514	0.561659972430121	0.582716688836669	0.793966806847427
0.765436050964699	0.784914267603131	0.628070030921969	0.817652151901626	0.733168619350441	0.718503244001475	0.88184269844582
1.01721806203807	1.0321707577948	0.668470256462562	0.933122525251264	0.844884711888259	0.855674613394221	0.961488895966276
0.513478838058723	0.502913070174062	0.608282136060852	0.627076361527104	0.602928417638066	0.616622800363862	0.850711703539482
0.576799399477503	0.540083029622216	0.603657463365252	0.717594058647449	0.662431499980434	0.662526070845485	0.841793434567527
0.774208027894546	0.744102302404008	0.608131232440686	0.781770854389293	0.715319093355785	0.719149232905758	0.829766418053722
0.59179389333392	0.583651324235806	0.609384795724329	0.697861524300335	0.639546245088794	0.650753148040995	0.829056663763655
0.486513207854565	0.483426066418354	0.577582787444798	0.577666267704113	0.570603204838171	0.556868002717646	0.77905520682729
0.538003085435205	0.539724843490782	0.619203795597701	0.696776164587427	0.667934746764946	0.683388112896601	0.891275960541367
0.517491682412983	0.518036669156677	0.612819340779876	0.629468111097112	0.593870214699779	0.613280056434768	0.856792018104094
0.510845790901994	0.520236034815561	0.611682443927495	0.629164492591659	0.604971250595078	0.618586081123437	0.864494737384796
0.775542767717314	0.759510393885092	0.603780985335853	0.748692200526385	0.685223622683612	0.710190287235134	0.786242451825902
0.845751944766603	0.847368119957188	0.587488108031287	0.7831143062993	0.71632432032371	0.717088297093507	0.752436935622327
0.532348739021796	0.528233789647508	0.630036473765874	0.704632939481803	0.665466560385211	0.642776873688459	0.88615952501639
0.650421879749277	0.657480681445061	0.653078240540794	0.839884321176598	0.752485802855629	0.776172614633082	0.970504105763383
0.51502726993481	0.511681227266703	0.619845954140372	0.64369817321506	0.621566763684775	0.626505079367715	0.887243948568423
0.589841151256103	0.633373829696963	0.57439648541599	0.719159823145451	0.667614027751793	0.647374581623922	0.778952186765321
0.520697454245661	0.512951132534392	0.520183384195408	0.619140877021524	0.590238296241272	0.580589581522999	0.644396902191313
0.451953624240218	0.447419887443937	0.534199929968563	0.515742092284984	0.5009517843722	0.505824946915708	0.658003171533471
0.75202305225812	0.700759216329729	0.607627242185624	0.817460908653149	0.741351654852464	0.724176515265896	0.825140446209716
0.524172875582231	0.520777041921026	0.608307639261021	0.692862375595159	0.651526978225086	0.636899048800809	0.884898949635557
0.498547139749799	0.502685392764785	0.591536378191905	0.625895093724518	0.602348308563625	0.599720118219305	0.813478796088081
0.633019095259214	0.644231080592987	0.60244259950731	0.716305322761468	0.664681152040137	0.672640165504607	0.823766719035768
0.808030455878755	0.82571208296286	0.589761115092659	0.745769802728367	0.707952011713757	0.689417762124448	0.742802049787165
0.476315477943246	0.481239400708615	0.558648650392399	0.585533126923001	0.572087549559175	0.560230839976385	0.733853919061327
0.487503068283136	0.491880174202932	0.576219458971315	0.576089248352845	0.561073279447427	0.563036201361889	0.784502198281597
0.510311765119675	0.528139232773272	0.61515582207028	0.687477444004167	0.611255553004797	0.627957933205101	0.840750005285779
0.493751168224575	0.495426603645325	0.59673138542139	0.597413425091972	0.584751516887267	0.591183065787823	0.833261036725798
0.543603013324326	0.550831049555975	0.571145154595016	0.691901170140686	0.643381402191673	0.638770145424595	0.723882911975376
0.515826798620763	0.519920280579047	0.611329223343936	0.66304348618073	0.633412577918652	0.636361709074317	0.894545229190034
0.48368781918668	0.486892959010092	0.586860020720478	0.580728494405629	0.579892402708564	0.557650399381467	0.801034471582989
0.511679378482996	0.498980580444498	0.627428721319547	0.651338435962	0.627811672879501	0.610923671816132	0.862211590633807
0.468516533861185	0.474783918889234	0.532617673885546	0.565994537930494	0.560149863626858	0.551683634763773	0.695580624184049
0.73100481912657	0.724024642787436	0.642435819782878	0.837679603253414	0.75151998280743	0.745935300707398	0.859441877822277
0.506615834163697	0.514548920180236	0.579324203582521	0.655725149372291	0.633952372680545	0.620559525844527	0.79501059323361
0.498361769596324	0.505362205197839	0.609395411600363	0.600135265248083	0.584472635744748	0.609555789083266	0.84973914272246
0.516975088474982	0.51503251580773	0.614675546829916	0.626785029070135	0.631979578864378	0.601945774737669	0.908262806327098
0.517905812998858	0.507975506449928	0.584090811584655	0.661985658226947	0.600807632365839	0.606477425709698	0.808046343901608
0.536325385247183	0.535454700479349	0.624735135307446	0.680286009997924	0.651325691052296	0.655923631252632	0.930244542787871
0.517644780859455	0.518233241351222	0.604931294521561	0.655615265052976	0.626840290481954	0.633920023808925	0.836407185653286
0.488711900628521	0.502057511235717	0.562571382601472	0.618764839507706	0.58674952147059	0.609836337612426	0.712127365149206
0.934244795483963	0.927507816530444	0.622549045702498	0.841561242834178	0.803401910647346	0.796400869791466	0.842099319272813
1.10368325367687	1.0934946118195	0.652270320329941	0.971891879701821	0.869383385539202	0.898393425871565	0.909719234402583
0.528855958595185	0.525801887182437	0.628628661050692	0.678303332060121	0.639723712609797	0.639431086470763	0.920767405649143
0.846139339570421	0.827925378200991	0.568149605229228	0.74006940853248	0.693247518645532	0.675273637708875	0.684371855948419
0.860151283231177	0.818058607085614	0.65401800944653	0.894449105824444	0.769183640008155	0.79407580591251	0.971934760494745
0.747040167905093	0.736236065364073	0.609934178142298	0.77257877488594	0.695135555358819	0.701607570109572	0.836186856331292
0.882046259695737	0.902577853607966	0.65752573348411	0.932161343042846	0.845142870560435	0.828277477270533	0.954564788395106
0.657627712736374	0.662326380248028	0.634775083310513	0.78163448809965	0.700621910877578	0.707641307980368	0.91917017542444
0.510019467227249	0.517261871618691	0.594262086156659	0.663687226534702	0.623376627103364	0.609902569552344	0.822366994663565
0.503589470435855	0.516009363767545	0.61902060557794	0.65082279556308	0.594236199027759	0.616579032378141	0.88065028739102
0.511362266483186	0.501256758527582	0.633275128647876	0.652683634796025	0.601821489805981	0.612708767052331	0.887941109956377
0.479192307226258	0.482684643383073	0.546787996222729	0.603462341466211	0.564987781635204	0.573048576909168	0.719256949307923
0.766620259746021	0.738378676295224	0.604446817909775	0.808874025543871	0.750520395324414	0.734811272289501	0.83193373641501
0.598347236968765	0.59019274850949	0.652138012565989	0.794875824241833	0.727284935984801	0.727070891692535	0.92215669667587
0.56328854673553	0.55853929508124	0.609695975077465	0.719151352192018	0.663829367094404	0.643048285906708	0.794816256442662
0.516772199174876	0.51373542271233	0.583725359642306	0.659654222231066	0.616255802073939	0.613617003271186	0.810683294763052
0.634676099226083	0.606820255860361	0.609215035967508	0.764056216835151	0.677684724848389	0.696285934741873	0.823731958883775
1.21419004521362	1.23853857050235	0.655613297767642	1.04877323444774	0.969942861642384	0.960260964552649	0.88425782951486
0.511962510314377	0.505005339982157	0.615706722877451	0.615181804478989	0.596580419512249	0.598557721766849	0.853568392313645
0.466495170430945	0.459055020201016	0.544078759913179	0.5317713239906	0.517652835572014	0.532090397942207	0.695217300557705
1.00677587097954	1.04032288181723	0.659017458963603	0.97776553274499	0.869248903272001	0.858897612863141	1.03231459662329
0.85446828180979	0.859369703751943	0.647434466362035	0.874841855615862	0.765820595907798	0.770688058510415	0.909772540532057
0.654181584602488	0.613950588489285	0.655345478193588	0.852442470651083	0.749179036599247	0.744297220710314	0.975944375848257
0.545046780507461	0.536090774653843	0.607489293408043	0.731016973163563	0.677299024647671	0.661351821686358	0.875720251099273
0.565094328539132	0.564793759744676	0.625478840716086	0.769869070873234	0.711200577670741	0.716390650421046	0.924513887621594
0.538580868677965	0.544844678410407	0.66751323528501	0.680971915151232	0.674474525601013	0.653642370264653	0.973174192857972
0.533977479416954	0.53688667543694	0.614333807273328	0.706725598979864	0.661593061340003	0.67249046203884	0.867117592783307
1.01565794817732	1.01613501594719	0.648376506073509	0.935240830061418	0.86706882769901	0.829764638565134	0.937191324117925
0.830091439854898	0.810720618312501	0.59430487603227	0.754857551093203	0.718223353214616	0.696719059010339	0.767978721533994
0.640409682528098	0.618647428315641	0.602682710023351	0.763188633511846	0.688792857156308	0.699727432246187	0.865355244135109
0.74068431476033	0.72604628952014	0.614488505965169	0.79541992810411	0.708370007797223	0.726661490202817	0.810418874925717
0.505832301074025	0.523421749894011	0.595185814719182	0.648211132902533	0.613024664920876	0.624585138012001	0.827459401045444
0.453527171867105	0.465790372747244	0.51949786449564	0.534588588684942	0.527212714792705	0.542382842939804	0.671956033956303
0.59598626141158	0.613436480446178	0.587385330573209	0.720620901199416	0.662263956211636	0.6495432777163	0.782445582020133
0.51677217003405	0.50438253127168	0.594937790410978	0.670148870740247	0.631127982438731	0.623123323054473	0.787545538499555
0.597800380465562	0.611675629080771	0.627666014481463	0.750481080350486	0.683081286262681	0.682219631125519	0.889934833605435
0.711822843685533	0.688993366139323	0.594562488159233	0.763975140588746	0.705826370868889	0.687131720217848	0.806825922743795
0.664456886254389	0.63635665563442	0.662864051560101	0.800598992529651	0.725159479606744	0.734540732565848	0.973372238472175
0.505350640363839	0.498871268311645	0.587679775643515	0.605827681472064	0.584859285572342	0.588232234861204	0.786131967514713
0.532000891060393	0.552095092195001	0.619245740513647	0.721652080368149	0.667823777361922	0.668732720118666	0.84594420390743
0.540679909675418	0.532788365816215	0.629483363674698	0.718574258574044	0.672663758253186	0.671421414284195	0.926788534597858
0.607424870266771	0.672848785231332	0.658051221827808	0.814578035744694	0.753520770022803	0.727919414090098	0.965398500311114
0.540521708857651	0.533398416645941	0.615757198464785	0.675505090798808	0.650865184507323	0.62995524109953	0.873070581168995
0.497696414091259	0.504021973462894	0.595840004360818	0.633672231061678	0.588472461192707	0.608552459226379	0.8138189163436
0.942615319938641	0.992521440608539	0.592367772660403	0.820754399065234	0.83233206637703	0.828155434838705	0.734465736612001
0.509094254881735	0.504511427829636	0.594617467462057	0.669991183724001	0.622006308905664	0.628797198020631	0.801890700310526
0.490093091622911	0.495651835776903	0.586226660353797	0.616753217542985	0.595890762987165	0.58731858975235	0.774415159605281
0.525653487371279	0.538379552726626	0.64831402971534	0.657570784141229	0.616152940445945	0.625103639994823	0.967803956777272
0.931950202741943	0.934990980576055	0.579949329981984	0.819310767024967	0.763207696666657	0.768231902441511	0.737643093187396
0.482241209229512	0.482082298588995	0.569541028227682	0.537907221993179	0.553550436572431	0.540071564991387	0.751351734052246
0.678082203139835	0.631013510054238	0.629400967349014	0.767815313396867	0.704966295178672	0.706309409801987	0.919269301541763
0.795163334530507	0.817951903069477	0.581926639491838	0.797091048825673	0.705574607465056	0.715220870113846	0.728698040436249
0.520658390970219	0.511186803529392	0.591252951250586	0.659221561992144	0.622576372120834	0.613912403414493	0.824654034604336
0.518553815624923	0.522457491494641	0.609386155957893	0.662757730797048	0.628463560238912	0.621028218615073	0.846921364992647
0.532824859028773	0.537460401921821	0.638961643775209	0.672975027225832	0.625623364890216	0.646257320304093	0.918547471524431
0.520364057561421	0.508096719149612	0.598791504729341	0.687141799819017	0.629696449294171	0.613515738312423	0.812943693545341
0.700118478303037	0.704059707676461	0.559347767536078	0.74247922666377	0.672237118763642	0.68351913821659	0.720251069119002
0.471623976731732	0.461864731610935	0.522997472990901	0.554053895229112	0.54395407767968	0.538009109079757	0.653750541142827
0.550832636053348	0.548199867682702	0.638515310693438	0.727654219144021	0.650259575880166	0.669606593555307	0.971483858573902
0.699919183592958	0.729922757446917	0.641177684118152	0.800377612222902	0.712866369343431	0.723281949973001	0.924114963286196
0.509958190617221	0.504454228983218	0.572364218343022	0.608827594601458	0.598680652635821	0.597968512707846	0.768676591344993
0.52507443881336	0.522899974953827	0.622927655936456	0.65575253906139	0.634673282873053	0.634745063412069	0.871448141408906
0.52681328317369	0.536371651453595	0.651667747652126	0.690773795656972	0.668535488225009	0.653087393962923	0.921602891686835
0.767774097046966	0.812900856038438	0.640779259900429	0.884237059409016	0.763440997308844	0.776352771733175	0.888472883040783
0.482444448707585	0.485557697326484	0.577494356500366	0.556973611254598	0.561003397352454	0.565161167135809	0.75732541571741
0.624387824305474	0.600153513402083	0.586861461839192	0.728831527919147	0.675247113265261	0.678982629906308	0.765143797130399
0.687984991988428	0.680153630637213	0.629907509548619	0.79754543018231	0.73101357479391	0.706482269911268	0.89054844904292
0.522928012576076	0.516939417195117	0.576132520752895	0.672400090918715	0.629684739423999	0.632264186262661	0.80123006651681
0.674823894898636	0.627544621178256	0.58905199635516	0.724907693685937	0.658881573633277	0.656746039650892	0.741128045393222
0.880222192728892	0.903744620501698	0.667373136382724	0.926001615409806	0.810951012380109	0.823879091336144	1.04159956736353
0.503547600626972	0.493918597502643	0.586428440978152	0.625789039346199	0.59623070992673	0.605419352045864	0.795006693124598
0.485554986101153	0.504661510373506	0.593923694797108	0.617635443922034	0.602997562565524	0.602654312158929	0.810893465895275
0.552812530752406	0.565757606151707	0.607978566330571	0.716268047956918	0.671290534325963	0.679661553073339	0.849901261787985
0.512541262735627	0.520109549034253	0.588940536767773	0.65985709402385	0.61402054218452	0.614136999089362	0.773500013501594
0.767428384150872	0.771922189479523	0.592180499876821	0.76586528927126	0.698246776877841	0.703177786031568	0.769353821565192
0.936757086414418	0.94946776970982	0.628704063846518	0.907577208595141	0.812283000265264	0.809684408621582	0.867113873170299
0.567826546370423	0.564220190426732	0.587523151676091	0.679700363706669	0.660016102087731	0.635113792612119	0.773136353504611
0.830522742403679	0.832669330778513	0.643483889762068	0.917082260213065	0.781299091728266	0.793963543087906	0.952677215615415
0.514899801384096	0.523780324244925	0.605400799688719	0.63446112524533	0.621176743948335	0.629976703846925	0.908978449788717
0.864604162450109	0.879690534126687	0.604674868324898	0.81809188949973	0.740099434665548	0.753549926150985	0.816623793025119
0.771001318176369	0.787098704175101	0.585918906062093	0.746388202387441	0.694013858019874	0.69027136907697	0.754711618062489
0.601842768797578	0.60542273286117	0.59366622972644	0.741365251967217	0.681978731963757	0.677245694988547	0.794629226669593
0.537192659943295	0.538100948764173	0.633452215353099	0.713902321842646	0.681867634583114	0.670676334504378	0.896630345153574
0.86125861543889	0.840022610286715	0.578915194122021	0.7795075037031	0.715323895060094	0.736936935732392	0.728150492977116
0.497378025660743	0.49424254026274	0.570249506454027	0.616001224590402	0.578548475480812	0.579733058743849	0.760301461690668
0.483354516134035	0.488173682726291	0.556828516267933	0.588665598078324	0.566027797819544	0.559512115050948	0.690623652433395
0.650250126443114	0.634385243046068	0.561249324494111	0.663554278867937	0.619503722465243	0.646157253666314	0.727438244012973
0.525209500793115	0.526394856688218	0.635580903585203	0.702526258227392	0.644595222598969	0.662193450286253	0.902380216606135
0.511737715609553	0.517183250615354	0.637297812064164	0.643918141427504	0.611525180874535	0.619095547865659	0.886507469459383
0.870187869029592	0.863826619292156	0.617863051740868	0.794327035268254	0.781224167589806	0.760137117861143	0.83593833408519
0.484005231436002	0.491611272942253	0.543572467736185	0.601096544391367	0.566793399930682	0.560700949586259	0.663890838284361
0.493798582695822	0.486484642815789	0.588604677787213	0.628008813421655	0.596143645263439	0.599573711098202	0.807843081780698
0.501435880489055	0.505105109223632	0.595627113816688	0.607810077084052	0.584444183468527	0.592664688852026	0.793000228589775
0.563033734080899	0.558054672843624	0.611125783319131	0.737546175085038	0.692575805352625	0.681886378604569	0.824368852730175
0.758697503270978	0.764464469929193	0.627458342336585	0.804736414609773	0.721081955746247	0.726072821497053	0.874288749141296
0.632785467208368	0.635188325777257	0.672292822151586	0.869042382039382	0.753162910522322	0.775501985788105	1.00303602614536
0.519823511178868	0.507437625987383	0.598444294551318	0.607429373514618	0.566885853447726	0.614923144256434	0.812693841314025
0.662566252574755	0.669337275637936	0.568256757843557	0.703316856268389	0.652778229748979	0.661363922369978	0.73417557334475
0.90910976688609	0.903308627014306	0.596749362948167	0.801321343107088	0.733835318475234	0.7461100432092	0.774465662236401
0.616177601733091	0.630448496469388	0.670568317116534	0.840650996218324	0.733902998887118	0.739045076189375	1.02483697865081
0.689579418470978	0.646257415154391	0.625919391595853	0.777923592386139	0.689378143509312	0.696373342952969	0.844807504399521
0.558873902324819	0.562221856817699	0.637894253339414	0.779718142527346	0.686080508586747	0.689515034486115	0.971347291162088
0.750160917418877	0.749871090663509	0.586274259424188	0.731777725144151	0.672350300051732	0.680380908252545	0.76563330613649
0.49120379780832	0.481446082845457	0.548951350651016	0.602157365020644	0.575127362736481	0.572852461931731	0.732015575962371
0.540852154632967	0.520331842225196	0.594136814642416	0.693679843581365	0.65328967644566	0.657519599216625	0.822422767866291
0.780915472932095	0.766469578150661	0.58189735307267	0.762692892755226	0.707168755214119	0.699754448865552	0.726690670727641
0.540659012175468	0.533624246068239	0.602014189884233	0.664122577381941	0.623741567655192	0.620923279701041	0.801450941385531
0.556589524050211	0.54607929191871	0.646260410783399	0.702690196469326	0.66965397518542	0.660731637740232	0.925408493226966
0.48641668864343	0.497335707076733	0.580537886636364	0.600601564604963	0.573117908229306	0.591022850366883	0.809765345157069
0.505735388924624	0.507348314218694	0.605601150367298	0.596777517061032	0.602068478954507	0.600275309400379	0.867947686100429
0.512100278607857	0.520422031081385	0.545671500298388	0.626968984657984	0.604480443871414	0.589217494011096	0.717907501260445
0.877936154916654	0.851159621584068	0.647045081747518	0.882278164153129	0.801276457439774	0.788556552803039	0.935298493432153
0.577279131368833	0.579943044738083	0.619080013435667	0.722571884242234	0.688293939296958	0.672440805319078	0.84938595305487
0.482582302068945	0.465984129628417	0.534435645803011	0.564972145419618	0.54980191473843	0.555701892161677	0.680615403907015
0.52943659676904	0.538827504197362	0.620878242150323	0.686355012377906	0.639001940842693	0.639122265983422	0.904535023399646
0.488718806538182	0.501861896016698	0.585324300484342	0.615925885959004	0.58245988106679	0.581916704925412	0.794500996481986
0.799112721938217	0.758708528171625	0.623069097683151	0.842792085883046	0.754253158643161	0.742573631734976	0.859903521144939
0.693124693197757	0.759191742658545	0.620635894778157	0.840696449460502	0.731149028031696	0.747497307123602	0.886398415395035
1.07167753392027	1.07027984305369	0.652719724750137	0.928596512045624	0.893168680118601	0.884576839711968	0.873826995079006
0.75595448208409	0.759976209064543	0.581506741868164	0.726166498713232	0.698696182017823	0.715579676167648	0.735244144702935
1.05970585318834	1.10745074029435	0.659927904041458	0.968254972887122	0.869855185834997	0.864406356071096	0.911172309077956
0.530048340451824	0.556508293491794	0.632884582858464	0.699968578523667	0.673784792729754	0.674495941411489	0.922451821362162
0.510156467758157	0.51599994214013	0.617428215066552	0.634558953662764	0.617706281224637	0.612285403766902	0.896776035584668
0.629848357244336	0.653756117157801	0.602039532900752	0.754949171286914	0.67654535428733	0.665597246549828	0.797477245963337
0.547295284452864	0.547266055554382	0.622664135134062	0.726677257004697	0.667608988358736	0.669174061478366	0.910997165704778
0.484496024371469	0.479052870070867	0.570446547024154	0.579327681512658	0.572810989340127	0.581329287111895	0.757290160548941
1.19336231734956	1.18947707228962	0.661958450376199	1.04050202340656	0.929601652770154	0.933556867688535	0.903822325143063
