FMP	RMP	FPP	UPP	ANPP	NPP	ANCOVA
0.739188758509312	0.739619659106893	0.783386742328006	0.772390418125648	0.775251192461126	0.775541455462736	0.892239518038597
0.752097019963835	0.752801532967727	0.807585242395453	0.806077403705817	0.798809754758344	0.798451165399512	0.981736412261813
0.66281767905684	0.660453068193458	0.672024422309771	0.671863359632665	0.670779210759565	0.670207434958525	0.690202842831438
0.731774854265165	0.73392876787468	0.77945010008665	0.771374259429668	0.77570866844976	0.770018862079503	0.890878942579575
0.798886701206312	0.797876816479534	0.856869736748412	0.860451967542638	0.858515435355243	0.859248557983253	1.01437879076495
0.7329134588447	0.732279939643348	0.780009280536375	0.777549459446	0.777975211671132	0.775121856339837	0.927711869929635
0.693112017327972	0.693250020296137	0.713088972543429	0.706759928304094	0.707378734271797	0.707727249613801	0.752899312455998
0.626813826214965	0.623963490413466	0.619152946396774	0.618532986112297	0.619784565562554	0.620839535757182	0.575903704981775
0.697006458082166	0.700193945142628	0.725924253048528	0.71712673638687	0.716296177929935	0.716746002188021	0.776410951072386
0.638627650941598	0.639926968327649	0.643274851923966	0.641088126913722	0.640475192987579	0.641904635746721	0.64960986019958
0.750655382023932	0.75014473770599	0.79137752534094	0.782032775380063	0.784178804450584	0.785370652251739	0.886189481532737
0.668198819609537	0.670354943631146	0.681366461468471	0.678229417824676	0.680749278162752	0.678453261309755	0.709547484935194
0.816611601484261	0.820978140280004	0.883661409407677	0.906177859295516	0.897457043814061	0.895832596171678	1.10117360417179
0.825357492822998	0.832022495037736	0.895550108025494	0.922232778254396	0.911515354390348	0.912694678886915	1.12421608550746
0.728574559047982	0.729953433694959	0.748613838572181	0.758883796020159	0.752659454548281	0.756063623631577	0.789117581724384
0.758954006829354	0.757184812963509	0.810479208859294	0.802057161385768	0.805401560195624	0.802815590990812	0.959534423309369
0.884568933535024	0.891538928637936	0.918990169912969	0.994622684283131	0.965762112996411	0.964544709988149	1.16128264547313
0.7749330776372	0.774591593012078	0.829512357377783	0.832817748305406	0.832040198603963	0.830960438659258	0.98913105064663
0.845085265623553	0.846583137985219	0.916638093481859	0.940987875185808	0.930164706366528	0.92845644073124	1.13505220036222
0.715125948129307	0.719008808353213	0.75528037311823	0.751097436591856	0.748179845506591	0.75459907385888	0.870966867986568
0.750358987973487	0.748184028571102	0.794142479851369	0.788907303368666	0.793144761824091	0.794805453494665	0.936905726572034
0.795842673706541	0.794406410334827	0.848039858159436	0.847851780971137	0.851049421893456	0.84870409526088	0.981311727334222
0.796032392349207	0.798657150374008	0.848184259540502	0.865915211857179	0.857892398001956	0.860035094185471	0.978619683144512
0.669150279007777	0.669411965185784	0.678611186819139	0.679420350910833	0.676441350690457	0.676194525492785	0.681515650765849
0.869374684175868	0.871770004231252	0.9363440463586	0.985991229946706	0.965004394394053	0.963913057041605	1.18770722454603
0.736669275788756	0.737117693175064	0.782360307262637	0.778360920345799	0.78057727027295	0.779401651881877	0.941925815589862
0.754655616689802	0.754697820284643	0.787699278749659	0.789534735408244	0.787544843175746	0.786438654635631	0.860113968630329
0.70984784012013	0.709837060213484	0.739823860110034	0.735332802871338	0.736045237340291	0.735449305254126	0.818255132305375
0.689011247991009	0.690343301393367	0.710540611143882	0.705489040529828	0.709181609108279	0.706996716781876	0.764455273003799
0.878340690741702	0.882311669983069	0.933361173852722	1.00027085762557	0.969689712297046	0.970785053750705	1.19369375976617
0.755081691119216	0.757904716710214	0.791289316685559	0.797830857232976	0.793898967826231	0.795218936957509	0.873680031512155
0.793085609363099	0.796641544379526	0.844389215775361	0.872807021462397	0.859208946473134	0.864844106673852	1.04633961815154
0.676699117006471	0.677719093167874	0.699143688982754	0.699176702705858	0.696060843842879	0.695671837226159	0.760746467530785
0.999850879716832	0.99886434699018	0.996264513217954	1.11787364892734	1.06750803274748	1.06519118739613	1.32178913903139
0.643499579348114	0.642382238660276	0.641494617649777	0.638633824884035	0.639435435863632	0.637708316281712	0.614299094893403
0.712542805530834	0.710570683146154	0.737593235149925	0.738897159746547	0.737491066396769	0.734737429528418	0.790582746108338
0.664985190412259	0.661179431744165	0.67851783176155	0.671567136142569	0.673408693299279	0.675097630261742	0.723140431726616
0.853131775917053	0.850076036410885	0.901569556928148	0.954891295123805	0.927420068529719	0.931679157507074	1.14491057787821
0.709959502552258	0.709441114873968	0.736230145056769	0.727355677026323	0.728632170355292	0.728749940930704	0.799160824236596
0.738022675827978	0.739223625020737	0.783187997015221	0.77811734048867	0.775743550351148	0.775790016096804	0.906425799048749
0.701640020573036	0.701365152011956	0.726411102402196	0.722905440195107	0.721524920028915	0.719857174016266	0.772763552205495
0.697889437520754	0.700443293246984	0.715498965808988	0.713054815713844	0.714522796714554	0.714702441661737	0.733716288927301
0.715630590986077	0.719174722531496	0.755535714589553	0.747895383398367	0.750091630011994	0.752261011933302	0.87229085247178
1.3264766606563	1.31920605806645	1.05147108934645	1.28234800720374	1.21276264113516	1.21043791493597	1.38008015510531
0.777511662542181	0.778331579354473	0.826695301134808	0.842251050821443	0.833627253085788	0.834704663595968	0.977791765747346
0.776586315901581	0.777536732158703	0.815760160566908	0.836125548480614	0.825864981005061	0.821094783467191	0.922002303221876
0.644143101779609	0.645193979822387	0.647842369181486	0.645763066742105	0.647923470576906	0.646264686197646	0.636931480706972
0.741294047955354	0.74240675956362	0.773124338012159	0.775131077319955	0.769925150614978	0.773883818902429	0.833584677904757
0.912094620726951	0.9108871901149	0.93995259009205	1.01199026548577	0.980762325049801	0.984038047076418	1.15636450040301
0.685779021974194	0.683984791011736	0.700867273067394	0.700440280367033	0.701052024465393	0.701958046229202	0.741813273812813
0.675998477136781	0.675470332468825	0.695115180993376	0.691367205468383	0.694138755137824	0.693294177634073	0.753425062522491
0.719759160736701	0.71998670353052	0.748849033633307	0.745804716622566	0.749507581428279	0.745439985364845	0.794225076904329
0.84711524400927	0.849247379895847	0.910724325123251	0.943191053746223	0.931860523321542	0.931041860635041	1.11289616531663
0.826440751976653	0.826787038817806	0.900819789993085	0.923779026058275	0.910769953862059	0.909069096102661	1.13117584294236
0.639211194846515	0.63987513115633	0.64276071128279	0.639313727383593	0.638986526621588	0.640705082505636	0.643151277965985
0.818838542060708	0.819125196956212	0.852496323067233	0.882044699004824	0.869772855673432	0.874080150440589	0.958286276703426
0.700741386258676	0.702351514456836	0.719095709802868	0.719940426420799	0.717910739372059	0.718176293570629	0.743279054504384
0.792801145618971	0.796148439800946	0.847091304012643	0.862771713602323	0.855803132008752	0.852856081181413	1.00351955942664
0.699685823311372	0.69982548882934	0.726037254614702	0.723455558250516	0.722496339757485	0.724025515318815	0.793257206134132
0.706204708824789	0.70398478732158	0.725897447535427	0.733607239484704	0.7312075310914	0.732862383348937	0.787504586768491
0.712206835431087	0.713343770755822	0.736312946296944	0.728811828908065	0.73457222808005	0.731376222901054	0.773700396533936
0.781492972294251	0.780927783104089	0.811554697656655	0.835613750186458	0.824132959119968	0.82574096612091	0.907414043973412
0.896811605404309	0.895394826426936	0.905058040912729	1.00587199213651	0.963056286603004	0.967950177999062	1.19883024309847
0.708198276791341	0.709117565432447	0.733208191043764	0.732643406294984	0.737067852949231	0.733678639862735	0.787323944228309
0.71122265988648	0.711088322357274	0.735145154291652	0.741261778725772	0.736693123356974	0.734727052951924	0.781154770878188
1.01831398583541	1.01913982225497	0.918935274050308	1.01894245303822	0.99169733024718	0.991069390957981	1.07884946253922
0.92624286259499	0.929149943185275	0.925425374649287	1.02886074937919	0.984556370034532	0.987820067769018	1.17490736504429
0.74775474117114	0.747696614750852	0.79184449618993	0.789536224441089	0.79160453084749	0.790760564843917	0.898300189742332
0.811420285013879	0.806114515813219	0.869698021453118	0.889827184070148	0.881488550288377	0.877572506395841	1.0735427430507
0.716081718622205	0.717639965667957	0.745247784292844	0.744033996616504	0.742804439297121	0.745031126234116	0.811057836333329
0.898368734821944	0.902809054089812	0.952088000344312	1.00300248498776	0.981747786263748	0.986619945003396	1.16335880081072
0.685594220974151	0.685700445583792	0.709200637464852	0.709697671226475	0.708610985117547	0.71262976122175	0.789136409073028
0.763999669690296	0.764582426758537	0.818443658660743	0.813078443378432	0.816322469050076	0.814703459085858	0.983214475761057
0.752086782632915	0.74774071315227	0.801886918723031	0.7971786390939	0.800072878354454	0.793958383485363	0.977785724761656
0.661037414023165	0.662770395174188	0.67484710110259	0.670443114188375	0.673879283806782	0.672604646140139	0.711708606888303
0.841351161391391	0.841628657316891	0.889658793834166	0.936325557421885	0.915856912488382	0.911976674965301	1.08846222441907
0.784838862259975	0.782998966182804	0.813041362455013	0.834569880134234	0.827214736471841	0.826561264020876	0.89595935923459
0.654110191991473	0.655139236309966	0.660079760703318	0.660490238291836	0.662190480080147	0.659139015162604	0.668198980847149
0.821410336902673	0.82623005431738	0.891465940529353	0.925026750431871	0.909380165709219	0.910039010504531	1.17299853429061
0.768054707036763	0.772181386355103	0.835098601697855	0.852437476876825	0.847259171726547	0.843812194549978	1.13619813706839
0.716986026813098	0.715567372627132	0.745459994094936	0.742151669721833	0.743053716746792	0.742356008094713	0.814303707173549
0.754277380108599	0.754444920397325	0.797739930704448	0.794464200211047	0.797309114736456	0.797764183838744	0.915560236021757
0.68116462321645	0.684429955826988	0.704094182970274	0.698748150757191	0.697149280476163	0.697760617206145	0.747787021128738
0.717951666130886	0.716886524751482	0.748033100899597	0.745517118777726	0.743452401439055	0.745451332446627	0.818705353094586
0.780426327508782	0.779494090893263	0.839703022142893	0.853029029996514	0.847406047216934	0.846536939015824	1.0384851444426
0.779246228311425	0.778202428973135	0.833732304063483	0.842936413957052	0.840318572243263	0.836037508331672	1.0064285176832
0.865365444632699	0.865495518233873	0.888779686586748	0.946953968471465	0.925254855394263	0.929065964416458	1.05740490305253
0.764586588633498	0.765275944685755	0.81626232505494	0.821980850128823	0.82071597994921	0.820481256278396	0.972667130596003
0.845432780955559	0.849576723892486	0.878419487626449	0.927847519515891	0.916512286326597	0.909701930144789	1.04006885869185
0.785121623259947	0.784797010295597	0.84193478585906	0.841922851393525	0.843027587194211	0.839888421645957	0.988620978664945
0.835926151442131	0.838204628695764	0.896433176214985	0.928312286844022	0.915744794798858	0.913298410350969	1.09153840426522
0.75472702935131	0.757013747521042	0.806294935749526	0.799099551434908	0.801669954824849	0.798987603221658	0.950748692485348
0.657632086885815	0.659345155846114	0.664605209352974	0.658255290299525	0.663214434732875	0.658998857385066	0.638085875928947
0.722668630772137	0.725964589552377	0.7564446862059	0.75284196624403	0.753382297206009	0.749740784098838	0.819173041967312
0.706701302040451	0.705848037697309	0.735714766972259	0.729264846826198	0.732732963003505	0.730100376263836	0.821481660285831
1.04996539425804	1.05116218725839	0.98115658313247	1.12583106296629	1.07158712021921	1.06924216392606	1.25942501768927
0.697382295978489	0.695302993383217	0.714544995880278	0.711669899032646	0.716670283178568	0.715010221790008	0.747698999237098
0.727548038146263	0.722750776418075	0.752375434914151	0.755332642174915	0.752426687193353	0.751677472083693	0.796695825416722
0.946339487508064	0.955803211187701	0.913833902520262	0.996677398019505	0.96650037028927	0.972055039057168	1.08083568720489
1.025800286785	1.01871995769823	0.934530551682916	1.08096672001374	1.01835558539015	1.01842001203929	1.251312384986
0.64251941658509	0.637967036406508	0.642492739987982	0.643589433395708	0.641836566265074	0.642474483656515	0.659533002998771
0.73890516579975	0.739800637503664	0.784697083106151	0.779291344326852	0.779652257436959	0.7768672596214	0.908253421052637
0.696201032360919	0.696185865375893	0.723442660937939	0.717364405212473	0.718735790074019	0.715773245487947	0.794149121590808
0.74063245869113	0.741275759968017	0.784766228453851	0.777850371019252	0.780787850560441	0.779895345962508	0.894867292999556
0.775695168734494	0.777437863924319	0.836420638400461	0.850676594629158	0.843461858456997	0.838202963636765	1.04068018234109
0.72284802484667	0.724212323767595	0.75631208729505	0.751363743227173	0.754785470408579	0.754873420338798	0.850668370766332
0.751844322870434	0.749298169016926	0.802486829737839	0.802941308875187	0.80286985433983	0.800381146966953	1.00528574802615
0.744514391348151	0.748008198886557	0.792608715396997	0.790097150522489	0.78926517847465	0.791977301474251	0.907233723845725
0.632843247945951	0.632320815329925	0.628830606776731	0.627838245432943	0.627914376468914	0.63006941431839	0.587479644279201
0.74915934974694	0.749256802320622	0.797972727135774	0.792895124807362	0.792002921058766	0.791584755432706	0.934590130104329
0.75082460991945	0.754940118610719	0.80103143701058	0.799977531116115	0.799070631352321	0.797180895749163	0.930487763370557
0.70856316937628	0.706599146741843	0.73036366956082	0.726636457618067	0.728973178686784	0.728548169232281	0.781774450085655
0.757562072097688	0.756711190452405	0.809105669310728	0.810621792786412	0.808739599077866	0.805960016213343	0.971815256544925
0.739222778677452	0.736634970436707	0.781845796146031	0.773146869891054	0.777445106334053	0.776294475552454	0.915391488594709
0.741728193711942	0.740768354778725	0.783550163926402	0.782312812177689	0.77984900373535	0.779789085525838	0.91252139499237
0.693424453626657	0.695825851421507	0.716755857794447	0.71816470009233	0.714970140818957	0.715733977883485	0.774918208852824
0.7781685081604	0.776463047160701	0.829947324231214	0.837103146503622	0.835636083591444	0.83312215289277	0.979424623286946
0.838248826820137	0.844653405766799	0.887641352649211	0.939513860166427	0.918267395929466	0.920503503733355	1.11167547385505
0.722046713487236	0.725354877759618	0.761763171800458	0.755960955655979	0.758552171638076	0.754283071368926	0.870145488685535
0.697118693351622	0.698482847298765	0.719892862857224	0.71268005232869	0.718651985698478	0.718204401243621	0.783234852891895
0.650624492361864	0.653139243873409	0.65611041600834	0.651999494021608	0.653924354095525	0.654921189688499	0.636427727854002
0.736508946903839	0.739713347861321	0.746195060603201	0.764031368952471	0.758051636508833	0.759190344064817	0.794036751929585
0.73016215257877	0.732205467621255	0.770778091378256	0.766890686192365	0.767676634883389	0.764173305254748	0.897246705253053
0.750561502675869	0.748915003736735	0.785760339196314	0.793558086022581	0.794375025488232	0.793754769550112	0.88166182244101
0.706685481762026	0.710309988557611	0.741303348655074	0.737981513529107	0.735609616009186	0.737238591186641	0.835025474103792
0.741396468364421	0.742465992309309	0.775562794122245	0.78253610827712	0.782315816330011	0.782418232949195	0.8768274850174
0.965156294552173	0.957006263859639	0.973859079628571	1.08271246897272	1.034691086512	1.04083336756556	1.2636730116799
0.69725018905824	0.697395950206612	0.722823440084241	0.71562673287186	0.718930536079488	0.716800019124016	0.786286908787964
0.772519509879465	0.770168516196103	0.827241200172908	0.841248432227819	0.835628417348143	0.83657053177309	1.04875401828106
0.812564763030747	0.816189616433717	0.860077242268701	0.88898962847411	0.879149652706574	0.877857020896599	1.01073062468496
0.822391023931657	0.820637197470337	0.800436650100631	0.854094494213807	0.831242675236613	0.835490150330257	0.889608815580791
0.635482685443655	0.633839390590804	0.641493293093143	0.639587249473542	0.638802123630374	0.638230598712972	0.648562523890303
0.792107864862249	0.79206421650759	0.846977726179035	0.849086351628466	0.848942706436243	0.849398446879052	1.00956289036604
0.796572519267832	0.797372579438411	0.849445346458935	0.853933754010187	0.851435011781837	0.851296268455244	0.982332789080893
0.889713201436718	0.890069604077021	0.948480458934572	1.00855759628328	0.981984761156787	0.982646970888289	1.21409798855969
0.61565358714068	0.617340729643097	0.605730174379055	0.606505192520707	0.605850599616718	0.60691098563173	0.549652558232581
0.569122875382954	0.571350157028005	0.543427392988427	0.548963208425903	0.544618169443566	0.546306550937948	0.466171647127952
0.751915141993114	0.751441457077654	0.794108771930204	0.785926583673438	0.78861281207982	0.791578987558769	0.905899050104323
0.715185243609957	0.715227878484951	0.742712754987879	0.749510942848207	0.742110127930668	0.744337679640634	0.801217812004196
0.653014065244373	0.654398431360627	0.668212081843968	0.662849970369698	0.664927164655376	0.665358659236394	0.707030631092426
0.702986100080576	0.70409431616433	0.733096947128308	0.729158440341735	0.732321471708633	0.730482469574605	0.83215758446739
0.658228269813245	0.657232204410749	0.657873785270903	0.650994675091853	0.658327913524677	0.657525060704036	0.629512402415076
0.694086750348629	0.690918047723811	0.720024410902976	0.710784205274943	0.713692240005959	0.714428474615485	0.800470195453132
0.798309328544711	0.798651359996499	0.854666299429052	0.877604412037552	0.865466938058272	0.869430233910236	1.05571034196159
0.789236327672961	0.7911445959372	0.85192289547985	0.843100216551876	0.846294202985149	0.848823169617263	1.01954207564896
0.786226709464751	0.788311725602902	0.836669219192489	0.848885157221397	0.842852066115619	0.841161576105307	0.989693659513955
0.714511473576446	0.711829338427435	0.739146919044934	0.733159645863967	0.737813073881571	0.73448882755085	0.80769280869803
0.78053625240427	0.775543527374054	0.831910249965798	0.852772175425318	0.844788043853472	0.847863615463042	1.03269116657526
0.616209294749277	0.615374591005752	0.640842785818474	0.610857460071336	0.62372311460935	0.623539886313367	0.566788921477051
0.751269635498735	0.749844823042234	0.794796195762341	0.793211763894303	0.793716188977886	0.792774398670455	0.922818747933371
0.94256461097704	0.9324953632318	0.963911750611925	1.05432458416765	1.02095101947972	1.01926918257131	1.23572563987184
0.926641928366916	0.925095678599827	0.974408235176312	1.05959037656141	1.02039729455827	1.02259529798661	1.25334209676477
0.751878977354197	0.75426091452159	0.79237112140628	0.814758660525579	0.805230569010763	0.805652266315229	0.931883766189026
0.86510101676262	0.8611769674449	0.929372406802302	0.980369451942987	0.955225685094107	0.955962465635279	1.20330258822368
0.75000353119857	0.750798493685907	0.792933242999163	0.795556103080137	0.792622864040397	0.793938674971038	0.880129034416487
0.672611766219562	0.672715440857228	0.69064055058642	0.683576380457812	0.688792661591748	0.690355258011946	0.751434788429458
0.708704784887591	0.704841597889564	0.734748492070713	0.730501711868153	0.728558062620471	0.733545042467747	0.801938895372477
0.76315106867123	0.762805251076579	0.80664969216646	0.809830606390821	0.806913087760035	0.812646957068393	0.926309981872667
0.705385877888827	0.707353500582372	0.729897960747029	0.727600166471756	0.727483472088549	0.728917513119433	0.787990751151902
0.794591729156867	0.791889010472635	0.824926480144109	0.862162150307573	0.848139995777562	0.84508092810559	0.956303752111152
0.705253910704615	0.704744208495126	0.732292055058895	0.729239094708639	0.728131665166958	0.731527616711107	0.804433498497772
0.696085267059615	0.698793540526288	0.724506120141551	0.71668670983433	0.716060849557875	0.718664228440673	0.793437911591993
0.792178580410139	0.786131765322945	0.796139147519039	0.846521727192563	0.825520001055095	0.822950565381743	0.924197260069809
0.693204520392442	0.693760780014406	0.705282200859733	0.699874527731384	0.702286218525453	0.701719997221285	0.703879828744667
0.765943090558694	0.768928918337414	0.816249672633453	0.818952302523824	0.816132986104373	0.82028976448486	0.951867752250352
0.703430846553489	0.699991579839506	0.717399459647357	0.722960710996467	0.723811021652904	0.718412077519398	0.732960095017292
0.699347022916455	0.699630969338654	0.732300892996878	0.725658035360156	0.727238012446277	0.7255073022539	0.845442629454426
0.675734542420527	0.67402364121818	0.695654976503927	0.688643193625102	0.686987266837417	0.689273516891067	0.734686141974017
0.79819152062447	0.800148436322047	0.856903699640617	0.879767538881478	0.864736434620795	0.872679984086219	1.0460532411402
0.829083960576952	0.831452233551719	0.892252474285404	0.885795984517908	0.889950872551167	0.893311961316349	1.03074343731452
0.735254861312403	0.733538585362457	0.775222158537724	0.761278791953439	0.764037272168883	0.767416700116652	0.873218550974817
0.774547800580646	0.776595265944964	0.81893098488051	0.839518939658536	0.83107318867642	0.832842298221651	0.951041448029342
0.73153539137431	0.73220644976797	0.771303988243136	0.770105763542123	0.770736521239357	0.771193978958901	0.901627951649833
0.79734372694453	0.793995598790515	0.857557206503266	0.866583471206065	0.86451722683184	0.862179636010159	1.03845681746748
0.634993371195548	0.637446453837177	0.642943957733058	0.639783060633043	0.636839478473648	0.639942540676763	0.648543393856892
0.774769035060762	0.774032670272979	0.826995612095857	0.827923550023177	0.830524284922414	0.826858761869105	0.972507761712211
0.633594151020307	0.633727203235905	0.625536446603346	0.622579052919523	0.627179488039099	0.625239666046592	0.581047123225328
0.784439002171212	0.782158646094449	0.845532497687861	0.845776380962351	0.84855310542021	0.847235889805631	1.02788005937432
0.955594953774151	0.961032629763204	0.983510233134249	1.0858908297378	1.04404737491028	1.04055635124848	1.28366883562044
0.748425923576046	0.748102678500487	0.78427312001612	0.777802846417067	0.781390328200345	0.779627490219356	0.862645384946578
0.776198075455574	0.77579527129541	0.835718391290226	0.839162640491238	0.828950784785207	0.836450309434376	1.02468276658317
0.725457420178242	0.725786422869834	0.767992981199807	0.761090852634814	0.765746526597731	0.762065050586708	0.912660508230113
0.732701497138276	0.732569645666058	0.775713103666745	0.77355219140272	0.77463993959328	0.779107469919281	0.922422746181082
0.630280149392886	0.631256269765652	0.627814354606146	0.627080494317905	0.627461137992877	0.625988915670766	0.610530598718268
0.748217309626175	0.746181024051621	0.785076949368259	0.77523959888842	0.776112720083576	0.777220654316626	0.867689521503678
0.749285948016648	0.747305856939578	0.792813141637604	0.798815885063645	0.792809771578979	0.79656656597826	0.948000968565609
0.806874048329759	0.804218761126068	0.867659116287671	0.890402108352732	0.880901686833019	0.884724657062803	1.13701227351194
0.647164523518035	0.647000374141497	0.6505352470491	0.645895379597347	0.644413598496666	0.646618560924254	0.641522718009835
0.845228107595766	0.843078924314425	0.871357467085219	0.930842940050939	0.909542748752642	0.908849445747904	1.07864710319414
0.668372895395126	0.668469662673143	0.686537612779081	0.681220619418482	0.678672087106611	0.682611102755919	0.730644815770645
0.834873394804402	0.830146984063998	0.900706911127457	0.922677899767685	0.916139708136366	0.914321400062934	1.13527040883097
0.630506639668111	0.628895655957217	0.632588035718725	0.634496887260205	0.634594830769065	0.634122473817745	0.661256049016147
0.667830153779168	0.667067080744403	0.683012366374637	0.676908581377024	0.680226111628944	0.68062243541014	0.724630931964097
0.719755232483747	0.719380353927684	0.750366547168715	0.746124941179127	0.747674359425195	0.746163243720152	0.805595701267596
0.820793616371859	0.819301746324207	0.881789175002297	0.913744716677343	0.89900855253748	0.900566564416746	1.13846284029422
0.766883818565783	0.770424036125228	0.810095198249236	0.81642099016367	0.813043570527434	0.814291206892324	0.903057127355868
0.788136339646292	0.789399551809132	0.849851291815855	0.849523249762028	0.848450520771774	0.852099267657379	1.02932808438374
0.695535563893803	0.695796745847818	0.722618137638192	0.722857738606839	0.722282039287966	0.724990614502907	0.8275719783406
0.762755541830785	0.762613299947584	0.816213201143707	0.826146525985523	0.820703337127894	0.821854098381054	1.02610673346911
0.686485982535113	0.683337003819242	0.701933655704026	0.695828369665969	0.699399345108261	0.695502845706885	0.735210355677899
0.720165574082784	0.717913465200758	0.748189387406049	0.74280915063828	0.741518070432499	0.745314682208944	0.802361571365003
0.728390183540121	0.727915522865471	0.768987334477476	0.76656693325526	0.765712407798394	0.769094104298696	0.913213381283035
0.68336462398535	0.68529438189069	0.705157281987062	0.701299537102483	0.702753220937144	0.700549464256046	0.744333912385058
0.731714734206288	0.731627252888319	0.75381167865628	0.765035084798799	0.764249943197466	0.759537037209281	0.797450825621228
0.717742884670422	0.718353813271348	0.748451488950168	0.755086138531642	0.751004699685764	0.748684086129094	0.84241511215406
1.0848886097909	1.07021490746844	0.981713962080167	1.13179782022767	1.07585257793992	1.07790647855879	1.25660241771872
0.639779884540937	0.635691601973415	0.63550020693582	0.63320912231068	0.631979596638033	0.631903196285363	0.598162438646767
0.750950020201266	0.750121012892093	0.800580360133083	0.788022120300696	0.795022340523929	0.794374748805063	0.922046919493709
1.21549352806504	1.17319536698334	1.02265366639092	1.21238550473423	1.14836670765247	1.14702334458245	1.34988934441026
0.753977282562754	0.752322560161581	0.804472832089663	0.804949275834901	0.803195505859225	0.802027138936378	0.960525423966616
0.884649739262096	0.882864589493467	0.91510467423233	0.971930135044079	0.95111821687751	0.948452547869172	1.08360948117755
0.808969797637085	0.813179955104021	0.867993487904251	0.887216822742168	0.875477016776148	0.878581359060731	1.03324209778826
0.716460780183866	0.714775171158953	0.748359974048755	0.747910709788097	0.743776306179494	0.747656963400067	0.845586535939446
0.703564632843669	0.702360593394462	0.728571016979697	0.723118032435237	0.725360671339856	0.722201291757479	0.780517337084908
0.69325487246339	0.693751095257798	0.715018578654371	0.705456196920684	0.705986663037706	0.709334349769343	0.7458906609949
0.773888618493577	0.774235984373459	0.828602103047237	0.834084271129557	0.833017454423323	0.831360647140716	0.998277134807155
0.724068401004453	0.723844964079169	0.760114140566427	0.754915956257822	0.754532966067194	0.75576638954299	0.869968667970397
0.86422503716082	0.864029676870829	0.914646563653468	0.959205122395031	0.949554729107867	0.945731472673358	1.10828506049835
0.823543319008099	0.82226858915382	0.884967293606388	0.896395112709965	0.895585566981488	0.892792660142152	1.06404929263562
0.807314638270824	0.807228062024752	0.873382852832777	0.895115443245255	0.887189154000065	0.885831579700078	1.09715255094999
0.753614817674388	0.754418748232331	0.785350729808222	0.789992054995614	0.788386110974817	0.787387419059513	0.859932342186947
0.82946860177067	0.826779686099985	0.884812598153313	0.901265176632891	0.896765518930654	0.897676833963222	1.04598930503291
0.791289605645946	0.789406542493811	0.851531270702089	0.861067786932661	0.857282604379566	0.851738282258883	1.05017771083299
1.04822728341149	1.05125465683065	0.998718995865751	1.15087483670854	1.09110534813615	1.09389513932705	1.33958975937864
0.708287563092047	0.708789090955164	0.730930539515417	0.727257775757184	0.72858380685008	0.727074036796868	0.775627987809588
1.02013737221259	1.02512420612205	1.01039092473066	1.12028634749006	1.07869611329783	1.08125439465945	1.27342115717215
0.829556085580373	0.827800416464536	0.896493459013904	0.906036204915503	0.900924317142559	0.906050945709494	1.0979835994579
0.729521758589027	0.728695649474105	0.769078297343138	0.763392778148956	0.765001896303456	0.76235166728047	0.871477143316635
0.6776338382157	0.680094232492498	0.693251730158999	0.687771357368442	0.690502932396315	0.692903663808553	0.715070865553958
0.772072885588781	0.773644623529421	0.823846001584006	0.820752890294929	0.825814034100351	0.820805287704973	0.956177842841326
0.74598193332594	0.744338579669856	0.781833805178522	0.779541585923234	0.777842643727738	0.780872447264947	0.864805933680566
0.927062031483949	0.92995106842966	0.97638733310529	1.04956578378139	1.01985293427717	1.01903882637589	1.22658153252264
0.729066858705644	0.73027779569975	0.75705360487395	0.756502131741508	0.757990077404446	0.759439709746221	0.806622926803939
0.932959665387489	0.934099152838005	0.953108225808293	1.05338460061015	1.01163917387388	1.01630476610263	1.26519526458105
0.80487212098456	0.803929784824977	0.863353287173204	0.864798953352842	0.864365536778054	0.866445296122617	1.00587847836105
0.723268792244209	0.72777924156217	0.758774308960377	0.760722823552151	0.759375592392922	0.759258822959618	0.81413314827362
0.749863823494548	0.749252026356745	0.7857947120283	0.816362482024709	0.800232942341726	0.800501565442965	0.947234949759384
0.654827216555796	0.653938085344197	0.660769379059091	0.659000999308025	0.66328529355789	0.661260689925625	0.670066126254798
0.677604113229247	0.68005710029522	0.699754159397157	0.696273632309252	0.698665515970196	0.696470395742646	0.743889252810019
0.78791559143126	0.785958795888056	0.828772034014505	0.830579350513282	0.830420656979423	0.828023603143167	0.923234818999538
0.854402081231807	0.852878673399682	0.886099108809444	0.927129452078904	0.911833792014904	0.911318514127833	1.02719596496491
0.73541668299295	0.735586250834078	0.77112945071326	0.769361747208318	0.770242774767884	0.770130111830015	0.847759445657149
0.814533455526583	0.813943887776484	0.884200597346917	0.897139500451133	0.894652930290035	0.892562513852786	1.10081295039929
0.872512588891508	0.876869416356462	0.889265396626441	0.956007248566883	0.931542887115497	0.927805757379815	1.0538460368171
0.695279310946134	0.695909070455179	0.725786582632943	0.724092916038009	0.720814974862588	0.722064769173358	0.829814965916329
0.637611641731642	0.635214930235691	0.637117666846932	0.63048510711442	0.634624278233226	0.634867005847542	0.610518590651099
0.75749143747993	0.755398547310077	0.803430021602863	0.806105906777298	0.806671227763171	0.802805270170733	0.934575288924984
0.800634376363165	0.799670670417076	0.861266040000098	0.882068463464455	0.869107208406094	0.872278914685185	1.04914190327277
0.685253480671621	0.688150487293653	0.700322266662854	0.697553570671192	0.69958504892059	0.699792557504562	0.715620311181325
0.772948241518531	0.776609679994162	0.815259156712765	0.823586369583448	0.823132721170946	0.820154464652718	0.911311587729523
0.796744764685485	0.798039462141571	0.854666719332635	0.877016143002747	0.8652821295521	0.868014222123079	1.03552012717913
0.761664789646299	0.760614618660197	0.816046280345884	0.823720014309453	0.81679600760172	0.816926120661414	1.00668929463052
0.673695370142947	0.672097257866316	0.687869297578266	0.68725778164738	0.688619644744047	0.687255486535187	0.757453466116474
0.868436422537441	0.866564983994976	0.922505082799763	0.984666346444827	0.952891922834142	0.958024015264118	1.19775532737569
0.689588748365638	0.690178764376176	0.71919900307272	0.710666154957892	0.713093531349154	0.712972916935414	0.80611860149589
0.745154218016198	0.747683324541788	0.794754329846223	0.791582683766133	0.791725221655925	0.789231377661369	0.954029835086139
0.730931467540738	0.731254221280213	0.761828273832001	0.775231379433072	0.765615508763078	0.768653644728928	0.869989449333543
0.648537973551884	0.649389141427284	0.650001265053765	0.650717402754379	0.647876365617718	0.648278507145708	0.643086847592159
0.751825478082389	0.751755158517364	0.798864645669023	0.798108263832963	0.793623830303448	0.790944023920693	0.936715241500477
0.786203945968206	0.785783913098512	0.821572589790518	0.83910737181179	0.833595395096243	0.833456655691066	0.920973115770729
0.786757484491958	0.787763089115907	0.843590972732284	0.859425059253415	0.850892596141215	0.851489991473454	1.0086493300842
0.88056163242063	0.876814643895582	0.896268599418804	0.952289396245206	0.931193368157169	0.929804332272697	1.03938935680571
0.618544174264239	0.616750736977373	0.61227646084644	0.614946079518451	0.61490590208447	0.614903231248707	0.590177472692388
0.842791691734459	0.841833539661657	0.887444295418879	0.931639888891821	0.915834605700573	0.912056857552822	1.06930918687979
0.619609219660932	0.614776828796012	0.608293365352638	0.605129304002482	0.607927673276451	0.607776485964683	0.578713883782171
0.737633230692837	0.738982955995045	0.778165610538398	0.775440648761308	0.778648202000574	0.774557141929797	0.879461547792345
0.96918879975158	0.967053699244716	0.896193394427881	0.976280404981391	0.951314537460824	0.949822627191116	1.01867937167856
0.881836450393429	0.883009617469455	0.906894695645479	0.967251496280872	0.943180736737685	0.94001467684056	1.08726424527243
0.823080337467527	0.82125086878537	0.867084874929129	0.906052901836848	0.886186188320597	0.888363551613032	1.01774428068802
0.809032645042473	0.805328059438276	0.864505536719522	0.895967341261257	0.888596092310788	0.882519161697953	1.09205602170991
0.860851191093322	0.874813881974576	0.884195432165758	0.965968218335184	0.928943947420765	0.933147744115534	1.13359179958287
0.69450375066097	0.695062013520423	0.71439582846677	0.713619697768149	0.714781610317692	0.71203154216654	0.761873737846519
0.793426080614457	0.792015349034323	0.826921862287315	0.854550288729719	0.845343821370377	0.845014817180148	0.947257737253887
0.791953436125665	0.794191211985108	0.834157776814643	0.861792137105314	0.851400782658353	0.851421206416179	0.97016305974394
0.729045283408818	0.726850572941027	0.755677628412959	0.762585595472411	0.761830117311556	0.760912797890948	0.802776678582042
0.612917663556269	0.613927941063773	0.596071868505932	0.598779830606632	0.597732162446115	0.59714615141003	0.52857126036895
0.744289566869156	0.741814257813596	0.789363430348251	0.780626657496698	0.788513687293441	0.783403956444568	0.941209479879787
0.824206238029367	0.823976226819106	0.883414167974349	0.917809162453554	0.905157606320882	0.902458748609051	1.11727217826031
0.663172281537145	0.660852322479847	0.667642044722877	0.669239203744063	0.669036013932929	0.670944582602102	0.691799310997175
0.755532681794761	0.753225743637698	0.809142289806205	0.809934082021987	0.809258749205132	0.808022783171854	1.00590894970687
0.685172678675063	0.684749118178153	0.704906429849823	0.703352794093996	0.705509937647272	0.705506703092417	0.783900798665842
0.806773391500956	0.80783513720951	0.865146180040433	0.892249738220129	0.879701065627846	0.87821268541661	1.04529092231405
0.802196497273797	0.798856833705382	0.863996178221529	0.881730057758541	0.871078703024469	0.875569951103111	1.08119840440718
0.716495211636583	0.712603473805386	0.744406484869097	0.746988298707553	0.74862295810391	0.745605590110558	0.819645121034629
0.641182971472104	0.645716061999226	0.644840128404712	0.647311088782328	0.644017383588017	0.644179129308634	0.647745134107473
0.65641396789292	0.653180098699001	0.661363827656751	0.652376727188078	0.657808008316474	0.654145808845767	0.624683195050791
0.680729159554693	0.68137929571457	0.702408710022244	0.69468248350657	0.69789309620201	0.697500664120192	0.762465790373216
0.730685854326936	0.730645740483109	0.764242011723898	0.753600339331903	0.755713154211284	0.75374807210912	0.831688639415784
0.801048576430752	0.798389880231169	0.853855834007837	0.864830928970083	0.860098428438552	0.860383661590034	0.994927856464663
0.702862273524995	0.703939900280308	0.722621487399616	0.717784178966428	0.717282755713164	0.715845944657655	0.756717485007768
1.17415697975143	1.1589531400568	1.00267162170117	1.20011769612701	1.13050487206213	1.12830411354071	1.35325134715041
0.738469711648079	0.738111748844785	0.775804886783206	0.777609042789207	0.77893399672991	0.778629028345702	0.867499465598958
0.776372370295259	0.776128708534333	0.823233062732466	0.834916393202553	0.831168815279519	0.833975267730468	0.943115497090174
1.02339602759569	1.02358798125615	0.998748336830471	1.12895585969941	1.07866537991262	1.07970734537334	1.30095675324692
0.719251882887148	0.718130820455595	0.749442784592068	0.741745109121969	0.744320561108777	0.745214856006759	0.815827598683905
0.699649210992192	0.69996521878651	0.726607804074815	0.720659872286893	0.726537807927989	0.722535312125621	0.786684109447449
0.719165750805511	0.717161384762799	0.762141593680432	0.751290174351658	0.753643463047562	0.750368371740141	0.882698667851545
0.814194114263704	0.808404751269464	0.87547270651849	0.883912081311147	0.882570752766842	0.883368789711408	1.06173854207095
0.711212357762168	0.71315195809814	0.737736874038843	0.73093798035608	0.735437543180285	0.733561887923154	0.793028835344682
0.601636696961448	0.598651885066885	0.580387479200176	0.582291430828473	0.581890243873129	0.581165797271985	0.492934234855544
0.625744790598423	0.625537782682635	0.620924269211274	0.616712816747321	0.616485588850027	0.61831662904951	0.572311724029987
0.714317346121818	0.716618387853525	0.750373693327213	0.745864660723774	0.747695821475726	0.744624999515986	0.857695844430249
0.747399530857571	0.748522679832101	0.784490824571482	0.789016232725402	0.788340415809503	0.78883493444108	0.880472290992032
0.734740187596036	0.730279943051731	0.77773499378387	0.771936605432462	0.774871336190184	0.771272282473424	0.895368771736658
0.751057955233662	0.754207726475037	0.789569969973968	0.793377862515971	0.791267783089464	0.791615129225596	0.870780597199709
0.596235972588481	0.598290729041983	0.578539676353636	0.580116124128924	0.583916641989476	0.582403815682333	0.501783549959921
0.6723852318135	0.670344851248379	0.686942825342126	0.678458102950955	0.682860676359316	0.681923137591399	0.699972003619286
0.660672538838744	0.657042349535435	0.664846143614759	0.658192204962516	0.661162448129755	0.66209385629037	0.630659614278457
0.736187665181434	0.736599375362464	0.780497677703259	0.77386447201565	0.774956816188776	0.773536832872209	0.920361066513755
0.76701814917224	0.766150396914951	0.815658904872421	0.820109343593297	0.818060249204393	0.815994240523897	0.938428675054523
0.740328188468216	0.738341195630499	0.776175668112134	0.783464363821613	0.776796920211588	0.781413359897441	0.882079146770095
0.836882542476933	0.838527194477159	0.891516033115268	0.923865976613036	0.910376183305099	0.912132502066329	1.07660941700536
0.800665407309212	0.801225706387359	0.861416827541415	0.890085152885956	0.878364912621363	0.87681073345826	1.09589404248229
0.684444693250158	0.686683438679162	0.706910447978361	0.699716114732483	0.700968951929374	0.705041573787258	0.763598259206961
0.787930936880124	0.787652246978877	0.822395718385216	0.853104285577626	0.839681464795323	0.838195308005514	0.941412561900159
1.06481361439709	1.07587021960427	1.01608328145559	1.12903274698566	1.08771974365012	1.09021383824231	1.24673515524891
0.665712147402432	0.66563810969859	0.678084726485144	0.679875764364549	0.679490255466866	0.676849029998471	0.704077994193864
1.05172508766908	1.03607613243012	0.984217123419005	1.11272053843661	1.06387724712413	1.06469620449972	1.23343677908461
0.689893811249496	0.687548371892617	0.7035980178331	0.705980597378956	0.705847153458786	0.704400793822637	0.722686408103546
0.720391508149244	0.720471003826296	0.75116167016029	0.751706835655971	0.749462050254565	0.749273818595335	0.815855705873633
0.778495377933557	0.781052747002189	0.80807192531804	0.824982734576841	0.818706827834731	0.81886229106948	0.881524209008382
0.769253451283515	0.771187782733236	0.820561031341124	0.821477004802084	0.825253975461707	0.824319372049445	0.960617799872731
0.663648329462206	0.66473927332979	0.67083335456159	0.66817996352474	0.669031217660061	0.669682798636612	0.651518928590844
0.646523324121348	0.648623422359904	0.645381953004874	0.643874686527521	0.644609436499056	0.644703808522648	0.618989671957947
0.700074007502837	0.70122868606953	0.719506576782944	0.71798015198721	0.720165473742708	0.717799278814114	0.754517659248002
0.736506900138822	0.736019696006674	0.766113101772608	0.775151187728486	0.769810933709625	0.77125448120219	0.858921425643258
0.691186204112071	0.695237885461733	0.713721098264606	0.716568799736783	0.713782198822579	0.713328423445942	0.748640468939732
0.647169396797007	0.648717602496933	0.653042185705636	0.644802146741884	0.648949933762033	0.649137139742537	0.62642046742996
0.677766934346306	0.675075295060448	0.691681721655275	0.688922878054914	0.687365718711549	0.68659513694925	0.709520545809728
0.835510494368645	0.836382739126551	0.890861779375985	0.91731765301687	0.909625184575884	0.908855006303806	1.05723055328564
0.682719139374633	0.686879632081987	0.698110618708898	0.697204061559379	0.700345675732184	0.699848351893083	0.718890707507386
0.817349051422395	0.819016303880415	0.883746181511435	0.908533124412777	0.894562659103874	0.899071923043892	1.09840176085941
0.980806872784126	0.99191096178706	0.973879135888267	1.09265007490763	1.04453301938409	1.04909729491475	1.2629049996261
0.732876985608906	0.735348344750891	0.768212582081947	0.765444462723159	0.765364215843088	0.768401545369153	0.844876874869977
0.745379126987029	0.743609362004081	0.761438349152258	0.768754441509868	0.763634963611726	0.764983635905135	0.784079657744396
0.753432549869386	0.75520142033815	0.783998943142905	0.797120886396329	0.791333932602523	0.793869501424587	0.849691067985945
0.78709888737811	0.789632056505594	0.850198202033853	0.853837445507665	0.849546471991988	0.852391747926499	1.0529313315489
0.745067773015056	0.748313827731511	0.784955785820751	0.776936841359872	0.777652028434745	0.780061140990718	0.874534056741134
0.757826387187152	0.755241298586313	0.801328217853175	0.795893254241957	0.795527802555355	0.797479998281745	0.930674483363406
0.787634116404709	0.787730760805533	0.847478903209876	0.84848372688218	0.845298285353586	0.852503167863709	1.01697606976821
0.783239731183519	0.782479748836445	0.832895082972477	0.850734022526503	0.844623796414355	0.844494162040134	0.972753538108529
0.785691711369189	0.785084628477502	0.839508830462054	0.848183418230234	0.843254646751844	0.843813517321764	1.00149854181075
0.673753571122342	0.676142107873703	0.689571020805363	0.6842478883362	0.687753371356427	0.688419728426238	0.716420258335308
1.0109170447315	1.01647863584759	1.02038506839437	1.1378601414531	1.08905464016734	1.08851220317265	1.29104814895367
0.66681999251554	0.665417817183561	0.672933384778064	0.670192182516032	0.669755404933059	0.669655019888605	0.656639112645513
0.792191144742588	0.795277273922936	0.798794315000994	0.834987910548587	0.820767359445615	0.819881330090347	0.868929741487223
0.800217864458576	0.79828541219283	0.846713831484283	0.877584548418243	0.867573134519424	0.87020864279626	1.02909485589944
0.750265430116842	0.750423516919218	0.792450381440276	0.788787251122703	0.790468372903726	0.788932522595843	0.913498625686272
0.669792566189136	0.672587865639405	0.677257486404677	0.673908582736613	0.677024670321637	0.677282528325966	0.6648778778684
0.951210331591307	0.951439086200606	0.966491956545149	1.07781983869587	1.0293839653422	1.02751576446836	1.27644086574674
0.780481089561161	0.782902829235536	0.843100135989092	0.846009103190588	0.846685304843458	0.847107173809809	1.05316436693727
0.811271339130313	0.811383706334522	0.876415256872477	0.892312913317755	0.883541528477366	0.891979472719157	1.10537816131591
0.840552328448214	0.835580218310455	0.894667821520083	0.9326720878864	0.919799980592033	0.916401435091219	1.09948855647849
0.636856943290323	0.634741876789638	0.632339170949856	0.633184739524545	0.633755289255148	0.634894910018774	0.605797250738014
0.848218502134482	0.845165603357139	0.818632413947875	0.88356493014054	0.856154789699664	0.853569214149145	0.933369269958982
1.00343951938063	1.0018897309314	1.00588497467108	1.11715139320253	1.07573531986395	1.07153439935073	1.28121571494045
0.738941274691032	0.739567373447736	0.770897203014484	0.77170181965109	0.772956758361218	0.772709755548151	0.83820237280054
0.743261342968304	0.740708829396736	0.768374725325977	0.777469345826934	0.771859797271335	0.771951507478236	0.820994578606807
0.756919423863649	0.756743507273284	0.797932009540036	0.802517647886939	0.800252744735587	0.799383097823351	0.905016413318748
0.738993644543984	0.739422081024677	0.777684743726269	0.773914995992656	0.772745407852171	0.777513294513182	0.87446456373411
1.02243979551005	1.02273670354062	0.947526803658075	1.04590870285253	1.00818476058904	1.01181827549062	1.11035037153505
0.725152476941611	0.726604454817398	0.756586700558136	0.752920739045422	0.754300294834028	0.754877139300245	0.822729200946371
0.848126251865589	0.844822444290203	0.903833717221069	0.928536661872436	0.920411530278415	0.918137770470308	1.09406316447367
0.735737987432207	0.733568674702109	0.762787273723592	0.753820497914574	0.757663384352956	0.758713571498231	0.81672498263969
0.678609959754032	0.679259822206207	0.695691949328552	0.69122563849269	0.693344472873088	0.690716956239276	0.737203843062909
0.770171347987716	0.768880107133075	0.823992009177674	0.835415606179039	0.830485301524597	0.829400877712235	1.04310556870087
0.752618255865712	0.752784593592923	0.797301115171649	0.79632625857925	0.79539033303069	0.795954791666547	0.924728415637538
0.823249920962991	0.825881642892391	0.884057004851748	0.891352451038941	0.891016764819297	0.887617313288919	1.04134071317448
0.73716521899143	0.738670716671818	0.785246511703791	0.783727720744751	0.780341268749284	0.781863411269317	0.915242505556703
0.913167006411239	0.915318092984217	0.921896834178404	0.990623366445591	0.969174200010083	0.967115712650918	1.10269064517891
0.80975246275264	0.817368602688505	0.881005731139683	0.899315457099915	0.892700923817192	0.888986093083746	1.09039379922391
0.724956258051147	0.722101162040631	0.765936962437955	0.76211856874144	0.759766487935596	0.761437044792438	0.901189292819112
0.757771072723946	0.755895507474409	0.811864565529485	0.806637124151655	0.804988299676905	0.806787594797676	0.956822880271499
0.66751063079073	0.669184004643148	0.679519227736524	0.675711317977298	0.675156342152695	0.674343718569587	0.69202306607001
0.649761362726937	0.646629742356112	0.65328154419631	0.650560017568831	0.652081510109294	0.652368531719439	0.645173503537332
0.761470819169558	0.759010172217626	0.80829478244877	0.809687658800108	0.809559188237566	0.802980321914302	0.947311293004269
0.974180918886768	0.981132993868421	0.905489729988516	0.991426610529284	0.965242742544951	0.965722077159197	1.05027074604413
0.798038173101824	0.798236800336038	0.849930932045045	0.867808492929764	0.860160598916827	0.860904539628817	1.01455559709197
0.746249613879405	0.746896491217884	0.797327173358126	0.796975305902172	0.799235035108918	0.797368239189615	0.982497224877495
0.796916881405903	0.792868480239897	0.858282327542348	0.858594264219759	0.854207603324485	0.85605132696356	1.03009350030844
0.679059201138875	0.681899874618728	0.702119389440591	0.694901373124361	0.695708356085117	0.697628448709141	0.754983173358799
0.787709437560201	0.789739282790287	0.853749608385804	0.866376342109008	0.860891505607792	0.86563843035035	1.10039997587369
0.744959922170933	0.744991450478917	0.78604199749381	0.784868230982191	0.785321130587542	0.787716097805149	0.906198166148068
0.779374989223157	0.780234922738506	0.823920971747839	0.86160684208392	0.846470922300343	0.842868355370787	1.01007068968911
0.711945873039417	0.709562074290043	0.746307654157259	0.736677300545484	0.742373223705387	0.738915771557383	0.848295358822278
0.839577884687868	0.837378852214367	0.906772578168296	0.938845858926676	0.92701794329298	0.933110334779825	1.16560120440533
0.662857747904531	0.664286969500896	0.675537751607696	0.669085069520271	0.672274764358586	0.672252189059948	0.681802105700805
0.837527354108646	0.835636306260163	0.903292974034954	0.932531851880039	0.922057947462535	0.922669351995737	1.12333451935367
0.85169251211631	0.854427326680209	0.920032676459536	0.954317143071656	0.938611837213231	0.938052640672593	1.13460856565641
0.896502494512282	0.89378906932584	0.936387677802613	0.990234052319759	0.974648060944183	0.969978607741912	1.14688784852332
0.710758662046338	0.713011513816406	0.745401995410473	0.745067358435414	0.742807103649302	0.742823082388907	0.858945229761907
0.894026107337948	0.890933704587927	0.954393767851135	1.0020673053187	0.981506544222469	0.98270960174737	1.17534574454748
0.65451379135175	0.652757769366451	0.659185107401691	0.657993743069951	0.656244381264795	0.65823667589695	0.665818559948694
0.771937364379813	0.770626446067155	0.831736135741173	0.833044739907884	0.82767674698788	0.828938274928173	1.02221031515834
0.74859591485682	0.751155591100813	0.797134584320622	0.803201548819108	0.80105503439453	0.800979688557519	0.944786312553823
0.832411131055587	0.831354780686504	0.896649553019291	0.934923967023596	0.921683183691282	0.922352816834356	1.17742040920185
0.768381898816789	0.766632969268311	0.812793890023943	0.810826311706931	0.808577066252553	0.811368953787152	0.921125296884359
0.612717842899284	0.615457338307396	0.602436139080108	0.609035056082954	0.604187123849541	0.606526287822739	0.550470933430033
0.743448989342346	0.743862414392232	0.779936227874728	0.785003143372846	0.784733575556794	0.783003247786206	0.878136562317682
0.859517505746509	0.863647895152981	0.906121335602069	0.9736795479719	0.945120909321263	0.943677012541686	1.15976879429618
0.541053936576885	0.540905053281578	0.502135644861001	0.509754239043652	0.508662524381106	0.509922901786696	0.380680031968523
0.731033796977847	0.730876664926658	0.77173067953213	0.767800754488232	0.766896261317303	0.772025603062181	0.889437216534047
0.793650280717417	0.791846729083325	0.846010252973707	0.861089018905822	0.855659522588352	0.855865171030385	1.00011190022903
0.642138356474405	0.64339405075691	0.644998507321583	0.642100239097962	0.640059719429816	0.641992116874269	0.628049172527072
1.20277949632744	1.20834086125264	0.997617865385879	1.21747809252168	1.13705579301109	1.13922883909245	1.36353013194088
0.810060582725244	0.80344797447622	0.874814201719594	0.895318516276349	0.880414244956574	0.881620608155563	1.11007800067856
0.751764169095487	0.752630729675525	0.794798757659658	0.798511416847479	0.798264683621494	0.794795657802193	0.904368501009415
0.705500101673371	0.708689045017095	0.740007949817582	0.731510847878445	0.733200889344299	0.732332628420489	0.823333347416703
0.705272779660897	0.707089885229051	0.736191541459034	0.730504169490031	0.734949447055099	0.733151003180091	0.813798510780114
0.786531608636401	0.785643013562413	0.839180724367455	0.852267051235218	0.841294566001728	0.845968502128797	1.00110828084853
0.793225786422548	0.791316571749738	0.825321471030863	0.851040501706308	0.846165491173582	0.839596589947958	0.945275599688856
0.862759426382531	0.853181094722446	0.92095528086461	0.955648423523086	0.941981360530071	0.939339959026794	1.13548368323727
0.622296747723128	0.621225849383601	0.61428013839363	0.612980934894677	0.612419231774811	0.612416841152133	0.56126083726686
0.743984936037451	0.742348687148031	0.778251934708031	0.777275492345276	0.777365547447647	0.77825398549739	0.865548029743677
0.731897155596406	0.734360467510498	0.765812175569535	0.774314870970238	0.773922818941799	0.771437846796847	0.842885049944049
0.853252839724305	0.85109695875149	0.921027143908043	0.944971118166028	0.93664539371066	0.936831435325661	1.14671378138961
0.760032047297077	0.758020485521769	0.819102687769013	0.81997797936587	0.821598084516683	0.82174105327963	1.04288732881886
0.653334616282655	0.653600001387839	0.665472265620298	0.664606934394271	0.663579953256863	0.663378667810173	0.710051363904343
0.779889415519376	0.779768630792386	0.824450926034018	0.85110200958405	0.839528928505152	0.841322277803283	0.992614999770133
0.664132440284156	0.665682935019978	0.675030023720039	0.674109288164829	0.673969997421381	0.672061650022483	0.691621055740395
0.804141970414228	0.79957892134619	0.839238207113841	0.864845793362148	0.857095524358065	0.855524540569427	0.937922285461648
0.804648857288635	0.805170156493375	0.869362655023488	0.888609623250665	0.878973140576241	0.881609363735629	1.06639240487423
0.787271321550372	0.784820586907126	0.842579933231567	0.854311392063909	0.850423115481491	0.848261148984969	1.03831101404902
0.800515319800999	0.800973096717462	0.854620619123008	0.88009569454151	0.868753877710192	0.868885515375796	1.02869150383308
0.72586594545778	0.728102027281928	0.756661934933314	0.763275405065175	0.761948591542125	0.76048339213651	0.825610194703944
0.701389077026278	0.70252337778164	0.728957527185372	0.719371391107247	0.725009963696992	0.723490250603535	0.802065381213433
0.799758359110568	0.802464610655256	0.834021585688505	0.881763566184697	0.864617771476219	0.85968966268382	1.02678835844423
0.741788730763464	0.744109339155475	0.794924298781153	0.795077393203641	0.792228760410509	0.790584216617014	0.965533755860421
0.740758075273639	0.743623463557515	0.780720652036865	0.779862665778409	0.780013750009422	0.778499354136697	0.882954744563287
0.684737215197457	0.684820612473072	0.698393018850453	0.697074405441598	0.69479079203441	0.69777163656005	0.726890495501313
0.752856887329158	0.750308036175631	0.756386109759817	0.765100836234438	0.76340650903366	0.761170780006488	0.764216726620131
0.762820389079473	0.763536659802876	0.811850605419426	0.812060288358889	0.813234013098806	0.81066256627724	0.930804027348827
0.74813006638476	0.751326901628962	0.795022975943035	0.79817817010563	0.794170372213973	0.796667964418555	0.917092860912752
0.733966407357877	0.733109134006733	0.774086838464619	0.766140636136445	0.769235268533273	0.770117493125924	0.893569957384554
0.762253084959542	0.763109685414787	0.791836650424124	0.810513774754795	0.804838001053235	0.803001624809541	0.901000604107968
0.871105557712792	0.874208721446214	0.859889402731181	0.923686056627375	0.898591138457001	0.900929928234644	0.995963353215585
0.752394357907764	0.752504053577602	0.805342846876699	0.79856311380834	0.801227807071221	0.801239980204713	0.973206235836223
0.601617952589366	0.602564622106344	0.583160940426088	0.585527936296962	0.582950215801338	0.582115735743817	0.499123724205719
0.756225726250926	0.755083077494421	0.808692166200179	0.806569450263945	0.804768428219356	0.80561871509118	0.962460690441359
0.841232807436669	0.842406839844318	0.879910797345465	0.929035678324388	0.90666992314612	0.90595263505907	1.05954563678964
0.686553143193583	0.684254227114585	0.699648958413059	0.697181295985055	0.695462326368193	0.695559585386537	0.694280908078184
0.78557906324034	0.783493398365971	0.841772313280247	0.85556225735671	0.847310387894681	0.841027651335833	1.03497035799803
0.723292104871567	0.722306432833037	0.75363181937558	0.753508208008365	0.756074846792701	0.756170594521687	0.82952583673041
0.726887167176404	0.723551934039434	0.761632986565165	0.774301634968524	0.764936408411528	0.766901359429833	0.881772050506128
0.795627390386235	0.790198608529271	0.757524920039067	0.807535568700624	0.792127333168509	0.791841620606206	0.84741115491488
0.857713478536594	0.859295707492459	0.921182539759836	0.974625200166037	0.94952086070443	0.950302905186264	1.1834824508769
0.756289570154185	0.75453679134894	0.803223722229318	0.804125118899298	0.801394953588386	0.803783867019366	0.950227967187809
0.749662000772055	0.745810894239474	0.797194491986721	0.795183799885534	0.798183518016598	0.794402897363238	0.941480904942458
0.818703036456256	0.814220831190912	0.8812934150896	0.918641490210235	0.905560141701861	0.900681448781417	1.1573679428375
0.720146139223377	0.717960750617565	0.751246411783489	0.74950316850099	0.749013372969723	0.747939346105189	0.838345444211485
0.669060119877226	0.671504809024472	0.683039781410118	0.675421538480578	0.67909097562839	0.678280528432659	0.698415963111964
0.676214186447761	0.675978638333181	0.691954702356029	0.687337689845835	0.689898293732436	0.689505100367551	0.708536954414215
0.665703832528556	0.664134259475718	0.679441954082836	0.676849039454322	0.676547814712918	0.680416526543955	0.723899888484998
0.734759979130414	0.735833934775871	0.778024994456719	0.781144664083434	0.777794489482423	0.779319341462989	0.929004776261186
0.671374321709686	0.670399690295596	0.690683532022398	0.685577797062603	0.684669753777079	0.686527335227184	0.744158980435667
0.735224605322245	0.734402815850138	0.783893445834723	0.786441592164861	0.7849751262037	0.783754008609751	0.968141014709625
0.646093765991092	0.646757011347804	0.650499144486569	0.648548092449322	0.649119729710853	0.649018981252876	0.655581419444339
0.601593057951254	0.598221966884838	0.587518682989745	0.591621626909508	0.590054480982525	0.590982495967509	0.555421180895593
1.17020753596549	1.13326525640901	0.965226349816706	1.18784346004346	1.1054308926117	1.0986995821427	1.34530416173193
0.657542813604433	0.655839683517684	0.666102098319304	0.667655047005387	0.669629602500911	0.668053237249582	0.717139694532327
0.729479386802917	0.731695230602917	0.764050361486738	0.763182116549654	0.762982788588557	0.761610578880943	0.843520246734378
0.7240333507217	0.725359905186492	0.760331447147858	0.752210235314279	0.756325714604044	0.757386798796473	0.85436614068751
0.748720093122419	0.748587378115779	0.789718874363712	0.786948604354437	0.787228385935482	0.785042652815368	0.884001564083817
0.651628968180915	0.651774635099273	0.658030522150184	0.659404074373586	0.656824967303711	0.659594490709565	0.702196353039031
0.71331840391239	0.712855229464702	0.748968623044904	0.740673153833894	0.743279354437531	0.738404877264066	0.85696095931877
0.671294767497888	0.670495448583979	0.685602121249553	0.68435387057214	0.685354714273697	0.682622951030124	0.734637265566905
0.653555773587846	0.648645310966939	0.659363978449345	0.656062326304314	0.657198769458099	0.658473790077545	0.684494468774733
0.721797785792414	0.72051402425638	0.757208922328853	0.753004786759943	0.753511432118672	0.756399082542151	0.876299062389549
0.76930341027262	0.771663986962022	0.832380808034559	0.844447486923246	0.839047921938182	0.833629098057637	1.07025637239525
0.840378528662531	0.841138812918057	0.880181592818814	0.915495830264745	0.907717546864619	0.903995207382024	1.00634118462898
0.775197796743201	0.773708728205313	0.82800346773562	0.821394173751213	0.82083836250726	0.820970398251802	0.951742353809628
0.776636490651304	0.772987032543752	0.827707807016769	0.826291203780877	0.82246508592872	0.830713101893029	0.972011692082022
0.752553475840972	0.752256250162681	0.798761191328194	0.799012481988596	0.8024141907116	0.799627005194847	0.933746332888604
0.684048591468875	0.682935831536219	0.70733775992337	0.699812829946336	0.703277879000713	0.701421796594927	0.770861865524684
0.741344887097006	0.74129790401059	0.78771320322378	0.7785414959129	0.781123742938683	0.781724865579072	0.945324461870161
0.788748199533241	0.789311344349243	0.849020221235441	0.85694204034422	0.852713243090423	0.851859590845873	1.03907498614758
0.796477421582456	0.798155028273064	0.860502132146026	0.889790271174698	0.881199542727393	0.87997369984167	1.14629792904284
0.766872207118245	0.769586564775458	0.826977680444239	0.842202440736834	0.833508978295919	0.83528823154568	1.09445416714432
0.769287598451002	0.770045138866362	0.817857855850003	0.821752702343797	0.819962622317197	0.822118566133024	0.961791652912194
0.979519098860456	0.984904943912562	1.02021074930974	1.08971388949851	1.06314966109961	1.06060859040755	1.21558476909971
0.709937503026214	0.70946905255653	0.734319723070748	0.731153078972636	0.731606370724596	0.732509533444811	0.787186673648115
0.810812241053793	0.807979827212288	0.858937407714671	0.885456768449843	0.873811901783527	0.873448559552673	1.00751586400809
0.697327478163325	0.696820600385987	0.721006462943047	0.717915281749302	0.719106588197099	0.717840316883991	0.781802818977237
0.71660338511827	0.717541406636137	0.749013359751837	0.740137561383136	0.743984409155578	0.744113864239484	0.825690267355939
0.799645260410771	0.798116862982297	0.860392890305786	0.87675786483583	0.869332189187183	0.868357082355802	1.04118981913663
0.659522680290158	0.662418311189192	0.66912392441869	0.667401150002556	0.66956190724374	0.666169787912352	0.671801509508802
0.676766371489588	0.678664047243694	0.691619061756105	0.690132092774981	0.688084656797436	0.689987316574182	0.707293606767054
0.771825046011618	0.770186269985078	0.814615661462907	0.819449509662527	0.817406541023559	0.820321222241895	0.923417021124047
0.773988802871813	0.772833175903608	0.822270622476957	0.825510823646764	0.821412968140662	0.825548043937682	0.945434707377775
0.679615902756855	0.678185151756222	0.692245357679232	0.691503228819079	0.691878059553078	0.691826729316647	0.702759196884232
0.767554220592228	0.767906203750571	0.807576149423557	0.812800496186363	0.808209820369814	0.809871213240385	0.900067835284942
0.697924668393602	0.696467355030805	0.726825576773985	0.7206519266232	0.719025804000881	0.721391905654804	0.79198256197372
0.70687946965017	0.710910004762794	0.738771486661552	0.729423549195711	0.73317147446281	0.730993409771633	0.820633144115085
0.630993366437649	0.632543358141699	0.632212863419853	0.634603798297854	0.634152624733732	0.634668155638534	0.627411662467527
0.786823998383144	0.789035016424247	0.849109127266375	0.85004557255027	0.850393042570389	0.848889413881955	1.03721423032822
0.840049969909202	0.836013670615898	0.881704043056902	0.910820352284626	0.901240828859576	0.900977640493669	1.0257665699144
0.773254934926831	0.774896339765704	0.82727398356458	0.827536351014677	0.829025562150065	0.831810011332827	0.973034570721366
0.668265862769935	0.669336689369906	0.689173257084642	0.681603628312752	0.684921393850462	0.682623171000734	0.748602148829953
0.764379014290353	0.764262442859261	0.808440737561132	0.808994708175656	0.814159779771352	0.810444483731885	0.922905390135135
0.831984083835786	0.833572518821751	0.904738110594208	0.924008221445128	0.914784739281459	0.91537770653595	1.11948968163321
0.76878371857418	0.769796029865404	0.80951550963948	0.812425751445529	0.810884735224478	0.809449146372085	0.898142632156886
0.623126061685761	0.621828865325438	0.617253123372878	0.620233568265612	0.622355974551891	0.619357922803802	0.591080598134558
0.740733388162893	0.741619706774567	0.783052774954934	0.780733522697957	0.779812601958137	0.779897427729918	0.905799011034834
0.746553542366013	0.745320057571833	0.791407475689965	0.791772648418646	0.789962987473392	0.787586559105057	0.935502963844732
0.73262423746378	0.731234372053358	0.771772656290001	0.763489147711011	0.764582968814442	0.765165864372282	0.878437407760087
0.819992973283501	0.817714303846072	0.873994102765818	0.897360640617106	0.888928361377223	0.888975672090497	1.04352738768581
0.806301705260664	0.804181641218521	0.844385656235619	0.862564404106499	0.854822458300292	0.85407325752743	0.9354656501737
0.854659203202705	0.858056236387459	0.906741778742536	0.941349661349425	0.928156085113848	0.928803447844005	1.07098228190609
0.803126913009046	0.798131953758594	0.841815627120656	0.864700329104198	0.861006003943599	0.862447785495227	0.978051762331593
0.911577307899754	0.913550197503237	0.932947328292174	1.0303509028229	0.990791438721261	0.986031306078923	1.24199747827233
0.686773600545753	0.683144425622718	0.70326055758258	0.699710204100124	0.695889941545657	0.700020705199624	0.736436956377999
0.745510905917549	0.746978772168289	0.773302511619822	0.781452779439466	0.77904217307561	0.777557220805092	0.832662991739126
0.788413290803462	0.790617760714773	0.782168015454952	0.833716821214785	0.812563401363967	0.815666601186731	0.901012062853506
0.936153927615759	0.942209526525913	0.919147442237761	1.01083283484524	0.977697307656154	0.978921677283701	1.11837166640949
0.748805340636782	0.752134663130259	0.792732311830436	0.792803720328214	0.795879393559187	0.794224687005088	0.898271895836156
0.659772243672384	0.659787639790035	0.666729414578892	0.664262510795235	0.667216485089341	0.6656771005933	0.678187912425451
0.754896560460771	0.755026302192945	0.803173636858332	0.799987596775458	0.799944473825497	0.803497159377638	0.935896763843847
0.687813206422582	0.684777749588839	0.705285605801482	0.701751159162417	0.703428938074611	0.705698234831698	0.73509595015189
0.877157147390481	0.872717048632074	0.928724192827843	0.99909501232789	0.972335169715357	0.969079273498954	1.22681296541852
0.741795282966361	0.746288875216004	0.762824261776331	0.772233523282693	0.76751770966742	0.774974352820427	0.799696573123363
0.713483165174846	0.714450564903498	0.734825903621084	0.735094176932444	0.734598890597245	0.733122244046418	0.761383475313948
0.728901606552631	0.72812124366771	0.765606995195824	0.758789175283256	0.764135307788792	0.763667291658988	0.873226865246304
0.789663212888467	0.790168815698352	0.85407850792736	0.86136691370197	0.850707794746834	0.853709303222183	1.03676008107773
0.87906495161764	0.882783855047644	0.902992501336694	0.978466146856953	0.94822368351829	0.951841699385118	1.13290428020149
0.871848909244547	0.878838629926514	0.870350030651993	0.931756616743634	0.907032807535685	0.910327909717613	1.01627466117871
0.968004242286791	0.970274915353224	0.966505781465302	1.06880478830505	1.02921102327735	1.02972308124619	1.21532021651675
0.73331250592433	0.730999891370793	0.762319605245454	0.754720081806879	0.758893808491061	0.754885882258611	0.814083865164846
0.821226494353998	0.822089838378597	0.87058263435736	0.901999627543167	0.887323740483966	0.885724387184634	1.03418805306418
0.788099934036992	0.791341991967212	0.808976603839225	0.838696366599767	0.829390485426231	0.827546481542892	0.895613898447301
0.733386106398965	0.731243140034833	0.774279961543408	0.766201157006969	0.768618779722468	0.768550257946902	0.899873290448594
0.778508507955498	0.775401110222016	0.80520932173409	0.8270755054741	0.822898115191992	0.82307394068839	0.898166352441879
0.745480484483519	0.744576943980086	0.790716592876376	0.795867646287942	0.78908306669139	0.795602079328089	0.922150730231738
0.793262712164662	0.791706040117718	0.83004270839971	0.858354090304147	0.849834053765075	0.846801424139516	0.947501272704259
0.729748917770031	0.727875099279335	0.774136584828178	0.771739725974754	0.767830273165747	0.7675949119666	0.914417603743719
0.733778286297999	0.731387665212532	0.767325374393058	0.763732095715761	0.764103879638161	0.764557084111156	0.860184431388297
0.722089997462569	0.723851870161243	0.755087892035431	0.749005502231245	0.747863599313774	0.749367773466895	0.81756218956857
0.67931527124959	0.678913968788159	0.686744519571384	0.687868469665831	0.687569325457262	0.685320506284342	0.685764244689277
1.28339359748307	1.29017775429661	1.04404889506054	1.2705733949209	1.19312256782271	1.18685843288579	1.39084946146726
0.70366240180944	0.706353316204901	0.730818226693626	0.729109020494163	0.728070891134276	0.729584690420204	0.81003159711596
0.703246405412985	0.704691770245026	0.725534334672277	0.727886479131445	0.729233883958408	0.727208163010665	0.790251242949498
0.912794241773729	0.912457961103134	0.958981835346245	1.02833384381463	1.00187802352778	0.99801874310022	1.20233385205399
0.716986214899871	0.715168498991599	0.751294638045392	0.743128924267084	0.74845534992706	0.747959162477324	0.863697925861283
0.750144173631446	0.752928902155663	0.790300592358678	0.786397101837909	0.787405582267558	0.788228272495291	0.892881367405323
0.75096846108229	0.751320700375394	0.791389117624587	0.801623517877754	0.795869615492428	0.795089399576473	0.901381324936215
0.74716952589077	0.744908417914392	0.790392245158185	0.782523474215385	0.782715645355666	0.784734754139724	0.911827542639151
0.734307151439716	0.735737622900454	0.771344999000446	0.764286942117811	0.764717810915094	0.767565682566995	0.856223654319183
0.805801928207802	0.803078031242947	0.851905111622537	0.891467176176697	0.876799097138369	0.872869823497635	1.08611164488757
0.775238501296518	0.777166406287738	0.836407677427923	0.839073878470642	0.838289564836324	0.835861945029614	1.02330225529688
0.819680335081367	0.824866809993852	0.84947369616329	0.899983514044185	0.881016174013391	0.8772226596716	1.00006749001516
0.823025428721314	0.822967488911055	0.883837374499249	0.889397798082922	0.884942191704634	0.886513508656882	1.02735863177164
0.692730744166852	0.695847192251449	0.722001924881071	0.712713625131936	0.718196261104808	0.716667451619329	0.800407900156043
0.738563015450323	0.742276711957538	0.78022667333408	0.776054671370951	0.7769789596033	0.780634369911722	0.892393016749769
0.627473547005555	0.629568906461026	0.622903673944638	0.622144715558178	0.622296640094544	0.621810313663988	0.581681013829852
0.687166250975038	0.691755511781051	0.707212136398951	0.70411031516798	0.707921244601057	0.706431652720103	0.739401163797002
0.762254222292401	0.760316407639023	0.802276349952782	0.803335204329645	0.801215231278818	0.803558347252923	0.888146789556796
0.798729105664623	0.801028277198568	0.861660361104942	0.885848461177523	0.878895975228372	0.876094994092496	1.11717035570563
0.678990234034612	0.677598956130271	0.694335981784944	0.693402745053779	0.695606355381482	0.695899097921102	0.754486091411879
0.706864003878254	0.70373584475105	0.739635095703289	0.735962695364787	0.734178175153173	0.734374691892531	0.828280547057006
0.804805586875081	0.806973529151242	0.843735139848145	0.876853071908923	0.861301788985716	0.858971530919605	0.970423185223157
0.68410039455951	0.685246710419721	0.706304905948415	0.699454206246923	0.70318973331533	0.703262717148634	0.758363840293562
0.75682335424453	0.755030320739674	0.806595772783682	0.811757513197952	0.804723415468276	0.810791577938461	0.985220396179158
0.7385149351858	0.737979014943716	0.781076785527711	0.774396712037166	0.776138589788907	0.773731209971772	0.906023299911118
0.74208966505179	0.742308377291017	0.782021536596708	0.779826227310264	0.78023983540859	0.779542196588859	0.879497442341947
0.764239833546358	0.764522596925348	0.807979384261318	0.828830066357749	0.818620414314344	0.818662631422928	0.932803653529989
0.871494578127431	0.870683293252385	0.914652312740178	0.972562582874107	0.946501720562733	0.947319111075896	1.116288116647
0.782721076299378	0.780586205706922	0.843359801931074	0.842727738962294	0.840393849189842	0.84347106495968	1.02568604080602
0.909504752501218	0.910044329193038	0.919500261238768	1.00727489377705	0.969578378537664	0.970049662685145	1.15526824440838
0.663230234447285	0.663382634832401	0.668474238320821	0.667085272671812	0.664209305206152	0.66889300904224	0.662392774681636
0.723705830657895	0.719937368606771	0.751895406799612	0.748181003366345	0.750497682269054	0.748464906280982	0.816569020212599
0.628258810984186	0.628661874024327	0.622143453596679	0.625103517987789	0.625393937825064	0.622867448916163	0.604024604358519
0.621799706731932	0.621751987639057	0.620685005715675	0.620147385671302	0.624353210768395	0.618144389905425	0.611902900919447
0.791946853993844	0.794369072879193	0.854903658645672	0.853687426237646	0.852603544726654	0.852804738070857	1.01828999531347
0.725871117697458	0.723161451352654	0.75494007912693	0.758667417258311	0.759391680461633	0.756122591298149	0.824746013018954
0.751038673177383	0.755066128096662	0.790434076794901	0.790396942379319	0.791571531544225	0.792377020757268	0.880591585487085
0.684199451880235	0.681011477796525	0.695856876296495	0.693763163443219	0.695839834877982	0.69342328007458	0.695820452668438
0.73268416473031	0.735158259505858	0.769123499578972	0.768558975550716	0.769006340293403	0.771705158448529	0.862070002291724
0.691872178127684	0.693430847327042	0.708236129340557	0.703245350411735	0.705644660046968	0.701416057219647	0.730563626063128
0.731633590360468	0.733932653848506	0.780016103516548	0.768951285557411	0.770664756811798	0.768256253619242	0.908968294802008
0.740282303301769	0.744581914732815	0.787315289281095	0.782147697964936	0.781179208626513	0.782359948066098	0.909401039889134
0.722702922248617	0.72070507300639	0.74783232857235	0.74870739188611	0.747567858048312	0.748293776067826	0.783904365559533
0.838288369400956	0.833498193146845	0.860163057691941	0.90869455161566	0.888701527086186	0.890676563818679	1.0048234575543
0.718919234589085	0.720244581677233	0.758501399882002	0.754297218255655	0.754538685544873	0.756263998421766	0.872409538059504
0.831067823001365	0.829568274898268	0.89372880516038	0.923017274841074	0.911855188273069	0.910974976417257	1.12218678167112
0.742955198102392	0.738065591816142	0.778278812902836	0.771174648507392	0.771584547197064	0.772916702923775	0.861614262870528
0.626588914956786	0.627783412671832	0.625285633370459	0.62462041339766	0.625686198447869	0.627107541487516	0.605518124181846
0.73542861164881	0.736624536006535	0.77440940657759	0.771348275367042	0.774058290713959	0.776459321997314	0.898679607150021
0.697173516192644	0.694611792827386	0.723216069579604	0.714595351178022	0.71738520159839	0.720394625782066	0.797956065483319
0.796979832014875	0.798783185498635	0.851456792159839	0.845892456233714	0.845674728477552	0.846188927972475	0.968354903061125
0.717132835630705	0.715598106902773	0.758795468487958	0.75149375989847	0.753514211108253	0.750984388071642	0.905486424069218
0.657338776843097	0.658917146909005	0.671483284281392	0.670293958965352	0.670158571088037	0.670754596146996	0.707738747987348
0.721945786083711	0.71920904104478	0.761249833926509	0.755465213999199	0.754341862114249	0.753646377939003	0.894279959174476
0.894835382980174	0.894739911607429	0.872325391375386	0.954042805219277	0.926709684794294	0.925802113319422	1.04132829138957
0.719863102664366	0.720315182112741	0.75935470637742	0.751645159256938	0.756363220089473	0.754143025494826	0.889742341541641
0.613894859778887	0.613337382056718	0.604575806930961	0.60417177556511	0.606848064332696	0.606569321912079	0.572074374264043
0.726284454294024	0.723891169352122	0.754346813441283	0.755753401070897	0.754599756068575	0.751315763680287	0.816436359277768
0.723699134143414	0.725946437173958	0.761479723471772	0.755265653387796	0.758048066410326	0.757205057397885	0.856087255531403
0.629666565077707	0.629158655727616	0.629375772181171	0.626660817555663	0.629556060651143	0.628768826146622	0.634878876245871
0.738055658304352	0.736186607992897	0.780908977479631	0.787688870557859	0.785089367750663	0.785072320983629	0.910626390156143
0.746123793820782	0.749363391607243	0.790459530956315	0.797521656806389	0.792694573591973	0.789528802177969	0.913113894940164
0.753349449070591	0.754266018984967	0.791088913911943	0.809920405073451	0.802798682732742	0.801385600445471	0.920935751221522
0.679990051785098	0.677517740520699	0.689086884004484	0.685188413727621	0.687761535652962	0.687551536455585	0.691963817604025
0.845413810949338	0.846993468158521	0.903350717178701	0.941605751061892	0.928128020667467	0.930311867412696	1.10221927234731
0.751573207772471	0.748414852195724	0.801197813456828	0.801828090003185	0.803033223260321	0.801038720727052	0.969745634584836
0.726761076291583	0.72871638255784	0.768437985156373	0.772205768629322	0.768679078813884	0.772951776968914	0.923044343616889
0.723706966816975	0.723515949650398	0.746357461114624	0.746607239516043	0.743475265725689	0.744153041093346	0.777079404263959
0.75203561586524	0.755463242809323	0.794188996800746	0.791439979425755	0.792330633356296	0.791083265804292	0.882905878725577
0.687251965863507	0.686084735276603	0.707607016773195	0.697924678425114	0.701317122466319	0.702087066290473	0.751568327684494
0.733471878192398	0.732252317451134	0.778564848176465	0.778917572948567	0.774705616038738	0.77921401891028	0.955968686996908
0.510712357003776	0.509305732502524	0.456008508890471	0.447256430963886	0.456727544281643	0.452963094111863	0.282254125138858
0.704092602938242	0.702624427936471	0.726597498044935	0.724475967243297	0.724685775460822	0.725414787398412	0.774230494587281
0.769638342821546	0.77117369790348	0.818704737024153	0.828387341168749	0.824606185382254	0.82503211995105	0.955479191508386
0.829909174944548	0.831882172662808	0.840756235084597	0.885314487516785	0.866625411140954	0.870063175328443	0.949476920079754
0.657354123796397	0.657406927695325	0.659716204366059	0.658124368040855	0.657027340982922	0.657274009518748	0.639906847579312
0.723732081578311	0.721405427255738	0.755924126920839	0.758247731514707	0.762164922420046	0.755540103879505	0.868607156378377
0.720920551034202	0.720713479427934	0.754476900331171	0.752892497292801	0.751222971576129	0.751649160742073	0.867197765120684
0.653479491399526	0.653198466893304	0.652689803682782	0.653274917074162	0.655886730842778	0.655501759721686	0.643247643772104
0.814346058553969	0.814831170814546	0.881488773035317	0.888138716557516	0.881453209250203	0.880561997244307	1.0681920984859
0.80029915184986	0.802045958793643	0.863052039387123	0.887604955692165	0.872370404223808	0.874469241491362	1.08677891471411
0.821869207939743	0.818583365968635	0.886545631418535	0.917715912978839	0.901959328010641	0.901222162659406	1.11542479604688
0.592326462655152	0.592260444480013	0.571131293899199	0.575019169980516	0.575392752350856	0.576859570657262	0.51655266278919
0.778517738161347	0.779956678824017	0.834858401567207	0.843837568978557	0.84066379045893	0.839497240535272	1.03972913811371
0.691006763211585	0.689883656461741	0.718687456205101	0.708601789957044	0.711018975632639	0.711705775027584	0.799559762626116
0.713034013790201	0.711734057326441	0.734948195402644	0.736200597679429	0.733152261857926	0.735586323112581	0.77638847917442
0.631184214620531	0.633804879341371	0.628392333342162	0.628698209882369	0.62672930559832	0.62873259390196	0.596484981564882
0.680917098067723	0.681397112970296	0.693779363598656	0.691538534195328	0.693709645069526	0.692680338285021	0.707902828739143
0.776228412279188	0.777224056858356	0.821076869740036	0.809978508011531	0.81423919229714	0.813201409260441	0.917940450383257
0.708582899048946	0.709285447120943	0.738326744723409	0.730081653429337	0.732128751758906	0.732523149242487	0.809135485053546
0.716662612255744	0.721162545880507	0.750835852328364	0.752324635237553	0.752988379512791	0.752169004323238	0.831810171508829
0.873029941802039	0.873230313576539	0.917157790351391	0.970334978664503	0.948899503644963	0.951010416488964	1.11512165214328
0.794287603877494	0.7991243415681	0.862123025039243	0.876310422833238	0.866632414264695	0.86863182319196	1.08816456940753
0.764787540325231	0.769145566071294	0.82649483305456	0.822979273224641	0.827399334562786	0.824347484710885	1.01882230079439
0.760463598981562	0.758139012250318	0.806504874027609	0.813276216712943	0.810716605607938	0.812422033487035	0.965369859004703
0.710214579167816	0.710409789367939	0.73980358523724	0.733769052529264	0.73228370460809	0.734689891603337	0.801864909659817
0.71056044512305	0.709770649417958	0.737820424520123	0.734375938542456	0.736853035402161	0.73489521149203	0.805962806264826
0.823190608003559	0.826661753254294	0.863969785105315	0.897929110143	0.883781326213286	0.889496303694815	1.00315442964022
0.666278490811772	0.666840744660292	0.679301004511311	0.676806544945577	0.679723569805122	0.677510291202551	0.718429998405598
0.755610351123798	0.756493217708349	0.792181184160543	0.822319947102108	0.805130522797355	0.803488416958432	0.918965036164576
0.869650211708078	0.876034348494209	0.934083566214638	0.992379727167287	0.968156707014733	0.968530238372119	1.20409794787031
0.808902403666119	0.808505447821773	0.874945743692929	0.883215312140597	0.879243546476519	0.882298734234804	1.0681483758196
0.628937877328371	0.631819312442289	0.631919275436262	0.628187085310585	0.630104784510948	0.631045502638871	0.624570088752455
0.686299490657595	0.688891754030404	0.710719426223935	0.715258200513547	0.713837016279781	0.716797854866519	0.803322495708668
0.634376826163794	0.636023477508145	0.63409465311379	0.634646689975673	0.633858555563539	0.631207669127671	0.603491379824719
0.747021275782253	0.749085251688165	0.796369719698494	0.791627161789544	0.793721978953507	0.795784764659427	0.926599727862203
0.722262582034701	0.723310059371619	0.751847298646638	0.749538122627628	0.749095067692584	0.750916306031078	0.82592384752586
0.712430907294845	0.711601320150487	0.747499459868167	0.740457167849827	0.741748757348475	0.743658096335396	0.835346520655665
0.716037718975339	0.715717520273222	0.756129105915257	0.74404384093701	0.747413815863759	0.748892222605002	0.876631615304065
0.757909904734211	0.755521204328382	0.812039062007665	0.810916729983577	0.809473411684546	0.807239074092424	0.9825113968413
0.860392843042376	0.862007851650426	0.917637274528845	0.966151126754147	0.943447195067402	0.950308651358243	1.1334057647314
0.744640889845799	0.742513618071044	0.789740183729581	0.786864565994865	0.785107870770825	0.787831278991883	0.929560358785421
0.802783600029206	0.80028232149382	0.869925116206125	0.890385827127742	0.880764142144426	0.885287917270662	1.14966256283434
0.780824470495694	0.781323415882213	0.824170857466681	0.840368573906916	0.836326477587426	0.834880676317671	0.931261292157126
0.731943988992763	0.735057942376161	0.767423042819703	0.761596234209321	0.766084678204621	0.76331013011647	0.858266620189536
0.66790124507834	0.667942071892069	0.670688323772392	0.669484406695095	0.667045682553799	0.669469955650178	0.655379259663448
0.768503780294642	0.766257198863459	0.827924448127357	0.835080137948008	0.830979518077288	0.829919436136756	1.07168198964184
0.817077083884403	0.815086042661409	0.878814449670078	0.895578300740286	0.887867128981762	0.89188244582983	1.10699132670204
0.79191989284896	0.7892471770846	0.843737024822982	0.864972922941336	0.855620891505434	0.856820435217729	1.03146559710914
0.783468697360819	0.786327343046085	0.819942517563847	0.842032870055819	0.834341520133449	0.835942464322463	0.922314441406375
0.771604817543237	0.768453597629649	0.822087288656278	0.820656791175617	0.818820908770271	0.82342739911187	0.973900676861625
0.686088836089419	0.686133215285076	0.708094140381131	0.703313896562877	0.703829492053059	0.703875962680709	0.771296121305179
0.681885679752855	0.681379390885176	0.695765681042214	0.692427620524933	0.694716893219689	0.693895109089133	0.699032012677129
1.14790475334312	1.15393115453679	1.05203771912953	1.19781536228367	1.14707348712216	1.14519774576424	1.31100612481027
0.640303824120351	0.6414008638215	0.644571687664509	0.639117256759439	0.640817831787232	0.644232656936042	0.651722198346005
0.784307093709293	0.782174843009146	0.838509186364136	0.845836708871692	0.842040503956319	0.843838698211969	1.00117304295324
0.747234862699178	0.747927298661144	0.801622337380767	0.802104132399347	0.799552758839434	0.80157799631207	0.978925196751079
0.782716681788726	0.78170104697888	0.818091442918242	0.86362668862544	0.843514714611232	0.843009983450586	1.01412862806535
0.757202954561014	0.758605572666764	0.800505560669075	0.803688983755321	0.800907712109234	0.803596940674187	0.922292522709989
1.12972886904169	1.12821462779129	1.02993663571737	1.16738571747676	1.12413513813973	1.12263270269353	1.27921423369278
0.736152198824046	0.737616537475543	0.775381537347423	0.766354060856634	0.769312968008245	0.773032230212516	0.864848955265863
0.733705488813418	0.731244191393706	0.77623761617863	0.769722743474466	0.770822771666863	0.771824881260163	0.909381029957271
0.81038259714169	0.805648273575075	0.870253143893502	0.89745498061796	0.881743849797594	0.882096047996989	1.09626450343264
0.753082852213396	0.751421798670669	0.79607177108441	0.792823310942716	0.79196789548419	0.791559374601014	0.914050326645844
0.874830455954361	0.871599779440453	0.936348540640851	0.986131608313581	0.964591408701118	0.966790994477976	1.18620177364043
0.66226324249511	0.663806981335173	0.672345422487289	0.668443976663857	0.670760573831546	0.671279272116427	0.686985286627218
0.821350778791993	0.818932455003959	0.876567854893166	0.889972408955215	0.886403141027326	0.888245884744908	1.02576937024174
0.798737628026955	0.801660791075938	0.859541407637434	0.868926387577864	0.863611685448871	0.864879498877747	1.01277826793834
0.761900737402136	0.75637821772724	0.792400898325857	0.821796607062267	0.807936928510347	0.803321799317248	0.9260259862945
0.558636687075996	0.55995607946114	0.526034869598306	0.52460133977752	0.523338851595004	0.523773066398199	0.400243992249102
0.691136195777079	0.692262846378055	0.707863252002667	0.704056577819581	0.705515496776085	0.710003943492391	0.73958854656286
0.710001661118631	0.712167757699793	0.73438777209556	0.739348575520538	0.739247469044804	0.737136038164183	0.800761013543541
0.835902978785474	0.833176317925616	0.889113329344684	0.925082076346052	0.908863226650023	0.912187673332941	1.12108918197609
0.643308007746692	0.643526871839307	0.644100584113107	0.6410588660514	0.641995570738073	0.642783311925938	0.616792973951264
0.830489260654749	0.831224740496287	0.889102572049309	0.90914600844171	0.902386635662827	0.902383235398314	1.0487367625766
0.782763276266479	0.788188053386364	0.825835978533296	0.854343334616791	0.84230280123515	0.843391288022345	0.99548867357617
0.739595789567575	0.741642034830854	0.788195706849775	0.793257770967726	0.792002113590044	0.790881179562572	0.95511317232579
0.750174507292147	0.747265204978905	0.789572463952453	0.776523500303577	0.780318714385007	0.78296488944806	0.874637141101393
0.816032952797813	0.813366749166006	0.856705370449501	0.891343357842719	0.881128088358607	0.877120277463638	1.00527550390347
0.721314446263956	0.720293259644919	0.747882775691697	0.743698383961038	0.747126552888628	0.746246517504553	0.815289432104049
0.756437658490889	0.755928332748641	0.795271951856376	0.79113322503847	0.790560861681475	0.789392127974031	0.876729650232882
0.676333103836361	0.675851848890522	0.691514441377868	0.687265708974386	0.689246079559137	0.68579272927349	0.717667541059279
0.736528802757792	0.73499644800604	0.775188944635317	0.768658952816502	0.769780053623967	0.772850089737576	0.885042810888334
0.668086278058299	0.668732917600541	0.681702136171197	0.675441730143625	0.678391226009789	0.678866180682835	0.70571939881451
0.816729038313792	0.818943804901709	0.877778449649492	0.899080184887084	0.89064975467043	0.88936346128239	1.05297197378348
0.656384249023928	0.655955507074965	0.665481305885192	0.660273503257599	0.660833267009978	0.664904245844492	0.684434217319696
0.757699512493296	0.760206908069309	0.817482746098817	0.820406095328785	0.815114858844149	0.817769110434489	1.0189614107354
0.724389893372899	0.72558633813817	0.758952463004277	0.750567407235185	0.750467527485945	0.753848417951771	0.85016237315581
0.835929150153094	0.836132517448249	0.890879899681672	0.912961057164358	0.904471826438169	0.906112837439626	1.03709847962162
0.776060868295659	0.77437598442881	0.827746726327804	0.830247413478293	0.829393404152505	0.827774625361936	0.969632019418291
0.993883735396478	0.987222155452206	0.998984605904497	1.09653746758543	1.06248135593214	1.05862730428841	1.25725278706853
0.723135119620822	0.727479784376166	0.766249287983196	0.761976524044107	0.762969458272255	0.764152019674008	0.888647603447264
0.668136118685086	0.67052965527811	0.684888971463031	0.681287377711584	0.67975407266302	0.681905361444355	0.710611648142213
0.706223745486134	0.706585056453041	0.732586917772353	0.728536020801525	0.727528096715449	0.72726960061879	0.782243809977093
0.642994086317906	0.643900462816309	0.645561928080795	0.640493421612056	0.642487542075029	0.645088274751764	0.626502801893652
0.737529738259614	0.736211703506851	0.78559292095402	0.785312949621519	0.78079690349591	0.78384197858486	0.974482496889612
0.794228125926418	0.785445491928521	0.845500098841457	0.867036249892217	0.854937726861959	0.856680450548878	1.04441673954395
0.808243218516385	0.802860725331559	0.863627109794688	0.88170122136106	0.870552900805636	0.873629824245867	1.03579926516491
0.639016146848648	0.637496509721926	0.638467376780325	0.637971414016852	0.638894605573251	0.639292659118938	0.640333019841244
0.822778943294223	0.826107346781282	0.820069355807182	0.852154379670198	0.844843850389096	0.844822841798094	0.883583154392505
0.738958643732261	0.740623562555365	0.776992296726565	0.774996369083439	0.775031569244615	0.773878040194458	0.870266490612352
0.801980019566823	0.800453365835887	0.849927171616365	0.864753859387604	0.860122396040008	0.860010104516592	0.983887603762362
0.821628895114894	0.816379125659672	0.886447482199896	0.920175770173411	0.906143086892914	0.900586579596247	1.1633634946369
0.849066966583036	0.84889730534232	0.890058271059599	0.931536464547517	0.916782015403228	0.914315232346508	1.04632693845542
0.738541388259159	0.736740296086294	0.776534232526682	0.767824231111346	0.772883062409684	0.771428582360724	0.876855414390242
0.702297534616152	0.702057043220131	0.726608787540711	0.719321273669509	0.720274850227356	0.719537449450866	0.782720785337055
0.760773710314961	0.763089905637035	0.800832005543886	0.812808366738903	0.806769697321515	0.806757580316786	0.908348188177308
0.718531070659535	0.719003877704866	0.757904681369641	0.747824971877538	0.750328167580836	0.749720419558947	0.876525320920617
0.714072578960807	0.7144283022676	0.748291997371617	0.746484467814239	0.745004301195636	0.74439235229515	0.828109503505321
0.825141536834625	0.826811427452569	0.889030161015336	0.921849280405064	0.91340379684251	0.908319929054817	1.1078410666029
1.26380177164273	1.28441063887517	1.04260381513665	1.28809539321605	1.19397040541021	1.19130660629963	1.44349140854505
0.769338330802759	0.773337924467448	0.803500504547407	0.825390131988113	0.817018204720918	0.817357339876203	0.896748880063366
0.871058028999659	0.875646901685966	0.886515845811773	0.949769582131635	0.925976952687494	0.924265778396932	1.04665842252927
0.65959178554721	0.659088014973511	0.67143793828331	0.670768262434062	0.66951550734658	0.668466547884799	0.70342016544485
0.743090677892037	0.74498833266824	0.797533845983137	0.799330633265339	0.797846477676397	0.798961121098314	1.03570574123385
0.831464676149149	0.835907080718601	0.888296449326337	0.946223979856913	0.923075350234674	0.923952903133116	1.1466881953252
0.862491654956103	0.859120221657293	0.93033740349277	0.96383134247865	0.945423783629735	0.950657032174525	1.16263637860251
0.682420378401963	0.682325472362335	0.703330414788317	0.704922671910013	0.70106616942504	0.702641013473832	0.762210669761565
0.765267169298273	0.767307067839888	0.810178381134066	0.805231347746586	0.808210351055721	0.805682874607806	0.909781987719959
0.693088992006373	0.693778604387292	0.717468374850457	0.715706472207569	0.715751724464412	0.716826676497748	0.797091855809807
0.660715825570216	0.659868181894764	0.67460932015883	0.665944929413816	0.667205575411971	0.670348116440827	0.686167759254463
0.722637254955944	0.721974762716331	0.760202303086377	0.759089245481045	0.759947707294035	0.76317833598616	0.880273940209063
0.895645873216491	0.898993413870266	0.958767410368471	1.00708019556983	0.990800099420823	0.993485069700249	1.18991230727404
0.887101525384346	0.890671596144989	0.889822589749736	0.943844822544323	0.923253177179493	0.919022107439031	1.01187359760168
0.815631831057969	0.818593094613108	0.848346227992531	0.894537572107861	0.869817058977119	0.871020774029106	1.02576835417336
0.782407324206849	0.783702191852513	0.824775923587892	0.828594060383773	0.831135061546317	0.828501886350055	0.92495842266422
0.710837157707118	0.707016251327682	0.74329438022523	0.735894036088862	0.740179038929953	0.742035004826876	0.843335943889493
0.835256540815764	0.833068283415875	0.891467697868907	0.924664553865828	0.914238938808456	0.913866423020085	1.09866838504868
0.65071865964777	0.653164636347591	0.665303669156579	0.660512586153318	0.663822291252685	0.661456524927679	0.712669855041664
0.739663901306552	0.735079046369442	0.753689243714971	0.769671614120947	0.764907385082738	0.760202745904728	0.800021209419052
0.697853339280604	0.698803978065417	0.718496548183805	0.71891280498694	0.718316299440833	0.716521168865877	0.754949518200261
0.745443277320109	0.749480964469666	0.79200425440085	0.783696265547055	0.787250464730864	0.786665732672833	0.907369207632101
1.00283351416555	0.995855183873398	0.978211746399374	1.06996686318451	1.04192823620185	1.03944746257534	1.18199170476796
0.639316683295704	0.638316920712742	0.635439877195166	0.62743765055875	0.63041351814776	0.630770227289805	0.58659723713869
0.726005206105127	0.726582572832146	0.765643501319937	0.762325474413949	0.761821728636456	0.761431487233859	0.869671296933307
0.806706945194765	0.801799682477742	0.775859507448391	0.836131552078257	0.811428889416804	0.810291185644076	0.897846480905327
0.790915926721133	0.794104746926878	0.855435413617685	0.870290269261598	0.858434871008338	0.860207322468061	1.0735746730305
0.718299035427986	0.725081686318991	0.75120691553342	0.758929625213805	0.75402227107803	0.755074760968401	0.829613191967489
0.701733839030262	0.70391737890785	0.719739554902774	0.719297783090835	0.720195831944401	0.721378116844121	0.732770226252695
0.842879268890767	0.84092063272676	0.874637307801151	0.945874036518714	0.911061939131471	0.91456690381971	1.11775483853634
0.696356558188085	0.696621054344087	0.726397073408223	0.717605805029952	0.720745194326899	0.721455764145561	0.815397359843173
0.803568913753385	0.802349289740319	0.86651804466939	0.877254323083032	0.874241470910529	0.873200853173164	1.04663457826712
0.713577377416193	0.713823151308422	0.748133401753328	0.739166255035554	0.741435799478829	0.739610799203562	0.839403528821199
0.737530860249569	0.737916202059164	0.784652094433323	0.778669576473091	0.781188965855108	0.781837306741101	0.903198294498946
0.794661516153323	0.79107447094356	0.85717214091958	0.864085499837594	0.861025252670014	0.86171373177463	1.07241227084405
0.662428352481835	0.662530551083378	0.679228060559703	0.672912362063583	0.675047909783927	0.671714138282027	0.717548121298468
0.698989605071471	0.703469397772792	0.725642355045302	0.72317317838879	0.723135017654657	0.721671810148718	0.782591559943519
0.641491857423125	0.63989375198647	0.637545893336732	0.631364764047762	0.632994749479788	0.635911987394766	0.59465843387339
0.706592300027013	0.706870348334009	0.728758590723793	0.720758214949908	0.725503922084837	0.72441336288303	0.777209344315144
0.679022371536513	0.677442038232392	0.691220034871198	0.690502872561375	0.689512805504922	0.685050784989257	0.700706095423457
0.785794443622147	0.78733993078292	0.835462050403957	0.852532100972485	0.842186142745164	0.844785519401937	0.984191369097365
0.686185350171512	0.687980785557618	0.711926589414625	0.707358580274029	0.707848908545316	0.711276985307399	0.796785506435341
0.726472974685066	0.727024315325837	0.758749563139419	0.748426559145126	0.747870737028094	0.749300299459792	0.82080319672534
0.752424473848962	0.749639630058317	0.792251681350805	0.788328355495625	0.78979822160922	0.790218850981854	0.899766544857509
0.733644490660954	0.736247336972195	0.76062564312293	0.767899643712363	0.764481255704662	0.763512280817396	0.810604350865947
0.706160224187012	0.705058460328057	0.738142047565559	0.733149597948016	0.738269353732084	0.731410899331622	0.843383104381425
0.815743284588937	0.815464334300014	0.880043689454912	0.886110336838243	0.881736359986053	0.882782692372279	1.05994520871559
0.739460589586436	0.740039070127332	0.789194486215553	0.789402653658376	0.787020645953788	0.789476315173875	0.977697510397599
0.800946588783927	0.798083282874139	0.834323319838305	0.878329221897104	0.857269182550408	0.854453352879963	0.994147731007646
0.754961244633741	0.754992716431051	0.796282787154797	0.802057295270929	0.799948384578681	0.796731365077731	0.906953413292346
0.745079910220862	0.745633756703948	0.788617314384569	0.779296704199351	0.783600690575423	0.783489978129912	0.906979876731539
0.732534460768777	0.734124937572687	0.764444069091452	0.759875291713035	0.761162866885907	0.76096802532275	0.818428484678674
0.728651683862992	0.7277382011979	0.761140141255646	0.75430913593011	0.754029035357227	0.754480807752218	0.834267184261922
0.748673208726463	0.750095764292971	0.789153271520484	0.786673899510414	0.785060090681138	0.789465861390084	0.874263797919162
0.603666873898874	0.604667372041076	0.58714918173878	0.579294584340301	0.582818309579024	0.584723645165906	0.497118284613725
0.789051836718228	0.792443527926607	0.854853780207493	0.856106689019503	0.853512167728974	0.852083782796124	1.03569217907316
0.550335013218324	0.550179025282005	0.51125959499231	0.50838380324239	0.505564292898061	0.509150514115174	0.366339904364477
0.781772012614337	0.782130455999219	0.824439848968208	0.845682234711798	0.83865357143667	0.839071612232432	0.959567404493958
0.662778999530543	0.665273785369299	0.672870591480409	0.66989181371078	0.673263082756844	0.67248635141274	0.678121296517367
0.827576865573638	0.829165786041845	0.89973467457161	0.91966989774761	0.905770736235745	0.907879944857177	1.11678833616129
0.853109432752513	0.850313262761354	0.900163454914993	0.926265414897503	0.919727473415198	0.918760304581299	1.04548629603158
0.72197853090519	0.721034885612982	0.752741040635867	0.767131527267195	0.760967642262693	0.756617601918225	0.852517040016201
0.77722002745426	0.779480764943151	0.841571757264231	0.837101922975782	0.837304800827939	0.836213997454592	1.03028056534471
0.811749105376422	0.810853638914198	0.875049017875372	0.883436767756825	0.882106442497855	0.882088263478238	1.05923388526202
0.807788115664419	0.808498449451362	0.80797538113093	0.853572740208853	0.830878948109017	0.837553832221904	0.898188010791111
0.820278254034407	0.818801345365168	0.879902091588133	0.892791695937149	0.883771090413827	0.887096766869728	1.05586478094949
1.00138040274321	1.00201793491377	0.920156923954478	1.0254324607508	0.985218816666905	0.99149302790717	1.09642156640959
0.770478600086998	0.765109126241737	0.826352921537471	0.833353395646679	0.82678980180079	0.827284792269882	1.0324989419498
0.691750273785086	0.690209759379014	0.709461046140736	0.701868914318892	0.702196421416821	0.704179331741518	0.730342370548306
0.754924895763966	0.752656042418154	0.80265321769723	0.795164374330926	0.79958431622594	0.799253767743779	0.948573857484891
0.810997120806325	0.806475042141442	0.867644518834966	0.893553128133893	0.881003941351651	0.87984090739517	1.07595767915848
0.755611198549845	0.756067572136449	0.800919864181541	0.793116237310995	0.799508424870569	0.796813509602389	0.920096783163275
0.785207611217558	0.785766547221321	0.837575360569927	0.860480407007171	0.849955370676126	0.84713865777003	1.01190463562106
0.82032873372806	0.822540205444824	0.86098183891564	0.897918325106626	0.882812745054641	0.886844227522472	1.04131541930418
0.739671681811114	0.735671932069743	0.778683945871161	0.772465808888814	0.771719968333499	0.772070690680144	0.883895253758055
0.734969549739469	0.734714296242027	0.773799302693065	0.771163310324678	0.774492493060291	0.775718283899154	0.886130559215357
0.759719937523195	0.75935202677876	0.799948850964558	0.805737829138766	0.802295096435838	0.806761613215074	0.919933490902271
0.823275175694786	0.820535037799554	0.882512930412468	0.900428288997879	0.893455940325631	0.88675218157005	1.05070364327826
0.654746645157866	0.654744166254748	0.661744003556926	0.658328056844732	0.659786107530398	0.66056098970448	0.678502140615497
0.717637275539054	0.716263990003826	0.745692887397409	0.746103629332393	0.741661899855202	0.747501437758415	0.814036321567233
0.839974361623306	0.835700589448092	0.874593064148575	0.918987540176749	0.898710743028143	0.901538297725884	1.02744909900706
0.77626296418305	0.780143461439508	0.826905052802528	0.830868953142329	0.826416639711012	0.825657141587567	0.943049655111937
0.750374444052441	0.746540397213189	0.796521049929877	0.793628457982696	0.794172167502615	0.795348804530887	0.935737441983272
0.770104176185702	0.770031347288024	0.818391192212624	0.822769348540145	0.820887131197372	0.822425413826938	0.954220553161252
0.689598702794091	0.689536631668109	0.708735354876541	0.70849030173805	0.706217681917846	0.708578952901465	0.754936854548825
0.802576639690382	0.805082543245372	0.855910747874952	0.875707823750883	0.868528792711224	0.869469507828677	1.00644035172198
0.764922268361807	0.765785096364312	0.820971242895967	0.829740716913471	0.827579947107569	0.827969375258305	1.01802150438127
0.720651530884015	0.721202076825191	0.748949865234665	0.73994807575653	0.743197083803232	0.743741009677369	0.810646727677872
0.771781078625238	0.768648177412773	0.815025795433558	0.814004536809466	0.814382275440452	0.812964031025317	0.930196094962333
0.710382294566318	0.708452390912791	0.74697999308294	0.740661851211656	0.743858474926296	0.744476474979858	0.867753010482769
0.884770280206237	0.88300832534046	0.882929393436537	0.945822850086237	0.922230542904612	0.925387404632714	1.02826722104566
0.802704541585173	0.80287388907122	0.854453583230964	0.869276703438041	0.862402405979257	0.863906185958824	0.994669273600544
0.687815693873456	0.688791599419887	0.714613823550883	0.708630004753597	0.711472832454012	0.712183175300061	0.779383886324477
0.655196720237879	0.653541620822643	0.667302560393118	0.663782079160363	0.663336273226662	0.665365700299961	0.699239100832291
0.746597557931826	0.747971711533689	0.79135001100864	0.786314828410453	0.791319538008997	0.787438057131376	0.906112394927963
0.856305287836475	0.861874520483418	0.925966760384969	0.961530748629897	0.948211292225274	0.949750547700552	1.15355492909596
0.752607786166017	0.752796349053339	0.796855369493226	0.793759132704315	0.794272388749951	0.794710823388498	0.901997209730074
0.707129466055112	0.706361195015777	0.725499987543442	0.71972187239779	0.720452915734054	0.720079755621583	0.747439500368922
0.722641612454912	0.72001897033331	0.739730968313582	0.741649492332141	0.742146907653886	0.737794857478434	0.75534472783346
0.736023904676101	0.733263962342202	0.778458643866659	0.77059516323911	0.773779230968653	0.770366382690711	0.893013950625993
0.757940288767854	0.761407249387612	0.809203607967698	0.811751345047129	0.807824779142792	0.808222342716777	0.941132419235936
0.704066305536922	0.702561251692013	0.729707953362777	0.722315839591005	0.724562526236865	0.723302147919245	0.793831330517831
0.646026467389995	0.648140712751621	0.652147218651953	0.650128553382043	0.652136805391175	0.649965911189441	0.654321569457542
0.7474578367631	0.745383921073033	0.790478505201786	0.786659415987041	0.789530442904941	0.789858942419218	0.941093090265016
0.714119664876	0.711109375913603	0.734245915824142	0.729447686412747	0.733252031421429	0.733890189279479	0.773350824629855
0.645947244821432	0.647145385953823	0.646760929563197	0.644402362949568	0.642572550422206	0.645574731717447	0.61594459548363
0.767856705407881	0.766308489808406	0.815139209134908	0.808384183102145	0.808349079354063	0.809985452969502	0.923304053490059
0.727867420858263	0.728687122152422	0.767196786137386	0.762177999515822	0.76192668226632	0.76345606188144	0.879380318172216
0.699538455078905	0.700930887628367	0.728728564565028	0.724811252020568	0.725535556114499	0.724452050993221	0.809725989935113
0.641322010389393	0.639617410817045	0.639083540780059	0.636952420373676	0.639283634030718	0.638530958334121	0.625206007357947
0.726886948964708	0.726156200890106	0.755731094282661	0.764654772540913	0.760862356508099	0.763524979780279	0.826189840216364
0.786676679361768	0.788447707117209	0.844980000167248	0.852434849129191	0.84887601995658	0.849611449107686	1.01974698077877
0.659956159598482	0.656367628670713	0.662847269822718	0.659840691406083	0.660421856664022	0.662659069877285	0.649822521915965
0.871705458639375	0.872494180839397	0.934155690102236	0.975689972071779	0.955921572513019	0.961027393186055	1.13733357888556
0.700425351001846	0.699363802217793	0.724998581020825	0.722816631372715	0.723285191529476	0.72018288170065	0.760521190294462
0.812051203620994	0.810177790066871	0.873705643365014	0.88850950788093	0.879726192657426	0.886440201978227	1.04861713430462
0.733907716317134	0.733166724884831	0.770634590020051	0.770727033441968	0.769518885058449	0.766815082448625	0.855516945966169
0.755728687509937	0.758682899739998	0.799434113494108	0.796108528572534	0.799864460679133	0.80019184396952	0.903867882697892
0.857258692250153	0.852224790076342	0.920801642956082	0.951365785711603	0.941861789932426	0.944427876789063	1.12492010254992
0.787390384922355	0.787837310430123	0.844160453038795	0.861820607912286	0.858248974786181	0.853582361379953	1.02586641707249
0.738710070374552	0.738874305697648	0.783236681304482	0.779813519782061	0.785696663420726	0.783829397219496	0.930512567554455
0.765367822789979	0.768051034716822	0.805510215639364	0.816845877847549	0.815467224341693	0.811304519148865	0.90152790852674
0.70320946666324	0.699128028153378	0.731170160019555	0.726600519270269	0.728009181037409	0.729501750861953	0.82082975828422
0.746594831132251	0.747374111639278	0.794327725687163	0.786672337096476	0.787379542702592	0.787300055070325	0.924035437322476
0.987751320452326	0.993865833739203	0.947816071297492	1.02601723968395	0.999046150501673	1.00017799593058	1.08944490173711
0.703635039356339	0.704024167234987	0.730400048335993	0.727596259004102	0.727930946440529	0.729777231365876	0.763772308199712
0.678752027809709	0.678145466547932	0.699309954319233	0.699333018515615	0.697334841564603	0.704396550855557	0.799569655671431
0.804062061229498	0.804046248271316	0.872254474028136	0.877101001826902	0.879194564459592	0.877436802044765	1.07483765652845
0.82534858512808	0.825348268399761	0.885257362316166	0.921075675619669	0.905066715319906	0.901741684686289	1.11954300759445
1.13483029218413	1.16334439805343	1.02749023508813	1.22529245651457	1.15029733335565	1.14511162721388	1.40672505877972
0.793468825567433	0.793853470251657	0.847804111637941	0.871707379943126	0.863340974858407	0.860318088724712	1.01919602294766
0.750892705764113	0.750842683247784	0.800264847881281	0.795331074813395	0.798306427528008	0.797301264942622	0.953829403459563
0.710771840161253	0.709152566921816	0.739436184132064	0.73220185196095	0.735198099271493	0.737103465207293	0.800326633543056
0.731105335476392	0.729205675110028	0.771977505334558	0.764760783969039	0.764153305433206	0.762280049922485	0.888544288560271
1.04829200571997	1.04302762013242	0.941519335264882	1.07997458587839	1.02650992085829	1.02365656084827	1.21115293358463
0.747362039918187	0.748651749254266	0.780783890750594	0.781962049549227	0.782890411057452	0.785092784364958	0.851620662570047
0.772250527938026	0.773824599126776	0.822857278486318	0.820951169758164	0.81904133027023	0.822818164979659	0.95540022600773
0.805154217604187	0.804968628725179	0.847884529424151	0.875930272732152	0.865830380403535	0.865076712055737	0.994761416310297
0.689462887020311	0.691557637566755	0.719211254335435	0.711177288083974	0.714316115064501	0.710679304181835	0.797601297387145
0.74984760256688	0.749691782979244	0.790181282166841	0.794401029141431	0.79310635586561	0.792342151257023	0.901873163484276
0.774787998652235	0.776473724773303	0.824185336467412	0.849944577981228	0.836601834516204	0.835014009706424	0.998145497361115
0.619288344516912	0.616827205090502	0.615728935805063	0.615623737004922	0.616681211552352	0.615319477594063	0.627946113930116
0.742854675563063	0.741381247506973	0.780287175770195	0.782317777228071	0.785541884489252	0.784730660096331	0.872068662624857
0.816950419464561	0.813450602472821	0.874125914063338	0.889458627404279	0.881966545589963	0.879942122676269	1.04089220984151
0.744575895532246	0.74592683196306	0.780208594142495	0.778198446901601	0.782028690721382	0.775371521720595	0.87346755427041
0.613639616869951	0.612445781610271	0.601112379103267	0.587836466849843	0.593892471873965	0.592346073534949	0.509539604599927
0.822193183322509	0.823619201770004	0.886500120258726	0.903118525052565	0.894518836482914	0.893415039959834	1.07755004091125
0.837899699759809	0.835904819605607	0.902256266186173	0.928618893553126	0.919158408253377	0.918389355212828	1.12449783611311
0.871753850728929	0.865743493140529	0.914247635301794	0.954803718040575	0.937620153197588	0.940533032395605	1.07852360346509
0.809168372316881	0.811550430589553	0.830931211459742	0.879170420609101	0.860034181029851	0.858964175729029	0.981164918223136
0.728314193538135	0.729638528222895	0.76665421095527	0.767870990757374	0.768366561428341	0.768640939776827	0.880452811393708
0.705996613508824	0.706155404831493	0.722063035773902	0.721425534091454	0.722359127073278	0.721814444321335	0.737001562800716
0.749740346923155	0.748428171035926	0.7935142056838	0.788393523622608	0.790099686940868	0.790238650390509	0.898770945654491
0.749706167355713	0.750605896924275	0.788773370524494	0.783591353015627	0.786817035336079	0.788211501791575	0.882022581934
0.684951715922202	0.687185565221271	0.709587166151502	0.701780725963639	0.702328063130993	0.707062417859488	0.771415599745687
0.859530153358336	0.860805785531788	0.915357605491794	0.957926707580668	0.937180591613549	0.937495733031085	1.10618999454609
1.06957254329621	1.08098188965854	1.01287733086363	1.13093361216722	1.08865091400152	1.09307682459725	1.23838047005485
0.661482128158274	0.660517791999613	0.66209754164247	0.658840835692218	0.662153300947089	0.660818857115741	0.647483532856604
0.817505210880052	0.819283945527987	0.884592491040469	0.912664864517791	0.899012948898467	0.905242211686179	1.1101757781063
0.637787957867292	0.638217931531847	0.632816340943243	0.634583143814259	0.635158698668477	0.63267071913461	0.61374232407633
0.807883699097093	0.810456899802067	0.863375550000023	0.883282273840767	0.870464119897707	0.871521712429253	1.01552373897025
0.693354992802027	0.694666781001229	0.722917949219514	0.719304214270017	0.719766764216137	0.718959865696063	0.811145994018958
0.606124167489548	0.604432573490883	0.591268370027456	0.594524993647208	0.594417171052116	0.59506313763233	0.557295816613776
0.682766349336021	0.68607515810967	0.699357976034995	0.699394649368859	0.697999593062252	0.698276834361996	0.732745690255468
0.710320680225962	0.707988743958191	0.738638802534938	0.735229799931428	0.738106465527835	0.737680167475662	0.809531866315067
0.855371556870846	0.857880274340675	0.905033052737394	0.969909433263148	0.939428765776728	0.938425299038503	1.16347358229521
0.869203729640202	0.865139656045581	0.918421885438688	0.969639751456281	0.945709625809701	0.945883673898367	1.11295821640709
0.688385948037638	0.690374221784414	0.712866813963157	0.71460445067797	0.713152011548871	0.712348643747526	0.787681367547652
0.752904567297994	0.751982995246059	0.802156684086772	0.800718931518972	0.798459218928885	0.801440320199617	0.956290925427305
0.661492761263894	0.66154023274236	0.677039174588333	0.671970512936531	0.672127005938694	0.675315709205046	0.725517027911053
0.795880515497249	0.796205466921693	0.858364137893809	0.867886315086841	0.865421337104727	0.863303450913725	1.03538364091123
0.811494929977803	0.80989586174287	0.869443720715608	0.861925766213891	0.869389384025894	0.866172093106581	1.00159812665194
1.10985682476261	1.12281514189049	1.02757336326503	1.18724752413572	1.12851862411939	1.13438091619463	1.32923760977557
0.757194017780789	0.756187450795152	0.806872171096753	0.797463432810079	0.798693770664693	0.800417592097201	0.934508429669169
0.746677583007784	0.748165806892672	0.797956784126693	0.792849698698869	0.79361091246838	0.792566617542281	0.966059916360534
0.78157576911435	0.778269277991627	0.831375623902123	0.837678713650049	0.835554385625462	0.837696772442298	0.969014084183644
0.862981334895921	0.86707164526009	0.935686717455219	0.97980668862122	0.964617325472794	0.961454879477383	1.18468157942585
0.675876893540189	0.675448231423168	0.695161333231077	0.68706226153269	0.687242254345657	0.690541983865425	0.744777422426868
0.788659689940712	0.792539034822172	0.83862320607353	0.866793605575326	0.856408862337901	0.852966545929611	1.00748140174626
0.828004286711081	0.82558244443034	0.891471897722747	0.908497078958221	0.902529564524666	0.901991260268633	1.08991201907411
0.695079928932965	0.692833709523802	0.72073346528276	0.712871615832319	0.716706629654462	0.717167398245843	0.778061657097136
0.788936046047301	0.790332376060362	0.839446960731063	0.856252481456237	0.847261763137674	0.846380189485532	0.974179949700876
0.712749407497291	0.71118015540236	0.744380001865658	0.742446399989835	0.7388633643209	0.741674853185173	0.835018477484837
0.809029207382148	0.809809081297712	0.870238833842678	0.904817359304257	0.891497857853409	0.890308121068635	1.12205261949424
0.773318806736125	0.774215229388462	0.829307381112377	0.829746939723283	0.826756288900524	0.829726212101364	0.996373679076668
0.836285141473767	0.840412047760986	0.901713879721925	0.928181747107651	0.920243383877969	0.916346381061894	1.11430987280587
0.685334249666309	0.684337997878604	0.702090787564664	0.698049571495424	0.698532018488949	0.697953568320064	0.71686396457357
0.764954841288198	0.768025142514865	0.806554350743137	0.80625494876503	0.805877293272725	0.802919437135122	0.903476534719457
0.641234160543585	0.643313862780094	0.637594477902141	0.636432967954556	0.637310022759857	0.639702164138688	0.60628081690535
0.646255523369619	0.644194081314287	0.644138646201953	0.630855857628124	0.638197449978222	0.640769047373087	0.587590188138693
0.75749946341918	0.757350098344093	0.812490393198223	0.815176386774614	0.812904355291347	0.814499109821409	0.989726094980625
0.744086845821907	0.743966127519923	0.785067150544571	0.784766982952909	0.78579787920834	0.784880635077305	0.901618909962036
0.905383053498787	0.90760933962023	0.901916937433112	0.983407734171851	0.952974402357994	0.953095922113826	1.10304193677675
0.755270595458179	0.75442075768445	0.800041889183921	0.7897324959598	0.79294752720007	0.792434924654556	0.901441367079106
0.657088282019709	0.657515912663946	0.664517797830428	0.650440192846348	0.658296779086036	0.657865954036108	0.617047953799219
0.817370069347369	0.820671775645367	0.8836138769901	0.904376752742122	0.89630077724673	0.892934989038753	1.08646061280334
1.32128278401842	1.32242423944999	1.06268284502032	1.29834380537552	1.2163840102349	1.21882530992562	1.41932257460598
0.812989331995611	0.813252763545172	0.834808356499844	0.881579654394637	0.86065167965831	0.868929926793962	1.00424262615274
0.798583911053112	0.799519719146686	0.846386207033835	0.869161520582275	0.859153138871723	0.862925168683261	0.9977205266023
0.668535499717768	0.669109357059646	0.681892403341095	0.678710842530126	0.676759829609253	0.67805064551444	0.689514420387396
0.648807813682945	0.649804899068797	0.649114517696869	0.647452307637906	0.650383352711351	0.64818102453851	0.624779626157484
0.678418488118986	0.68114214123823	0.694041892221812	0.692700656541026	0.695745870835716	0.696277990785018	0.715986425367489
0.916767030424784	0.920525112054546	0.866016052004636	0.933699119262267	0.914770642649226	0.914234692727491	0.969325437137256
0.681779318756102	0.680983073450263	0.705533526953942	0.696998464983723	0.700860367834136	0.696918174086346	0.770025283877141
0.718428263101262	0.717199297333343	0.745930624669692	0.740901382590577	0.738777195549684	0.741934493106468	0.794599553598207
0.672617777505011	0.6711156325994	0.692481195407434	0.68979311563788	0.68927091703085	0.689326205037627	0.767037012137117
0.869979697708705	0.867647259556628	0.916357186624158	0.966623422440327	0.948467085649053	0.94562657799828	1.11069127956854
0.662072467995561	0.661042188035682	0.669551196114061	0.665858426334128	0.668711045892475	0.666257358993061	0.666380719636327
0.656267708871997	0.655885466593329	0.661577911677053	0.658484038308519	0.663251129988331	0.659642486389307	0.658740869592414
0.697862794300082	0.697880324753885	0.729455038717216	0.724732529727279	0.726778202736854	0.725513473426286	0.853359374381114
0.71942093836907	0.721367250522525	0.759755974649319	0.752868413328182	0.75629904464742	0.755179609633078	0.877518647232972
0.631100136298662	0.628954229023905	0.629483553185729	0.629955112183292	0.629447287374594	0.626949512691777	0.615654851696596
0.777617007374578	0.779576207864294	0.833688386331515	0.833013529761145	0.829911032268147	0.831276527594017	0.983990598936758
0.696368535318451	0.692945940117946	0.721528618986097	0.730439803494184	0.725057766238884	0.725844511069877	0.856483866840424
0.592850542834649	0.595850524888954	0.575537458137604	0.575406049345418	0.577806414016207	0.574873369723744	0.490644754194818
0.68003859259751	0.680592687661997	0.696870272139269	0.690780068377687	0.695432407756959	0.692688365629456	0.716102879999382
0.739040288919425	0.739832606132697	0.788342245654948	0.790097364726002	0.783126563791484	0.784408746778069	0.963491839976458
0.639344834707409	0.639785799267776	0.636635903062631	0.631990279934565	0.634659416798306	0.635507329544008	0.607922871293636
0.813564387500153	0.81465568607229	0.8689514091991	0.900765851946705	0.885679512193425	0.890605835553892	1.09236806311342
0.792616631768925	0.793362003287305	0.851069257482846	0.862493136546373	0.856989723540589	0.855502688270881	1.02004377595479
0.646973863143567	0.650753753727701	0.652235588174354	0.648691033299766	0.650204249270849	0.649299813607488	0.633586240361509
1.04458995246552	1.04047383435488	0.955585216823983	1.100521858415	1.04107328131947	1.04270870565789	1.2129126694871
0.903062987002664	0.908251087432091	0.92848687052346	0.993465534464303	0.970068822423161	0.967563540499422	1.11534390761559
0.834799743761461	0.833651041137849	0.901812989577259	0.927085314950856	0.919070293561776	0.918264208750848	1.12231211636584
0.634665763771163	0.637307967505057	0.637649779615274	0.621167328554445	0.62692275961542	0.628721084779662	0.573376955977459
0.831108160168115	0.835589098975793	0.867361809240138	0.914980526379972	0.895308649598944	0.897206642341711	1.03633478818794
0.722827879452213	0.716460821983593	0.740608799945998	0.743833346590506	0.742036773078484	0.741172688310501	0.771203397818353
0.83671088115412	0.838270393948946	0.906529165845555	0.938783381341013	0.925402763752264	0.926447695423422	1.15523948226506
0.822383954720641	0.822898627769249	0.880262875791487	0.899043960477751	0.893317645848973	0.892666854733258	1.04230521563117
0.688512184902498	0.690799283031598	0.711794081518239	0.704891516200527	0.707528849349446	0.70780907807655	0.777989972402298
0.76471654409364	0.759449432297573	0.810196551545246	0.800645731266253	0.807596665777614	0.807175516343941	0.936476959645751
0.841777438603372	0.836499108508606	0.877654907194539	0.924219709396568	0.902776152354865	0.902954021672508	1.04218875166589
0.894293380376926	0.899307359368033	0.862754959341217	0.931414460237054	0.908899881694286	0.911402338285243	1.00062571938994
0.957251415382334	0.965013435718143	0.966701995700719	1.07185978493034	1.02682066167568	1.03285785729754	1.2278671930075
0.783265527384058	0.783074722118186	0.837591683885268	0.843736776882994	0.842741568405128	0.841293397958274	1.0084489599333
0.895495630041751	0.8959200150804	0.94880885527064	0.999650061367184	0.979374481065658	0.980810776520888	1.14707043093617
0.79360576134441	0.79069798800147	0.852402146043708	0.864945093238197	0.856381308730773	0.855904366939877	1.0449027419483
0.675665636342398	0.675694614752376	0.690980777959039	0.68710945949635	0.689617458115305	0.68546743413041	0.73020164678429
0.715778979025292	0.715843397189267	0.745854272078097	0.745834145928791	0.745952977819573	0.74459996239827	0.827716891816307
0.782914591628001	0.783374192474095	0.829118849060581	0.824833558575615	0.826709336077363	0.826713135561315	0.927060165652421
0.728005043531469	0.729736643633569	0.772287194679547	0.763367304948441	0.770480889886	0.76601352582632	0.905708590000278
0.652033540895586	0.650717801000301	0.661025009293528	0.660636012735289	0.661294243597307	0.658350986015583	0.696866859897633
0.703456258646794	0.701255400512591	0.737515587527689	0.727855318343123	0.730239088208136	0.731156835894159	0.848076256424155
0.757345830297898	0.756685243379181	0.799057035119886	0.80218487965748	0.799947519395237	0.801307337650601	0.900352631479708
0.732689293744648	0.730941075303425	0.760590203688549	0.763992451757467	0.761840370620892	0.762573873647195	0.818560802848769
0.641532611523348	0.64017628490141	0.637644196344099	0.637795718993527	0.637350397743898	0.634972747945215	0.619806185830796
0.700287316292593	0.702675808601552	0.732050161871884	0.725538225756662	0.727351042155201	0.725098945703613	0.812411459789694
0.739245273620737	0.74149115831066	0.787217955239194	0.785527183545394	0.784266147546057	0.785900382219937	0.94534960805789
0.640860632242314	0.644803140426995	0.644285514300795	0.645360420506673	0.645525212790102	0.643688372570814	0.625007131891728
0.752457315788442	0.750717400252471	0.799704924324464	0.793735619618706	0.793815835089347	0.798328766593457	0.938589419945355
0.866824192238241	0.854898089349746	0.872444332325985	0.944533088058557	0.912710481981628	0.913700946560722	1.07274189233893
0.815626797840656	0.814044308247473	0.87243149859913	0.893274686570199	0.884337516394497	0.883198512489618	1.03334603419139
0.763792058452849	0.764619261487846	0.79792474552499	0.813637963810813	0.806243721589267	0.809583538563876	0.887388936123408
0.713942566765492	0.716192799934909	0.745649937680514	0.748108574790583	0.744748987962097	0.745725361842618	0.830996976923673
0.664957044854022	0.660514761725882	0.678829212371401	0.673623176186694	0.675457237267732	0.674776096594798	0.722950921157182
0.822317698766529	0.825001632279036	0.882128585710004	0.897635183267432	0.890361919580792	0.894104213935353	1.04993836654432
0.822077694880924	0.822585972460851	0.882296501431553	0.901408498443317	0.893235071586654	0.898064990496567	1.06430340505996
0.714510032461498	0.712750364144972	0.743290348792861	0.745810449663592	0.741796700784355	0.741777753303756	0.814814573638545
0.852179554908326	0.855368598448451	0.923078220726014	0.948900933257947	0.936659128439474	0.937949400966087	1.13720386839331
0.907287075763336	0.913720651249753	0.93626852614583	1.04858046676049	0.994377649826633	0.992236401367234	1.25446132245501
0.649099541853936	0.649310252953958	0.65994360018403	0.658249134155865	0.657428758372764	0.657026475173722	0.707830166942039
0.921141838901019	0.918423882796442	0.956980234090251	1.0430536732854	1.00951658788922	1.01082482814336	1.26151285434653
0.724987654990941	0.720351810589615	0.758801307156315	0.752431724748461	0.756952394042033	0.755176015394822	0.887273138171606
0.714451623510592	0.714335234756887	0.750896672880879	0.740348480628103	0.741671962715568	0.744710682722863	0.858715047611513
0.744958072368193	0.742988985049625	0.785723256438156	0.781081066062879	0.780812313663506	0.782140005971933	0.89656689675909
1.22493509059569	1.21260917280777	1.03775156261776	1.2349092824669	1.16709025613594	1.16672352152055	1.37247733612043
0.993947001982584	1.00120788145521	0.95661354758953	1.11217193644156	1.04436119565974	1.04944382929556	1.35714363322481
0.66226889607057	0.664410137595529	0.666783199691532	0.659318928174143	0.665879902214131	0.664403864379346	0.636111737366199
0.758343727976836	0.75825595449579	0.799996262351084	0.795804656434241	0.798154779143954	0.797490647382627	0.912268031344671
0.995146890979217	0.99873946381904	0.873516683669461	0.990789201453965	0.952854171231411	0.95627937245446	1.03634252038101
0.67024153899623	0.675046748899737	0.687287566170997	0.683427403810058	0.685110355307597	0.685892672654869	0.721719177601117
0.828078864609672	0.829709929118652	0.897307770078329	0.930673042542982	0.911898285913726	0.91909429581931	1.1546395785095
0.681369496338079	0.680452921392562	0.702074164491065	0.692014165954571	0.697145111790263	0.695684900589036	0.758351350625643
0.759767881439522	0.76150556645527	0.817616141821945	0.816142823727796	0.816726556415537	0.814826645300708	1.01207126718948
0.821998019298428	0.82551252529707	0.85182948364744	0.882501403252723	0.876228406049457	0.873091026343956	0.953709538738085
0.765477222199619	0.767707131418467	0.810113626961313	0.821111979380404	0.81828967652944	0.818145413105507	0.944340733769441
0.697765400314545	0.696627967569323	0.718924071665432	0.714121451353671	0.715798493024379	0.715586694886022	0.755241370634383
0.716924016234823	0.718252187267784	0.755346038533775	0.748707749404202	0.754395036350263	0.752437281133973	0.845437211477638
0.737093026149746	0.738379516284556	0.775542560814065	0.769484266735329	0.772178670266508	0.775075274100948	0.87692203114434
0.785023603254395	0.78427668218512	0.846462584102974	0.86827814434925	0.857526556602307	0.852341515846982	1.06954640727797
0.728009783813707	0.729351543211455	0.762133991049701	0.751754389456817	0.752554806340684	0.752038440391205	0.840681936033044
0.749935133343428	0.749973075503051	0.800016849831253	0.804206585745426	0.80186771905801	0.801196204569869	0.964493236662971
0.735064417085162	0.73255263453304	0.769349297030881	0.776717733808192	0.774817559319247	0.777201654495417	0.856522447403677
