FMP	RMP	FPP	UPP	ANPP	NPP	ANCOVA
0.999990450142579	1.00015250013925	1.0007569525226	1.0004209755801	0.999869234657245	1.00000077656637	NA
1.00049588341914	1.00011290034869	1.00022626070558	0.999943823580265	1.0008630005904	0.999928465924259	NA
1.00024568242195	1.0000808065858	1.00027125303523	1.00041197192158	1.00007421961615	0.999831559879135	NA
0.999925167086909	1.00045001593049	1.00021228029259	0.999855816051596	0.99982950363621	1.00033351625029	NA
1.00032513141185	0.999871348589876	1.00020288570377	1.00042530707021	1.00072762072371	1.0000210341396	NA
0.999946129620038	1.00049210250279	1.00040573693305	1.00060384116343	1.00008173014709	1.00040855980965	NA
1.00037022749737	1.00013468981273	1.00047898849626	1.00084307377776	1.0000799349952	1.00014156739423	NA
0.999867162976578	0.999844946394899	0.999920912180661	0.999855297131265	1.00102104949812	1.00064604343324	NA
1.00030361956334	1.00012402706131	1.00022894989027	1.00037883458012	0.999912892995313	1.00015623062032	NA
1.00004329412147	1.00006366628783	1.00055275193157	1.00021393344028	0.999690169577201	0.99999082635918	NA
0.999839733006627	0.999797533427805	0.999931543052572	0.999852705922244	1.0005541835463	0.999897852256868	NA
1.00034375619331	1.00001549082795	0.999980233647424	0.999898990437654	1.00042090037204	1.00043986494611	NA
1.00008465146754	1.00092380984788	1.00056254135477	0.999985391124191	1.00107612587131	1.00004242423266	NA
1.00014502775957	1.00040671081558	1.00001301591539	1.00018818225648	1.00052914243857	1.00010445545708	NA
1.0003902881564	0.999949331424376	0.999832025849811	0.999922958580636	0.999911665516059	0.999906886003467	NA
1.00001708387169	0.999715846858339	1.00012936327942	1.00003589465356	1.00077833945191	0.999839540997744	NA
1.00054316815994	0.999864538102837	0.999888001966346	0.999733951497793	0.999967571795756	0.99997917421606	NA
0.999970211295487	0.999829558577528	0.99984088695052	1.00047870148491	1.00005235244859	0.999989768918946	NA
1.00019014408479	0.999777091711366	0.999855209246442	1.00026835193524	0.99979914474211	1.00091829077911	NA
0.999734765390867	0.999758811159225	1.00031169927617	1.00086279330954	1.00029517060937	1.0004629888267	NA
1.00030736576939	1.00022254385679	0.999960289871332	0.999994393789849	1.00007094595206	1.00040481360302	NA
1.0001034878411	1.00032495978808	0.99990482624334	1.00033249424564	1.0003814137624	0.999913291749031	NA
1.00002249360524	1.00025178417555	1.00009062766811	1.00007927121535	0.999826746794612	1.00009089620515	NA
1.00017696843772	0.999671031273974	0.999905772235578	1.00084377643666	1.00026729554678	1.00056506969509	NA
0.999897295376814	0.999893275155471	1.00036853367564	1.00090930106224	0.999982143226183	1.00043903652063	NA
1.00045104570224	0.999773071103326	0.999846876120326	1.00060641657351	1.00010189680554	0.999746974969305	NA
1.00012248784386	1.00005774236735	1.00016922840755	1.00052815636382	0.999935207196109	0.999864403090141	NA
1.00014712899161	0.999904325136822	1.0000291993417	1.00046507431236	1.00002324637878	1.00047474559636	NA
1.00015408717995	1.00038967038425	1.00067451928596	1.00049354185111	1.00008845867153	0.999930534896103	NA
1.00009031757065	0.999696925863549	1.00001882076032	1.00022593167557	0.999943206058798	1.00012829806345	NA
0.999961091832272	1.00002513711637	1.00013060896975	1.00077765456597	1.00052935306018	0.999910984094366	NA
0.99999070932885	1.00120700452055	1.00014906246551	1.00008216848004	1.00005456471082	1.0000208299673	NA
1.00000634129657	0.999871430597173	1.00021508135332	1.00062952661709	1.00065813065647	1.00007042906184	NA
0.999980682046372	1.00081289934093	1.00015085371001	1.0006301632499	0.999993819558725	1.00023349659038	NA
1.00083844538259	1.00018695076405	1.00009222748865	0.999726610433645	1.00046126961565	1.00014083988328	NA
0.999863232274561	1.00034122516798	1.00053348985491	1.00018051678204	1.00002569339347	0.999929074787763	NA
1.00008336096812	0.999731371367617	0.999999955134148	1.0003783948088	0.999809111791399	1.00030453267299	NA
1.00042095794828	1.00036906798274	1.00042112668442	1.00038820371091	1.0000746749836	0.999980309630322	NA
0.999813663520888	1.00008067083061	1.00027205753317	1.00001127625234	1.00007947127497	0.999937395127794	NA
1.00035988842063	0.999964880890108	1.00033031088111	1.0006010399563	1.00000424644521	1.00026569969223	NA
1.00000407374307	0.99998639222775	0.999774453081197	0.999787275459385	1.00010644056273	1.00013971348659	NA
1.00028474059969	1.00015407641126	0.99995870276135	1.0001490529994	0.999957231216802	1.00034570610784	NA
0.999874024641048	1.00035429174979	1.00002693169002	1.00042355988242	1.00060501571656	0.999893098175687	NA
1.00027003480948	1.00038555954898	0.999995325226819	1.00061338409893	1.00013862166866	1.00007500207465	NA
0.999867119450466	1.00035284499939	1.00029107585036	1.00011423017991	1.0002251121699	1.00008375644357	NA
1.00040282744894	0.999956073884946	1.00015982051506	1.0001614886921	1.00054670674669	1.0006007159009	NA
0.999899374109448	0.999987087495284	0.999983102477396	1.00088350011429	0.999812004759907	0.999998049485182	NA
0.999925861683147	1.00052216540321	0.999745203150811	1.00045384196095	1.00002621945645	0.999911780540295	NA
0.999876327242159	1.00001953021376	0.999718867735774	1.0004004554456	0.999915820538532	1.0004964351182	NA
0.999770546988271	0.99992868331345	1.00054194262953	0.999786538085503	0.999675041720659	1.00013657924647	NA
1.00008017032205	0.999887455939438	1.00012650348455	1.00011904111278	0.999778251843587	1.00074632687465	NA
1.00007900235872	1.00005847381845	1.00109905895262	1.00056611734816	1.00042095951993	1.00055327364969	NA
0.999855799203905	0.999844839942086	0.999775057003232	0.999980433940304	1.0001492915316	0.999939569756179	NA
1.00016557694547	0.999769841387691	1.00013706327825	1.00045649573073	0.999687422237984	1.00114946450334	NA
1.00010585085529	1.00009492123846	1.00007046735127	1.00031273328915	1.00006041513011	1.00047230907949	NA
1.00042769759243	1.000465175887	0.999895769650728	1.00023938276726	1.00029585107323	0.999768297173999	NA
1.00048600904217	1.0000083239092	1.00094413565112	1.00001835956424	1.00069721334734	0.999665503560428	NA
0.999723262767954	1.00014190179164	1.00009972956217	1.00034460253604	1.00057056699953	1.00042300359445	NA
1.00001648946276	0.999922358120985	1.00005532240655	1.00018384664984	1.00025139246645	0.999674953142402	NA
1.00009175826551	1.00025772883431	0.999817625885922	1.00063263025322	0.999811680541922	1.0003720455364	NA
1.00015452831662	1.00052204354609	1.00036529673378	1.00009204276977	1.00023553482912	1.00006156192999	NA
1.00071462550708	0.999811824292837	1.00032417972837	0.999697646365176	1.00047439815692	1.00024021440752	NA
1.00004484644463	1.00014158850926	1.00109271565194	1.00001755793861	1.0000874724831	1.00005950151365	NA
0.999667870383407	1.0005160814374	0.999881057728133	1.00020038059876	1.00020321831095	1.0002029079474	NA
1.00026478457271	1.00064684283428	0.999840475911033	1.00042349323123	1.00031599108048	1.00005161028883	NA
1.00000920194563	1.00000989414312	0.999739949504822	1.00016072652372	1.00065659887272	1.00017722684667	NA
1.00025775412282	1.00034422080588	1.00001024389233	1.00024658051084	0.99998407790535	1.00043458540598	NA
1.00020564423546	0.999999822562686	1.00006214620623	1.00000321621239	1.00123791853685	0.999945863275646	NA
1.00016233560028	1.00014161049718	1.00022454084792	1.00034198654698	1.00027695449279	1.00003580805468	NA
1.00059366839817	1.0001541272762	1.00032190456283	0.999695991526553	1.00000779354342	1.00016367141512	NA
0.999987218854723	0.999809198940723	1.00011531955685	0.999846235894068	1.00005504488732	1.00032468267982	NA
0.999922483578916	1.00061971170271	1.00021077972194	1.00025491839885	0.99988593814931	0.999829617940385	NA
1.00009537552983	1.00011376217002	1.00017322928396	1.00049460479135	1.00017709093969	1.00041726952855	NA
1.0008409493268	1.00027758764622	0.999988050228093	1.00017456957326	1.00066854907671	1.00008521988701	NA
1.00062905540343	0.9999562513541	0.99985250672338	1.00087975180403	1.00032985236874	1.00074199534249	NA
0.999893549212926	0.999996677385564	0.999753677431342	0.999844328762598	0.999949158170187	1.0003148235798	NA
1.00047989668024	0.999928596259658	1.00030129624861	0.99985616259253	1.00037588220509	1.00004866367026	NA
0.999951289334166	1.00025816528111	1.0006282282181	1.00037078291646	0.999960459292238	1.00021072797155	NA
1.00050759240451	1.00050173872368	1.00011964334842	1.00100036914245	0.999965526910573	1.00033203294916	NA
0.999667137206258	1.0000173289615	1.00023972670877	1.00012602636369	1.00023089975411	1.00079264518263	NA
0.999855921748202	0.999847153383698	1.00004040647524	0.999966344964241	1.00010544339357	0.999787610721015	NA
0.999885262527065	0.999973146620303	0.999855321598476	1.00042745903759	1.0000812495552	0.999942085508896	NA
1.0002558018034	1.00057537241431	1.00021285882889	1.00009409153645	1.0007289019144	0.999912183358406	NA
1.00043567366843	1.00098142652031	0.999920511195265	0.999791274220043	1.00019691804129	0.999861200917237	NA
1.0002750293871	0.999987913148876	0.99981200112279	0.999974684877666	1.00009364430557	1.00007911289574	NA
1.00014754466685	1.00014362463404	0.999905825664852	1.00085426220861	1.00018553328347	1.00069601941575	NA
1.00002344197984	1.00075375209069	1.00013231059633	1.00000016317469	0.999768260768507	1.00021892476542	NA
1.00045154252284	0.999757126175686	0.99987409503027	1.00059516025524	0.99989282115179	0.999929022489126	NA
1.0004116101732	1.0005300065818	0.999803920912623	1.00021213740833	1.00020875829637	0.999918849330405	NA
1.00026422613417	1.0004338912768	1.00010984154722	1.00104657310211	1.00109355401996	1.00020565048583	NA
1.00079433495636	0.999788364088822	0.999968776784524	1.0004680558256	1.00017601498355	1.00006194311489	NA
1.00049165064815	0.999976193964516	1.00015896627344	1.00044209232244	1.00035505593516	1.00031109698864	NA
0.999876498302649	0.999951600288723	0.999896228661082	1.00047701759585	1.00115954010982	1.00023630118889	NA
1.00026822670087	1.00017522543134	1.0001070777715	1.00078154940313	0.999799875271896	0.999807260128902	NA
1.00043314635436	1.00013926923474	1.00021303923278	1.00044867481669	1.00015496405734	1.00019636581627	NA
1.00055806345773	1.00002973547841	1.00044631103409	1.0004730220172	1.00005679080322	0.999976294334445	NA
1.00003429085619	0.999869748859731	0.999928441992786	1.00001956660028	1.000049719333	1.00032504656655	NA
1.00014706507048	1.00029384473582	1.0000458762402	1.00005646300499	0.99993406813215	1.0004654114525	NA
0.999727157952988	1.00004259815994	1.00041210177603	0.999809050938204	0.999909286004187	0.999753838083742	NA
1.00029785890917	1.00009816685588	1.00044240959163	1.00014818597376	1.00018545063922	1.00019821337622	NA
0.999752326717809	1.00065680871464	0.999828103569568	1.00059365938903	1.00134948134001	1.00042508173639	NA
0.99974511247054	1.00029123900755	1.0000806322562	0.99994190360604	0.999734816307599	1.00002457975007	NA
1.00055943775132	1.00026877138367	1.00045871197661	1.00011058411533	1.00016246200264	1.00050078312931	NA
0.999916667124262	0.999667199945165	0.999786780246377	1.00052800374559	1.00002936542568	1.00016327057011	NA
1.00012956062043	1.00014093704572	1.00025002328925	1.00067915411889	1.00015882527022	0.999863710278809	NA
1.00000408467287	0.999848818880937	0.99977578431943	0.999835281863476	0.99989942125253	1.00071398811988	NA
1.00001742671575	0.999944094523971	0.999907933971567	0.999899043165428	0.99987836099568	0.999891661315463	NA
1.00015573879912	1.00002655683037	1.00004238865515	0.999899029615548	1.00047626336885	1.00061500550297	NA
0.999976342371618	0.999745462939962	1.00002787314822	1.00013824889496	0.999822045085947	1.00039912460474	NA
1.00085218443379	0.999920815067441	0.999890190107456	1.00022418492324	1.00032492970788	0.999710402252448	NA
1.0002894443717	0.999893555581587	1.00002642547956	1.00019348903914	1.00025543498524	1.00011797664388	NA
1.0008667396509	1.00195640126771	0.999885255276554	1.00036792449846	1.0001620156109	1.00067426593513	NA
1.00013710356313	0.999943438527519	1.00070406717087	1.0002256854579	1.00026879811819	0.999817963221688	NA
1.00031146174023	1.00045308945278	1.00004561077196	1.00016806014224	0.99999428299408	1.00016506641203	NA
1.00000887411339	1.00123212310665	1.00051385795868	1.00054185721509	1.00006017353997	1.00020584520821	NA
1.00134568632921	0.999931772629718	1.00043038852784	0.99996716362879	1.00086964954989	0.999982663687836	NA
1.00023827614701	0.99989256710193	0.999784887058761	1.00021788566836	1.0004463871051	1.00008406554009	NA
1.00002441223607	1.00009864352075	1.00007981305608	1.00027094092494	0.9999870230516	1.00070653372861	NA
0.999985228044721	0.999780778057011	0.999954299503109	1.00018005126376	1.00026016600668	0.999906024343184	NA
1.00005218573442	0.999834339159267	1.00015523223375	1.00102743361056	1.00053059467874	1.00050710331176	NA
0.999848655348927	1.00005580906948	1.00044894488868	0.999966989390369	1.00009452412196	1.00007502070121	NA
1.00052426404671	1.00148004087341	1.00035474910209	1.00033195677784	1.00013679604343	1.00052430652882	NA
1.00037293239945	0.999958832571289	1.000007255696	1.00006778486945	1.0005159871252	1.00019146727224	NA
1.00003512041349	1.00100823034324	0.999811755731101	1.00004058072084	0.999974155205326	1.00019489909923	NA
1.00006013789003	1.00058106622448	1.0001741729694	0.999976535568641	1.00028333057498	0.999969281593294	NA
1.0004928667717	1.00047756239994	1.00009206405086	1.00030991454511	1.00038189224273	1.00000788170529	NA
0.999810770216527	1.00012761661312	1.00034661722294	1.00048052981319	0.999939361317462	1.0000971095768	NA
0.999924920335673	1.00024539247026	0.999659571851222	1.00070071368044	0.999968907715544	1.00019410863725	NA
1.0002180898155	0.999968145097685	0.999936166781612	0.999970994924433	1.00016634841787	1.00043204321269	NA
1.00024406993025	1.00046055667554	1.00052229624554	0.999932487350439	0.999812088141026	0.999814045146081	NA
0.999993519385937	1.00012405493582	1.00046833346886	0.999976465217045	1.00057266509603	1.00016854796636	NA
1.00017414890505	0.999981169172044	1.00010586796827	1.00008261126499	0.999782699392019	1.00051376796033	NA
1.00025987208849	1.00061592942434	1.00012507701927	1.00023324566474	1.0002063618062	1.00046589526968	NA
1.00043633570086	1.00028829698643	0.999634592919453	1.00089707865003	1.00045149587735	1.00008007333928	NA
0.999756822899349	1.00044250925481	1.00045639863519	0.999833775828287	1.00006251058047	0.999963729005164	NA
0.99990546764778	1.00027281133136	1.00035301491874	1.00011901864403	1.00005150501449	0.999815185367008	NA
1.00012094146752	1.00023773521975	1.0006110366283	1.00001706334209	1.00041133889838	1.00004291867805	NA
1.00038843292006	1.00104312698179	1.0006803551124	1.00037764836193	1.00067863489505	0.999999215693589	NA
1.00047001688584	1.00043716807532	0.999798587337044	0.999861162680722	1.00017923839489	1.00054300427576	NA
0.999984134160746	0.99989296248019	0.999706778497556	1.00006832031056	1.00010344124928	0.999875253890831	NA
0.999984799488305	1.00041233699288	1.00029456560115	1.00065186972124	1.00009798464188	1.00052109948803	NA
1.00006247842161	1.00019735914825	1.00042675734007	1.00041180363947	1.00006229266031	0.999974869294916	NA
1.00038977941353	0.999745501579011	1.00013441171802	1.00041207235886	1.00058968725586	1.00102309283874	NA
0.999986332940423	0.999982418596459	0.999704921590855	1.00048156538026	0.999997727639728	0.999993784192909	NA
1.00011402907834	1.00024029587093	1.00001743647423	1.00098987607604	1.00048957935909	1.00034006343678	NA
0.999918486442164	0.999897933661899	1.00033300104843	0.99976258441037	0.999851076147804	1.00067224782445	NA
0.999837424579392	0.999988163799057	1.00044782129137	1.00036585307143	0.999859837415093	0.99996949512344	NA
0.999900531525851	1.00031712322017	1.00007609270321	0.999743708608705	1.00069683355045	0.999783057330172	NA
0.999931161929327	1.00010731354693	1.00001515075715	1.00054783263609	1.00052484432159	1.00011880995595	NA
0.999736924667139	1.00010807505061	0.999982140245979	1.00063895459157	0.999892975997657	0.99992036867434	NA
1.00084903064784	0.999896696677087	0.999949681219994	0.999985413000947	1.00033024526159	0.999796249841215	NA
0.999801490915893	1.00015578768211	0.999872422644199	1.00016918228802	1.00021866853377	1.0001122976623	NA
1.00017939089687	0.999961723283249	1.00000446465881	1.00039564456759	1.00000991657254	0.999925109291486	NA
1.00084410199174	1.00044918719742	1.00026228749845	1.00009820373696	1.00077601349662	1.00025519636695	NA
0.999917191766322	1.00006112370785	1.00029401303237	1.00085010728757	1.00028203718057	1.00023401217587	NA
1.00059815463944	0.999966139277232	0.999771268135411	1.00066951331934	1.00000823871431	1.00049455826644	NA
0.999835765625043	1.00031121618298	1.00024045216378	1.00116900039184	0.999900221512941	1.00018176261186	NA
0.999908738104306	1.00062993780729	1.00027797896084	1.00013636477165	0.999861155296729	1.0000650487878	NA
1.0001403130323	0.999808824194454	1.00112146771098	1.00015335599034	1.00009009537124	1.00018570662804	NA
1.00013078474914	0.999925137201037	0.999799794081318	0.999983699962095	1.00005283446071	0.999965187633894	NA
1.0002242761714	1.00007479437739	1.00009971161266	0.999763124120445	1.0005605010561	1.00008005294136	NA
0.99977295101666	0.999824227044784	1.00005922848404	1.00020318288943	1.00085959756344	1.00012260595964	NA
1.00034056910786	0.999766936971706	0.999700114360502	1.00008243593375	1.00003687824943	1.00030971159823	NA
1.00013246313451	1.00025409422701	0.999959951553894	0.999773231930059	0.999977807642433	1.00003155518993	NA
1.00000385854156	1.00013927921299	1.00009773294946	0.999681805926619	1.00065489576856	0.999968783188553	NA
0.999743152792121	0.999885160189349	1.0007982701866	1.00050976660316	1.00007345714998	1.00031858483457	NA
1.00010100666681	1.000109003946	0.999922247144765	1.00000493985658	1.00016396247224	1.00038313712479	NA
0.999860107673162	1.00072466559391	0.999930003622871	0.999855420141633	0.999840841928732	0.999815952154305	NA
1.00078737146389	1.00008778552464	1.00053777480403	1.00015467732916	1.00090638556211	1.00027597410735	NA
1.00002287941036	0.999997498427554	0.999973790815778	1.00069735456942	0.999877060600993	1.00026101399012	NA
1.00082634779475	1.00049814035906	1.0003600032775	1.0002218937354	0.999950374972126	1.00049215243403	NA
1.00041772559875	1.00017360483234	1.000312776138	1.00022919942652	0.999851210912803	1.00029792581876	NA
0.999863762788852	1.00059682959023	0.999884628887363	0.999780603702886	0.999811489002201	0.999926995180911	NA
0.999948671622027	0.999818534504793	0.999940556705966	1.00037393393852	1.00005395931747	1.00018812296017	NA
1.00029418399159	1.00031795480137	1.00017999275335	1.00028361059204	1.00004508441772	0.999845574584653	NA
1.000152849917	0.99985894784139	0.99972798012886	1.00014868301816	1.00035917627917	1.00057670325947	NA
1.00026631012358	1.00057921529257	1.00003808086977	0.999800168751101	0.999807424375704	1.00180331639696	NA
1.00020599713163	0.999798410852586	1.00033214276039	0.999776835372332	1.00034786722704	1.00000776473978	NA
1.00034882387491	1.0001188998475	1.00005151102327	1.00041092587751	1.00020842380172	0.999910400966742	NA
1.00001627854952	1.00019022417609	0.999809669306605	1.0000779886223	1.00008959804214	1.00003130941606	NA
1.00032301750891	1.00058648752812	0.999774296387129	1.00077678921768	1.000185167273	1.00024813177238	NA
1.00082861498105	1.0005352718924	1.00038531219547	0.999839583214223	1.00004907953759	1.00019170924216	NA
1.00041757125342	0.999887031516565	0.999787803801694	1.00057051589518	1.00004466752035	1.00127196017501	NA
1.00026885235284	0.999875339515401	0.999745339119512	1.00209270193894	0.999764019096401	1.00015317804295	NA
1.00017695056023	1.00002787131595	0.999728665512032	1.00043366999816	1.00082484097814	1.00015055961132	NA
0.999770998391145	1.00001297790109	1.00030689255986	1.00004611562159	0.999913992444073	1.00008114567692	NA
1.00067016938748	0.999946689093336	1.00005732807457	1.00022964804804	0.999972580405121	1.00026635503588	NA
1.00016453203235	0.999835853815919	0.999944396253756	1.00037121350681	1.00026987301416	1.00030273667045	NA
1.00015506014424	1.00011735655951	0.999877990627698	1.00044640281052	1.00032430422141	0.999949743617501	NA
1.00040560237782	1.00016039475546	1.00020050167355	1.0002512875759	1.00045701868328	0.999922196411586	NA
0.999968785039113	1.00005698898968	0.999985367591239	1.00010138935661	0.999856337018162	1.00005597627504	NA
0.999999520572183	0.999843648675693	0.999774947268068	1.00044491142577	1.00030755255886	0.999686605945538	NA
1.00037124155127	1.00003291660977	0.999986635272981	1.00031845516375	1.00024310510448	1.00058602872047	NA
1.00016687620578	1.00029461091205	1.00024272279402	1.00067006007743	1.00048200347708	1.00048361410468	NA
1.00061756581582	1.00041569909778	1.00024378946993	1.00021827526719	0.999834538307263	1.00013225469046	NA
0.999899737289296	1.00008200086399	1.00028673443627	1.00075208554434	0.999991782336467	1.0005333319744	NA
0.999710417184242	1.00032418981527	0.999883999817868	1.00032145070148	1.00037741242035	1.00000305517695	NA
0.999757993898162	1.00019263946927	0.999822090833119	1.00026671970304	1.00113640345947	1.00089185365557	NA
1.0001691134628	1.00025330307134	1.00015758535821	1.00039147516156	1.00024669209949	0.999981089535519	NA
0.999919246717711	1.00026067528239	0.99988546175921	1.00024027904062	1.00014169290737	1.00022360443602	NA
0.999966013714948	0.999893652793363	0.999967207821475	1.00062312659064	1.00003448409965	1.00000277477032	NA
1.00074757288077	1.00018870667985	1.00033874474438	1.00041659810375	1.00084361569995	0.999909519264255	NA
1.00029934012889	1.00012144440607	0.999912160008673	0.99980140114639	0.999834703428928	1.0003268523852	NA
1.00008679839721	1.00052586299176	0.999693832644855	0.999722067930957	1.00010335691683	1.00123602488251	NA
0.999914764154315	1.00031542096499	1.0003266217035	1.00085996972965	1.00005511028915	1.00023914676717	NA
1.00072469314052	0.999777599709211	0.999890015540466	1.00009995474951	1.00011528248376	0.999786424722823	NA
1.00000530081878	0.999784245290562	1.00016679235694	1.00016314212858	1.0003963515181	0.999820528506916	NA
0.999856423514303	0.999850048054509	1.00007720963496	1.00035137528899	1.00021334267015	0.999727969499064	NA
0.99977827427303	1.00020780048251	1.00041376996707	0.999735441730133	0.999792171036679	1.00031011234653	NA
1.00013767759464	1.0001498940739	0.999713633673812	1.00016496861945	1.00041400848144	0.999866063940252	NA
1.00044783943099	1.00059880163897	1.00045621532313	0.999921185211994	1.00078448302426	1.00057566220046	NA
0.999958340013749	0.999904050397964	1.00061667793192	1.00000275416794	1.00002729082536	1.00054933811525	NA
1.00022926546916	1.00016919534438	0.999999710126258	1.00006671919598	1.00014319841339	1.00007899142835	NA
0.999935940063866	0.99998564232196	1.00021244770651	1.00013447906831	0.999938740517285	1.00022090581377	NA
1.00010291196649	1.00013601178895	1.00031854516165	1.00016469492103	1.00095356868116	1.00032083467787	NA
1.00001894503871	0.999970990941546	1.00020428188304	0.999920736530315	0.999954074437755	0.999912945036885	NA
1.00012033833834	1.00084556703324	0.999918732557618	1.00111249840542	0.99971990014213	0.999920242597593	NA
0.999790481380551	1.00018123762213	0.999829376097086	1.00037133850403	0.999863088745955	0.999882758898102	NA
1.000004664953	0.99985970870667	1.00053625927593	1.00037350716062	0.999696152446563	1.00053606504996	NA
0.999913681260656	1.00041248867091	0.999882677249396	1.00010615159059	1.00088779291194	1.00019434156281	NA
0.999816480281438	0.999736014592884	1.00103315008763	1.00038164142084	0.999801838114115	0.999842489946885	NA
1.00005851891602	0.999810799106204	1.00003390505957	0.999976309218754	1.00015578292487	0.999922478164341	NA
1.00004380243805	1.00002006603288	0.999966426302309	1.0000919442425	1.00008069138663	0.999895718515476	NA
0.999704565408996	0.999729122775933	1.00023050453185	1.00010104056608	0.999921639997427	0.999936836942004	NA
1.0000961771719	0.999678337481643	1.00023677991798	1.00001590813269	0.999923242281856	0.999935648384177	NA
1.00034554317223	1.00045490432302	1.00007050144979	0.999767324001008	0.999893750364958	1.00033518352731	NA
0.999929221119982	1.00068940956873	0.999769260569392	1.00034721331515	1.0002799218869	0.999910733268356	NA
1.00008902891413	1.00081921314211	0.999865829632926	1.00008737575835	1.00130920172541	0.999816001402841	NA
0.999905016097917	1.00054841132005	0.999661479088035	0.999769725996486	0.999791165036044	1.00006655557802	NA
1.00000119124618	1.00001733629718	1.00058989190622	1.00048156993807	0.999712118844984	1.00003379560992	NA
1.00008348197613	1.00033056924378	0.999999130747459	1.00028783726486	1.00007038599525	0.999838357633794	NA
1.00012258757172	0.999934280842062	0.999867726216249	1.00009888604847	1.00011940859058	1.00042885523284	NA
1.00090604380703	1.00030281546103	1.00071143710404	1.00075534350016	0.999779284045364	1.00081731996362	NA
1.00078051508363	0.999906747345504	0.999885495206766	1.0004026207052	1.00010580135539	1.00007323087678	NA
0.999824231755269	0.999764341991284	1.00030801020861	0.999836694716328	0.999926629592374	1.00051998310453	NA
1.00015795099258	1.00034985092265	0.999912143012072	1.00077291598221	0.999828479272377	1.00092768854347	NA
1.00015383217787	1.00070701161543	1.0001860373344	0.999850113847898	1.00072470418716	1.00031648018456	NA
0.999879469527001	0.999913462202119	0.999932010203889	1.0008197967573	1.00092104724103	1.000253487298	NA
1.00030030492365	0.999898648914896	1.00030534177099	0.99992838744011	1.000369255636	0.999849425375825	NA
1.00029465414375	1.00010460682155	1.00009350922239	1.00004266820263	1.00035560391383	1.00025945996195	NA
1.00000692958104	1.00005429597658	0.999980516739002	1.00036586826162	1.0002713991083	1.00017382532541	NA
1.00034073439007	1.00028251942711	0.999819173429506	1.00016452081825	1.00006781869402	0.999939186756387	NA
1.00006968978166	1.00063838297321	1.00052142756847	1.00052990136303	1.00026787129149	1.0001897949672	NA
1.00010064315335	1.0002217685142	1.0005266374798	0.999792391459612	1.00021129089565	1.00013309934741	NA
1.00039617089334	1.00019191728685	0.999850544340384	1.00016980004459	0.999926546733641	0.999826454514183	NA
0.999962419415827	1.00033042113251	1.00012549872628	1.00026390501834	1.00079084624398	0.999682615219933	NA
1.00010560550878	1.00040999800813	0.999784155823026	0.999791477247484	0.999941709909985	1.00015541131077	NA
1.00005441646262	1.00026217317561	1.00015746694565	1.00117427641823	1.0003843437983	0.999934224276588	NA
1.00019147549367	1.00007191727033	1.00099583133048	1.00168624765621	1.00082852167983	1.0001803231801	NA
1.00070134247373	0.999726319622769	0.999823476414936	1.00027965792888	1.0002250904382	1.0003271991788	NA
1.00081019465192	1.00005870836725	1.00056586088852	0.999854002379044	1.00070554958013	0.999876060308015	NA
0.999959894260838	1.000094677003	1.00031644193716	1.00005878673304	1.00016601250271	1.00009426807787	NA
1.0002314403129	1.00029830972919	1.00001517966594	1.00038562522037	1.00078126573055	1.0001314926374	NA
1.00050089516387	1.00067283556012	1.00018052436707	1.00030094450391	1.00168681800215	1.00021901233986	NA
1.00050083483752	0.999898663540641	0.999966263700888	1.0000164739597	0.999827311807665	0.999956370706789	NA
1.00077421851294	1.00019795597642	1.00028641227504	1.00002613050802	1.00058225923955	0.999842216343926	NA
1.00011360066496	1.00014655318407	1.00032187277054	0.99996685278025	1.00029208961052	1.00043599020401	NA
1.00116907124705	1.0000285323338	1.00016917332344	0.999897756217315	0.999978421030816	1.0003516840752	NA
1.00004068987858	1.00022915478664	1.0001278516501	1.00045161714333	0.999942310568882	1.00013103716544	NA
0.999971851746919	1.00028469051388	1.00002594480127	1.00028551309837	0.999722967900529	0.999936225678566	NA
1.00014583088039	1.000364245437	1.00040123408367	1.00106735850765	1.00009492555219	0.999699954012365	NA
0.999977079709281	0.999968106384276	1.0003201827825	0.999828140175222	1.0004946675703	1.00047030013014	NA
0.999783490760298	1.0007347428235	0.999968922673282	1.00037125483529	0.999984475879652	1.00025055463284	NA
0.999773771024544	0.999743170756612	1.00018377405987	1.00058242485076	1.00011451479536	0.999864829948713	NA
0.99990367447772	1.00003861069495	1.00028481017258	0.999936370134293	1.00045826138656	0.999914737763963	NA
1.00039537292893	0.999900957474677	1.00040939998942	1.00072181080313	0.999956722859525	1.00065111224102	NA
0.999763594490197	1.00022807222028	0.999920619233326	1.00035185467461	1.00061624649163	1.00067994214477	NA
1.00006718631572	1.00007330885792	0.999918759063473	0.999970806732292	1.00003287813119	1.00023398164473	NA
1.00096613323592	1.00009933504561	0.999827475955043	1.00072125258382	1.00011231171601	1.00029148200042	NA
1.00045944046444	1.00049352021092	1.00013090577976	1.00015979515771	0.999844640380859	1.00020641616314	NA
1.0004101565967	0.999870753908652	1.0001662597639	1.00001050904852	0.999812893987404	1.00001502534138	NA
1.00063122207374	1.00124641845769	1.00011387896441	1.00003155263865	0.999703019345368	0.999898327104039	NA
0.999901899578683	1.0010477032753	0.999681170649411	1.00097219166205	1.00005115191573	0.999963068922062	NA
1.0003758300912	0.999865373171665	1.00008740364383	1.00075653649037	1.00011669958987	1.00115727281495	NA
1.00016787877264	1.00006313625328	1.00057494640643	0.999814795090009	1.00012011524738	0.999948474874064	NA
1.00065200705689	1.00028825800485	1.0001209198481	1.00096040131578	1.00032498418465	1.00058818022308	NA
0.999808962053437	0.999656780407464	0.999843446116317	1.00013870736879	1.00046283323239	1.00115696844351	NA
0.999768386487252	0.999725483686209	1.00038662843122	1.00037475602093	1.00024583651533	1.00015795434492	NA
1.00020541608461	1.00060148063629	0.999917216559701	1.00004895962278	1.00011004852274	0.999771836860271	NA
0.999862349842117	0.99998698980317	1.0000931592396	0.999997131554514	1.00055081774791	1.0002333047612	NA
0.999864637805322	1.00031553925915	1.00061952069163	1.000042332547	1.00000452423212	1.00029888220557	NA
1.00022744626962	1.00026913543971	1.00033220809309	0.999978120669827	1.00006381800424	1.00033147350752	NA
1.00020951549193	1.00013942701495	0.999809431951754	1.00026508188988	1.00085902238352	1.00071485633686	NA
0.999841144162824	1.00015998275161	0.999779835768466	1.00013953363388	0.999921670501698	0.999926597930933	NA
1.00077032742194	1.00048373216186	1.00009843265625	1.00005871421797	0.999761232916383	1.00047466999398	NA
1.00003051667638	0.999955925517598	1.00014776509318	0.999869286964398	1.00002270635831	0.999947136416006	NA
0.99996168475981	1.00041987047996	0.999991035601989	1.00009534048955	0.999654879696439	1.00128163808949	NA
1.00052694429577	1.00028330001735	1.00057331893864	1.00012156288506	1.00031065190532	1.00003492843369	NA
1.00062186791417	1.00004900780823	0.999999486795336	0.999774121087385	1.00051424332782	1.00027702928456	NA
0.999851114281694	1.00054334298084	0.999896302371427	1.00003046201211	0.999995085204228	1.00014747199398	NA
0.999927690217212	1.00021515424674	0.999997930125967	1.00004691535628	0.999979669281057	1.00044507240313	NA
1.00040755861944	0.999790171503139	0.999873528484441	1.00110847126703	1.00040085325237	0.999915516219491	NA
1.00023663058641	1.00023602113969	1.00025346475342	0.999842044580443	0.9999071560196	1.00015768695524	NA
0.999814711553585	0.999784914896664	0.99987586798391	1.00034450711819	0.999993762253652	1.00060072421117	NA
0.999946619992216	1.00052582012329	1.0000979898642	1.0005241123462	1.00002020485811	1.00050459052155	NA
0.999976039640953	0.999938147393067	1.0001277906294	1.00006122654982	1.0000756956876	0.999730787914793	NA
1.00017043532483	0.999994744194708	0.999772048459084	1.00055657936625	0.999973420673389	0.999935516595076	NA
0.999719666873159	0.999760803592759	0.999831632086482	0.999906735457433	1.00008798864411	1.00071742658112	NA
1.00084606736244	1.00003574473961	0.999845902915745	0.999708979040979	1.00053987374623	0.999995039884717	NA
1.00024051130655	1.00015754790223	1.00006223704392	1.00016435257085	1.00029691346303	0.999898761963196	NA
0.999800785398915	1.00011740259109	0.99995293909436	0.999954633782745	1.00065540834091	0.999978142194197	NA
1.00033047882429	1.00071521561632	0.99992287949753	1.00020858866346	0.999962793948731	1.00014464666052	NA
0.999982337710079	0.999984181626125	1.00041759744232	0.999941502152181	1.00040973753502	1.0004559853452	NA
1.00027054872905	1.00058417484685	0.99999996133939	0.999994270910873	0.999750724464795	1.00044032033705	NA
0.999789955661386	0.999891432875483	1.00032926986931	1.00004722215966	1.00072200706434	0.999882941218934	NA
0.999807776017436	0.999974465599031	1.00009800964656	1.00039173073134	1.00018364910026	1.00035679087029	NA
1.00007310232909	0.999909052573993	1.00019841001363	1.00046630187945	1.00075230357227	0.999950206123162	NA
1.00003851399594	1.00066490924725	1.00024401086763	0.99981698365868	0.99992205330533	1.00041163147296	NA
0.99992502668978	1.000220108888	1.00005553879	1.00006652525969	1.00027496650677	1.00069826533798	NA
1.00027152182479	1.00002325577911	0.999998734027799	1.00022298846362	0.999936143806595	1.00083776555781	NA
1.00007990302503	1.00035410928765	1.00004536589809	1.00007930865533	1.00092212241487	0.999902157117072	NA
0.999769370336503	0.999979200025731	1.00001179506982	1.00038741174914	0.999868163588508	0.999697987477862	NA
1.00028438034902	1.0001123182642	0.99996158960533	1.000528131865	1.00044711308586	0.99995311830113	NA
0.999817232967155	1.00010964205641	1.00039589709199	0.999897081698278	1.00019451522985	0.999714143272954	NA
1.00025251296367	1.00032326433398	1.00024147592346	1.00023469212672	1.00015433875431	1.00085096865826	NA
0.999965907418422	1.00008748805323	0.999980996836835	1.00036612660375	1.00112916642254	1.00016036396147	NA
1.00007189333272	1.00089942983809	0.999969503039657	1.00039356357579	1.00049981497392	0.999942919285072	NA
1.00108229866925	1.00005919499294	0.999878441648285	0.999891451426508	0.999958092743981	1.00017556039383	NA
0.999833891855721	1.00046386805229	0.999780949129274	0.99973424637584	0.999907266532355	1.0001490748897	NA
1.00061226581819	1.00036925972976	1.00051195198753	1.00102874272002	1.00174187600099	1.00020773186675	NA
1.00001825307512	0.99989478534958	0.999790074623104	1.00027043467339	1.00015863922284	1.0003780509774	NA
0.999841991118116	0.999813839090521	1.00018287383149	0.999784347861693	1.00004406634172	0.999713603241004	NA
1.0013996466865	1.0005751239159	1.0001609046206	1.00046595939762	1.0006266226844	0.999940173346979	NA
1.00033456483201	0.999991813307061	0.999705647908662	0.999914621005397	1.00075509062529	0.999841371278394	NA
0.999718072503713	0.999756775174961	1.00041277334316	0.999908931941263	1.00023866530185	0.999702692816023	NA
0.99997453675584	1.00042158556229	1.00010397880425	1.00017928941411	0.999945950243577	1.00019788426077	NA
0.999732936103523	0.999936975195835	1.00008622476379	1.00098172892373	0.999951997185112	0.999985835841071	NA
1.00022982065608	1.0003492910279	1.00044425181506	1.0002696581753	1.00031914325957	1.00047977172161	NA
1.00035025237133	1.00075343015548	0.999987241986662	1.0000840246498	1.00002149960389	1.00019031996429	NA
0.999942790925674	1.00021441513459	1.0003215176816	1.00080214291202	1.00024949485656	1.00023610174577	NA
1.00026235996202	0.999836965334704	1.0004184595524	1.00013300667617	1.00007773906102	1.00037712343364	NA
1.00039083821127	1.0000707570958	1.00034714395611	1.0001564675234	0.999819490375067	1.00132289823274	NA
1.00010590692425	1.00002026800128	0.99981468671326	1.00005340062276	1.00050267101456	0.999896002642803	NA
0.999827671355709	0.999915753236623	1.00056476597932	1.00124895920087	1.00004215705639	0.999893014234488	NA
0.999920378433147	0.999935662645985	0.999813855477977	1.00015725279898	1.00022442213221	0.999723406059292	NA
0.999768272939026	1.00011693418615	1.0000204170849	0.99975121985181	1.00028262275093	1.00008395993393	NA
1.00010849682641	1.00007139093465	1.00012325611078	1.00098713569464	1.00018971170615	1.00109814111916	NA
1.00005539725933	0.999771640011385	1.00014384405491	0.999934051713798	1.00004479444224	1.00071399223203	NA
0.999891012848433	1.00013273878195	1.00003057815421	1.00009410935528	0.999840534322536	1.00017297807255	NA
0.999840559517442	1.00100314022822	0.999917612788009	0.999910794155632	1.00008982313306	1.00023525013092	NA
1.00002285409857	0.999820804997896	0.999911234117225	1.00003599932032	1.00046750653167	1.00038475120769	NA
0.999978530044435	1.00030009297497	0.999818051010248	0.999817783301989	1.00025021787875	1.00156035953645	NA
0.999931695198825	0.99974442930573	0.99991148644679	0.999990757291365	0.999887528152376	1.00009270784701	NA
1.00015524541505	1.00017390559989	1.00000822779323	1.00047093172526	0.999920493346914	0.999876264604395	NA
1.00020998778633	1.0002694590863	0.999715146134902	1.00030543956599	1.00045388523169	1.00034887911078	NA
1.00016591460561	1.00000082147604	1.00011355513429	1.00021648578909	0.999952753198878	1.00092587504775	NA
0.999966564346899	1.00026063355157	0.999762587049138	0.999984404045141	1.0000580089482	1.00009526335295	NA
1.00064863991883	1.00004680851142	0.999828838526122	1.00001839974536	1.00001311579898	0.999890327201	NA
1.0004286172901	1.00059609960851	1.00057395299183	1.00017905756899	0.999845980218967	1.0002909457429	NA
1.00085631514187	0.99987963526111	0.999897655184688	1.00068310919344	1.00002200773168	0.999978790996742	NA
1.00024306162163	1.00019536692076	1.00012191747858	1.00019174400489	1.00089472943345	1.00040267921347	NA
1.00025843974876	1.00022994418498	0.999928737448558	1.00027241919399	1.00014881373616	0.99994607689627	NA
0.99997175288976	0.999733782996273	1.00043327480879	0.999979072250189	1.00040268120711	1.00017869730034	NA
1.0003247483644	0.999998153022088	1.00061812127852	1.00040618388788	1.00003045607328	1.00059697480458	NA
1.0002485215169	1.00008365029705	1.00000011734389	1.00041331562289	1.00052559076766	1.00024900719148	NA
1.00019286674181	1.00028053529841	0.999923413649199	1.00042226142691	1.00015793606025	0.99992283402955	NA
0.999924927453905	0.999956999968884	1.00005765992051	0.999985203381847	1.00052488931264	1.00033249540266	NA
1.00031508341243	1.00000394023422	1.00036543893956	0.999992375315454	0.999859017190707	1.00017596282056	NA
0.999834770665243	1.0006633419154	1.00056807030472	1.00059984646391	1.00046182643084	1.00020349298176	NA
1.00005005041946	1.00001593664318	1.00040486735579	0.999779546340813	0.999802258995735	0.999924649850053	NA
1.00037964530691	1.00004277864939	1.00050355191196	1.00058692381008	1.00023259904548	0.999805048472037	NA
1.00050503327317	0.99984971313188	0.999952348361945	1.00019221997049	1.00044906538487	1.00089010335105	NA
0.999999531700647	1.0000443297803	1.00010797885112	1.00009463202223	1.00000767440874	1.00036121153907	NA
0.999784333142244	1.00100824244391	1.00036805998328	1.0003163507627	1.00024699108983	0.999883745140983	NA
1.00004402904466	1.00068430562421	0.999891777869063	1.00001839117754	1.00013393839356	1.0004645823278	NA
1.00020529051857	1.00019925282242	0.99991032397793	1.00006406525808	1.00073398332922	0.99987013933982	NA
0.999808551598841	0.999979841860696	1.0009689711616	1.00035335661065	0.999979768857124	0.999970821682113	NA
1.00027010045722	0.999737499319124	0.999905436259213	1.00005672918134	1.00012565426868	1.00033922831083	NA
1.00097719638854	0.999849429087385	1.0001136323245	0.999883225554333	1.00019548749147	1.00062534851957	NA
1.00007154827681	1.00025886869888	1.00007117398481	1.00038793738988	1.00037310377704	0.99975015784279	NA
0.99987702601207	0.999792922565792	1.00022520449119	0.999868810508546	1.00055531906859	1.00004947676437	NA
0.999790609127158	0.999978019555155	1.00046769335893	1.00037256091214	1.00009198317902	1.00048685471676	NA
1.00018561914161	0.999908042841842	1.00003459435941	1.00105493084349	1.00041394056491	1.0003252895587	NA
0.99983090112194	1.0000808596889	1.00004705855757	1.00071543140638	1.00057957241562	0.999891542917251	NA
1.00072281655198	1.0011798355656	1.00010165524542	1.00021437114598	1.00060618700393	1.00016973537436	NA
1.00007601121829	0.999959455134827	0.99986676968366	0.999785979209351	0.999954234756446	0.999852721971461	NA
1.00024045624462	0.999767496199144	1.00046503723562	1.00096719417469	0.999969747869468	1.00052084770911	NA
0.999959025553229	0.999945920878966	0.999995487485699	1.00004762323574	1.00028755839585	1.00051957227766	NA
1.00001944335273	1.00045794406752	1.00012420433543	1.00000079272343	1.00040746690721	1.00009439765523	NA
0.999968019111853	0.999896733286764	1.00019696339479	1.00030489043033	1.00014176510981	1.00034724312527	NA
0.999810271204825	1.00022751190511	0.999890936725653	1.00058962078216	1.0000922333335	1.00072617438186	NA
0.999857429860495	1.00009388589056	1.00018798394746	1.00035838932338	1.00098767263469	0.999892446539923	NA
1.000165501852	1.00014107302591	1.0001721277303	0.999690620724968	1.000297625023	0.999698451966014	NA
1.00028114840458	1.00140528805041	1.00011387681152	1.00088065238492	1.00003023514767	1.00051854997408	NA
1.00070844936186	1.0000110451665	1.00008479721221	0.999842345861741	0.999857859101322	1.00024392789904	NA
1.00005012260914	1.00024386943301	1.00054434519096	1.00005679814358	1.00097653248042	1.00014901999195	NA
0.999807512114927	1.00001018550461	1.00048989941394	1.00014958504007	1.00069440766639	0.999983070017534	NA
1.00060280433358	1.00041059098398	0.999919709368021	0.999881684101214	1.0006563622188	0.999870383431746	NA
0.999869512004149	1.00003116979798	1.00010144527692	1.0001461038047	1.00066107390133	1.00012350760304	NA
1.000125383589	1.00036832089344	1.0000376370308	0.99991840392902	1.00003726727296	1.00012026879645	NA
1.00021368864538	0.999871067153039	0.99987010021774	0.999810307908778	1.00021029230492	1.00016936941591	NA
0.999896661347297	1.0000387209131	1.00026379872111	0.999852358710611	1.00084612827855	1.00009632076531	NA
0.999939407637583	0.999981431008809	0.999802844479135	1.00037856494581	1.00025899098421	1.00033878637295	NA
0.999760259942892	1.00003409074374	0.999898460011233	1.00002720944758	0.999719643373481	1.00025613299447	NA
1.00023014944532	1.00060650138967	1.00063743825294	0.999966588616053	0.999975451004801	0.999950774540975	NA
1.00032257331752	1.00032839155774	0.99999236958687	0.999800515944732	1.00002535017341	1.00017470481206	NA
1.00003960614336	0.999919204458809	0.999990849510383	1.00047930509151	1.00041436687206	1.00007857602021	NA
1.00020513235328	1.00028334354006	0.999817723118865	1.00006547987325	1.00011480238096	1.00035189496865	NA
1.00009996760504	1.00019286819746	0.999956186822392	0.999784082967275	1.0005674268563	0.999883433366043	NA
1.0000947074656	1.0003253281842	0.999846268077694	1.00032301638393	1.00016431007117	1.00049741088513	NA
0.999906704064895	1.00013637311557	0.999782234521128	1.00040326501486	1.00002929314085	1.00008567934686	NA
1.00027257775057	1.00046331798979	1.00033169908889	1.00032512326082	1.0001218102066	1.00090493566337	NA
1.00007574075367	0.999897372127495	0.999829875127705	1.00014382415	1.0001019252196	1.00030635187258	NA
1.00031458301168	1.00000713135024	1.00053540046736	0.999963394316788	0.999722189527293	1.00004102125213	NA
0.999825793625308	0.999840978312094	1.00038906821892	0.999926096420383	1.00065012477346	0.999890581199952	NA
1.00006489194892	1.00058986716593	1.00004373914346	1.00022367016545	1.00070871823105	1.00061402044368	NA
0.999838746436039	0.999862425887645	1.00008287545469	1.00010919923687	1.00026908262931	1.00055939659037	NA
1.00012339483819	0.999800501805282	0.99994129397847	1.00059369254935	1.00110005158134	1.00046959414554	NA
0.999880637603276	1.00046327483129	0.999842332042225	1.0001340003615	1.0005168074272	1.00006095777373	NA
1.00023875912925	0.999911236039791	1.00026744780461	0.999726535586081	1.00033566938204	0.999975092016592	NA
1.00012165288843	1.00019871020811	1.0001573864819	1.00032362270816	1.00008842348143	0.99993024081321	NA
0.999995376381715	0.999943608477872	0.999947252656992	1.0003650760112	0.999980155437879	1.00028232607186	NA
1.00028185804057	1.0004412677947	1.00015701532862	1.00073469261261	1.00010793344094	1.00010431926791	NA
1.00109117139765	1.00011365269787	0.99981064775982	0.999752756560266	1.00003829278543	1.00046603259806	NA
0.999870017027068	1.00058244303617	1.00000248812944	0.999953892512188	0.999779779535175	0.999808214325559	NA
1.00037922321285	0.999914941316453	0.999853633385684	1.0003723544957	1.00013770190278	1.00015832757309	NA
1.00074461091309	1.00002298710623	1.00012796335717	1.00029295007908	1.00000372604132	1.00010954203188	NA
1.00081194084214	0.999874358566256	1.00004316077834	1.00051021295194	1.00038957318804	1.00030848430026	NA
1.00016937090042	0.999728350642876	1.00021520311239	1.00078786746619	1.00009885302519	0.999881986885828	NA
0.999887966177564	0.999949703100964	1.00001329384346	1.00070684103622	1.0002168075564	1.00030074601901	NA
0.999889393036127	1.00004985201265	1.00008967509039	0.999870928899335	1.00020528631078	1.00020770559504	NA
1.00023132594766	0.999883122617802	0.999854953627633	0.999738452254146	1.00016855104588	1.00035221738886	NA
1.0004793259811	0.999965463179686	0.999806566334771	1.00061877013732	0.999789997135219	0.99987337624152	NA
0.999991928878466	1.00010417386054	0.999926205642954	1.0007697567335	0.999913382432662	1.00030843859522	NA
0.999888409450225	0.999994529356914	1.00026026767109	1.00046859793895	0.999903528910803	0.999852777550725	NA
0.999987618163062	0.999860549403886	1.00009378180208	1.00095409176358	1.00004986364207	0.999933484525705	NA
1.00128106383269	0.999953372627615	1.00051220676529	1.00011139958007	0.999937648718745	1.00012450186543	NA
1.00023205172301	0.999934737286332	1.00000998112625	0.999777067452942	0.999969431496189	1.00024585790665	NA
1.00013508998729	0.999987740285363	0.999725073306608	1.00034916887871	1.00106573956963	0.999787095330692	NA
1.00058078465585	1.0002158883828	1.0005431155971	1.00027891615893	1.00083917457335	1.00098079896933	NA
1.00077893291754	1.00009789672603	1.000193346086	1.00022881186491	1.00082119137852	0.999755799998721	NA
1.00002316104486	1.00010250631192	1.0002036512709	1.00032566800569	1.00132075723053	1.00011471255464	NA
1.00052249982917	0.999997567979111	0.99998448300636	0.999922558611865	1.00014576797337	1.00033986209093	NA
1.00033249759957	1.00005536233485	0.999932645297092	1.00006758491037	1.00042316032032	1.0003087712607	NA
1.0003477455907	1.00082990844566	1.00031889963296	1.00029888109637	0.999785374632493	1.00030603483169	NA
1.00021873232843	0.999868788171732	0.999908353943661	1.00004714794766	1.00020036747129	0.999849077191583	NA
1.00004954602294	1.00031442013141	0.999891098685608	1.00060298741747	0.999806911302348	1.00016314138716	NA
0.999868928696761	0.999794131523455	0.999735196483742	0.999896439331877	1.00013624036613	0.999918300282039	NA
0.999877844586189	1.00014103142089	0.999912367106176	1.00034079024063	0.999854890720778	1.0006573091214	NA
1.00003307554127	1.00006380611609	1.00058926629393	0.999759011471428	0.999964887004512	1.00021251506914	NA
1.00033738172347	1.00029599788124	1.00032141232691	1.00093077150085	1.0003177950499	0.999874588327888	NA
0.999821524602974	1.0000872243781	1.00008260148864	1.00050195025921	1.00017922468533	1.00075562579372	NA
1.00023584120235	0.999732096569031	1.00061839847097	1.00005697567194	1.00047767681397	1.00015150522924	NA
1.00038417193766	1.00068005318344	0.99988766241936	0.999737853475146	0.999939827485939	0.999789792287416	NA
1.00030594494688	0.999936379549954	1.00014521576359	1.00066352914913	0.999819394424767	1.00027208056206	NA
1.00052874893542	0.999941300079799	0.999751627523592	1.00069734118354	1.00035568510008	0.999923398325229	NA
0.999763808479429	1.00057320238919	1.00039335504428	1.00025114155181	1.00019939607211	1.00018829710335	NA
1.00000061372564	1.00108710185271	1.00020046544354	0.999908059431269	1.00000738501105	1.00126088670932	NA
0.999995318816936	1.00037933690233	1.00013835309768	1.00062950730009	1.00086819710409	1.0011834784657	NA
1.00037647089491	1.00052870099618	1.00037229222783	1.00000359435267	1.00078841769928	0.999852839724518	NA
1.00012758414136	0.99974502278049	0.999773289368245	0.999974678046655	0.999917571985704	1.00074720572522	NA
1.00064599731874	1.00007855648503	0.999795524249259	0.999926726837191	0.999941865620497	0.999976131768152	NA
0.999791762222204	1.00033076669968	0.999888152171003	1.00018866396964	0.999789549820586	1.00020745253836	NA
0.999734249384127	1.00001664160487	0.999987188140904	0.999761879970881	0.999819102450214	1.00041381545997	NA
1.0000969173053	0.999935993297805	1.00052355628124	0.999762223584326	0.999944190042531	1.0000349061014	NA
1.0001131136033	1.00002317800668	1.00037320788524	1.00025461572857	1.00025448899892	1.00040901546972	NA
1.00021667408343	1.00024589376721	0.999869170957555	1.00007255778771	1.00013084518692	0.99984738613098	NA
1.00017657302662	1.00027610408444	1.00013323185621	1.00057063554633	1.00024232372811	1.00030127422407	NA
1.000156727054	1.00027253535048	0.999951984509946	1.00030757137047	0.999923739698115	1.00049145758604	NA
1.00032176060836	1.00047364282539	0.999923138028873	1.00019072367647	0.999740227219142	1.00040551753351	NA
0.999875399347552	0.999890075641632	0.999753851806916	1.00030600742015	1.00029253200782	1.00009603622321	NA
1.00020052761315	1.0002088756684	1.00020080155624	0.999801962558075	1.00058097491936	1.00090186902534	NA
1.00022084953725	1.00012803132886	0.999830431608538	0.999995964657727	0.999894242994762	1.00025953499608	NA
0.999816499024667	1.00037843165146	0.999772158459289	1.00019926707212	1.00010891093416	0.999949395220423	NA
0.99993575014925	0.999921184940458	1.000714631129	1.0000162496807	1.00026179796349	1.00064564076959	NA
1.00018878453163	1.00090638508155	1.0000934382917	1.00018615254288	1.00139106904582	1.00041382387402	NA
0.999953008151564	1.00020893624532	0.999804689060158	1.00016680372011	1.00028415572384	1.00001544080838	NA
1.00050783304828	0.999810334353	0.999926864976149	1.00075231432999	1.00023654511512	1.00068585839242	NA
0.999860434130833	1.00011932881159	0.999930305600861	1.00136503542881	1.00079460040245	0.999877523325445	NA
0.999963356802547	0.999946660233564	1.00038396414163	0.999884402966691	0.99994320369642	1.00009166293084	NA
1.00027385479657	1.0001221257349	1.00059825764368	1.00047599551008	0.999730825344229	0.999731045493331	NA
1.00017836568019	0.999951399446256	1.00004518839431	0.999793694102876	0.999922671625212	0.999765804822992	NA
0.999868585659358	1.00034707818297	1.00026132066379	1.00098919574567	0.999867767838768	1.00006877877719	NA
1.000038676561	1.00096969667693	0.999880570759637	1.00038885503179	1.00056466062329	1.00029214220946	NA
1.00038006244317	1.00001566318705	1.00071422066794	1.00054124924776	0.999852852196476	0.999831738418584	NA
1.00054928776133	1.00005512269703	1.00026251176731	1.00016959954583	1.00013948691845	1.00018131729618	NA
1.00028767895516	1.0002963052632	1.00007022050025	1.00017813927262	1.00033251343886	0.999989648772093	NA
1.00033060717676	1.00017836403374	1.00044524650433	1.00017891338488	1.00018096159256	0.999983594115273	NA
1.0002013961809	1.00051134003997	1.0003071178598	0.999916634272394	1.00023915638748	1.00031398398283	NA
0.999687225266469	1.00005758964863	1.00002667673274	1.00006296453082	1.00075913418854	1.0003521136308	NA
0.999946616746044	1.00054526247996	1.00030664822624	1.00073571613752	1.00147119906673	1.00006518535901	NA
1.00106927896134	0.999761026364151	1.00011494523376	1.00021253938672	1.00003281897662	1.00073511682124	NA
0.999870092576201	1.00066216665902	0.999948304566545	1.00084576451666	1.00018462560841	0.999956369789032	NA
1.0003038175774	1.00051002157072	1.00031603226469	0.999945858414283	1.00031964544332	1.00025962057393	NA
1.00026205985246	1.0004013967877	0.99986788888297	1.00001772740733	0.999922941778783	0.99980048944398	NA
0.999991064706549	0.999915677313235	1.00070358611163	1.00028106525903	1.00013666228259	0.999934677015087	NA
1.00000962251794	1.0007022548471	1.00001738022676	1.00013240998789	1.00024066095433	0.999855587772219	NA
1.00012464808124	0.999992354009394	1.00029009642646	1.00007271297214	0.999978731001972	1.00000000654153	NA
1.00062074810568	0.999957138100303	0.999701823225202	0.999966960200775	1.00051292710606	0.999740991631862	NA
1.00005442280353	0.999916491329546	0.999929270598458	0.999927087836439	0.999977712229692	1.00057270739005	NA
1.00004289127621	0.999926245650592	0.999892771015936	1.00009921295551	1.000155033084	1.00016514545698	NA
0.999822053801689	0.999705654138157	1.00005173554418	1.0003604094143	1.0004937831854	1.00017037009119	NA
0.999855990619668	1.00058373334907	1.00005243094604	1.00032316980982	0.999984445021203	1.00045016428799	NA
1.00002711237674	0.999769119964349	1.00069227036159	1.00053296408754	1.00014617231551	0.999713647004409	NA
0.999899152123844	1.00040665492323	1.00034175652689	1.0000407947017	1.00000548951462	1.00032067800136	NA
1.00005633113855	1.00004248390801	1.00019453539644	1.00003484766153	1.00007638026582	1.00008681302407	NA
1.00036649992783	1.00001481239554	0.99985119559833	0.99991574159253	0.999773509862962	1.00033520495722	NA
1.00036650818528	0.999952516111536	0.999687334137721	1.00032627129793	1.00075048316452	1.00003698577539	NA
1.00006911397822	1.00015668735864	1.00077888807783	1.00088371056652	1.00137124709746	1.00029657750275	NA
1.00017421037014	1.00042600199983	0.999783971288147	1.00011596917427	1.0001854065673	0.999931342775911	NA
0.999975979616223	0.999963392084048	1.00001048156092	0.999950780269824	1.00061930058388	1.00070642327484	NA
1.00039570375895	1.00002517037065	1.00000454147827	1.00015372674437	1.00007645710861	1.00025944622576	NA
0.999954542117489	1.00058348650448	1.00030108303838	1.00083086386994	1.00076273063123	0.99986945594085	NA
0.999913178975753	0.999805661325699	0.999844306447135	0.999961704203365	0.999877941783868	1.00077236777693	NA
1.00012574641458	0.999919473883186	1.00071850594407	0.999906298536377	1.00062439621245	1.00027578430811	NA
0.999858791975933	0.999863416737586	0.999904966554959	1.00029058657911	1.00075227392036	1.00041766508576	NA
0.999824786852824	0.999810067111486	0.99972055440804	1.00093310316622	1.00020443061637	0.999950665173892	NA
1.00129384113333	1.00013338187811	1.00001855790075	1.00008248891897	1.00077489700311	1.00039170725313	NA
1.00019847378076	1.00068885382375	1.00040273636389	1.00016541191335	1.00014187464151	0.999824343959515	NA
0.999904882977627	0.999926245868046	1.00027553283168	0.999795489030754	1.00044560988899	1.00049348505298	NA
0.999752028871187	0.999895852655993	0.999904726228633	1.00036914302342	0.999713782118235	1.00002445218919	NA
1.00006899486143	1.00041523123553	1.0008107707002	0.999884155055105	0.999982663150263	1.00053795138329	NA
1.00008756707845	0.999872311673391	1.00017892884348	0.999689160178551	1.00005905757711	1.00046984028488	NA
1.0002997154517	0.999845751434159	1.00061983396443	1.00004088047476	1.00070394754445	1.00045901044879	NA
1.00032974799895	1.0002710991517	1.00025618933888	0.999882416800945	1.00031201746689	1.0000130791552	NA
1.00124326738841	1.00026914032031	1.00049572380941	1.00003043278883	0.999815782259895	1.00009354424593	NA
1.00024859394395	1.00025855188635	0.999779767975997	1.00080992640178	1.00005012539488	1.00042785188049	NA
0.999895025117158	1.00023972835591	1.0002875244057	1.00041104449882	1.00034554984867	1.00040555925117	NA
0.999743556220498	1.00006884564167	1.00023076117848	1.00038929142584	1.000221478454	0.999884574892637	NA
1.00049916409436	1.00050951028568	1.00007934826967	1.00030373580112	1.00083262104742	0.99993240600952	NA
0.999879502237897	1.00013358884667	1.00010070621058	1.00042448901526	0.999846965826481	1.00108955471815	NA
1.00098240274024	1.00008635800673	1.00007710664496	0.999800860094582	1.00021691758368	1.00016718093205	NA
1.00030436362604	1.00014801954244	1.00001305376555	1.00128100234161	1.00049132974012	1.00032886543884	NA
1.00001904565856	0.999987708140998	1.0002078023694	1.00034282703161	1.00007207842796	0.999998151970482	NA
1.00036440680691	1.00042465027023	1.00065369396757	1.00032051766853	1.00073601075124	1.00012509345612	NA
0.999742708564575	0.99974123172593	1.000146458094	1.00002342932085	1.00035020500462	1.00037261908325	NA
1.00031922644281	1.00017509360117	1.00034556499842	0.999791725119038	0.999819663741091	1.0002278687029	NA
0.999836907506815	1.00013639560446	1.00004319168844	1.00013816768552	1.00061284512325	1.00053391331581	NA
0.999810092386306	1.00012777345743	1.00011656245515	0.999855219493869	1.00039396997434	0.999929670553647	NA
0.999980776499892	1.00018034514649	1.00020811128982	0.999881359737484	0.999858626735068	1.00024879239938	NA
0.999927691566535	0.99994054746456	0.999952884694502	0.999755003361749	0.999775917096322	0.999872493805427	NA
1.00013853113978	1.00002433710393	0.999831600544458	1.00060548611903	1.00102939676579	1.00031615264857	NA
0.999709520056019	0.999671311480348	1.00078298748452	0.999879205670314	1.00056309873887	1.00035076748645	NA
1.00020139336414	1.00048313999647	0.999969842802759	1.00106089936891	0.999994315142196	0.999904059089662	NA
0.999831716608653	0.999902533325203	0.999858828636954	0.99997231304283	1.00027722557726	0.99994844685572	NA
0.999982774198413	1.00007680672646	0.999855994574886	1.00014749979113	1.00035331986967	1.00031258711302	NA
1.00022478309866	0.999948481142608	1.00028120262611	1.0002555342573	0.999886466307199	1.00030122928207	NA
0.999982780258688	1.00038203771636	1.00006747736793	1.00040457838408	1.00014865954663	0.999706792891243	NA
0.999988775767955	0.999859987730245	1.00027990958568	0.9999539411936	1.00023038264913	0.999672505955116	NA
1.00033651226001	0.999999925105048	0.999814345763348	0.999831221023162	0.999908078895027	0.999768726970985	NA
1.00062817896259	1.0001141576741	0.99988608041245	0.999856676357262	1.00014138440033	0.999978605132616	NA
1.00044620750617	1.00050782252132	1.00089848939989	1.00099046265642	1.00060145368098	1.00053320148661	NA
1.00018001719202	0.999993591614056	1.00013571509743	1.00027583547724	1.00052152931533	1.00025699367549	NA
1.00010884279688	1.00002176923561	1.00021498029074	1.0001127927864	1.0000455313298	1.00047369985365	NA
1.00078420945488	1.00038225782268	0.999967716441569	1.00024165636037	1.00012418304001	1.0001458417148	NA
1.00036221812041	0.999996409167007	1.00053640296973	0.99967088701702	0.999812081930411	1.00022071483401	NA
0.999693766602723	0.999790224604552	0.999945421754867	1.00003673693954	1.00020395183404	0.999689588928798	NA
1.00024715808056	1.00079854563373	1.00018197982403	1.00043674835648	1.00026064488392	1.000197132091	NA
1.00027367810744	0.999908522197801	0.999784905020572	0.999995589489023	1.00002741355104	1.00041446094166	NA
1.00004027560505	1.00048890409807	1.00021651870606	0.999825665717733	1.00055415419795	0.999829048589598	NA
0.999890787780548	1.00035867563602	1.00008097754836	1.00034183875525	0.99995124512767	1.0002106780948	NA
1.00023625712679	1.00059056069952	0.999963336195812	1.00066876892365	0.999848108849286	0.99980504417125	NA
1.00051673524411	1.00016712221963	1.00047626386831	1.00058008359866	1.00009629759809	1.00067676346315	NA
1.00009571248256	1.0002339046691	1.00021919838054	1.00028722719976	1.00038320823947	1.00068756078662	NA
0.999941339151961	1.00091421917049	0.999988639518388	1.00070009323532	1.00032847011742	0.999965357803595	NA
0.999771773860895	1.00003988774397	1.00020412910848	1.00079651425136	1.00016573254634	1.00025423839859	NA
1.00041026913396	1.00025604021388	1.00025050608782	1.00109669127261	1.00186534566725	1.00069628455387	NA
1.00052465928526	1.00023124995157	1.00018550703993	1.001002391871	1.00003292718927	1.00048385688708	NA
1.00062983719164	0.999922756133042	1.0000256590513	1.00021390707319	0.999873283001973	1.00041514747059	NA
1.00033719721914	1.00033836073701	1.00021874899921	1.00041694526363	1.0002391953048	1.00089600080179	NA
0.99987296130948	0.999841227018502	1.00066693428369	0.999752805160698	1.00014218390208	1.00004600455896	NA
0.999786668762945	1.00006784915276	1.00025888011597	1.00007428292565	1.00013076236123	1.00025857687078	NA
0.999739983420227	1.00021573925509	0.999810046092659	1.000298060001	0.999820018727038	1.00030496096504	NA
1.00037027561719	1.00114942563148	1.00006083158275	1.00002274228529	1.00054340846124	1.00015590632181	NA
1.00025855767275	1.00021253831409	1.00066405589469	0.999717354356472	1.00095164584665	1.00020345144971	NA
1.00019718732157	1.0002625461384	0.999948490417674	1.00001123081498	0.999873495561591	1.00028266755858	NA
1.00013402127705	1.00043061099178	1.00092214406065	1.00019823142554	1.00004311100833	1.00074959867999	NA
1.00009081502817	1.00026079946883	0.999778684540387	1.00010681118043	1.00018416449578	1.00008721944072	NA
1.0004396762339	1.00007211352652	0.999931497997553	1.0008205069325	1.00030880254416	0.999863222541217	NA
0.999924645444582	0.999966879141812	1.00005532427574	1.00021349920435	1.00048340825673	1.00013647538595	NA
0.999739750903841	1.00101731793811	1.00006471003878	1.00062323770558	1.00016410466658	1.00018447416114	NA
1.00023477660918	1.00048473537921	1.00009708726337	0.999908185887038	1.00031037900199	1.00055490101615	NA
1.00003566665311	1.00003418410557	0.99975879840275	1.00049595593529	1.00023242174453	1.00020859095346	NA
0.999970551995495	0.999738480302125	1.00000992078282	0.999785272095945	1.00145372503658	0.999783206831736	NA
0.999957872675387	0.999965395055206	0.999876957462773	1.00051928627617	1.00023708343093	1.00003079887374	NA
1.0003996841835	1.00022534336634	1.00007939101705	1.00004075898554	1.00014752980495	1.00011417846814	NA
1.00009247637535	0.999897968804432	0.999744748858137	1.00057336745574	1.00013347719125	1.00009206825057	NA
1.00066685484944	1.00005519858035	0.999837027611149	1.00000369245576	1.00047647574315	1.0000607742694	NA
1.00034998312801	0.999808917752349	0.999822996819032	1.00043700668252	1.00016361106347	1.00036724429977	NA
0.999978665122168	0.999988525523038	1.00009970926348	0.999775329205237	1.00009666776111	1.00100300823362	NA
1.00061392589349	1.00000388312281	1.00051692635199	0.999722280307846	0.999845685950034	1.00087569142419	NA
1.00006490301238	1.0000571780224	0.99988254078669	0.999860575118092	1.00083171043356	1.00021333820115	NA
1.00003469767467	0.999946303244709	0.999973501850963	1.00086574408375	0.999917095337374	1.00003822110687	NA
0.999811751069438	0.999746954157547	0.999723372427883	0.999806493822413	0.999767215447433	1.00019552865594	NA
1.00159975698255	1.00142400476721	1.00009053374736	1.00109037599572	1.00020731379856	1.00073702695918	NA
1.00004438774007	1.00007009149257	1.0001856717214	1.00023604619453	1.00018704862589	0.999969639085031	NA
0.999727806861557	1.0001321285937	1.00033973352204	1.00104201527866	1.00023280042836	1.00011276806481	NA
1.00086999603067	1.00169388361102	1.00012782068905	1.00050841800484	1.0004093600661	0.999801782279746	NA
1.00010208868877	1.00003133389526	1.00041076378475	1.00011077693433	1.00054126392739	1.00006905131835	NA
1.00014820611189	1.000542903165	0.999773140906582	1.00017169716329	0.999981301508495	0.999752973990614	NA
0.999689063240716	1.00025659770222	0.999760497511484	1.00034362800411	0.999934975003166	1.00018419735676	NA
0.999958976952769	1.00001810727009	0.999810464608691	1.00001660358294	1.00016145091428	1.00095783210718	NA
0.999727075077903	1.00074807022319	0.999928604923457	1.00062047390142	1.00032110472157	1.00100130766315	NA
1.00010291941204	0.999845088805389	1.0004573747048	1.00011051951511	0.999777774587321	1.00115931671751	NA
1.00001370715441	1.0002521165584	1.00025637918939	0.999801797008529	0.999761357790057	1.00085856357747	NA
1.00016595137892	1.0001315050886	1.00015306837787	1.00008238483784	0.999948362133075	1.00026179784822	NA
1.00000471016294	1.00016681081903	1.00004461547959	0.99990722368791	1.00129916650049	1.00035990699149	NA
1.00001491669192	0.999894235734387	0.999960498672459	1.00026935231521	0.999740466890938	1.00054755321567	NA
1.00015563216448	1.00026647169615	1.00008518612936	1.00025675913929	0.999992876688645	1.00004560100682	NA
1.0003390040191	1.00017291211641	1.00074143074678	0.999910967150914	1.000531735269	0.999922005048853	NA
0.999914978899251	1.00041547834077	1.00031730936645	1.0000289868686	1.00031334954695	1.00061557895621	NA
1.00043759520252	1.00012712616947	1.00031843309161	0.999903051777014	1.00033506783452	1.00004663717034	NA
1.00000831677247	0.999815256765417	1.00020995672265	1.00068694881321	1.0006477050057	0.999811016823342	NA
1.000368105616	0.999839896034233	1.00019149974812	1.00043903070071	1.00087966021643	1.00037132323489	NA
0.999920708438574	1.00045050877622	0.999670884147796	1.00022109365812	1.00000559774307	1.00004609316567	NA
0.999960738069911	1.0000125661057	0.999900511308026	1.0002840687544	0.999934337965884	1.00010340532705	NA
1.00035959209985	0.99982063357028	1.00061943921423	1.00045680414556	1.00014263335609	1.00002959064887	NA
1.00006426491602	1.00000786404595	1.00024414077206	1.00025268315071	1.00011365214091	1.00026450725318	NA
1.00010069135685	1.00072346225588	1.00041074898659	1.00034888994761	0.999742207564082	1.00047128541187	NA
1.00038353251368	0.999960791078752	1.000403716124	1.00022660523108	0.999872747140519	0.999979513278636	NA
1.00002117343784	0.99991705882405	0.999924464091499	0.999918009204227	1.00031210520978	0.999720715029414	NA
0.999881197966795	0.999945042156544	1.00018503552932	1.00009434755421	0.999827921529008	1.00018330549478	NA
1.00010044422529	1.00007118852924	0.999996702061625	1.00035344524833	1.00006991741264	1.0001764720128	NA
0.999938802865615	1.00061481677518	1.00045300317204	1.00064197390262	1.0000814866315	1.00002972679087	NA
1.00060786046805	1.00082131894273	1.00001769093702	1.00008150013594	0.999763454417529	1.00014137060773	NA
1.00095068825333	1.00099248691198	0.99987107445342	1.00012214588703	1.00037896065507	1.00049653200534	NA
1.00000176172802	1.00011863877627	1.00022644281392	1.00025125475341	1.00018104648516	1.00008179365728	NA
1.00015761751446	0.999969216857008	0.999973883559521	1.00091181870621	1.00027406431873	1.00017420606128	NA
1.00017370456802	0.999955156451892	0.999916568908785	1.00016861750834	1.00083051129309	1.00000303562436	NA
0.99994304761798	1.00272165700806	0.999998021403589	1.00023486060511	0.999957527035144	1.00009861986717	NA
1.00046107139226	1.00047480329757	1.00018345989417	1.00029083938585	1.00024884848533	1.0001029441433	NA
0.999814008286559	0.999989054375975	0.999960985916309	0.999952928131374	1.00046113951657	1.00015898217791	NA
0.999995056070495	0.999839435823128	1.00058988137389	1.00089290281251	1.00022037959975	1.0000754877895	NA
0.999811897133089	1.00057414286147	0.99986643682544	1.00042413041665	1.00004146246694	1.00013529981106	NA
1.00032983478088	1.00019071449947	1.00016589667233	0.999768886508013	1.00002542902761	1.00002247106455	NA
1.00081413147019	0.999769167462846	0.999713539226659	1.00025534635788	1.00008270041066	0.99987152565286	NA
0.999866622856284	1.00117045185136	1.00046107845765	1.00063018069277	1.00063351975515	1.00015314427924	NA
1.00020416740911	0.999990871267608	0.999922489366604	1.00086595241595	1.00031057222692	1.00033427743856	NA
1.00086335823989	1.00047675698304	0.99999713090504	0.99987890945523	1.00013024379841	1.00047962038102	NA
0.999936024439333	1.0006783729239	1.0001045504383	1.00012049868346	1.00040002398777	1.0003176559538	NA
0.999754463670445	1.00011330066166	0.999984494099259	1.00070064460225	0.999945069739888	1.00109407295741	NA
1.00052687401916	1.00069860319114	0.999842763098858	1.00006044585692	1.00035808212312	1.00031490385338	NA
1.00015097941842	1.00001233677033	0.999828337304537	1.00080013404704	1.00139452607234	1.00046153617485	NA
0.999807409757465	1.00013462536185	1.00009869154261	1.00028471596303	1.00099944739701	1.00016495550243	NA
1.0006477980147	1.00095177362335	0.999681205815657	1.00049280520619	1.00001343424639	1.0002254259039	NA
0.99984374073988	1.00014255722066	1.00029302306867	1.00062535834654	1.00086675692714	0.999790788813959	NA
1.00020889035747	0.999842846852317	0.999798148911147	1.00049181728343	0.999871269082416	1.00026250668739	NA
1.00000692597611	1.00009327915694	1.00012585634604	1.00004608507448	0.999964387669121	1.00009419012895	NA
1.00001979143871	1.00026371465982	0.999790208820743	0.999888488068119	1.00027840244471	1.00015628247533	NA
1.0000032930617	1.00012356230574	0.999829454939444	0.999956576734477	0.999919502496151	1.00013577019783	NA
0.999738885429269	1.00033393212887	0.999905569118343	1.00020765310834	0.999954162604348	1.00020852806012	NA
1.00025477621278	0.999991524830797	1.00002906443775	1.00074795891702	1.0000724175382	0.99974734207451	NA
0.999997795089023	1.0001366473436	1.0009519832551	0.999861189829996	1.00045653875768	1.00014079292125	NA
1.00031935225074	1.00045615950363	0.999990386740177	1.00008209018272	1.0000120591467	1.00069450365982	NA
1.0004489937968	1.00002522574941	0.999961480295725	1.00023880306603	1.00029516937397	1.0006316667487	NA
0.999737770344723	0.999831703156776	0.999842141897025	1.00061017178187	1.00046841526854	1.00004118654815	NA
1.00014840658081	0.999953374574717	1.00015248090061	1.000222697781	1.00090270934923	1.00011800492485	NA
1.00008952025064	1.00076938124897	1.00043749494642	1.00007109866959	1.00008255650059	1.00004979943245	NA
1.00000213712405	1.00022756277647	0.999831243084668	1.00038392754436	0.999958424578543	1.000415276326	NA
0.999951863949404	0.999766515403407	0.999857779876984	1.00040940906031	1.00088398756587	1.00024701274107	NA
1.00014817675084	0.999900678592087	1.00014285700496	1.00027450124209	1.00004992227817	1.00102086626754	NA
1.00078779310435	1.00064616837485	0.99978115438167	1.000731759345	0.999963097542451	1.00016924042725	NA
1.00115141976524	1.00165100047188	0.999914862033376	1.00027157878182	0.999779907134191	1.0008300213085	NA
1.00030511253055	1.00005115298503	0.999980618242402	1.00006386334646	1.00003099567662	1.00052339171895	NA
0.999861882522989	0.999964918388608	1.00002496060004	1.00031768993345	0.999857822166712	1.00057476928464	NA
1.00031839325948	1.00024853388084	1.00023624904196	1.00070999438264	0.999934399077823	1.000691701521	NA
1.00003167426268	1.00015486490072	1.00024524580429	1.00045033364339	0.999767793796047	1.00020779699519	NA
0.99996997417132	1.00004233357443	0.999844436877645	1.00085397213014	0.99975810403909	0.999863107591088	NA
1.00050428902489	1.00008738360163	0.999834422631175	1.00037827102536	1.00039869844511	1.00005665967519	NA
1.00001511793706	1.00030486499974	1.00002316832907	1.00011986727513	1.00061798438587	0.99996559949075	NA
1.00004552521745	1.00027260964809	1.00026002383132	1.00043578673202	0.999832873399201	0.999766293655941	NA
1.00016922117648	0.99979476523659	1.00037759598709	1.00021599686587	1.00008026078297	1.00036839102423	NA
0.999880925758555	1.0001918627532	0.999712863482918	1.00031621466548	0.999834966169552	1.0008595572557	NA
1.00000022941376	1.0001453572473	1.00066787022604	1.00027161253826	1.00025422715976	0.999912631784839	NA
0.999672906033196	1.00129302809655	1.00036059858878	0.999899700464266	0.999918676087813	0.999950688333372	NA
1.00013623466696	1.00023566967809	1.00020080629819	1.00013157402596	1.0000586040864	0.999971667948442	NA
1.00010170981663	1.00054802082333	0.999889667146891	1.00002067347009	1.00025486552102	1.00023023134249	NA
1.00000967581466	1.00020730275568	1.00046879958902	0.999769863860507	1.00003758078449	1.00050604761725	NA
1.0000384828946	0.999989114616379	1.00006709126286	1.00088728366298	0.999944975022284	0.999805801063213	NA
0.999976021403289	1.00060128379294	1.00027103630194	0.999978051435324	1.00003196868514	1.00015188040328	NA
1.00041106343017	1.00031699558302	0.999898559021865	0.999960096796423	1.00004283210311	1.00018534363082	NA
1.0000288006515	1.00064148844444	1.00011521810521	1.00045202838739	1.00008969707179	1.00010360564257	NA
1.00024634919967	1.00032376151412	0.99983979733578	1.00033884038611	1.0001342658838	1.00048797244626	NA
1.00045887329611	1.00033628583733	0.999938262145042	1.000267962428	1.00069794785818	1.00049554084377	NA
1.00060172795874	1.00050803848979	1.00027811576691	0.999767069034677	1.00033219339064	1.00008089637666	NA
1.00036860598674	0.999945030265777	1.00019165243775	1.00036060240891	0.99989783449184	1.00005881378946	NA
0.999943844695936	0.999884165487178	1.00071634237856	0.999718760924914	1.00029236271568	0.999973653190823	NA
1.00023157084653	1.00035783061227	1.00021421250078	1.00000960978912	1.00015572501698	1.00012349293221	NA
0.999814802031903	1.00046871142147	0.999870933781217	0.999753527166923	0.999963535936905	0.999902853570707	NA
0.999990429360838	1.00000937956582	1.00061483402577	0.999876350317767	1.00015133871266	1.0002114914924	NA
0.999901857841441	1.00044876581785	0.999775341207736	0.999727032789079	1.00047016109657	1.000180033248	NA
1.00089520117698	1.00006456985133	1.00006708667312	1.00029962209017	1.0003399604169	1.00043351025101	NA
1.00014828698592	0.999773686749309	1.00020056855351	0.999959042882916	1.00060517481202	0.999717621806346	NA
1.00044480587581	1.00016257733562	1.00012870844975	1.00084976620313	1.00021751156917	1.00029870950017	NA
0.999977256085606	0.999985856065042	0.999821717120761	1.00022170552611	0.999851369489044	1.00015182142335	NA
1.00017252405762	1.00046763428622	0.999744687990861	1.00126904808438	0.999939769169527	1.0000673371493	NA
1.00015614075075	1.00064753836093	1.00014650034243	1.0000858614411	1.00027378617963	1.00001804707547	NA
1.0000478341373	0.999726808349926	1.00060901157138	1.00034275681841	1.00005348477827	1.00033240352258	NA
0.999734416699855	1.00012806383965	0.999950293178475	1.00067399722372	1.00005619236639	1.0000917221981	NA
0.999926373295638	1.00025550749093	0.999945887813535	1.00018734462963	1.00044261533758	0.999821308904761	NA
1.00024636153913	0.999725314856965	0.999983318352114	1.00057810141749	0.999778801307533	1.00006318251839	NA
1.00102483408809	1.00007854488119	0.999879459760316	1.0002663083503	1.00065633880596	0.999963120110227	NA
0.999904851336567	1.00047508252334	1.0000362047055	1.00037370970552	1.00032188253037	1.00003352146153	NA
1.00011015745998	1.00028606517681	0.999993075817158	1.00024209825461	1.00051187874716	1.00058822421966	NA
1.00035219683038	1.00062453837476	1.00001279043223	1.00060371214518	1.00010878969242	1.00012531516404	NA
0.999852148126123	0.99996066922082	0.999783193251106	1.00150765762135	0.999769117181217	1.00014961935501	NA
1.00004161268946	0.999824679746223	1.00020693790012	0.999900847521	0.999942682010451	1.00001963225653	NA
0.999762905313077	0.999877516103194	0.999933786269395	1.00127584295195	1.00049981057129	1.00047329322298	NA
1.00006451476276	0.99977408506243	1.00020705982287	1.00012981760072	1.00023610119904	0.999785589456161	NA
1.00008133749992	1.00010726558813	1.00011618367311	1.00035301340385	1.00008933766781	1.00056006572732	NA
1.00063956879284	1.00008605555485	0.999974466568774	1.00030017444757	1.00003342208366	1.00032912727198	NA
1.00005913210941	1.00022024152651	1.00014749940927	0.999755055168936	1.00043016804563	1.00034017414281	NA
0.99976941207262	0.999766352240667	0.999899458476262	0.999921947633591	1.00026340037602	0.999798687188852	NA
1.00013259883929	0.999762554889411	1.00094231555482	1.00033629575156	1.00018615104178	1.00014452177366	NA
0.999958998001912	0.999940884842329	0.999894341108655	0.999781961880855	0.999819619792531	1.00067433453645	NA
1.00067412052539	0.999970012018173	1.00043459382657	1.00002578889465	1.00014820238625	1.00007565949617	NA
0.999991737756766	1.00007511015766	1.000251549358	1.00044981234412	1.00161259990641	1.0001384700774	NA
1.00027789244717	0.999954487856183	1.00019551362379	1.00003188340822	1.00016515159092	1.00017435317866	NA
1.00039351204801	1.00097082856039	0.999959177592221	1.00003210834184	1.00014146649493	0.99996396224175	NA
0.99997214177769	1.0001954421154	1.00001313684522	0.999990007314591	0.999913382906001	1.00011511156582	NA
1.00008578558878	1.00036109274204	1.00029355599936	1.00002679811657	0.999903307554684	1.00005266264455	NA
0.999967546905386	1.00004298081544	1.00021493250466	1.00041972767982	1.00004707766121	1.00033076144515	NA
1.00019888217542	1.00056222368105	1.00024994142539	1.00049835897953	1.00024105100567	0.99987553855818	NA
0.999872061197504	1.0000170240711	0.999717292508589	1.00019772526905	1.00022978229665	1.00080411875286	NA
1.00009814016768	1.00038711715234	1.00012515476561	1.00091016987309	1.00024315943334	1.00126589666041	NA
0.999883295952152	1.00020119727556	1.00052196784478	1.00023673792277	1.00039364143259	1.00083265934832	NA
1.00022255384928	1.00023326824003	1.00001585895603	1.00011927100302	0.999802582873328	1.0005482742176	NA
1.00011706181729	1.00011972837792	1.0002086270439	0.999875720168828	1.00064636261522	1.00060572159335	NA
1.00025445098402	1.0000363078601	1.00045334013419	1.0006477317899	1.00074786828044	1.00036951623178	NA
0.999981406989118	0.999754855487939	1.00017910072732	1.00003682774297	1.00036305080005	1.0005818342703	NA
1.0006504523639	1.00038751074546	0.999983768972804	0.99980992233732	1.00026271421977	0.999983476534281	NA
0.999795609764839	0.999937355643391	0.999881657082213	1.00035779083398	1.00004588236653	1.00010728689594	NA
1.00093366479321	1.00023781677573	0.999818224860495	1.00063063175027	1.000345282185	1.00159470916747	NA
0.999701112475267	1.00031960898652	1.00066984163762	0.99993905766128	1.00025677702642	0.999643576133009	NA
0.999837646216591	0.999969849518322	0.9998320995322	1.00019784893995	0.999752914169067	0.999852512366205	NA
0.999802035741838	1.0000860586686	1.00014842542318	1.00005065618161	1.0001488448229	1.00064935789126	NA
1.00130322412391	1.00044885168691	0.999939181647775	1.00038127932976	1.0004705142494	0.999934871311289	NA
1.00041990626819	0.999876616429099	1.00002162160776	1.00171317147118	1.00001608795866	0.999764771991929	NA
1.00019836784048	1.0002578978348	1.00057614874132	1.00029847842792	1.00117300960348	0.999878145779924	NA
0.99996998275138	1.00033738958876	1.00060416636361	0.999902513726706	1.00013071493632	1.00010289416271	NA
0.999832118039067	1.00011428931315	0.999855646813031	1.00021257456549	1.00026167770009	1.00012231825097	NA
0.999988463404974	0.999994502886061	1.00017372253718	1.00038908786613	0.999943160056097	1.00106954225078	NA
1.00003871521329	1.00100767296203	0.999963825286505	1.00049424056274	1.00059497418642	1.00040144086602	NA
0.999892325368443	1.00044845716469	1.00000952709637	1.00013534346582	0.999802536716467	1.00001130849649	NA
1.00007273447588	1.00027398323589	0.999821299247682	1.00024053800465	1.00003163097217	0.999841056914826	NA
1.00012741806093	1.00023671278265	1.00020831005795	1.00070490492793	1.00050271176706	1.00022132041802	NA
0.999902418073433	1.00067533680455	0.999870810213353	1.00078341040163	1.00032012601842	1.00091738016153	NA
0.999917324533333	0.999727455899055	1.00032972835339	0.999722899730191	1.00016304308346	1.00045795535124	NA
1.00051418405466	1.00019689716859	0.999955502022037	1.00018703598812	1.00008728708257	1.00051814882826	NA
1.00020003316177	0.999769129880615	1.0003108944306	1.00057194794927	0.999957324271877	1.00065179166491	NA
0.99975993865574	0.999941126754644	1.00024054074712	0.999981375295424	1.00005107228256	1.00011184485883	NA
1.00012268563108	1.00033358221861	0.999845464769477	1.00140005047622	1.00011452205139	1.0006218438162	NA
1.00067502065746	0.999817031288734	1.0006936221607	1.00001015179838	1.00000787130112	0.999885368377726	NA
1.00147588835621	1.00049928447151	1.00028696204572	0.999758779003881	0.999860321716486	1.00009355847028	NA
0.999914401097105	1.00087403466819	0.999802454807163	0.999896036155136	1.0000362757617	1.00022730342365	NA
1.00059690367395	1.00002208227136	0.999983341914369	1.00028165669574	1.00010604496015	0.999764976717818	NA
0.999984681798488	1.00015970449823	1.00015839669432	0.999984499560153	1.00040257969892	1.00006307857623	NA
0.99996725825328	1.00015803413231	1.00055433873071	1.00037929834228	1.00068746457544	1.00058735577319	NA
0.999792796383677	1.00048890257837	1.00060148346306	0.999784913789808	0.999967225686586	1.00010102614649	NA
0.999889977722808	0.999845643131204	1.00039349972571	1.00136898988153	0.999920217127414	1.0008202676995	NA
0.999932790756133	1.00031660720754	0.999846251134005	1.00050361574397	1.00002647716847	0.999833387503904	NA
1.00002249058839	1.00012906190829	1.00011521347713	1.00125249602482	1.00029001712446	0.999875098346263	NA
1.00032849094011	1.00030891128985	1.00003400549606	1.00042406476863	1.00025217088302	0.999974662684141	NA
0.999738661744477	1.00024503610339	0.999932835409194	1.00005939948818	0.999818809097395	1.00058245115433	NA
0.99986098339562	1.00035674847718	1.00034754692019	1.00014686489713	0.999887184149031	1.000180945307	NA
1.0006244886597	1.00005716007617	1.00012058922051	1.00015114013074	1.00016421955604	0.999721707774664	NA
1.00086861930744	1.00034457146693	0.999754113425716	1.00014627083422	1.00060315028828	1.00040918550828	NA
1.00017201781366	1.00033434845064	0.999848159520687	1.00004114498676	1.0003932444899	1.00013932713086	NA
1.00015928643212	0.999714455507645	1.00091170661386	0.999758027797199	0.999765601300148	1.00007989781487	NA
1.00046893232999	1.00020284238742	0.999951103888955	1.00128914763293	0.999886381801495	1.00013532795889	NA
1.0000932326711	0.999966474396218	0.999901257032878	1.00044126721611	1.00011567633072	1.00023631224759	NA
1.0001884498145	0.999975545228304	1.00032675185228	1.00032891281224	1.00063507285619	0.999929671739787	NA
1.00030312601912	0.99999826648479	1.00096026727529	1.00024737198869	1.00108951139655	1.00029092581132	NA
1.00001917919424	1.00048514063797	1.00070678338132	0.999888898637801	1.00081046554863	0.999984785037912	NA
1.00059495545109	0.999855067518547	0.99995589396442	1.00015473216796	1.00001393465304	1.00006645083656	NA
1.00033535571357	1.00093696072186	0.999909906148162	0.99983554716326	1.00065633053591	1.0011592935907	NA
1.00101530550244	0.999934743813392	1.00022561512022	1.00002982809617	0.999970305189438	1.00038106990758	NA
0.999955548512566	0.999854728034489	0.999918855182962	1.00049294123171	1.00013758048969	0.999955594836282	NA
0.999710142306001	1.00102107484094	0.999924567689482	1.00038454038271	0.999810094431217	1.00109209921422	NA
1.00034722406094	1.00010475275735	1.00076012682699	1.00006106492574	1.00011673501781	1.00051206353775	NA
1.00037156824346	0.99978660509315	0.999935200344049	1.00011195493848	1.00045168731266	0.999939606859989	NA
1.00016608678312	1.0001231581269	1.00037527088711	1.00031931583655	0.999803820876684	0.999822792105826	NA
1.00088176623435	1.00103627693738	1.00033587804681	1.00006374358418	1.00000812235048	0.999810527698549	NA
1.00023458861165	0.999904980392884	1.00006386282107	1.00065695401156	0.999777545344282	0.999773828593231	NA
1.00075750815093	1.00030713181326	1.00009378896255	1.00019112761262	0.999791927518248	1.0001096405274	NA
0.999816709959094	0.999795164636876	1.00018830324254	1.00015579900707	1.00018905564377	1.000383520179	NA
1.00009399300022	1.00014919326013	0.999975619552512	1.00080581310717	1.00010239156627	0.999906809188441	NA
0.999782584978738	1.00007801211752	1.00061856092623	0.99987516336409	1.00007900844231	1.00010332891564	NA
1.00051625097541	1.00066209181506	1.00024342626602	1.00073076924089	0.99990450718469	1.00076280226289	NA
1.0001776899598	1.00047977006717	0.999961177379981	1.00016927033877	0.999791706482631	1.00043149199976	NA
0.99977330165945	1.00028155844982	1.00018422408368	1.00166076122021	1.00025562749269	0.999899443675617	NA
1.00091573602269	1.00037286158151	0.999898535085065	0.999978649087044	0.999923174252406	0.999817502306486	NA
1.00016525448641	1.00010854897061	1.00003741219634	0.999909212127638	1.00022261518956	1.00080138886661	NA
1.00025997514688	1.00018458529663	0.999938033211516	1.00042934623275	0.999879085772051	1.00005571324547	NA
1.00009529450682	1.00013221616265	1.0002064046837	1.0005069055747	1.00048943698434	0.999884751928983	NA
0.999796282883021	0.999747751443226	0.999932209497159	1.00129501480014	0.999977937749244	1.00012097343239	NA
1.00042788978789	1.00002179519493	1.0000226495867	0.999967477503948	0.999835563734129	0.999998175063138	NA
1.00041920225709	0.99971166580522	1.00083795593064	0.999960022298948	1.00016266225603	1.00029248969209	NA
1.00050327152172	1.00075409482649	0.999982042250714	1.00087815302982	1.00029285475433	1.00035001007137	NA
1.00005076425378	1.0001685326451	1.000688706059	0.999748905517858	1.00004080111761	1.00007174081551	NA
1.00006586661886	1.00017783778762	1.00042350556573	1.00150491854656	1.00012056616856	1.00125044205975	NA
1.00020591412521	0.999897654543128	1.00005402441828	0.999951547998631	0.999912322515544	1.00005299581386	NA
1.00019269393239	0.999872912121715	1.00044687037542	1.00012861640759	0.999701833076624	1.00074251183161	NA
1.00058512176698	1.00042990746963	1.00031187449294	1.00026768548534	1.00047537070892	1.0007092241783	NA
1.00152815106153	1.00197940967981	1.0003365965183	1.00070411056429	1.00123515576914	1.00059539168999	NA
1.00001626194523	1.00023956759413	1.00063713299699	1.0005062933984	0.999708711095639	1.00022475070738	NA
0.9999888616984	0.999845054236188	1.0002472370823	1.00074102550703	1.00023799394132	1.0002967110764	NA
1.00031375166694	0.999881818367064	0.999882799896337	0.999864145959829	1.00018276835486	0.999789504049165	NA
0.999736619624192	1.00030845483384	0.999941803054025	0.999764195071008	1.00026697284869	0.999917163374029	NA
1.0007455746455	1.00058658709317	1.00071029825321	1.00030640639221	1.00068761281251	1.00106937286513	NA
0.999735396159988	1.00054562055099	1.00022906641849	1.00032080872739	0.999801592670003	1.00092568426923	NA
1.00006617316391	0.999672861866334	1.00010643943504	1.0012581126156	0.99990413840111	1.00093738482526	NA
1.00025350659477	1.00046942242016	1.00051299894547	1.0012980379988	1.00025348617855	1.00052472998986	NA
0.99999786773511	1.00029613155586	1.00053844294781	0.99993519144414	1.00057251335486	1.00026875876164	NA
0.99994042775859	0.999799575265355	1.00004396308186	0.999876066118362	1.00039182233836	0.999841116604344	NA
1.00011648389515	1.0005331278363	1.00008380022973	1.00030722119906	1.00024447588125	1.00015376611132	NA
1.0004641863709	1.00054147266267	1.00060069706025	1.00052709065597	1.00051447171771	1.00071994745679	NA
0.999849869205987	0.999932039109196	1.00029695211513	1.00119237914152	1.00047675987122	0.999903380996631	NA
1.00005514493892	1.0004643028381	1.00039763319513	1.00002348453766	1.00021964839734	1.00057523751888	NA
0.999909272428473	1.00039496426604	1.00000710355505	1.00021146760828	1.00042637802602	1.00003338908809	NA
1.00004603697072	1.00030767438954	1.00000929992083	1.00026213564192	1.00035617190089	0.999953185992268	NA
0.999976535334859	0.99993607686942	1.00017743292316	0.999902762076934	0.999971061668639	1.00024974561786	NA
0.999905129781494	1.00054966615673	1.00042404898549	1.00038988501136	0.999811975390589	1.0000497792073	NA
0.99984067802699	1.00000038908875	1.0000018948017	1.00049896673524	1.00005148670458	0.999725857792219	NA
0.999963338854468	0.99974981354756	1.0002162599932	1.00078270587546	1.00001050114902	1.00087520827427	NA
0.999772142992866	0.999826706619233	0.999889930753062	1.00027135419886	1.00070882645193	0.999821118961497	NA
0.999816438716842	0.99993247626673	1.00076801290103	0.999876413841959	0.999857834569466	0.999779514438428	NA
1.00006500228741	0.999824889688171	0.999934998985085	1.0007292544236	0.999985615870022	0.999965587914082	NA
1.00000469363344	0.999870293670617	1.00010130759702	1.00007552838302	1.00012665862315	1.00059002606076	NA
1.000344626453	1.00040467804145	1.00020255413276	1.00064264579756	1.00100134766865	0.999883577201992	NA
1.0007467048398	1.00051116090693	1.00031774668919	1.00070714901831	1.00010038980684	1.00055575103021	NA
1.00014160442447	1.00039810873527	0.999840958776417	1.0000174322403	1.00009919930568	1.000067510465	NA
1.00016563226546	1.00103551398933	1.00019086575071	1.00061439120723	0.999973969770997	1.00046395682319	NA
1.00032436488624	1.00054933963406	1.00070879975734	1.00038013531592	0.999789953319412	1.00026624865705	NA
1.0007687798468	1.000188841668	1.00035708482568	1.00022985608595	1.00009928216925	1.00090370344594	NA
1.00002449047185	0.999907479368834	1.00010945011114	0.999709391328178	1.00010856985952	0.999968936539995	NA
0.999638695813789	0.999729391126074	1.00007247202785	1.00102753163935	0.999790877973862	1.00019634349989	NA
0.999973826878806	1.00009266275737	0.999913393912256	1.00021774930715	1.00112128096507	1.00031648708786	NA
1.00105070379074	0.999762297040188	0.999937218963132	1.00019676817681	0.999928560306978	0.999887866580699	NA
1.00039468210201	0.999961166038256	1.00013630226843	1.00067899842714	1.00002298801218	1.00005122829172	NA
1.00012259978292	1.00056600821462	1.00026338316602	1.00036796232541	0.999932508292968	0.999725750596933	NA
0.999869284803992	1.00078939676835	1.00034577483687	1.00099504299439	1.00015314481317	1.00001437916662	NA
0.999811235715485	1.00011487591423	0.999942621318846	1.00088930319265	1.00036894349389	0.999986769057205	NA
0.999844564769493	0.999801517393455	0.999904676394179	1.00073292773628	1.00015658107985	1.00011756752694	NA
1.00022401507964	0.999969833990541	1.00018607543837	1.00003946548621	1.00049628349803	1.00055788948585	NA
1.00029227404235	1.00056415239194	0.999954376120386	1.00012005996018	1.00018770546682	1.00046998573606	NA
1.0002239026202	0.999856860931544	1.00008706964487	1.00063044109515	0.999916826782833	1.00001783022533	NA
1.00008506957344	1.00007383788938	0.999734069233571	0.999967160665296	1.00007835344278	1.00057075385364	NA
1.00003501638884	1.00029948597458	1.0005675164951	1.00023236509129	1.00038253013491	1.00021375552275	NA
1.00028368769409	0.999756221730662	1.00059857589037	0.999727552291997	0.99996673663402	1.00009996202898	NA
0.999832974360741	1.00012482388879	0.999997968901278	1.00014300381525	1.00027707837628	1.00024406293145	NA
1.00023248919771	1.00021828031277	1.00058237371567	1.00051851826213	0.99984653742136	1.00000216857661	NA
1.00018106508248	1.00017365698673	0.999928452770667	0.999929668198362	1.00025265864728	1.00013793701157	NA
1.00016411306216	1.00033775411608	1.00087501543778	1.00036669218873	1.00006065690384	0.999958590363157	NA
0.999818460260718	1.00090655900458	0.999945329316364	1.00014991296753	1.00098471001781	1.00040614317035	NA
1.00026205645412	0.999809026173981	1.00022216115249	1.00062655015853	1.0001622763613	1.00005225076262	NA
0.999956772110988	1.0005149050267	1.00049938929033	0.999897151521443	1.00006789162959	0.99987950943582	NA
1.00069816636438	1.00029528070771	1.00074000228327	1.00107812244139	1.00031850405948	1.00008838306925	NA
1.00041348467595	1.00017199072605	0.999996766417483	1.00003670749868	0.999958520518686	1.00022027917053	NA
1.00020413157927	1.00021970471175	1.00001890706062	1.00035595610177	0.999894338854575	1.00015756807799	NA
0.99996779695074	1.00185608849003	0.999973351682432	1.00004699328876	0.999885730313988	1.00038538206427	NA
1.00016685093823	0.999997573506715	0.99970260006298	1.00009209772145	1.0016800657887	1.0004578583483	NA
0.999810181770173	1.00013976347794	0.999857678478858	1.00006117359895	0.999972940129256	1.00006761344217	NA
0.99987077016986	1.00005460091135	1.00012431512006	0.999742422279186	1.00027323674756	1.00034283570588	NA
1.00010240236547	1.00009064140301	1.00056178916769	0.999712879439344	0.999669809167073	1.00017521516494	NA
0.999809255329069	0.999718091701296	1.00001932038024	1.00040610268504	1.0005731510887	1.00058090670077	NA
1.000187695472	0.99998027525966	0.999827728083691	1.00066955964263	0.999887368617285	1.00000263785318	NA
0.999737430278588	1.00061096313108	0.999958276952845	1.00012153890758	1.00012573159551	1.00089541415876	NA
1.00056535561023	1.00035094290686	0.999951474426454	1.00035664708858	1.00000556446651	1.00027420030418	NA
1.00010620216476	1.00053977754925	0.999953617550564	1.00018563763064	1.00022482805453	0.999931874837638	NA
0.999900947888652	0.999976989076435	1.00053410811438	0.999875213539439	0.999972894854415	0.99988344847559	NA
0.99987042124478	0.999978263038768	0.999935056808683	1.00045375297808	1.0008129685627	1.0000388498946	NA
0.999918698663357	0.999962992907526	1.00037514385453	1.00024941082893	0.999860631685264	0.99992230032225	NA
1.00014608984927	1.00003727761479	0.999954442243555	1.0003073690174	1.00011000239975	1.00021507807007	NA
1.00056007761614	0.999806680253938	1.00007652485945	1.00091216428526	0.999809735969265	0.999806414345052	NA
1.00050435736933	1.00134125092946	1.00026641688088	1.0017533179614	1.00023350093637	1.00070430722324	NA
1.00042129717297	1.00059875295904	1.00016158210324	1.00023043733818	1.00012701125473	1.00069912598977	NA
1.00001989685334	1.00036426354356	0.999748537590275	1.00023571667505	1.00012526550785	0.9998237052765	NA
1.00045594994534	1.0004212272101	1.0001965065329	1.00036675335158	1.00097114081011	0.999688904949534	NA
1.00057505304315	1.0001622082489	1.00000354552987	1.0003656105449	1.00010047742096	1.0002280001575	NA
1.00003337280117	0.999753312063445	0.999967996886882	1.00010587410213	1.00014805826459	1.00074379320145	NA
1.00010841721915	0.999914960192147	1.00020748189763	1.0003250642096	1.00042894279327	1.00060576941984	NA
1.00052836940229	0.99998104640791	1.00030136614067	1.00030021331489	1.00015030251607	1.00055484519785	NA
0.999873633301663	0.999975186363215	0.999975218050722	1.00026465188962	1.00036976633394	1.000290488774	NA
0.999816539430605	1.00005450261154	0.99987799581273	1.00024275433033	1.00030067150637	1.00053861813887	NA
1.00007637039169	1.00018328289313	0.999840814588809	1.00000175505526	1.00010110635713	1.00042681866262	NA
0.999848616630652	0.99996165636363	1.00023812089323	1.00039076797464	1.00051916065975	1.00063064413902	NA
0.999926124342958	0.999767855916723	0.999906179986747	1.00076236044809	1.00029231372635	0.999881453658613	NA
1.00066240496546	1.00019918716373	0.999997188409552	1.00032222086671	1.00087128475075	1.00024088618304	NA
0.999682589852833	1.00059308676263	1.000088325826	1.00019515088439	0.999977815603754	1.00011003011511	NA
0.999902290752538	1.00012883224514	0.999799906894614	1.00200183100602	1.00001453289615	0.999956049393011	NA
1.00034474193194	0.999856307229488	0.999991014652916	1.00014749901291	1.00038363234498	0.999915931233199	NA
0.999982912833136	1.00010959833158	0.999963982298642	1.00019768204819	0.999676837293831	1.00008137219067	NA
1.00056971857644	1.00033040076621	0.999838242796701	1.00031935675391	1.00001799372894	0.999977693835668	NA
1.00091073962048	1.00150766984272	0.999834504283714	1.00099361980711	0.999855285097045	1.00043336539526	NA
0.999862637417217	1.00027886756249	1.00017702598051	1.00026711305613	1.00012626616922	1.00028951593169	NA
1.00015355785806	1.00008339557582	0.999792581526132	1.00036504291857	1.00036145304036	0.999748270320609	NA
0.999779046323009	1.00002760718924	0.999851454219029	1.00076682812347	1.00019192325674	1.00011695375026	NA
1.00056854073038	1.00043507745151	0.999854558714276	0.999807883361815	0.99982056059048	1.00031139491435	NA
0.999860894424556	1.00022689528469	0.999826004857784	1.00029487044984	0.999750375774655	1.00013759268848	NA
1.00003332698845	1.00045749370389	0.999970395329824	1.00094680954014	1.00053364902596	1.00002892486298	NA
0.999695520581257	1.00002245018528	1.00012164227386	0.999978047710337	0.999993632308991	1.00008292694431	NA
0.999792840050064	1.0000535237243	0.999753019904005	0.99987162723459	1.00020854541674	1.00001439789716	NA
1.00046193553462	1.00061374810155	1.00057992476602	1.00013011912818	1.00061969015655	1.00012319931554	NA
0.99985689549406	0.999746375059169	0.999864532969225	1.00011401959672	1.00048995163902	1.00019395888083	NA
1.00011498122982	1.00002007696654	1.00001580943726	0.999824183965095	0.99967960322803	1.00010762453556	NA
1.0006255568473	1.00087476278014	0.999719749754215	1.00023887418196	1.00028434944385	1.00145924392007	NA
1.00014004565544	1.00015183745871	1.00012753219955	1.00054017074828	1.00042787865454	1.00009867571686	NA
1.00028857996192	0.999998846610888	0.999933774612655	1.00027869216769	1.00075186724077	1.00094126473492	NA
1.00061511337078	1.00033538676619	1.00012730870885	0.999935192856008	1.00023047243594	1.00000483788999	NA
1.00036869314959	1.00041959084449	1.00003536728889	1.00009229340624	0.999836152584873	0.999818435233376	NA
1.00019459263382	1.00026094713148	1.00059032547334	1.0001009659661	1.00072915182506	1.00080381316892	NA
1.00075545887648	0.999811891292613	0.999871430042973	1.00020079981491	1.00005037144777	1.00016391377413	NA
1.00014745841794	1.00141195799087	1.00013300269311	1.00035475740897	1.00119872338097	1.00047683539647	NA
0.999758642526273	0.999876197290069	0.999885472388583	1.00030838864962	1.00121340332547	1.0003390426298	NA
1.00062741330594	1.00041599610968	1.00013302319254	1.00005490797567	1.0003120557663	0.999877019873014	NA
1.00023428929838	0.999821976777867	0.999776699728121	1.00046308018166	0.999920508130228	0.999861377266542	NA
1.00011510068569	0.999672093479069	1.00015311414001	1.00048751430862	0.999988557174317	1.00065384264851	NA
1.00000546179325	1.00030922592314	0.999911573240901	1.00009694550493	0.999715656933118	1.00022521080738	NA
1.00009532124226	1.00024758618404	1.00025150691801	0.9999540906081	1.00034768064894	1.00002252159954	NA
0.999771564363058	1.00045549295975	0.999945260081675	1.00051568943813	1.00038306531597	1.00001631889408	NA
0.999937873437928	0.999904965870795	0.999933065067698	0.999924695484707	1.00011736704323	1.00086577753682	NA
1.00057513813796	1.00018937449944	1.00047548895928	1.00058516031812	1.00015237851432	1.00029881739956	NA
1.00007062177255	0.99997454480429	1.00070267012107	1.00027401436333	1.00031365112198	1.00029755168992	NA
0.999842527730081	1.00031879337307	1.00013826611103	1.00028588774378	1.00006189334132	0.999975089885943	NA
0.99979115773942	0.999712551972508	1.00013652677495	1.00059435710017	1.00019285836068	1.00027974846116	NA
1.00078725905648	1.00058918487772	0.999746464944763	1.0002809898988	1.00004901596877	1.00051602738106	NA
1.00006691901995	1.0000995188975	1.00019804129264	1.00017735935338	1.00033479812609	1.00009954916225	NA
0.999852689489149	0.999940994839534	0.999861396756348	0.999883909503218	1.00011451422237	0.999889476692832	NA
1.00057160766574	1.00004812482335	1.00061642421413	1.00017493053323	1.00052484220075	1.00088245932695	NA
1.00028323665084	0.999953793663235	0.999840378932965	1.00132932203571	1.0002762628739	1.0001351265497	NA
0.999798276665622	1.00058305521672	0.999932787819472	1.00023792625443	1.00030668463041	1.00025740922941	NA
1.00017374255189	1.00019251543927	0.999788672135627	1.00019618040323	0.999734640221399	1.00069004066137	NA
1.00000114932972	0.999712259253324	1.00055263803511	1.00018935392569	0.999860055089405	1.00016470003923	NA
1.0003576404835	0.999862651178309	0.99998546243895	0.99996529524155	0.999755804270551	1.0001470719436	NA
1.00033641473367	0.999815019832493	1.00037243197447	0.999835078905517	1.00055949487857	0.999858280971859	NA
1.00035798057007	1.00007019837601	1.00060693173939	0.999982865162525	1.00019841277083	1.00002571793252	NA
0.999942089461743	1.00037638404358	1.00019756782175	0.999910457390034	1.000215529911	1.0006508084292	NA
1.00008353916228	0.999929747189126	0.999775333334568	1.00005112480009	1.00050092398292	1.00052501597063	NA
1.00042502613251	1.00073071162379	0.999881942736448	1.0002302403774	1.00049303714773	1.00107029703344	NA
1.00010310055081	1.00007429751828	1.00018734851597	1.00090505982746	1.00035353422621	1.00068947050984	NA
0.99974367357692	0.999901890563207	1.0000597021139	1.00026927155017	0.99966535695577	1.00026543216223	NA
1.00016925707168	1.00006869333139	1.00054397608607	1.00002060926628	1.00012386918072	1.00020850995974	NA
0.999875070350879	0.999958601575315	1.00045230845542	1.00027945104157	0.999984598486964	1.00056298805991	NA
1.00017438957638	0.999854472518662	1.00005379438911	1.00012340447066	1.00012785861929	1.00034666760571	NA
0.999841624241406	1.00009230611029	0.999700079580475	1.00024838918988	1.00035578294384	1.00006264298902	NA
1.00041753738327	1.0008364224973	0.999956963847898	1.00016195165482	1.0007747550245	1.00092184757067	NA
0.999864018625916	1.00055895244371	1.00006238988785	1.00009035453482	1.00016658485626	0.999784963462518	NA
1.00098258371791	0.999817282942877	0.999819821278992	1.00032557235547	1.00007028180144	0.999920429778584	NA
0.999988615132172	1.00013652140393	0.999909791555193	1.00055713754705	1.00103932960019	1.00024402528855	NA
1.0001832826454	1.00029568363511	1.00030666633475	1.00079722462703	1.00011304723923	0.999739898367464	NA
0.99990227402381	1.00033224720208	1.00001924553918	0.999894220838332	1.00007145181562	0.999654895354499	NA
1.00012487915358	0.999996793861905	0.999685829494095	1.00111220163151	1.00051092882895	1.0001345163823	NA
1.00015755790102	0.999837038729832	1.00018475588025	1.00000404820029	1.0002364329049	1.00022815994375	NA
0.999909481198179	0.99973199974121	0.999986652072972	0.999965362590127	1.00073698638258	1.00032413302608	NA
0.999843280823466	0.999824945581557	1.00073010764214	1.0000703632791	1.00009895221043	0.999896762461401	NA
1.0001399066204	1.00026357688834	1.00013859286959	1.00012234937955	1.00029605197084	1.00017349791713	NA
0.999864551839534	0.99999934779517	1.00053580216462	0.99998613051348	0.999985464875531	1.00015929031521	NA
1.00027832860893	1.00025319071425	0.999784374169388	1.00021322721166	1.00044459435875	0.999815902769703	NA
0.999902019265605	1.00049586750535	1.00016287323195	1.00012851752195	1.00032857098735	1.00009468227824	NA
0.999971398836201	1.00037983065911	0.999834697629592	1.00012299906846	0.999774025208948	1.00024504049214	NA
1.00034822923453	1.0005311138062	1.0003194450122	1.00118293747064	1.00047790425688	1.0002334515255	NA
1.00037132652097	1.00012378162188	1.00032699253136	0.999845468854358	1.00002498619729	0.999925929372836	NA
0.999987604526389	1.00016844276444	1.00067955419374	1.0000647911046	1.00039991557244	1.00037406358114	NA
0.999673250087639	0.999969220534349	0.999940969704321	0.999888807839409	0.999943781340282	1.0001585554279	NA
1.00053774389816	1.00007800188603	0.999855151437547	0.999853384517368	1.00069087248369	0.999927495775517	NA
0.999866492250223	0.999799453128766	0.999846395180661	1.00058307716508	1.00025543661439	1.00017169402903	NA
1.00035560171077	1.00003187426572	1.00038991604744	0.999959636858515	0.999816676476462	1.00020128808333	NA
1.00018875657273	1.0002792486581	0.999979171814826	1.00045493660708	1.00053338687993	0.999949164819033	NA
1.00050473299589	1.00032690852037	0.999860664036532	1.00017658906816	1.00023746501827	0.999997980413026	NA
1.00010147754828	0.999995329443263	1.00037015186758	1.00089154817482	1.00075541354406	1.00000739180452	NA
0.999880177523273	1.00030898615825	1.00022612089418	1.00032105720637	0.999868992619635	1.00020876193318	NA
0.9999728456172	1.00020224291034	1.00017393034893	1.00030556560028	1.00014651968372	1.0000857120165	NA
0.999686788727972	0.999943121354883	0.999991575505142	0.99989398773012	1.00007829815701	0.999789745206518	NA
1.00013377402347	1.00028582183681	1.00052782136478	0.99967151233632	1.00027381228088	1.00002504753988	NA
1.00028786239079	1.00023565266383	1.00020538968313	0.99972986666717	1.00025617530499	0.999982397850037	NA
0.999939853450857	1.00007066773354	1.00024853857506	0.999858535788449	1.00020354817876	1.00014933797376	NA
1.00024272531187	1.00001864810381	1.00046535021964	1.00030219278608	0.999927340924846	0.999732743193023	NA
1.00008217252867	1.0001241513334	0.999966476403449	1.00043397891523	0.999901192801652	1.00025935679506	NA
0.999827597595476	0.999998797276788	1.00017797039679	1.00048593849731	1.00007409735014	1.00047852630532	NA
1.00012893730238	1.00061720650398	1.00030546361397	1.00048984078905	1.0001917970985	1.0006760693029	NA
1.00003668226579	1.00033093173806	1.00060429208849	1.00006578917873	1.00018407523453	0.99994990867889	NA
0.999823233182362	1.00002540249147	1.00027338931906	1.00011008198058	0.999820586707158	1.00012585713595	NA
1.00057028321543	0.999974821511782	1.00000693507579	0.999918024901278	1.0005495718919	0.999746713317139	NA
1.00017395242964	0.999947070813459	1.00003931947497	0.999948647423719	1.00009584398583	1.00023665393402	NA
1.00057637859372	1.00227755565568	1.00013130566076	1.00137441382614	1.00128869161799	1.00050463067995	NA
1.00127463971977	1.0000667461197	0.999887995433592	0.999973013208579	1.00025659312358	0.999945213987449	NA
1.00006984927545	0.999766225778933	1.00063787438527	0.999851214118429	1.0002895621559	1.00026282070972	NA
1.00019792314893	1.00062659186415	1.00022115440022	0.999847562991423	1.00008812796968	1.0003317504448	NA
0.999970832258766	1.00005186687103	1.00040958609021	1.00070277870166	1.00028408905707	1.00066884144075	NA
1.00007950122687	1.00032958172594	1.0004190274879	1.00027702487858	1.00005916943339	0.999807571956872	NA
1.00013046095731	1.00006885231939	0.99972244762521	0.999622446151375	1.00051090932191	1.00040904787231	NA
0.999956949435849	0.999887703105531	1.00007496828754	1.00073325690926	1.00020509109172	1.00007052875601	NA
0.999853615868495	0.999805595937002	1.00032623115534	1.00020465348123	1.00021175164742	1.00017326233433	NA
0.99987906164176	1.00008852485563	0.999719550225892	1.00017069984925	1.00040055839576	1.00060757827357	NA
0.99990852573388	1.0004510960336	1.00023585412959	0.999764654400755	0.99993240994456	1.00018292086508	NA
1.00025532095424	1.00026662191378	1.00045606255019	1.0000166711822	1.00019820953176	1.00014404727089	NA
1.00030301580901	1.00017256892099	0.99989115499306	1.00088898178937	1.00129370299958	1.00008747221809	NA
0.999812640683946	1.00005642078119	1.00037115529172	1.00033086103868	0.999788617745529	0.999963205131061	NA
1.00029971866647	0.999712373564447	1.00011679859002	1.00023540460322	0.999914852745636	0.999747459746287	NA
1.00006127620177	0.999948027279089	1.00001003492353	0.999832239970537	0.999800272685265	0.999822594978467	NA
1.00010297465692	0.99989502750259	1.00003605214903	1.000848922865	0.999909820300837	1.00011015339151	NA
1.00009089453672	0.999749733931975	1.00011043963629	1.00057049474674	1.00002811178402	0.999895843472497	NA
1.00010257697545	0.99984699932586	0.999707888517495	0.999917602878938	0.999961619811675	1.000010687764	NA
1.00085052151465	1.00000697554976	1.00009054163073	1.00012691894183	0.999850776208312	1.00012079630682	NA
0.999945903673762	1.00016820282471	1.00034883174456	0.999731535054767	1.00036382321028	1.00002376235031	NA
0.999947444241868	1.00031719688034	1.00020449040553	0.999746734016934	1.00037466871173	1.00046615974912	NA
1.0003897477382	0.999902321179159	0.99988923139774	0.999961536007017	1.00021707762073	0.999937829171087	NA
1.00023047053137	1.00021972154349	1.00058165384388	0.999723403774895	1.00151804257741	1.00028962901056	NA
1.00053412281418	1.00006284323307	0.999704418253604	1.00057947912812	1.00020626484279	0.999920824425598	NA
