FMP	RMP	FPP	UPP	ANPP	NPP	ANCOVA
0.502300382106616	0.502752065676237	0.453015760784398	0.452518700517866	0.454341717317637	0.451562073679375	0.28527783846923
0.726229797582173	0.72493774183126	0.761346923026485	0.770186839576647	0.765745743965792	0.765987610158371	0.875345744547481
0.591483374989341	0.591100491281773	0.575026177202388	0.580575483442269	0.579329694308309	0.580570253656339	0.538345444211487
0.681630389060803	0.682852953247337	0.70456687876122	0.702732773434396	0.701751247282816	0.700558802425877	0.782743990822093
0.649625328195594	0.64945983098957	0.661641980725725	0.657627060538277	0.661395554800008	0.658365738726681	0.69691239743376
0.625379480239768	0.626122592781432	0.62205464133388	0.622020728351448	0.623499899927149	0.622911307316856	0.600217473162764
0.688114288564719	0.685983463475372	0.711991874361406	0.706341531462917	0.707502410667601	0.705108595988235	0.792368063113427
0.654820439923088	0.655871828723478	0.669609645573847	0.663034808776048	0.666995693357636	0.666396449398156	0.701598126651943
0.671992458856443	0.674456060840348	0.684848529299257	0.681255034823058	0.684242832774255	0.68336779008533	0.719441094509277
0.583973809126468	0.585961723503454	0.569376503840081	0.572093427987628	0.575295461448394	0.572033500171727	0.535017678124914
0.70880422941905	0.708812401699504	0.743489637067822	0.734354604791919	0.737285300666667	0.736512237468879	0.846713781389617
0.668973968875326	0.670642311295346	0.688556466457113	0.685080553868945	0.685003121083062	0.685076778154486	0.770500315400387
0.675458275472761	0.678098520868121	0.695422345879202	0.689334214125284	0.689922229815427	0.691125088466134	0.747334736565272
0.639148837790241	0.638858689049025	0.644656241758154	0.643213994388983	0.642523308132589	0.64321373065013	0.664493236662974
0.59925648367089	0.59674158096936	0.586678539855663	0.589206089958517	0.587608474293122	0.588289707917948	0.55644230370764
0.636187994094745	0.632155903218932	0.630690520517084	0.630680271156942	0.630725508315788	0.630305098199459	0.606224674509836
0.553068507064955	0.553836338984125	0.518260919925742	0.522980391818076	0.52380355347645	0.522447366495615	0.398415963111966
0.605342579101089	0.605105293301093	0.597364204172293	0.598613557969154	0.596533811451728	0.596998493522115	0.559422063732036
0.467237592224498	0.464557007326839	0.403689665824045	0.399950966779765	0.402127034482112	0.40354195704873	0.216552662789192
0.738587818045327	0.739129568295486	0.783795867018314	0.786420707832805	0.786322267727151	0.783983163965359	0.928538123032053
0.707990019788954	0.706515880338332	0.743852069458331	0.733922403668489	0.735766540007898	0.735558774154004	0.859768794296185
0.645176583543415	0.647842471224934	0.65014402476927	0.649666280864671	0.649665918599482	0.649603542999256	0.649129617184298
0.681727455627802	0.683987415046582	0.702572354123024	0.694952018610949	0.695884439660388	0.696762877076994	0.745238054407177
0.543476603842153	0.54633066914157	0.50242452727049	0.516112809168675	0.511111969585445	0.5091650461537	0.381802105700808
0.601102551137766	0.600632992246522	0.584942534532596	0.586329414945103	0.587447317515467	0.585565141476115	0.518560802848771
0.522709920811492	0.525870320520416	0.481116381991402	0.47802007144618	0.479814484388946	0.479619726766234	0.335588395668175
0.563625818431633	0.564666659074999	0.532019326499648	0.533643785002315	0.532685334364283	0.534130426562655	0.416102879999385
0.633404461955316	0.632106170272336	0.636117107698196	0.640120188410376	0.635450536026272	0.637118998465911	0.660934137370268
0.649501287696496	0.648833227378938	0.660533519563712	0.66270043522427	0.665412081661405	0.665286168074825	0.722210315158342
0.650435109559113	0.653287612830265	0.666073210756482	0.664305328617633	0.661569486620277	0.664401186964186	0.719484175010042
0.6273006937307	0.627465502942097	0.632131849641789	0.626393756003802	0.625007940975314	0.628501093930184	0.636447196993516
0.53088356042478	0.53045873565044	0.4913628368774	0.496672256915028	0.492945095207521	0.494795615327164	0.355581419444342
0.588185835113424	0.590624510470566	0.576128032609842	0.575443003926864	0.578705517094863	0.577510401798652	0.534756854562973
0.506651538592156	0.504322386219165	0.452424921843106	0.437657933406634	0.442772409667638	0.442521251630243	0.260320672300407
0.676134309015131	0.674631436489005	0.682988539094324	0.681026220930282	0.681686098175493	0.682261246854099	0.677847482573059
0.653555686262437	0.653182895738407	0.66716097292711	0.66110754982747	0.660128264747971	0.662974827720809	0.685583168899599
0.715502642456809	0.717062212499257	0.749391206719235	0.743271524861412	0.748442111099545	0.744531216890671	0.84161053339762
0.521576113254562	0.518839596659862	0.474814134999655	0.474272398666478	0.474940270072432	0.476250058356222	0.329564633223387
0.749799811922022	0.750248501199	0.784652013217785	0.777864030461215	0.780614812060287	0.779474756266508	0.852295392077175
0.684292165560088	0.681743455012062	0.70262769978977	0.70113140006594	0.702020228857377	0.699362546631471	0.766392404874233
0.618765800230321	0.622108082872709	0.622078064867096	0.624620801518158	0.622432876279381	0.624301285007477	0.638375769237572
0.635854122553585	0.636845925186079	0.644853226490908	0.64401070041323	0.645458965904201	0.643846286902981	0.685614246598
0.524845995685986	0.527091293167438	0.488552752818169	0.492302547275493	0.486025599021744	0.488211010307136	0.362546435945461
0.660347523902744	0.663780406690073	0.676088089251646	0.679211944640455	0.678270130763125	0.678769053143664	0.738311014049025
0.61080651128418	0.612415929757856	0.6027871554248	0.60361087282711	0.601888216856437	0.605690302180188	0.588544288560274
0.632056740742684	0.630839624183908	0.632424474890283	0.636346509700558	0.633351915514061	0.635098330669848	0.66349183997646
0.736432489102462	0.739233904962072	0.78823302448787	0.78603295792569	0.78698113781391	0.782374851340965	0.95446132245501
0.619729841296953	0.624212774927875	0.616506612269387	0.618254655240941	0.618795619612996	0.61757630041852	0.606198166148071
0.529822163617295	0.531823575030393	0.488941507532037	0.489947623050142	0.487462126041089	0.491814688974156	0.347483532856606
0.568096307670355	0.570425906741945	0.540409556597594	0.550896071725497	0.547940817901353	0.544780657749917	0.454812412629584
0.549219574172849	0.54987713711096	0.516764384732985	0.510142076819628	0.511050105341382	0.511962206324973	0.391963817604028
0.624286174069625	0.623517604175105	0.621591252330853	0.620596728132658	0.62330282621453	0.623600247932146	0.613562373075153
0.557621340341094	0.55944831606465	0.527220852924348	0.528062903253401	0.527518169433392	0.52893935099933	0.416863964573573
0.612483762532312	0.613141607019512	0.606252854899556	0.603011309848253	0.605385789458326	0.608539585175402	0.580591585487088
0.538567617506378	0.538898540022431	0.500636104891722	0.506915289872158	0.501236326211164	0.504306463634065	0.38558013284933
0.656798230381007	0.654784503732103	0.671368643502924	0.664383000940186	0.668060709146882	0.667421216721775	0.725686040806021
0.562682763199171	0.56270331586221	0.531828508251145	0.538825318640395	0.535958170388688	0.53513470051056	0.437001562800719
0.601230320696549	0.599519019739897	0.584659450888909	0.589129108133024	0.589438019239025	0.585623757387338	0.522575861759173
0.589951808293205	0.588491339870811	0.569156347284976	0.569426715604508	0.569474174689154	0.568699038338325	0.496410971208296
0.655487914125872	0.65378527870732	0.659951042609424	0.658589474676899	0.660274179538826	0.660336935241019	0.645275599688858
0.593126647393475	0.592680340370952	0.580100022708648	0.575431287312795	0.577510648187474	0.57687305154639	0.522556601403198
0.671132797019776	0.673343741287166	0.686858415763858	0.688413970232223	0.688377130347841	0.691183425526176	0.728691503833084
0.566967869803007	0.567036741537198	0.544164567497542	0.533981817699547	0.535299289148115	0.534152979267173	0.439401163797004
0.546406114218598	0.549047161513415	0.526416447972948	0.518163225793003	0.522843847255295	0.523824343344443	0.46703701213712
0.613173077374308	0.612480248773694	0.604243255711519	0.605331357507392	0.603269520669962	0.605679550058345	0.576922031144342
0.494745695377402	0.495042982990631	0.460883435755707	0.416959737338849	0.435213626019762	0.434657075280159	0.273376955977462
0.638406991344694	0.640195309394209	0.649930230524728	0.654344295250253	0.652345634506189	0.651910620054793	0.704242626152742
0.643619278712904	0.639758187409928	0.647968398028087	0.644587182839798	0.643145431837965	0.644013751163479	0.648025193989003
0.70673296805586	0.706384193946924	0.727592682016977	0.735469291418758	0.730579228813209	0.731517567744688	0.806189994546093
0.647077529083226	0.646667512699465	0.652614005511336	0.648923851320342	0.649157130310062	0.652300566217531	0.663651795663771
0.627600696205822	0.628127238422092	0.628416901614501	0.628880609211147	0.627789862624486	0.631187864116213	0.646539303499011
0.622443342181898	0.623983433169113	0.615029455956199	0.616890284687093	0.616629397560343	0.616851450157974	0.592226941372514
0.611892289764723	0.60887002105078	0.598909028460837	0.602855399490354	0.601758955030265	0.600695373350884	0.545437211477641
0.429281847605842	0.431106251761052	0.366691405106264	0.357815967843474	0.360366152480479	0.360148980463553	0.194075857355703
0.512376615099393	0.512547051553137	0.464130280865464	0.465715279067152	0.464435357151097	0.467436547557818	0.307922871293639
0.691065666329587	0.691298484279947	0.70705355159224	0.719822239377131	0.717581543634347	0.714836806504824	0.775303969314109
0.692993346091196	0.693275450062101	0.716288212228208	0.710145628684126	0.71358925844664	0.712414800029724	0.75425672514525
0.719305461271977	0.719620216011253	0.760071876789139	0.752620906357782	0.753704096632572	0.755559867073631	0.884681579425855
0.488435126553983	0.485289598022865	0.453295122513805	0.412503618525434	0.430928039296492	0.431878398035503	0.257295816613779
0.661142354182617	0.660078150452641	0.672914179073255	0.66844764576436	0.668438745769405	0.667571269299787	0.700111900229029
0.560225652416115	0.557807738793971	0.532342516373811	0.53352100135144	0.532425243859747	0.534310334374856	0.470025283877144
0.671301004223424	0.670175724852721	0.682720500687705	0.679525224452998	0.681867760486538	0.679261742202496	0.7048234575543
0.673407064442036	0.670471117063482	0.688194265978711	0.683246682804002	0.681697296377385	0.681278860726282	0.727358631771642
0.582485853963205	0.581881535531767	0.561450907749917	0.568999094884737	0.566189682050549	0.568843023614458	0.506497955136394
0.594233309901645	0.592602642975322	0.581450509240353	0.588037180436839	0.586168588330565	0.586010915535369	0.572750242359819
0.703717521626468	0.701169543748241	0.720095251281338	0.717575988407642	0.717932474909695	0.719876602376147	0.750270746044129
0.578084950288267	0.575622132540478	0.559921764439019	0.563699607991644	0.562574274527005	0.564161641649547	0.5247772463161
0.690127364365079	0.693562068703696	0.706030194035235	0.705792084661633	0.703562448792824	0.706005832886219	0.721467560389686
0.609691101538588	0.610984133079306	0.597543515278786	0.600502108689671	0.602448736648129	0.599194608641243	0.563824460995228
0.702726787268771	0.704292437820027	0.739723351914925	0.729173234159206	0.73273342969602	0.731209873538322	0.834608565656413
0.614968218980729	0.617171061628099	0.610205196036179	0.612874341355818	0.613766978835037	0.61238060230736	0.601441367079109
0.554594324183695	0.559046714988801	0.524897624653826	0.532527800835394	0.528739647311422	0.530709955196664	0.42171917760112
0.508644719987732	0.50653554527114	0.456791847848319	0.461640960701204	0.465633594720588	0.464536430002467	0.311525684997804
0.586369293957598	0.583459488853912	0.563010128650057	0.565500105709186	0.564487124222855	0.564860206296431	0.481448564615044
0.635398731811321	0.631689354032228	0.636944447185531	0.637178853549355	0.638459666597523	0.63738293490688	0.667565442738838
0.467217248735068	0.470323161196445	0.410529378632084	0.405077934397107	0.409354177168584	0.407976459211995	0.243203843683877
0.56386325593824	0.56779935014186	0.539727956817728	0.54311857901402	0.540813659339121	0.542129948176896	0.458363840293565
0.559410198372293	0.55886913300605	0.52299526795489	0.530853932270975	0.529622816312073	0.526624074587626	0.40765771169653
0.629465528519983	0.625849749239092	0.623502341773805	0.6268258698281	0.625142549701389	0.618567218097796	0.590970301314301
0.541632214673101	0.544158390259107	0.512930432819726	0.497000866095119	0.503615081972984	0.505746572314118	0.397477346854461
0.611467661732092	0.612668145422437	0.602184387880909	0.606638893018878	0.60571557514197	0.607167654039605	0.582059186000194
0.628506140753306	0.627964916603707	0.626912473669335	0.624552691192324	0.626716443357727	0.630642472840884	0.646066029494372
0.619016545384607	0.618120409088094	0.611097812400921	0.613428882483563	0.613156877633678	0.612530802859654	0.587187090627209
0.632887513170767	0.631077618613217	0.628875779346446	0.632311497100583	0.631591868367537	0.630498603064324	0.617010971317158
0.675848953875031	0.677696398574728	0.702640066043866	0.701037393444722	0.701033913191438	0.702200971951285	0.793977280462628
0.62759577452987	0.627453603927302	0.628218707596824	0.630099562113082	0.629442805494352	0.631051942533098	0.640194495918946
0.623486445926139	0.626042729990021	0.623273801916448	0.62450529682425	0.625225363586598	0.625530461311735	0.635228153763327
0.683299221624171	0.680129712754917	0.69650779269635	0.692604573066595	0.698329412445489	0.692900534549442	0.744210255115998
0.617151014102587	0.617803405300993	0.614567562342596	0.611696310229942	0.610034497773336	0.611585947274811	0.580906003627887
0.564222351217243	0.565795006659199	0.539992116330204	0.543280954909316	0.546189236908436	0.545806999026898	0.479919874748143
0.587596769946941	0.586286406529818	0.565772405629339	0.571567557448619	0.570931805531147	0.571493636556721	0.500871986818613
0.6287286534181	0.628340067601936	0.628944668687025	0.627884590001253	0.628192500943973	0.626968968710476	0.607984561485872
0.694093362814005	0.693077195023567	0.72534051762937	0.715022909912334	0.714843404148185	0.718540008503006	0.813132524468393
0.609266335873135	0.607733557160483	0.590996361462287	0.596638579479421	0.594948143471443	0.596872097484719	0.53838991124105
0.658301985378897	0.65734696943977	0.664890852298199	0.659573725418776	0.66156696690872	0.660003119255469	0.65275637447425
0.479387461334629	0.48048283209914	0.419801761763599	0.40442726428176	0.410262818117177	0.410916912686832	0.189954243981344
0.568403778466146	0.566270534531313	0.543101033825481	0.548122947149255	0.543567138283464	0.544581552916723	0.477660837633772
0.549044933813662	0.551144195803041	0.510554791349299	0.51823410218691	0.515745624469991	0.51453782392432	0.356888314815238
0.694016774745782	0.69420640370082	0.714281715320267	0.712234933339899	0.713795072489792	0.715434667923919	0.774040476574942
0.647815923914213	0.646011957631025	0.657745674157151	0.658970483777248	0.661287080509688	0.658138396639209	0.718107610439317
0.600916514906052	0.599157703887129	0.580874342800967	0.582060948421034	0.581132268082226	0.58316326331741	0.513530261551119
0.558874163626719	0.559932625327703	0.542107719554094	0.535491297451635	0.534400901574451	0.538879995512738	0.503937413855189
0.536286354231646	0.536141080840121	0.504161482432474	0.511244468142971	0.509660693366858	0.510415554900783	0.443580579232934
0.688539619545725	0.688061410055497	0.705186420131084	0.699038748929918	0.701578509944794	0.704729695394482	0.758625686954266
0.647765381651013	0.646535447146264	0.650942310739377	0.650528255147982	0.649861375169495	0.657456824585968	0.681944777328782
0.553761645992874	0.551959606523925	0.518259880213323	0.52279154977925	0.523629857746015	0.522091367939999	0.406111845602265
0.653982463590408	0.65747569869082	0.67405274748433	0.67762463318663	0.674800770464606	0.674509020313897	0.753043437909557
0.506234852380952	0.50812160273457	0.457880424341582	0.452105875201784	0.456294768198386	0.45865454887285	0.286611048827022
0.603971483805914	0.606508179199277	0.592167830064222	0.594374145022717	0.593904041377863	0.592729532542763	0.55198326545476
0.558159218452195	0.557136342209284	0.523788805145395	0.525611468310581	0.528735719524399	0.526104566658111	0.394379365877412
0.573392498903231	0.574273876003591	0.55598350863421	0.554579622608988	0.553565627381609	0.554421611980774	0.504707521777103
0.667892398302084	0.670224737934932	0.686801169394825	0.68784936557849	0.689121858570555	0.688938954314007	0.77847149991035
0.704340943447552	0.702529615863206	0.737305101909954	0.747423544094697	0.742696273873148	0.740926535207355	0.864648144716075
0.672421212591681	0.676609008112237	0.701490163423951	0.700242149950113	0.701850620365234	0.697692604288314	0.790224751560043
0.560915630418301	0.558008843024599	0.530460054701278	0.537296115734101	0.532254797782173	0.533191589873193	0.459788859921736
0.576733431905131	0.578760486874612	0.553516941708306	0.554424354807527	0.551980984333602	0.557090558152425	0.465581279622783
0.571068780210769	0.569992961650378	0.549120718502295	0.55275975696889	0.553106362497466	0.556069964377983	0.493795779781916
0.463695880564607	0.468420079063133	0.412553793102415	0.404786667140564	0.401996671127623	0.405598950269089	0.264514714563129
0.644624675559839	0.642139784677472	0.651280066602602	0.647585017852761	0.650852317959366	0.651461953794312	0.664600721608541
0.756778921030312	0.760309240680227	0.806174614771421	0.803966264454233	0.806036088507813	0.802514956903937	0.940598643316085
0.584999906071651	0.584114633725731	0.569325736219927	0.573298472047155	0.572891264986517	0.571630323857545	0.54894670475323
0.480322559678402	0.478138871953699	0.431937898799698	0.418612607569884	0.422795207360001	0.423293751639745	0.285520648716265
0.622896572888978	0.623188780067469	0.613206054999671	0.61536794071763	0.616226780143733	0.620903165495888	0.580514834487558
0.598614403857472	0.598536103491796	0.582592016029953	0.587133003163196	0.58534348970744	0.587317111163758	0.516473059405034
0.59630803367486	0.596506391721105	0.587928682499619	0.593693276653938	0.591541162987974	0.590346827753989	0.568937010546809
0.516132671036961	0.515821363059892	0.472820543147092	0.475660924861655	0.479491628103532	0.474514179683741	0.362307111164849
0.605839721966211	0.605357515139223	0.595011717581173	0.589882714721745	0.592918513582512	0.594238681846942	0.547644491088483
0.717102913103488	0.716919347271807	0.749584297964134	0.743157697956833	0.746635820321075	0.74464273121861	0.819533222396771
0.602236871445122	0.601408234624695	0.589298758243467	0.589713112594494	0.587109528672838	0.589438876047827	0.537401136052493
0.621048156589256	0.623871715016612	0.613532554063244	0.609623658519414	0.612627809394953	0.61315316614421	0.573618610247053
0.623988112084843	0.6241567216423	0.612992264345391	0.61269381967159	0.611578026568609	0.612053709401811	0.57683216340916
0.637818854269515	0.636967133807199	0.636246877605886	0.635295834822737	0.635023825637766	0.63316027164753	0.617005409723959
0.554361493186005	0.552426300751767	0.518424460373961	0.516027724826378	0.514368607229168	0.514402539591893	0.393921927935034
0.589029923889677	0.58628898778052	0.562613651120681	0.561745016396227	0.561743469109864	0.560756760726787	0.468859173077465
0.695953027183198	0.699411487070737	0.728651966301544	0.722918293247474	0.72469690703644	0.72365210482719	0.815693628975229
0.516821780983438	0.518287032306035	0.478744539034292	0.48364010033431	0.484625506990526	0.481988484272516	0.388965231054267
0.641719165037899	0.642167431693862	0.638798441910675	0.641394318905164	0.640173957535762	0.638213089621405	0.603604405769824
0.66691845697343	0.666576729512754	0.678889761284739	0.676523555156712	0.678901662996831	0.67226192501814	0.708429278064922
0.55978559876069	0.562040838079651	0.529215690195037	0.517288468971824	0.523816107383527	0.523654159124163	0.388660603436678
0.589494391288949	0.588528183271928	0.56904369337697	0.565938875964818	0.569041044598579	0.567426177654353	0.495568148361543
0.677148557455105	0.676678501692062	0.693208430676507	0.68946342175145	0.691121198345319	0.691667395108442	0.725454789199607
0.591224147737138	0.591629162753887	0.572701647342757	0.566848700164822	0.567875601029908	0.569905018309601	0.491316967369349
0.546475713073887	0.549161665143255	0.517357581696129	0.493065923623459	0.500923066621331	0.502493110620879	0.373117625362235
0.517969225024477	0.519413464218052	0.483711057026846	0.488446076582093	0.488617328163327	0.489010346205821	0.402542759700627
0.54499530035692	0.545832474023218	0.503310189151488	0.512534439346819	0.507908006466339	0.510689274342667	0.372710981076233
0.697793101516643	0.692607948395706	0.723278405305119	0.71736605946732	0.72330305150576	0.724003367746458	0.78848825948529
0.531676930657566	0.534418791587948	0.51146559385766	0.473608519593825	0.490827432191084	0.487820526756861	0.338219296808783
0.713018545293133	0.715234487411785	0.733249275273111	0.748277190022981	0.739325573179065	0.742122814031018	0.803528596523705
0.701626823473408	0.700843332890618	0.729215148124186	0.727479042554067	0.730730492820636	0.724340127706781	0.830326015730272
0.55831021296217	0.557854748398549	0.538284763099066	0.533642454089418	0.537018702824301	0.53507524002644	0.492580848995655
0.661116473703814	0.660529964450937	0.669886380700586	0.674000868532225	0.671560548648207	0.674286947187454	0.701045841506473
0.556637134402221	0.556331473838927	0.521018166868227	0.517005722444276	0.523197915634212	0.52200351328714	0.363732193780996
0.642876243740897	0.644166653307082	0.646273079811085	0.646365840184981	0.644438769682689	0.644718487653799	0.656377032065072
0.516060465365213	0.513417455994888	0.475931341630541	0.454738726561846	0.466211374613933	0.464740486919538	0.299742784053904
0.55530869099447	0.555558654900859	0.523064000186467	0.529454125613871	0.527688027217258	0.524245889002865	0.39997200361929
0.659263943754784	0.660538671976762	0.67183830956631	0.669797123773586	0.667206365810048	0.665626495013914	0.672753538108531
0.607242591579757	0.606595645004164	0.599816343093678	0.603410095881106	0.601737621041384	0.602090223705869	0.584123420121665
0.758099803115327	0.758804127480607	0.809826190203026	0.803647669971345	0.806280977754562	0.803624391270276	0.962904999626107
0.63365657645319	0.632493687326097	0.633437806241206	0.634772296205826	0.63277624873342	0.634120738572507	0.630196094962336
0.615584948618685	0.616175285590888	0.610147862743447	0.615039335332832	0.611106346664302	0.609546074194168	0.600504694824504
0.695815976703031	0.695878211797363	0.720552614849902	0.712636607758185	0.716291461229994	0.715217808249328	0.785719112878989
0.703248107800778	0.698520202364152	0.735446956632867	0.728514964568014	0.729791805561266	0.729195314180301	0.84917566617995
0.621778449469604	0.618754133829805	0.620804259651104	0.618952031286479	0.622907747648155	0.620125958268897	0.630117085959117
0.690372564711715	0.68952422038931	0.716761375190234	0.713741747618297	0.716667701282541	0.714869582018205	0.816898067259165
0.636644137144695	0.634431731387258	0.643556103055856	0.642793927676263	0.64171964704932	0.640396616081103	0.664635764298453
0.6819587003835	0.680789216896494	0.70099689644416	0.69818677969386	0.696160631452676	0.697706845936552	0.743527387685808
0.614275984051467	0.615706294127083	0.611935239099312	0.615321601714126	0.615563640196769	0.616463189571975	0.645349608057892
0.665889329727206	0.667041924321133	0.683500834882393	0.679497952358838	0.682584830061185	0.680077854128451	0.744902741948303
0.644751403922325	0.643644339131985	0.651824254479256	0.648948982080804	0.651855325249276	0.647920709954156	0.666251673477459
0.630091590219134	0.627486692597905	0.626050373636507	0.624655538831538	0.626874714720114	0.62860829884814	0.623304053490062
0.546525774506755	0.547609584922635	0.512985699584593	0.515144005441091	0.515133078330057	0.516422921725269	0.430201646784293
0.539748214745743	0.539669217221169	0.500794131491172	0.50604469927604	0.506418904037199	0.502747185741005	0.382151385730926
0.687562671961283	0.687762122891157	0.707964337791758	0.698431024091348	0.70638798168704	0.705041601101426	0.757575455035849
0.644874811238513	0.640611580404955	0.649320298270086	0.647481634613814	0.649313839587896	0.646686395673569	0.67073355702889
0.646858558065052	0.645463255857428	0.646009458267925	0.650461826703752	0.645274793504706	0.644661376004121	0.643115497090178
0.541001407871745	0.540204890732972	0.501322986139594	0.51193554571565	0.511280057384062	0.511552562006267	0.389823103780286
0.633488266094258	0.634757894071919	0.631980781027379	0.63180554662875	0.631277949785155	0.632355107195215	0.616657363685139
0.575408512377331	0.572778068093704	0.557820252414848	0.555608366090775	0.556252474507362	0.555539650074224	0.509725989935116
0.611570208011103	0.612005452874864	0.604134720412479	0.604378382736935	0.604190822388412	0.605442580368972	0.574534056741137
0.613866439106006	0.614290001764015	0.603234415422216	0.604551603841726	0.604877698886769	0.605883468227489	0.572185743141089
0.619063716309877	0.61601186230765	0.614112161222108	0.616160315213709	0.611740029445877	0.613575260876949	0.598247647298737
0.653270396129404	0.654191901629717	0.66411701063354	0.657543125342002	0.663256317100424	0.65991147798128	0.684191369097368
0.553607491852318	0.547688560704043	0.512060607720906	0.507547680803184	0.510724869999044	0.50926631114945	0.356639112645516
0.588932865876528	0.589896698589548	0.572700503863235	0.577836837060222	0.58103483026802	0.579729559666112	0.567753010482772
0.632812156392459	0.633497436003928	0.633077616001809	0.64506260329927	0.63551653056114	0.633838674392658	0.674521863303751
0.508031138591701	0.50726622134468	0.465155910005458	0.458745142473201	0.464528342271091	0.464669946241005	0.3547894183483
0.539265006335694	0.538339196330219	0.506495496532131	0.507789999295373	0.510059842754135	0.507071142590487	0.409520545809731
0.626321523206126	0.62825968660122	0.626895140529257	0.625682965838896	0.624391549203101	0.624589986139742	0.624035437322479
0.615794761909685	0.615025732701726	0.611206283424447	0.611877219413367	0.61266029708493	0.613813703455146	0.588994900493445
0.593069237776362	0.5953852418242	0.57259320215828	0.571970482263093	0.567621307135491	0.571132264350065	0.486807974426752
0.594874826506005	0.595183449209707	0.578504149682202	0.583300616244897	0.5825005920454	0.577815028935534	0.52265450936723
0.617679847966267	0.613714078902688	0.606756817147855	0.606276211238367	0.606430555861131	0.607021055141009	0.549691067985948
0.645916498558189	0.642999281097851	0.657395386545128	0.653150594834204	0.654001383118435	0.652582010799928	0.691405416807995
0.54859064879842	0.550585608304691	0.507488359321393	0.50540995506484	0.506614343154345	0.509267393423669	0.351518928590847
0.673057050786389	0.66948123529877	0.689984813203745	0.70332800107469	0.695507915360034	0.695262420858666	0.781578224056821
0.576460433102917	0.575168615561369	0.553338853872075	0.547970615414052	0.553566101071445	0.550351662112266	0.472328268691424
0.416635888556794	0.417903021430378	0.424059307603531	0.374903198034229	0.393844661662476	0.391572521936817	0.317455133739711
0.708583040271638	0.710248187131494	0.73931371445383	0.737967988644905	0.734916369562192	0.735836153332628	0.824920102549925
0.684953546548259	0.684565796445774	0.702902478761405	0.713105763781432	0.709441365953316	0.705639507602036	0.795894042482294
0.620127247688205	0.620918320022224	0.620727894125729	0.619482687813169	0.623968659918668	0.619723476928048	0.630674483363409
0.728513730994006	0.729873417368182	0.768842558145039	0.76419347090166	0.766472458854078	0.768511706344656	0.897875775280231
0.716585208640914	0.7176965909781	0.756112089654457	0.760416740313178	0.756303177347891	0.76050101782987	0.893428958537728
0.432927760292868	0.435526815006718	0.38751047949423	0.341818129228612	0.363861657523737	0.362314012284112	0.20194228479659
0.561667309926097	0.560796794932484	0.530930998838001	0.535189699933731	0.534647349146951	0.534308345316962	0.430342370548309
0.606507892152779	0.607424423004216	0.602973544882962	0.602474274839202	0.601821150009294	0.598811176867323	0.588776990729199
0.680234458198471	0.680919811440098	0.695428991630539	0.695536982426499	0.693344150500116	0.694590950988668	0.727844832629299
0.596133598979547	0.596749668984014	0.576593239707846	0.575060207929588	0.57787767405049	0.578216308160518	0.495969238475469
0.618320124090113	0.618811896160508	0.611034016541609	0.615151083124966	0.615632275712945	0.612058967615368	0.58613055921536
0.584517813093678	0.587081520473324	0.567501866124639	0.571745717344992	0.572579841955764	0.569023786664271	0.520633144115088
0.574910722258002	0.574682491738913	0.554119076185812	0.561054895745903	0.556926204452456	0.562472898629173	0.497601297387148
0.631915814457927	0.63262499238716	0.632691055152796	0.63273281055597	0.635007558958287	0.63380043234066	0.635846891286673
0.488536224553272	0.487428531906369	0.443988741233459	0.418639990769696	0.429894143677956	0.427302923472257	0.279445090899038
0.68109605464806	0.677846466878158	0.704295926393938	0.702910240581608	0.703645409786267	0.701770920695697	0.795626825788628
0.689361154123216	0.69014855127186	0.720763986137599	0.713143397901367	0.715612240221207	0.711449247363014	0.819543007594449
0.646127423951952	0.645569310419557	0.649911268492341	0.646522372014105	0.647258250146334	0.647078723407935	0.638213683215858
0.633398934624612	0.632289707621159	0.637393823813884	0.634874363068102	0.639377435967889	0.635930883244919	0.657930097615964
0.648861917873297	0.645524945421811	0.651603105424876	0.655074213850662	0.648604331643417	0.650611274018208	0.671536624340568
0.485906073435144	0.487212797145737	0.430487068089708	0.429189629900487	0.426104710956455	0.423303637835	0.255203812522798
0.589933446738184	0.587148679464179	0.571194428352369	0.569381084901449	0.568460551704782	0.570561115471825	0.508378185060933
0.658674952650577	0.658424185398327	0.675326814748514	0.670320222924351	0.672304969472425	0.67363479007225	0.730280565344711
0.663661100222546	0.663531195236746	0.686650446594475	0.680702398747668	0.684249009942784	0.68481156238218	0.794454167144318
0.684255234111968	0.683956414481155	0.700401021258495	0.697543586140343	0.696983438332953	0.699679696029622	0.727449099007061
0.577131927711393	0.578902429861669	0.557701619035166	0.540678732557989	0.550192074267026	0.549278406517818	0.455344727833463
0.616643636392939	0.616630281218601	0.612127209001237	0.613327890040762	0.610878459666689	0.612241828202435	0.604601088527955
0.690552119647169	0.691979447661925	0.720497549489975	0.718961232690647	0.720201643724328	0.718898578013668	0.824401574919178
0.680758116679587	0.681493409111891	0.694287893898603	0.70103649288624	0.69862547566135	0.697740683139729	0.741315419304184
0.653076432269879	0.654391412814522	0.658664515092734	0.659206083720524	0.659154265669068	0.658831224061839	0.668568240581239
0.598633764712086	0.597284942078564	0.57889135222027	0.584285188376959	0.581212076864969	0.580868854475163	0.516300717435163
0.727752606411963	0.725475405120878	0.764515264074371	0.761934396545535	0.763578259219098	0.761693444233822	0.848988478237399
0.607114469494637	0.605337441378215	0.598927208725033	0.597528386276175	0.597354295064554	0.601054292803286	0.578558947006031
0.629400070497801	0.632237620025137	0.629140680676246	0.626369239511536	0.631556337719044	0.627886081636255	0.611500956621748
0.551871236358892	0.553560357468305	0.529520268597381	0.531110720837678	0.529660144142596	0.531680806847856	0.487521750395551
0.644916262212844	0.645902712022886	0.651117982830359	0.649353823748653	0.651664588656865	0.652096564185889	0.684678163863689
0.51405521302527	0.513475332608853	0.466716681888465	0.461774413036462	0.461076973384745	0.46249634320173	0.320104614395924
0.731742018196303	0.72868455380177	0.775501041516082	0.77377487000212	0.771533910629289	0.771113452046773	0.92716541528944
0.587685113540719	0.589689709569035	0.570878304970353	0.574550087233574	0.572310968621417	0.573700097074691	0.494525759249862
0.569479503638778	0.568980026511854	0.540338988522531	0.545199426645596	0.54531576731428	0.54697678469304	0.44923050224844
0.745671814826669	0.744867718800246	0.787344276702543	0.776935158899389	0.78096581816813	0.783371238972886	0.908143308255687
0.683976761051023	0.684240818998701	0.708745564734501	0.701474593493587	0.699483330432118	0.701661613478736	0.774555729651904
0.596618027007634	0.599060205344005	0.58929309897057	0.59267059023202	0.587282647388161	0.58910256059707	0.574021430995101
0.657432040017145	0.655500320784379	0.664030900534497	0.665562624684971	0.669421822312794	0.664113091764996	0.700140232345413
0.453951551095168	0.452626358486659	0.417415291368768	0.367578370326494	0.386982824901445	0.384436790837742	0.231907025065425
0.604090292906335	0.603507734172154	0.597120217668757	0.6048712639454	0.600512697189179	0.603811144242606	0.615734151561339
0.606104334097696	0.608950746328039	0.599389502485811	0.597601195792826	0.596796637337874	0.599000326662277	0.573796330508036
0.583933915159991	0.584985873117364	0.563104973458129	0.566271970116257	0.565452191431686	0.56692118981894	0.499585831206528
0.605213754149549	0.60085112603483	0.595773616666095	0.594875576429465	0.593289686624021	0.594751217548064	0.575454731173791
0.697034558946599	0.698085394201616	0.722136779348693	0.72191156610312	0.722058494037266	0.721494307519837	0.777296089764019
0.54011275145711	0.541358599295957	0.50585615761072	0.493286534734494	0.497194142849518	0.498808982150836	0.36675883007664
0.439976875127233	0.441620530534317	0.398931415087271	0.367534240093157	0.385291554091437	0.385293777486658	0.271474849461455
0.613139951985485	0.613659828191411	0.608034384895752	0.609238180300363	0.608221005359274	0.608695274830158	0.603867882697895
0.5524347986459	0.552316721885286	0.540962332794834	0.512594710798626	0.523895462914947	0.523518640393701	0.429604006368531
0.631003376680265	0.62669766053321	0.627535794064591	0.626922330122218	0.624447575507487	0.626353214509876	0.613498625686275
0.562893358655627	0.56878336659297	0.571524063051932	0.534564073294042	0.551258104231717	0.551537853850558	0.462134639938362
0.567288848874002	0.569474276295703	0.545238305834927	0.551998609407552	0.551267745384437	0.550425986628137	0.492142201905913
0.683749484976376	0.6836303888904	0.708360761802231	0.707268177686458	0.708593534599098	0.707702124482289	0.811839292550669
0.498262728988322	0.497073656888473	0.451348645879229	0.452951606380971	0.452763992580691	0.453852233921374	0.323081285891597
0.694164070710381	0.691858326720303	0.719475798032553	0.711997473116959	0.711129784532052	0.716614438773458	0.795631673826216
0.658883626633649	0.661444977125011	0.669437805035347	0.66875877280672	0.669276877628281	0.667686189943354	0.698826567507662
0.511340545357125	0.514181611552438	0.467607838558874	0.464232337140394	0.467680260392419	0.468518343468012	0.331272546918209
0.591847539027566	0.590519930701012	0.57720678565876	0.583955044484289	0.578669912077366	0.578616821616223	0.545701829986377
0.550006384670878	0.554036273768489	0.518325637684107	0.52740235417223	0.522061321070909	0.52573210008468	0.413597130144791
0.576282076881587	0.575653539120728	0.549756856224329	0.562302451878913	0.558873616945956	0.554334205907134	0.476356459624089
0.618975815284821	0.618347031117025	0.610616192273573	0.614685531403271	0.609533419877639	0.615481884258871	0.596069878125822
0.697024545641463	0.697160562915582	0.729809120780512	0.731665089278177	0.730560438171539	0.72968975084435	0.872776777008831
0.634087873589491	0.632212525100758	0.634811856962214	0.631653725068002	0.633167007002084	0.631505804840494	0.616730440414156
0.599744221505157	0.600907579034629	0.589897731469499	0.592111424334374	0.592441201687805	0.592300154527312	0.559840673065981
0.775500541238893	0.774588728029388	0.827340021078054	0.821035250882081	0.820539456999223	0.822041274787842	0.954431271751349
0.597778649647014	0.594002701238844	0.582468632757909	0.586759252773604	0.583822238251133	0.585417725992936	0.541389146299474
0.687787603699882	0.690037345898797	0.717573787617955	0.716427040546713	0.714686872343707	0.715939365929751	0.817781923806096
0.703482672922308	0.702448135954788	0.729590340828738	0.725936888732151	0.72450287075921	0.724081575657538	0.791884006678847
0.659012714899869	0.659571926312379	0.663489900530468	0.662966792359052	0.661248567970506	0.662450852883725	0.669064955758483
0.580782878653016	0.581176682469898	0.564837660048569	0.567636893856559	0.564584699053667	0.56826587727808	0.533276231526001
0.575010915886787	0.577512031189139	0.555598241764684	0.5585313416404	0.556042966264959	0.560840710447216	0.490486569143022
0.612097497007912	0.61406618894753	0.607506569942674	0.608670240345448	0.608227946604104	0.609507066525642	0.618682221155294
0.600859449010584	0.600050028921179	0.589396702853705	0.5891788130322	0.589318638592111	0.590749180180638	0.550619050359603
0.633265234603733	0.631017238298561	0.63939411122563	0.634322309091435	0.634876343617928	0.637380889695652	0.664228242328591
0.689824511269117	0.693599170692895	0.725182100336209	0.721708230181779	0.722262341689446	0.72404824182491	0.854232827321294
0.620848045503038	0.62024516419628	0.620112418665941	0.621766901645648	0.624075431771189	0.619016020996435	0.63800814106528
0.619670818735319	0.619072726848355	0.615793683647159	0.617799878485248	0.616816265123334	0.615920218202096	0.613017089868797
0.735730150314331	0.73794155558505	0.774751555285749	0.78702841887097	0.782864702371075	0.780239744272565	0.928674811375996
0.581598679392202	0.579645637694701	0.553011976958961	0.546345058496985	0.551909427347506	0.550942692966906	0.438129375586482
0.629165361095893	0.630761524151929	0.632987551377338	0.631795578442814	0.629288014186542	0.632342424782152	0.639738488971204
0.652378976306612	0.652425250561456	0.667219827463736	0.663235244279949	0.663111308372623	0.66689095040789	0.712047563498115
0.669530985450237	0.66790331581176	0.688435039593774	0.6836960289641	0.686148913974579	0.684988658224698	0.746998401841454
0.660239125755269	0.663033848820321	0.674969403586547	0.671328821652689	0.672467228080217	0.674011023034376	0.715057869192134
0.724092202693525	0.72566746910255	0.764609449211525	0.770361732507593	0.763373375823556	0.764638615823052	0.921471106732216
0.496073474349518	0.499142197768022	0.449813493422474	0.437743005594193	0.438601585155548	0.443228692106987	0.306932384995372
0.609289087598087	0.610601084422298	0.597761952762307	0.603771124223995	0.600101347514607	0.60021772935683	0.555753017140853
0.727557831364286	0.72632524205766	0.761730797767096	0.786260149870008	0.774733234914151	0.773048286000357	0.918473429597574
0.693402661934593	0.692018490440092	0.717589482236952	0.716696032009394	0.713314714193467	0.714283140139692	0.804560799313689
0.536092833261155	0.538245723021455	0.496630518436193	0.506416604490631	0.502692236129317	0.507514877926808	0.367619577656186
0.624489523153807	0.627340514010453	0.62756312663776	0.630507154480949	0.631174311390805	0.628258601919999	0.641403635161624
0.649567475970016	0.652402733540715	0.654350583836351	0.653563552405418	0.652781997187138	0.650817851595959	0.637263405045188
0.649194595321181	0.650069435789844	0.65413780743671	0.655361491164962	0.654459369898493	0.653135154596926	0.666627981436361
0.624646783711303	0.624873708053311	0.626265934164823	0.63055650931177	0.628835482519552	0.626313556463494	0.652346867755312
0.688308475036035	0.68775737052637	0.717128927588921	0.713350720990628	0.713028666912047	0.711522440132235	0.81028374645781
0.500584228537153	0.501718461635369	0.448398485906982	0.446795512309368	0.449690062161898	0.445390756230705	0.274880166658436
0.72667406129968	0.725709434544048	0.757821849084665	0.758441994944454	0.759166538467984	0.759702325130136	0.838354914097014
0.518442634667047	0.519806960378854	0.482489590834072	0.493392759910758	0.490301619827274	0.490546874556	0.404462448188502
0.639337040444941	0.638376849948694	0.644302880184573	0.646778319812394	0.646437065951286	0.647599615483785	0.689981997867611
0.665622325464908	0.666916204093589	0.67455986234636	0.67890144821905	0.676369664978915	0.678811771950943	0.688865040973463
0.537520662302205	0.53316408472872	0.529525942815717	0.514700590635213	0.521000230134117	0.517638786376528	0.495960018064968
0.612480733402171	0.614369508720771	0.601472195497117	0.602401935805711	0.599088087145216	0.60060554960952	0.539129765151122
0.724504326282866	0.722867137923497	0.764618941348307	0.757554485668624	0.761512321806833	0.760274736395632	0.900061080039624
0.645687343638585	0.64670129743507	0.646779493456557	0.648546571729652	0.651422353902864	0.648693317033791	0.654329074831234
0.584419498306725	0.584380644515128	0.567024329624931	0.573633572277942	0.566232494614348	0.569864600680638	0.524556844452797
0.560480989834802	0.562146584777541	0.536313979063821	0.514012852985779	0.523678761617974	0.52445490989181	0.404897296530317
0.647739087248831	0.648523921654879	0.652889017117747	0.648785614062736	0.653039036722304	0.652029312774898	0.656114094003622
0.625416587042453	0.627379383791105	0.625364755550542	0.626800451893491	0.629522287637834	0.627161527502668	0.629120949795738
0.767103052278086	0.765673013555238	0.821571945588619	0.809740064944803	0.815852422965997	0.812284917461354	0.961947790826619
0.617290601557116	0.616704875317997	0.61422015541311	0.61060992238961	0.61167215509866	0.611032857583467	0.593039366368978
0.547784335423977	0.549923146051878	0.515037317834666	0.518176960300479	0.516858106828769	0.517500475631311	0.431292122174934
0.672552544372426	0.672072628793187	0.689609533103074	0.686538406142678	0.685778945970425	0.686784493617131	0.766256179770616
0.678051253637513	0.678862474444425	0.689992807429158	0.689857436021767	0.689550961990938	0.692441252935829	0.708620507490113
0.497833852917618	0.495581005833309	0.438332407974634	0.439802723773794	0.438131618933271	0.441220836064038	0.245745982561601
0.727965142668841	0.730745787491339	0.756062845044531	0.756373508630495	0.757684133649445	0.757863451435898	0.818618460226712
0.545442870166089	0.543238138176638	0.513949820344772	0.513022436074552	0.515995034180793	0.51448149103538	0.451622937837017
0.66653482146415	0.664813561755743	0.687697616588811	0.685738629892434	0.68966582736664	0.685178826182704	0.776404185166806
0.691895510057241	0.693797709753525	0.709740161061405	0.704842402609522	0.708646354601241	0.71022133026915	0.751161945378933
0.611048799435351	0.60982979511157	0.601892957726236	0.602164377855527	0.600344929774122	0.600239060478416	0.565685799858262
0.689314662362605	0.691238269928936	0.719480824130094	0.716142000769558	0.717725691745125	0.714785660857318	0.79840176085941
0.714409137084351	0.712514885550278	0.744044831540413	0.74015404403727	0.742446413336296	0.743040545647014	0.820415987961932
0.582489771845497	0.581598239297298	0.56498758919489	0.57432579798684	0.569556694931817	0.568060450933224	0.529525836730413
0.618616708652822	0.617287189511124	0.607952264325025	0.607911353715014	0.605856986397423	0.606336867564072	0.547389312177581
0.722805700741671	0.722148887696787	0.760406925881829	0.754942518225964	0.757325564571667	0.757883814753587	0.868917057343291
0.699743057011512	0.702220495305195	0.729301078179743	0.724705156003334	0.727904417373683	0.725634199807163	0.799488556478497
0.67850011586279	0.679661302362942	0.701140377205577	0.694010318654818	0.695235396764335	0.696583252290818	0.76430340505996
0.630706492266872	0.63077979887748	0.628129024483861	0.629192225289032	0.630191601719344	0.627506505801543	0.606953413292349
0.641620762513536	0.640464756951467	0.654209282058487	0.648164300846227	0.650710538369618	0.652349385387951	0.705908949706871
0.617171503906866	0.618600509452864	0.605885846198122	0.602540204614106	0.605725279497395	0.606585020739791	0.55162066257005
0.66313698659724	0.662514255709476	0.676798852371503	0.678416851898293	0.677268568052463	0.680664858434782	0.738754751031943
0.686015514557355	0.686769731922092	0.690387870047395	0.706554291690166	0.699475141032326	0.698218857108751	0.720806466870632
0.577778803620884	0.577712604281531	0.551376598875886	0.551624140464397	0.55108141840706	0.553027748793195	0.422686408103549
0.634618487988841	0.634680791167819	0.629982296469286	0.629583089366083	0.632623537579788	0.629566371111591	0.604923320776628
0.591985445193924	0.592020761822469	0.579452746096121	0.587416928237125	0.582877197362695	0.583587628469965	0.569377285925929
0.582960411107829	0.581400312781173	0.565424910241989	0.567075546903028	0.56849531553509	0.56729603844608	0.506834264535109
0.676335198224361	0.673682026977066	0.696862156129551	0.689251652631163	0.68971687192882	0.692995369749247	0.761738542070957
0.607514824678462	0.605900090813424	0.602772728807214	0.604944582276576	0.604350450342975	0.603640933065461	0.596581725189853
0.649539379270412	0.649526208391753	0.657576568919552	0.656399036275563	0.656461766216165	0.656504915960069	0.675235678096201
0.681344747904718	0.681858668683072	0.698897089200392	0.695054292918181	0.697356290919404	0.697921036932788	0.729545459763317
0.543205200180513	0.546623547129126	0.521972340264738	0.499208510269084	0.506976080704776	0.510707597464808	0.394809224158109
0.827378978571095	0.825206084906119	0.832066940162181	0.899108581729547	0.869179528245482	0.869059150664034	1.02933257958653
0.611775497807533	0.612664192667025	0.612153414828915	0.609519605002965	0.609791833180504	0.608421845897685	0.620361066513758
0.652497983897856	0.653815710511698	0.666874678422809	0.66169209920154	0.664033823207931	0.665044803279018	0.729752548252395
0.636825502092279	0.636166626839171	0.642832103238723	0.639643803237291	0.640462485169572	0.64084426488019	0.654220553161255
0.625663580993901	0.624336094782719	0.620092108664596	0.619793863311181	0.618176828626636	0.619795208465368	0.601381324936218
0.707297806851835	0.710135696955181	0.744908036873995	0.742432461950556	0.740098393906073	0.737304617657654	0.855239482265064
0.567936586432883	0.568027415693693	0.55817335279622	0.535207010224671	0.543947962163536	0.548149521877443	0.484079657744399
0.569778804936745	0.572068008101858	0.561998013375132	0.564319619965528	0.562596654004129	0.561937929708522	0.551285302635144
0.621249076645953	0.62265530597571	0.611091958799475	0.613451759314968	0.608002711417767	0.611899363321175	0.55391495157326
0.638177169629716	0.636900635533447	0.641838403323432	0.648842573581601	0.649527956403069	0.647815262489955	0.701348475235037
0.606300246866265	0.606338915785776	0.594596330889803	0.595386295979675	0.597259250393861	0.59959798598863	0.57217643374045
0.645518778034051	0.64271424774607	0.655047652407081	0.654036628660978	0.655212815435056	0.653600606972916	0.70446246528808
0.584868544344053	0.58604979833069	0.564846597847989	0.56838066681883	0.569529746453982	0.567083055010965	0.502361571365005
0.621724388293333	0.624531973792782	0.621043539191494	0.622267028973889	0.621822020944099	0.620301419609568	0.620189613920452
0.623603216888941	0.621175514241592	0.61545202491832	0.617223744805782	0.615750283172753	0.619123940877788	0.57206866262486
0.619133401383255	0.622368188422729	0.61769870612584	0.618663086800842	0.618805171006036	0.618148496722237	0.612660508230116
0.634151129287645	0.634911267677843	0.631121705425578	0.631840014399123	0.6321589966791	0.631768811797514	0.596748880063369
0.664601923901477	0.667902394492781	0.677424184022521	0.671669715699948	0.675332352894049	0.675539811251685	0.70168704439814
0.648177516437532	0.649979539424624	0.658574309917876	0.654887193050907	0.65769288438369	0.656053402282695	0.672592703502321
0.555541449030551	0.555377584095655	0.526475197068581	0.53614749101524	0.532420391204166	0.532855773520473	0.444333912385061
0.548337340700943	0.547469350938469	0.512975810238072	0.51009173668441	0.509546592193236	0.509067860532702	0.386985286627221
0.488446736352077	0.490142374495457	0.433513817050614	0.416665938398635	0.425779878016677	0.422865473100155	0.209539604599929
0.636746919295578	0.638589359369931	0.641976325850556	0.639142740299699	0.641019902099527	0.642681195708823	0.652725224036892
0.578030874024858	0.577177219301347	0.557492613326822	0.55181565487781	0.554369880766748	0.555216531736778	0.482591559943522
0.505476702170076	0.506294016669789	0.457900044280881	0.466548668692974	0.467130775737389	0.465730105842187	0.340333019841247
0.709565748817619	0.707931967500725	0.735273034793739	0.728777284590244	0.729534300714654	0.730314649515021	0.808285060498357
0.636728048475013	0.639166193629901	0.639425489980548	0.640035749102201	0.643974219937304	0.642470421108834	0.655113172325793
0.555085889309578	0.555065475544998	0.530237555524962	0.537122104625191	0.535870770966883	0.535368811425871	0.488241616725849
0.51001699084144	0.510520232743545	0.462134867141544	0.463858888370954	0.464131456425021	0.46552388487021	0.326502801893655
0.624577816742834	0.623284938296454	0.625198148128762	0.625131310616896	0.623547552518589	0.624046978427786	0.622046919493712
0.512188231131952	0.510257876201824	0.460490265243018	0.464122788981198	0.463699879587186	0.465865048987587	0.306280816905353
0.59410323371273	0.591036701293442	0.579712170966718	0.580408858412897	0.58289333089639	0.583193782669023	0.545669294374623
0.653479162316444	0.655998867742948	0.658000540320597	0.658248146649046	0.657768619323235	0.657100988167481	0.63862482102076
0.576321833507924	0.57574757733013	0.547180240824916	0.552692832087595	0.550540185740309	0.554436191092968	0.443889252810021
0.599188776751976	0.600110632414083	0.589689446543917	0.591982982504627	0.591437555794978	0.593984307750789	0.580273940209066
0.557865942585318	0.563038217322573	0.523904627101269	0.529686894126596	0.527015088833366	0.527512841228002	0.405719398814512
0.637548398358331	0.638339539141983	0.644432465125063	0.646357817516295	0.644953453687351	0.646890545925998	0.691901530776756
0.647895176154803	0.647119837533508	0.656077708495623	0.654248716810803	0.653091640788571	0.651908008685218	0.689428157916071
0.775920206879356	0.778189864118127	0.838350561117532	0.844444399119963	0.840312002969052	0.840736954416934	1.03958975937864
0.502032105089147	0.504393732263547	0.462552152499059	0.45174774764997	0.456121238102998	0.457356510356438	0.350666742562549
0.663198246624619	0.663575900742614	0.678565220564865	0.675385867804834	0.674788245923903	0.676238600026472	0.719746980778772
0.561280129135058	0.558924362726388	0.52702636281244	0.535102554034988	0.533211790654575	0.532005196428739	0.42600799065106
0.50729769269141	0.509379202928313	0.461418540009754	0.458572130799483	0.463253114900856	0.460058319178846	0.302409854125778
0.542726522918876	0.539830950220927	0.503535292181048	0.512459634051627	0.509495686565477	0.508393333147511	0.389902262035399
0.70521633110584	0.704482189670904	0.737292005252876	0.734011748376006	0.7327404271573	0.735180544259453	0.830656136209023
0.62774662367059	0.626233612252274	0.619578920961766	0.616388717041158	0.615955743736315	0.617762872340459	0.561276286747773
0.529620217810714	0.535488822489464	0.492684294827514	0.494794260423896	0.494964491084656	0.493357936378759	0.379800374578888
0.593911336121916	0.597399085028458	0.577296522727402	0.579423248847486	0.581832359649937	0.582484744956494	0.52099457860681
0.562894392409838	0.562148825728163	0.535332174971624	0.538032525323845	0.537185107167752	0.537591635344711	0.458446912621614
0.620313429338	0.618008047059133	0.607864747821083	0.610047017054696	0.611428030606036	0.611522397501523	0.57698792491044
0.660155632259694	0.660635699343083	0.669484754737612	0.669695503211401	0.669474006448833	0.672248926231489	0.701173042953242
0.618252202686274	0.618863569338127	0.615764957141608	0.617386738793014	0.618270001892635	0.61752453827053	0.626144398525506
0.611241529185551	0.611716896716153	0.604809951390407	0.606166725240534	0.606900658361481	0.605826580474793	0.585042810888337
0.609143724785407	0.609441916847993	0.599438323235786	0.595985071521109	0.598755278577108	0.594509899894919	0.557445018439505
0.614949619029561	0.617265420702402	0.615390193401173	0.619935444758899	0.618635775763056	0.61846891189251	0.649828162674849
0.617746890774684	0.614461560287526	0.605173219206764	0.605068906805075	0.604336644136247	0.604369038416303	0.552581573638196
0.675004235586297	0.675494968322841	0.691373570697955	0.693778976660986	0.692948690725236	0.689471291438148	0.740892209841511
0.620274397027151	0.619174055330733	0.613621280631851	0.61355084197267	0.611486759415497	0.612268832673356	0.597046717904386
0.571826060404796	0.571710277349904	0.555706106952207	0.555278479076064	0.553412990269464	0.553174676589551	0.518161582001642
0.587053786595739	0.587914972336534	0.560107079887826	0.561999346737935	0.56380383607259	0.561394551632992	0.450566236499558
0.577464456240884	0.577985499900948	0.547776721561585	0.543179584571288	0.54876148654659	0.547319955407341	0.432770226252698
0.718222504947185	0.715352415034043	0.7549993798292	0.749923771333152	0.752299690576233	0.750957052169372	0.879312302078416
0.691304827068027	0.69002024636694	0.720125430184044	0.720013059071081	0.720947714694136	0.719186999921565	0.829455171001498
0.558808161968711	0.560038899411929	0.536905634349977	0.535890567255746	0.537516077096766	0.541109273922635	0.480484030927682
0.720288369495518	0.721221200680616	0.756879515437414	0.75576996797661	0.757822707165578	0.755650618070834	0.892942742976895
0.634554440359838	0.636898403593392	0.635925508494048	0.639041930049926	0.638350499173937	0.636083298944146	0.652512500049573
0.749511288909502	0.748583698681264	0.799140141988157	0.803034824122723	0.798274949591277	0.799813801078387	0.965195264581057
0.705686539145259	0.704237463265804	0.739979696750825	0.739515687120951	0.740013397384357	0.740685777341361	0.880260987640854
0.673284362628188	0.674042184315805	0.68938724028913	0.684206575794326	0.68563184299524	0.684270604254635	0.74134071317448
0.738290898216486	0.737422982311682	0.784477495721578	0.774511506087622	0.779870676014861	0.778545450784075	0.92252369163909
0.617727320925138	0.615327720991709	0.614387308383993	0.6131491600133	0.61589034972571	0.615716816483069	0.604734268447509
0.559460985986451	0.558230704779538	0.528238783814944	0.535129007413913	0.531762726576552	0.534911738549623	0.443858878703099
0.663350915274755	0.662050654058397	0.675352099569636	0.672619062243716	0.673853280818939	0.673084618592098	0.714305912760389
0.520849359097	0.522885233172754	0.479773901389694	0.48980496773253	0.486229381314356	0.48336264038147	0.382333004302962
0.567182461389935	0.566463564169559	0.547323711824506	0.550391727970875	0.547145150936355	0.548187147806877	0.511145994018961
0.617822318596522	0.614251828929553	0.604051930365055	0.60387737142643	0.608439576159704	0.605500105827976	0.541444299329826
0.603820377575353	0.602429958341658	0.585866741964632	0.583924936074473	0.58617158283744	0.586571149730326	0.497450825621231
0.597712231405026	0.595046542866879	0.577917846229587	0.581169440690478	0.581458725703279	0.580003476519905	0.505343864654479
0.759199355048056	0.759358453837096	0.805867149829811	0.811489702688126	0.807675432877483	0.80923896324099	0.957954630614547
0.702454165616652	0.706517676644094	0.727442523640182	0.724123853278466	0.727780283341394	0.724002799519727	0.76404046326129
0.505278755195857	0.506161745783549	0.464384813848188	0.469784362076693	0.470541513128111	0.468310375758656	0.383680515036999
0.662077039995266	0.663141715540663	0.671127792558999	0.668424315494468	0.670218824092307	0.668513811332572	0.68988377888137
0.573034673699452	0.578002846769839	0.559501363350035	0.553916759172695	0.553403789697836	0.553230151408381	0.496133310530001
0.673455844820802	0.673282032882894	0.687480715649402	0.693101501196342	0.690520750801066	0.690092181619724	0.744037565752849
0.624856889919964	0.623346165702515	0.624280154057779	0.624306433410605	0.623550629329274	0.624018174564164	0.623035276965812
0.75540025171846	0.75522371687734	0.794377788088396	0.807343072797186	0.801877142653643	0.803119528577123	0.916836611355278
0.449958531682222	0.449392883185153	0.384786654717161	0.369946488304304	0.376208129396546	0.377390055798424	0.181364751368041
0.67637365100357	0.680480926792106	0.697650956220122	0.706415662403499	0.703262029047353	0.702420314519102	0.775981452850482
0.688688508919667	0.687851997338857	0.715986885273583	0.712947921958809	0.711732239819678	0.711776940328568	0.797983599457904
0.675485739658224	0.673826197639301	0.690191243853746	0.688675107110793	0.688285316558627	0.690440049353589	0.735799265164918
0.553146825676885	0.552265990355016	0.524408606471895	0.527735764543091	0.526293449384117	0.526553061388016	0.454018692591025
0.645305535376098	0.644787242212232	0.643620178320236	0.642537827127154	0.647224258494314	0.646511781240187	0.637154039446361
0.646770157546753	0.643422996369397	0.649851016119066	0.647916784402368	0.650155203406047	0.651673241064801	0.66558878830282
0.630292216597723	0.633481401329101	0.629409141932091	0.629125657353666	0.63395231881846	0.631239183437695	0.630655341155751
0.587507694709753	0.586399735081715	0.563402515735161	0.565791840974453	0.562723163002282	0.563967549087687	0.455384855054295
0.577316059116174	0.576746444450866	0.555681465647452	0.561581422118018	0.560599196248166	0.557868809987128	0.485925035118561
0.794857389020698	0.796357424027891	0.814604079186209	0.859936892311086	0.835132150536431	0.836270692831157	0.956602417718727
0.614102351776015	0.615647577229575	0.605436078782975	0.610432882429162	0.612836496087006	0.611445427807056	0.591280930440305
0.604010540472756	0.606715789425146	0.594125172953292	0.592857713801239	0.592152416563656	0.59092811041453	0.527682504740976
0.728285872397469	0.725871303675498	0.75579848522824	0.750805781631726	0.75095925101482	0.754164255750817	0.810350371535058
0.720181052351937	0.719016475566984	0.750004975634051	0.742976184319902	0.744972561915625	0.743165233469942	0.814413574598664
0.661575141688108	0.663056834304994	0.675051934562325	0.672503079317265	0.676821284570587	0.676722387182662	0.707582959933466
0.577212730020783	0.574011956540486	0.561155803945575	0.564238087759038	0.563516855928217	0.55977935730701	0.517898795782789
0.63194932685703	0.634104833006279	0.640037161770496	0.641894339508641	0.641418612887493	0.638337845033467	0.675217095778629
0.63893555220689	0.639274447229885	0.638109296430067	0.639113583973523	0.640142230107059	0.642522524499977	0.642865724622736
0.635101795549626	0.635686949608198	0.635688552527773	0.633371485407798	0.636994249616709	0.635075277700317	0.631433009590707
0.671787068941651	0.669160973773093	0.691307779946052	0.688478396993359	0.689936030951949	0.688495196416305	0.759709824053625
0.583648861439577	0.582271866494077	0.563294759694011	0.564203930156963	0.564619054828711	0.562037144743264	0.486293520727986
0.492008051427989	0.494343075596727	0.526106390944433	0.462374837006544	0.488071586268625	0.483734494569779	0.399634384086851
0.750638153271284	0.75270788888875	0.794381496174461	0.796269995164347	0.797121471894625	0.796620105187319	0.926581532522643
0.601093263157395	0.603428387758159	0.593338882237248	0.585722732456955	0.590246770641703	0.588717107098092	0.55993234218695
0.549407852931196	0.550395985975422	0.517824808945568	0.517633919945785	0.519445252902205	0.520398218708142	0.431566419957512
0.711321624178217	0.712308948028124	0.750902324780397	0.741256709991309	0.744244740101924	0.744525430975743	0.875904959115955
0.689748330105761	0.691288171955952	0.720330503520539	0.714676940587478	0.714936567658855	0.715097783653858	0.838638286383529
0.641326343695542	0.642119658952861	0.649228190660043	0.646740091746494	0.645795316059955	0.648330833550982	0.66328890808699
0.634127782360133	0.635463621509258	0.634094350381005	0.635553346135813	0.633347395096141	0.636648738839193	0.637856300496509
0.651726417058037	0.650113614254734	0.655141062148428	0.655225239758625	0.652212907024089	0.657921040206872	0.656915006738962
0.620112713026172	0.619727267038115	0.612099586621603	0.616082679990955	0.610735948103272	0.616309110480192	0.574969993850388
0.634560341825682	0.632381102873622	0.627833468384271	0.626250797514594	0.627088988065159	0.627081345645031	0.586944142446096
0.649999289562428	0.650414864329493	0.661988412609153	0.660153968092429	0.65897108009271	0.662842853392618	0.707881864724775
0.504630335672642	0.506451273693584	0.454267375555945	0.453512762165536	0.456065002567001	0.456089612231091	0.290729288301891
0.551285304876546	0.550607166508787	0.518481376492131	0.529008897830021	0.524904233200121	0.527470858584963	0.429485996180516
0.514004109904075	0.513354143070216	0.47535927211358	0.450036431657574	0.459603915392228	0.456470165273633	0.293670143775046
0.645032328676049	0.643346378362693	0.654339259552651	0.654994162680299	0.652919410925432	0.653807405671767	0.726106733469112
0.654615669479817	0.657145596279985	0.664624528883134	0.66222175406829	0.658872110103555	0.66108602506116	0.675001841250496
0.605441259517587	0.607063481532029	0.590231374754041	0.592463210540681	0.586189131176008	0.590197482347817	0.515917721311034
0.614996259224804	0.61327765551719	0.607618302759755	0.611050161192397	0.609101162408433	0.608281055912536	0.610111184058275
0.79406499056603	0.800388502822643	0.833074432237015	0.876104276466872	0.857451405836428	0.856929908033738	1.00461454528296
0.667948313606899	0.670483460067479	0.692193239574232	0.693497123113034	0.69258212931763	0.692060600894671	0.791038627546722
0.71640791104015	0.717114933143765	0.758677202798213	0.755888567036146	0.752548005055239	0.755740751667424	0.888263050304703
0.590814890649366	0.590562883628432	0.572961587552934	0.577851902610432	0.572775002598419	0.573666319939911	0.508981820016608
0.5752722597477	0.573187131732505	0.549383824018857	0.55056043891513	0.55003616965022	0.55244759746576	0.473447239490848
0.626133618977355	0.626876539019739	0.625066068547551	0.62552093795797	0.625580558534194	0.623700056013342	0.615250485074585
0.577005330042863	0.577020828284576	0.555524988546495	0.561540617271214	0.559230509687245	0.559151460867487	0.507931988828378
0.598753439799412	0.595428772385715	0.579587027619625	0.585740962616056	0.58371583976173	0.583774541028821	0.525822705113882
0.626202179434923	0.625797105630042	0.622151329465057	0.622522027926732	0.617841947667427	0.621604335969861	0.589054868130815
0.627769977968706	0.629937019398531	0.620245636373278	0.623889922861121	0.62322383788531	0.62563466515219	0.591311501629017
0.715041011978405	0.715056410117127	0.752014908215485	0.758038234528874	0.756947006804351	0.756590206714582	0.888520517888874
0.523293348512645	0.52254288480533	0.480279552541546	0.481677040592956	0.481609032852994	0.482451158365411	0.341522718009838
0.585457135310115	0.58357021472379	0.573664308225646	0.577412964739196	0.573649465648645	0.576170930787029	0.560562379237508
0.490295078849434	0.490826831620741	0.439644021316957	0.446377997793551	0.443111819411776	0.443980565332901	0.302908628564681
0.761589361459963	0.75860306433184	0.808014837485158	0.832312396380898	0.824459476272808	0.825168300625541	1.00252285356203
0.632378150373875	0.631073926849453	0.637674755213894	0.633925228846437	0.635741348681795	0.637542626031143	0.657514643221601
0.635844916629718	0.633507525150334	0.637312082291479	0.642651351714748	0.637304796023417	0.638756263733577	0.667742096513155
0.645968767951025	0.64479864262992	0.654073356985436	0.65115579422451	0.651878869353067	0.651316031183926	0.674052141782334
0.609622114726089	0.608802648182369	0.60385354371334	0.606414528283751	0.604512545377979	0.607082703834093	0.589945646057711
0.674975216484112	0.671582019969429	0.696093178232233	0.69456533116246	0.693305698760588	0.690920167911505	0.780988958921008
0.734967493531959	0.73479990060291	0.774461267416094	0.776787033883846	0.774268090785186	0.774256482646302	0.88633041483668
0.658345314623901	0.656688704454429	0.672427515589102	0.672642098614493	0.673151854699305	0.670148789519184	0.750228800439653
0.641649189443055	0.64417186081112	0.639442638306249	0.637181397869644	0.639565677572988	0.638717412571038	0.628370865953587
0.680804737709936	0.680397743778914	0.693068796569067	0.689398626812505	0.690720758643544	0.694445988215135	0.705288238469423
0.728541003344069	0.729476254114409	0.770328614042831	0.763516915610743	0.764381729327219	0.765194358054866	0.904409244989734
0.470353187628535	0.466349841870375	0.407823749552957	0.399173087187771	0.403499143371255	0.402665780257006	0.198011098854434
0.643134113134762	0.642669702259979	0.645510227054167	0.642457274368265	0.645962999261424	0.647577660891317	0.643246433438654
0.59791868675591	0.595981477044402	0.577477156583719	0.579359195901045	0.577453711086786	0.579716614280376	0.504399888941937
0.671487818004918	0.67031605668705	0.69310782618695	0.686523135441912	0.684576200488612	0.689211133386102	0.757142228305646
0.634600221342292	0.635552808240382	0.640688632697299	0.640022848677449	0.639453093719362	0.640975719691179	0.646058305253358
0.648438459972962	0.649094173758461	0.651473226365912	0.65228944187078	0.652749821562972	0.653329026673276	0.652386777794826
0.642921714452625	0.643909271209016	0.649023432503959	0.646940176006849	0.649542783080527	0.650330499525844	0.656177842841329
0.486234173481516	0.4842069965968	0.4520732469294	0.406214996021132	0.427118396597735	0.427420352571415	0.261260837266863
0.585719558441411	0.585098567286802	0.566842028554586	0.570546008544096	0.568898116335552	0.573675353358742	0.521272796206863
0.535818343940879	0.534587202514318	0.492203261639537	0.481268966301589	0.483692900486634	0.487838921311716	0.312818674609342
0.641981015921079	0.641486570896622	0.641644837247175	0.641680595791844	0.640441363590042	0.640663705332887	0.615598961162379
0.766316497811446	0.765478178597904	0.806847471777755	0.810831280204735	0.811117764644744	0.808905278130389	0.914156735987057
0.606205740961344	0.60896523228155	0.598453695384027	0.594931779778521	0.595991515530438	0.596891795213238	0.538338182228927
0.634614218953477	0.62977958837055	0.628778193601514	0.629375907236848	0.628784890903469	0.630803948159752	0.622292522709992
0.586308454028325	0.589050888269158	0.565299103866731	0.570247125884498	0.569855709090634	0.570415675882289	0.486869812681725
0.628561037790789	0.629450129772763	0.634109372093032	0.632003211502443	0.634004542193174	0.631302377386668	0.643360771072408
0.581555878585471	0.583075016355018	0.565598650500579	0.570277912149811	0.567738907380798	0.570681088336933	0.541761921128878
0.594667870177971	0.592646112073529	0.573441231591162	0.57892892010818	0.579189266479673	0.576497899703205	0.505595701267599
0.519276947721602	0.51935545237875	0.483745741055885	0.462675273180068	0.470969266262901	0.471051418862417	0.356448088518057
0.498378274562209	0.49561747568063	0.447978639831613	0.453087840758308	0.448789950910401	0.451350381501923	0.305297291573268
0.590645212983991	0.589673983350178	0.581777455192783	0.58285266288483	0.578776031400872	0.580774158422165	0.553638216815694
0.637619188870482	0.639556620719695	0.633617283592897	0.631200304000022	0.632767102161541	0.634767764971304	0.589761686259687
0.907429428809037	0.922232825760223	0.825873392106	0.950788378544719	0.898635439811499	0.899505858794311	1.06353013194088
0.595207422968725	0.594219034726562	0.578956861744313	0.577445597384326	0.575633644280277	0.575419344999617	0.506622926803941
0.759593856605522	0.763454312368842	0.799593901032846	0.832137420109515	0.818747264287896	0.820573611686925	0.989684347624773
0.486591373756492	0.486954157895657	0.444325597232931	0.445285114587152	0.443363467991076	0.44116965509158	0.343962835003066
0.568267073148306	0.567187183109563	0.536092578471859	0.545130441054347	0.543689107485516	0.542440009292562	0.419917712650375
0.546718143346687	0.546690657605793	0.524733566766173	0.521393972729881	0.521426112839644	0.524778922560637	0.490194811920995
0.548360095308826	0.547571595954917	0.510623835698579	0.514028080487121	0.514802641902301	0.507395734222257	0.389417151205542
0.560906564957739	0.557305912846615	0.52814139788308	0.534177704687937	0.535336466576185	0.535222773457762	0.439588546562863
0.693193694811819	0.691737318341569	0.719480798212474	0.719875433064476	0.722729818015045	0.722265708455038	0.834024550029128
0.618940959993966	0.619555536223219	0.618424931675492	0.619917956160217	0.617843391203263	0.618864003869749	0.630512567554458
0.590907562655539	0.593748603706759	0.587030241204379	0.58331285431888	0.586010877425551	0.583623505784719	0.572198466702992
0.660234928575868	0.66145312809052	0.665849583921527	0.665393657808147	0.665697471143164	0.667845284758515	0.66880104097954
0.528564738717628	0.525918589467914	0.492328499180944	0.482612860626231	0.488342108199663	0.489173789543379	0.370643687690752
0.675533084912812	0.674743301339776	0.695196683384604	0.690028397968364	0.691055895470423	0.691614824238417	0.7545143853101
0.723169167964615	0.723188348516618	0.726460009241024	0.757408217204524	0.746491191484111	0.743128809167785	0.803041936776751
0.62245720305691	0.626562623409769	0.625586488801672	0.628637409971115	0.626401488922193	0.627632372320317	0.662913844206411
0.589798431485287	0.585203822098223	0.5656859804414	0.574102612583487	0.571255251494023	0.572232995723278	0.506751173638638
0.641079912085153	0.637878210508356	0.643584496811652	0.644020202098083	0.642351734691496	0.639966042398868	0.651346658703622
0.709055648351929	0.706971262546214	0.735920290256794	0.732402388992904	0.732561943687586	0.734639990104344	0.795883780143119
0.572334742886035	0.571695347741431	0.548184634843556	0.554332778938208	0.551599599079231	0.553646742362017	0.476388479174423
0.75503621600602	0.757789948668568	0.805476446623366	0.809459445811733	0.808039362580728	0.807691843569913	0.957418103686482
0.788241408528775	0.788153533047348	0.847671106556058	0.849755172345229	0.844810603983006	0.844242150458331	1.01570765821812
0.499231439576947	0.497297747003225	0.503266317678985	0.455770915507184	0.475151016597414	0.477857203569835	0.379740734783601
0.647859221586593	0.648287031862334	0.652174525127517	0.651909565729132	0.651436462124126	0.651877234372425	0.66404992319264
0.650853385219265	0.653557791666354	0.661320356653374	0.667046737502874	0.663244067833134	0.666242982655431	0.720240374077882
0.534118505717769	0.534682666478267	0.490850024777552	0.496890465220801	0.492926408124936	0.494336974535711	0.336630956747992
0.664526287589706	0.66338049997513	0.68037218302144	0.676051913877687	0.676915021809387	0.679646261956816	0.746230142443192
0.477917203569956	0.478633082669266	0.419720378938496	0.402052317281227	0.412424585951983	0.408293892198532	0.208545344191917
0.673913685840498	0.671552644913812	0.685092458468207	0.695949230935299	0.693929463469823	0.691931944016905	0.753348945787933
0.625437406058641	0.627364231056731	0.62763400037247	0.630083026794644	0.626169249441997	0.628313242000466	0.634590130104332
0.554648760464051	0.555296802726077	0.526193637855067	0.531389142813947	0.532152199988994	0.532548576267728	0.447439500368924
0.783242902407837	0.785856585443753	0.845298260366515	0.858702686353307	0.84986295053981	0.854183724933929	1.04742158134713
0.693693547513603	0.693476566414904	0.726015662131667	0.718928379377477	0.720230004584064	0.722296691860338	0.822186781671121
0.6261836965113	0.623573437370579	0.621571603262662	0.620873889933857	0.617272908718584	0.62132168877189	0.601070792224391
0.588871901196711	0.587408582494412	0.578773438160891	0.580285525300159	0.579341554864791	0.577839396358226	0.578125192222443
0.728331850711265	0.729971503101285	0.770724336092777	0.765403854436654	0.764630110593859	0.766547934368666	0.896093599795444
0.522883271859761	0.524674629753895	0.481990969741089	0.486860803070335	0.485854784213401	0.485399787008441	0.347098291121231
0.637960906696066	0.636427877574608	0.632959272207371	0.6334287274787	0.63507187047957	0.63330515192252	0.611311587729526
0.666428389386967	0.664822813701932	0.675258705779925	0.674802248457891	0.674289952902351	0.673191896585661	0.684168885897199
0.654094048741622	0.653810706369601	0.66271596601009	0.666119341495458	0.661702376581579	0.664374811228711	0.701236441939457
0.582333945421513	0.579704089275714	0.563315285946071	0.565964853324949	0.567898886104364	0.564794935085926	0.506118601495892
0.557272458321633	0.557771497916081	0.524728583771255	0.534468832699793	0.530492361631333	0.530246322136625	0.426039956472609
0.62186831148678	0.623153096242771	0.609439069227505	0.606148169480088	0.607551568375762	0.610202350364373	0.549103616433504
0.49994415541796	0.503489811380024	0.469864806687444	0.439529954511575	0.45340514739202	0.453064909101874	0.329512402415079
0.619300635081916	0.619919012914307	0.616526867940331	0.619865414655544	0.614520870370504	0.620788993258491	0.622670689458554
0.627720585352394	0.629882342870474	0.625684604449534	0.630327041715359	0.626591778316916	0.626842636914896	0.623768087384046
0.641172844035997	0.639097707889589	0.636443416580252	0.636652082283456	0.638810089737983	0.640245805179369	0.63048776337056
0.515709288663675	0.51720568206146	0.471485588509098	0.465941427905331	0.469693929747239	0.467882050667153	0.32520600735795
0.688329616364784	0.688460745636902	0.711852816626934	0.703957619084386	0.70606639758024	0.702572167029823	0.788379461951386
0.584204457777861	0.58445134445564	0.563103296088698	0.569093863985989	0.570699353818329	0.568352910379275	0.495817586349499
0.611665879588209	0.609226921171542	0.602782195030299	0.602648795655144	0.602070523690588	0.604552416636118	0.576729650232885
0.611695988111955	0.609818076469847	0.609500135342318	0.608291702349176	0.609390541728248	0.610008056003802	0.615391488594712
0.727266061452218	0.726236098689128	0.772619753495807	0.771706749398774	0.770067839567345	0.770188676197266	0.914097988559692
0.756626502132457	0.757197275051948	0.808925375676085	0.807511744749586	0.8052008563459	0.806879743188431	0.963673011679902
0.652455232104336	0.651907669562627	0.662113806102311	0.660976475335458	0.658393833260306	0.662078073793055	0.694638437735583
0.701766131885468	0.704661885021433	0.737042416183403	0.729802015086859	0.728849981163558	0.734681096772387	0.852485115744696
0.581507496467213	0.580613334725435	0.57704637244933	0.54819055627062	0.560442130861065	0.561615262645853	0.482221712454055
0.816155324358996	0.81572605457316	0.870437537710814	0.898632548914278	0.887561841591879	0.887559941484559	1.05073465239624
0.684411203820222	0.68588086036581	0.704625758733393	0.697752260887349	0.700746742115388	0.702029186332618	0.743035963543721
0.614871322743691	0.614184576429657	0.609672975441623	0.610215148195921	0.612082033296546	0.611157806322799	0.611092899569662
0.569892054439019	0.56913116242249	0.556557144430308	0.553582678410296	0.554248169955275	0.552923483312077	0.532157584467392
0.498433273132519	0.498112478565273	0.447289178522696	0.445423215812966	0.445798197077822	0.445213500038456	0.296484981564885
0.684082960178449	0.688014557654922	0.713228172530736	0.71007510442893	0.711255819423709	0.71113333799076	0.807932949222916
0.6605639089995	0.659982015904422	0.671189840143216	0.664983038159828	0.666241330717532	0.668501146954944	0.705878478361055
0.651340176620572	0.653233594631922	0.663426821116445	0.666243202993867	0.661802855524943	0.664006293682273	0.707950275909416
0.689796779984001	0.691466637753197	0.7198679313698	0.713280823197311	0.716420654136465	0.713455531159298	0.801073978744944
0.678061689415788	0.675882163933529	0.70333953656396	0.694546561075104	0.698383226310137	0.696372077896144	0.775096800940585
0.690276466317422	0.688640593794549	0.709768324604841	0.70375248904502	0.703415541227381	0.705567710545818	0.752992938908249
0.469519726579761	0.466968260077204	0.40539404837321	0.408417276151706	0.408385331078464	0.407884136010137	0.22848870744094
0.59073667196222	0.590189369597407	0.570908602196496	0.577148431263953	0.574763100253565	0.576027184847763	0.516728515332135
0.550265906195561	0.548078786351702	0.511439446842581	0.520603483013253	0.514697184757628	0.517099099472248	0.386447655429657
0.654425238910973	0.65094165949235	0.670074130378535	0.665249157317303	0.664525409582051	0.664325006042622	0.718822300794389
0.592435769394056	0.595386683747712	0.58310896844089	0.58391108508505	0.58126614579321	0.581733161314842	0.558187255413018
0.646370975688787	0.645331988220946	0.655872774864908	0.654858773716293	0.651777976272811	0.652736363677145	0.689693659513958
0.601824736222551	0.602209608070711	0.585048088330759	0.58311152804501	0.5846885757566	0.58308918507835	0.487571316859752
0.579623986628745	0.580553205775068	0.572995434939264	0.571688902652252	0.570931912538447	0.572112161802322	0.564457573002351
0.570042605116749	0.570972215178581	0.54944771632745	0.555954172535576	0.554875397492903	0.553450463877127	0.499559762626119
0.566600514841435	0.566776129230319	0.539808122144526	0.539402876962986	0.539284149966657	0.538524526046535	0.438527871146089
0.692936879291351	0.695759306215258	0.71242784219879	0.708207329924798	0.710928044170016	0.706814767043916	0.729960206915715
0.631736383911542	0.631485093196654	0.638526734548245	0.636482022085801	0.64136888194144	0.639559144531126	0.682932008911137
0.485806482384768	0.483868317209844	0.460199484284192	0.435898217349715	0.446319554718276	0.447653069828118	0.37023255326352
0.66842607715342	0.669865037284604	0.682229042939563	0.676059490572522	0.680979925534829	0.678522246260162	0.706623352353795
0.691526517931453	0.687371119459012	0.717072227328658	0.713111390667367	0.715462800855671	0.71396758457861	0.812083215863732
0.586481428222603	0.588517497981527	0.571982894539536	0.572962584392703	0.575405149609322	0.573464857456423	0.513323965396801
0.700463599136203	0.700743383955529	0.711307835948751	0.71537235636049	0.718346435550109	0.714116890961341	0.718679371678563
0.681442964436746	0.680407428911392	0.70008524853881	0.70076963366587	0.70002001909629	0.697278992571888	0.750703643278268
0.577990291470988	0.578344859984447	0.555870220698508	0.558081505049795	0.560814805287558	0.559960724892555	0.447000771361661
0.647442710955145	0.645187250819327	0.654939666429147	0.650485358781522	0.651938428073533	0.652326451171546	0.665369859004706
0.640521784142484	0.640952642009414	0.648825954679839	0.644821805919825	0.6463648725146	0.647683706561514	0.682511396841303
0.610429909970403	0.609209202996887	0.601511042489395	0.60502628372393	0.606226237371447	0.605594332876469	0.587449322005825
0.505291349245037	0.505468834027222	0.45866490959257	0.461779619100867	0.459139047484244	0.460757768608767	0.331362248785614
0.572103462142483	0.569201539457551	0.551720202068417	0.554992521890791	0.553729001115537	0.554394969849719	0.500470195453135
0.652515895956819	0.652291797387615	0.657672278846347	0.653926081892359	0.657426087664042	0.655822796209874	0.656916716791114
0.596759276887987	0.597199555913286	0.585134547206816	0.590484296135451	0.586293861321776	0.589731927219746	0.564500370171204
0.606879657655484	0.605930477721376	0.592554107633027	0.595391925287814	0.595178058438121	0.593859590088984	0.556659809235603
0.612595220493532	0.614790821503639	0.608174250591931	0.609718695169864	0.609420625670448	0.609624308160765	0.59848388532568
0.672421373683471	0.67250686924158	0.694896281533578	0.690519623172973	0.688107816252717	0.687076819152148	0.754035500740646
0.628019154604248	0.629227760437923	0.622679040239417	0.615484073066234	0.62061109751655	0.619604584585949	0.560176434986401
0.626089015560945	0.628348095702253	0.621513801226672	0.622393171979863	0.620022634941252	0.623084143256218	0.585569366589862
0.645436075827903	0.64599496176024	0.655046724891123	0.651722543059261	0.652255329813229	0.652932530966481	0.688027368160336
0.654831329664153	0.656056261440616	0.65938542428422	0.656625701232022	0.659087194193718	0.661778203498514	0.648784981069188
0.746996521283559	0.750773629449678	0.798932438354578	0.793893516292573	0.799136149379803	0.796022392292716	0.953342096764769
0.622164060066861	0.619867481761221	0.616489163864934	0.614809127112858	0.614653458977246	0.615772857697555	0.591406079738576
0.612738813589317	0.61718945372603	0.609826339812451	0.616462553574276	0.610755653595253	0.616918032516324	0.601627951649836
0.525533611316504	0.52498936125914	0.481872814410521	0.493858157793702	0.490545395351601	0.491233760158419	0.365508938905615
0.512831247976566	0.516495209854815	0.468557691635809	0.477243665123373	0.477437011409607	0.473700682563662	0.349087076331287
0.631704785789649	0.632584416973577	0.632428361558502	0.632855337164461	0.635645101058134	0.6321372711071	0.63066130106826
0.649344151007271	0.648619096850694	0.654820390594889	0.653429432551807	0.651728161163725	0.653873874781854	0.672507761712214
0.627633500898465	0.625890296733885	0.620439219809099	0.622260261671727	0.622659672142834	0.621755866628523	0.604774649532352
0.696237389587326	0.696908316654381	0.729784744170567	0.730793935354541	0.72960114641131	0.729860934632833	0.855582303886853
0.632345700249454	0.629581327256731	0.638787488358979	0.638085365614017	0.641005469984892	0.636731523251224	0.671767950294902
0.694879191332727	0.69581755111995	0.722925192046277	0.734048156830019	0.731170792129914	0.732669733041981	0.84195772784134
0.573126028842413	0.569477487837191	0.549906281870588	0.552365833174254	0.54908287010099	0.553066716560446	0.47934041514937
0.677032605623112	0.674989757190161	0.696032454394657	0.691334207914072	0.691579070497051	0.689095943056181	0.755917973109841
0.587537344285651	0.58707452513506	0.568073797077874	0.573182424992419	0.572444948893112	0.571426811722239	0.512512679248679
0.606039211533252	0.604142030369044	0.601183252180271	0.599325899078262	0.597315003504026	0.599675775153	0.579922902629812
0.65796849581644	0.656833345892626	0.671127827215456	0.664881035608607	0.668639694325076	0.668478073378341	0.703274831517726
0.564320463642795	0.564953432724815	0.540266701259157	0.546614944658957	0.547236841626439	0.547939270810787	0.501744227267798
0.399425050851261	0.391027187011907	0.377162177061438	0.301702934024052	0.335373675371137	0.341323218429201	0.166171647127954
0.592876516627119	0.591280946210339	0.579089886553871	0.577315692462883	0.578554638945289	0.577493916309978	0.535750672268227
0.69851611648894	0.700671463650922	0.729764891568451	0.728486161296807	0.731412775865389	0.72695873273063	0.822201030821177
0.542352890389824	0.54230952617141	0.507941033010785	0.514510544629027	0.514413441299473	0.511715427248269	0.409048501638965
0.646616710075367	0.648529181914994	0.651534517657084	0.648166246212428	0.646994053051758	0.649091859410862	0.652198631568722
0.608870540817026	0.607814048450815	0.589209235098029	0.592078908730437	0.593413379211846	0.595972816887454	0.527346689881281
0.703026993738785	0.700153231039285	0.726071933650216	0.720205062881497	0.721093322128826	0.72193675193652	0.79342103561628
0.508677935282358	0.5132203234633	0.479157540885412	0.458122373355341	0.466561577266551	0.465326641242811	0.364662147937562
0.569918120728526	0.567165036123386	0.559322895958571	0.520513787296644	0.538199287814475	0.537908008874019	0.426528652005034
0.548827983257061	0.54938306859578	0.516266921644087	0.519707268836876	0.520877095144695	0.521283663262026	0.432703229415231
0.551684206651164	0.554373299279024	0.513649307397633	0.521217191620102	0.519824682281348	0.517627103304865	0.377025460988863
0.636511690101427	0.637593983866847	0.64137461542679	0.639527207482579	0.642890226635526	0.639196107048912	0.666839445782263
0.697946526907737	0.699311019081057	0.726007201235453	0.720885462527897	0.722005159611146	0.719708310399869	0.805993102032334
0.66862052645376	0.668995829102317	0.690705369333549	0.687720212678943	0.686749787096602	0.687893746416492	0.775734459892523
0.702279646674982	0.701283740732967	0.731669142876915	0.729732313074402	0.724665775197434	0.7255910152368	0.827661538422005
0.627168869799638	0.628420510419387	0.627276282769314	0.628867701448762	0.62882216244253	0.625687209501979	0.65232936103809
0.50853135523141	0.51120700985009	0.488736085318791	0.454429010140628	0.472028633110507	0.468647565888179	0.363223573653672
0.600993429072413	0.5983680547369	0.588609589811006	0.585284608140825	0.584351745693197	0.585962087374329	0.532221446217256
0.609823634662159	0.607078294946709	0.599223745487337	0.598214341865098	0.5972868772631	0.598008510428449	0.579415602184462
0.651476170375845	0.649768703483024	0.659995016004968	0.661331448580481	0.661435607846121	0.660160032531778	0.701320074942634
0.674126390507579	0.672136044978022	0.684082306075361	0.68652419339546	0.683587639111835	0.685005725691561	0.707551348793952
0.695798752533606	0.689566672626704	0.705343727942257	0.700844881621433	0.703971997334517	0.706085631735447	0.720293366616939
0.641517651696545	0.64122563541655	0.649378478289843	0.648743248666429	0.64712509252735	0.648134476292564	0.696538658240009
0.665725645096919	0.665279821903329	0.678151393285188	0.674912866774614	0.675445395126256	0.675782997267879	0.706574934682501
0.586743074332338	0.586787382403706	0.571611382619703	0.570908395355835	0.572359221415594	0.571621383058974	0.524846295669046
0.701193232935405	0.699125860597776	0.730926506059991	0.724455265497518	0.726857808249893	0.728038607443635	0.833638867076966
0.546780581404015	0.544201309357571	0.5114242507146	0.518437489434806	0.514586901993421	0.515051754361307	0.407898223927702
0.49757276838377	0.498332938841611	0.451346151749918	0.452012387768095	0.452096654602015	0.451245518988484	0.334878876245873
0.586772094574806	0.585490812140683	0.569834500054399	0.57906096986279	0.573744598161089	0.574415350696342	0.552219471727272
0.586757799706773	0.586360516906421	0.563359104875222	0.569899862361297	0.570012952283405	0.571040163591062	0.50186490965982
0.691965977016996	0.692437994344896	0.704899915589702	0.714790050836761	0.711002411069423	0.711114263072288	0.739389356805717
0.685651052162808	0.68803205309662	0.713444151661798	0.707390097688076	0.70997732879918	0.7087428021146	0.797152550949997
0.600138308395548	0.598665956805568	0.586579475857899	0.590784567605734	0.586087213121692	0.587592826188477	0.527198349014019
0.519276462528535	0.518606277879443	0.487964456657025	0.488214099022071	0.487550235618957	0.489339383134738	0.42693881600011
0.656043730562104	0.659562886961516	0.671449526295144	0.687504215659084	0.677430605704882	0.679638094726094	0.759232867593524
0.604430601845143	0.60391570174538	0.593930811908204	0.596277814389998	0.59578068847869	0.598564929807886	0.575557037985301
0.652775694821544	0.651198586673641	0.658458131983274	0.654290772845875	0.653163897803307	0.652994165933026	0.65123109989667
0.689785384912419	0.688068743089741	0.703177982554429	0.706291108278723	0.703565520970515	0.704938217074577	0.734316280734473
0.480092676136102	0.481182385426225	0.421822619179479	0.421557957104995	0.423812904312037	0.423481648095991	0.252743427138578
0.657382914884076	0.656896061017435	0.668779954395103	0.665898764791296	0.669864202041192	0.667326688108336	0.709562890366038
0.698157623032385	0.697078106711737	0.726700085373339	0.719650517249883	0.725325984141349	0.723707937333191	0.839601752508767
0.702802427250342	0.70317804552672	0.713398566537276	0.722167886096826	0.715584114859892	0.715207710711002	0.741329112994879
0.722675477431059	0.720989649017841	0.765443692396766	0.767589305355001	0.765961905678949	0.76769763659809	0.945585641711251
0.646265325273292	0.647646376371687	0.654099335335973	0.65220272461319	0.648872389868272	0.65283894241517	0.668354903061128
0.54393448390187	0.54343379306966	0.517121105387351	0.495483309123223	0.501111817069547	0.505548289977232	0.395820452668441
0.693332657804376	0.693718856437587	0.717003468276466	0.720965599255658	0.720218899848636	0.718700038969997	0.80831151778751
0.559742961463094	0.562977886146822	0.538113928351921	0.547605001484849	0.545565731960527	0.543750063098118	0.491653119705385
0.597506928165669	0.597619705713244	0.590124985376652	0.58875584254122	0.588496466639203	0.588964134792559	0.571403157551868
0.598928387585802	0.598844411419802	0.587815117316142	0.58901680777724	0.588347066212074	0.591444770572458	0.55233992152676
0.492126113615981	0.48844679731714	0.450207294607717	0.420187566976789	0.434364796970816	0.432021971926327	0.280494075372744
0.613159881828809	0.6168219818038	0.611568351502037	0.611878080866894	0.610924049783032	0.609680131256803	0.607205481685167
0.531896282739365	0.532715613170217	0.504587521050629	0.505295952011527	0.503513880433935	0.506621208033531	0.451568327684497
0.573612705606984	0.57269910358363	0.55599303829922	0.561603471205724	0.558215454707141	0.560644718990836	0.517233965338343
0.640795734445614	0.636879738206842	0.637768353036861	0.63091178078498	0.634236943688779	0.632737226174086	0.611619583953154
0.640915568649567	0.639656401385879	0.649124846692795	0.647878023545477	0.648790035836739	0.64769165541056	0.684715054409491
0.62902786956627	0.628860854359649	0.625145536260143	0.623275049348929	0.627019020673474	0.626043017392348	0.609842609339662
0.688694062521565	0.689026092075239	0.715311236881613	0.722226116418307	0.71617522133042	0.71740222937213	0.84966256283434
0.505948515967131	0.509677074782943	0.457983370670336	0.46715243336841	0.46428363203626	0.464883475467675	0.313742324076333
0.622746842180013	0.61903481299347	0.614920337961739	0.618441983770076	0.616954062713858	0.61694110083235	0.594201377567889
0.584113733542312	0.586172914333015	0.571151495995589	0.574754638275715	0.572024629561311	0.572249366833021	0.540124539705294
0.597578923318009	0.59807272194883	0.581828861052152	0.587333109810727	0.587855725523	0.585559353745668	0.531631181646925
0.675128011138663	0.675613392323358	0.694172018719152	0.691015435134762	0.688415691652361	0.688327627837579	0.734835290735423
0.706936821637053	0.708375223621433	0.728496348330726	0.736142273793498	0.733422751590499	0.732819291039762	0.78726424527243
0.587113298817551	0.583316436307701	0.570969832890469	0.567435721035059	0.56912942095984	0.569159492818057	0.5259329473025
0.622577663099442	0.623011304488419	0.606427087161124	0.624950568952323	0.618481814186959	0.618815161073872	0.653046341223615
0.527429196856904	0.52889137148581	0.485508132285182	0.4921537763708	0.491451886214536	0.492558173473285	0.354321569457545
0.657038283758696	0.657288639025897	0.665453230808571	0.667028471124766	0.667805062507723	0.66845738388942	0.682453466256112
0.681082545734258	0.682002819984283	0.69997062797279	0.697604674496687	0.698536895825798	0.704396526599341	0.759986212502401
0.758773397780744	0.760381192629116	0.806314917738794	0.820830170287798	0.810748685338863	0.809796148342318	0.954258078079106
0.739270483594726	0.7388122964988	0.730182409187524	0.79351780450201	0.768011049603682	0.759928315489818	0.892198781193209
0.577588453736445	0.579410527320236	0.554631510822107	0.556962859011031	0.557801873402756	0.557592635797515	0.465378585145739
0.607151353658765	0.605258951720574	0.59792121861712	0.593557496899801	0.589964957891984	0.594674728382491	0.544811735745284
0.709108065676481	0.707021902853302	0.737781554890153	0.730473278007855	0.731262666605547	0.732562883430348	0.819989553484327
0.651094082568848	0.648988751660493	0.661253870725325	0.660820162593138	0.660578671235527	0.662160360497998	0.715315844394154
0.541967183690213	0.543654258605792	0.504819486293475	0.513604943380086	0.509973290983544	0.511377715961681	0.397716085627978
0.60062843297134	0.595465445232754	0.606918608212421	0.598299357801319	0.603038506535203	0.603484225678501	0.59784648090533
0.631043949518652	0.631378157122219	0.629345976140802	0.626811029724805	0.627790607019836	0.630081249983471	0.614886625450075
0.821837770690165	0.83742258419705	0.790497658904718	0.88967888092652	0.84604984926266	0.845556779883166	1.02779910379466
0.631351935182196	0.63210294377082	0.632490055460099	0.630356620466003	0.632069639943857	0.630722556197149	0.629560358785424
0.702336935779418	0.70283681220423	0.736414731196467	0.734476626013965	0.732182787144263	0.732766034842356	0.8563724851137
0.662777841355293	0.662785452971565	0.678693144291979	0.673912430846279	0.674698901863355	0.676334104778104	0.720264783307976
0.588377616743447	0.588756734128826	0.574750631245867	0.576827262647467	0.57573283518781	0.574947800539323	0.546662577764898
0.6394085791492	0.6403480732803	0.642993526631538	0.643380819641193	0.642460323786311	0.640358767407392	0.657799937887138
0.626554601427632	0.624821744828659	0.621975067469845	0.621886506908996	0.623847038020199	0.623151917838242	0.611296190390402
0.687838919624933	0.688622447013003	0.693854048576221	0.709971535298689	0.7014862754729	0.70348161932644	0.743234839573226
0.561117690576509	0.560696825219226	0.533819217306997	0.540258196332809	0.532375253585595	0.534693040492994	0.464546378082281
0.566396831454297	0.567504622551709	0.541930065396649	0.549792214648415	0.544955092383186	0.546366798028179	0.484138644479005
0.549458521508575	0.54599659485659	0.515667304726317	0.523739281148249	0.518612692964538	0.523173399215147	0.434637265566907
0.659555618321951	0.659151787981519	0.67447392135671	0.671182811052446	0.668385363455488	0.670376932780528	0.712359485806694
0.658324378169529	0.657853163169024	0.667053209410121	0.665951343028623	0.666680703033649	0.664781661772178	0.673566469486829
0.680335208037903	0.68017752520922	0.70624524628362	0.698024064024042	0.703116438626654	0.702571014309799	0.788164569407531
0.665870696169147	0.66001792532597	0.678208207791291	0.677918874412142	0.680161314138466	0.67728550342062	0.739729138113715
0.561665550788861	0.561113604242109	0.534888620696998	0.540646146146566	0.538336297429272	0.537783289364167	0.457453466116477
0.490577557747006	0.492356611110069	0.439339727905735	0.433252608347406	0.434463345500801	0.438005091748683	0.272074374264045
0.564960068928519	0.564675660629783	0.542696708904217	0.542395017396222	0.543907666303555	0.546445013964594	0.483931365901004
0.601182358254648	0.599934831662465	0.592407034508884	0.592211929236635	0.596719181416204	0.591800705982911	0.572290852471783
0.582802500993396	0.58189561733283	0.56490548417982	0.569727419039343	0.569323593758007	0.567522257968086	0.517091279665974
0.804345111124713	0.806298223834208	0.861627962621408	0.883987677745056	0.871990470961225	0.874684354194116	1.03635517753943
0.633039752000068	0.635357580486413	0.63792947677548	0.638401701322599	0.635596470475899	0.637018639248603	0.66931087970002
0.662157033488784	0.664654770227351	0.674933828249695	0.671033109515178	0.672840650018505	0.67017006790553	0.714378790764955
0.60776038013906	0.610797710485257	0.601929510050513	0.603343757849368	0.603071718402951	0.604715467213593	0.589742341541644
0.712197965841492	0.712521846982977	0.748903651603581	0.749679317801904	0.748578361825085	0.748171863681642	0.859246609102861
0.658353898130599	0.660305575773804	0.664739400115785	0.661335989167001	0.660951135901692	0.662345616467008	0.658286276703429
0.693626301259289	0.69444297398065	0.719545807494462	0.715014152512564	0.714661217410396	0.715214553623768	0.788462224419072
0.536444263889687	0.535532865186271	0.497849295006597	0.50295122503304	0.502089160888111	0.502339938626584	0.371801509508805
0.636317247061943	0.637724699741293	0.633250543563303	0.633539335200654	0.634809900514403	0.635684076711651	0.613113894940167
0.48723374819615	0.488513547044845	0.437194708593058	0.439176604314125	0.439543250855805	0.439138711122938	0.313794150782544
0.707408016271635	0.707275709689769	0.739340270014987	0.729405417682504	0.733059689284812	0.731552610533743	0.835052200362224
0.727142113236606	0.725797163397345	0.763562342037414	0.759727140333436	0.76034940384087	0.761017614487274	0.882374935400263
0.641632021050725	0.642312131755805	0.641944710369283	0.636362674482314	0.636906397517886	0.638221255477035	0.608264223622665
0.579069927036499	0.582646203752766	0.55976742066289	0.565024663782948	0.56418326298922	0.560315807444565	0.487695789567247
0.603159567937311	0.602789198915275	0.592285742249498	0.595878021142892	0.595580003685556	0.596540428179042	0.573226865246307
0.570289273242595	0.569985622972421	0.546431540795131	0.550801482561134	0.550234696260064	0.550984312357638	0.473700396533939
0.563963538667029	0.56317262254305	0.540487057262469	0.550226767948442	0.544131137614263	0.547143931692447	0.48255476449949
0.602323311684869	0.603234718086391	0.598976739188788	0.598749924910005	0.601224796123088	0.600062173421382	0.599975533006379
0.676422680048558	0.675715753425089	0.686698131147478	0.685450314030848	0.686450839168262	0.68787206113918	0.700067490015164
0.634237491874177	0.63175325155299	0.628466082481454	0.622274960321471	0.631128948321565	0.623710070849707	0.595959359234593
0.622537610114086	0.621414681692524	0.621054020872682	0.623275185206749	0.620704937458322	0.620718062205823	0.629219962904115
0.592839668310138	0.594789500879344	0.583238747396317	0.586954287547695	0.583073236638819	0.581757842803107	0.555400931567
0.607175002451949	0.607313520494456	0.594500627135621	0.593321251878457	0.59703444729352	0.596236540236634	0.556740662693514
0.653177655156673	0.655604006362248	0.664203960208589	0.660753532256689	0.661716796393656	0.660906289337748	0.680346671129025
0.58112198529155	0.582165453436636	0.56966405506032	0.558573786347191	0.562584176969747	0.56359635533037	0.511057836333332
0.660047891968034	0.659121075910513	0.670882444394338	0.669361760114434	0.668833906259118	0.669942019960448	0.706428517683205
0.549776594175103	0.548167676763353	0.527476960563022	0.530691408876362	0.529641805228598	0.529286261179668	0.472731398199357
0.680988410047116	0.68387003321046	0.707008676427296	0.701293416356006	0.702605755682932	0.703113615587778	0.786111644887573
0.585484376342185	0.583915481775791	0.568500172967718	0.572494950137547	0.570922939572062	0.568774056066308	0.541620651513448
0.818007870510514	0.817973441860695	0.881957548913211	0.8969111461215	0.89126938975971	0.895520653580142	1.08008015510532
0.51811192677649	0.518604729692289	0.474363285573965	0.473147840867702	0.474498936548019	0.475897264910409	0.348543393856895
0.536207766718351	0.538081138905812	0.498644365080829	0.507271577457025	0.506315203703591	0.503090855719851	0.37315620037902
0.581752442177928	0.579818395197795	0.557499058077752	0.562042482334008	0.558477491761383	0.561902796148189	0.476410951072389
0.715093279891917	0.715838158402565	0.746184181413261	0.737450457688819	0.742227583139178	0.742447780092671	0.831375674506995
0.719652638013968	0.72277403845633	0.758824204255581	0.760172258039015	0.760817890626324	0.761256028188668	0.88698669059706
0.470908715692111	0.471990265474765	0.411218116512348	0.400728067573437	0.403993930228518	0.404135813422233	0.204676311623016
0.530488169047753	0.528427268611163	0.502584835235781	0.509163178691324	0.504575293775609	0.505685020132164	0.453425062522494
0.602400451828381	0.605439828972815	0.596701815812123	0.599569971351283	0.59913529235413	0.597047945711403	0.589082269295071
0.565162446128595	0.564109433578081	0.54380114394259	0.548574542605108	0.546877158289294	0.544857008656052	0.487264244784895
0.51109159088305	0.512778842734423	0.466756534548342	0.474795342646536	0.470063385696444	0.46938672947821	0.343151277965988
0.75352774447427	0.752610177253584	0.795070207807864	0.807166596274059	0.806519975715066	0.805554474908455	0.917907710297099
0.598123495313729	0.598101808496445	0.581519571263844	0.587001264841679	0.587690152361481	0.585062225944537	0.518108730116077
0.56359415840134	0.566495535345045	0.53982779681861	0.52695508719278	0.535514173307871	0.532484709430406	0.443279054504387
0.483383597978724	0.484498603544111	0.437075932201198	0.422749598609637	0.426447783986734	0.425751313444127	0.283790751562097
0.709706959724907	0.711628581614207	0.742299255493232	0.743402025260551	0.741524632520526	0.741443104462776	0.81351332448832
0.61293357772221	0.608930981698786	0.598693449331403	0.599437208761528	0.600158526344565	0.601723656073615	0.53534566817228
0.628605415034425	0.630586510344557	0.629403909003033	0.627945511122656	0.628668757738289	0.628218461111865	0.624554221007371
0.681320363730902	0.681370741261777	0.694998570796621	0.703440552605154	0.697364417898454	0.701895867039381	0.733017041551607
0.721525741251852	0.720347455422804	0.755329664040207	0.751501813330443	0.749301679459088	0.749174069186251	0.818371666409491
0.639073625824608	0.637374581615823	0.638158470597318	0.638802926729253	0.639540642113639	0.637842168152486	0.628214076016182
0.617321253815567	0.616395859838773	0.608096492688857	0.61028142966177	0.610692996381724	0.611095661377662	0.576321648926542
0.653383220569851	0.655312091227097	0.659420689870014	0.659864156671152	0.658280310380446	0.660299641474254	0.6817849418565
0.665751130785023	0.66732544919133	0.680863316731992	0.679902320472661	0.681132255475446	0.681693301637159	0.728349945455307
0.629897851622971	0.629380895132279	0.630982942527702	0.629527401786323	0.631935262750743	0.629829011232206	0.621572841395279
0.55887862404615	0.561568720329142	0.524760434643131	0.529460639591801	0.529241547221339	0.52989284314617	0.402759196884235
0.500905040026834	0.501458097693965	0.446880206044727	0.434923523369027	0.438066138289228	0.438319833869638	0.229010356453329
0.616565693042146	0.619121974863415	0.612068865330533	0.617830615359251	0.613404102666313	0.6155976970621	0.592934414105965
0.627559938239614	0.626958780538249	0.630621277505868	0.632920744578116	0.628680939639022	0.630639901640814	0.648701693621459
0.572058313306444	0.574526846787399	0.556562317508536	0.555538817941014	0.555367334573892	0.553278672884609	0.502452573401339
0.695928136034279	0.697940003824448	0.724300554481234	0.719187511938399	0.720653015360395	0.722731299038641	0.802097681225825
0.643756782897027	0.648568584923759	0.654545494668283	0.656202057563142	0.65541068109885	0.654684684168641	0.693142931618956
0.541785554818608	0.548291920883776	0.509761308688483	0.514432688547832	0.518399387338188	0.512409516560619	0.43550815756479
0.570371551748938	0.568905796136798	0.546079875899254	0.549754551300343	0.550760210812058	0.548294497452248	0.495515827911637
0.457100937978448	0.456965287766844	0.396859209484028	0.381251768671111	0.388058772178418	0.384953215944833	0.193333239147491
0.597635354556447	0.600423754464382	0.591844977935328	0.59427940268565	0.593413760385484	0.591804328680453	0.5922395180386
0.726695652149991	0.729763545304151	0.766321102997271	0.768838949816761	0.769138873391694	0.768079040255805	0.893693759766172
0.474253709372108	0.475133790618641	0.421205651351993	0.400757948421975	0.40927224879364	0.409898493964638	0.241941012636139
0.62075361953569	0.619162445092406	0.621677224174387	0.621080766763585	0.625218685614852	0.622042872495999	0.641654532901066
0.668402697555651	0.664125870208099	0.689125568167745	0.697424939980122	0.693037706703983	0.689632247022129	0.8003131388808
0.621989499918867	0.62738953092142	0.623217532981641	0.623828795367704	0.627046659850295	0.624097360925198	0.624197260069812
0.663517287750421	0.663200464233951	0.674576364272613	0.671133200046366	0.675101661283359	0.673367698346252	0.685347704609776
0.625854214441924	0.626460059088419	0.616014036563901	0.620116269382552	0.618552693407211	0.618958770136654	0.58245414476216
0.626578976318162	0.627717120807925	0.629557455522943	0.625124954622322	0.631616601393647	0.628981894322609	0.639350483654296
0.64075256443304	0.640481124718375	0.650243773804816	0.656148088025556	0.652207280558326	0.653280598027548	0.701648964574268
0.596906048632473	0.599685621489244	0.588425825607289	0.590232238339859	0.591577325045692	0.592569626795335	0.564550355186971
0.58434558552321	0.583619731207386	0.561829532248338	0.568556187313001	0.568607832925605	0.5670714300781	0.50247745502358
0.660872748154911	0.66244612111692	0.681118474837037	0.678907657457039	0.680280250506057	0.675956060305788	0.770256372395256
0.592698827278538	0.593681903354704	0.574849184859143	0.573876482510457	0.571523347275885	0.574347769784078	0.500723753177539
0.6213238748619	0.620559719190448	0.615484230077842	0.617183853770804	0.616471453745798	0.617004435656297	0.598300189742335
0.685429698000877	0.683872032209799	0.702206369497733	0.699027715340529	0.69808854360371	0.698467926067113	0.726382235318974
0.770873461573536	0.76709543933247	0.819253103961327	0.824545910633085	0.82000798300362	0.820091706967459	0.957252787068532
0.687528668608998	0.686744027995171	0.718910319014135	0.715123327676325	0.711069708977899	0.711930785236483	0.806991326702039
0.596710526989467	0.596695634643713	0.577574201769253	0.587195678014441	0.584336997399855	0.580649169075569	0.532662991739129
0.66328779978374	0.660401652313999	0.675769285328645	0.675477418801284	0.675983756362912	0.675584132375055	0.739466546694434
0.617380821939941	0.617014332080657	0.616182473859746	0.616392670785386	0.614153718571671	0.61324197339201	0.615992528203709
0.573791310682177	0.572169741048168	0.549617551696973	0.55230015842499	0.555521164395944	0.555520622612501	0.481282442835939
0.679036167248389	0.681143507706684	0.697746188045772	0.69687261730695	0.694492113062752	0.697154260464471	0.73945202946234
0.59293141994664	0.593999327390381	0.576471012819523	0.576661771160801	0.575864699733348	0.575710544530434	0.507748919444631
0.680810502354493	0.680639180224739	0.697201962343126	0.692814539338073	0.695248249897807	0.693784903980001	0.730627261221692
0.632606162429395	0.633143711706331	0.631849181929214	0.630576485638524	0.632538866796873	0.631773761439517	0.652967718395765
0.565983311297202	0.563714551040454	0.539985187452338	0.526716916598919	0.530272711828976	0.532074469093371	0.409319500287881
0.766724331626708	0.765498823076624	0.821213234316031	0.816690255310012	0.81983663125561	0.819345159039861	0.986134234496261
0.670347692554935	0.667074736050955	0.681214084568497	0.682974676045061	0.680631519255883	0.680198192668984	0.705275503903475
0.563298826325456	0.560194956299777	0.5342067835126	0.527948433914011	0.530006803516239	0.524820192360903	0.438694762640069
0.577615602440147	0.578094731283602	0.557421631976467	0.561732346000054	0.559549457164661	0.560187121531712	0.49142740862125
0.543002127137205	0.540415602603341	0.501294084105624	0.507289212203772	0.507291770802939	0.50530196266208	0.376773442582772
0.628608628351708	0.631010401767444	0.625835663987609	0.628074843746444	0.626461725543785	0.623950878078542	0.600067835284945
0.662799918433023	0.664271216387803	0.668062813493626	0.689440774755074	0.67694385296695	0.67827551559286	0.742844900151821
0.563968802269995	0.562762083775625	0.5370079685704	0.535934714299249	0.533830063504504	0.537117087865202	0.463948513980202
0.616636644911889	0.620365617213168	0.615002862875523	0.616068987949126	0.61467657152392	0.61443856763577	0.588924391633127
0.405999614493442	0.410227986194435	0.364719003615508	0.294188401686326	0.328018236086799	0.331544583399778	0.0943966872104549
0.549887579588561	0.55107675006082	0.513076182913709	0.515433467402882	0.517587123053222	0.516414651545437	0.383998694567037
0.595323484847127	0.595363089214392	0.582145439558983	0.575527243531253	0.577198206584324	0.578912576508396	0.523770708548174
0.644801487905488	0.644737016524782	0.653072911304725	0.652001351915395	0.651372179417172	0.652378785730259	0.68321447576106
0.613293842088575	0.61267512139963	0.602820890856452	0.606300220415003	0.602633318825608	0.606590902873427	0.574529524286304
0.494847825451997	0.494722293802334	0.448030180355068	0.455496617821517	0.453222316612928	0.454242239493649	0.347502114596149
0.644689839148758	0.644170217446695	0.656341437466081	0.654101479852619	0.656821632679212	0.655166427055166	0.707233969197691
0.674917335121755	0.673444141581395	0.695578294990482	0.688671406223792	0.689816486729267	0.689796913487211	0.742624788273801
0.542322539319936	0.543335463573366	0.503329432018692	0.508630663360342	0.507781992811817	0.505218527189265	0.378187912425453
0.650959886011081	0.65147480108359	0.661598280422099	0.665672721667949	0.664850952262162	0.662929075632573	0.725962110389486
0.699513359370253	0.700379858013054	0.728933433405913	0.722313296292234	0.724301027122712	0.72612342277193	0.800058533926029
0.604600575699912	0.609102559574092	0.597782631157552	0.600270491602478	0.598366612078956	0.599984666294599	0.570262798853997
0.627726130979955	0.626620307260778	0.62190450638627	0.623395981411738	0.621747999351926	0.62251480867359	0.60243482424781
0.604490902511887	0.602999205811824	0.601714710191015	0.60406156351702	0.601867828117269	0.601378408542514	0.619731635923821
0.640722648785732	0.640225146316744	0.642232360929654	0.643185588817088	0.64150120621848	0.643084009940344	0.637241157722434
0.617712172895432	0.618101569436467	0.605611635138942	0.611601896925629	0.61109872408868	0.611290683422364	0.578737239710875
0.908148895850793	0.903892042754981	0.840320390106706	0.948639514294236	0.900745258284292	0.900971852007545	1.04011334429526
0.725849927110487	0.721674627342951	0.760466515071565	0.78072386025826	0.768847984945862	0.768836037415106	0.924951533672459
0.594763655060482	0.594069334009243	0.580688523781239	0.587320389304487	0.583189584751365	0.585363966247758	0.541979499123731
0.616923134366579	0.617173171449719	0.600974254033003	0.598905398143763	0.597866900246709	0.60047197331388	0.546127760635607
0.655583290911711	0.656024372874514	0.672634909148643	0.668623670625479	0.668689675305627	0.668377035208303	0.737658272099534
0.550629437741645	0.55079247938927	0.517234181679542	0.509153004338076	0.512144242224917	0.513704143849201	0.413597650460569
0.653110955543149	0.653659627121728	0.666127137213452	0.66858525165223	0.67270507403839	0.669381356735252	0.731625853088308
0.615000980528789	0.614453225866763	0.612465139067462	0.608129974448698	0.609404905314348	0.610497367340432	0.621610977442358
0.691829659061128	0.692543890310119	0.716798170946925	0.725497146436088	0.722554465061264	0.719261224537216	0.825764593143574
0.553056172406854	0.553028376839495	0.528585849961824	0.532654946922837	0.530602222875295	0.531166578093919	0.46430123068099
0.618938182133528	0.617412772365505	0.616804775683977	0.621128841663773	0.616797178953836	0.617320434683322	0.647066479705379
0.714753392198764	0.71044766788367	0.741068428510731	0.752014981939376	0.742912903314487	0.746143323607941	0.833449997192495
0.707368025381105	0.704627666431336	0.741868401044896	0.737771546413432	0.739432532441869	0.739399114385476	0.863186797689008
0.598193783363585	0.595047541814192	0.579383798174163	0.580193871927541	0.580208569742509	0.582259723522081	0.500021209419054
0.526246998075389	0.525401785351259	0.483586535186286	0.488457371419896	0.48735264789874	0.484856360791615	0.352535278238826
0.642847761720933	0.643834669087353	0.650091247660464	0.647666733000117	0.649895543204659	0.649660509423016	0.657364725913241
0.588152196180502	0.587312995012066	0.573721406190466	0.575876872606821	0.576904570791929	0.574204209056116	0.538021618195463
0.624699353244445	0.626207871906425	0.624058306137974	0.629084108849971	0.626637505474625	0.627612445786524	0.65887013932551
0.575789496468646	0.575628035708089	0.551436144257232	0.557098051243722	0.553757582156649	0.555891938357408	0.480980004157323
0.653982937269804	0.653644527946247	0.658779702418655	0.658590365838964	0.656145013832526	0.657116826256431	0.665678016699725
0.545999730711164	0.549697401406648	0.517250747715567	0.520990427958407	0.522855812025387	0.520845448358518	0.432345533846532
0.67603840143154	0.678446877077625	0.698119643762112	0.688287191643496	0.690469872534524	0.688930646975619	0.753989190891793
0.64811953537958	0.650900984748835	0.657768797963089	0.654798186736555	0.654918971230515	0.657298908619026	0.677720401701472
0.652905793485372	0.649541432336584	0.663223381083927	0.659290806512915	0.658647002082057	0.661985291669729	0.697338238475807
0.641727312863388	0.642297417560972	0.643668884242165	0.641029639228841	0.643733468450337	0.645395375438949	0.643178941029643
0.619963330737102	0.62051887317404	0.620354855445243	0.621200605409022	0.622901110686049	0.617509479326302	0.635502963844735
0.622100347587958	0.621184144662671	0.619123610126771	0.617393943738833	0.618485161900968	0.617922922565714	0.587996823605304
0.611330228855616	0.608264802697405	0.604024205347822	0.610236128551173	0.605866975743212	0.607252504356098	0.603883348866849
0.511993030207974	0.510895379082121	0.462312328618927	0.445682869161191	0.453835225239214	0.453171739878152	0.24722634614763
0.606426759624804	0.605812993646675	0.591735261044259	0.593058201534476	0.5967820160829	0.594095844471552	0.557721756968125
0.647014495174973	0.649727843602395	0.650636003908985	0.649278935475861	0.646598617535972	0.648923706836423	0.637424964825554
0.617594035646657	0.61984390533859	0.618162069055151	0.619914730283692	0.618845840266319	0.617991833939012	0.625136550273662
0.600372608228419	0.601739165058856	0.58811334483387	0.591601976405605	0.589512689882362	0.586615527607115	0.540681135639933
0.668009528745188	0.670571450265964	0.682809739995761	0.682145802482421	0.682248099590302	0.681829371663369	0.713735038734535
0.686046292106932	0.683585423851605	0.706528498007583	0.700404613452311	0.702433531022582	0.701173818063573	0.768095895811212
0.650164309061201	0.64860622289449	0.655629054845972	0.650995447803251	0.655247211242584	0.650677695687196	0.672079538216646
0.576753470635544	0.576300000436548	0.554431168774937	0.55490810402663	0.556886288800572	0.554175271240106	0.481774180575261
0.594152298998032	0.597167242020711	0.587548996016986	0.581741120516475	0.582509764174393	0.583740296080448	0.55881429722929
0.630221778581866	0.629725146245864	0.624383197353015	0.622147898381765	0.626524574516721	0.624983316064118	0.596129979756025
0.592847799572778	0.591500739043825	0.57195485997484	0.569148090643186	0.571724977940839	0.573511567584098	0.501132974992692
0.605737041621412	0.603713319495565	0.598547032336516	0.603821240107188	0.600516007176802	0.601635694876923	0.592881367405326
0.711025762316763	0.710303809555165	0.749373425174168	0.746551124804851	0.746939717023186	0.746237044418253	0.878215520747197
0.593120579066832	0.59263968797725	0.575385636278401	0.575081940707113	0.578378725701429	0.575983143010844	0.509139044965598
0.575730642664479	0.57556587470759	0.559887821017385	0.561721636668983	0.560360732396517	0.55890664392786	0.509767984696559
0.771678804456947	0.772543900217053	0.814078458201891	0.808245968526788	0.810003442813073	0.814073548554344	0.915584769099717
0.623847510420988	0.622401503376056	0.623481904146853	0.626936563960599	0.625277135168102	0.627182246419346	0.649425271731668
0.573128385349173	0.57273656067412	0.547418966791888	0.552765884352542	0.550124296866548	0.554162028316536	0.465285247759718
0.720070991513536	0.723780682443233	0.760634229734691	0.754958767164851	0.756796871385601	0.757491637344042	0.89775532737569
0.574744176819347	0.573602775951264	0.549705662640737	0.560901005064956	0.555652214982609	0.55731949536789	0.486377933051159
0.684292339217445	0.682469792722898	0.703113196772562	0.707158620807686	0.704187760251056	0.703969136793462	0.773542743050703
0.621807155952833	0.622109052508493	0.613893040838871	0.611760573065902	0.612810104167029	0.610772235423802	0.58119148306479
0.529709127874987	0.531796771143362	0.487404772055501	0.483311863919755	0.48284873101103	0.484698937117183	0.340382120345774
0.625003799175281	0.62700663951984	0.624132535301238	0.62791440611588	0.62515792866421	0.628334894484346	0.620517355917776
0.401083033448062	0.399591302896857	0.345923296369345	0.294120277691637	0.316531066843188	0.315026537539686	0.120244101448617
0.527328108966889	0.527298705133805	0.485654472813775	0.491591652788492	0.493074281919845	0.490635876954398	0.359355030480838
0.612540187727605	0.612208233647298	0.607797821966545	0.60855566110365	0.606502068748361	0.606925968530964	0.58871816978028
0.543536292124226	0.542403489611588	0.514126699725987	0.517881770818617	0.514532202124602	0.517415186522945	0.449122574333553
0.581543434253514	0.583502048777632	0.558675033716109	0.561596352729347	0.559844192693254	0.561470525944766	0.462607754225249
0.560467014450423	0.560750504060132	0.535708056527042	0.540525061878749	0.540101709391906	0.540210446101409	0.485238306497562
0.439504712956483	0.438985201493787	0.38954981139256	0.330191389025963	0.360320529598755	0.362500175056306	0.113632166186301
0.659252021761512	0.658371443764972	0.666976136962897	0.664243153033169	0.665303533058466	0.666291865330917	0.688425124616417
0.744746512002301	0.741915779806545	0.780778028108244	0.791417122159873	0.786770764622449	0.786860788523649	0.903468711904023
0.68353236089111	0.683390916303502	0.697855782944046	0.694889640377258	0.695760355563478	0.695208244294689	0.725766569914406
0.695923432036175	0.696451796312964	0.726571513625898	0.719954217072687	0.719274829912045	0.724825244771458	0.836457727225721
0.730474232187868	0.730708498288144	0.764011120235186	0.769770421730489	0.764722548366711	0.766402452946977	0.856364500403016
0.604962519872382	0.602737758322013	0.596524970582699	0.597966576045764	0.596372193983174	0.597076823912152	0.576802448888369
0.627075361166098	0.625279222885481	0.620181593965112	0.62149344357997	0.622324070144035	0.625543997431175	0.61862946067314
0.630656118756703	0.632379938375067	0.633705534380356	0.633191546991855	0.633637628836619	0.633399131436886	0.631051107381758
0.580917694132967	0.579108387712362	0.556441399896767	0.556738338214505	0.55892300269195	0.559970612451609	0.474345002818653
0.53305173575391	0.531393417799585	0.489617120498079	0.491746811290185	0.494375598639556	0.493485373049562	0.334983023381135
0.713192300016831	0.713289588008317	0.750033718389818	0.742430746204155	0.746481953448865	0.745481054970878	0.867933863561457
0.732927118495266	0.731074820156285	0.770845572368529	0.773129389819956	0.774363918178399	0.773356415588473	0.874933103704986
0.663341078836574	0.665327490872474	0.675524068068184	0.674220060192048	0.674890199286075	0.672159428592352	0.70820690086096
0.518850160824322	0.51986856912136	0.470568242238874	0.467321215847804	0.468189701039482	0.470944276375515	0.316792973951267
0.612525728486863	0.608472225675228	0.610025571802063	0.60727495031555	0.610757667430315	0.611036909899648	0.614417603743722
0.569577253278108	0.567840549954901	0.553283189707715	0.555515212422177	0.553431324236593	0.555938451741437	0.521481660285834
0.592483985950405	0.594846999629083	0.575260147356668	0.574624764929151	0.576524149239878	0.573239266802089	0.503432087177324
0.541854953686568	0.544749366098061	0.508718506625861	0.514978291249298	0.508686705014482	0.51256691538197	0.387876060340073
0.548857582460827	0.550504355428656	0.509428902283898	0.510859139121706	0.509875938919612	0.508813233523588	0.36316929576472
0.679064990636516	0.677610998013852	0.703040122829958	0.700002734380447	0.703567224899606	0.700920593521638	0.805480222558924
0.626860661587655	0.628480228937654	0.620727806585677	0.621485477685917	0.622273844519778	0.619691587266806	0.598065772555589
0.619647216988951	0.620047011732255	0.619613232545985	0.621841736171512	0.624537287421049	0.620356344400392	0.638044048689539
0.522753751081615	0.521983408963969	0.480503154783886	0.482201397596626	0.482591958905065	0.48314814382339	0.361199361547201
0.648309266434504	0.64708855957422	0.649199015116315	0.65010390605925	0.651425955360988	0.648904037518136	0.656423882112353
0.663747390867742	0.664057724221011	0.680247544447216	0.676008711151314	0.678210060767199	0.678805787804213	0.730686321891835
0.570700205007787	0.568956789295143	0.548326117931502	0.554855310508945	0.552599818227682	0.550417379463424	0.481358882675328
0.516934877959841	0.516693367343541	0.473380231666366	0.470330076627423	0.473591095048888	0.477013377585901	0.343862966208428
0.620685665456807	0.622110298126829	0.614595152953169	0.611726205411722	0.612044579598614	0.615198736235847	0.58400156408382
0.615765813380625	0.613875240815751	0.61146479023261	0.615687407578217	0.615550864803181	0.614548638900386	0.610525100031025
0.793624761584081	0.796889127893957	0.860446709622047	0.873297091959566	0.867960290732914	0.86835084219472	1.07401018045739
0.583983492674759	0.583674166176956	0.563856285120247	0.564572984895935	0.565057681792518	0.564214305830271	0.497825945939846
0.581577387668922	0.579286870526546	0.558822824701914	0.567295850365379	0.564068148323411	0.563485725765694	0.502752365799809
0.571281308750508	0.570339887792934	0.552527956568783	0.558488270981444	0.557943609898367	0.554923866969274	0.511306167990045
0.742058638796406	0.742021398759369	0.759218070084975	0.792201575650568	0.779595595043868	0.778810010643993	0.874907365044297
0.684814978838144	0.681573280063759	0.706100068925831	0.71265054837681	0.712866409113045	0.708316219087726	0.799314639640219
0.67997690364183	0.682722632642019	0.69796435280368	0.696653684175753	0.697048851438834	0.698500680570792	0.741487549350543
0.625542189575302	0.626998911089429	0.624141201837164	0.628115488914958	0.623381555048694	0.623842806293828	0.621947267055288
0.535948298852715	0.536729991819291	0.495227203255394	0.499216021570014	0.499375433536733	0.499184585958766	0.36854595707956
0.56677161607372	0.567340058537508	0.540784141407202	0.543052275859504	0.544153085506771	0.541323168189658	0.436336738883854
0.488470910126075	0.489451850164161	0.446209800149025	0.407204265367952	0.425634306076355	0.426317300005872	0.192908519778001
0.820859941757903	0.820645668699712	0.880969699476521	0.900314689619964	0.891096081207437	0.893342109063842	1.05590147029425
0.648668764030989	0.649024349963412	0.647042216711399	0.648179303874302	0.647511708870336	0.64707326360169	0.635465650173703
0.603457884786976	0.604725321118509	0.594112133717725	0.592644171959781	0.594182091150311	0.58907158770379	0.562283416720569
0.600940235515353	0.601776821144229	0.581218012128326	0.587454479464962	0.588394040812287	0.589061696432617	0.523150338043881
0.686784518028298	0.689046511766234	0.71018483912464	0.722070472930104	0.714651833333226	0.720454607402581	0.808839962120189
0.558829152515345	0.55698788160348	0.541889163050016	0.545001575169516	0.545018274870607	0.543333943939148	0.51042013614512
0.731881422282849	0.729289927058805	0.771404566194942	0.782811423992945	0.774381218981763	0.781034564873667	0.951312384985998
0.628724626500178	0.628404712157195	0.626910443592703	0.629060252413619	0.631173393390598	0.62862173742818	0.636422117008407
0.545135762065694	0.544860056925927	0.516175354212951	0.526228053793586	0.522140638798612	0.522938529650291	0.44517836733815
0.521444032147403	0.525699625306698	0.478718969295709	0.48014047006193	0.477136308767148	0.479829406496462	0.338227798078128
0.673258299835145	0.671797373181812	0.69586100699712	0.697475700976336	0.699308533682116	0.692926664152355	0.805168216227492
0.631548430439386	0.632605056053127	0.624294152028489	0.624298406549127	0.622078051977251	0.62517165736567	0.59078841570855
0.60054603854875	0.600942178535099	0.594558373218446	0.598852590041428	0.594217985336769	0.598510705473585	0.590034978053363
0.633711975418014	0.640339549580188	0.63477602527392	0.647068605177593	0.6432086603014	0.636181229434087	0.663182124499128
0.562876749107481	0.56232488078172	0.531704295670626	0.53648340974318	0.536719000922717	0.535582250451903	0.417323165764117
0.473207936067547	0.472490031660036	0.428561189907428	0.39442332016408	0.409446186724164	0.406564252055227	0.226245438696202
0.592423161856592	0.593668882050087	0.57419076395717	0.575022704700864	0.577874396305538	0.580368296137101	0.495333086677193
0.672732692532438	0.670401290552137	0.679910607769811	0.681460942201007	0.679748854047238	0.682742674145196	0.695710225805775
0.749337664797535	0.748521752483357	0.793680523638363	0.801548340029727	0.797875934456716	0.797952074667525	0.944052882466518
0.593564994955023	0.59070560728268	0.573539076153554	0.578359516443163	0.5785873297684	0.580126471106353	0.513722762113587
0.556464619842271	0.556208174954686	0.521380358774384	0.529006008886558	0.523573883407437	0.526973902409913	0.412994854675989
0.550084659449567	0.551010200562111	0.518440094730703	0.530874297089559	0.523076308347516	0.527868485426269	0.436220951953898
0.646485761873863	0.647880311634899	0.652162542603608	0.665994072218694	0.657533873927727	0.658017675673896	0.718610111285015
0.658548571523077	0.656995777606669	0.666160809061843	0.665261004201535	0.662330351890908	0.666453412992044	0.698146853198459
0.579998231497544	0.582235729044287	0.563828768231523	0.553483047120399	0.558810931208012	0.556582679861146	0.489979330232853
0.550954697490545	0.550081613777666	0.514330089708834	0.516273258534329	0.516496828198513	0.517526500352157	0.394599202469196
0.52370795658249	0.521363748481376	0.478653049221711	0.480062387510451	0.479167009688497	0.47676791610349	0.336811827563413
0.71922192243202	0.716923935509943	0.756404439161355	0.754455365927474	0.75051847872807	0.754737594427002	0.860706051531364
0.510794240457256	0.514295899033957	0.482853659706751	0.453357394596432	0.469146349456079	0.465344601130087	0.339731208567728
0.650303161572498	0.650325443913839	0.649765832237766	0.660475486916938	0.658035726623556	0.656385289274974	0.678051762331596
0.646593182151195	0.645563380712013	0.654583172076039	0.65236539721962	0.656275018676663	0.652818142148895	0.677791765747348
0.683011921887762	0.684521480875357	0.707225179817157	0.699039682702119	0.700684398729297	0.703332073858059	0.767811933906989
0.63085053939508	0.630062884026427	0.636034630264245	0.635415127278116	0.636194649879196	0.635057988091014	0.668180556129556
0.667998909661876	0.669070456703995	0.682105750440027	0.684959517368453	0.681007401980181	0.679634854067392	0.714323486696312
