FMP	RMP	FPP	UPP	ANPP	NPP	ANCOVA
1.00078299262462	0.999807525702148	0.999935358963727	0.999902996731749	1.00143049513461	0.99998784256602	NA
0.999839514776056	1.00013909739124	1.00078550712219	1.00006887982286	0.999924770471031	0.999862178521074	NA
1.00035402525832	1.00057140925641	1.00014638065168	1.00043290106944	0.999908773245234	1.00060521229947	NA
0.999996206772531	1.00024459322144	0.999953805487259	1.00072804259459	1.00000438740862	1.0005984422036	NA
0.999785179145096	0.999690870247411	1.00005764836093	1.00044875315209	1.00012094043709	1.00083063191521	NA
1.00039486448421	1.00085343968628	0.999898835373636	1.00214856394229	1.00056275281264	1.00017473745476	NA
0.999844013450819	0.999986062075567	0.99984473261649	1.00036391586204	1.00085411228076	1.00002650829768	NA
0.999987069928872	1.0005126435009	1.00028246763807	1.00036713261073	0.999965686920592	1.00008471581059	NA
1.00002675094603	1.00004269591566	1.00022628436909	1.00077037159513	1.00063978747144	1.00163282454365	NA
1.00013565762572	1.00034262335315	1.00058652014032	1.00021707604947	1.00059038704519	1.00003535158377	NA
1.00000116505702	1.00184197261664	0.999795365568946	1.00034068249086	0.999788306892637	1.00014649855324	NA
0.999996159832155	0.999770864362562	1.00024273413264	1.00046073685889	1.00007380295639	1.0002139506937	NA
0.999867078501059	1.00014719593098	0.99980405364668	1.00079994482943	0.99990653464556	1.00021139799397	NA
0.999936284532482	0.999931223828703	0.999848763952599	1.00048664079007	1.00049370361511	1.00051080741629	NA
0.999859796507585	1.00006329650084	0.999849826118498	1.00068241871832	0.999683782798682	1.00112831186931	NA
1.0001032794353	1.00136461322214	1.00047378917303	1.00064218761635	1.00016752401947	1.00023334657823	NA
1.00044873914114	1.00040085739279	1.00014361583881	1.00003588355084	1.00033943895035	1.00042631918749	NA
0.999771004513779	1.00086519180838	0.99993044789678	1.00041718716972	1.00080974102713	0.999792033540314	NA
1.00024512327978	1.0001334445508	1.00114430001658	1.00045746481592	1.00015020863152	0.999941993034206	NA
0.999901434574193	0.999715241488428	1.00039622445269	1.00048422589782	1.00001351266099	1.00020801040426	NA
1.00013279012902	1.00144695050793	1.00028226945842	1.00049605909608	0.999828882551883	1.00028943756695	NA
1.00036666932487	1.00025199452705	0.999926176563448	1.00027608593053	0.999865018197312	1.00035138061567	NA
1.00019707162756	0.999970228876592	0.999989086709319	0.999874380347465	1.0002384151399	1.00056656939156	NA
1.00046173106919	1.0004817105833	1.00045345864942	1.00157739034329	1.00003486140197	1.00110194114003	NA
1.00042533919105	1.00027412369053	0.999933757447986	1.00028914819248	0.999919692733489	1.00018349236304	NA
1.00017009125283	0.999827856474539	1.00001939524984	0.999697352936145	1.00008547346375	1.00013509564733	NA
1.00036112675416	1.00001966792448	0.999895417651272	0.999839123565597	0.999912191895434	1.00026918227937	NA
1.00026358047479	1.00048625105775	1.0012021717238	0.999904834710297	1.00051723717112	1.00007414222605	NA
1.00018860032812	0.999794065272635	0.99976692087472	1.00012181858158	1.00017926421436	0.999852225795796	NA
0.999805532016744	1.00077098219368	1.00042293348889	1.00026866743956	1.00038714971553	0.999810711244186	NA
1.00047716085295	1.00065589877847	1.00005294568819	1.00021379526752	1.0002999646877	1.00011959961469	NA
1.00173519788933	1.00012550835401	1.0005252223917	0.999931741284817	1.00028309031333	1.0002625180203	NA
1.00004845853527	1.00089326707355	0.999925353506893	1.00047566618905	1.00029177078914	1.00020090873737	NA
1.00052537759507	1.00023115909183	0.999860634350409	1.00047941376745	1.00022658319324	0.999947828581452	NA
0.99994295071573	1.00015249256536	1.00059986976956	1.0006352964939	0.999837996061747	1.00051063247478	NA
1.00044710928944	1.00095044122206	0.999986165519785	1.00016410419539	1.0001928051889	1.00016740229409	NA
0.999816766345402	0.999990527251328	0.99968572610403	1.00022841792351	1.00027288498842	1.00011673062148	NA
0.999854696318532	0.999844407107502	1.00004017891584	1.00034349417378	1.00018726713749	1.00043974560449	NA
1.00189259674653	0.999975275268534	1.00047737642164	1.00052782897362	1.00023766214605	0.999806205892735	NA
1.00025253977635	0.999961480659075	1.00008378174748	1.00048694385579	1.00005632181104	0.999941271024247	NA
0.999957516726819	0.999782410610194	0.999946808843111	1.00012225442764	1.00086291102713	0.9999028411878	NA
1.00018741464746	0.999870551889032	1.00048036301998	1.00007661964327	1.00006876299047	1.00027399247251	NA
1.00032347755956	1.00087255837792	1.00045723015854	1.00077204915877	1.00066977719135	1.00002930998136	NA
1.00066080917081	1.00027502252709	1.0001791479527	1.00073096352234	1.00022652859864	1.00025126060397	NA
1.00030486438011	0.999860468628275	0.999821112502923	1.00023219951292	1.00031654193699	0.999977335705348	NA
1.00097833776184	1.00026640078305	0.999993630145272	1.00005723739789	1.00010565501918	1.00033726598211	NA
1.00060589650097	1.00013131153252	0.999709934758481	0.99980037094611	1.00055404087552	1.00002463556465	NA
1.00003642561754	1.00008257630129	1.00095524010058	1.0001380840033	0.999986264360726	0.999660343617365	NA
0.999972294336504	1.00058897058093	1.00063169971677	1.00053102800414	1.0004134241397	1.00014791526576	NA
1.00027593283094	1.0005013274742	1.00007133525036	0.999799324411668	1.00049161516132	0.99983204103473	NA
1.00041494226717	1.00026223548094	0.999704439076488	1.00042349737768	0.999962509161965	1.00021062206614	NA
0.999955717665587	1.00002741823436	0.999801137129524	1.00013248953899	0.999799777183704	1.00046886600308	NA
0.999951937117845	1.00006882668593	1.00054211470256	1.00041415943518	1.00020179685673	1.00019929727144	NA
1.00013630738298	0.999887321088097	0.999776627992832	1.00014290318376	1.00013270673757	0.999997667019154	NA
1.00029478835186	1.00039306252837	1.00038210687665	1.00018449409555	1.00000412603526	0.999859075900926	NA
1.00024257842275	1.00025539617115	1.00040627409355	0.999905728379744	1.00029057784785	1.00010959152413	NA
0.999926287281383	1.00010980111682	1.00001023188056	1.00041334606864	1.00020357542536	1.00111763285628	NA
0.999946615670627	1.00040111996245	0.999789167608479	1.00007052626268	1.00014305906829	1.00033831958244	NA
1.00015885781961	0.999960881515036	1.00006228796342	0.999878931026301	1.00004381748932	1.0003180867495	NA
0.999947000164981	0.999959745528981	1.00002735691762	0.999974651021229	1.00013161500574	1.00088836270299	NA
0.999872762348708	0.999961234976902	0.999827617194512	1.00021630966917	1.00065343553778	0.999890251478674	NA
0.999766234954153	1.0000279316902	1.00031971675833	1.00052628204147	0.99987444013428	1.00001875389552	NA
1.00013902220506	0.999974826165739	1.00018637458256	1.00018555287714	1.00013184199767	1.00003523318445	NA
1.00083002158752	1.00016688859464	1.00040548580408	1.0000982997063	1.0001330598947	1.00090063617879	NA
0.999860268897659	1.00003423492335	1.00028964678261	1.00021384294652	1.00018792640789	1.00019474831734	NA
1.00138589118276	1.00172224605413	0.999805787317468	1.0001431560093	1.00039017559738	1.00030208287637	NA
0.999856530418333	1.00007445511353	0.999810695555922	1.00033974860271	1.00023406883144	1.00027285087322	NA
1.00026670060707	0.999702089797779	1.00043490680011	1.00035169611853	1.00112608896931	1.00079799149515	NA
1.00062259836467	1.00001213996963	1.00033456471394	0.999902971487821	1.00021518405834	0.999882261655024	NA
0.999962836521428	1.00004937977858	1.00025906189257	1.00007324802483	1.00026434188707	1.00124381560426	NA
1.00005708441589	1.00052794484396	1.00071681095121	1.00002132068773	0.999809625835886	1.00012419800963	NA
1.00048531464804	1.00016372611781	0.999965829866537	1.00031131390816	0.999891214746733	1.0006026327021	NA
1.0009726631712	1.00046247203866	0.999999055527611	1.00066192467142	1.00020923199109	1.00017666021082	NA
1.00009012170256	1.00026354011392	0.999825996280159	0.999958718568095	0.999864099842517	0.999805930762645	NA
1.00049327280301	1.00089024004307	1.00060698528854	0.999756079297351	1.00001190135709	1.00013710735869	NA
1.00001649101865	1.00021441742005	1.000284050511	1.00019010656712	1.00007394454184	1.00042887270562	NA
0.999892583835832	1.00018935383593	1.00022242705924	1.00019766733931	1.00037877858741	1.00006267643346	NA
0.999862038601779	1.00018040623925	0.999832935237374	0.999878129438496	1.00019601887514	1.00072513972457	NA
1.00027941022639	0.999982409907013	0.999964164279326	1.00060104333033	1.00047422523455	0.999851852417152	NA
1.00061292449814	1.00037731713994	1.00055117161458	1.00074382527515	1.00019649590367	0.999864324042715	NA
1.00084544086681	1.00103034887217	1.00062158549248	1.00020488949263	1.00018493637382	1.00015387592096	NA
0.999705960458916	1.00088416017348	1.00088411991117	1.00034364308728	0.999899395715747	1.00014515194712	NA
0.999855186339708	1.00006158653033	1.00001206208848	1.00009375331813	1.00011085942103	1.00014024146083	NA
1.00053590487418	1.00047570720268	1.00022449848911	0.999816831599214	1.00056830845744	0.999852676437978	NA
1.0006218204949	0.999945327522895	1.0001235919458	0.999802475625735	1.00081895648673	1.00055291008699	NA
1.00088147676659	0.999874048069956	1.0001980778096	1.00010303630632	1.00027684941395	1.00042838263206	NA
1.00082289561772	1.00058079124624	1.00087773373079	0.999822655156294	0.999808277424378	0.999978484335339	NA
0.999821819359982	0.999819550192441	1.00005983196385	1.0005723766886	0.999791196738979	0.999827408165112	NA
1.00005577422218	1.00030980350371	0.999859443119421	1.00009236373781	0.999878284449879	1.0000007358035	NA
1.000984042573	1.00102562886641	1.00104393775376	1.00052741280913	1.00012336004534	0.999987678741759	NA
1.0005645214614	1.00102666517325	1.00023286642789	1.00010003393193	1.00024611990182	1.00039056824722	NA
1.00036018672691	1.00001085151299	1.00008597573231	1.00029351611385	1.00005152858147	1.00034460298974	NA
1.00019147130064	0.999905561518725	1.00051574772672	1.00001509097685	1.0004501852954	1.00016560111669	NA
0.999943838137309	1.00019582790356	0.999762243578018	1.00023494060172	1.00048352715253	1.00119193069405	NA
1.00093047334171	1.00020785011299	1.00020069155782	1.00051954790828	1.00025516649093	0.999906181259503	NA
1.00040094470871	0.999852775639577	0.999883338237188	0.999909525911674	0.999918490302801	1.00000946196729	NA
1.00004619941559	1.0004927113942	0.999705711461197	1.00109478518592	1.00076085220165	1.00084846502057	NA
0.999913791235084	0.999814933465104	0.999825862466634	0.99987813381551	1.00044798276857	1.00025022930028	NA
0.99973486171842	1.00061222179236	1.00013553652435	1.00020464247732	1.00007285225115	0.999881454578773	NA
0.999723265597176	0.999977131248344	1.0000652381961	0.999736422869704	1.00018611630093	1.00079806631683	NA
1.00011276528949	1.00033948734152	1.00011903065506	0.999654389272411	0.999811400436611	1.00019434606621	NA
1.00068392944982	1.00070326585172	1.0001250243619	0.999928955795916	1.00055279317341	1.00082517733998	NA
0.999918634197468	1.00063780465802	1.00017407156306	1.00012106809495	1.00022341973839	1.00013204949097	NA
0.999822542237694	1.00001670876022	1.00026392733244	1.000268214029	0.999833711451661	1.00035923780192	NA
1.00029627880818	0.999718076399896	1.00038612350761	1.00044121314745	1.00008110408604	1.00101187282145	NA
0.999807921587333	0.999902367348152	1.00007255722323	1.00040749970661	0.999799684121607	1.00002758643704	NA
1.00021540930675	1.00010816833135	1.00024699194421	0.999901353084688	1.0004357655125	0.999958482703072	NA
1.00022167347724	1.00114628370157	1.00013848167055	1.00086115338685	1.00055314637707	1.00046930306714	NA
1.0001025031434	0.999975157803019	0.999882194559462	1.00006633666361	0.999910203041039	0.999949485438487	NA
0.999821650134783	1.00004680528513	1.00018547249932	1.00004995581804	1.00001359357856	0.999886699679026	NA
1.00057010991163	1.00063480863747	1.0002786565805	1.0002415562485	1.00011323009477	0.999858341644684	NA
1.00062173670381	1.00015799188386	0.9999091559198	0.999933053369765	0.999954367820267	1.0002764915649	NA
0.999804809356947	0.999755883152882	0.999871341203663	1.00007457613737	0.999982282490736	0.999890495629215	NA
0.999833913616553	1.00000979839975	0.999870370418745	1.00053616979447	1.00000807869971	0.999912855564117	NA
0.999770373367757	0.999827892261927	1.00036629935427	1.00015331381049	1.00036441338603	0.999986503008018	NA
0.999749343627954	1.00000276853421	1.00034989746937	1.00010219154615	1.00003839901552	0.999990743292977	NA
1.00019121436177	0.999860518762656	1.00113398844829	0.999945325705573	1.00024875872138	1.00027990559845	NA
1.0001709208243	1.00023943838885	0.99993369269365	1.00029014945031	1.00005714699279	1.00027297548479	NA
1.00024012111194	0.999782899464314	0.999998704177681	1.00003653794629	1.00006591079822	1.00029254487535	NA
1.00068790253877	0.999773920739066	1.00006168188591	1.00010843374264	1.00012676355227	0.99986551303341	NA
1.00080275977496	0.999812670542586	1.00035363184316	0.99988862882949	1.00026482468146	0.999830726766941	NA
1.00025107010905	1.00025323182188	0.999974457628829	1.000108411959	0.999866480881068	1.00027149309929	NA
1.00005519899739	1.00026874513412	1.0005697654245	1.00018778834943	1.00020247476149	0.99985520998382	NA
1.00070904811287	1.00049273874791	1.00000692232329	1.00012691389699	1.0008078208758	1.00112735477621	NA
0.999865338450448	1.00011558300021	1.00012187285263	1.00006940274389	0.999840383310203	1.00044876082861	NA
1.00024449076393	1.00035658138336	1.00004690672766	1.00036819958634	1.00019553851499	1.00014954083161	NA
0.999778987327205	0.999973894520453	1.00047355491405	0.999976777747917	0.999963994376725	0.999720719832393	NA
1.00013541518597	1.00037100366642	0.999886500270243	1.0004581243836	0.999755881728482	1.00009025695292	NA
0.999913923027735	0.99983131314474	1.00008037519558	1.00009125883092	0.999880928954518	1.00002468659034	NA
1.00033959448063	0.99990682302245	1.00045255475485	1.0001688842097	1.0001424865185	1.00028037773865	NA
1.00057830665328	1.00115872339061	1.00063728286611	1.00022727029263	0.999804620418047	1.00003599247903	NA
1.0001066851567	1.00114359107664	0.999887435547537	1.00009214984639	1.00127315152833	1.0004557359213	NA
1.00014043988306	1.00019342215005	1.00036782390109	0.999928087565173	1.0002623916392	1.00038080319882	NA
0.999733433713192	1.00019841807081	0.999850208183428	0.999911588525328	1.00013438642781	1.00072839338351	NA
1.0002995610759	1.00089973794803	1.0002862521187	0.999980086391115	1.00040481917776	0.999818442644075	NA
0.999952882846	1.00008514263915	1.00090407271303	1.00035740424879	0.99975146633613	1.00064563427287	NA
1.0001233738761	1.00012001518687	1.00003352371027	1.00038246189389	1.00017718763515	1.0003142450853	NA
1.00009299004562	0.999883410524609	1.00091744103178	1.00026731696565	1.000263292505	0.999737482606067	NA
1.00018114038616	1.00077525055054	1.00004271232956	0.999909232557099	0.999877132453005	0.999783011335814	NA
1.0004673542877	1.00124998741297	1.00088593908845	1.00020472977564	0.999904335546967	1.00048067978913	NA
1.00012512572528	1.00040663380098	0.999991613928485	1.00005894718667	1.00055199667348	1.00177214980631	NA
1.00026029287498	0.999958167283862	1.00007689480016	1.000066602865	1.00018420954446	1.00030899417948	NA
0.99994162284599	0.999980647724151	0.999990700852003	0.99996230814563	1.00035037435876	0.99999521598278	NA
1.00000455964097	1.00022105360728	0.999911724189524	1.00083271560949	0.999978225896902	1.00030848222706	NA
1.00032674232989	1.00004761430169	1.00036845969348	1.00034072230407	0.999912531114296	1.00068380230614	NA
1.00079822186957	0.999893470725957	0.999951800119786	1.0001220604817	1.00085852012035	1.00032271462958	NA
1.00007742901737	1.00014266551699	0.999817747428442	1.00014212296132	1.00003564626618	1.00009330375995	NA
1.00063389186132	1.00008087209783	1.00010033633133	0.999922372042515	1.00000399676557	1.00044131120817	NA
1.00003932897627	1.00011037393791	1.00034749449329	1.00046665226617	1.00043132603082	0.999856460106823	NA
1.00016501895316	1.00036203510661	0.999957860698389	0.999837683185512	1.00012841404338	0.999893458643626	NA
1.00024370717171	1.00016426868124	0.99983265176798	1.00045201561308	1.0005510214745	1.00079533398013	NA
1.00001200765402	0.999964662632671	1.00038597189886	0.99982233560298	0.999885976376289	1.00027030976659	NA
1.0003832085122	0.9998804315356	1.00040071409273	1.00009332368713	1.00007914077554	1.00018523089366	NA
0.999863666632314	1.00013859960208	1.00088966130975	1.00000954490905	0.999885185229472	1.00027528104645	NA
1.00056902690389	1.00020213275766	1.00042143231448	0.999769693347637	0.999958989766494	0.99995614368204	NA
1.00021981596928	1.00030117168602	0.999905420346824	1.00053624102607	1.00027810617641	0.999925330181275	NA
0.999867442495301	1.00130959859102	1.00002521880712	1.00011101242554	1.00049026068345	0.999985437777374	NA
1.00051968225743	1.00019390816869	0.999916011424654	1.00022742868093	1.00060002522784	1.00042235445715	NA
1.00000740217078	0.999873358236487	0.999921736859349	1.00022561289948	1.00006123976533	1.00033665148328	NA
1.00062542577787	1.00004644036616	0.999893832594249	1.00034492879438	0.999873921796278	1.00085225513038	NA
1.00044715598269	1.0003080055488	1.000280446833	1.00053771202472	1.00038040895408	1.00083249586974	NA
0.999965797077267	1.0008438790414	1.00016827811221	1.00018020567819	1.00006925448043	1.00034995576169	NA
1.00064716450183	1.00069457184136	1.00018232973605	0.999998671546962	0.999868092375572	0.999999072931701	NA
1.00007481588983	1.00031336980699	1.00023043198184	1.00044008543278	1.00038314367278	1.00038827511892	NA
1.00005827239795	1.00046895100211	0.999976531446154	1.00025526015295	1.00061797510293	1.00027673832131	NA
1.00025414967964	1.00013795120423	0.999733764895256	1.00020022384813	1.0006298955821	1.00005760427152	NA
1.0013170133099	1.00081710350938	1.00079868697732	1.00000974412398	0.999906840999496	1.00002825191215	NA
0.999919673463534	1.00005551221099	1.00013705078388	1.00072651237123	1.00006193352001	1.00027421967388	NA
1.00044798417767	1.00047547325404	0.999990412666189	1.00041857072595	1.00010023820869	1.00032070029093	NA
1.00057302019121	1.00010971697739	1.00000839145381	1.00001331925793	0.999772386358006	1.00010636611562	NA
1.00020327134103	1.00019012033753	0.999907741543905	1.00023163754675	0.99999757073397	1.0004177754043	NA
1.00079872837993	1.0002363323259	0.999703396592695	0.999939462192384	1.00028659118064	1.00048155758902	NA
1.00052736095814	1.00023601548727	1.00032906216046	1.00007072660657	1.00005183259166	1.00014525477707	NA
0.999885767727746	1.00059333681331	1.0000922646013	1.00050013499952	0.999995956836987	1.00024158202655	NA
1.00030314985538	0.999984789131428	1.00021275007075	0.999888091711264	0.999933561211028	1.00056715251905	NA
1.00006785541466	1.00022967708496	1.00067493575281	0.999731791381623	1.00007302733739	1.00035363692802	NA
1.00025435744417	1.00003596339906	1.00010069923092	1.00001375891906	1.00032991739948	0.999962953193626	NA
1.00041132493078	1.00020802766722	0.999728342822066	1.00059422914631	0.999944683790731	0.999836455227746	NA
1.00001681891427	0.999975124202435	1.0002742856015	1.00018783544759	1.00016313180039	1.00035517251183	NA
0.999907324963951	1.00081753160941	1.00107078422285	1.00023553215145	1.0002867805718	1.00056666642648	NA
1.00021722054048	1.00033529320153	1.00066534734494	1.000219505425	1.00043607476576	1.00044326757151	NA
0.999944216003895	1.00012702135941	1.00040265184285	0.999952111383802	1.00135009473265	1.00009726271463	NA
1.00011492860735	1.00054664436428	0.9998662963902	0.999955676619826	1.00019772841064	0.999759917637238	NA
0.999675042934649	1.00007400140727	1.00023365523725	1.00036042939557	0.999774055729482	1.00061702757889	NA
1.00013641967293	1.00006024427353	0.999946007252784	1.00009909274534	1.00085591534365	0.999934098623599	NA
1.00009389384002	1.0001416089575	1.00000991248439	1.00003523567764	0.999818177092101	1.00019372233932	NA
1.0000013505649	1.00057122912343	1.00012526456143	0.999844212440481	1.00012686634933	0.999944670438435	NA
0.999903693626617	0.999999575596613	1.00026438216371	1.00151613131804	1.00037586731901	1.00093578766963	NA
1.00004188346909	1.000093330847	1.00020972589658	1.00050288898566	0.999945376471984	1.00007836850517	NA
1.00021484958103	0.999863298391795	1.00042672769833	1.00060409969533	1.00079379053896	0.99999183480182	NA
1.00047486868114	1.00027642843536	1.00002381085578	1.00000341593709	1.00019649656167	1.00007166963423	NA
1.00027119001064	1.00028669601902	1.00002538419113	1.00042560962598	0.999883301298709	1.00081497802816	NA
1.00025272116627	0.999945996406229	0.999781090217874	1.00010220827466	1.00021395376897	1.00024347676288	NA
1.00028674106151	0.99993495347266	1.00038648301356	1.00054695847218	1.00038403196731	1.00052076202463	NA
0.999822688265412	1.000325934399	1.00036619207369	1.00050363643147	1.00035077019246	1.0004814522964	NA
1.00025281279519	0.999995324231184	1.00061856042186	1.00036185654544	1.00015212977387	1.0008352620673	NA
0.999953574635613	1.00106206370376	1.00005281761731	0.999843069875543	1.00048148659434	1.00005411985532	NA
1.00025102878369	1.00025453089313	0.999959770656274	1.0008429273384	0.999887675551636	0.999971915314303	NA
1.00005381914313	0.99985769539456	1.00014681852379	1.00063802640032	1.0000539858563	1.00037043495361	NA
1.00086395587844	1.00006942517859	1.00023833826839	1.00019443457648	1.00037329376648	1.00007469649921	NA
0.999920901013685	0.999942469359256	1.00022082184405	1.00031747166108	1.00036299190397	1.00011581106341	NA
1.00035109535461	1.00026271945674	1.00006472318278	0.999760560075504	1.00010645655254	1.00075097581697	NA
1.00000112860733	1.00039165895531	1.00056366345042	0.999851571714373	1.00145180146174	1.00003588904606	NA
1.00033327041536	0.999921841631949	0.999930346584078	1.00022460642423	1.00004596561911	1.00036916571276	NA
1.00027603578391	1.00039255409274	0.999885403037553	1.00130357908136	1.00002824800387	1.0006615356418	NA
1.00037796308533	0.999888126612281	1.00011020902424	1.00020034555135	0.999696585627456	1.00046335887554	NA
1.00011419756333	1.00049232226482	0.999873319175751	1.00065627975604	1.00024934400606	0.999963157496638	NA
1.00057201189264	1.00045524725728	1.00096625160885	0.999877322971516	1.0000251948778	1.00013879936428	NA
0.999935272251164	1.00005195028915	1.00015844610026	1.00027931573833	0.999886091263909	1.00012389945873	NA
1.00017647595479	1.00079596740007	0.999925602935546	1.00105261915526	1.00002067904423	1.00004532873658	NA
1.00037228706585	1.00100137437433	0.999902554185712	1.00063992392402	1.00014040192509	0.999956849014091	NA
0.999680689241208	1.00064029094735	1.00043182271709	1.00025871541884	1.00040384429085	1.0000435817671	NA
0.999968520623234	0.999665371480965	1.00079905734795	1.00094417643309	0.999889846969312	1.00033120965932	NA
1.00038703391583	1.00009563933365	1.00101656084538	1.00003342539631	0.999906472927454	1.00028008152079	NA
0.999992517610055	1.00068535910091	1.00062552642758	1.00014734984544	0.999750594427142	1.00073049770922	NA
0.999886447517326	1.00022627107954	1.00030603973176	1.00005472268315	0.999947641293659	1.00033456895044	NA
1.0004976303565	1.00042740977356	1.00057059523217	0.999689825499719	1.00060856502347	1.0003333042192	NA
0.999890595971225	1.00037640278145	1.00153922168119	1.00017753857636	1.00005296617655	0.99979469306831	NA
0.999990245281389	0.999996522408919	0.999923565648738	1.00040067126392	1.00010538620402	1.00035401922801	NA
1.00112171028555	1.00050263184826	1.0000378722521	1.00001729278925	1.00006954708753	1.00005816245771	NA
0.999983755231728	0.999982382797878	0.999908979293739	1.00028035568448	1.00044179062537	1.00054072899054	NA
1.00032374152024	1.00029934922341	0.999911137358562	1.00014037153154	0.999868310901309	1.00010692944101	NA
1.00030510771731	0.999985307651826	1.00025031540022	1.00018080289375	1.00058201701096	1.00083127698424	NA
1.00052968216329	1.00015647392997	0.999930368749384	1.00081878119666	1.00028244654798	0.999817108169503	NA
1.00013894112751	0.999910492950248	0.999733839792136	1.0003071986235	0.999825204472163	0.999846076580352	NA
1.0001555556613	1.0004941324101	0.999967548766628	0.999871100601109	1.00015946717388	1.00049515163686	NA
1.00104646637498	1.0002785964675	1.00020952065005	0.999858443299737	1.00053087740484	1.00173596238166	NA
1.00022639077896	1.00054763830982	1.00004417079919	1.00056676100032	0.999929163061839	1.00072801860172	NA
1.00020307674077	0.99984643460415	1.00033041156299	1.00004923787336	0.999929640640068	0.999894755261816	NA
0.999800941820395	1.00084329167154	1.00007581726286	1.00019487347131	0.99982925816977	0.999971521426426	NA
0.999821422296988	1.00020127823744	1.00022276127926	1.00012341076381	1.0002088345391	0.999771192924069	NA
0.999941232620261	0.999893776455094	1.0001112332289	1.00012267148727	0.999947412186032	1.0006422785251	NA
0.999897639158241	0.999914777941071	0.999838351157161	1.00055874914658	1.00041266316285	0.999929110725051	NA
1.00071234675431	1.00049733555819	0.99988877375202	0.999684723807425	0.99997719353124	1.00067840464028	NA
1.00000051102694	1.00051524425984	0.999950180732263	1.00007862100921	1.0002152989488	1.00089349988178	NA
0.999867043535053	1.00020907409105	1.00006996642593	1.00031633603028	0.999951890306886	1.00045872591006	NA
1.00045864276629	1.00039524764727	1.00047459742262	1.00014891106414	1.00035972805996	1.00012954225301	NA
0.999819983654831	1.00022468140232	0.999840170833183	1.00047181056436	0.999844618274818	1.00027209644524	NA
0.999938279466257	1.00013308780775	1.00013740356491	1.00028774003641	1.00018708744155	0.999773520454334	NA
0.999736783693877	1.00078369741868	1.00030427813511	1.00111150639501	1.00086743432502	1.00044659157926	NA
1.00007379673602	1.00067544320741	1.00028999518753	1.0006032208124	0.999884128213366	1.00048818286514	NA
1.00030714008305	1.00044446269633	1.00002205274847	1.00074856361091	1.0002555391203	1.00046364640299	NA
1.00058006096888	1.00033353286252	1.00018038287575	0.999956203650238	1.0004070666393	1.00085454918282	NA
1.00047016052393	1.00019968821875	0.999860698046105	1.00011911885313	0.999749745122376	0.999952626770473	NA
1.0017538667791	1.00022591677593	1.00009783664685	1.00071499269194	1.00144085940302	1.00038172861389	NA
1.00131041480716	0.99984366079371	1.00087338190434	1.00061821922365	1.00007380758657	1.00026400317704	NA
1.00013592157586	1.00043586328412	1.00077034800927	1.00014491577478	0.999775198219177	0.999915783315772	NA
1.00033612584942	1.00031782273046	1.00015970874806	0.999897562005308	1.00070730177798	1.00003902615732	NA
0.999942589960235	1.00006590066264	1.0000667482275	0.999916676666473	1.00010885988206	1.00026104242366	NA
1.00016041962682	1.000325577677	1.000210185071	1.00060494083559	1.00045207176148	0.999921572370556	NA
1.00062388949836	1.00108848535221	1.0004119180569	1.00108508193515	1.00021527137588	1.00012824283393	NA
0.999922552099455	1.00083725241651	0.999755516027352	1.00006730878304	1.00071717129639	1.00005752685892	NA
0.99997410078941	0.999928920547338	0.999774794391185	1.00010505610527	0.999797217473183	1.00004557183604	NA
0.999904595897194	0.999920936441535	0.999790687049995	0.999939261312605	1.00054076474324	1.00003433314445	NA
1.00011137068948	1.00084000381655	0.999729881617118	1.00026301893259	0.999989647003554	0.999876922152202	NA
1.00037796974525	1.00095298466823	1.00001536176074	1.00048216004347	1.00050463596594	1.00036250705875	NA
0.999783793237249	1.00059462538985	1.00053576214352	1.0002551040806	1.00039095755947	1.0000199743184	NA
1.0002394522386	0.999966183871683	1.00097352401533	0.999958177039218	1.00009232602827	1.00081964463168	NA
0.999979612798987	1.00079082397856	0.999772745137764	0.999851369327528	1.0001247796747	0.999756223949263	NA
1.00048531745975	1.00051479591443	1.00037569947314	1.0003144906148	1.00025398349446	1.00014850896261	NA
0.999924991158003	1.00005100443752	1.00036402233427	0.999897658104842	1.00017420049765	1.00056926294682	NA
1.0003896401511	1.00020491384447	1.00054855205593	0.99993663333809	1.00004185144096	1.0007306877634	NA
0.999930586296349	0.999838959388698	1.0005561892025	1.00007533988821	1.00007999162071	1.00202173454625	NA
1.00057327252923	1.00044383989354	1.00023216762047	1.00072571781355	1.00025736190101	1.00108591569278	NA
1.00012643704858	1.00026159855467	0.999994284192571	1.00065666202314	1.00116283852273	1.00005273210418	NA
1.00010924574176	1.00074754787406	1.00002264743411	1.00019997528991	1.00010841981814	0.999793591485265	NA
1.00003630841303	1.00047039397203	1.00006110954712	1.0002757804086	1.00014751648338	1.00022754324159	NA
0.999994601099864	0.999842954141769	1.00019328308963	0.999883764015987	0.999835960255494	1.00029617791784	NA
1.00006776333777	1.00095859625721	1.00028720105402	1.00012171337093	1.00012503768988	0.99979600926002	NA
1.00010256341465	1.00019669136015	0.999805814373548	1.00071734992258	1.00007914916852	1.0004084929582	NA
1.00006413296049	1.0000514211076	1.00005887512345	0.999896537679118	1.00039454527644	1.00007962625345	NA
0.999894494640343	1.00010354801074	1.00002920742186	1.00046071733121	1.00004151333978	0.999976117345093	NA
0.999736990275963	1.00019948977722	1.000240103794	0.999814683648126	1.00045253305525	1.00017969760289	NA
1.0004789409038	1.00073486797831	0.999640869319563	0.99991939221045	1.00010196752662	1.00059659204706	NA
0.999942486323549	0.999916714632068	1.00023314173207	1.00013623626637	1.00027290147881	1.00015057591485	NA
1.00011072259849	0.999927074090582	1.00037131075242	1.00003844330136	1.00051296100601	0.999881655340416	NA
1.00015210234477	0.999888110289428	1.00018849845436	1.00053088851434	1.00004470650615	1.00045984476954	NA
1.00001487413002	1.00011802506	1.00019041114934	1.00024627705795	1.00007271100644	1.00004218372988	NA
0.999935106963815	1.00027466712845	0.999939062536125	1.00005455417375	1.00083644074825	1.00058446040453	NA
1.00014684478748	1.00109906832263	1.00042146293023	1.00023825527061	1.00028110771249	1.00064557593378	NA
1.00046577324133	1.00008478742247	1.00085575954407	1.00003368228832	1.00045596062073	1.00000359732753	NA
0.999894426756886	1.00025910459192	0.999817822292979	0.999748440943162	0.999857093309649	1.00029274113339	NA
1.00006379733223	0.999810493328153	1.00014163029655	0.999824094609844	1.00001559642876	1.00057341105473	NA
1.00040132665801	0.999916383244514	0.999997078020004	0.9999609937149	1.0008145417719	1.00011764387518	NA
1.00080262476968	0.999848313268263	1.00013746067462	0.999864751743159	1.0001807258413	1.00003323185541	NA
0.999830317908211	1.00008041017718	1.00069911459766	1.00017584240438	1.00072158603421	1.00027244446978	NA
0.999813577177258	0.999953862921488	1.0000184841819	0.999871370056091	0.999955640514661	1.00054167632301	NA
1.00031515102996	1.00017920033218	0.999821328248573	1.00027095684388	1.0000103155566	1.00004192370941	NA
0.999960426257354	1.00105585706458	0.999990142982613	1.00057314785464	0.999710686724581	1.00063018769218	NA
0.999905878136214	1.00063949269805	0.999981702288389	1.0001275910493	1.00039148387408	0.999993109448269	NA
1.00041149294934	1.00052767760887	1.00057310097288	1.00094500312714	0.999821623267172	1.00004330967895	NA
0.999929060567674	1.00014464623813	0.999757480924677	1.0000280288073	0.999892473095345	1.00010478075165	NA
1.00022063083141	1.00021732543114	1.00024201661061	1.00031620805393	0.999928501545729	1.00055221907697	NA
1.00030202478481	1.00001383754094	1.00000805616539	1.00029721503686	1.00018199935611	1.00026085226077	NA
0.99986117537864	1.00037603387061	1.00058884190934	0.999967309525075	1.00001834283116	0.999978390126679	NA
1.00010012691313	0.999759942273951	0.999769204391202	0.999901303147057	1.00029571392288	1.00016036189358	NA
1.00011655004394	0.999640140523509	0.999768699278551	1.00029964327734	1.00043278829328	1.00032825940298	NA
1.00056439237592	1.00010530562718	0.99980789588257	0.999829379652988	1.00003503609325	0.999993567611599	NA
1.00005512609966	1.00043424178123	1.00007014561931	1.00007996921848	1.0001467529175	0.99994959580025	NA
0.999885716706811	0.999710380759263	1.00056478597102	1.00000793849143	0.999720990267771	1.00043969451365	NA
0.999988168004013	1.00000573161207	1.00019427614975	0.999916370756169	1.00074007227408	1.00040838100422	NA
1.000363268052	0.999744990126632	1.00018608389418	1.00005159004065	1.00046475662192	0.999977116683185	NA
0.999979925111332	1.00013653119046	1.00039320857079	1.00053532556781	1.00011156387909	1.00033170021292	NA
1.00003882724713	1.0003266914243	1.00061140141447	1.00049054876704	1.0000603065551	1.00102940396479	NA
0.999677919876986	1.00090737597946	1.00042665665999	1.00033489762758	1.00088585711776	1.00061508964396	NA
1.00035307586822	0.999994931288064	0.999888438644085	1.0003894789565	1.00042097149176	0.99997564634677	NA
1.00033205366279	1.00013461475398	1.00014862466776	1.00016518346508	1.00053624164243	0.99998419934825	NA
0.999806323635579	0.999844074262988	1.00020820631956	1.00003606491925	0.999787681556809	0.999874102670865	NA
1.00016403866013	1.00068633885752	0.999691889104459	0.999893119538963	0.999886494230111	1.00076289421581	NA
1.00013717834833	1.00107199356197	1.00030368151351	1.0007301702845	1.00070256687981	1.00031233490008	NA
1.00023898007092	1.00006600066639	0.999901485916654	0.999986455607003	1.0001856140745	1.00015316696591	NA
1.00024793085648	0.999888364530362	1.00002684960718	1.00024561952494	1.00000105889183	1.00013638039953	NA
1.00036120967817	1.00023590661652	0.999888329769049	1.00017896935558	1.0002038922576	1.00030553551418	NA
1.00018546194557	1.00010529188179	1.0008784675203	0.99997912921249	1.00059358066639	1.00002058366199	NA
0.999818687755042	0.999834536504863	1.00007180994236	1.0003598407318	0.999959088877979	1.00037402008322	NA
1.00079365024789	1.00125039989899	0.999891959711167	1.00044830403364	1.00014393404183	0.999876088119952	NA
1.00043038315156	1.0003461054859	1.00073165569962	1.00131184581978	1.00090265372819	1.00041483906348	NA
1.00037232855582	1.0001771278532	1.00050360559343	1.00031473540729	0.999955195849765	1.0001931488731	NA
0.999939525777144	1.00019933900463	1.00007883385265	1.00036540011867	1.00007074886872	1.00014226728179	NA
0.999785264054913	1.00040556152772	1.00029759970441	1.00011666950531	1.00049223035887	0.999903801235626	NA
1.00006560024151	0.999889881167668	0.999925274481093	1.00016848616152	0.999995048744216	1.00024748433781	NA
1.00027752655182	1.00073711655683	1.00044403217167	1.00003002725647	0.999884786837637	1.00068598673111	NA
1.00037364113806	1.00024350234133	0.999925812488975	1.00072010960526	0.99994111910419	0.999982103543825	NA
0.999947833535688	1.00094075657453	1.00044581825101	0.999878849061551	0.99980326379869	1.00066630743786	NA
1.00065661776918	1.00018475945818	1.00046366774947	1.00091816357754	1.00022961385162	0.999992344949281	NA
0.999992430006617	1.00078713583957	1.0002765561386	1.00115827324369	1.00016086365118	1.00019771275702	NA
1.00014271047624	1.00005638259951	1.00033788973544	1.00024812051803	1.00039620627172	0.999921060114473	NA
1.00033058580479	1.00011997749645	1.00022927966562	1.00030960679786	1.000282544887	1.00014820900577	NA
0.999876836712457	1.00008814550714	1.00060276713778	1.00053754710488	1.00046305245359	0.99998060863212	NA
1.00019837693951	0.999644304549295	0.999961854830419	1.00077958004056	1.00032797233273	0.999874287782435	NA
1.00082571241354	0.999718139562282	0.999811243112524	1.00004442503468	0.999730383085049	1.00063463610772	NA
0.99986972063387	1.00021785990858	0.999768419850051	1.00014364258531	1.0014498074662	1.00023517454363	NA
1.00051033106201	0.999833596073183	1.00106721175974	0.999875158807781	1.00045802921851	0.999713553342213	NA
1.00075961739592	1.00021699579053	0.999850808087587	0.999733524305836	1.00013508388573	0.99996609880587	NA
1.00036082875504	1.00001588899621	0.999954217593759	1.00017984236554	0.999869148803038	1.00004817127399	NA
0.999894658624228	1.00023121004707	1.00061837598919	1.00005269164538	1.00100060919156	1.00023088389511	NA
1.00005433925637	1.00014531018143	1.00015503094551	0.999970334645406	1.00025105731616	1.00004047321973	NA
0.999951196985433	0.999883247881719	1.00021961414938	1.00007283121005	1.00039207812489	1.0002331509131	NA
1.00023636916956	1.00009117371245	1.00068724625386	1.00016808035274	1.00007009767563	1.00035777800475	NA
1.00005379114295	1.00030101052947	1.00051567480179	0.999900521746445	0.999813503186989	0.999794122992177	NA
1.00002929293537	1.00026763108166	1.00008085406964	0.999797412466549	1.00008490469025	1.00060892590788	NA
1.00080529922321	1.00017977241363	1.00002486684171	1.00003379139964	0.999954198167448	1.00003141162813	NA
0.999905243816206	0.999945782959648	1.00039493107578	1.0003418430814	1.00003063503348	0.999973603500935	NA
0.999884212874456	0.999956851296808	1.00006789295927	1.0010112186736	1.00032845436877	0.999883258270838	NA
1.00019867171295	1.00017604252905	0.999963835250167	1.00040844105418	0.999915831554321	1.00052155024494	NA
1.00007622718923	1.00031193907479	0.999697193983011	1.00039615131523	0.999787933371374	0.999945125395471	NA
1.00013235927002	1.00045354063574	1.00026367861114	0.999944830283619	0.999771017804351	1.00003888834013	NA
0.999797263623641	0.999859242498072	0.999916623092597	1.00011990551143	1.00021168417714	1.0004041051837	NA
1.00024673729724	1.00016550489876	1.00014620058161	1.00020832393848	1.00015563323559	0.999943641618857	NA
1.00027348106839	1.00023527700676	0.999866521873153	1.00003427343449	1.00035718773604	0.999750604468889	NA
1.00013735106944	1.00008070950953	0.999940826317987	1.0002114975889	1.00024732644353	0.999938451000757	NA
0.999944626798843	1.00063928199106	1.00009894679033	1.00031495759511	1.0001376481169	1.00063193664074	NA
1.00036944864765	1.00072659004273	1.00031495529922	1.00071458862661	1.00033510757876	1.00020913594572	NA
1.00035708953002	0.999920304787728	0.999910459682008	1.00046143684545	1.00027977364593	1.00018663268951	NA
1.00024660692789	1.00149161825206	1.00003790456259	1.00023610640038	1.00005129451483	1.00031507662888	NA
1.00037603504567	1.00026445284761	1.00020468284855	1.00049316308665	1.00001606575411	1.00049727131187	NA
1.00019701457913	1.00012286554668	0.999795800918753	1.00003583216929	0.999867787738511	1.00052240580598	NA
0.999898163021363	0.999905102482628	1.00007846691902	0.999981952521808	0.999717396343593	0.999873506671961	NA
1.00003549154428	1.00028403389707	0.999976153690546	1.00041655968615	1.00004512134531	0.999889521667455	NA
1.00051576714746	1.00000206021958	0.99964346186207	1.00041211669771	1.00007063623541	1.00089759846365	NA
0.999893168672524	1.00032495965149	1.00021238656733	1.00099755306323	0.999871937837263	0.999901026090988	NA
1.0000301092739	1.00000561586245	1.00049314889774	1.00003086472553	1.00024833576467	1.00041888341882	NA
1.00017156928315	0.999825354430162	1.00048792964577	1.00009013731156	1.00020471054301	1.000165421138	NA
1.00015020803787	1.00021817078013	1.00011186272947	1.00016953955318	1.0004775703976	0.999926234737301	NA
1.00009841595116	1.00014012152386	1.00017056431557	1.00025809349908	1.00059971585862	0.999992254997472	NA
1.00099536455138	1.00091094917316	1.0005807256372	0.999873939783133	1.00175974110236	1.00082575730268	NA
0.999964317860949	0.999825660482142	0.999695090538427	1.00014489065135	1.00006369300791	1.00026573161897	NA
1.00002830262653	1.00043162792477	1.00127761392329	1.00054753419641	1.00028021081996	1.00129503456241	NA
1.00036454315492	1.00036744238491	1.00000343978041	1.00040964932285	0.999918437558821	1.00010649470759	NA
0.999723483023182	1.0003198206116	1.00025476128431	1.00044394930999	1.00044222561043	0.999898733792653	NA
1.000368991265	1.00074395623461	0.999814811690574	0.999986352146409	1.00014091100142	1.00012564874723	NA
0.999963273273832	1.00012030338011	0.999922212477501	0.99981377613053	0.999979169150927	1.00012878527648	NA
1.0002595344726	1.00001196631679	1.00044043571569	1.00013502637841	1.00028527794175	1.00026725113938	NA
1.00008491412978	1.00064458540017	1.00046556120323	1.00006672549955	1.00055066578082	1.00091411262518	NA
1.00051322459872	1.00043823901521	1.00016146539773	1.00031766302945	1.00004816613463	1.00007774322945	NA
1.00064069125271	1.0005591980188	1.0003432095925	0.999742371151377	1.00013940370689	1.0004790541542	NA
0.999991598489737	1.00023759829897	0.999850862158025	0.999937631969211	1.00028788315311	0.99969991939914	NA
0.999959225608291	1.00046840906721	1.00056182850912	0.999671208012051	1.00030878525249	1.00007499169491	NA
1.00043018518154	0.999949211390932	1.0002409861158	1.00054753463387	0.999765898717764	1.00048907048683	NA
1.00004200543256	1.00025559448816	0.999959079049961	1.00013597916853	1.00041215672792	0.999793502438469	NA
0.999827019994559	1.00018412834862	1.00013603744132	0.999970675776437	1.00037707941031	1.00028684002467	NA
1.00090649632422	1.00026594179849	1.00038337238424	1.00045154743371	1.00000453168351	1.00027109485469	NA
0.999763575739497	1.0008502263936	1.00007561520212	0.99977118665332	0.999957757967275	1.00002590196411	NA
0.999857072724093	1.00051325739848	1.00010517442791	0.999858623231522	1.00034827881882	1.0009228797696	NA
1.00036978688778	1.00039863984414	0.999864085182652	0.999762863229067	1.00005350149625	1.00001896171327	NA
1.0000056585746	0.999919573106623	0.999897360971007	1.00035916926712	1.0000212893358	1.00006775943412	NA
1.00046335895069	1.00045524744998	1.00028130082871	1.00058832545256	1.00006311758753	0.999836100237445	NA
0.999783638159562	1.00015471506896	0.999936357694953	1.00059029914626	0.999899764137849	1.00030244741791	NA
1.00025042071941	1.00036049066188	0.999987244997653	1.00022548335109	1.00024823669275	0.999957771287716	NA
1.00029180021428	1.00024669100547	0.999724241552368	1.00038964442776	0.999989594111106	0.999804172895879	NA
0.999984657720966	1.00049468166254	1.0001521806566	1.00070597326502	1.00041399320561	1.00030626344125	NA
1.00023859503768	1.00061182099944	0.999993728989495	0.999953041526287	1.00004402786269	1.00018299954819	NA
1.00027281223247	0.999874583498921	0.999953633885498	1.00026159991217	1.00000204922106	1.0003876621878	NA
1.00003717153209	1.00011403798576	1.00007296653375	0.999902820196949	1.00022887846309	1.00048189731353	NA
1.0003884975684	1.00023266739827	1.0005477385555	1.00063639126498	0.999982163093621	0.999794080789342	NA
0.999929540248418	1.00041573554414	1.00001439635197	1.0001925681834	1.00013142281651	1.00005255170093	NA
1.00070862994149	1.00001380304026	1.00004151105322	1.00012348948432	1.00007259963683	1.00036308355495	NA
1.00014546207295	1.00004384927302	1.00030487635751	1.00001197121319	1.00111200567039	1.00062430701318	NA
0.999834723517355	0.999895766894799	0.999989071189939	0.999872109415125	0.999849176783972	1.00038935162967	NA
1.0001127251316	1.00108178296815	1.00026932583192	1.00043796403354	1.00044637645901	0.999959360716803	NA
0.999948316438534	0.999705535042524	1.00008233288242	0.999836619620665	0.999716086731232	1.00106099335857	NA
1.0007275425981	1.00003894077117	0.999739374612797	0.99993768134711	1.00104486029735	0.999742393318383	NA
1.00024555695442	1.00046816139653	1.00011985114672	1.00163122449744	1.00064242159962	0.999925621193049	NA
1.00019169642323	1.00028247107757	1.00046728997098	0.99985863885948	0.999886579852354	1.00226645205104	NA
1.00019304363591	1.00027485738336	1.000149965052	1.00054722237259	1.00031482381136	1.00092514509604	NA
1.00006295481755	1.0000130345874	1.00006639566954	0.999888118028328	0.999941452834187	0.99999381091511	NA
1.00028647142348	1.00006555615823	1.00025941190441	0.999996735451682	1.00011778620291	1.00080346910779	NA
0.999746570005377	1.00128658536659	1.0001237650232	0.999901474618174	0.999773276604668	1.0004248885767	NA
1.0002676599011	1.00026535769255	1.00060099495885	1.00070733624699	1.00029363448441	1.00002839559628	NA
0.999671483357588	1.00067761512595	1.00064326862743	0.999860633747802	0.999783752286605	1.00031279724415	NA
1.00046985311905	1.00039882622075	1.00110265780745	1.0000233810023	0.999850115781124	1.00020384411124	NA
1.00038196777422	1.00073658483264	1.00075100407443	1.00017988625255	0.999898468185209	0.999928931595063	NA
1.00004532125621	1.00028902689787	0.999823978211436	1.00005201921195	1.00053261003212	1.00018787457151	NA
1.00092492701506	1.00011954648419	0.999868638092205	0.999758514596353	1.00026923803135	1.00008068948359	NA
1.0003903149645	1.00009831777524	0.999878382033846	0.999941490401948	1.00000166907016	1.00028528961507	NA
0.999922348638864	1.00012277817235	0.999989024576846	1.000383158753	1.0001251663087	1.00022829754893	NA
1.00032763021288	1.00026977133676	1.00128044502931	1.00017886143303	1.00075023009365	1.00001069601189	NA
1.00014996607951	0.999769721477589	0.999840046365516	1.00042164475409	0.999935760449149	1.00059828184095	NA
0.999898782763141	1.00011802800082	1.00066682114918	0.999875617143045	1.00021105508733	1.00018180824024	NA
1.00017223635309	1.00168474547682	1.00013980202943	1.0000189151969	1.00054845261489	1.000429261798	NA
0.999892560479008	0.999956503408748	1.00065951085041	1.00041683792695	1.00046666373284	1.00006878884364	NA
1.00005369497517	1.00010752032943	0.999944502255046	1.00015346941806	0.999856203601021	1.00026010825527	NA
0.999958299980982	1.0009334401175	1.00074821919559	1.00181040688939	1.00006811592871	1.00080682076734	NA
0.999892050028725	1.00010932262988	1.00032666600412	1.00007114846816	1.00004727918118	0.999782112693321	NA
1.00069990223993	1.00079741799334	1.00026143452718	1.00046311358592	1.00057635973452	1.00075302666809	NA
1.0000707171891	0.999916940379517	1.00010256488184	1.00088944883226	0.999999572450591	1.00036110599759	NA
1.00036567788692	1.00023618161194	1.00057837357897	1.0002597544851	0.999861044159882	1.0003551188273	NA
0.999956165165504	1.00096485390118	1.00014425913538	1.00013370591264	1.0008044135082	1.00005104698002	NA
0.99991848137137	1.00129715260661	0.999760783869551	0.999776032774452	1.0001213978663	1.00067969816658	NA
1.00015538663484	1.00076574818852	1.00010237001155	1.00033927447935	1.00014621484651	1.00025892120726	NA
0.999654289360198	1.00012554852072	1.00004054553649	1.00005097465226	1.00005883082679	0.999761060807967	NA
1.00016518830652	1.00069665596609	1.000314738754	1.00045825839218	1.00025312909545	1.00057809723851	NA
0.999966271866453	1.00072257348539	1.00049567984343	1.00012985314223	1.00015469004033	1.0005423166627	NA
1.00094706180562	1.00027149164402	1.00002002735574	1.00075113018573	1.0003590165184	1.00039463183109	NA
0.999721795132253	1.00025238789231	1.00013378734473	1.00019003498377	1.0004922246632	1.00062631439196	NA
1.00043596930759	1.00019091043928	1.00029484150665	1.00022485368764	1.00002950708673	1.00012692402242	NA
1.00033599460498	1.00009374257701	1.00014047500913	1.00012257656818	1.00038418335263	1.00172610786633	NA
1.0000635968518	1.00041193640903	1.00007596798819	1.00093845043543	0.999984283473075	1.00111804152787	NA
1.00085666195609	1.00016883317028	1.00011057702828	1.00038956416867	1.0000281415654	0.999983049226006	NA
1.00000133879475	0.99994989727641	1.00008890075771	1.00046867813463	1.00049045311498	0.999945696018859	NA
1.00039262284927	0.999827867691933	0.999700791339898	1.00049441482796	0.999729868721509	1.00035954335443	NA
1.00003434324489	0.999984326621258	0.999949660753563	0.999831278467921	1.00005248976885	1.00003763313545	NA
1.00019305521074	1.00014523867194	1.00003991360908	1.00011888651471	1.00061357142764	1.00032366605365	NA
1.00031706994119	0.99980865130156	1.00003810436225	0.99979595493552	0.999788731049767	1.00003039413373	NA
1.00052710367223	1.00034162423405	1.0001248842403	1.00076638179863	1.00012325864286	0.99992238865984	NA
1.00008592481461	1.00002993671263	1.0007850297324	0.999985242992919	1.00017462052614	1.00026928115544	NA
1.00062854375247	1.00024117488652	1.00024460006843	1.00000411994044	0.999750556261167	1.00134290428002	NA
1.000344689654	1.00061156666315	1.00033270530809	1.00018021739675	1.00137649509505	1.00126756927554	NA
1.00001791372279	0.999961368104985	1.00089604446268	1.00037904034816	1.00026021318136	0.999885236860471	NA
1.00006707803458	0.999943335088958	1.00002859258614	1.00134005548853	1.00055489265683	1.00021212312611	NA
1.00020554500721	1.00014556863465	1.00041035729444	1.00038973469349	1.00013880820231	1.00018310421295	NA
1.0002208340779	0.99993654792921	0.999990989777262	1.00002370018447	0.999946938479331	0.999968953463125	NA
1.00016987058669	1.00061195104409	0.99982267140829	1.00014011294814	1.00065288291981	1.0003843500683	NA
1.00010469327775	0.999941818670197	0.999934528960627	1.00073312178388	1.00009291073127	1.00009525235016	NA
1.00032280587981	1.0011620813091	0.999781584267699	1.00020530454554	0.999820866980264	0.999729290156055	NA
1.00013456504866	0.999996551658323	0.999978573645258	1.00007674549638	0.999881369927497	1.00030126160097	NA
1.00014777327649	1.00010584177436	1.00053112227684	0.99981140323291	1.00010980037934	0.999799193563774	NA
1.00065799008392	1.00010423385146	1.00002647292232	0.999697893484939	0.99981484926683	0.999892776215165	NA
1.00026509499807	0.999986220098468	0.999868163696806	1.00125109524029	0.999882702392338	0.99978636457324	NA
1.00038336806013	0.999855375696694	1.00049882056089	0.999833677836979	1.00010765973692	1.00016071980668	NA
0.999873095574253	0.999896994071689	1.00015619037426	0.999947418865588	1.00028765529053	1.00036307297348	NA
1.00033112664752	1.00023634664636	0.999845491030708	1.00083978756239	0.999886682148488	0.999807403601256	NA
1.00049390947688	1.00008945764062	0.999958730450614	0.999682737825422	0.999918255905312	1.00001636393842	NA
0.999879081151848	1.00004355670131	0.999989544595323	1.00015075336754	0.99984470618844	1.00015836502137	NA
0.99983058879024	0.999783475781487	1.00055456391796	1.00023291407059	1.00023979468929	1.00007724650498	NA
0.999803721075364	1.00052839162223	1.00019303936507	1.00034672271663	0.999984722424935	1.00038623582108	NA
1.00099712889606	0.999734577875123	1.00010791118841	1.000380879287	1.00035821999291	1.00017037634328	NA
1.00029868074741	1.0001943264293	1.00012075967573	1.00061671491759	1.00009645219275	1.0003686945757	NA
1.00001175354235	1.00004091018068	1.00011538256013	1.00009712351587	1.00045171318425	1.00027427811886	NA
1.00077343364878	1.00019949519732	1.0003978742365	0.999890355378897	1.00025651652154	0.999849046029481	NA
1.00045155368772	0.999992504331708	1.00007315502244	1.00007674996647	0.999961214058801	1.00012716417814	NA
1.00051665826389	1.00000409630189	0.999875092946724	1.00010961784077	0.999876819974158	1.00023801809516	NA
1.00040527492546	1.0001098505481	1.00006564664467	0.999709545443137	1.00010178748163	1.00018199699121	NA
1.00022789723026	0.999960429040184	1.00020627883002	1.00052255731559	0.999943882558198	1.00078668162688	NA
1.00029063765331	1.00006981813135	1.00104260000697	0.999904370281716	1.00032310613527	1.00025573444408	NA
0.99987122298583	1.00031536206556	0.999984609544025	1.00068340815619	1.00041555120724	1.00042987897341	NA
0.999826215593358	1.00019886539143	1.00008663657371	1.00064656030688	1.00022873887514	1.00005100936292	NA
1.00079859533559	0.999994270903696	0.999949925024651	1.00010433161856	1.0002690562949	1.00052928371401	NA
1.00006054536835	0.999975951925655	0.99994678898542	1.00031693686835	1.0008648509359	1.00258860435171	NA
1.00011092962586	0.999893278869183	0.999834241735026	1.00035679326609	1.00057329311661	1.00013883285399	NA
1.0001136610311	1.00038569258667	0.999825576356156	1.00034116122122	1.00005085679556	1.00023583817449	NA
1.00098199503017	0.999996005704364	0.999797227985348	1.0002864250223	1.0001270535359	1.00057601253099	NA
1.0004772067472	0.999986689989148	1.00004468134588	1.00034909458129	0.999992234336741	1.00026874643731	NA
0.999882111331531	1.00004692001458	0.999901072494527	0.999821525415435	1.00004556367909	1.00036286105047	NA
1.00043713357995	1.00037133276893	1.00068540944536	0.999933387161457	0.999931024992243	1.00040962278664	NA
1.00000829533389	0.999985578192407	0.999777118434714	0.99982017387052	1.00016356909743	1.0001357000061	NA
1.00045333247777	0.999801708201355	1.00027158310286	1.00002310726918	1.00006932227097	1.00068929438544	NA
0.99977208967495	1.00011661081075	0.999819355781403	1.00006857588061	1.00023159202868	1.00032627231311	NA
1.00074771571774	1.00008934272717	0.999716901227659	0.999900724673282	1.00013482716526	0.999993037086814	NA
1.00042966736226	1.00049969720133	0.999933947946462	0.999717795814153	0.99999035391898	1.00037361630517	NA
1.00028764958093	1.00012644252798	0.999912200849689	1.000281441546	1.00048428513872	0.999646249504467	NA
1.00043489998011	1.00070980795474	1.00031769731404	0.999797475227615	1.00015201318653	0.999851378728879	NA
1.00054062841878	1.00035004985363	0.999930283672045	0.999764582186335	0.999834579217706	0.999784097413585	NA
1.00025234515538	1.00076562930059	1.00045264022077	1.00016396998772	1.00029257343382	1.00009927517284	NA
1.00046017053777	1.00013500088761	1.00003439142924	0.999813553271658	1.00005830072068	1.00069086084246	NA
1.00019068300733	0.999753847674941	1.00097732235178	1.00004988198245	1.00011146425085	1.00034719168009	NA
1.00005862028686	1.00014055575759	1.00028597188171	1.00043695541761	1.00083190479628	1.00013977029175	NA
1.00040374560345	0.999831659962558	1.00007562944715	0.999891277654189	1.0003929526014	1.00000449920932	NA
0.999919292601645	0.999792057522124	1.00011109531929	0.999914986473941	1.00047924330986	1.00011791237931	NA
0.999916318066068	1.00024914387117	1.00000683182121	1.00038216181718	1.00053478862861	1.00012660200183	NA
1.00026091290451	0.999935559118446	1.00031559633186	1.00050877891873	0.999826128964235	1.00054755254267	NA
1.00102296691052	1.00100400380264	0.999823604177549	1.00025566850908	1.00071332443626	1.00114044030698	NA
1.00009561324677	1.0005119288789	1.00008569391073	1.00004925991279	1.00000120524453	0.999819056809005	NA
1.00044061319256	1.00060031218281	0.999808696034034	1.00066321786906	1.00038107011745	1.00033015712351	NA
1.00043393535843	1.00039645975508	1.00011243287604	1.00071042546273	1.00052379548321	1.00007312807649	NA
0.999835938244404	0.999954243726383	0.999985272233534	1.00025564833141	1.00020352810184	1.0005664169029	NA
1.00006229758318	0.999853992443359	1.00060428157437	1.00049735082886	1.00003894671495	0.999996866980847	NA
1.00004155956325	1.00014531121426	0.999876972808705	1.00014394937891	0.999774961345019	0.999674973076257	NA
1.00066807319155	1.00004240558884	0.999697453464989	1.00018048733368	1.00017703619988	1.00002025123082	NA
0.999859390238154	0.999973485284992	0.999929514477089	1.00098232634735	1.00035016600056	1.00117961574275	NA
1.00034125927927	1.00002548031113	1.00031171772928	1.00120684116669	1.00057830770724	1.00030573761113	NA
1.00088036331308	0.999873571532567	1.00001909195337	1.00021383087521	1.00034333639606	0.999946559807002	NA
1.00009835077352	1.0006911056964	0.999828223491989	1.0013721121259	1.00003598124512	1.00011947791723	NA
1.00096315088938	1.00014458607439	1.00094976673011	1.0004017091492	1.00048157457519	1.00017333786987	NA
1.0001828294684	1.00006412081214	1.00084271233487	1.00031547050752	1.00019186926787	1.00064316794335	NA
1.00009877575174	0.999910632640982	1.00021155359415	1.00004374274382	1.00000512443684	1.00054615693786	NA
1.00011431131822	1.00045796221965	1.00010213781755	1.00024862644749	1.0007279032336	1.00086858315893	NA
1.00003459602177	1.00159398471165	0.999952583311171	1.00043645204807	1.00021418711639	1.00107740329136	NA
1.00052176533314	0.999802091328401	1.0002914404594	1.0001691787022	1.00013748362298	0.999756700633978	NA
1.00021226047983	1.00067896835826	1.00104414770036	0.999802894851433	1.00046360043574	1.00016124483458	NA
1.00006103572304	1.00072532084347	0.999863821134461	0.999921585655094	0.999922859857248	1.00019162661181	NA
0.999972940193923	1.00091628592919	1.00005148216431	1.00015023950083	1.00007209035783	1.00032483318968	NA
1.00026694625094	1.00043494302937	0.999820559645458	0.99989301544605	1.00007761551197	1.00054180504872	NA
1.00162495220519	1.00088755886801	1.0001782184837	1.00042912076961	0.999913078599857	1.00039358686403	NA
1.00003537597979	1.00006822997674	1.00055896309911	1.00013666931838	1.00078613278302	0.999779788053377	NA
1.00026801200505	0.999773669160703	1.0001334784088	1.00031912755875	1.00029935713331	1.00038986621844	NA
1.00016023214785	1.00023306955023	1.0003522748473	0.999922639836176	0.999888040164068	1.00047995819134	NA
1.00074768579416	1.00050390319073	1.00014441569923	1.00049523967086	0.999957591962183	1.00038568576743	NA
1.00023008856268	0.999779985132949	1.00071815140895	1.00014704900607	0.999806457771307	1.00016135988555	NA
0.999827180169731	1.00048716353969	0.99994523281197	1.00020434649327	1.00029334032947	1.00035089460112	NA
0.999747996476624	0.999990747948313	1.00035965054831	0.999830481941825	1.00050474472055	1.00022452594868	NA
0.999784918453489	1.00027644628108	1.00022239331571	0.999947144653084	1.00054931641794	0.999895245745768	NA
0.999880570648186	1.00009466122847	1.0004829493755	1.00086899035354	1.00050470599586	0.999951892903207	NA
0.999856920332655	1.00012358482474	0.999900010660894	1.0002401590291	0.999902302221653	0.999779055437687	NA
1.00091189857495	1.00035808087875	1.00024257938663	1.00016235485047	1.00059494702788	1.00098820143417	NA
1.00015934311186	1.00017038432129	0.999726448013282	1.00000436659617	1.00002470554002	1.00038275890531	NA
1.00045583110438	1.00022226765568	0.999827434344936	1.00048640842287	0.999815759761947	0.99982027070885	NA
1.00011656960023	1.00054776545734	1.00026403715352	0.999895092569238	1.00064695624343	0.999854875654395	NA
0.999983223412052	0.999908732650664	0.999885058996758	1.00033983969677	1.00003626774751	0.999981358501683	NA
1.00029599777785	0.999836530857801	0.999903651531022	1.00046735021582	0.999790900968691	1.00008430228323	NA
1.00048541080025	1.00004543653975	1.00000051041498	1.00045513506571	1.00012352115847	0.999746487313083	NA
1.00127742974458	1.00001451260304	0.999853568267059	0.999964699834037	1.0008406399396	1.00106445943418	NA
1.00019922931473	0.999865988234137	0.999814022387603	1.00053418004013	1.00036273729542	1.00032641329861	NA
0.999978980234288	1.00000224117149	0.999734996821015	1.00012392206679	0.99991651725373	1.00027297198544	NA
1.00089671338879	1.0001102115509	1.00000905417915	0.999643951670908	1.00063682496418	1.00012239668713	NA
1.00007019774965	0.999954992181313	1.00014940446912	1.00004576428439	0.999912270678332	1.00122715917494	NA
1.0003076572695	1.00059525176362	1.00062846731278	1.00112586100837	1.00013686273831	1.00011866806961	NA
0.999843759104122	1.0002416539226	1.00014554969015	1.00011136849373	0.999710470224604	1.00001669433585	NA
1.00132493364328	1.00015963559923	1.00052266695808	1.00049316426721	0.999819021582266	1.00008626465546	NA
0.999852056128828	1.00066123425059	0.999988142429354	0.999961196469243	1.00005077751121	1.00150763386977	NA
1.00025649476424	1.00031790100694	1.00000352994684	1.00054661146014	1.00024873140412	1.00004692494172	NA
1.00010876656647	1.00051324111391	1.00023266377966	0.999910708040156	0.99999625952684	0.999948616388708	NA
1.00018736634837	1.00056302450646	1.00008802936111	1.00045662156851	1.00004023102061	1.00096096283218	NA
0.999905158223271	1.00012539510618	1.00048408062108	1.00046221023821	1.00029241471214	1.00074971455402	NA
1.00028119533756	0.999847068877804	1.00008845412714	1.00006350874527	1.00044321894231	0.999972447111145	NA
1.00024334989943	1.00034954653211	0.999900989579593	1.00040221827041	0.999828287223573	1.00032663382431	NA
1.00013065596899	1.00022960509066	1.0001938062369	1.00023858042047	0.999898499515143	0.999852384920043	NA
0.999920319432506	1.00050851737317	1.00017265163663	1.00002625906271	1.0002283659964	1.00103126666093	NA
0.999918250794069	1.00053705134708	1.00001932219392	1.00016050882447	1.00117753246429	0.999909861800175	NA
0.999940967619294	0.999822601704099	1.00046598199905	1.00019852806919	1.00025755129788	1.00040699696607	NA
0.999941769102106	1.00008196508578	0.999977313421994	1.00013092626376	0.999695338016119	0.999884418660786	NA
0.999927745276042	1.00057721627283	1.00001356385971	1.00047298059192	1.00052713953328	0.999916115474983	NA
0.999880562230803	1.00026379848229	0.999812134633873	0.999958941788061	0.999956989138824	0.999935177874311	NA
1.00064573075152	1.0005304493216	0.999828380802801	0.999967651160389	1.00128384003745	1.00002341529342	NA
1.00039164271849	0.999798107915132	1.00017551620947	1.00000301683604	1.00028548961782	1.00018788216667	NA
0.999936978227461	1.00032660142852	1.00001989896189	0.999889790856923	1.00018271898197	1.00010327876104	NA
0.999871140217752	1.00033895130776	1.00007007466616	1.00001917942571	1.00070392140376	0.999764190045813	NA
0.999841186108088	1.0004064550939	1.00028801987624	1.00019315497038	1.0000348694045	1.00044566525517	NA
0.999893175377308	1.00015157117944	1.00024614305398	1.00040998790401	1.0000942775938	1.00015169563967	NA
0.99996695391807	1.00028480516248	1.00024806112108	1.00067399549621	1.00007347634917	0.999909245406344	NA
1.00012065988823	0.999879054536285	0.999814999685523	0.999889507702567	1.0001718649474	1.00005102818931	NA
0.999812294878936	1.00064457162839	1.00005538731032	1.00004751948661	1.00083635744227	0.999965602394626	NA
1.00052346981308	1.00010899387373	1.0001176744116	0.999982255365253	1.00007593262217	1.0007780113572	NA
1.00003993365543	0.999990740966117	0.999813911742717	1.00004056698729	0.999921451635605	1.00014735031145	NA
1.00009242979561	1.000482138702	0.999891741771382	1.00003979100495	1.00074794252529	0.999877125405871	NA
0.99979472661675	1.00047251967341	1.00030886661291	1.00031112581316	1.00032322085245	1.00022683456206	NA
0.999699473848513	1.00009809360497	1.00000775015178	0.999698887109391	1.00019406805447	0.99991712225112	NA
0.999945680028605	0.999830480422893	1.00006775929259	1.00000511319697	1.00028401982213	1.00020799231696	NA
0.999851965112886	1.00028731562293	1.00005533522834	1.00119671495961	1.00054029724554	1.00037050102831	NA
1.0008868572271	0.999934455472534	1.00026842247458	1.00022854761813	0.999989204616227	1.00025006580174	NA
0.999852474157328	1.00041767162295	1.00028029286232	1.0001906260781	1.00001886381928	0.999956750248282	NA
0.999882395186871	1.00087764453706	0.99986605473488	0.999933300837405	1.00091722689684	0.999967698791766	NA
1.00073218427665	1.00041086566939	1.00012577938045	0.99998035575894	1.00014805758231	1.00016764672555	NA
1.00040515295472	1.000399849291	1.00068014773395	1.00093144141556	1.00007613487805	1.0005079054932	NA
1.00009392369437	0.999709799174264	1.00019820342213	1.00045611454537	0.999886943420448	0.999945981320092	NA
1.00020771120433	0.999808751122593	1.00017034701848	1.00064357562295	1.00002148544659	1.00015805830685	NA
1.00099138163567	1.00036726847948	1.0005123199541	1.00074250035117	1.00008311498139	1.00038372930687	NA
1.00080373606466	1.00004649862978	1.00017455707698	1.00002198838662	0.999897944915092	0.999969763442018	NA
0.999732654799522	1.00018364322964	0.999998693948531	0.999808297536178	1.00033656543412	0.999727443565966	NA
1.00034792064331	1.00043599481172	1.00001930552388	1.00015351351429	0.999968660690528	1.00023895376415	NA
1.00008844684785	1.00039607885904	1.0003168914339	0.999814319344781	1.00028374558963	0.999812505802822	NA
1.00002486662578	0.999735818614249	1.00019311309659	1.0000610334724	0.999988920466556	1.00022053043127	NA
0.999904968499997	0.99975530818753	1.00003083580338	1.00005145485345	1.00041608771727	1.00062055422212	NA
0.999825541855253	1.00047916993272	1.00006385195877	1.00008167296856	1.00006970843094	1.00066283829329	NA
1.00002113603295	1.00014039314135	0.999931610317203	1.00000734888569	1.00061584485023	0.999889779765358	NA
1.0001108257106	0.999987492811201	0.999837925230966	1.00013837973245	1.00061862077205	1.0004862137396	NA
1.0004091110348	1.00035187910083	1.00011998323873	1.00100389276132	1.00039204818393	0.999824174655911	NA
1.0002521667233	1.0000591894396	0.999908930262837	1.00023870271886	0.999907876844876	1.00020593994435	NA
1.00008003868657	0.999960658095343	0.99984196534212	0.999883293591072	1.0001139226586	1.00024575355173	NA
0.999867230948732	0.999924656029048	0.999915352489897	0.999967792249839	1.00053748119993	1.00000870776296	NA
1.00000084608742	1.00048314381577	0.999933765795582	1.00022745505991	1.000374650075	1.0003230325615	NA
1.00008941627588	1.00008130726593	1.00040468683977	1.0001090850467	1.00032003329872	1.00015557400629	NA
0.999828349350747	1.00024205240896	1.00001731837867	1.00064721827977	1.00065372300432	1.00127532701885	NA
1.00020333363634	1.00124191117359	1.0002677731184	0.999797615310236	0.99998963928099	1.00043852712254	NA
1.00082877344251	0.999792613178694	0.999946331002072	1.00078959193776	0.999911162618658	1.00004931021076	NA
0.999976571457298	0.999961272705017	1.00030455416083	0.999767133775397	0.999993610351249	0.99988212027754	NA
1.00029558816066	0.999827448063482	1.00083813730411	1.00000604075243	1.00037596418427	1.00056044486351	NA
1.00020285921075	1.00092734061384	0.999787482405626	1.00020169150119	1.00027876930956	0.999986521362286	NA
1.00026183266422	0.999872849589172	1.00018812552817	1.00014596965982	0.999716879013717	1.00008335277926	NA
1.00056519445896	1.000185883712	1.00013787571382	0.999938273071257	1.0007853524939	0.999870734933395	NA
1.00024278010103	1.00032010677579	1.00007576061472	1.00022684986408	0.999884984792125	1.00048781354098	NA
0.99987664315413	0.999810937565402	1.00056790871802	1.00011894283602	1.00052528713243	1.0001384561874	NA
1.0000201664066	1.0005523319373	1.00004231033504	1.00041683440076	1.00082225201845	1.00069183171277	NA
1.00073855297426	0.999861280104147	0.999932408239027	1.00028262360735	0.999807998782038	1.00095958328524	NA
1.00065980936525	0.999814484928951	1.00039299489544	0.999779639261959	0.999914491093233	1.00017111930692	NA
1.00059125659004	1.00063670655171	1.00014256101229	1.00022091432541	1.0000102480199	1.00048049058344	NA
0.999868180895181	1.00075708214016	0.999932713873104	1.00027959466359	1.0002187865989	0.999988186510921	NA
0.999805348189954	0.99969288198747	0.999994443898781	1.00025753338371	1.0000131234169	1.00036134729896	NA
1.00043566186655	0.99994872020143	1.00017456063786	0.999994425538429	1.00022169540468	1.00004206376407	NA
0.999864870251656	0.999718507726461	1.0000735542437	0.999865732204562	1.00008043026219	1.0000052656558	NA
1.00004761969755	1.00110434834662	1.000116219865	1.00036821174194	1.00045348156252	1.00004714662411	NA
0.999957064139853	0.999832312465336	1.00013964605146	0.999923185320844	1.00015109041625	1.00014526968483	NA
1.0001291471784	1.00005433539467	1.00027156624626	1.00001401843326	0.999883225551043	1.00003473117971	NA
1.00007007180338	1.00033712026747	1.00070627155678	1.00055451228843	1.00018780881462	1.00098435996696	NA
1.00112392976362	1.00044777846699	0.999678358678827	1.00066800550091	1.00036354660973	1.00129378281329	NA
1.00027351680663	0.999780819816622	1.00000146344907	1.00048510557114	1.00016940253101	1.0002531475983	NA
1.00047448513092	1.00031981377086	1.0002454376188	1.00058670779257	1.00099704843629	0.999698997476757	NA
1.00008280796817	1.0005693074902	1.00020531273307	1.00095541370155	1.00014733292331	0.999841683428918	NA
1.00023142500978	1.00047893810026	0.999857031251684	1.00026799874971	0.99980008557565	1.00004923555213	NA
0.999988721618006	1.00027279763437	0.999848799908792	0.999847539678968	1.00103253254681	1.00024817222718	NA
1.00050747624892	0.999949591138338	1.00014318916961	1.00000313703051	0.999909794485195	0.999965645529021	NA
1.00015695661941	1.00062567834391	1.00024084628546	1.00024735177116	1.00043522205497	0.999741505587043	NA
0.999907539880346	1.00007214850104	0.999909916337522	1.00037716990727	0.999925537461541	0.99999260305149	NA
1.00049671877018	1.00011159759415	0.999778096265593	1.00017118442383	1.00042015074351	1.00010511142721	NA
0.999825351676546	1.00030439128093	0.999802141722513	1.00079542878271	1.00041170577806	1.00013711490241	NA
1.00011164569574	0.99991937526104	0.99974010449984	0.999822576041973	1.00083045298297	0.999792077348655	NA
1.00031700969064	0.999802264028872	1.00004604602385	1.00025323943682	0.999838381094692	1.00037594618188	NA
1.00021803626294	0.999789518770868	1.00026341183756	0.999783102647442	0.999910159427132	0.999774257521849	NA
0.999805595292784	1.00009738464428	1.00105024001466	1.0008996173436	1.00095216240222	0.99970197328455	NA
1.00019131386348	1.00012563626039	1.00087372248419	0.999985187376962	1.00043177534472	0.999948673331817	NA
1.00065354205875	1.00092465643226	1.00042179866078	1.00033472532248	0.999898699169184	1.00006034669362	NA
1.00089168294098	0.99988830645363	0.999795485728293	1.00028961296047	1.0000132688832	1.00008537893751	NA
1.0011831460999	1.00053320560108	1.00012989139745	1.00080471216593	1.00009648877895	1.00077262731113	NA
1.00022758719443	1.00014255268516	1.00038060883909	1.00007604834051	0.99982084908446	1.00013319932956	NA
1.00044103972805	1.00116502451568	1.00004689354127	0.999773776814246	1.00026702615821	1.00043860992159	NA
1.00089215488329	1.00047826815158	0.999936416097188	1.00080582769145	1.0003213890333	1.00032296029517	NA
1.00033266218765	1.0003377082443	0.999847058920299	1.00014596029259	0.999981689494635	0.999977102560746	NA
1.0001791380995	1.00004482320638	0.999987123070779	1.00007307649762	1.00002152541076	1.00028570823046	NA
0.999990091429099	0.999876596100748	1.000046783259	1.00048720926623	0.999831173290713	1.00046443918177	NA
1.00118952256583	1.00064248861731	1.00035739660567	1.00031227657485	0.999733161280454	1.00000272649772	NA
1.0007413606948	1.00037979831503	1.00011258160593	1.00106102125287	1.00051804777027	1.00027808937103	NA
1.00017517938759	1.0000325524828	1.00012561949782	1.00018800329515	1.00014969915395	1.00030602535742	NA
0.999979297702681	1.00001831044882	1.00027982730444	1.00058007104171	0.999900352142112	1.00007530736947	NA
0.999904143980743	1.00006192981026	1.00023022306595	1.00037851499421	1.00025214014543	1.00017112474146	NA
0.999994067795556	1.00057313417478	0.999932113186731	1.00024677721859	1.00009302566624	1.00017243294137	NA
1.0000765448006	0.999850355023621	1.00018933593829	1.00008727292638	0.999942565110527	1.00005914740478	NA
1.00000226579608	1.00022242712925	1.00044482608672	1.00072596064291	1.00009791109797	1.00017496380882	NA
1.00037386035715	1.0001168763796	0.999918788184698	1.00007446287604	0.999813182523514	1.00021610312071	NA
1.00038041395847	1.00079543265732	1.00062715518878	0.999977665331914	0.999867120514853	1.00030308779426	NA
0.999829027832364	1.00023826420338	1.00013415764478	0.999916573673341	1.00017034780899	0.999929221963537	NA
1.00034734939833	0.999874140631321	1.00024699109925	1.00116324297046	1.00091304412897	1.0000436777546	NA
1.00004349586269	1.00035170998089	1.00060149755736	1.00010717027349	1.0005222813298	1.00038230236501	NA
1.00023574018612	1.00069005093778	0.999774541807688	1.00076218397167	1.00043240520055	1.00002674465902	NA
1.00067932067415	0.999833897917295	1.00071013294702	0.999967909762689	1.00042528472417	0.99998321738246	NA
0.999811389923675	1.00015624823648	1.00048771253966	1.00049267776305	1.00022616258517	0.999846564685929	NA
1.00009228791443	1.00032820637145	1.00012928665293	0.999857929398664	0.999964376024402	1.00045259358407	NA
1.00000290919145	1.00105603044865	1.00021342186929	0.999941395617586	0.99998492990036	1.00051975112886	NA
0.999974185995633	0.999961116951709	0.999992293023834	0.999798774346007	1.00060731270901	1.00025215227785	NA
1.0002744855261	1.00006120205883	1.00003309667985	1.00038323271376	0.999898420439793	1.00039717748301	NA
1.00021645823824	0.999911260494974	0.999890319440264	1.00010096637021	1.00025072043364	1.0003318806119	NA
1.00138210897918	1.00064321300554	0.99996229780937	1.00088384272983	1.00141366543662	0.999926209920055	NA
1.00025430831836	0.999927209610515	0.999911483840928	1.00056472145321	1.00026702174309	0.999862880706839	NA
0.999989760466905	1.00070691126281	1.00055821563741	1.00037385623882	1.00015999471362	1.00047553523102	NA
1.00090182583158	0.999909847537566	1.00037762468721	1.00010359913612	0.999937459001446	0.999908796862503	NA
1.0008186876498	1.00018082084466	1.00012575478991	1.00060830244468	0.999785270808508	1.0005689713214	NA
0.999860030695151	0.999948160477497	1.00009496883622	1.00160301671277	1.00012120101392	0.999960576081105	NA
1.00037036124163	0.999887067610402	1.00086246243577	0.999973320326143	0.999798842862888	1.00042646469277	NA
1.001287432581	1.00023456027718	1.00040226086544	1.00034627610149	0.99995776685606	0.999870528687775	NA
1.00002009321347	1.00026796354892	1.00019839656334	0.999922154872161	0.9998366663394	1.0008589212349	NA
1.00045378552839	1.00028259961322	1.00073438480847	1.00038150317471	1.00039426008236	1.00023422556322	NA
1.00020049478973	0.999781058468858	1.00042247474656	1.00054532899409	0.99990121966675	1.0003338630408	NA
1.00021602685184	1.00027357738784	0.999920135267755	1.00021633215968	1.00042047172742	1.0009101204782	NA
1.00007196970281	1.00029245613541	1.00015712282072	0.999859486529706	0.999995017122685	1.00003723387523	NA
1.00006769668843	0.999886869303434	0.999796667374729	1.00053649735643	0.999856139864008	1.00012451372666	NA
1.0000650254083	1.0012744399173	1.00006563140614	1.00026872884308	1.00017085138901	1.00039726647361	NA
1.00031678162103	1.00025228101895	1.00143247787044	0.999801936513058	1.00157553428825	0.99988669775425	NA
1.00079180193412	1.0000035412779	1.00016481243911	1.00033489252856	1.00032741130439	1.00006424478688	NA
0.999938575863621	0.999866375583511	0.999875706993114	1.00049286030755	0.999904598361512	1.00118506681791	NA
1.00070779987991	0.999901881209112	1.00003859302445	1.00106369545335	1.00047966513021	1.00019337745905	NA
1.00004160927429	1.00021059234663	0.99996208106976	1.00063785046123	1.00109030598031	1.00000675389407	NA
1.00013206265674	1.00023777569081	1.00113283993027	1.00009781406637	1.0002703223051	1.00007400548294	NA
0.999900926869081	1.00060644002685	0.999739032795989	0.999990311219563	1.00036105977929	1.00011750697884	NA
1.0010069265703	1.00002154976948	0.999855384999364	0.999936504682279	1.00028718163774	1.00039281174886	NA
0.999914441277564	1.00035228752465	1.00032556996352	1.00020208615221	0.999849645796265	1.00005676842101	NA
1.00027279379511	0.999913332638698	0.999771668126716	0.999944416154302	0.999890781537285	0.999865415042525	NA
0.999981265976855	1.00101968821807	1.00012817882823	0.999985423086075	1.00056461033338	0.999937639088359	NA
1.00008573228029	0.999728411063887	1.00024388640442	1.00015179214304	0.999970327048078	1.00006374658732	NA
1.00024873366347	0.99983790147254	1.00029442436272	0.999914267059114	1.00004848183792	1.00057099784908	NA
0.999905256282948	1.00010001515473	1.00036477276936	1.0002896517697	1.00039455448454	1.00011063973555	NA
1.00005810729716	0.9998148424203	1.00060455531204	1.00013805099895	0.999992654419958	1.00041393588215	NA
0.999984892170418	1.00014122852605	1.00015653865985	1.00005791660166	0.999851083843374	1.00005433299113	NA
1.0000310432058	1.00050503636991	1.00040938028355	1.00021354651109	0.999877447979719	1.0005341417054	NA
0.99991749103518	1.00040942863863	1.00050743425809	0.999899920291227	1.00061466783592	0.999946509171897	NA
1.00034770621435	1.00024449046583	1.00039201405498	1.00031626325355	1.00001272221072	1.00026593722298	NA
1.00097347512822	1.00006151703738	1.00003522790538	0.99974480201615	1.00066685534371	0.999867522795517	NA
1.00063900681932	1.00052464006022	1.00020211600892	1.00102488609362	0.999959599990582	0.999971189667982	NA
1.00008016726882	1.00095515343991	1.00031080030392	0.999861925712686	0.999936811790506	1.00010296373565	NA
1.001045913722	1.00003408042475	0.999800397836747	1.00038505349297	1.00053885620778	0.999807742353405	NA
1.00010629967987	1.00050817909102	0.999916014421863	1.00025064311379	0.999930879471174	1.00012112699312	NA
0.999894577165459	1.00153860157587	1.00008034413288	0.999972526414049	1.00088531210154	1.00004681569827	NA
0.999999395737903	1.00060448367844	1.00000553484982	1.00044301051563	1.00052603833834	1.0002613408831	NA
1.00009955174245	0.999902070209135	0.999836990884685	0.999843702382024	0.999813736689154	1.00032727821509	NA
0.999928489107488	1.00119108515185	0.999797116753555	1.00147663011324	1.00016951866282	1.00043726448844	NA
1.00033918356567	1.00088132239426	1.00027753615811	1.00001779308392	1.00044853404142	1.00037525330473	NA
1.00042843277117	1.00045238946136	0.999885696079891	1.00069942193064	1.00054691225913	1.00019662035379	NA
0.999996182062282	0.999944322717621	1.00033508237659	0.999956842504254	0.99988024519424	1.00023580738681	NA
1.00097388091154	1.00034359021188	1.00076444557045	1.00034379239506	1.00100136251404	1.00048565416625	NA
0.99997601653157	1.00077941502442	1.00048926612655	1.00094884753636	1.00031068791638	1.0003631793566	NA
1.00024586004509	1.00008689489955	0.999889957328356	1.00033850155335	0.999772907202082	1.00013941730606	NA
1.00020680821206	0.999835102323759	1.0002761651417	0.999859385334843	1.00020301872024	1.00010277859708	NA
0.999879077345327	1.00010075469929	1.00073284992968	1.00013727629995	0.999857920282578	0.999976361146292	NA
0.999886589126736	0.9999735414709	0.999902199964908	1.00021265844634	1.00173826332655	0.999973799555721	NA
1.00009638993507	0.999739918782583	1.0000429791626	0.999930760227652	1.0003645960188	1.00019315995066	NA
1.0001743733233	0.999922047473273	1.00031657683477	0.99972422165855	1.0003455790454	1.00032471689379	NA
1.00004355278253	1.00061285046681	1.00021873357587	0.999958475115358	0.999879127835719	1.00023771656768	NA
1.00015873327953	1.0006672306134	1.00008835119516	1.0008155237085	1.00022410174312	1.00031147765851	NA
1.00013013682657	1.00004492992457	1.00054051288585	1.00026939055835	1.00048296158067	1.00015142088123	NA
1.00015714392903	0.999977927481805	0.999729267251378	1.00027773752683	0.999714975488835	0.999939666057547	NA
0.999983879128177	1.00079216236464	0.999786723366187	1.0001587190601	0.999719464012545	0.999890298973205	NA
1.0002120893501	0.999847658344803	0.99997764129211	1.00032965225078	1.00054392952615	1.00013810954193	NA
1.00019239936219	1.00035776055987	0.999963319899497	1.0008317661115	1.0001435531072	1.00008282477295	NA
1.00037795402556	0.999888976643091	1.00078796098015	1.00020630950221	1.00009354826639	1.00055020997274	NA
0.999984134229994	1.00039370764282	1.00029990093761	1.00057645671979	0.999828933755985	1.00049241338344	NA
1.00016093048615	1.00047179247264	1.00013096955412	1.00040363485724	1.00015946369551	1.00040393766492	NA
1.00056357894753	1.00025213207229	0.999864925953057	0.999868659120476	0.999922125758296	1.00020140042717	NA
1.00066161689816	0.999865381486782	1.00037496173851	0.999862751370137	1.00019114337439	1.00011395890543	NA
0.999973468142171	0.999929252494888	1.00027822094435	1.00020308324929	1.00011169442528	1.00039120601769	NA
1.00007166782504	1.00066824191788	0.999769329079321	1.00038116478889	1.00015665207474	1.00005510029221	NA
1.00058782505114	1.00005358100937	1.00001565869079	0.999844831872437	1.00027038634898	1.0003078834725	NA
1.00049913210897	1.00037476711309	1.00016227021253	0.999943177288621	1.00035315035449	1.00034796511013	NA
1.00184941043191	1.00020732333939	1.00012915186535	1.00005274027388	0.999789548521487	1.00063655399216	NA
0.999925708768597	1.00037881146267	1.00018428898291	1.00089569255558	1.00109745625468	1.00034869885066	NA
1.00032334162946	1.00011966384082	1.00031669468147	1.00043278235584	1.00058340524855	1.00111825167402	NA
1.00040968015121	1.00054430242011	1.00068621933146	1.00021609805058	1.00055760772672	1.00005054831016	NA
1.00125844737792	1.00004528666329	1.00034879168365	1.00026029538709	1.00004272705068	1.00040951362657	NA
1.00020342552706	1.00075726622443	0.999996654246347	1.00012028239284	1.0008224365026	1.00033524981007	NA
1.00122314061983	0.999706643502318	1.00013063656933	0.999990980952926	1.00098344751586	1.0004892351743	NA
1.0001393946677	1.00011587985505	1.00031965641157	0.999848935161326	1.00027068927233	1.00042141961954	NA
0.999881649327598	1.00069548535033	0.999950848991955	1.00060753022625	1.00082551606132	0.999964341289218	NA
0.999703829913761	0.999763591672005	0.999790209560386	0.999870119955344	1.00021566242017	0.999906916263069	NA
1.00063178454777	1.00008367022841	0.999769136332988	1.00047561594572	1.00067668304124	0.999936196747049	NA
1.00046614360404	0.999934101382371	1.00006059705054	1.00023161979849	1.00063365120688	1.00101511183472	NA
1.00007296694346	0.999984438519379	1.00016752897323	0.999946224589491	0.999829487184155	0.999981765503707	NA
0.999885964406695	1.00034921674608	0.999872514480087	1.00047927326979	1.00051469432841	0.999867084297653	NA
0.999942484515849	1.00030547685902	1.00042527120618	1.00030274287949	1.00046745211328	1.00033838660896	NA
1.00077815235309	0.999914860645076	0.999931161919982	0.999846268281863	1.00053258259651	1.00015743377882	NA
1.00017431126314	0.999928055940166	1.00009024815752	1.00038036351652	1.00005934599902	0.999862827271315	NA
0.999849567760932	0.999968325052264	0.999743160354183	0.999990747608157	1.00088400431276	1.00018879025127	NA
1.00014638535837	1.00005503715039	0.999869685824507	1.00045446951557	0.999976993607934	0.999850015847315	NA
1.00003891320015	1.00040205879948	0.999804512698571	1.0005515574158	1.00002623633662	1.00002947127342	NA
0.999851824223044	1.00010416002895	1.00042848469872	1.00005239568421	1.00016743737781	1.00013588130251	NA
0.999930229516046	0.999864556215211	1.00012488925988	1.00103177260661	1.00024145720059	0.999922434958866	NA
1.00030887932706	0.999777881848232	1.00014784314821	1.00034547367482	1.00002950564547	1.00008552606514	NA
1.0013047650544	1.00024357568273	0.999677224479742	1.00012752518188	1.00017936516714	1.00080827384244	NA
1.00045738222146	1.00046025927147	1.00002957956043	1.00031396787949	0.999957954031122	1.00030059660972	NA
0.999888521322494	1.00039921095724	1.00058450173265	0.999847904233276	0.999747425508454	1.0004673412046	NA
1.00003186043842	0.999750575897849	1.00119082850033	0.999910054394811	1.00051567763926	0.999956531358027	NA
1.00001555263584	0.999966770384726	1.00021011813282	1.00004429737318	0.999773826669834	1.00032128355795	NA
0.999991987491277	1.00009378980658	0.999940511390761	1.00065294633258	1.0002889503375	1.00041845151848	NA
1.00076867876346	0.999994821465114	1.00009187817981	1.00060519275212	1.00040599063092	1.00004866923556	NA
1.00020463689379	1.00116669341921	1.00058627841835	0.999840793934573	1.00067788430587	0.999917053504098	NA
1.0000486996835	1.0005081337054	0.999777818633034	0.999646988573901	1.00034933177131	1.00026049618942	NA
0.99985097558354	0.999684711915742	1.00044266784465	0.999878601322529	1.00064521974252	1.00025016162094	NA
1.00048641181268	1.00096940852029	1.00014459914934	0.999701471287639	1.00015785491023	0.999931232146587	NA
0.999988514541969	1.00017514547389	1.00011284285089	1.00009780020803	1.00005242217589	1.00000392808656	NA
0.999917435725347	1.00104841993222	1.00024835078759	1.00000095170419	0.999985733335676	1.00036389005318	NA
1.00000554324898	1.00012151420466	1.00009798749696	1.00074394621567	0.999862261830346	1.00016935670844	NA
1.00032571688745	1.00028639711256	0.999814127088377	0.999939471375858	0.999951165752289	0.999982517093585	NA
1.00043052398424	1.0000636387592	1.00022693170663	1.00023042187324	0.999868078540461	1.00022572324409	NA
1.00086260004655	1.00043275572144	0.999898507562963	1.0002402154393	1.00012337907601	1.00011055545446	NA
1.00000716305356	1.00001041124401	0.999719839581278	1.0000505150783	1.00033694588097	1.00016168389034	NA
0.999891459789142	1.00025500798808	1.00054559657899	1.0000979907584	1.00021999932865	1.00045222608959	NA
1.00004366023073	1.0000473368365	0.999982407499575	1.00003391144788	1.00024740431846	1.00023916382864	NA
1.00019005566612	1.00013703684132	0.999833823817896	1.0005956046799	1.00013519567024	1.00033121744057	NA
0.999866621209497	1.00003152109793	0.999982873864328	1.000207690981	1.00115177717915	1.00098934319413	NA
1.00117180323492	1.00051095914867	1.00063010518539	0.999823514231763	1.00001416073478	1.00000757116304	NA
1.00032407372076	1.00019931604964	1.00006226347187	1.00014183991731	1.00016663182665	1.00012695335939	NA
1.00014294859256	1.00104664739771	1.00018089528593	0.999900354647844	0.999811086483822	1.00042445372127	NA
1.00078602844069	1.000610016144	1.00000641616728	1.00100632577126	0.999719100392575	1.00065906684043	NA
1.00076237135035	1.00013701447642	1.00010588806538	1.00045779635097	0.999846533652418	1.00063791366599	NA
1.00135771500947	0.999885263849449	1.00002472916631	1.00116812487031	1.0000098869308	0.999871138643553	NA
1.00099971044777	1.0000887430214	1.00043976328155	0.999898880779242	0.999802757514589	1.0003555354738	NA
1.00046988138011	1.00015475020199	0.999796885805583	1.00045136317517	0.999978619527046	1.0006342772548	NA
1.00021846815698	1.00069270442593	0.999988184031348	1.00057240660798	1.00008119802151	1.00026535546725	NA
0.999929239530723	1.0020819566751	1.00040847412837	1.00161730984255	0.999940058693623	1.00009982351888	NA
1.0005008523372	1.00049917022715	1.00018512590302	1.00015312267552	1.00031170274884	0.999953910050932	NA
0.99993853414943	0.999877009975587	1.00028639259168	0.999891474205915	1.0003871171175	1.00000766860399	NA
1.00008523206627	1.00030712623519	0.999894855723557	1.00049385959436	1.00010790107692	1.00139413538128	NA
0.999740526142443	1.00050762653775	1.0002298656519	1.00042352595602	1.00018160495995	0.999950734855281	NA
1.00075312955139	0.999960505305881	1.00034928976818	1.00005309056399	0.99992931258635	0.999757223718118	NA
1.00060118406846	1.00111733511991	0.999658177349565	1.00093636163371	1.00001561507386	1.00042364734433	NA
1.0002138920135	0.999724846941279	1.00037537456736	1.00066555277146	1.00039107837976	0.999939848437262	NA
0.999998131383981	1.00045213579211	0.999977961870595	1.00059216522865	0.999997395282696	1.00054303400101	NA
1.00020653693314	1.00029835267159	1.00009436292005	1.00036954505713	1.00014082919146	1.00146108138526	NA
1.00000000691678	1.00039816347329	1.00011783668652	1.00084444802098	1.00024909847253	1.00053099159897	NA
0.999747207292212	1.00047397784778	0.999853074932232	1.00077814633752	1.00021522295765	0.999840256259458	NA
0.999955229692566	0.999867409259738	1.00003165145412	1.00041279382151	0.999925764908174	1.00036496785392	NA
0.999971375622934	0.999943566198253	1.00078893911826	1.00015458946974	1.00032624454446	1.00029141542533	NA
1.00023662958308	0.999798044136945	1.00028588557927	1.00038639811194	1.0001189719798	1.00032455891428	NA
1.00062624313794	1.00029164270007	0.999951160093501	1.00045657821748	1.00015544667171	0.999955995246219	NA
0.999901133242902	1.00050473592984	1.00113780181535	1.00043243349678	0.999718530427865	1.00011783534542	NA
1.00086313705074	1.00027444389021	0.999954726511661	1.00052517760869	1.00013637201076	1.00000106860444	NA
1.00040554645433	1.00022266441905	1.00008544273055	1.00090650178476	1.0002874129888	0.999838594976899	NA
1.00080687838836	1.00025265975642	0.999960818762384	1.00081468603911	1.00048645572953	0.999912852594274	NA
1.00010303915805	1.00028808719318	1.00077634815036	0.999725881221292	1.00050970585501	1.00020257633974	NA
1.00008579524376	1.00017079541076	0.999779491480621	1.00008505706278	0.999811152104985	1.00042665270119	NA
1.00001886235486	1.00028484976122	0.999943179237274	1.00022292880266	1.00059026464995	1.00011261070587	NA
1.00010578349222	1.00023828348997	0.99983797092339	1.00054951940453	0.99993680598245	1.00036675822648	NA
1.0000164820942	1.00058870311834	1.00009779288086	0.999995823494765	0.99996569292333	1.00025752335966	NA
0.999897379415291	1.00001014654122	1.00027474267235	1.00058276440633	1.00008898036973	1.00029057188561	NA
0.999819865515676	1.00036203163861	1.00027868973327	1.00023652737332	0.999986665325174	0.999946561119608	NA
1.00008141012768	1.00024292549079	1.00027749975733	0.999965154234494	1.00006609391103	1.00001367869407	NA
1.0001194528461	1.00084345593055	0.999665788542784	1.00037331344087	1.00078041130258	1.0005350956491	NA
1.00061197363554	1.00062841630832	1.00075079029589	1.00068765559959	0.999815411995868	0.999717548215585	NA
1.00039123312824	1.00046771581765	0.999997304587219	0.999849165409272	1.00006585499343	1.00007701555175	NA
1.0000140726707	0.999717050569831	1.00053833096939	1.00047686749609	1.00024920421457	1.00023331357703	NA
1.00020387491782	1.0001368055042	0.99989375875575	1.00060028595824	1.00019079447884	0.999822321458104	NA
0.999917762344234	1.00039265997633	1.00002758353893	1.00087591355875	1.00030263414643	1.0005932148067	NA
1.0004539671304	1.00013420774523	1.00003436446618	0.999990262168012	0.999978398707361	1.00042996506605	NA
1.00002960318914	1.00033843113695	0.999661711686796	1.00004208837845	1.00025116688029	1.00050511427776	NA
1.00023915138378	1.00007733398468	0.999827782812929	1.00103514618608	0.999911120716551	0.999775870058774	NA
1.00006128908143	0.99978174978388	1.00002205051734	1.0000078535721	0.999759460758919	0.999866412493243	NA
1.00060517218777	1.00084467035448	1.00048209254369	1.00008727648202	1.00040822805303	0.999978833655869	NA
1.00018141254191	0.999989682613734	0.999978615042441	1.00012906209894	0.999864379961068	1.00006408068667	NA
1.00016004461673	0.99991816931481	0.999760110275581	0.999967394946333	1.0004914398658	1.00051979135416	NA
0.999790759387975	1.00006111199148	1.00063840463766	0.999781874730761	1.00006066169341	1.00059641206514	NA
1.00045270985385	1.00100616029276	0.999904824592571	1.00007510232994	1.00018936716413	1.00046109386684	NA
1.00018166410459	1.00017265287152	1.00029143226369	1.00014910356105	1.00019837727076	0.999859236855323	NA
1.0005051734123	1.00069222607741	1.00019827741362	0.999957074883289	0.999904974476135	1.00040817578857	NA
1.00008223858668	1.00018557667995	1.00074554452664	0.99989742412415	1.00009850389874	1.00030231993802	NA
1.00005341663142	1.00020096073461	1.00000527306131	0.999889901363369	1.00027552503475	1.0009893707127	NA
1.0004312757898	1.00088202922606	0.999796740020049	1.00070552766125	1.00002177081753	1.00044519471345	NA
0.999915660045094	1.00023490066648	1.00002430967016	0.999959905723418	0.999885239816304	1.00010192331217	NA
1.00018976319139	1.00067470931253	0.999958748542835	1.00100435502426	1.00001134745875	1.00096172114775	NA
1.00085545681097	1.00047983518913	1.00044562560749	1.00014280596034	0.999982995496094	1.0000237727986	NA
1.00002375120085	1.00053696144195	0.999983729261464	1.0001771432601	1.00034236551709	0.999882615538066	NA
1.0001636483417	1.00014016959159	0.999787906493937	1.00006307244997	0.999979277492848	1.00017707902779	NA
1.00018274920354	0.999936860440228	0.999990229168199	1.00028500454128	1.00020933838715	0.999755730869738	NA
0.999736379716208	1.00048072535812	0.999732592563004	1.00065797653363	0.999973838659823	1.00082775179817	NA
1.00012428912675	1.00031045908938	1.0001168598909	0.999865257186769	0.999957900893781	0.999925371105717	NA
1.00003477185727	1.0002842303024	0.999796787030482	1.00092790970918	0.999847585621438	0.99980305887076	NA
0.999846628448747	1.0000031475499	1.00028414213459	1.00068495580411	0.999906576455415	1.00033764605394	NA
1.00012071604162	1.00026192638861	1.00002385185976	1.00035507804216	1.00027069594473	1.00026374816324	NA
0.999823523696247	0.999831613899205	0.999859835900243	0.999923154791133	1.00026160674536	1.00008958076341	NA
1.00008957058534	1.00060810260819	1.00028684851451	0.999710469944253	1.00009577074378	1.00059792880736	NA
0.999888381394867	0.999922795952921	1.00034792973243	1.00005875901288	0.999791795573608	0.999893579516587	NA
1.00045361098531	1.00005943877579	1.00020996562235	0.999973844845132	1.00060017430218	1.00046174978899	NA
1.00039490506129	0.999997511496196	1.00013992392686	1.00018031458558	1.00052601357756	1.00002271230546	NA
0.99990653275987	0.999673352319719	1.0000416765409	1.0000623164935	1.00003328964647	1.00009765379576	NA
0.999871518397253	1.00000105253996	1.00025121532791	1.00008128453068	1.00063282151511	0.999991064392648	NA
0.999883965658152	1.00008929055335	1.00016402370991	1.00023137318892	1.00029246490073	1.00001140415505	NA
1.00014872178668	1.00071770604063	1.00017853775517	1.00001881151382	1.00004713058655	1.00010451448964	NA
1.00002967523019	1.00024851754947	1.0002026707817	1.00005015045704	0.999835776721622	0.999856756919819	NA
1.00028719266608	1.00015150638565	1.00001466690709	1.00073085418537	0.999818872906313	1.00038333943435	NA
1.00055273278657	0.99999171310148	1.00007494788447	1.00035438228929	1.00045335315344	1.00035516871204	NA
1.00022586667701	1.00089825673185	0.999928069025634	1.00065497267874	1.00047072860026	1.00043215938238	NA
1.00007555820563	1.00006218429532	1.00100836831709	1.00022920719381	0.999918632293023	0.999956445478472	NA
1.00024514612202	1.00021535444916	1.00002395604156	0.999796217261831	1.0003419891322	1.00002702556902	NA
0.999865290138125	0.99989300690439	1.0002432607141	1.00018931767449	1.00030941314015	0.999983325850975	NA
0.999782728255549	1.00026188403603	0.9998861860851	0.999996453278053	1.00014627295212	1.00055550565739	NA
1.00031837956936	0.999963164656275	1.00006708181185	1.00031870006433	1.00029442999625	1.00056128603914	NA
1.00046487682217	1.00011194464744	1.000142912729	0.999818555673637	1.00025637975261	1.00026430238913	NA
1.00017498769596	1.00030083790139	1.00019435106982	1.00026805553725	1.00007805941119	1.00041391278466	NA
1.00026756261342	1.00004524184324	0.999788359071254	1.00039822780272	0.999764053005626	0.999851365369429	NA
1.00007803514278	0.999975569632084	1.00009153983985	1.00017622373013	1.00035911383831	1.00005975509453	NA
1.00020895513178	1.00083151386758	1.00022024435766	1.00009453742959	1.00076731881173	1.00027145370904	NA
1.0000813957884	1.00001809804216	1.0003196574411	1.00045701265761	1.00043765420606	1.00039815447048	NA
1.00070646095044	1.00002381810182	0.999936982708552	1.00019115689862	1.00028737218784	1.00067985072368	NA
1.0000245226719	0.999864244542481	1.00002563723173	1.00051483438583	1.00030981623841	1.00013227865835	NA
1.00081788960726	0.999791385092031	1.0001598027841	0.999814005127432	1.00081750243913	1.00004112506907	NA
1.00042057491071	1.00002096513183	0.999960766277013	1.00010828820364	0.999869850850031	1.00006548793787	NA
1.00012911642691	1.00050526767594	1.00029155028474	1.00036709487451	1.00105868663392	0.999985258947599	NA
1.00029063681536	1.00004189497562	1.00031156169427	0.999990711853343	1.00017178459734	0.999944126265716	NA
0.999817031751509	0.999887387964258	1.00019946222447	0.999835050048015	0.999821759599279	1.00086625755949	NA
1.00034868894405	1.00015291419492	1.00050848251929	1.00056159023168	1.00091129832363	1.00058737392087	NA
1.00019652796479	1.00081026176668	0.999931292671651	1.00039815109909	1.0001605192039	1.00003171269356	NA
1.0004603232619	1.00010394473046	1.00001668926742	1.00018136690132	0.99994418247099	1.00015624726397	NA
0.999875878360272	1.0003497050383	0.99985200565614	1.00060350134457	1.00008541818215	1.00035956446929	NA
1.00038223458814	1.00108011346674	0.999917092112006	0.999907754057582	1.00002436591118	0.999948347479236	NA
1.00056886926201	0.999937064146508	1.00043694341526	1.00000378214055	1.00101615907629	1.00011704794002	NA
1.00078830214753	1.00004494852565	1.0000315830871	1.00010031782817	0.999965967509483	1.00031048841339	NA
1.00022112010159	1.00065791141611	1.0001541895695	1.00028325816127	0.999959476487825	1.00009194921865	NA
1.0003940324205	1.00042576669988	1.00107814195829	1.00002763991146	1.00042986602732	1.00037009387383	NA
1.00067568858591	1.0000921316028	1.0001755120941	0.999892556689016	1.0011856856294	0.999928977426474	NA
0.999979748178976	1.00080575217788	0.999904310360389	1.00059639415735	1.00018499753805	1.00001314521739	NA
0.99980668134782	0.999917464580013	1.00062246267107	0.99987112144499	1.00021128743391	1.0003452733445	NA
1.00006794413026	1.00007111533529	0.999772268953268	0.999914736818308	1.00036274091598	1.00038299907623	NA
1.00049777843185	1.00004869670393	1.00021606310062	0.999839317268419	1.00028926591893	1.00035978455257	NA
1.00005684654925	0.999921334211897	1.00019359511895	1.0001365812148	1.00009370665757	1.0002189541456	NA
1.00085190446905	1.00033851923131	1.00060559552603	1.00014206479475	1.00020208879251	1.00001395055834	NA
1.0001750392808	1.00043932029601	0.99988746691312	1.00060718847329	1.00014212652818	1.00001921540793	NA
0.999949123253537	1.00020819725623	1.00008037774938	1.00047450814105	1.00079796716981	0.999831884957353	NA
0.999932169622323	1.00029063765699	1.00001498923972	1.00001523872137	1.00015650172705	1.00133165972988	NA
1.00050462871255	1.00008385013283	0.999720515826429	1.00051519802563	1.00015843491198	1.00008927785283	NA
1.00000275518229	1.00022638296381	0.999996269871806	1.00083495825667	1.00052118213882	0.99996786177021	NA
1.00017709731096	1.00006002209714	1.00075409035847	1.00064368383748	1.00019576063174	1.00072030207469	NA
1.00006111669963	1.00029427598223	1.00010098378582	1.00029898501875	1.00051796775796	1.00031984488891	NA
0.999972835574071	0.999980341740431	0.999969274679025	0.999949959703994	0.99972596136733	1.00009199336094	NA
0.999872998680912	0.99989975260801	1.00016676749137	1.00003780395861	1.00032971613543	1.00022457945718	NA
1.00049640346237	1.00037752675149	1.00003426640159	1.00025064902905	0.999882250529452	1.00004463656197	NA
1.00056230636772	1.0001835202838	0.999849885666707	0.999929832300572	1.0004621177463	0.999868177105309	NA
0.99985167283034	1.00052235537618	1.00035951358784	1.00060601047958	0.999888174613903	1.00069470936324	NA
0.99998337000654	1.00068205740613	0.999935345325035	1.00004508046088	1.00038028206707	1.000567141473	NA
1.00041716476117	0.99986455607473	0.999682955774226	0.999871352012687	0.999992197117131	1.00098546984361	NA
1.00116930120268	1.00055668330637	1.00002886039948	1.00011996104812	1.00010452795134	0.999980349926688	NA
1.00011018123533	1.00089969225682	1.00005955417618	0.99994911802852	1.00004024056133	1.00024546781489	NA
1.00032954836878	1.00006690391482	1.00047234408544	1.00006565897002	1.00007996181815	0.99990382171808	NA
1.00076998367691	1.00053528975893	1.00019075077269	1.00044761941849	1.00026708300792	1.00025370692914	NA
1.0003424995558	1.00057551478514	1.00023196394772	1.00051462315987	1.00065431633768	1.00029177771764	NA
1.00005579543789	1.00038437716148	1.00000964696448	1.00039323767509	1.00009921921133	1.00007012548344	NA
1.00007248528877	1.00073316279515	0.999755265917282	1.00017621814919	1.000449988434	1.00014097843735	NA
1.00064310182541	1.00062921872549	1.00018018799481	0.999858428186233	1.00050596206324	0.999987275239091	NA
1.00081061665595	1.00040710415852	1.00122884466458	1.00057347184779	1.00006181095628	0.999846860122972	NA
1.00071272240057	1.00032167187947	1.00005551763029	1.00007021456754	1.00016166024324	1.00105834026084	NA
1.00019681091837	0.999952300006881	0.999882441671645	1.00002567656373	0.999779098633228	1.00005438957611	NA
1.00032744522277	0.999668956934296	1.00014350052841	0.999788797127273	1.00047347653332	0.999998323272255	NA
1.00026640678078	1.00059301492188	1.00081839322745	1.00029177882659	1.00009357556073	1.00029353276226	NA
1.00043317246465	1.00055199300804	1.00037271202945	1.00015642741257	1.00059024435434	1.00026356156077	NA
0.999875598803702	1.00104739711015	0.999628126457957	0.999862624668892	1.00044527469451	1.00011011942459	NA
1.00073791369907	1.00070780217657	0.999772187721017	0.999973074230429	1.00024892015069	0.999863706728861	NA
1.00030842636997	1.0003972182581	1.00059924404196	1.00023630720825	1.00109610582497	1.00016331674175	NA
0.999941341692607	0.999919785829919	1.00003283723423	1.00035133198822	1.00018827182814	1.00041483386961	NA
1.00032024767442	1.00064697355416	1.0003779657082	1.00023701267663	1.000076301501	1.00006029396909	NA
1.00013222093674	0.999911660328318	0.99986273732445	1.00030436016076	1.00013949028248	1.00015089455576	NA
0.999822943396298	1.0003490404154	0.999885401715026	1.00009068439287	0.999823534055814	0.999851609023716	NA
1.00004500712552	1.00030940422737	1.00001798981526	1.00127040956932	1.00016898277517	1.00022507562473	NA
1.00008077464187	1.00011840371782	1.00046310718957	0.99992832702415	1.00055920689913	0.999874803567728	NA
1.00009557842192	1.00135062194061	1.00005228527344	1.00080632580341	1.00032102925113	0.999868946761869	NA
1.000136817213	0.99974393421652	0.999778511752737	1.00007798252556	0.99988675717566	1.00012299772374	NA
0.999867445335003	1.00020357747139	0.999988002890437	1.00042021267313	1.00009274229802	1.00021947633673	NA
0.999887380342845	0.9999581762228	0.999944492492554	1.00051019416175	1.00018371803881	0.99998080551944	NA
0.999992280345082	0.999882414070934	1.0000355156516	1.00022512288705	1.00037520169538	1.00030786906906	NA
1.00013104274005	1.00004805296603	1.00025041634356	0.999921481051722	0.999717362488325	1.00066500816294	NA
1.00056737773302	1.00089040855975	1.00001186384049	0.999795582486565	1.00030787945201	1.00001386711153	NA
1.00052249584071	1.00027020312073	1.00071918553128	1.00009055734678	0.999992446933377	1.00091320015778	NA
1.00012960576289	1.00017070109653	0.999706493779828	1.00038340697579	1.00101468792857	1.00001610989859	NA
1.00053267440627	0.999867138981031	1.000316289518	1.00003229052843	1.00022200684279	0.999878432148269	NA
1.00133679705027	1.00003933632813	0.9999454400378	1.00092679742415	1.00023028059634	1.0002489243205	NA
0.999809682471835	1.00003842123035	0.99981720641251	0.999951413451583	0.999829828523281	1.0004459887036	NA
1.00035257095382	1.0002078904933	0.999700634908208	1.00078609729653	1.00005200928567	1.00043460613013	NA
1.00041349574012	1.00014681430367	1.00003353873857	1.00036485864963	1.00011736887658	0.999823333763088	NA
0.999980547401584	1.00030090084397	0.999805019271201	1.0001336833547	0.999930502124545	1.0013301040308	NA
1.00006682020688	1.00040360403052	1.00020652938305	1.00006708122548	0.999825022099238	1.00014445189613	NA
1.001357205548	1.00054680814588	1.00009904823827	0.999827199791094	0.999924226305379	1.00027544266269	NA
0.999955740992051	1.00034188821981	1.00015777710598	1.00059488765023	1.00046335479309	1.00015563837554	NA
1.00046260984482	1.00032669116772	1.00007279134837	0.999699521023291	1.00007095022559	1.00050277562504	NA
0.999961844803266	1.00087433680635	1.00001561627687	0.999763127435753	1.0001735313557	0.999931131926563	NA
0.99984874869149	1.00012775670025	1.00038629150817	1.00054103608615	0.999930157217081	1.0004228161608	NA
1.00051330961615	1.00055621932046	0.999788339850594	1.00019950421806	1.00049591448633	0.999928767125558	NA
1.00006256236872	1.00036173738956	1.00011678766868	1.00092133217731	1.00110415786143	0.99975498294263	NA
0.999975980110586	1.00002343176573	1.00011183292366	1.00012336709668	1.00033759317581	1.00006901258869	NA
1.0003238133549	0.999927600347273	1.00044532346851	1.00000392780372	1.00015037758532	1.00046660190287	NA
1.00074581367196	1.00024768461394	0.999940000714314	0.999707716214052	1.00023457657227	0.999771160431236	NA
1.00076577700951	1.00079177945328	1.00019008545525	1.00006792878183	1.00016202148443	1.00029413134956	NA
1.00044015429689	1.00020165053916	1.00042206447326	1.00009160665737	0.999949529565078	1.00031380285054	NA
1.00018232955309	1.00031842679428	1.00073750295778	1.00024376792262	1.00058685095573	1.00034631667979	NA
1.00004435552556	1.00087878694513	1.00057051095487	1.00018548629021	1.00035736018715	1.00019696342469	NA
1.00076085865351	1.00038752114809	1.00016623267139	0.99973749775783	1.00018204027176	0.999957396811867	NA
1.00020400534428	1.00044643824065	1.00027747018088	1.000239136169	1.00026776315329	1.00004344813539	NA
1.00014578565095	0.999914277517112	1.00030738460076	0.999995432125476	1.00006713813214	0.999827629834087	NA
1.00030169040207	1.00053686815202	1.00055322517356	1.00016922538989	1.00034473479359	1.00003660812521	NA
0.999903776070795	1.00061032833543	1.00026577243362	0.999909510304978	1.00006080483555	1.00031874022998	NA
0.999849454519232	1.00082396913311	0.999996912826137	1.00017431209557	1.00022156394983	1.0004543466707	NA
1.00046141337325	1.00120470180994	1.00044508418842	1.00000459219831	1.0001649151407	0.999912090544452	NA
1.00086870314533	1.00008887778235	1.00007823579606	1.00034619797891	1.00016730181234	1.00081827390816	NA
0.999981110510158	1.00012979154901	0.999855160071776	0.999902501161865	1.00039703806422	1.00077514178054	NA
1.00010652577379	1.0002316152719	0.999971994183783	0.999890233033436	1.00033516901443	1.00036006811933	NA
1.00084272095243	1.00067502551411	1.00004467153162	1.00034899913654	1.00017548976321	1.00011175166042	NA
1.00016744248503	1.0006345094938	0.999972214193836	0.999950036652869	1.00025013494785	0.999921923505819	NA
1.00054846848726	0.999944615939958	1.00004350267035	1.00003226911383	1.00049450868539	1.00030399588127	NA
1.00008348099439	1.00029037729538	0.999670942804299	0.999994084876439	1.00028300322809	1.00002179871868	NA
1.00107021618174	1.00070237601559	0.999798127338397	1.00017223571415	1.00054200035731	1.00028463672261	NA
1.0000120572797	0.999930467442761	0.999988136677711	1.00006693565262	1.00013351961293	1.00003318333793	NA
1.00027406731092	1.00038995074933	0.999750510057888	1.00007379077344	1.0007370577101	1.00021031603954	NA
1.00059206067974	1.00011214807046	1.00100414029974	1.00011318292965	1.0001966219931	1.00002629840844	NA
0.999960102021324	1.0004373476395	1.00034071149747	1.00101108130306	1.00107383855481	1.00069142513275	NA
0.999782636529367	0.999857964010033	0.99990995487052	0.999935636831881	1.0002807002463	0.999952978350676	NA
0.999940828500108	1.00078262459478	1.00030562439348	0.999880767049732	1.00035670227104	0.999895971295338	NA
1.00012325697942	1.00068783648996	1.00032233302394	0.999977073248158	1.00011990964113	0.999740544060354	NA
0.999798074836116	1.00014108239653	0.999942861521038	1.00023202305521	1.00038737522395	1.00081910716421	NA
1.00024498626503	0.999921832538771	1.00026412891671	1.00006514012334	1.00014751721986	1.00070725907734	NA
1.00071584318905	0.999803354761868	0.99989502400006	1.0001258339056	1.00021395338234	1.00025494330544	NA
0.999999816330543	1.00039554072446	1.00024993496497	1.00018744968759	0.999860137094974	1.00031374603124	NA
1.00050839048457	0.999884206978579	0.999966362202137	1.0000243718011	1.00007764155025	1.00021126885856	NA
1.00046733759166	1.00036099466651	1.00015946667665	0.999985321083847	1.00039252380917	1.0009193070442	NA
1.00021788365078	1.00023003984831	1.00032000059565	1.00018277613204	1.00016729652224	1.00065503470268	NA
1.00064832755417	1.00018933036112	1.00087320415065	0.999950512495837	1.0001598489426	1.00047560495372	NA
1.00014049032486	1.00009743488475	0.999789302602819	0.999997941564429	0.999992867414245	1.00028908961019	NA
1.00053215331311	1.00030911324132	0.999884503346481	1.00055630709522	0.999946117800378	1.00008424718898	NA
0.999886024460275	1.00010503790128	0.999960393019121	1.00020960454593	1.00024960161237	1.00011040311492	NA
