FMP	RMP	FPP	UPP	ANPP	NPP	ANCOVA
0.889938987638488	0.890372345695663	0.632008135751859	0.776048936684886	0.74452648605638	0.744674668207383	0.901385466727908
0.86053538461846	0.866342831359262	0.596014517590817	0.754140444955828	0.717797414456496	0.733848474578698	0.772638510540302
0.488697013343532	0.471639596279984	0.502606239238606	0.499339457485523	0.494930593392643	0.512572910139235	0.604203395479083
0.821977345889463	0.804070563964786	0.640017741568779	0.752750351548797	0.718329337363614	0.741157444865471	0.923528822200145
0.824625946310682	0.823644292433328	0.599221535119823	0.715342122259862	0.70145827412541	0.709885076634872	0.749721988184143
0.672077529345808	0.655386953515473	0.635262972962011	0.67047988585554	0.658466258423998	0.668767190913571	0.874236236356277
0.774557806197513	0.764943576844889	0.609605661868958	0.702233252159752	0.679996731558078	0.68464966886847	0.792193952334776
0.606153898554173	0.596448198021883	0.629289307930175	0.659994963030956	0.627282383067975	0.64660651001054	0.888805805139781
0.540228057838028	0.54600070007695	0.583568099714573	0.593922055742742	0.59016762579606	0.589856960981982	0.754941011385527
0.589374275080657	0.589816641027829	0.595729039023342	0.606040019536766	0.591037563521385	0.615728454290548	0.759838701452012
0.663464041551503	0.686336816591446	0.595699690071045	0.671153908398471	0.659187941052045	0.64105313883217	0.802504038949851
0.552032354892608	0.546717537042695	0.592472685545636	0.596210143696374	0.590620595932618	0.601999114420146	0.793456773903372
0.58100703633397	0.580109457780925	0.638854516530744	0.646079180211564	0.638215479706492	0.636344383311148	0.871510435121478
0.546610906751849	0.547467993539718	0.583699635400415	0.604005034346803	0.603855875111521	0.582256994630569	0.779523521934767
0.607453302619931	0.593931884239802	0.6228943911293	0.654642676391047	0.641333027542112	0.634474127528248	0.868855819925827
0.649440217671308	0.661418811791948	0.603938708697849	0.65484938384247	0.647082434486059	0.64124588781317	0.835470484456763
0.645443305460489	0.634432895282096	0.64150217628281	0.670955771983914	0.659235528366477	0.659366497632675	0.890963179621426
0.619629144660814	0.608788933573539	0.550094625823589	0.601369728593641	0.597751859769371	0.587880228661334	0.688543315548923
0.587734334558889	0.583013593871154	0.588674846861101	0.644135302811798	0.617575466203965	0.607059040986168	0.818359738074538
0.636493565770161	0.651503753847021	0.638477908647685	0.670977921900911	0.655333300823785	0.663674392748895	0.913725885429461
0.54733158695888	0.547694140880509	0.588500993809183	0.60276228595393	0.59989178075762	0.592320963231615	0.787384877741238
0.627414498326656	0.63735019384837	0.61601110870733	0.676276130173836	0.663374552148823	0.663253041409513	0.898256315876426
0.600655273891589	0.611013100066725	0.603410731028779	0.633687178782992	0.627307832404273	0.623606150688135	0.782701351621886
0.567066951263367	0.572324090403395	0.612413738884288	0.623999368479248	0.62878528761556	0.620790792649345	0.841331573013928
0.608212663130192	0.599193544234551	0.598910782195446	0.643595561835145	0.621913113358108	0.61207175099341	0.815285851595746
0.608509791577127	0.625057571828399	0.639668557240827	0.660952815729606	0.639240664925941	0.636254192733951	0.873978648552658
0.610446307584509	0.617594424126275	0.63887390907639	0.670428960826803	0.671172365435431	0.648928522652112	0.886484088521995
0.51438152596025	0.530097572260217	0.583816567188304	0.584224428933453	0.592674778970577	0.590257170496994	0.751884979329487
0.545071201073501	0.564396036923406	0.591708975323047	0.605772193769983	0.577905424500305	0.582419775645152	0.773754735190162
0.521823867977455	0.525794931658634	0.575913205630634	0.575227376365768	0.564541284514166	0.568133390696755	0.741649153482445
0.553089486721091	0.547326306443837	0.590695815217027	0.60969684094235	0.57809750706126	0.579259881807803	0.776574479255232
0.640893126079598	0.590662702396484	0.589155249223124	0.605252484620323	0.604584349460683	0.594134272449918	0.75330145432306
0.495407100534086	0.499732336034414	0.542719580794949	0.543936279592203	0.519114226383785	0.541952626036275	0.667679204948964
0.661960407465525	0.682247841880164	0.652247770976376	0.688711244221612	0.677584614314833	0.704764811482331	0.953773135729554
0.594552049121644	0.626995523220954	0.599311930940874	0.637086583928348	0.628336334474056	0.638009996109066	0.829717777662843
0.782352443789695	0.788094867482844	0.660407180077252	0.755957781857302	0.712621086730603	0.711770233995429	0.930296690576231
0.696030288128188	0.691185978794225	0.618320163213865	0.677017572297682	0.651440199075735	0.635876159282194	0.821957470232516
0.515839664139019	0.527297088754542	0.560693217823709	0.555727487790501	0.549652548201923	0.558891834394309	0.704793035310649
0.579618049455152	0.578788120961802	0.613106492289382	0.628154105041242	0.634652617245356	0.620579205137106	0.841879372369619
0.530114417186042	0.531965028714505	0.547765732039783	0.574143421249748	0.573036282855383	0.554266563542946	0.681510425906916
0.621090972720544	0.630251969936118	0.582709723586589	0.6115025734415	0.614771717676685	0.602767507281175	0.742589405997583
0.789455748784927	0.789807633965598	0.648068243567485	0.746223577434972	0.725001567493236	0.706283166286124	0.932662384521658
0.605944550634413	0.583377915622809	0.602963607305925	0.624651349154819	0.6260546371302	0.624058649126359	0.852501263278896
0.679256533428477	0.67220381916629	0.664212261531607	0.705177994333523	0.68665536564512	0.692923041962135	0.961944506591349
0.674850024861683	0.703989071886483	0.630422583573238	0.707530451459194	0.683038789169876	0.689144194132521	0.92645539970198
0.527164458197833	0.53349972083072	0.576083698366879	0.580145681567042	0.578805290972164	0.568891705944066	0.752440400679774
0.575276066219443	0.569326365878853	0.601628637170631	0.628663938354094	0.610565360065396	0.609843627464813	0.820510951379749
0.541700927645521	0.525460524252301	0.572066145481327	0.581014850582662	0.58076619064372	0.586576135661096	0.760049903041901
0.642011837775062	0.661922465329524	0.623507371607399	0.67023194773672	0.636809411533802	0.629691017650863	0.868985423119866
0.572264682910065	0.559676493287953	0.609287639722528	0.634095272268541	0.602217499595031	0.610452074462235	0.814583366851724
0.566938208920837	0.579489028311121	0.579321783557728	0.625835560980186	0.605549973448812	0.606914984950811	0.78739345021822
0.543801222207763	0.575052443973001	0.58767672719136	0.616940979514201	0.588329967151089	0.572883794186833	0.768696075013192
0.562786013895668	0.566002166424131	0.614264494469258	0.614410977718578	0.602716484204991	0.622436873205654	0.806788582725235
0.544915912430585	0.548155091282861	0.598293109589253	0.607453480983769	0.604127935257171	0.593611513144681	0.781744099520399
0.841615267172965	0.854481075991518	0.611142510705487	0.729411170308105	0.710374558664932	0.708140807440678	0.779557998660162
0.576118524769004	0.583597248384885	0.641922531439319	0.655297446604394	0.642910203900059	0.639440206020811	0.884246343626987
0.597058810122388	0.611074174893029	0.630742079102844	0.688659965293651	0.654359256714451	0.653939910282015	0.930822514629582
0.560603594829274	0.553046580416771	0.600218499913476	0.621205339482512	0.60462441004903	0.616005855312186	0.820854886875821
0.599181438207088	0.594567002883381	0.574219494911412	0.617901726353691	0.589019657941156	0.598440011957864	0.757858999977727
0.783640773701827	0.782882555844327	0.606796851036056	0.713734087603661	0.706269587630909	0.683892322766974	0.831277866384222
0.564494146722371	0.546275768772632	0.603210763202246	0.634508011430295	0.628744348943007	0.610558523564992	0.806337889805414
0.540387178121243	0.564969200300305	0.577287221960004	0.594968686296672	0.578250815648004	0.588066005724071	0.736552699964757
0.553258419342374	0.564023421416587	0.604081899288953	0.615629791927836	0.602082179428867	0.59930979442662	0.80144975192463
0.578448502620563	0.593186979005416	0.606268617584378	0.630368055208607	0.614251194156387	0.614686920076733	0.813927981080623
0.553473595582009	0.542906412568084	0.570992880342325	0.591553993047226	0.573630026590115	0.584673393495521	0.744799930809696
0.623183064521446	0.617134377248351	0.649420278677933	0.673870768016452	0.651108374984786	0.669655628972623	0.924159224065557
0.569901917672908	0.567594504294174	0.608767202671312	0.633024871889482	0.637285401484551	0.636974107717222	0.846036570873272
0.601789334135629	0.610127057168255	0.615827458331458	0.65478408329472	0.627486717782612	0.626528337856504	0.877260577392972
0.587679199681969	0.595738088258088	0.605142422176933	0.642190568903556	0.615605147666487	0.622287370716779	0.82517964122494
0.489620113221147	0.502896464495777	0.502444186453902	0.52255488730098	0.516328197737492	0.518270686604274	0.599677071540855
0.82374217121763	0.819390070502821	0.632681463839006	0.747077108327311	0.715742582673877	0.721096405229366	0.905949332908851
0.532791763091058	0.530354894936261	0.571988549288287	0.572486892794256	0.562898231275045	0.567652729689061	0.727208343780527
0.543862919434187	0.545153388639132	0.594673949738579	0.596180944880421	0.590700160925048	0.592821524648845	0.762658442384485
0.53090652552047	0.54323359561575	0.577725429587741	0.597950089363548	0.565202667396592	0.567579264806761	0.737458070911309
0.56710803382663	0.572067424792422	0.585182578773064	0.609927980390688	0.609050257156941	0.614250458337481	0.786263865455623
0.555749766318074	0.56721378115055	0.606851229622221	0.5944802691056	0.592245464002358	0.595232623939823	0.78446368474872
0.656998210853871	0.634140888461713	0.615668536969928	0.676204505417593	0.637693901408582	0.63055844246765	0.834052394548339
0.587486307508454	0.579358868323233	0.62107349489685	0.656194598006215	0.626341584598863	0.655136642484249	0.889586584010828
0.679777016277234	0.650695703848689	0.616698915375306	0.683705180407093	0.642888749452693	0.633392135839312	0.843414441707806
0.676493202238039	0.66246304953904	0.593399948584569	0.660409172978422	0.633837921305615	0.639223314977489	0.793126908066629
0.614423233102564	0.618552403138463	0.649398976727088	0.679532493802274	0.66520240479056	0.647843971902677	0.922994798886653
0.593598797126133	0.596786900138336	0.595895990420038	0.63192794086621	0.628315480120446	0.606157823837795	0.809578162336324
0.558776406100377	0.55655354007455	0.585151166900917	0.611983966756405	0.590992180412874	0.588070797295437	0.756030046128705
0.665803185581474	0.660000827169623	0.660526151775764	0.701037042797825	0.687539486622859	0.672762433927862	0.954732168222048
0.577015941941316	0.585101755858391	0.60764195372211	0.656076037448348	0.618335924638112	0.628889363821586	0.808102828292142
0.583239717862842	0.5814971980854	0.61877094715244	0.626975386938052	0.638801059933612	0.613389980467216	0.818902962370585
0.541705105089346	0.538266075386686	0.587425554554384	0.586288846769977	0.590676328944674	0.584900375495713	0.768519866350484
0.715204547636834	0.751605955780874	0.631291120535173	0.727011245651961	0.678860651416105	0.666815688594851	0.865926847595682
0.553785924091455	0.543766935865705	0.568965273157904	0.586433255815783	0.574668099578251	0.576860527412365	0.734526175309541
0.557176760274363	0.566587263766557	0.57937667131077	0.592038692400736	0.590057567569051	0.593582508497432	0.749346435008332
0.547854313867967	0.53548303040707	0.585465168787897	0.616152273493645	0.604514976807936	0.597554308404473	0.80201920162295
0.578393626422134	0.57222594080363	0.640129499999593	0.649890429601973	0.652799558539395	0.633613608754321	0.896715918675001
0.68685969949655	0.69837223296728	0.661937195194478	0.698939157236285	0.691246293934931	0.702080760693634	0.963762812218593
0.51677539351365	0.515362541351405	0.565753646805058	0.578977558899442	0.569981343680624	0.552731567618394	0.716570606834299
0.594885354841777	0.609941822708972	0.638385665861056	0.647790598573469	0.643612433272038	0.634666540875164	0.884339404411769
0.595608920537741	0.612957104244634	0.647158164015132	0.688737503895228	0.651670884871441	0.659396340691359	0.942289312602596
0.797680404668407	0.764447240730578	0.624221598349789	0.711014033085018	0.695306590293544	0.70643346977441	0.837708673489802
0.638059441136338	0.638233499899463	0.575371702785293	0.628491136149059	0.623990310824573	0.609224931921226	0.748099268609318
0.612612612102243	0.608729626112284	0.63534126204615	0.679078925675723	0.650312608505323	0.663423143373479	0.917926397227247
0.591122025644571	0.602356717607546	0.626961292894393	0.641446812645705	0.63490251501185	0.627671530120429	0.865290705463845
0.779752031917245	0.774220000033282	0.58169157560787	0.702323494956383	0.65328520764469	0.670142053189252	0.772441498808252
0.52360896878766	0.539945657839756	0.586398007453437	0.599399404922557	0.577739626278665	0.589828878983728	0.755571461900857
0.631847668971385	0.675792593296693	0.607177969259342	0.678617610497529	0.653727726510243	0.648014073601985	0.855342365058235
0.804195288442942	0.803292190081323	0.650851394137673	0.756065443093692	0.706525193966243	0.69487546440033	0.945530552216163
0.598173643835558	0.571425221971682	0.595970006090589	0.64351823570373	0.631757928152796	0.632772339919943	0.864631767088096
0.588411597564913	0.589823422708502	0.625736725275775	0.637877492712051	0.619710863642017	0.612389276050635	0.860054247038887
0.647180516809635	0.643553730782669	0.611894416424705	0.656714584843005	0.639071334459523	0.624218749742584	0.824650301166092
0.555283026254417	0.549282990929743	0.578079355173245	0.600387461039351	0.602207300543487	0.602352716456451	0.782069329050269
0.984535807993006	0.995287852978491	0.62762719074782	0.848192717614799	0.826125876916504	0.844139150523667	0.829628411088566
0.611773608612007	0.58963687033056	0.606162569315495	0.640053907732756	0.630052481743736	0.638697330433665	0.823432661383639
0.490459722836293	0.486273126983681	0.542424171193484	0.54161327305872	0.535436268196062	0.531237134952955	0.662244133880562
0.680198472685884	0.658494429576353	0.650178789654988	0.713835621291418	0.689013902558105	0.699400640960605	0.971181517009793
0.560793546822717	0.58058184843727	0.589289709795549	0.604324141123635	0.601248348647086	0.600151046532181	0.785284355949821
0.574937743923973	0.57042771259723	0.600673057702582	0.642784604184072	0.605612340895847	0.621550821972832	0.815973279769786
0.52783994360007	0.525360095155079	0.552819458209998	0.571538689483347	0.560716529997796	0.563693466712723	0.722665485543401
0.535365153763857	0.544996539418682	0.56462700833673	0.600542400105052	0.571808771562193	0.594816365335038	0.743574711360453
0.530693340184851	0.534184682119459	0.566602633578075	0.57954849363073	0.576747113971355	0.573347629407189	0.739369242340538
0.568253244788216	0.571617140205512	0.612966089938419	0.640785684422803	0.626088692867536	0.62725651594449	0.844292777930634
0.597253709399304	0.606004095808983	0.630247238349056	0.646568430716405	0.636069061112669	0.636890860378031	0.891077800162964
0.558226677211084	0.551355302688629	0.62109460998274	0.613007146108876	0.60686510087715	0.605246917433772	0.80761917593075
0.811623940972331	0.795845182675598	0.633798854579267	0.739639048882732	0.711664931185976	0.702968105257524	0.847263008488347
0.574369834152135	0.59315475100704	0.621834184802455	0.623561971639572	0.628972861367404	0.620631894385781	0.82190171210388
0.559990662690146	0.554318657507609	0.580543023252567	0.597110544032199	0.586909850111645	0.593541340532054	0.762303497077816
0.623080976321026	0.644201094292189	0.598825397744432	0.651223113468916	0.64457641485245	0.64780847004102	0.854718071719344
0.6223971157957	0.632575365246759	0.646198171742793	0.66598048021904	0.646810999437152	0.650479617939672	0.904928616097504
0.669342742434403	0.67646274535497	0.599462185829035	0.654421215365764	0.625764720368199	0.640957559625308	0.792412267426861
0.779649105487413	0.746373350202596	0.62547907247883	0.699814843512994	0.690143502602138	0.682253363580322	0.820486154704058
0.669754795468597	0.673139871751074	0.673258365214537	0.714977435051965	0.697360815424319	0.707396834231484	1.02093204114604
0.543327808329213	0.547092996384096	0.601842411632731	0.593639196390514	0.589006095818006	0.597641663609198	0.782674890347574
0.545571506755625	0.566498998353553	0.577805583085812	0.585842839636732	0.588348035248851	0.601834689034309	0.755963124759552
0.56857221725181	0.572636855410094	0.617525760342833	0.660730233048551	0.638638068493036	0.618082084145727	0.835752585971228
0.554715945704047	0.56117918239481	0.564873304874604	0.608428393366885	0.588262072254872	0.591298141217909	0.743190357145089
0.755209179926711	0.762120951402343	0.638405171401832	0.720968039289568	0.679951953527556	0.694057868357072	0.876335075644842
0.589695118016138	0.586820638200918	0.599653920993193	0.614964359611917	0.619002105497416	0.614664314940495	0.80467627503629
0.578112169319546	0.570524618548409	0.59146159470197	0.647694716571791	0.619033551630059	0.625922752150191	0.835599638589064
0.93524884196068	0.927545116341952	0.643413600742479	0.829323824911508	0.781809332668884	0.794249242339945	0.897771392267868
0.802077932431706	0.799174813835632	0.585806453260588	0.703858509350702	0.661855750004085	0.674446364658516	0.750694060770588
0.58342404682757	0.572619480768049	0.615798546727471	0.622539055988362	0.618993168219538	0.610488484670006	0.847266459917093
0.775807015180272	0.784609377339953	0.635259743244319	0.73788536118665	0.714352059597638	0.698958347011416	0.86399964263431
0.629370226073829	0.620701965576714	0.628044270558615	0.66879776341278	0.670037707626542	0.660303110080248	0.895738174299263
0.62009183586364	0.612116577840161	0.527589367393227	0.591079293430388	0.558322241338743	0.568667713103885	0.640855355111356
0.534263905911366	0.530963902533394	0.581837411709692	0.580447814306317	0.585653502562705	0.573107392493311	0.753489785991251
0.588242770318845	0.611393686534369	0.623977782076704	0.639548026061771	0.623804826704451	0.643093181588393	0.837240713454316
0.575852637014613	0.585928744596355	0.574202512779239	0.622128881835882	0.611002647002194	0.593910063243619	0.768386631024876
0.652114398645383	0.653440530104089	0.58991079898966	0.640125261206926	0.617569849707081	0.625108788880257	0.769955149647556
0.579263441453521	0.585293612680164	0.587406404854548	0.611207827272806	0.61454110182439	0.60423985381463	0.789725139780519
0.689735781807125	0.69272229788259	0.611168483960856	0.668306765508953	0.660160198982234	0.652180903989803	0.841968429010305
0.62901653322979	0.636828675939426	0.545888764180603	0.612581799476199	0.593727361719241	0.579492883830783	0.696751617636218
0.663731548148782	0.708184905435662	0.660846004794037	0.706136332763317	0.698414535199877	0.686920649466818	0.983763835459614
0.548517048072407	0.543603852046573	0.586290093469734	0.588956021708718	0.593432266950806	0.600790228413083	0.770641425240668
0.615228707043373	0.586194285896049	0.613704974351778	0.647366872081716	0.633179874840596	0.619337727809312	0.82451800865887
0.706949501487563	0.725744929160891	0.640852877071082	0.690906087350183	0.680293589345013	0.674476354383456	0.918652568045902
0.649320006648911	0.654442618540452	0.569378933040489	0.640927732671574	0.625404632245471	0.62198538760946	0.74692049435882
0.50587560068192	0.51321285999313	0.523972617605326	0.546992916972452	0.534543621721728	0.527110579399559	0.64437019249511
0.542118495180022	0.564640967271406	0.599340538679524	0.614728062748604	0.602902977075874	0.59728216382631	0.798051714731713
0.596837235851873	0.590099406683192	0.603631597101745	0.644927447695065	0.624359587591019	0.632749138536348	0.861903275772051
0.691088707448483	0.710603734685097	0.606723771432507	0.664671981617147	0.659052433835069	0.652329047749969	0.792459498353757
1.01481430013558	1.02860846304309	0.679228319245792	0.892739628713305	0.829935774670538	0.851032469675403	0.973862653996369
0.626038324986072	0.581728281626224	0.610408935627146	0.662718775538309	0.656508293377864	0.6378394357338	0.865705534462479
0.64267525699883	0.64809169259237	0.60655797966751	0.661111321039629	0.634977741052832	0.652708440159076	0.836820500948476
0.536564600007596	0.537396960526225	0.572281122853407	0.590085182336576	0.555834629440934	0.584837731311552	0.732678706124466
0.563469764918361	0.548219271853574	0.609517525483518	0.612629808212174	0.611220543335979	0.613661183349613	0.811188185802967
0.622662023095649	0.629205560671351	0.622160486458478	0.673783615821923	0.645470643613032	0.649880200508248	0.841999987372188
0.651735124115892	0.662038509655767	0.653156791905645	0.72318485826626	0.678349063376211	0.666694352280942	0.975153125993102
0.806817011136262	0.781995767815095	0.649320661932122	0.743044456063241	0.704018281260097	0.711533203930983	0.916769118128755
0.527064991499364	0.530834773405359	0.555118396706056	0.584639252332136	0.563392666971576	0.573835933096506	0.725342970275504
0.580372823628892	0.579228884318647	0.61420622077282	0.626700480983811	0.630542209633345	0.633166991408795	0.841456855747289
0.587381535807558	0.59399656235063	0.619967343631872	0.662495938860583	0.656086747192208	0.649209044826828	0.901473387967665
0.565824278523326	0.573442708173992	0.591488759567018	0.614246296766988	0.608955359313238	0.61597326501611	0.802656528782903
0.566730202180937	0.583118487409712	0.600957790512281	0.642622369621152	0.620618686564064	0.616739668000981	0.854630097100332
0.580636104741657	0.582856774493471	0.598853276841833	0.623826212748909	0.626682597630729	0.602306920979421	0.844851433127462
0.518653385916829	0.520533760571149	0.562645825135641	0.588343585454652	0.577799551880521	0.559864876789365	0.741311774173391
0.558977471253981	0.559485236150634	0.609439865763967	0.638179824754292	0.623065634466111	0.605408102986231	0.818992424965353
0.548316822644008	0.537447103027397	0.581061526402657	0.592282971962667	0.587866844577645	0.587610751570485	0.756092587670243
0.703843232743024	0.714642885243056	0.640473562796523	0.699382890469042	0.673613334883455	0.680684795244524	0.904376804569918
0.628161216819837	0.623946291718407	0.529626529671096	0.601755508460639	0.585830941235986	0.5743085807716	0.650484963715469
0.579534942700181	0.567075948261394	0.611423682011505	0.639694085564978	0.627542767757091	0.624573677448602	0.82522375176725
0.774511227417501	0.766676199727461	0.642175887225999	0.742418254496441	0.715819607231525	0.698179960193557	0.901405132346716
0.590333109438649	0.605258871569358	0.642988269284262	0.664716213198711	0.645411784793564	0.651377241069574	0.899674805621888
0.695407004986034	0.687862107135721	0.61201485768405	0.686545519683956	0.658942729743998	0.651423588763506	0.828658953468112
0.537317524694206	0.552677135975224	0.549158072044841	0.570467299405888	0.564039222206266	0.567869407064235	0.699958552477562
0.568473876633085	0.578847732666615	0.63614894839413	0.667796494201294	0.648488918522807	0.642797914909819	0.884142554573049
0.540483260287358	0.548583405955503	0.583241889103423	0.607411892724744	0.588214159556553	0.593111417148435	0.771082116459031
0.754320786806861	0.728486744909289	0.602941144051915	0.666703656618383	0.678827169948725	0.662669541768122	0.784535836989286
0.51732473019913	0.509207268122859	0.541839471219423	0.546827155697194	0.553207031307282	0.550676803210893	0.681918637465703
0.546671271498746	0.547403598885039	0.583100966609276	0.594963449962102	0.573741170805515	0.577894130319505	0.766055954881329
0.567600458099015	0.581604783096679	0.55955025687223	0.611344198215999	0.575244744880372	0.585149014421791	0.716588443178251
0.553522607123556	0.559436788697094	0.595028532895085	0.626484779390092	0.607215547046437	0.598964129794529	0.788612861308029
0.563274627877243	0.583257867115928	0.587674836041378	0.626383569312348	0.616763563235013	0.618199805226709	0.815819329748485
0.558801503878864	0.544620265371137	0.594271463418877	0.607765083326958	0.606195137203523	0.606617081333622	0.791787483854668
0.569350836318875	0.586509949272388	0.619966407958989	0.654873213305065	0.628473498569754	0.6244382827979	0.868178669943984
0.640973892137188	0.636658101974274	0.653660387797472	0.689263015896938	0.680125158856189	0.644853743414458	0.951717811113657
0.8708357297653	0.860364375820252	0.615210436679221	0.74817529004788	0.741056828490273	0.711404327259641	0.81280758283432
0.561781075640859	0.564854598036923	0.603366786153863	0.617246004872035	0.612722550863733	0.613370953594734	0.815688714598564
0.604436934207142	0.608946298189976	0.635618961492937	0.649747302265088	0.658447521657564	0.651628280988245	0.88648119501515
0.75113052863645	0.738359404514825	0.60423546809836	0.712681022412302	0.669030448674216	0.675295068730881	0.78433921751898
0.54675029502257	0.563275146036505	0.601032908618794	0.593656041783773	0.594837945680785	0.590301755119031	0.790578320416166
0.688281791166209	0.72400382563333	0.623845787424315	0.688702077131128	0.657584752149089	0.675458191868527	0.857609497075083
0.604437230901391	0.62559809087727	0.634139088590633	0.665070352621866	0.624087556927558	0.651408977338306	0.867186041972779
0.500698148991434	0.488990835099097	0.526909168334994	0.542093705778131	0.54034764625908	0.539811399584497	0.661213566546889
0.602475766674482	0.587707789245332	0.649808731022211	0.67962826155906	0.661661536405616	0.668816339253984	0.925997797752951
0.69890285976532	0.66826458285692	0.598256431902734	0.673077304463123	0.664138582097527	0.653150456155572	0.832241292431473
0.730332083869976	0.755377057238965	0.664349595783631	0.742143604218885	0.706965732859239	0.727256749747871	0.981396876215274
0.62651074688984	0.624652065594745	0.603197242458389	0.647724122647049	0.635087628391599	0.62593870865658	0.799917671578622
0.537012504836768	0.520424050279244	0.552249670562359	0.56529356515955	0.544169916529677	0.554448143287259	0.68714628680442
0.568790313000843	0.575759017225212	0.615513351460013	0.62982198387869	0.624551228252746	0.598573751674341	0.831410387858316
0.659048162873535	0.644135842640648	0.599305002602092	0.651717356283855	0.615031708900738	0.627262113587293	0.784502198281597
0.588775553975998	0.59536323486259	0.628402385383421	0.665207346192562	0.63035615195653	0.652237161824372	0.903445678090806
0.588807977697766	0.60188419014998	0.619513155563028	0.639428281185504	0.64078949339505	0.612351847670577	0.843910005381697
0.610143138928157	0.631508400352647	0.638206176155947	0.651740923697151	0.662619918740706	0.657397813153919	0.882907612531922
0.709261440746417	0.711577226777931	0.624265356756952	0.686345338867701	0.650600395754068	0.662853746349574	0.842099319272813
0.710465934448952	0.696318214899639	0.656881619290329	0.724935968694509	0.69227887675325	0.707022124032246	0.980345331465931
0.583427246744079	0.577174767614071	0.578684280086021	0.613836660917619	0.575857516885028	0.606374634782742	0.761515986170264
0.81669975238011	0.806165242615141	0.605552432316269	0.713471597968763	0.698673096127411	0.706444884597376	0.822317408943602
0.532503027127329	0.54018575480277	0.594293946561018	0.600238824353103	0.605076789864931	0.604341960360255	0.783785105839859
0.568753682156769	0.564038351963004	0.599781081193874	0.62846056687604	0.615813550615611	0.627615057413549	0.826985390242034
0.601428091507239	0.589626105189088	0.617607871601808	0.638207967045634	0.632004708771561	0.64240654738108	0.851507965212038
0.527764801900065	0.520041370704419	0.566966804783058	0.579121375406331	0.562064066558543	0.578365320095842	0.729783403507997
0.525089703875434	0.533127267724951	0.573401512405695	0.58794655096151	0.579881802016261	0.573700258407011	0.739436579472994
0.618749518461563	0.592294757765458	0.629127897963788	0.659128590052561	0.648216062592382	0.66157717123436	0.867143309675709
0.636851722969645	0.660040815916409	0.634064723053608	0.643221383908113	0.652813304478666	0.651988220243725	0.856487579927299
0.665788826426418	0.644952332207045	0.636329964683078	0.686338798577571	0.66865379012107	0.671910449397687	0.913803195853537
0.577751763741936	0.569272151588089	0.611419800692975	0.657492034559877	0.619992717295453	0.638451574846039	0.827139229640131
0.607172001544477	0.645416620115838	0.636888983732681	0.680659375969066	0.652053772468667	0.647295848307227	0.895744909318244
0.671509222638419	0.687608375874611	0.580343286181366	0.637176915058513	0.611928063785611	0.614787065969393	0.708337708250347
0.625098171188424	0.624215360655889	0.611026453277204	0.658572004682537	0.638620971896531	0.642099902976849	0.83848635471092
0.853665439758653	0.877422917100695	0.637096840999386	0.763608700638145	0.745021882087006	0.74988496192132	0.867113873170298
0.663445265703102	0.703006876447521	0.656083869677222	0.726026606413166	0.684862711547629	0.683059396351993	0.970371771338629
0.665934320602353	0.673770470756229	0.585104334929913	0.640987232521506	0.639926834159702	0.631960895984562	0.766763347002726
0.506714014243256	0.513930666652924	0.552231247333142	0.564861795046073	0.558927085252387	0.539440541922661	0.68583188856226
0.585929307535921	0.589976254135589	0.590395828373137	0.616153263078209	0.597326945519639	0.587096015971082	0.771612571787288
0.573434992985911	0.574840430792386	0.619194897716027	0.638823239878832	0.619892120853769	0.628452384279957	0.845658154974121
0.609219621625043	0.589251832868113	0.637053495940814	0.674645875811178	0.639056159382856	0.653377701192243	0.900587309588125
0.536729212919379	0.537936678521318	0.565140333457929	0.599383964145634	0.567162164884546	0.578828452236782	0.73633177547644
0.59598868349067	0.600609514891019	0.599816403753906	0.646709531926788	0.640152938181145	0.641698222540858	0.836162753805711
0.700251169145259	0.717580396382522	0.618365355465973	0.668795244070092	0.653032183817702	0.647563100281956	0.805062935258219
0.709762287436534	0.720656595620195	0.587138130380408	0.676022339388132	0.660248655886462	0.65113532094708	0.799824012609912
0.578974475876565	0.566231900789269	0.623622099756487	0.66536421698087	0.641047268580611	0.627907584389602	0.869979082225248
0.751128322409989	0.727807878430914	0.643317077538116	0.731287560888635	0.69855378396745	0.680845102965854	0.955593451379649
0.595097562064875	0.608602719001715	0.611274258597134	0.651722590346161	0.635370573061072	0.629921786384299	0.864691330412195
0.53633839212199	0.521486410479095	0.561942258918296	0.577119851584843	0.558315625268916	0.564006008051896	0.710475115482131
0.539432684549556	0.516853194411874	0.562975520662657	0.589969407164509	0.571670080458195	0.553493191260105	0.705830911245174
0.776209252003733	0.803923916882593	0.629446222098494	0.7428281977175	0.688905191167572	0.718180451690229	0.873884720931525
0.678124521954524	0.676177318304701	0.600402000241257	0.664279015210745	0.643266207122551	0.649622946790344	0.792850302441328
0.538731268798414	0.537681576872486	0.570361197094689	0.56790621643949	0.566446669826997	0.566435866002511	0.738203960443408
0.624077342445749	0.646853223063934	0.607007531932745	0.653200261909161	0.633433972161106	0.639311079563883	0.801826459359051
0.58086990080155	0.577987427519371	0.585254628019951	0.621909175232444	0.616906541018727	0.616130412417128	0.807653560168271
0.581335908677161	0.584007516384691	0.54806470992095	0.60796214137315	0.591346334227351	0.589593162614222	0.719127060434028
0.561854446312815	0.554846602762163	0.599978174895801	0.610174304655951	0.578664294717258	0.602962479056013	0.777072879112211
0.526222141229979	0.527426055398561	0.511322621988875	0.542570743059877	0.526480381522445	0.529671373698587	0.617811709471736
0.607528068259261	0.635878109975164	0.624479246483607	0.679107283609632	0.654206866483368	0.655259916656094	0.860471230072631
0.549143317187171	0.557117158378265	0.574906720222413	0.598999454420621	0.584093071629815	0.566408770561437	0.753495534298598
0.608469532617187	0.635795225334939	0.630626902955651	0.667655707854885	0.667383605434214	0.656780346330014	0.929963971720927
0.541742236433879	0.543248319442132	0.57352817017084	0.572597826613229	0.5749598874754	0.575971789479641	0.71927309171372
0.548345078356196	0.549183018921675	0.578899427207195	0.60631191818804	0.593885306132551	0.600256199050997	0.771733043861133
0.570716465534905	0.569893124591124	0.594225362835196	0.630020270107382	0.608752583803626	0.611174776836976	0.827960722328911
0.526503943501477	0.535166216631892	0.573755143327616	0.594378512802575	0.582804826781877	0.600452164907062	0.756421362482637
0.586016525927325	0.567391803740225	0.601947162128018	0.61406309214295	0.615959953838087	0.615720640964144	0.823255719342646
0.545357222250737	0.560262063823432	0.575869466875729	0.585584709333958	0.577658737401409	0.574596170293258	0.732018082342962
0.586908273099786	0.592110335485791	0.600851420161576	0.632339799147683	0.614344866391667	0.618001075107897	0.813806432903392
0.557019240906406	0.547965137382828	0.556815799976168	0.584114501479918	0.585876960235015	0.586832595593533	0.727586293442595
0.819865009031157	0.842365958308187	0.646499394282596	0.773620184275359	0.726374905486286	0.733079069965924	0.925661813329852
0.536642116277654	0.5160902232316	0.541785984334642	0.582043630540103	0.54815331900969	0.552431737157631	0.701434465730483
0.531501284072632	0.519806642414841	0.577133128905718	0.575591203696856	0.577094257152	0.56453950470115	0.712241486495017
0.58529416211707	0.575404082064626	0.589269079620129	0.633157205274138	0.620361347617705	0.617739102502107	0.798786286709602
0.493036665072442	0.503986971439371	0.527413699574102	0.532072348474763	0.539919184069765	0.535514182701309	0.668715847325163
0.781413542839432	0.773236120289641	0.637527801150967	0.748598971436846	0.706399929644263	0.720531596573226	0.901243832225621
0.524496373741938	0.519100038540043	0.571503554499701	0.579728889317206	0.55992966159246	0.582186535053864	0.742177886459511
0.564251713795697	0.56971126028183	0.606953184258578	0.607987119598316	0.592253268775169	0.598608604906129	0.791050634462427
0.794353718390984	0.780561113395279	0.632149137230877	0.738114869791912	0.701482863348417	0.711136579639282	0.900420298640109
0.533385310002416	0.518516549951609	0.550916708497546	0.577855909447065	0.564354905258401	0.573476994623444	0.719733159331716
0.728407407715023	0.719588260194669	0.610280462878319	0.676023851083839	0.661446313839101	0.651754463127101	0.803274880894428
0.548253543885257	0.540819084097612	0.572925804404383	0.606980375518833	0.60058442065504	0.588941116690295	0.779092089065568
0.594447452528023	0.603532048709018	0.636071966614045	0.675182869816478	0.634744568647942	0.672897240563604	0.910003134421256
0.522319169534496	0.516863497179013	0.560510312515154	0.584307030637585	0.575078980750221	0.576847700694725	0.723651411856744
0.677089534765812	0.674294338614586	0.539454826660817	0.634308938973248	0.586564683766954	0.607594081399534	0.668590500625567
0.99175598373268	0.989829925437677	0.632987008702061	0.886568506347469	0.868140225879389	0.867656641716653	0.822314211692715
0.604532235330585	0.588964182082953	0.577572815087374	0.630846266954608	0.597586015058838	0.59851150825923	0.760087578570745
0.757128165062896	0.725146401887932	0.658918943228425	0.751377750170473	0.710565214725364	0.708481250328679	0.990876394644231
0.644172907389483	0.625723812883263	0.61719609675203	0.65447434375884	0.642633306770118	0.622834679524193	0.823735511953708
0.556391512701723	0.557206261867249	0.594263888164082	0.608597101730091	0.608656675963643	0.614940459667839	0.772545799781405
0.525266940699438	0.535156153079935	0.590888656227139	0.621050789226238	0.58328663508383	0.59066603860085	0.781041837023046
0.540899658406859	0.536185767822294	0.588354499610531	0.595282499438274	0.581235870058774	0.578575811780767	0.759342509509652
0.593001581189328	0.592527631247295	0.577111438959597	0.597497745131912	0.594681205560895	0.608254979657778	0.758152414969006
0.668643798934619	0.665369398966011	0.545241433480704	0.614476878180348	0.60851722073505	0.60333531371756	0.707196445650119
0.65101044788301	0.628554063670523	0.646904255850142	0.684432158372063	0.653642254995541	0.66330655870905	0.916924425384925
0.50890643993158	0.509930437942196	0.559298753826804	0.550481720301461	0.549540226789476	0.555301385438569	0.696426172540262
0.551958938876272	0.575029964516146	0.596276848956844	0.638208310331539	0.602674850694857	0.614336429507299	0.78995663948468
0.615462398228003	0.609616421630336	0.620922229827856	0.660052921336002	0.655938342793778	0.641716102929144	0.892266033378561
0.746756883425648	0.76434024919376	0.642626392167248	0.705833563908591	0.688999377203733	0.676850107511435	0.891056704495308
0.648892617235589	0.64173543168706	0.615150984008893	0.670286617928192	0.643426210672797	0.641060620460497	0.838148170890297
0.620646811049525	0.634296961944374	0.649002496544802	0.68029956359392	0.668290845053926	0.687439879360952	0.973116813672374
0.927021380382322	0.911888910177137	0.647814311845298	0.802799260059008	0.75959393376251	0.756396526136458	0.92047464525386
0.564091929509998	0.575802756236098	0.593272591506219	0.619349704898325	0.614555976100435	0.603555709829584	0.796281557010285
0.602305543496832	0.618242568020002	0.619745684359305	0.637611335715222	0.631462248077463	0.630992718242082	0.840605723794263
0.586212063227865	0.580279685070701	0.622267437959259	0.638893863373404	0.621154533737031	0.62075412262182	0.84663025568366
0.558531830067798	0.565119626630554	0.594865411030176	0.621476131396284	0.60169223543666	0.604359384356477	0.797330022104
0.605169503807208	0.588877233644208	0.640255279253787	0.657348804346485	0.633398804578459	0.625652470252791	0.865797537385463
0.625472440114389	0.586208377681493	0.630893545399139	0.65434413689591	0.632941969051688	0.646164420303337	0.89127095958265
0.646620542004875	0.634945196566284	0.604487171964942	0.658468611852439	0.632066957848232	0.64652157838431	0.833112353319995
0.556248675821812	0.553510531088624	0.596205705924955	0.61528103240965	0.602775844514772	0.598195153500594	0.807241923791775
0.588842601330567	0.588130274282738	0.62416421004808	0.651950497651814	0.618579887157875	0.658310855436482	0.87931839363382
0.744535061633895	0.746757579928711	0.645278534869784	0.695041975071568	0.701248434005165	0.67125654659032	0.905933181007879
0.514158484388524	0.511318880053447	0.549828610404982	0.555535512126637	0.538393086005134	0.540359820318203	0.679018760264866
0.544734607607763	0.54910889678122	0.585584145233279	0.609597757098551	0.603401859527944	0.608547312967659	0.802289487138252
0.728596790154989	0.737505937811501	0.616096589197118	0.706650032552703	0.688103609312842	0.689220013846331	0.845419231950744
0.686096959162163	0.680488550985405	0.637648544468122	0.694760255027824	0.684985663219637	0.689375115674122	0.892500020939701
0.562934440510747	0.589872789935835	0.587843736772144	0.626264279623902	0.608009233967573	0.616157208176634	0.785820985816392
0.623894739705043	0.621417969611776	0.639185331715807	0.666085525821075	0.636817147116943	0.652450551941634	0.878644572414914
0.699238820718881	0.722518856128666	0.647970702051524	0.700154293559261	0.69094333554241	0.686218318422674	0.932049792515094
0.605095799004943	0.623803420809918	0.622261353550946	0.669319726585735	0.628490711055867	0.640343592631898	0.844660912037361
0.568912348137929	0.577991898448946	0.622267002462028	0.635437478417069	0.623199938760304	0.62272222934395	0.845763832962393
0.632559770509746	0.615549661651279	0.598070188301745	0.626590959435529	0.619270664083347	0.629708405641174	0.811461747389949
0.525288970319008	0.539452111728435	0.554315278989019	0.582711488262084	0.580766283452878	0.578634512614354	0.725357063100733
0.541755008341067	0.531742061888429	0.59582559447454	0.619905444658094	0.595211231797896	0.597597996493153	0.788873248949437
0.752516016578777	0.746023335051298	0.590028283930439	0.692134530161816	0.664948516917576	0.681179170467088	0.780079655736219
0.525038436808019	0.529968394585743	0.575037834613058	0.596534842931355	0.588044167284837	0.581170560070875	0.760886988487421
0.686514204807827	0.693247493838575	0.599835678086716	0.661676272674787	0.63156789788873	0.642538368708664	0.786905481058857
0.541340288665049	0.547969207601696	0.60029554941505	0.615659639560865	0.590189171679346	0.593508341644712	0.790932955258124
0.563004952192631	0.546483717292536	0.607889191917263	0.599147337805235	0.591641945073868	0.591821169489129	0.770506833522276
0.608027804151918	0.597332876611036	0.62217069733397	0.63128544265252	0.642092571260353	0.6350772513303	0.875445814009355
0.554460379132847	0.552438471955285	0.593192831014411	0.61265989144184	0.58607482024272	0.589764077290213	0.782580617381821
0.546744287977178	0.565937507971235	0.594694972962308	0.622349050228765	0.60609827725144	0.604037843615515	0.791073360349193
0.576147303185539	0.596482163778872	0.606737416219742	0.649324774863021	0.636263489607041	0.628724613080254	0.822042698730155
0.557129220245854	0.575735803359567	0.600578345606581	0.651105225756733	0.61769003744838	0.612787025729426	0.843006234232627
0.602811155823119	0.606484933380184	0.631025391905354	0.646586012845509	0.629908748081585	0.662710290242251	0.898018390231941
0.56101693464111	0.567085318193565	0.597525140929938	0.618745468245683	0.61001933079148	0.604473300362521	0.807021057445312
0.55424124086469	0.559700693571257	0.590043533944203	0.621202103066705	0.604541475401714	0.608906741249119	0.798438493304028
0.597684736184712	0.577042416145794	0.624070159431449	0.657706790187113	0.618366839401296	0.626987103825328	0.873514804918315
0.624297243236017	0.629720903065628	0.65898634620574	0.703234559146431	0.671754612182115	0.688754333808248	0.993958600644391
0.582432203950868	0.548659514914893	0.574560092189226	0.60854571703364	0.595548789390441	0.600804727678266	0.762552891984908
0.553972367792256	0.570401929488677	0.613621704067694	0.630678790984665	0.610801084587053	0.606747952167767	0.818389046370193
0.682854307721266	0.689643962945422	0.640436841207714	0.713603398929179	0.690006807376665	0.684568586152803	0.981332678965481
0.571879986385416	0.566083254218319	0.582739757245835	0.608714091769307	0.57877397862933	0.588440796644123	0.764637105308584
0.573297060880612	0.562912179448471	0.608121404493499	0.62741444956562	0.614609194986694	0.616580003243104	0.847442619041567
0.655047177274584	0.650470633785116	0.579588328982711	0.64455463268885	0.624286673495785	0.630963858032153	0.786941185873494
0.843152692333051	0.829709956618444	0.596836162134308	0.750353949155477	0.715249212206916	0.712523810269834	0.790654983846958
0.580735404537206	0.57330964969225	0.610505727429173	0.647170513476087	0.641278867625777	0.614708318548997	0.851695406266365
0.545409776525861	0.507491780594927	0.572271126415434	0.580982512621788	0.574817325715737	0.565783527176986	0.724562367900593
0.526088114395835	0.533151033380349	0.579909954860695	0.579973091811098	0.566536126796668	0.577755015702816	0.736335845665468
0.761051318913803	0.749491951757868	0.624057589603183	0.73540073389472	0.704916173248526	0.689717204681901	0.924474690452044
0.684016860044944	0.6690695227009	0.61421953292795	0.67868079468469	0.648913061763958	0.664844477921745	0.822464401216976
0.608507999835039	0.614619896553095	0.603316371897179	0.640912485299372	0.616209249723701	0.636947477541208	0.787592876360764
0.721661529107682	0.691114250951584	0.637189844384804	0.695898325247077	0.667965670968313	0.682517794840282	0.90929403022556
0.632544076323945	0.606046600368494	0.614328353020283	0.655097869647901	0.636772776986195	0.650099193897129	0.858610315748476
0.593278820541595	0.58053650732306	0.580571164369787	0.625133968623839	0.611699405757822	0.616381426675103	0.755978126799742
0.487635661746429	0.49406034299775	0.541784628668455	0.547666405477935	0.537558752565842	0.543547573166262	0.666836472186141
0.533347309899894	0.526928815296061	0.576338449440879	0.583214656000591	0.578531677423225	0.573692025385966	0.739483421508908
0.662720771013665	0.679454780704744	0.578231293470179	0.639299549956124	0.626080284186405	0.623876481739747	0.75041743629196
0.623366137725662	0.600830099659627	0.594788330247422	0.616977233414372	0.630368322241582	0.605341221711614	0.761332305225459
0.567996932486792	0.567123964836581	0.608981506368584	0.642201575363687	0.625977079569962	0.617199983364745	0.853960656272654
0.583099790673256	0.601295745255603	0.635531162402697	0.649124033358615	0.617165793617738	0.617812520646053	0.846568075735645
0.645078191232713	0.642211185158686	0.605928694206776	0.672714272269694	0.65068320428226	0.63829237120844	0.830913848631505
0.757766682081066	0.768230737475417	0.645270850353744	0.714835144390549	0.714957479156694	0.694285076369294	0.891387103935669
0.491504019637671	0.510187959164187	0.528352732065979	0.542759312359479	0.545151220678687	0.537726537942664	0.676252575764206
0.546002430249891	0.560579045383581	0.527475805513502	0.559419195408987	0.55583141171782	0.551892502207564	0.667006001117591
0.775730207208669	0.786476739204566	0.621077264672679	0.726774466859114	0.695454160150473	0.675822274980143	0.86531739284705
0.7648022688577	0.783536923162083	0.639358530152088	0.764185462611877	0.698976467882717	0.696908014468694	0.929616336720901
0.604087870016118	0.583521553380872	0.595487150501585	0.645453168687862	0.625920567896126	0.618880476920848	0.835264726306243
0.649570481713645	0.623984161372092	0.650408374939203	0.681405755030509	0.657921048942486	0.662904039825021	0.924276198038714
0.581193216652552	0.571856946399906	0.608849997282183	0.625215831185194	0.617856434202416	0.619032834692611	0.818209595744432
0.637040273259291	0.64396319897439	0.636663042825595	0.71306346530386	0.666771730985879	0.658424986627133	0.953177694431478
0.563213262822946	0.563394391692115	0.601417646093417	0.624425300417519	0.608404444409971	0.606868496562562	0.817264211775616
0.526508631467006	0.545243034370351	0.586893798285809	0.594240964853013	0.579409249614414	0.593957339307534	0.778524364720014
0.626659650871572	0.613730660886814	0.641505170260459	0.680691442017721	0.643877045324073	0.663455890517238	0.942826637393714
0.61621952209718	0.598254424286751	0.612962672435487	0.65619886839503	0.641548218139481	0.638359263981981	0.884001208067643
0.992892616126231	0.991043716432292	0.644163003499684	0.858178804405502	0.820604858607546	0.816586118164292	0.903174132382424
0.441016586008628	0.432583743600723	0.479672501635357	0.484798770656926	0.4689567863224	0.470983296583707	0.56141785769438
0.611418435461976	0.629539218907525	0.593983177736961	0.63717011936608	0.606087881298264	0.611925909308838	0.783809753289098
0.573092516929439	0.569771326359875	0.603528662327102	0.624845167415607	0.60457945324867	0.616453608423498	0.805134811765386
0.857735952121557	0.827000107258573	0.651731139558926	0.750723669492972	0.723795178225919	0.725747652901488	0.910211485727987
0.595737236267796	0.617076973782668	0.520357168641637	0.568720819635616	0.549409655603704	0.560560507415344	0.622170511167036
0.538680694207212	0.522662314406765	0.55515748734612	0.574582070190263	0.572025546128732	0.573231793040921	0.73287267745873
0.555841998947452	0.574693433953552	0.567857617216616	0.595042002756163	0.594213112917678	0.614829259421309	0.761040382854164
0.604506592512224	0.601343567383353	0.592264549946804	0.627983304409009	0.61733269375493	0.629625919940038	0.811747159073524
0.605581244343506	0.598072874681527	0.588952855867068	0.620939659050613	0.612506617403137	0.610268560665403	0.788414162578954
0.611672587742817	0.622593699091657	0.615459338252306	0.646724084806053	0.626159078743183	0.632382255395722	0.835674221925245
0.720602727869866	0.725263871312406	0.631802629790069	0.695916070936107	0.666933923602527	0.681461278853252	0.867332354141824
0.654480413491029	0.659574144944588	0.608106008331004	0.684820073165192	0.630574130495805	0.639787670423912	0.835456507595953
0.666135347632412	0.673227842352898	0.625064310006063	0.662002537452116	0.652370589838797	0.637732430974619	0.871031669731024
0.549325131711597	0.559622304561736	0.609966037099443	0.625756214020018	0.610750231982428	0.614726471370369	0.825670491736869
0.627312759361381	0.61957658060227	0.627786310674512	0.672504815235633	0.65164682324374	0.664895313294404	0.871782498373644
0.670348477671889	0.676317515808101	0.642786550860461	0.683008967452501	0.660759315087186	0.659127396691233	0.904564388081202
0.525130971130879	0.517747754963428	0.525860677189511	0.55907713861231	0.550645990601323	0.553484094340184	0.669300847804323
0.615184112513348	0.611698884906729	0.637338843841185	0.668597141006332	0.664752748097839	0.656773519045536	0.909120418873557
0.62686837100723	0.591625982841782	0.613333051361587	0.651529277688873	0.632471987839217	0.635258141006349	0.856164625958114
0.543534800506282	0.566935900131172	0.586076887740871	0.597323643185019	0.610202179937634	0.591103533909844	0.776258652395676
0.675791085292276	0.684437744845288	0.626295346517082	0.691415498351971	0.662725596440094	0.672296696212317	0.861070179769828
0.743602888599091	0.737149164176584	0.623856900973037	0.709668583889181	0.694372810368626	0.689628264040463	0.903029042569294
0.627809906616213	0.616648658938872	0.592916842187246	0.635988636548886	0.604056746167654	0.624855623769788	0.790461823216667
0.792773733281279	0.755655765608063	0.611256127830279	0.71086866522014	0.704359487438669	0.702262287143958	0.856828270096311
0.523890644442875	0.519753003582724	0.565710416986662	0.588269641362953	0.581732228938941	0.572379739884528	0.741074545123596
0.584038411947965	0.604395479749394	0.631209143017343	0.662747818089129	0.647613499122682	0.642384940507932	0.900231629777085
0.961895578620323	0.973449551016162	0.645784201984159	0.849545589073107	0.808877734194058	0.797031379644443	0.923403223259156
0.58063075530422	0.599400312575748	0.615068114302844	0.661581388844168	0.631839390277923	0.643638909667202	0.860409864994952
0.523413005906445	0.515501768380424	0.564566924586481	0.590081303226031	0.570993518944271	0.574495437975493	0.746933624799289
0.654979884507526	0.623338034536218	0.620957865220899	0.681083455266404	0.642021237908998	0.652377031321553	0.862831214257654
0.817899892607031	0.820543750299985	0.646833880382425	0.738256954108313	0.701261785250133	0.71473959379012	0.884406303933772
0.948007385404994	0.934475582257308	0.644542505184178	0.815514970574556	0.796595775686306	0.788943632271028	0.925407011805954
1.01850226219778	1.02567421588161	0.655505738444894	0.898744292118264	0.862987383450292	0.865246206106853	0.88615952501639
0.608365305373495	0.621245655690819	0.588706386789469	0.619907326297724	0.598754098526745	0.612210264411298	0.754147564090923
0.547171092910548	0.545533653875827	0.582165916246498	0.616076574703831	0.595076889259844	0.612708095875941	0.796688622212753
0.487461395195625	0.479351513037182	0.519670362751189	0.510596499993872	0.521309870323279	0.505997641029374	0.616042088092178
0.566644118774785	0.563508530976185	0.595846498366739	0.635056295196955	0.61741647524439	0.607680453337468	0.80575104138876
0.764052847640545	0.755717882625171	0.610872626333544	0.703759191689776	0.65860657740132	0.684792900483096	0.819141037732389
0.606895328987547	0.609800786941341	0.612564791002921	0.639500847282994	0.62978878192056	0.628699937029358	0.827945946525654
0.569390772573556	0.55630109025485	0.585372275825436	0.622447114280068	0.594797569206052	0.585711768359809	0.769191332486343
0.585405682027517	0.577213265271546	0.607332801074953	0.649177225173592	0.632374114457949	0.63579794371248	0.868123677203773
0.577710804099245	0.583245886211486	0.590922319443233	0.619445079965619	0.586409095547287	0.605397179399777	0.771863454332515
0.570383995887794	0.576166421593518	0.580846726412688	0.604882211639854	0.59913017608981	0.594098523192312	0.74449550355357
0.596216760397839	0.575177869511376	0.615795788321621	0.64195055216975	0.61585092578719	0.623207928190681	0.838744576210396
0.529247917057004	0.537698504062469	0.577763601022649	0.601429851310394	0.579531282242848	0.59843901242863	0.785264192406872
0.628753235325546	0.625642300622446	0.63672186776717	0.683891639877938	0.661215987719332	0.665393094178951	0.946399237929616
0.65122755627161	0.661743960120633	0.636825337985515	0.656386736057556	0.65882183865477	0.664038022260541	0.905972124755245
0.614330312625096	0.630308323908511	0.581867063037634	0.635045050662118	0.624130471293626	0.616014685128309	0.768993660571817
0.585803578453468	0.586762415558202	0.625498322646755	0.645164430820509	0.639032839272845	0.627254257916856	0.882965899790322
0.672752587171423	0.659283281937733	0.614875610223318	0.684607801723458	0.637313940533935	0.651485393916087	0.838713399190288
0.538063439205855	0.557444420023419	0.554122528133759	0.58870891612524	0.590571781859303	0.592590262690543	0.738163313941265
0.615905088458759	0.599217858254773	0.615337668632711	0.661788866544708	0.630410285459839	0.655479505136209	0.848770361211249
0.779894966768397	0.770399882528205	0.640591801429738	0.742206683849705	0.711414043824457	0.705024004226327	0.921524211133863
0.516388408875709	0.520907340502752	0.563980734769031	0.573746813874487	0.555834396516082	0.559038238121016	0.712824110465708
0.949590699473365	0.952971786429876	0.638028647933855	0.81976481647571	0.776124672888864	0.808677749695824	0.883687816066221
0.556459709453638	0.560741249025504	0.588172295361911	0.613710679926569	0.600023959618387	0.603401059930381	0.797150570742844
0.683114609725648	0.675250017319063	0.579478950844286	0.646910508193272	0.615077210118605	0.63911357065792	0.743504059597982
0.658925233809396	0.631338395903778	0.583153386879321	0.634773949637243	0.613600136072824	0.610379675446765	0.740510591025835
0.569816359229339	0.59208874948198	0.604204279982342	0.618632357313484	0.613281279550112	0.612058004386857	0.801115663845268
0.565869666626502	0.56746791201708	0.59880792427185	0.643876786404409	0.606039007768074	0.624469412127444	0.814742077415387
0.566513378030613	0.553137064681876	0.568293733041958	0.588476760301871	0.594155494933592	0.601012455425295	0.741776908094291
0.555193050872275	0.556045417843529	0.554470139643626	0.599709132505223	0.585913026653367	0.572824033418082	0.715814619946288
0.560189098366755	0.548505026879452	0.591069188211645	0.623005340781712	0.602746453498126	0.605446819160768	0.811008297866555
0.572337415388145	0.567218247909188	0.584785815099861	0.615922416813553	0.602772383755484	0.606140026869242	0.757710401102819
0.63062726735604	0.635645557521923	0.632870569419547	0.679050211060769	0.67785187237937	0.683338558685563	0.946014347153512
0.699208662092895	0.684297124604488	0.617008948904162	0.657815677258271	0.657403595547515	0.667516563980431	0.850761948368859
0.650720706553818	0.637710562505656	0.647780203451715	0.678753741706818	0.650899286139442	0.654316626247346	0.901960443452041
0.537920209978648	0.551878626629942	0.571369102923228	0.5834335669	0.583094517162615	0.577760976164764	0.750946648398563
0.557686977575848	0.550976458924791	0.574258986159424	0.603681431937068	0.602051435220667	0.588520790849364	0.765335940658807
0.863633551101791	0.840325038994345	0.662417485624277	0.781316307874752	0.763406588532404	0.7613483757561	1.02023489657067
0.791287561736818	0.817739485826318	0.625362608594039	0.734138584608858	0.711083063552538	0.715089963424677	0.863780778710544
0.497462566210376	0.500383312475762	0.548617946982992	0.551059834225001	0.534994805503032	0.549760205716396	0.66790934758207
0.662358347513126	0.660605098643545	0.568852189245434	0.627257721371973	0.590924151661077	0.611699283944301	0.69124585392812
0.581580297047854	0.603325768765471	0.635994112643623	0.654035193834876	0.648026459986928	0.636214874333814	0.903962781461737
0.536809312578308	0.548073035980955	0.577753190118387	0.602529121244827	0.597657148067193	0.587080180706426	0.763318432577606
0.601973643224235	0.588137455915577	0.618782593327335	0.629145742457462	0.643137986007254	0.623768993111471	0.845365774204416
0.538114613576839	0.520723315827475	0.575180576427603	0.606394079115679	0.59032940833643	0.589799937540441	0.766947495129874
0.541604296988708	0.52221819306006	0.579124692786532	0.561771928941071	0.566000308001118	0.567620258384294	0.736756369284853
0.694491077410479	0.689337518835882	0.640017066888504	0.6941729419347	0.683260913852552	0.695171189824642	0.973400047056824
0.669976641693241	0.64456303913626	0.646647901613546	0.687055608516416	0.664765000663885	0.659942717753051	0.912882064967818
0.545999524970534	0.553756316463174	0.558684358933597	0.604434939260715	0.585458479080437	0.591148684265859	0.748041275080323
0.692266108606349	0.713143044945773	0.597347627968768	0.653264851744646	0.637015914650745	0.639890897188634	0.769074906522979
0.706699311041565	0.705208984794794	0.633929759766317	0.685193339945697	0.657603054346818	0.695054571128261	0.893000996063153
0.542528029832683	0.557599728839712	0.579766852469953	0.601558631084326	0.597157054745301	0.605660528176368	0.780479769506258
0.604392832819631	0.588510662260103	0.610874072427425	0.637274797243072	0.620520771335994	0.642664802211994	0.851227360093849
0.592602604735149	0.573907052330108	0.600898026847039	0.641800589589469	0.627917180306703	0.617679508011136	0.82874595115829
0.552804875375836	0.560214011542878	0.608043302973679	0.635280134858283	0.615185936340884	0.614088510052461	0.806143725573351
0.589633437536014	0.597902934989939	0.636585590358618	0.67533428478723	0.630243402239533	0.655199129772106	0.900773699344543
0.517998332291957	0.521872008513127	0.557867679659086	0.573867297783625	0.562604806625199	0.562301307517248	0.721215115418015
0.813948099372199	0.818881869041579	0.601898083419512	0.732605734876906	0.698951190389586	0.707285106185067	0.800423359740399
0.722406394084498	0.684791897671443	0.639863134297239	0.716144982135089	0.693380323334031	0.69326560252375	0.92215669667587
0.56365306765857	0.563485130004576	0.589713746506395	0.621541632981352	0.5975923254944	0.60069422533211	0.777530073383029
0.572966580436252	0.582879253430113	0.605826019595777	0.623353379951762	0.616491255208189	0.618193785241805	0.823215768935121
0.569180826983666	0.544187012169254	0.57122656114066	0.60198644389338	0.59158905628548	0.610549606923091	0.772454357680892
0.631092575126688	0.593656843107227	0.639279716246953	0.659383273272228	0.650551092079212	0.62512411887421	0.903150917290801
0.590953476576143	0.612872033779078	0.609010435220205	0.638416885368097	0.618945549533977	0.626753556920751	0.826640667809503
0.535970934554345	0.545708273367817	0.586062595104999	0.594396439051125	0.588129375530034	0.606422164892022	0.769219876752623
0.564309400157656	0.559920075929705	0.596642047778182	0.611502771244648	0.606173792976666	0.604467048737601	0.802753618024792
0.907077691924662	0.900909666720641	0.597752153136985	0.794934124729422	0.742990339290014	0.765487042755223	0.789347414637319
0.5898172196814	0.581500969234946	0.613555578265606	0.666859031272464	0.649897116986137	0.65765078934353	0.897325478728982
0.780989740699553	0.801368960819553	0.657532421191151	0.753600072700404	0.722596054134059	0.711739020692975	0.931145021668848
0.605858847536939	0.597446100010726	0.612802308155041	0.636281042024571	0.635870294897484	0.619154793552495	0.835327629951998
0.854897592829791	0.843470750956557	0.641984990734623	0.770353419365982	0.737010737922424	0.737873687450856	0.894583619290667
0.636234236597371	0.589777342940573	0.607146797447051	0.663093626896749	0.638337480255563	0.630513673814591	0.838085604749655
0.573368991324097	0.558889650606777	0.612478507613548	0.632638661405015	0.606807646966502	0.619506784606297	0.828701570979062
0.5583075654134	0.567734178692394	0.602585996463944	0.639559393899552	0.60839138466519	0.622841999201735	0.829056663763655
0.571199020524401	0.555287160581445	0.578898080245587	0.616219322677609	0.58712869167107	0.58978528152192	0.782445582020133
0.57081693080024	0.540137860336717	0.603977198717846	0.623805801392026	0.602537221423744	0.615987382018239	0.823836000387102
0.660551293650152	0.637561306861238	0.634207837246362	0.693050388849049	0.671801560174654	0.669970451640745	0.924380679673554
0.525908109449513	0.521448637551866	0.576649064897413	0.587289851170081	0.583581160527057	0.58471674165216	0.7344332242386
0.604929561930827	0.595339171783445	0.635331485298139	0.668549740439779	0.642748753560354	0.650443678322566	0.892867969637838
0.575598125480323	0.555966651066439	0.592657638089939	0.608546271837983	0.610786516266925	0.612096058583546	0.774415159605281
0.625015444062301	0.601623775898396	0.626150006108278	0.656208652064224	0.643737835833627	0.646082686693505	0.862412343651758
0.619543525788024	0.619097092050929	0.567802084453642	0.608901355668529	0.586903672581937	0.596207227245888	0.723882911975376
0.607576532379703	0.614192867505828	0.625573161007962	0.665518250276231	0.642476656982649	0.639095652057396	0.896630345153574
0.542140483032022	0.550073480955846	0.58633472333336	0.606207668697756	0.596255491715515	0.578064197193163	0.768171265368871
0.689035279502543	0.69467527912403	0.592169518227535	0.648950617924517	0.645188406126564	0.616077247801053	0.774465662236401
0.85435950083029	0.847917596911033	0.605871908783697	0.761995581987546	0.729046315045722	0.727911255800599	0.80413595793553
0.561987605236521	0.571886726620717	0.592558991754851	0.598273289145091	0.582675407639179	0.610408739868859	0.793441817252574
0.649271136571858	0.687753367979963	0.57408837136749	0.654103097013492	0.63470426337072	0.625037262609867	0.766951411114362
0.725381191306861	0.739029065483724	0.641713465832652	0.721732001236149	0.672578226784521	0.685792382193853	0.922777144871088
0.545349423965472	0.555465317361664	0.567844671912274	0.595535015194307	0.584713476888626	0.588183707293568	0.738264416830371
0.620909339488603	0.615803133200152	0.658769963807618	0.676220007336681	0.663703370777046	0.656790697589485	0.947155415194903
0.603164904067638	0.62596371839325	0.621300726273307	0.646026507778113	0.662663965957872	0.652939957622633	0.886911002059632
0.605409568237635	0.626285770330321	0.596898831939766	0.638148223084255	0.628149435043484	0.616389399332582	0.822997504966074
0.64335124460599	0.649331592930323	0.57970236165341	0.626672230310758	0.608414233808295	0.604170607626827	0.721045208620336
0.547298122719885	0.569704208465411	0.603161271553091	0.62123005918332	0.602820103514168	0.604498501568359	0.802199955363443
0.620516074552668	0.614780963008647	0.627837471393757	0.659067301674864	0.65283753624754	0.651666950529357	0.927966719043062
0.609714643288233	0.593762374414673	0.633304010182142	0.651902062486393	0.638386847057772	0.652414949930572	0.897405735104826
0.578585659182513	0.573144618488025	0.593968070922851	0.625497325936205	0.61904583348952	0.608938291117277	0.81396861235747
0.567823496359811	0.559005182479005	0.58539261273472	0.616557598956436	0.602531058572858	0.591335498118608	0.784951176799023
0.665913090935369	0.648821902155793	0.638284174922201	0.693053829037092	0.692526663791082	0.67527795628354	0.889103297365766
0.838349000747464	0.845176202551329	0.631513596061984	0.75782057484442	0.746668388167635	0.729540256006555	0.835063480968826
0.608860417794297	0.598042509793653	0.623251365801919	0.654285280699037	0.655131863465422	0.654740657538761	0.87289069182163
0.562429679396126	0.589962477293849	0.624985034482164	0.638512830351121	0.636614247319059	0.627475796645133	0.860313049885114
0.61690545115483	0.620235928813604	0.558203922921853	0.624890053205368	0.600397808522903	0.596988297372992	0.703642989998844
0.591617976046108	0.59461990395944	0.638458829183772	0.665946921204036	0.643908232568454	0.636527002555415	0.898770834707016
0.769251024960912	0.747066935266173	0.631047021645909	0.730260473876397	0.703071677589154	0.682287398496586	0.907440646484367
0.556799682606167	0.561293187350831	0.594061681173893	0.6138995757742	0.632600381768575	0.602931494196651	0.809500732994245
0.570568156857381	0.565591016041436	0.613707002612213	0.640872529881588	0.627551840627063	0.612982987084798	0.823349246941933
0.880015102306634	0.889930599676211	0.62272910842936	0.774190833762919	0.751251891468326	0.738012604667233	0.811281840800991
0.529883759208437	0.542037472971995	0.582101049716182	0.589507242139252	0.610205998981006	0.587577688349774	0.770468812130045
0.545363119925538	0.538462545304235	0.593801361833363	0.609705323138364	0.590538660939035	0.586668191810989	0.773423058103087
0.559148239804123	0.558807078028426	0.602232694048765	0.625593931439025	0.610896455609067	0.58737174487228	0.805016906045974
0.608217143997213	0.603268560029621	0.598469843343754	0.627129888598588	0.595901063535534	0.618776048977079	0.80962005326278
0.600005153822426	0.623852664749484	0.632612356523816	0.698903984102351	0.673929714260291	0.666391428000377	0.947876078984978
0.628023507950598	0.640188336906111	0.657457455385672	0.695264712025002	0.669130345103475	0.663083173594921	0.969558331012798
0.74810581023381	0.750310754947032	0.564575358780619	0.677295254337757	0.642459041655159	0.660979808944997	0.73984850061889
0.551457548685208	0.557914252778792	0.606980794528349	0.621029235340107	0.619845518684959	0.604380604525866	0.826367149733975
0.625571233142505	0.630816934363254	0.617839106534003	0.67554675588033	0.642912977262537	0.641430613997731	0.87726672711164
0.602346295228088	0.630286536111972	0.65358788425235	0.699557290731776	0.664409828033693	0.660814396109652	0.93902409000206
0.642252280633533	0.640127893332834	0.613276980799997	0.637336944826753	0.641516410487523	0.637706154913083	0.816155319850038
0.656045813869404	0.676588383577414	0.57645915330383	0.662126778139422	0.618426111767264	0.602247565751214	0.738258276239896
0.611731365545534	0.583030400714385	0.629452258551602	0.652054037917548	0.63767642562162	0.621380598284457	0.884415799424635
0.52740159783384	0.530597961348878	0.565760249664687	0.584977862332537	0.571799407251246	0.574586262202524	0.743217840019414
0.585794560163331	0.613308451846436	0.636735217164141	0.672474965949765	0.636448662325507	0.653128913641741	0.880826528207895
0.595537596999458	0.599948720705583	0.628360295360134	0.641027684491763	0.625480986211332	0.62575489437968	0.879204380059936
0.701528457296452	0.700741395289278	0.597147560050949	0.662379306090311	0.636573219976481	0.642467068161305	0.790549980940997
0.567688669433505	0.586493652111281	0.625472505235714	0.670139469430131	0.633400909516718	0.639733435009993	0.888055974771954
0.499650370355544	0.494302406360532	0.549914397120031	0.543322611663709	0.541731850077603	0.53840795247178	0.67438499017694
0.94789695842455	0.959386100246955	0.632348129828426	0.798652232481672	0.792582747911751	0.80194795606876	0.814724591505833
0.568365208903967	0.564293067512071	0.593424941243248	0.619462200997859	0.603948860677921	0.603328548463723	0.778165535142292
0.590311895671192	0.578521208543475	0.623368658609318	0.668889108100691	0.645132644311097	0.625557025494405	0.886437734818794
0.589420001007623	0.611411947750225	0.575322260988725	0.625562138033442	0.61393527887776	0.613467070752979	0.769033095910009
0.573213149970604	0.589282410030794	0.608784319041714	0.629712500923469	0.619326036592277	0.612729437724553	0.81858298556604
0.489240546052785	0.484095613930065	0.525057803428117	0.526232900969936	0.518443668674531	0.520247882247303	0.647644343779243
0.549788796346433	0.531923497623659	0.580898102253435	0.590369460887346	0.578394774520068	0.575770870922555	0.753600579720242
0.507146929798179	0.510184056053226	0.532482625581798	0.538604443242649	0.560058365812344	0.541874347222782	0.683131694000209
0.649640057490582	0.648331257492754	0.615053637566182	0.651282761029211	0.637120719712265	0.653149637567617	0.838498311514047
0.507697016127163	0.512298094625684	0.573183584115397	0.576168234113564	0.57017967479103	0.572480856372247	0.718703588033971
0.792263736269616	0.814339506320124	0.624008104036907	0.699236914628302	0.708421234301085	0.708006871676733	0.822212335245823
0.583665403932382	0.566358730911913	0.571719321928449	0.605394016897087	0.579244535650664	0.598036841274966	0.736029031903583
0.605739218203448	0.63049096882321	0.609033235653978	0.668218826085769	0.625243649630071	0.626372525988992	0.848693715476604
0.516459640829957	0.535351959203573	0.565282984546965	0.573128533741628	0.558086645068121	0.557335535113661	0.700171387870049
0.673649354170735	0.673494549324877	0.633787902121591	0.685753964448678	0.678838753935256	0.669892566370421	0.884908506809956
0.708844485779552	0.705475745083191	0.603380157123124	0.687892700855674	0.663501116857571	0.664419051081767	0.838021086746376
0.60946657068537	0.588384773809227	0.608958854860861	0.655874405256833	0.627445706757386	0.61032217621569	0.818199335579755
0.524030060936558	0.527787609983346	0.576331616961975	0.594947332757551	0.582001037931652	0.578976665689582	0.746008320617769
0.588101366381933	0.565794710725243	0.603689730006671	0.627883372817593	0.617327911775384	0.629475004732783	0.812368438714911
0.577896815782988	0.599712284356068	0.598419227884125	0.631909582937338	0.620895552342474	0.599460518898731	0.790561133095835
0.713557034684673	0.687495903365466	0.627708246241449	0.664329262277181	0.673005568568886	0.654863433569318	0.855064780846076
0.568314480593827	0.598579395022527	0.619360842428043	0.642708034963224	0.632202657293227	0.614510506242685	0.832833211009948
0.502780532785023	0.504907649352606	0.539121637481337	0.544268652702869	0.542785592380282	0.542705549510514	0.693750413069497
0.497820972951567	0.498988749331373	0.531567657163016	0.549135963539077	0.520825968197676	0.533646139533883	0.651489852752243
0.764625725942565	0.762992933730696	0.650847144354742	0.721574273546365	0.712894997491786	0.701972629538794	0.905538594997782
0.652572546865215	0.615425525055242	0.662288438054105	0.696785091132801	0.669698219308832	0.685472713455087	0.985497615635979
0.552373931062863	0.578701524350277	0.588214084177398	0.626525452820747	0.60197964492772	0.59475154252849	0.791363607524296
0.515406698073407	0.511338115086373	0.574007473233372	0.584976323346589	0.580755647178656	0.560322968202016	0.747393768080868
0.648581702041302	0.629980068725066	0.634993059526749	0.698261834955881	0.658873814219761	0.671637414112039	0.906516424812323
0.610978776951427	0.619655611347586	0.58548694610724	0.627935178372143	0.610827115169734	0.606134448589549	0.759941280001367
0.527617684841719	0.532699644843439	0.553584568683626	0.584492327432943	0.562329005623006	0.567764664155273	0.699629746801204
0.659245679441846	0.639195300064707	0.629001400169917	0.67485592881549	0.663707212446089	0.666479398351912	0.872995904387875
0.774909599634724	0.766664867970941	0.658329743264243	0.747992268634893	0.721327019739666	0.709102862844936	1.02857067690248
0.663706262444282	0.684863208022147	0.624974460590738	0.670334285178308	0.67497342865791	0.657403762306038	0.880051056848737
0.707651134185109	0.706366504580919	0.603795738719009	0.679574470435854	0.648085265932872	0.661410845894683	0.825595100132787
0.696041237913525	0.688595311865727	0.63336391295861	0.699321157969152	0.678079777502417	0.683976714497613	0.922808858636627
0.667541394409061	0.669413490070975	0.646526273640656	0.696316197235591	0.677398398214126	0.675660254127252	0.948054656679332
0.624843387531664	0.631826728489402	0.649592314032682	0.696636337251827	0.670660213283251	0.666864944841157	0.964304986051798
1.08419342342495	1.10917501496475	0.677017114661844	0.936497190108121	0.892683665168514	0.862863116617565	1.02684624221974
0.589161410120409	0.59856043832612	0.619089462804347	0.656213009730524	0.619887019108239	0.628778936932653	0.869595058901999
0.559053160338505	0.573482437217503	0.585884020375959	0.617156082135508	0.609914684623821	0.600167828860048	0.780291719060775
0.85309203876403	0.856904863392643	0.599769332822491	0.724052701435406	0.712058550546538	0.727248429139169	0.738997244235548
0.686689902834937	0.689641713557871	0.573398560926885	0.643895835307785	0.609447147321005	0.634081699196035	0.744974390186472
0.581876887921815	0.574646346958338	0.576016946977021	0.609999805262228	0.59385058368744	0.593156523803002	0.741799547285263
0.588708298971906	0.57767271091032	0.61527041072531	0.646601167362624	0.624977489659473	0.6350853453843	0.859429594846744
0.711385281172563	0.685573562522699	0.605009378188408	0.672163481328983	0.654350022415383	0.651738659008019	0.804755401322536
0.672911361344196	0.673966664022676	0.641783405446282	0.713153974818857	0.708198455996808	0.702673221141218	0.937100715721267
0.565457220347979	0.557673151614689	0.579091284729506	0.605653175810156	0.61092834221098	0.593243080862778	0.767609854358773
0.652774394301618	0.648746407885784	0.604933251348724	0.661351987110197	0.634250301263237	0.639769008580225	0.795198162233706
0.549040576126062	0.535864259465451	0.578949982047039	0.602365794822723	0.577745138833169	0.58894930144885	0.745212467340143
0.541435770350341	0.55246630148866	0.590172997803425	0.595953799216758	0.592712584477695	0.610384065388164	0.772903738167169
0.628280693438733	0.613261296008702	0.610535504955081	0.641051327308787	0.622740567132342	0.621605141566937	0.812604193369078
0.637418532201554	0.634560338301833	0.579324216969979	0.628986479298631	0.605567330053017	0.625057167071967	0.737832964690863
0.519465067440014	0.541497378038326	0.592905958888299	0.583031995796624	0.584658697160486	0.592623650593446	0.760247439758546
0.590796594868888	0.62447491430229	0.653456766221912	0.671135708835289	0.665774693380082	0.652926454959139	0.920880118456172
0.593290067002466	0.566647584022039	0.613661766787038	0.627089472523917	0.609178484316673	0.626107052512107	0.827205350332677
0.589407055285206	0.567812773697152	0.593187869346074	0.612838350398953	0.603050490250106	0.605927519317394	0.803295286775495
0.642304584842718	0.61068360323165	0.634866050470674	0.676559276904326	0.66519517659205	0.663059201753795	0.930103429699687
0.681235346883445	0.696204197583997	0.637876804095343	0.689648740718975	0.676062474612743	0.669211160190448	0.868692621589135
0.685590009661481	0.704511660581304	0.574383186249454	0.656502242194975	0.627225563816801	0.626558540089387	0.739368180753691
0.599428204874502	0.63058966890337	0.60773990333993	0.636399095017274	0.635635197659463	0.622063048104985	0.822720881057632
0.643523392633655	0.647353081513417	0.55322036264214	0.598542944607411	0.587573581437905	0.601281089312975	0.699694287741012
0.608000481312331	0.609858732648896	0.612239862320594	0.621435374799743	0.640675798297205	0.612027751465553	0.796706073801497
0.569378942586603	0.569036524476666	0.612444579103671	0.637618320076405	0.599812870985881	0.608486910128986	0.821260848848149
0.754078395138267	0.733910402208927	0.619198208486697	0.693931954777134	0.688841959932658	0.662414744049987	0.839622928163634
0.54995186239877	0.522205096844554	0.587104474229396	0.579617705950466	0.58101959056603	0.570157628416875	0.736694401078694
0.571038639312398	0.557035382669001	0.601899807783322	0.623153809777783	0.622088611150327	0.607720597741414	0.816657975115269
0.573081389588028	0.555354215296236	0.599612243140972	0.606377496015309	0.591699734187493	0.60331675197793	0.793582879156204
0.830230746361162	0.826647987421799	0.627276817292901	0.73197917883587	0.716996976719091	0.715501583503016	0.838552791831003
0.804393651765959	0.800295072920478	0.607549925502551	0.730951586065672	0.697319674598643	0.712185549360846	0.827778484010022
0.588117252329847	0.588624289324146	0.579142508726237	0.612105483110839	0.592012625792581	0.599714428149244	0.74249607859475
0.699082592897624	0.711303915221249	0.602543519699495	0.680184461181178	0.665415534046535	0.662272362326496	0.837257365429337
0.756297918577473	0.730563952148417	0.644468031737046	0.74555571994306	0.688361775536264	0.688564950058746	0.916157855791444
0.667113537453181	0.678912905974728	0.596037332894129	0.663352217976451	0.62045288976944	0.630003246445399	0.795603869340927
0.65525039884673	0.655282031620905	0.581420195596227	0.631071079365913	0.637646678432332	0.652650329591503	0.78925028197997
0.624608887781376	0.638656986066848	0.646565314904982	0.654821146415886	0.674855249086886	0.669245806838385	0.887118443638694
0.602047347068913	0.616560627293588	0.637923337716596	0.675575107637334	0.651899188814334	0.662456315704311	0.922235588174353
0.627862192115563	0.607477008201825	0.624879665557828	0.664458793125433	0.633151915820888	0.617212270223037	0.87010816657631
0.57310779467933	0.57619197410018	0.625272491529156	0.650514424018857	0.644418263202897	0.616394912614466	0.872648510753677
0.575283227569709	0.573763858749221	0.620900840612562	0.640240313000612	0.62715328974064	0.636924802053626	0.85778659857419
0.529437348799056	0.533615674213027	0.5528163318246	0.575822165821015	0.546694669178934	0.563286688444276	0.707414988631655
0.724970867626988	0.740210478387166	0.636994349162012	0.69367608138056	0.673207660516261	0.681766438149577	0.859358965806805
0.543258781404599	0.538423971250672	0.581135769835929	0.599242332823318	0.592811913157572	0.584887337263736	0.765471041385895
0.576647249298346	0.561925499556959	0.583172867612675	0.600262321360942	0.587921214961749	0.586972814084352	0.781385210212854
0.701798172392838	0.676270795275698	0.6082495954761	0.667039401900039	0.655701086505725	0.647235792048078	0.791376687157933
0.623903822763103	0.629240780512574	0.625928364282542	0.669197088232009	0.631448018314024	0.652595868190433	0.895365619469102
0.606077233494852	0.630237192447018	0.616675841763277	0.650750871726566	0.641579228281564	0.615094007175731	0.846442133860074
0.561510391317851	0.55650110312969	0.603619831832435	0.615090030289799	0.608331158914978	0.607100212258189	0.811247796926374
0.501778871857292	0.523919471598946	0.569118239532877	0.566132044449818	0.562395663280877	0.558884070590838	0.707802876442693
0.636219051592699	0.647187417502509	0.656725783990065	0.686774615557305	0.660861086441469	0.663871928241082	0.924207139840975
0.782492441802457	0.770703543372316	0.598639101410417	0.696564147375422	0.671606053502701	0.68921188651308	0.803442872821111
0.58664926004557	0.578871175602959	0.625882012693558	0.644082325737683	0.633556920116309	0.646044707292615	0.8751150761548
0.561804525409144	0.570061044277869	0.60712527344275	0.612745954262139	0.607940955518613	0.618913011888048	0.813761919287529
0.585896053657757	0.567979314374249	0.602784697623144	0.621620152938229	0.61383412367234	0.608036841874779	0.798235219804044
0.783595988181998	0.796566086725244	0.616582546691706	0.705430409807038	0.687065767874493	0.697350427836802	0.800563029760468
0.581001454093381	0.595333419335452	0.643454865415748	0.652062497713871	0.646180791690987	0.644600260591523	0.895442029324666
0.559569030894172	0.565869949374542	0.607780317286363	0.618552838845269	0.618343795643063	0.636659026510679	0.822890234667695
0.613715317764539	0.648382253759501	0.605894253815266	0.659713835928615	0.62212676408672	0.629694302453684	0.801543360513407
0.959337247316476	0.940561165882762	0.655594002469571	0.851249697499872	0.794098879679492	0.794989778294974	0.923110886733233
0.835583379180601	0.827935639701102	0.617182910417224	0.74041817235445	0.709417724241874	0.701862407302761	0.83754575380302
0.781850030707366	0.774704718245268	0.634880563494306	0.738559213641218	0.713993078107648	0.687835424264653	0.903289051259099
0.576513757300227	0.592810372216564	0.589368813370988	0.625555224123714	0.619449542888102	0.610299001017787	0.801903030738653
0.569563493421386	0.563620458368682	0.591986540939937	0.610812010058067	0.599221509946256	0.596860764827817	0.805534325795617
0.562022658252596	0.560204008113609	0.547194014775508	0.580297775278966	0.558110390964451	0.580940252770731	0.685608391341415
0.650099123807483	0.648411812695414	0.653527254718536	0.691511511031611	0.684722488877899	0.669589952817837	0.964189247030848
0.673279449219147	0.649707535133732	0.588154249654012	0.649116086720016	0.635548800161117	0.623124491859562	0.77566939998806
0.555412727681219	0.58108593668719	0.555450389897877	0.579003879303823	0.574491517275907	0.584270070061561	0.700947474940423
0.617336571576001	0.616939804461399	0.632943772503864	0.663330009308975	0.6388513484512	0.64957412338122	0.858487855037484
0.60680139144415	0.602063968439391	0.622371304108034	0.665868153213441	0.629546716317512	0.646659584541499	0.854535384890336
0.761023856958574	0.785532030705866	0.622013007616933	0.739916911221139	0.7133033253695	0.697763462702844	0.859423437085079
0.549721457690441	0.57150042983215	0.57988814616205	0.621898320581686	0.595983997423394	0.588987790748078	0.764537799246799
0.531600611191731	0.549452202609547	0.560359471300524	0.588966299689543	0.580556369351175	0.584455922838924	0.737828022359942
0.579316702666112	0.592568565685651	0.626057864133047	0.656915287186988	0.639512479527623	0.65520534831497	0.886345147498852
0.886700288426822	0.879060235060927	0.62537332937333	0.764674830390812	0.74202792968926	0.733057810821267	0.85702040709011
0.539387139965619	0.548045403526439	0.538559495908136	0.581881209803446	0.569396088454363	0.563101456174257	0.723911950975385
0.686753477777711	0.685956704823424	0.622485366637395	0.693483736009108	0.66216518316646	0.660151099559691	0.865740293447697
0.717076829442778	0.751056272136366	0.64359686597935	0.71660911962951	0.674906904013709	0.687372448095006	0.911087020041744
0.670932667107978	0.651586002240303	0.620121726128151	0.670665452881511	0.650402269312362	0.651704231733488	0.908369853093039
0.633248351836938	0.60065793496198	0.619903800425213	0.645086971589078	0.63024017846502	0.631051550098985	0.814393587942846
0.59195168812824	0.587795432782813	0.601075838414088	0.651257771974222	0.61997628734698	0.629636399252923	0.839949150769242
0.71033858767585	0.70182228396141	0.583465674171912	0.657621602287125	0.633450444693828	0.631843075766341	0.744939607661422
0.489847487641322	0.477969297401788	0.507396498393858	0.513466121015268	0.512185523471525	0.504954204764117	0.602540019707982
0.553374488568105	0.554290986199315	0.590869177708267	0.600163413602955	0.587955504680971	0.597848194702479	0.785866856719267
0.596945633170729	0.589744782546297	0.58122419423442	0.617300269555197	0.619585952076102	0.591694338849443	0.778664878596053
0.525650809771591	0.534034378816882	0.56271735796877	0.594333996671847	0.573008769221255	0.57584277395787	0.736518960623122
0.610050204331367	0.589326642196206	0.643951790368373	0.647657277868097	0.645918251827864	0.656007908307059	0.923752320127488
0.644520025651738	0.650960644906436	0.649193847536943	0.709407537638296	0.668081301469468	0.675539003650214	0.982871123388498
0.600263252764313	0.583152316285524	0.59545339340056	0.619252761636463	0.601629628722605	0.610389222223876	0.788057567699357
0.584529270717813	0.589765198396622	0.614365193254117	0.634531414135769	0.630159790203336	0.627480801953727	0.857886149272127
0.602008045263156	0.605736978208262	0.617307485437979	0.652592175920593	0.65280196804473	0.642300847358623	0.864254525581081
0.638392655419769	0.655629379159016	0.576278833343757	0.661390508274701	0.624874277788009	0.6308813149471	0.771926677546765
0.566683628100048	0.550947480026215	0.587988062243091	0.613215598145507	0.615038457473802	0.592422132680356	0.807590041122574
0.517971783635301	0.529660700831252	0.575803090023848	0.573709948957682	0.56387322464949	0.574743292939765	0.727508286334658
0.599132715718454	0.601287117034406	0.59647732543428	0.624672362731169	0.603792648763495	0.611825448266023	0.771925599249188
0.557491478520285	0.56448411674727	0.59966956946344	0.621125104063562	0.612030830918801	0.619206860100112	0.824167133553328
0.618313745196416	0.611377279057469	0.628132509675735	0.664429792390037	0.640496909467962	0.648064774112434	0.922392729003643
0.547441784820055	0.55684854999224	0.595643706176565	0.620420428291404	0.601177605816904	0.601899953988658	0.80930170952627
0.682498948804691	0.641513250008165	0.629196628484597	0.704068888313611	0.663539898896112	0.660748722644923	0.906588757125793
0.852801817884092	0.85968748410555	0.615491694231972	0.771981535412791	0.720171278554399	0.743914950930066	0.805626769164343
0.70131728509412	0.665425484287885	0.63773289114501	0.683432104584114	0.67782329636875	0.637385257661702	0.868054666013334
0.69614081200993	0.690045727059398	0.683127095719099	0.734133223530958	0.690341736626724	0.707272411038358	0.995815420065435
0.546627105466919	0.547963489045096	0.59483831580019	0.608522237655545	0.584719514969082	0.596153483747683	0.782245970048913
0.937376210742713	0.971893287549355	0.628296741905777	0.840211295452961	0.819058778747338	0.830974677892781	0.792945451164344
0.563663041475154	0.590096039463807	0.611458446179754	0.639986234992497	0.648998880916258	0.63711306285366	0.870415275739867
0.645607267296327	0.649102963530262	0.609786000208774	0.65454434921227	0.630268118232088	0.632073631289667	0.812747737662328
0.537555601254896	0.523970862461538	0.572686697351275	0.595673625238323	0.586948239903145	0.580125954092093	0.759349109156587
0.521808974202671	0.51651909265098	0.566128777572697	0.571911143775436	0.561007493221213	0.570712827868719	0.722075722323207
0.691025314992403	0.690980078633361	0.61582604599656	0.671703683619887	0.632763880861616	0.669473222772138	0.802472108295664
0.987677974000222	0.949104167694613	0.635107328993481	0.827860527054622	0.79715558741337	0.801701282523901	0.832054900701913
0.545726874052721	0.563975245352576	0.5785171229629	0.610896694350429	0.591319406400498	0.590270714628461	0.773964408265887
0.639480054834801	0.623141691023009	0.61173515929664	0.662668527996486	0.646748909273477	0.632059919621199	0.839761496863785
0.544761104335619	0.556004644288718	0.588158005581829	0.594437010499822	0.598994811512447	0.599478673721811	0.769558046365121
0.949506463751684	0.949441036907178	0.643496958586592	0.809810979685799	0.80309386135663	0.787042511654213	0.874960477649374
0.552939537462811	0.5527745951161	0.586888457709236	0.614639116765468	0.604499794660002	0.572615559269805	0.798970982875034
0.538473524004636	0.531453927504775	0.558118916121907	0.578765556237015	0.548558783174679	0.568475180655953	0.696113518557063
0.65975876615466	0.655905469086095	0.603090126738202	0.677496285552586	0.642986029159162	0.654302601249936	0.820874371673303
0.762525600902725	0.786608507617776	0.596074444967622	0.711318450231973	0.678455798422457	0.697997416520905	0.82574398452763
0.569320796193648	0.555479720041172	0.605632757863904	0.638166960582497	0.613089265951181	0.617253555116625	0.822494161002203
0.720050860083839	0.703108144585951	0.610019780120801	0.695884556533308	0.643525392559301	0.656783953834744	0.791224988644303
0.637750692875745	0.622719189041638	0.650504187595993	0.703114273499988	0.67654533329689	0.661384125471186	0.979866536831196
1.0494910851585	1.06054350336295	0.67416642991217	0.890058994026718	0.863810922620761	0.861535574639264	0.958173655174519
0.656532582061068	0.643308081840717	0.675987847280198	0.70381926310785	0.709657209225445	0.691889328950708	1.01566721549962
0.628940859383041	0.629960325798856	0.605475757247516	0.647476492773431	0.636579721463921	0.626036232331946	0.812294397760732
0.755909675357987	0.749762624242253	0.577611232811131	0.672640686819809	0.671015279175757	0.659482991344715	0.724625912061253
0.57890724771494	0.55650482590454	0.581000040044496	0.599348973631113	0.61203332812642	0.60628840249867	0.763614494839998
0.832071545043159	0.8173615124913	0.641411993633977	0.768119836246884	0.71625870507015	0.722000582230011	0.888833869355615
0.59679285073539	0.57580956038164	0.623082653816707	0.650756063507635	0.623630358389459	0.620876705406316	0.852546035661252
0.563612845853356	0.576098655211366	0.593768903040284	0.624847612873501	0.611516737591136	0.609893385143872	0.801398021376856
0.809448997913885	0.815188009128384	0.635600389438127	0.738517500347674	0.705944134738691	0.710053144566295	0.892573161665659
0.744335114616562	0.762435131337038	0.616667705283292	0.724293151524556	0.691541922055183	0.705367111273108	0.888411880524804
0.763367317729371	0.759835595109247	0.628052928598636	0.708809342936497	0.696080656219124	0.682993388176886	0.875572267744785
0.597117738751842	0.622177136251164	0.638454489722674	0.691925905745665	0.701241878427228	0.666237836021977	0.943947838330953
0.5413171155045	0.539161357179165	0.588251802754103	0.6114080935923	0.601331595453529	0.600874173580572	0.78065581301191
0.694673555875336	0.669282532730622	0.557836968447141	0.644590558436697	0.632182984321587	0.619264137603152	0.719951464257619
0.573517799265114	0.587878293013065	0.607522576628061	0.642100262749409	0.625395162827698	0.623288971305131	0.850789256751668
0.590384057368212	0.574180365938244	0.622279558176221	0.617633491091452	0.623753131414744	0.624322682713881	0.835248098743604
0.606377960537719	0.592335206238955	0.64413937664281	0.662456540777816	0.67273752540857	0.636705148484222	0.916123702181878
0.802598497332923	0.823968643742667	0.617153468225383	0.726763273797988	0.708276650165201	0.695410832925662	0.849062178197973
0.64901398649247	0.632651281837762	0.581508287506643	0.636862561772569	0.630757700571301	0.622211476019483	0.781201578628736
0.714880387828312	0.70197418253889	0.625761634942285	0.70382209960865	0.674178169426788	0.690530299926601	0.881214584883942
0.589551849436793	0.600673702204971	0.572964308729963	0.600828206594277	0.589348871591863	0.595944857779187	0.723421319220113
0.916520817678095	0.923078334036722	0.630916180913038	0.808827060753147	0.75412309683988	0.769744110766185	0.842931581880689
0.59529503938945	0.616374310801917	0.653164834819548	0.693517974812687	0.656049090034135	0.664966846806466	0.936751426048123
0.527757807797588	0.544482755249542	0.584687545386925	0.59573369926554	0.584459413557105	0.588985911691384	0.755815570382293
0.918199657665863	0.917505512661619	0.660393123845181	0.813479101905735	0.77390966601657	0.743910341145634	0.927388000380809
0.785503923359391	0.798420362502175	0.646397001062232	0.737791003460297	0.724464384792584	0.716578630756543	0.923971591685253
0.596295645838688	0.58549435329309	0.591825331288331	0.629130099674147	0.597173718068854	0.603736661283877	0.777070406707114
0.659303732018627	0.648736296547767	0.600764888848143	0.66704745382542	0.659165420023265	0.634989134399269	0.815679065301435
0.551459069116816	0.569657608425347	0.59742283972093	0.608561330128347	0.61947638056201	0.626805521667055	0.828244180850974
0.661821637047015	0.678887014223489	0.62792553322699	0.659018495872039	0.6536249246878	0.670239527818285	0.883686337774966
0.588214506668763	0.580512950278206	0.631452984334916	0.656766385942509	0.641122963859323	0.634343601216007	0.882051434012806
0.60513865601742	0.611288514482285	0.630961669303828	0.663755462058254	0.660607741623063	0.66987033282122	0.912481463146034
0.679527222273574	0.69572288761444	0.6719609894643	0.712698612731612	0.727696319771474	0.704524154438203	1.01296197443986
0.597870883936595	0.592676547744163	0.627021080655538	0.675796537839713	0.644242972342916	0.638629749128585	0.88985980648216
0.595614321487924	0.615770993934453	0.54311060054882	0.603969091215526	0.569732594192111	0.589630404185109	0.681157627425942
0.584054048293101	0.592273429236642	0.596268944480705	0.629541322434324	0.60993458209257	0.606224123641837	0.802573532087666
0.629100332103238	0.649107039798024	0.58920168986409	0.636075639520954	0.625909636180995	0.609224537861621	0.74253123567097
0.541396062788898	0.536689725669305	0.565538490912788	0.583453389722671	0.576369325553008	0.583303015912073	0.732654758741637
0.635989268627854	0.670248461833685	0.643136975626069	0.674278462823612	0.6740181687756	0.669540964013388	0.898771903697428
0.557281419965435	0.561309463257567	0.612180777308178	0.625682956158597	0.6281090687259	0.622268122165198	0.833472398053331
0.622925826391965	0.623163682770218	0.650360650386829	0.690336846950983	0.669877025648084	0.674718215169779	0.930901818116962
0.618990507774682	0.60543005997897	0.635194750397132	0.689769778362044	0.63940745860811	0.663977149092059	0.909184388390165
0.559104125101109	0.544388474505356	0.5766327999535	0.591605011904838	0.579752827336124	0.578833791820063	0.739433098568873
0.524354463492698	0.547311180166971	0.586914162342834	0.589000141378182	0.578191160823462	0.587185181975764	0.75958454182709
0.704187683189735	0.699496055583024	0.601436537283139	0.682354114881372	0.679950731766575	0.664155470285934	0.853105008545824
0.801844613776448	0.789424840015178	0.607360958771617	0.72425464354626	0.696999165511471	0.700557235917408	0.782973412782368
0.762677043974236	0.761083825809416	0.577737831036184	0.691155432663501	0.666999215424682	0.657956621665949	0.756457150367189
0.524030723772334	0.536114740938429	0.585584592522393	0.595451815475891	0.585776992499997	0.558790231239055	0.752568089583355
0.555782330550094	0.550945724500984	0.585079052832893	0.610033537054462	0.589499740337019	0.583669836878159	0.767995696250102
0.567950189986629	0.578675955923785	0.605912239641121	0.630696627256342	0.626809886632151	0.609215350696872	0.841496229603263
0.627487175848969	0.636785892010277	0.636655585089758	0.658724047423253	0.658126590811175	0.658420348539169	0.904636325805717
0.670280751801527	0.640887551103483	0.6649228984298	0.712457896287617	0.699165278703292	0.684575858519722	0.974326997788281
0.619271452918561	0.607022062311547	0.631307895041646	0.662929551014429	0.668710054675119	0.662595001065848	0.900762611876149
0.537082211420478	0.531382489895036	0.580077706190709	0.589232439028132	0.59948469261618	0.584528912294793	0.763084782173695
0.632808299640958	0.612483628266003	0.605800548806591	0.659166513248061	0.625782466484008	0.641518960330857	0.830577594826096
0.705982762368283	0.699092400695354	0.62704794142977	0.676245100306548	0.66848566462371	0.677332988931739	0.876635230259872
0.557536510260691	0.562674265273434	0.60711799992991	0.637362966741933	0.613291905548687	0.600755202642329	0.8220593953474
0.825925801753115	0.806516886788025	0.63036088512421	0.754025831222275	0.726496600254083	0.706155696364629	0.868778951582089
0.858115051862713	0.819899015776681	0.690544540111667	0.780633411380102	0.731293569722109	0.71781817852537	1.08028330959616
0.627411271177095	0.622406476872985	0.647141433809161	0.704771382834841	0.656567321356668	0.667459274336984	0.936940534505526
0.558320233940169	0.546895129214359	0.567361123615852	0.595095897471494	0.595731041993191	0.590413267153185	0.764586207802478
0.751245697907122	0.751173384625326	0.608832606811077	0.697555964473853	0.639353686075967	0.660584589871401	0.801180979096273
0.572593027233418	0.566305168777309	0.610326634632689	0.658892032043167	0.629016667653727	0.637277145503371	0.859172901142836
0.544427967754407	0.561694233957875	0.57931352054581	0.592366874600879	0.59194457731565	0.586026090206656	0.776939100302523
0.570028888014428	0.55386613784227	0.596934813105898	0.624587780710854	0.622092143627284	0.60188312033929	0.828154181100954
0.697168274401592	0.675006312781389	0.578050616040091	0.65425627551533	0.635748910817809	0.624215373028857	0.74985678908112
0.574816155244993	0.567552628081446	0.602341330999714	0.599009416915215	0.613843179727946	0.610926229761178	0.790389999743158
0.558365213393669	0.562446799204043	0.585693315550315	0.601584737316145	0.595551671243455	0.603534547761604	0.768592497665299
0.617753263283045	0.612932049828983	0.611961469517816	0.649919304901191	0.649106875046928	0.645413342564843	0.828657429994017
0.72948909327943	0.730756598733375	0.605170987126728	0.68862339566928	0.678321961070816	0.670417411483986	0.823657701001204
0.618257220752326	0.637083322231367	0.614626167214616	0.658064946870843	0.628395744364199	0.644225438129069	0.823633250009858
0.604169411303116	0.605317365035181	0.609619899719892	0.637619287806677	0.630509253144382	0.621348479914232	0.839291498343238
0.610520976931231	0.619909564771127	0.599941390522039	0.651624685523382	0.63259392602125	0.632180024848661	0.813549049220868
0.586491317330643	0.594967924984817	0.619814428800342	0.652331646686648	0.647607357275083	0.653359320912671	0.882954048289612
0.605047961191213	0.597538228508631	0.621603547861241	0.656340269267532	0.638281521076008	0.648045040640997	0.88785100592881
0.548504530008942	0.55956313556709	0.600309401784223	0.61088130750802	0.58203212986628	0.580093887982383	0.783561442827815
0.566170263495318	0.55662049139	0.59617653705876	0.612192745961769	0.605849308418358	0.617749617491959	0.834182182272631
0.640863497343909	0.632601962464208	0.601332756620911	0.6359455474391	0.62859044043781	0.63849059087092	0.80392759896902
0.499749344537397	0.491327940785395	0.514391735962625	0.525068085262953	0.518244591617524	0.517668550201267	0.632606943414749
0.526944907424059	0.537170692684464	0.575992725524819	0.593841190700879	0.584736290384883	0.576463828783811	0.756845682184788
0.625794603656792	0.631963939323524	0.611573589831931	0.648925187775844	0.643296105421766	0.63536428872531	0.836041663579798
0.63574925237758	0.665840795292288	0.603001343130831	0.647357455527402	0.616046286274056	0.618254834328819	0.750557288250806
0.731715122044732	0.736549397513946	0.674314369932532	0.726321786851791	0.709449805298785	0.710539698824645	1.03697517437425
0.614362005983907	0.599274238473788	0.600630153111788	0.65100692930991	0.622876597328071	0.620059863816499	0.817224179262677
0.719501352323514	0.725574371167435	0.600742523281392	0.682470170784386	0.654229872330888	0.643381585063506	0.766866844231558
0.804888770348883	0.821071555931176	0.582008608680898	0.718552387099069	0.680852333321549	0.704052223819723	0.747375060447423
0.79071381202612	0.791105646577181	0.573555695052867	0.704163693472627	0.674479549452711	0.683553118478214	0.733136486148668
0.717659514081992	0.707938714362061	0.593805410853785	0.671096268245353	0.649114837534602	0.646703905484646	0.789715528560143
0.649592320590635	0.659748285300639	0.641361383145717	0.699235787142912	0.678049274427159	0.68812200688265	0.987621612580767
0.675143602995277	0.651892438013619	0.60881393020986	0.66451727328293	0.671020780465244	0.640306698467757	0.816020515966243
0.533145468282113	0.50491578231803	0.517225696796153	0.548647637839955	0.534415736572984	0.529127233473143	0.642540269895881
0.574173068670041	0.571247193276557	0.552599914314353	0.598089483771113	0.571270169717047	0.569317253237757	0.712657823836765
0.859227259561655	0.840236776680881	0.595524658565493	0.750950168700093	0.710250893205119	0.722230034731816	0.763735136709539
0.675530802871787	0.679639493744212	0.636810493787917	0.700667763355471	0.657934394751173	0.670522188875679	0.886449503278569
0.65008099271212	0.655969444541901	0.556820182489875	0.613973355073868	0.592016538739952	0.584061458923788	0.682624885992226
0.579702009110236	0.576755962737989	0.58846964328258	0.609143104293808	0.623936161763589	0.605803101284819	0.779984703799864
0.557177162399843	0.536318797293397	0.576107752979484	0.580248986164104	0.580363223685934	0.571532184021355	0.754955654731336
0.786247922781796	0.770382790731224	0.702275151904558	0.768918298658815	0.737747382869191	0.756692156655285	1.06915066282978
0.574662616717644	0.579225809962096	0.599053265759941	0.60879492365232	0.615784071504778	0.609212408843435	0.792586053347454
0.632774892908685	0.600011170399562	0.64712321182127	0.673868902466792	0.659536098269926	0.645839579994125	0.901503365999512
0.481645826913637	0.500581143601879	0.53443951672132	0.521255947560771	0.532643366927998	0.523188379007878	0.635972528678969
0.859613350592491	0.864115063271782	0.60276006324528	0.745660066883075	0.719906932959579	0.729302913921515	0.805812971351477
0.516269153072168	0.530145451120483	0.568346305175857	0.56689495049265	0.556267341384566	0.561604466651184	0.717907501260445
0.614712900792936	0.610742589738329	0.640743313074875	0.684691885825783	0.642823242302665	0.647237923324719	0.902099375922345
0.746936875508764	0.764399783545911	0.570654572532966	0.691225417632594	0.654706465233157	0.659791340289406	0.728150492977115
0.552342139439584	0.552423864183465	0.582435340039382	0.611630679589034	0.593294609157568	0.583459802790394	0.781917159502912
0.592868066489916	0.575966382938178	0.604494190254742	0.628617311607936	0.612105080216102	0.614185852078727	0.807854256618534
0.617364646206493	0.61534397425183	0.612693025577247	0.627994515296937	0.631070350747843	0.633084048447483	0.867997377698554
0.521987789816392	0.528784558397023	0.558036895210515	0.562811372275519	0.582073504432645	0.565893940968386	0.717341607579469
0.785687562579874	0.79505855018473	0.603816315854126	0.715806304964502	0.687239597320492	0.671575952158359	0.833066878752933
0.523490423794241	0.52074162326498	0.55680430615846	0.577254721771553	0.566455136214965	0.54658611761787	0.719612752719721
0.550160257178432	0.549867684691837	0.587745890750579	0.601989967210136	0.59684430477211	0.597585441292805	0.785828756163578
0.554101660556981	0.5512185156227	0.589029463219752	0.612736973026671	0.610226984165593	0.602141298778242	0.80967499210454
0.701657132443545	0.696160998076518	0.59238966308695	0.656532483040445	0.646696471990995	0.630684280893406	0.782409185167744
0.605393076133511	0.617097848379594	0.643643130550206	0.6653516134707	0.658561416614733	0.644418259523581	0.927737066257633
0.607194235543795	0.613799242882792	0.620805920799183	0.656023087816275	0.637397102236683	0.631878367559156	0.844408240037929
0.59807214648446	0.599865218478531	0.587461245321101	0.631438103139597	0.618611339776922	0.6017197878428	0.823336418802692
0.874092056335523	0.856149013297153	0.598323353304925	0.754331568175691	0.717660184674116	0.746250626485722	0.735883237700337
0.683070765591522	0.671509514928997	0.630555999685088	0.702094793029717	0.663489160361043	0.661626427305065	0.882990306124017
0.78713146498842	0.777640794773079	0.604903276755656	0.703659300663706	0.680611466044936	0.670910502154123	0.814782003627592
0.595182607010916	0.583915823948777	0.607516504134103	0.641428457398334	0.615754845993052	0.6361796641254	0.82995986283788
0.646188145628771	0.637110717923823	0.637625142129254	0.689882017162727	0.65754674178423	0.659347423764884	0.943166932902725
0.652670819547595	0.650794798620779	0.621051782318745	0.66848338771816	0.662183020233052	0.67202113055358	0.855345337358043
0.553441692292582	0.572086835322153	0.615349197680902	0.634260605457228	0.642007438985547	0.64206982951258	0.84938595305487
0.883075369955979	0.885957442950853	0.638343011385948	0.790879204777228	0.728587523435802	0.7645646363059	0.886327064063657
0.611674387573954	0.609596172003419	0.669016379934421	0.708731865904902	0.661704521579009	0.684068842151784	0.958298163534289
0.600660114272145	0.595132014676534	0.630787029008667	0.650063128499278	0.636409615483357	0.643020530950007	0.861040827652717
0.655121662882191	0.654497887658626	0.624233384295756	0.671929197268752	0.650079076072549	0.658900219043599	0.859113327839866
0.601091455364067	0.606367568887598	0.603609611377929	0.642897224639576	0.632120815179448	0.628520911291099	0.839392258053979
0.627321319652997	0.620007950464409	0.624043883714865	0.671884154293301	0.644752762008309	0.648649645526455	0.887243948568423
0.562286143455393	0.554879685328897	0.600352716220744	0.626685957913563	0.616888884250776	0.606883410293696	0.82507897593707
0.536676600928916	0.541284781990058	0.58548405676668	0.596894077816536	0.595735547548304	0.601990792996231	0.780872566400865
0.597027302428914	0.588277600870534	0.644634352291355	0.656971467915657	0.648920095736345	0.641147125925017	0.896398570845659
0.657313506938987	0.648259470491705	0.658650278473369	0.703325236291853	0.679535926964696	0.697590219097134	0.998526649924996
0.5912628272013	0.591009561742669	0.619938680353732	0.643156121358269	0.601862570437203	0.616731060011414	0.831614958423418
0.535754994150512	0.536494879182688	0.555002723465389	0.579679406192136	0.549242763580221	0.559444090551972	0.694684353243371
0.639037504945043	0.645375695541811	0.566901553388177	0.617854389680579	0.598445590692448	0.599900614118296	0.707338570655754
0.636066769609038	0.618702895059544	0.630499364631832	0.679117030289065	0.649420065347896	0.663816371141021	0.878345332900003
0.608978640207357	0.625966786953433	0.635638269467268	0.680741944411431	0.656881205785952	0.650237106333836	0.926772667948076
0.632407607189657	0.674165780790048	0.600144054942216	0.664063277405595	0.632282376598694	0.637796881617888	0.795326500562773
0.686702452382481	0.701223891781685	0.642238356462974	0.663375003560274	0.661225054084545	0.675578506761604	0.904609205528659
0.587700259664287	0.576926434543644	0.589795545400155	0.60705200399069	0.603391737513385	0.61989070349489	0.781743556793163
0.542215681267389	0.53782906696534	0.581414256313102	0.602090737823803	0.59111024600663	0.597212647140622	0.781314314025707
0.579653381853476	0.566879484677483	0.599905724371563	0.610459479901813	0.607503501871358	0.593870234836208	0.793794496658964
0.60724985818774	0.607502675584381	0.60152396495541	0.647308610704806	0.623455787410741	0.614188683717434	0.799503041711781
0.602555356565385	0.606257567613665	0.616815790367902	0.6354316556867	0.63551333863868	0.631329301085755	0.859542393608931
0.561112478452138	0.548251356287075	0.598983337225699	0.598251925193247	0.59930744221531	0.588733989320386	0.795621994518558
0.511507352835479	0.508055862298766	0.536951839832428	0.557393966673352	0.542896418195134	0.558422183750566	0.689140175860963
0.739928558430493	0.740515583629061	0.604592700683756	0.714223948881609	0.67598328419131	0.662812532101935	0.817873505426875
0.83408724404945	0.827923891824234	0.626156288014227	0.749723196062256	0.715389488626454	0.70803394394925	0.854358947703491
0.726930114860993	0.734925944357303	0.612187175992647	0.699261648663869	0.664551825534101	0.673298230569888	0.802150860780542
0.585086705114798	0.578857690440893	0.622335193364793	0.641477198835685	0.647976548158614	0.62767082411216	0.846729599669919
0.783320776714872	0.766771713470122	0.620992585853076	0.738559312865278	0.690864270546416	0.700829679970623	0.873524892250985
0.700221320884105	0.70181311346952	0.641882579096901	0.671770689611525	0.68310196821163	0.672793091433435	0.896290197312003
0.647973055634768	0.634574740724984	0.602898966843828	0.657256318421712	0.643538978502546	0.640595184490334	0.819993217648815
0.567161241339913	0.576870136880625	0.578700393599021	0.611402236385158	0.602614726128499	0.602654221586058	0.763839553349634
0.710356761252809	0.732885432553894	0.650825975413261	0.697975580827335	0.672283909302712	0.694890866995831	0.892645547035234
0.590624461013172	0.559138358848719	0.578296255804994	0.61890820275269	0.604014787694943	0.609043202222451	0.776134158447489
0.635451659195165	0.648166027750291	0.628799632443016	0.663070056374478	0.644030556388264	0.640525468319581	0.86760068182625
0.55883878721288	0.552160355127969	0.611159466913913	0.635543699167406	0.608663872991844	0.627763965435673	0.832482232829786
0.703798349699735	0.704736673479898	0.636805912881452	0.697284189109435	0.658967253646414	0.658152868160618	0.873242923846782
0.579247614766591	0.552685278366562	0.567185588005292	0.584183285422634	0.57571632344238	0.582271045594401	0.711018888521657
0.837292134212067	0.841582552379389	0.616001350384129	0.727061225430575	0.726225525413914	0.744902207984802	0.852119089104904
0.597857192188165	0.594809110583278	0.623707184905235	0.630531834920592	0.622819333412263	0.625148999676263	0.835697597332061
0.57369499919214	0.57634653717778	0.604644798380729	0.633938650140581	0.614124165210672	0.628917216097024	0.830879095124145
0.582448418611611	0.585420672450017	0.591928831189486	0.626638511194208	0.61123334821681	0.616191200382259	0.813301845181174
0.549455074797993	0.554172095117436	0.589448503773068	0.591519487635068	0.592601635747563	0.598435918648623	0.761992020290671
0.66560926844088	0.721725752446746	0.608845526048311	0.67835868134653	0.632620342832182	0.657649054106485	0.82411024886118
0.554658740839734	0.553365916784925	0.583354186531731	0.596370755134008	0.58072049414745	0.584978447087392	0.752087586438497
0.554674508829091	0.557399451135181	0.614378007380457	0.61512422276223	0.609331187846681	0.615248667745068	0.814917627228914
0.650675160182171	0.63337228519376	0.635085392282839	0.713778144543186	0.648004721964776	0.660633286498337	0.919467052483682
0.646197548105656	0.632172249059353	0.595165794928014	0.679589602159397	0.652648188207696	0.666347004225857	0.836860018676313
0.619223112071437	0.61233150073723	0.604147967337898	0.623552677737274	0.632579702944852	0.598169599142336	0.771860669940303
0.858455529067669	0.858637215927491	0.625390157159303	0.785829525035683	0.721825520658746	0.726609300263418	0.857281911694264
0.500250515179803	0.496791623307172	0.547362538389925	0.574572191017414	0.544133372551524	0.545917519323479	0.684375576658101
0.566402902730024	0.568183242829543	0.581279145127533	0.610212285930191	0.599344667423508	0.594202993903696	0.769062431054004
0.555073863006808	0.561837319172296	0.576427906943588	0.613847498319466	0.582633715905504	0.587864873347915	0.763265596114589
0.589001099794563	0.601113908369461	0.624845197979614	0.665756600056752	0.636482036237926	0.641701957948736	0.889689792397883
0.557176761779343	0.554713834116684	0.592897075823697	0.599109778798592	0.604487781428561	0.599257519037621	0.772151851544091
0.894021801509262	0.899497925225532	0.626549542558443	0.790388763571953	0.748697779026348	0.746487835418869	0.830029599065491
0.776988563830097	0.795482917473455	0.560245606074717	0.706251322133015	0.657679640806265	0.673644382341602	0.716396593580664
0.709580107815072	0.706449681884846	0.630426103233277	0.677723792793507	0.68120328217556	0.667151264846827	0.856521640601178
0.662913587597972	0.664056231896317	0.670577745692366	0.732637243828109	0.708057933188075	0.690649377085314	1.06298124954736
0.651446265287613	0.656149783837145	0.624239680864364	0.694582719944706	0.648337347259761	0.661951314319195	0.895859837151615
0.780299749670759	0.749442418282575	0.662086883896037	0.748547655185999	0.705346764329053	0.725146896154099	0.9525808417553
0.810197225407162	0.813047022888771	0.610442150405035	0.71447417788223	0.678659909198185	0.691798956586898	0.834156310158511
0.538002631078757	0.556936197188433	0.606199965606418	0.605643159411831	0.60344284518978	0.597445759879805	0.810163468870861
0.610185186575443	0.620300461913031	0.61260351017382	0.649840582291147	0.62212592213198	0.615466514794939	0.813803333674724
0.632534010905452	0.632211528029752	0.622075700063751	0.677122300602307	0.634415120633114	0.639459081164409	0.842924647550328
0.637342781582156	0.617831256383946	0.607995293373166	0.652144243955842	0.654940523881775	0.633002314427469	0.838402136909413
0.683417924940238	0.684830996608375	0.619844672387136	0.703251206964925	0.658259148350503	0.671451517208121	0.88006830230784
1.01561733477026	1.01571668151279	0.649316877270145	0.89208800530568	0.83461051548916	0.842637901751443	0.913150727780124
0.668085771542609	0.647263320910291	0.660342658743474	0.695041030111251	0.682017111451437	0.689216132682486	0.999269820914756
0.587212590440618	0.593488615624713	0.607800319804509	0.648070825148112	0.623291003533177	0.621552742084759	0.849181224367799
0.591882113530187	0.596895288282433	0.612277733200727	0.648663986972711	0.650337487477613	0.630600304779619	0.85637627527822
0.756719621184781	0.729225196179356	0.576396829415404	0.679675239828851	0.643879671248902	0.649866478693254	0.72870507632036
0.650474883590099	0.625889748699754	0.618906639219801	0.66893298868504	0.649374194903392	0.662700519190358	0.87564953649385
0.54828319420707	0.55984416582774	0.592928020657266	0.59307612100718	0.587055807147957	0.577406437087499	0.770588330386693
0.52401599033733	0.531647824522012	0.555805650780722	0.584320729723884	0.558114407716994	0.573123272322911	0.734134378682322
0.686150084211699	0.699693825088631	0.595660045574236	0.668195100435104	0.644372358976235	0.647022910787265	0.785693632334988
0.760308881776019	0.747005771335035	0.578097868034785	0.687168484415438	0.662542905410944	0.668614758628774	0.764874991760576
0.793472331033724	0.779414269394055	0.659238946551838	0.762104360497968	0.732520033096087	0.724262137091899	0.953227111438345
0.581072695807386	0.58696893237378	0.615374346655915	0.647578945276924	0.626459239581066	0.635017916586549	0.853826211679183
0.746225911838545	0.760074168379267	0.632972259798109	0.698206582942444	0.679647786045259	0.679084050277977	0.834698615355647
0.49915788344286	0.497612138265788	0.546957204595182	0.548396116824161	0.543271934239686	0.551947376214304	0.676950664125559
0.614974056143809	0.621407014364755	0.594058817054444	0.634177750024306	0.60605068507048	0.623157648632992	0.75703127056146
0.735771900965508	0.732796197229905	0.616718447222537	0.682190761783453	0.677875295844231	0.663608370832739	0.834220073040578
0.608753971556996	0.605439213108049	0.639057595205445	0.681958894400895	0.645252041694053	0.644111670830619	0.931005821451434
0.568749554106376	0.574838356189442	0.627350782018378	0.63126319797759	0.627534099406279	0.627412835550256	0.871524128366348
0.704306303927211	0.698768865383353	0.595891306541386	0.662157642896925	0.63716193136341	0.634131095098596	0.780842715887329
0.546324330724972	0.556172643598127	0.587848608239419	0.593668346489279	0.587603594889084	0.585351559155929	0.752504223049145
0.747057290915814	0.728330981483257	0.604800206321961	0.710716429353158	0.68089520823775	0.66934724020727	0.819308117329202
0.585499562112932	0.580130556381311	0.619490676042751	0.631296624852875	0.628734909527419	0.624383569322877	0.855696309546643
0.58560417087973	0.584558463466519	0.611450922889513	0.640682958630157	0.623857075512728	0.638166207971485	0.851806227199874
0.613937488121404	0.618878176714683	0.600950476835915	0.643396968826168	0.6269630706702	0.616810622077796	0.820236154352814
0.582784968890502	0.58284992734876	0.595415119313557	0.614592688955846	0.605080188129992	0.607364635783098	0.783352479572305
0.46032165472492	0.454534901723498	0.518269884318103	0.50562075442515	0.51345797459481	0.516837989760784	0.619014249156725
0.554868177038671	0.55810764903022	0.594016970260853	0.624053499833452	0.614723436727194	0.600021281388248	0.802928766276607
0.685614115501427	0.694347846787821	0.619841146161574	0.671329353836685	0.651118711169717	0.64994928697393	0.847888242157505
0.576266123538105	0.554616597662438	0.586024042551399	0.649072523583338	0.611169011595704	0.618198078539833	0.821688087406697
0.726135964458911	0.708998004134926	0.63567106871491	0.701420646501096	0.691260858237536	0.676684582375723	0.900545945946687
0.648989198288827	0.642177559442719	0.594348759591945	0.634716053171611	0.635804048556459	0.639476282341603	0.79644008681194
0.611842981744118	0.638976355068455	0.646477309565977	0.70729163497779	0.691815818016969	0.684826072776998	0.967793847942567
0.557799711591663	0.574416914887444	0.609056266515373	0.621432316921059	0.599594428274743	0.598383075989819	0.79207557156306
0.549039004596839	0.552985403906565	0.588782262499826	0.595824760825124	0.587758091607112	0.606231401379552	0.783058429235071
0.574999259762149	0.577858362558613	0.626765075472705	0.631864988590066	0.614482126311393	0.632297331013436	0.843077844980276
0.571790810814405	0.565455347022411	0.602938750564829	0.624820070836581	0.637166939554343	0.637340758424179	0.84784165154747
0.562433322048675	0.579620467409178	0.609715226148874	0.637920787457319	0.633159501779463	0.631659959126007	0.838522189500607
0.548984391334532	0.571524385662586	0.58703772787631	0.616815819857219	0.581771342238128	0.586630112473566	0.750522552980208
0.575630112067007	0.561781483378759	0.59987950974944	0.627210250981208	0.598666295731084	0.602619452427373	0.79843527215879
0.585165343360683	0.593269001398505	0.621475320051065	0.638131861527338	0.625165844575301	0.626298968612254	0.8657610092014
0.534097179839654	0.523298246322274	0.532718736209515	0.564781915787456	0.555233389770804	0.555532690324494	0.681484062340736
0.561058260257095	0.567238143666379	0.500792682231578	0.548033994887577	0.529188614198373	0.53388127316695	0.589630014794868
0.502333345140781	0.513984757823288	0.54336808574651	0.579843598725062	0.556115725454464	0.558115212497303	0.703164120282979
0.519596149368689	0.527929079954394	0.585581672152653	0.589993698063463	0.584480336480643	0.581291791070649	0.756393333069231
0.841568328790145	0.81539073079362	0.658680403393128	0.766001696989713	0.743546779771045	0.75779277720083	1.00252345096727
0.520855594577171	0.52498013401465	0.558141869426191	0.576169712778651	0.559644694172913	0.564174061289231	0.714810549579153
0.543090382713841	0.566439168849231	0.58187097068694	0.589911577717535	0.597504051230391	0.602343226159156	0.780721166888731
0.81233330243049	0.828891811034036	0.657867020008968	0.751888296438867	0.729154249072974	0.730473315272359	0.912926154664787
0.61592448061882	0.613413601440542	0.635952020103087	0.690184918932126	0.642028711963799	0.666119314804886	0.899585369965478
0.620405810678414	0.601105781292402	0.628613790813136	0.687888504508221	0.640810192324324	0.644339361411217	0.886877268468987
0.739387156163518	0.781801173794522	0.620031595043075	0.728289919641565	0.678226352249874	0.717069632380314	0.886721652243057
0.511964701531262	0.53320032368724	0.537630073856396	0.556118402410316	0.5635427157099	0.549506759864925	0.685269771665017
0.569735767113306	0.568107213275602	0.610550538573878	0.622430454050994	0.599698396518789	0.608744898598448	0.800675395250038
0.649867254593786	0.640074920957008	0.624160378880155	0.6574130481666	0.640893320026103	0.653436624382002	0.84888874669453
0.601054433725819	0.609614908730042	0.644090473142844	0.66459264548221	0.633778577699703	0.636129723489072	0.899119953826082
0.524682053201544	0.517300501284257	0.570671340132791	0.588897532337161	0.579482654055983	0.559841887976589	0.737817294476978
0.578327549936306	0.579836752082595	0.59538655538307	0.615732375699673	0.608000690581418	0.62001242782586	0.782562216085535
0.585985923551871	0.600505584329823	0.604387373698337	0.665391737564987	0.634291594088256	0.620136918123645	0.82376821429052
0.584701847880034	0.581927653144646	0.616247205478403	0.640257836279972	0.622069040276019	0.631372451241297	0.863190233974029
0.863208451668506	0.866413165777137	0.624178761711717	0.767285839608234	0.711466879710036	0.75109642647843	0.857751433470778
0.88351958807837	0.907369262901109	0.678610775000344	0.794965664770377	0.755291272057298	0.756662428277398	0.988681401618433
0.520046553345996	0.533517458580065	0.567642453614138	0.581227316538256	0.580373191238061	0.567407831198809	0.733496065412862
0.519115088221855	0.534722222878979	0.571461156913668	0.573629374652146	0.572729952639824	0.578300053007584	0.728909296343215
0.751303301253784	0.727390003252291	0.630766058492426	0.700748013422214	0.673581140781526	0.659485488701405	0.879751535144279
0.836335562249416	0.839805470208305	0.68423191198854	0.781724831971352	0.732837771311712	0.75742784691656	0.975665654637586
0.584873410090717	0.586226868898863	0.617853448795367	0.643710278542982	0.637259735061136	0.638799188475589	0.885126119942281
0.590145151291927	0.577620909266	0.632297904545695	0.664859588545544	0.627074531128733	0.624343406755735	0.88597822339896
0.574589667615855	0.560730818015379	0.596706588213218	0.603924646255704	0.592607031936245	0.606923771591233	0.789697301169742
0.572623511962051	0.581677632048878	0.598116376505555	0.642639667018379	0.614445418660667	0.616899017807836	0.820460275691712
0.509688945435257	0.523384671920771	0.548351084531944	0.550959697475278	0.558765886114769	0.568618727913197	0.704084396061029
0.525326774139702	0.525842175629835	0.549306187562315	0.564832102986205	0.564631065330426	0.572565303852303	0.704722236759324
0.550646973015882	0.5660913241361	0.593990299951583	0.620606532562626	0.60331874464129	0.606872893021294	0.816151126147001
0.694747001156237	0.703914369216327	0.637779205731935	0.697017187836002	0.679049262837806	0.683946755299743	0.899137224854425
0.566579763114805	0.582355016915687	0.622545731529643	0.640309550946454	0.615291739515116	0.639758488030836	0.853021185365682
0.663770199604414	0.635209988727261	0.613795250806849	0.664857742866529	0.655302292129984	0.636688729830007	0.822986152588236
0.666128343066276	0.690354894637876	0.600367084450361	0.654418691227352	0.660011866853499	0.637736164389633	0.814459293180074
0.626169020729895	0.623915188588978	0.602090398667587	0.649681479507414	0.639439909872659	0.635863234008161	0.832480034997226
0.775841118515942	0.779429313623508	0.588345728153668	0.69518888208419	0.652240034529955	0.658318764589622	0.747728000966364
0.62756925343961	0.662629526832416	0.617490388675609	0.655619663355041	0.629531359667242	0.646824648300887	0.811344092275115
0.594097998835681	0.615380701803495	0.608653780613721	0.619205759631909	0.614930198527107	0.638929688750567	0.837938992034638
0.538353627083634	0.532034601518775	0.570844066727672	0.573500509232235	0.57719815593384	0.57290621068335	0.739509565722647
0.562651325912938	0.55061326611002	0.598064409555159	0.598025361286284	0.607366489198113	0.600382508953086	0.796030347226389
0.540574367587632	0.539446067823315	0.548119765026616	0.555523221193648	0.567541553007924	0.563885898736946	0.686981425728797
0.593793741899714	0.580614556182165	0.624028074931953	0.648811727160742	0.627795579863701	0.628247945270298	0.865214019232312
0.581614458289757	0.579911755048883	0.593990896234206	0.615245064900191	0.590668438468207	0.605580034426016	0.782641660676752
0.644982232770991	0.642974163724999	0.573847774461047	0.623019884864522	0.619988719046459	0.615943680220929	0.742310670959312
0.539112085000712	0.535078164009568	0.579756557401261	0.598273917461022	0.598690257599419	0.589235170729588	0.764591348735623
0.557406608149068	0.556590297767546	0.584006811957234	0.615624210208976	0.609486453977744	0.592941758588362	0.788854530541087
0.61371679887011	0.618446421944693	0.621824898327644	0.661216884232041	0.622120915925447	0.636289299391455	0.828798144608252
0.596207887606477	0.574322838068997	0.608118456520345	0.651210545555077	0.63897008192917	0.641272044326936	0.879772293318277
0.704047539094066	0.695540923784215	0.612522798786069	0.710151304189817	0.667014924622351	0.681724931780141	0.864993701162356
0.603931277587732	0.603669079275425	0.589256441824993	0.642838931055344	0.609869383332863	0.609538002879138	0.779703170914007
0.569320750422705	0.56775734682282	0.561693960279991	0.599499756650953	0.595181702319963	0.592777350879366	0.765674227366917
0.532216868864039	0.558332945844704	0.574329203500755	0.592523939655984	0.591562500580557	0.589184158777906	0.747790018872436
1.01951018400606	1.00788619532194	0.718318383771583	0.900313828219023	0.808707045057118	0.834834744443028	1.16344537096494
0.551554253111799	0.553197791256784	0.594239336631942	0.615202028710875	0.590977499085584	0.594549835585374	0.797145286657829
0.551563021317382	0.561293717818887	0.595397390377709	0.609169032689559	0.602319976944337	0.585292050596733	0.798941464450236
0.599212304486787	0.58318728948824	0.597484179991234	0.63656856252494	0.615682015058903	0.62755718698383	0.78224938028327
0.599762807674572	0.629007105514071	0.569381833420679	0.621790718337367	0.599060748596252	0.608776544178952	0.744352451221112
0.845743768071123	0.861017556980353	0.612944454051451	0.743825446971414	0.719296899872635	0.720665294055499	0.811336137907452
0.749178593634233	0.710043492213983	0.634062718356493	0.712708579164555	0.693248171092654	0.687160513952966	0.904870715129139
0.574999986695229	0.56702283512484	0.607606528607188	0.632622273932729	0.620391408639958	0.618439578063655	0.834055464881031
0.813792174865456	0.835331491920412	0.645490515042426	0.758396915354502	0.717782622351851	0.749206869921194	0.907660903396139
0.670963077014133	0.672488480182366	0.63145558158456	0.679963867524994	0.648327169270271	0.653647467719686	0.82454936763338
0.59124817880779	0.584215794099907	0.601285540835349	0.635981921015242	0.622704905265741	0.623101716801444	0.840460048183303
0.632507504620091	0.630978442158249	0.610817020975668	0.655279788031587	0.653888832641459	0.647767907656653	0.835999738343277
0.574733707225583	0.565312044764025	0.6207628609657	0.633012125809633	0.623794383110531	0.624962333114305	0.838469790642528
0.606666311030049	0.587542282993056	0.552890763839279	0.611779790921002	0.59433670791751	0.600785639915104	0.708342299788709
0.572083014824496	0.592342027814744	0.588230958814401	0.619910798252683	0.595642790539563	0.59305001864651	0.747265848914827
0.560449379936061	0.576169967139605	0.58972534197295	0.601849327798502	0.593549911745007	0.589088899947283	0.752060500065231
0.685033082640697	0.6910519500227	0.67032170569956	0.718777272000768	0.698321449567306	0.690054842009748	0.990608597411469
0.530122294018856	0.52679478497443	0.568320977539452	0.589098680970376	0.58178237571603	0.563335558799544	0.731886472601584
0.58053297293857	0.561307348514114	0.626550097753758	0.66407615854119	0.635687144225407	0.626089762731584	0.884145895933325
0.713857021118589	0.708245340282179	0.60175214276806	0.676463927190511	0.648202313550688	0.669685067705813	0.792812471738261
0.597682433581761	0.584793954329051	0.618936022392177	0.634780212576978	0.637292224373337	0.64679396445958	0.83649450788248
0.627095450151387	0.600417537828132	0.640647083179801	0.655353029426064	0.626213798732032	0.636724512771431	0.895657027263223
0.690363570183588	0.686556336035269	0.587505494159643	0.66350859979777	0.626709857349286	0.627083782415549	0.750766711547159
0.589048528804744	0.599110765109577	0.640532408011225	0.639557276883194	0.645913825162946	0.658779965753493	0.891962796674756
0.56972749673908	0.569746787224163	0.591928269043446	0.630782886921302	0.600174730692356	0.622969719806079	0.80657948192773
0.526926801213405	0.541959912089761	0.571245102588264	0.600619535307319	0.60193456480149	0.582663354571213	0.777036859109459
0.588163845336415	0.577489577771815	0.615961579851609	0.622415606947413	0.620090775793433	0.616184347169889	0.820466503869413
0.567560546375805	0.572417069441633	0.624358454002707	0.638255184756442	0.61950858133125	0.621024309201212	0.832626754669666
