FMP	RMP	FPP	UPP	ANPP	NPP	ANCOVA
1.00021738133843	1.00060602005946	0.999975139940958	1.00010752139997	0.999923335984853	1.00025565531126	NA
0.999954268490136	0.999863837417506	1.00031024704547	0.999798331634167	1.00034978650867	1.00012740247591	NA
0.999722574290443	1.0002574168167	1.00037942238952	1.00047883433464	0.999994827433145	1.00054143285664	NA
1.00064796034966	1.00088665774183	1.00007987973849	0.99990386263258	1.00076181619631	1.00036710550429	NA
1.00036640225221	1.00020093488843	1.00040442388924	1.00049027940402	0.999945013276423	1.00010016631475	NA
0.99977290383213	1.00000817550079	1.00024621212419	0.999892326500033	1.00002639336738	1.00013789700538	NA
0.999892056467603	1.0002369496371	1.00034564272509	1.00065015246488	1.00003736629515	1.00002547183272	NA
1.00040574475595	1.00067060160204	1.00012962489478	1.00018807123335	1.00044458618667	1.00017745840414	NA
0.999918334109333	1.00000070980615	0.999923247515519	1.00007683133395	1.00037464680849	1.00068982287969	NA
1.00055079802753	1.00109939733138	1.00016258610277	1.00038392522142	1.00036937051628	1.00010834354823	NA
1.00036011658688	1.00036801264901	1.00005232819166	0.999874788071921	0.999826187318544	1.00019423419193	NA
1.0006732842374	1.00038955845785	1.00025756361228	1.00016685772144	1.00001630909009	1.00035702280469	NA
0.999940081338903	1.00189216164318	1.00049850545796	1.00062898591555	1.00026966504778	1.00008880642914	NA
1.00027717501702	1.00096894961109	0.999891254915701	1.00014522060028	1.00026627248845	1.00078309515123	NA
0.999927064036385	1.0001671635677	1.00021388046102	1.00028376913302	1.00080347640039	1.00051168777539	NA
1.00027282180433	0.999733450732119	1.00014079474468	0.999723322621087	1.00006009416547	1.00047223994063	NA
1.00061657291763	1.00105528569033	0.999896453241518	1.00001766472472	1.00042599129075	1.00049182347212	NA
1.00017846942992	0.999934238898988	1.00001218284341	1.00020817708437	1.00093147636372	1.00006748556835	NA
1.00003896475611	1.00045598758176	0.999962961714382	1.00004711558046	1.0007289424142	1.00042442770241	NA
1.00014679173956	1.00023413403677	1.00003136479271	1.0005871147558	1.00056827353257	1.00057259300462	NA
1.00024309631665	1.00093106705837	0.999670388810426	1.00079837848947	1.00029884961764	1.00014514550792	NA
1.00058160653082	0.99995997759466	1.00014341187591	0.999854323932574	0.999825278972105	1.00068754829514	NA
1.00034298332356	0.999979269941339	1.00023939280772	1.00016719031803	1.00039922016503	0.999952120276857	NA
1.00003310253015	1.00054476746584	0.999851481973221	1.00066542270128	1.0001750553498	1.00018193695363	NA
1.00056143498035	1.00084633783692	1.00117878467875	1.00030949012536	1.0009633257039	0.999973566298354	NA
1.00023627363825	1.00017401893951	1.00034977061524	0.999935452593766	1.00075872636333	1.00033646894432	NA
1.00154587652583	0.999919943930302	0.999841944157922	1.00008380456045	1.00033128586124	0.999875057262501	NA
0.999847610203267	1.00047584101583	0.999860186631692	1.00036170374091	1.00027195661592	0.999930217853632	NA
0.99980495145859	0.999810273370402	0.999937035850588	1.00001409390483	1.00041344599358	0.999821667884573	NA
0.999868174688114	1.00018512665201	1.00019157541419	1.00016312086126	1.00074046978107	0.99999029308337	NA
0.999764334765761	1.00008406215726	1.00077439384625	1.00051364571552	1.00035922587658	1.00019780398512	NA
1.000724718632	1.0010662477374	0.999952172828177	0.999809394778326	0.999989367854209	1.00002470399134	NA
1.00037034994387	1.00006470413997	1.00005857764717	1.00044870175287	1.00001314640509	1.00096621022735	NA
1.00008625135318	1.00027607029501	1.00042540365312	1.0002823578301	1.00084139871352	1.00114127682759	NA
1.00016089579801	1.00022906351243	1.00015416056066	1.00035329505633	1.00075490130431	1.0000772644243	NA
1.00014614603413	1.00014198629797	1.00007337101481	1.0006761782161	1.00006591265222	1.00053909606407	NA
0.999861366813965	1.00126731632616	1.0000558046085	1.00048642911099	1.00024067478887	1.0008064392355	NA
1.00036510250343	1.00066509954844	1.00040028758198	1.00009289824007	0.999961461844652	0.999929438598883	NA
0.999981533081447	1.00008704891354	0.999919857358315	1.00001463804865	1.00010357301201	1.00025836742978	NA
0.999955537356947	1.00013027408708	1.00027302921223	1.0004586658812	1.00094687748326	1.00019881223805	NA
1.00101382874671	1.00035931441646	1.00016403258484	0.999797766672396	1.00000205442887	1.00005201545441	NA
1.00086338170217	1.00017929828456	1.00010047470676	0.99998969328497	1.0000201362415	1.0001131375334	NA
1.00069169715905	1.00076965263512	1.00011089151553	0.99991913432258	1.00034555785612	1.00066693963666	NA
1.00083967300374	1.00164584934031	0.999923869514293	1.00073027076066	1.00015284313679	0.99981220270027	NA
1.000055624667	1.00002859188659	1.00054310670095	0.999967803777118	1.0001472354281	1.00011650324797	NA
1.00007395302914	1.00081645708265	0.999867988474195	1.00067378888382	1.00052642257449	0.99978428494869	NA
0.99999884951722	1.00066753123294	1.00006007696433	1.00013204389994	1.00013349517335	1.00000194225349	NA
1.00023079102642	0.999787512782802	1.00067280518446	1.00058454447201	1.00052194439988	1.00034160520703	NA
1.00028692345566	0.999792138827806	1.00044865789839	1.00048539541153	0.999928349919228	1.00025560541555	NA
0.999791317278605	1.00048792643633	0.999742763036518	1.00104979894723	0.999823856797641	1.00025872428313	NA
0.999981297128138	1.00043768766682	1.00027346797462	0.999887817211751	1.00040360039471	0.999890110778332	NA
0.99984521156838	1.0005956351852	1.000118185832	1.00121042522968	1.00009325692964	1.00017469186548	NA
1.00018482626174	0.999777389369432	1.00001270923288	1.00038985128621	1.00000863871027	1.00000460258794	NA
0.9998447240103	1.00011609105884	1.00025527244004	1.0002255808701	1.00006572622672	0.999989398889549	NA
1.000308301297	1.00009565641078	0.99992872175951	0.999922526082241	0.999960153825481	0.999871975430223	NA
1.0002179527109	1.00016449098601	0.999876187669468	1.00093540429201	1.00099960455967	1.00222390160472	NA
1.00023665494501	1.00046918247476	0.999837336753513	1.00018000264456	1.00071153971916	1.00070010679538	NA
1.00002867094889	1.00014365930347	1.0001157128007	1.00000970169926	1.00014641722674	1.00032242988096	NA
0.999920680691512	0.999980465871564	1.00035074960778	1.00053458404292	0.999678709508177	1.00084357010828	NA
1.00051432309526	1.00038620574708	0.999931373050448	1.00097887247974	1.00063605694386	0.999835245332526	NA
1.00017103034775	1.00020791785136	1.00054626779394	0.999864717439657	1.0001599030743	1.00008358139454	NA
0.999832086251623	1.00055739887769	0.99999765786019	1.0004831325646	0.999947005455786	1.00078240421726	NA
0.9999481823453	1.00019339947699	0.999953841242928	1.00000817274604	1.00051033641828	0.999768264200627	NA
1.00006524415779	0.999985724295293	1.00021461448276	1.00033414564509	1.00040442646516	1.00001793463871	NA
1.00059330720937	1.00043757923445	1.00049900068432	1.00005422499882	1.00052194234327	1.00084397437505	NA
1.00050295996825	0.999745236116623	1.00018647111427	1.00075035212274	1.000551906861	1.00010647399585	NA
1.00080114500982	1.00069573287316	1.00051041483061	1.0006927212082	1.00147392470318	1.00022542366311	NA
1.00035603616739	1.00072338939834	0.99996591014157	0.999987465139591	1.00031233481481	1.00035020566709	NA
0.999784983191958	1.00019881920346	0.999983369511957	1.00005105895505	1.00030249788838	1.00074508499306	NA
0.999859482101754	1.00036798227191	0.999967213641725	1.00076846785794	1.00019002536504	1.00030550441686	NA
0.999971814251003	0.999875218771433	1.00082943814703	1.00007524416004	1.00052880181218	1.00007227889581	NA
1.00000051751417	1.00052450019155	1.00081915848888	1.00033824597865	0.999945878011964	1.00025625664135	NA
0.999879104185653	1.00064184732868	0.999780638293231	1.00072538069705	1.0002412698795	1.00030961729562	NA
0.999896357452663	1.0002391221727	1.00008487039559	1.00038885478994	1.00002072318583	1.00032391320971	NA
0.999933141794845	0.999932797489389	1.0004052668988	1.00048368220676	1.00046383886146	0.9999190782062	NA
1.00031895683795	1.00107713001084	1.00097615814575	0.999798854106923	1.00027720557504	1.00040615133875	NA
1.00086197315581	1.00045432901076	0.99966623549848	0.999866875175515	1.00111756521671	0.999903323103746	NA
1.00057400088168	1.00062041735418	0.99967796025154	1.00083567022112	1.00068424399253	1.00086929541424	NA
1.00000432037778	1.00089492642005	0.999788022664863	1.00024537462168	1.00016607780653	1.00003447338963	NA
1.00017873067715	1.00057461992741	0.999717159914155	0.999997709906755	1.00086549779857	0.999894422041121	NA
1.00002706944394	0.999867240378579	1.000028299803	1.00098416769063	1.00035779817905	1.0001968688232	NA
1.00002791831482	1.00043768303445	1.00028081088048	1.00012282458901	0.99990802058757	1.00033482808449	NA
0.999727221342223	1.0003962405601	0.999776760235579	1.0001489618501	1.00125147877439	1.00022292999594	NA
1.00065798475365	0.999891875048496	0.999935108491315	0.999752154666034	1.00037566644671	1.00033039980504	NA
1.00005475173108	1.0001705033241	1.00069813926268	1.00056521913323	1.00059978900495	0.999810292763125	NA
0.999763943013554	0.999797027663331	1.00008078083078	1.00057700807357	1.00020776146086	1.00057713300761	NA
1.0001622542606	1.00097066778246	1.00033975580381	1.0000385375901	0.999903272664906	1.0004737770588	NA
1.00011331525107	1.00001835987036	1.00017455453143	1.00031404036327	1.00036892461899	1.00002776372347	NA
1.00045345089225	1.00116570120235	1.00002773722968	0.999899654662262	1.00002787593656	1.0003269676714	NA
1.00021609543809	0.999930631441805	0.999945885477785	1.0005763789679	1.00028572289557	0.999695309808224	NA
1.00008619807282	1.00075207817393	0.99981118339165	0.999885839263728	0.999988776015977	1.00015281831986	NA
0.999868924066753	1.00090305733623	1.00024122970171	1.00103223589463	1.0000345782211	1.000014034337	NA
1.00038497454956	1.00024836622887	0.99984999287895	1.0004059195715	1.00028001188722	1.00035446260423	NA
1.00005316836165	1.00019201814101	0.999950995507088	1.0001921497555	1.00019377269661	1.00003756865831	NA
1.00012950647781	1.00043623233918	1.00014759050267	0.999976553500614	1.00043007164761	1.00038530028476	NA
0.999924431587417	0.999961712718739	0.999867201483407	1.00085098451817	1.00094503514755	1.00023438781279	NA
1.00004595819235	0.999858127735126	1.00069008000823	0.999772732615024	0.99984590526199	1.00030253201706	NA
1.00005152010873	0.999985961673211	1.00012574886326	1.00028888454109	0.999686827184005	0.999844428294831	NA
1.00004913756199	1.00085777614387	1.00002045674901	1.00091845129874	1.00023903435121	1.00012496785762	NA
1.00000000785109	1.00018799748658	1.00018854016437	1.00002392517795	1.00003806444441	1.00017062396512	NA
0.999893057933945	0.999903778460243	1.00008484306498	1.00016283390308	0.999839693791806	1.00007431004455	NA
1.00051931137739	1.00048425343971	1.00002378212686	1.00040249330009	0.999689867705442	1.00005189849803	NA
1.00026476976201	1.00005959958524	1.00046633842346	0.999912044965905	1.00043489433271	1.00015134163761	NA
1.00005271848126	1.00054230201498	0.999846893416366	1.00033257692548	1.0003140584511	1.0003777527765	NA
1.00122357667855	1.00004092244716	1.00004611237715	1.00018490265302	1.00057362198116	1.00045772577877	NA
1.00108210811585	1.00039503180984	0.999822017197165	0.999871215873469	0.999984458233252	1.00000875827827	NA
0.999895396623774	1.00029426538942	0.999802373571995	1.00006740707875	1.00013231505314	1.00004853055832	NA
1.00081986024494	1.00043875559676	1.00007353580107	1.00012261944627	1.00023802573737	0.999905884655786	NA
1.00040494380812	1.00066640837816	1.00026756461334	1.00022599389276	0.999930940932705	1.00045273586648	NA
1.00052795414787	1.00000099869241	0.999975944004232	0.999833688633614	1.0004270133335	1.00009525823465	NA
1.00025902665153	1.0002675827753	1.00027073592804	1.00115665185918	0.999911826329513	1.00045765426101	NA
1.00004163548675	1.00008752289281	1.00041986529073	1.00142723663337	1.00165764084937	1.00085272425935	NA
1.00036096219483	1.00008223674479	1.00051847352249	1.00048952440155	1.00078657817975	1.00012129982274	NA
0.999859794616911	0.999935111650244	1.0004491640634	0.999959768683204	0.999828354284741	0.999793026238392	NA
1.00042316501644	0.999952524145012	1.0001363301451	1.00018849371405	1.00043463285603	1.00010921411193	NA
0.999808330403349	1.00077820466722	0.999850438322662	0.999947428188625	1.00049716892503	1.00009122242769	NA
1.00011918183791	1.00073042278029	0.999976939822378	1.00160914677188	0.999947375997527	1.0002988936759	NA
0.999862318909892	1.00002673860714	0.999985822993679	1.00007778737531	0.999954134653377	1.00074205945556	NA
0.999942221778439	1.00006615781263	0.99971458477166	0.999649782084326	1.00024566510828	0.999716060106007	NA
0.99999485274562	1.00029790907591	1.00090296240955	0.999917086729709	1.00098760091441	1.00085698387095	NA
0.999997434386501	0.99980134266178	1.00012704919021	1.00056238369559	0.99989290977297	1.00015056103447	NA
0.99972996903264	1.00096204918425	1.00010586766424	1.00060025191713	1.00073375580292	0.999739963001969	NA
0.999794004532488	1.00020537788596	1.00004624981415	1.00050783881775	1.0012704712475	1.00024603635769	NA
1.00047331157383	0.999844103987144	1.00049934551028	0.999632461931056	1.00002073092929	1.00014965773273	NA
1.00041637411015	1.00018119273377	1.00012890640037	1.00007375380301	1.00103568837673	0.999984902537598	NA
1.00079554875885	1.00102252778506	1.00079814401236	1.00034662982281	1.00015614428216	1.0005977906949	NA
1.00054359255358	1.00085357347919	1.00052787527054	1.00013370866333	1.00048145862765	1.00030361192533	NA
0.999835351557589	1.00059150233592	0.999802657199543	1.00044700270631	1.00014059600147	1.00020477675538	NA
1.00040418383927	1.00031332411116	1.00041215387029	1.00031285273177	0.999915737831322	1.00022633683144	NA
1.0001252470633	1.00017131641944	1.00052695976111	1.0004641466921	1.00028976723721	1.00001522585105	NA
1.00026805612205	0.999832796899833	1.00016665637488	1.00009138565288	1.0000251238402	0.999943869505693	NA
0.999954294957926	1.00060653712042	1.00027844173176	1.00034928013977	1.00026917890346	1.00076738707179	NA
1.00019158445712	1.0000206071428	1.00029787583072	1.00048406430657	0.999749910026847	1.00047741516245	NA
1.00001555967705	1.00038908061651	1.00027333011584	0.999914873021592	1.00057601589947	1.00023873252008	NA
0.999919267587581	1.00022435253473	1.00013655806263	0.999834616629351	1.00049328733219	0.999891545119228	NA
1.00008351977069	0.999725008757572	1.00077819734829	0.999822969364854	0.999947357268826	1.00057224231759	NA
1.0001210540998	1.00064400612786	1.00005296063723	0.999884042443765	1.00015791167927	1.00016372381095	NA
1.00001722361136	1.0001351503385	1.00003330526258	0.9999269424256	1.00041056198183	1.00004498617476	NA
1.00009966811439	1.0010812604088	0.999850389388766	1.00006667116472	0.999790233021152	1.00006885016708	NA
1.00016573961677	1.00035942272226	1.00003834169854	1.00038514711562	1.00004839995431	0.999805529995559	NA
1.00050836108701	1.00083682757518	1.00058546698503	0.9999092317722	1.0011006798509	1.00020164199478	NA
1.0005395743677	1.00059771361916	1.00018510725995	0.999796529109351	1.00034305348569	1.00025175734647	NA
1.00082727768125	1.00053363572939	0.999938660658723	0.999912078677631	1.00038701789225	0.999719074135234	NA
1.00023547602562	0.99991776984882	1.00011237382499	1.00047691293147	1.0003455393588	0.999918697646837	NA
0.999943522920045	1.00035341636851	0.999742392425999	0.999862843834991	1.00027930051655	0.999935374491252	NA
0.999946786896371	0.999981854174797	1.00021504560488	0.999733678168834	1.00000404670996	1.00041370918554	NA
1.000270008816	1.00014437627455	1.00006486823614	0.999895821992996	1.00018029152068	0.999949279689414	NA
1.00045518950018	1.00082120729788	1.00016835805064	1.00073300406615	1.0007075583641	1.00052065323709	NA
1.00074098032648	1.00013131715209	0.999764997829928	1.0003005461087	0.999956715188326	0.999949116271923	NA
0.999890850240167	1.00034455195987	1.00028479674722	1.00023938900496	0.999795732468195	0.999933649293197	NA
1.00005505204144	1.00026531027728	1.00023134890641	1.00048339292032	1.00068298083859	0.999933429810754	NA
1.00031517450463	0.999704414322323	0.999741394881275	1.00028951478481	1.00080582774525	1.00036388975224	NA
1.00004671577099	0.999794679833654	1.000105678548	1.00021357334405	1.00038287332561	1.00015583062753	NA
0.99988548300798	0.999806644081587	0.999894561912992	0.999840216426626	0.999853033884701	1.0000373107811	NA
1.00034180200993	0.999982386412528	0.99982339036275	0.999940974580215	1.00204659965584	0.999850289974517	NA
1.00112810999872	0.999845896245001	1.00005959263055	1.00132304129296	0.999882066566398	0.99998072800174	NA
0.999885017816974	1.0002816258964	1.00023020967969	1.00009884464471	1.00002901246689	1.00020358551349	NA
0.999807396900826	1.00027776993246	1.00009794954187	1.00051572488517	1.00054323375338	0.999905283863011	NA
1.00018326564227	1.00067576446074	1.00037629046778	1.00008764100241	1.00047682162855	0.999995817242127	NA
0.999833338302281	1.00002327900615	1.00007309929121	1.00096694512448	0.999972157682056	1.00006372021746	NA
0.99975957017244	1.00001954461924	1.00014227453613	1.00016212968874	1.00003152987095	1.00026431209397	NA
1.00008115379394	1.00040709506085	0.999924387554217	1.00043367105036	1.0000733926039	0.999988742202707	NA
0.999947783386681	1.00048715417524	1.0002213080752	1.000119936496	0.999890741595328	0.999986834682456	NA
1.00013291268569	1.00062977482222	1.00063372278598	1.00065948157775	1.00062066101532	0.999964329390793	NA
1.00055843908518	1.00081549215104	1.0004427213541	1.00043364641012	1.00009209522778	0.999761445698778	NA
1.00069426326899	1.00212507676586	1.00043160718471	0.999911183547352	1.0005255811483	1.00033851740132	NA
1.00009051556874	0.999808071843599	0.999868865315677	1.00023422927047	0.999664887274187	1.00090982884954	NA
1.00046933776556	1.00000606465208	1.00036061208564	0.999871553150602	1.00026686880002	1.00013762359784	NA
1.00003051104669	1.00103647903777	0.999730247657052	1.00038436569585	1.00010156846958	1.00034593052042	NA
0.999702519395282	1.0006248439661	1.00017291720828	1.00028628525542	1.00113436884259	1.00070472737249	NA
1.00019348417026	0.999919847995457	1.00001129874445	1.00070841473661	1.00016133953705	1.00131222339263	NA
1.00056439586369	0.999747014564716	1.00072092462734	0.999971681810986	1.00080793273955	1.00115374119639	NA
1.00037084019851	0.999846738512954	0.999915347859797	0.999866864317579	1.0012213804288	1.00068277400144	NA
1.00123132039254	1.00006161835936	0.999968894658492	1.00020712465659	1.00057476112879	1.000321999027	NA
1.00047056981757	1.00024539352272	0.999938979177064	1.00032171318571	1.0000830199932	1.00015828719316	NA
1.00003870837541	0.999845543800439	0.999854462525964	1.00028364358157	1.00000089808268	0.999875232184852	NA
1.00035180450633	0.999967549149493	1.00025860440061	0.999946141391664	0.999973198390232	1.00005149309371	NA
1.00026513385184	1.0002940042209	1.00026273056637	1.00044154670155	0.999928778515018	1.00029787052804	NA
0.999911165389548	1.00015199675526	1.00023815757239	1.00046477273393	1.00075793108138	1.00047502927814	NA
1.00025119867401	1.00097313388921	0.999954189481	1.00124350361176	1.00032902415992	1.00125286288112	NA
1.00058789455843	1.00098980441207	1.0004436012975	1.00095132585778	0.999892125647809	1.00042607963108	NA
1.00026442009877	1.0003218190078	1.00082630505139	1.00036656256283	0.999936668624468	1.00018253934811	NA
1.0004686535212	0.999887014330021	1.00049190382204	1.00055582534946	1.00024987252297	0.999843635616014	NA
1.00002838795648	1.00101334796527	1.00051329266339	1.00013800157901	1.00015539414851	1.00024415946074	NA
0.99985557870935	1.0001411595234	1.00058856116361	0.999921623121508	1.00046847677594	0.999867538684748	NA
0.999964214526532	1.00050451642423	0.999820807020226	1.00093529338067	1.00014251591931	1.00006422124697	NA
1.00002841375969	1.00053542512074	1.00062339010394	1.00015976593199	0.999836568155799	1.00025811121573	NA
1.00015882382334	1.00059420078996	1.00020954177632	1.0008151003262	1.00005642241419	0.999871828293475	NA
0.999939551355495	0.999848119965388	1.00009048903864	1.00010494881707	1.0000237377922	1.00030184401747	NA
1.00001404018265	1.00036489549839	0.999939118274424	1.0002808890955	0.999782643910288	1.00013846228933	NA
0.999985971998213	1.00015951199935	1.00039882766656	0.999936545353962	1.00009843583655	1.0007789874211	NA
0.999904213184289	0.99994691048224	0.999924754447626	0.999932132952138	1.00079356471122	0.99977678468625	NA
1.00023829185086	1.00036032022712	1.00066331113753	0.999939367640879	1.00016651949195	1.00032498043611	NA
1.00008097374853	0.999816411190567	0.999821043638151	1.0002819773876	1.00068702371337	1.0003926147515	NA
0.999955877711726	1.00048084226176	1.00042021150558	0.999842061730891	0.999903084210944	1.00016473657686	NA
1.00004545022885	1.00053156700819	1.00089385433005	1.00025093278537	1.00100311598523	1.00051818894916	NA
1.00056990917962	1.00087859816456	1.00001657035668	1.00004879253108	1.00054872128152	1.00043846439005	NA
0.999756593505534	1.00006686006429	0.999860521757914	0.999754395809855	1.00014421420587	1.00056858869508	NA
1.00078931332622	1.00075723643497	0.999878752919749	1.00014126662023	1.00028652286978	1.00042258183536	NA
1.00041148394092	1.00038142922228	0.999978228074237	1.00080703965274	1.0009401189661	1.00033815048028	NA
1.00049152417969	1.00071339372127	0.99992393435838	0.999963542702439	1.00036614597069	0.999919673797657	NA
0.999838690477593	1.00048630708184	1.00007783114372	0.999868016918044	1.00017892036142	1.00038091916921	NA
0.999944739792921	1.00009424670999	1.00024508426302	1.00004267416204	0.999833192937038	1.0001614018171	NA
1.0002780047184	0.999760034189568	0.999858307351075	0.999848428146733	0.999724041248383	1.00007998587897	NA
1.00008879817848	1.00043829641818	1.00004686815779	1.00063074458258	1.00042789902143	1.00014993045638	NA
1.00035747050963	1.00086918196657	1.00013454285453	0.999970558155703	1.00001233054386	1.00048325711037	NA
1.00117429740593	1.00004458905792	0.999989955844141	0.999921299062811	0.999909007897929	1.00033229114243	NA
0.999938536444419	0.999921024506906	1.00034877068322	0.999966018929443	0.999881353521283	1.00004813531281	NA
0.999999285475384	1.00015402806546	1.0000755404671	1.00108386425047	1.00015640247295	1.00022561140221	NA
1.00059088519641	0.999997337256648	1.0006078365717	1.00013951359482	0.999791434556654	0.999816496042998	NA
1.00027080943637	1.00072337923752	1.00002772244529	1.00003895118507	1.00000982135271	1.00008038104055	NA
1.00079407094727	1.00016363889363	1.00213178728282	1.00012357284731	1.00046947169067	0.999818636301728	NA
0.999915133399184	0.999798530223459	0.999901606688013	1.00024728403975	0.999986339237953	0.999997229282808	NA
0.999917750367605	1.00002659630145	1.00007870263391	0.999703241744173	1.00014727361525	1.0004442543073	NA
0.999966254670763	0.999907415912329	0.999969421504179	1.00017426027981	1.00036379592549	1.00013014787167	NA
1.00054770200933	1.0013513110673	1.00025373757191	0.999848012917811	0.999966577402044	1.00025175841388	NA
1.00014413254364	0.999876449235931	0.999804620984409	1.00015043024459	1.00032932622016	1.0004017000219	NA
0.999833825510445	0.999801673024622	0.999961287063961	0.999885330817163	1.00022286960615	0.999797214769204	NA
0.999901915567652	1.00028665444405	0.999776205030771	0.999967409845824	1.00036657996253	0.999975783378987	NA
1.00141154827942	1.00126002075955	1.00040869182413	1.00021357975144	1.00042077443562	1.00043018448886	NA
1.00000138195035	1.00006644029933	0.99986958576594	1.00109182244804	1.00042458974734	1.00008759066211	NA
0.999879289044026	0.999894376571977	0.99996331846533	0.999903851129249	1.0002988528287	1.00018616318692	NA
1.00038277623764	1.00005664007313	0.999952337330521	1.0001144351955	0.999915640791389	1.0005123606924	NA
0.999714588732398	1.00047869339249	1.00052277416925	1.00001273638644	1.00037769556779	1.00054334813257	NA
1.00009960989261	1.00023337484917	1.00009401279653	1.000759571022	1.00020807814022	1.00017860923018	NA
1.00054553671219	1.00028825072704	0.999956086827768	1.00065722981715	1.00101734080391	1.00016854027605	NA
1.00004503184136	1.00099899649763	0.999962487943392	1.00038954507413	1.00022649896044	0.999856402618223	NA
1.00004072878383	0.999915145948259	1.0000975518204	1.00031206937254	1.00036628654479	1.00071128201489	NA
0.999926011427855	0.999919244089909	0.999952194048138	1.00064053966113	1.00062574984966	0.99996229616367	NA
1.00065837731387	1.00036466114051	1.00000792733581	1.00024426913808	1.00039061100695	1.00025850996458	NA
1.00029011472637	1.00030873711235	0.999769976284975	1.00038659872437	1.00052281085601	1.00028918467515	NA
1.00003645487571	1.00021335250205	1.00034812385795	1.0007927436519	1.00044511431737	1.00023146074535	NA
1.00022458310011	1.0001870495519	1.00063071360187	1.00015877324536	1.00001652108984	1.00053838032649	NA
0.999696146272676	0.999809708057083	0.999737309229489	1.00066408555271	0.999931685210867	0.999822513923435	NA
1.00100442772596	1.00080882721871	1.00010235640685	1.00018524718662	1.0010613288066	1.00030249724401	NA
1.00024643928526	0.999735283131238	1.0000535314926	1.00023453748206	0.99992705011324	1.00046272122965	NA
0.999928383654952	0.999879556464248	1.00007379767935	1.00026379111701	0.999822579790684	1.00005889175892	NA
1.00000910552671	1.00039227104981	1.00056754727586	1.00162492107661	1.00054639489534	1.0001794133026	NA
0.999755221262283	1.00053010274084	1.00029564140214	1.00027776291432	1.00007842498891	1.00010523550889	NA
1.00049818748582	1.00059896995003	0.999908563601473	1.00000326694086	1.00049618735052	1.00019011422545	NA
1.00033493785294	1.00060470886895	0.999828890257654	1.00023214338241	1.00111261995613	1.00032355389216	NA
0.99989962769249	1.00073127749215	1.00038766848944	1.00047101908022	1.00068749848473	0.999736649222405	NA
1.00036711095737	1.00018797680338	0.999994123285201	1.00070176317594	1.00008704498352	1.00036335296281	NA
1.00002164962445	1.0003871029308	0.999939495205405	1.00008466852626	1.00047536556917	1.000275693321	NA
1.00078981114893	1.0008727128842	0.999873355549263	0.999861823009886	1.0001448350884	0.999887086702027	NA
0.999946695842065	0.999918700496503	0.999901521563716	0.999776250389192	1.00065885317126	1.00026063099563	NA
0.999853003339084	1.00030012761123	0.999744157251871	1.00031940828397	0.999973616742275	1.00022061687186	NA
1.00010376466223	1.00057370416329	1.00092211504225	0.999731686081056	1.00005880522059	1.00012248159386	NA
1.00051593931447	1.00047160148754	0.999689081852116	1.00028161564868	1.00023687491292	1.00010359855795	NA
1.0009024985221	1.00106227300452	1.00050720739123	0.999953599922455	1.00120787795383	1.00023890694569	NA
1.00037654008962	1.00050848648	1.00068601623105	0.999690155306619	1.00004905202795	1.00070454453905	NA
0.999864749838015	1.00002852834453	0.999989135621743	1.00105195869766	1.00040310310549	1.00024758702897	NA
1.00089504268862	0.999833682347276	1.0002773700626	1.00027514516303	1.00074557046271	1.00050049376261	NA
1.00106309309272	1.00045340645731	0.999687150717084	0.999816652138528	0.999923749867541	1.00023449558721	NA
1.00101075752949	1.0007698339853	0.999911759345447	1.00013324108854	1.00053759666422	1.00023669746038	NA
0.999759400959504	1.00044286680971	1.00033294772453	1.00043965126286	0.999954137493664	1.00029780474795	NA
1.00002565916898	1.0008478193579	1.00005124598605	0.999986610965443	0.999933610251062	1.00000873452384	NA
0.999781861292859	0.999810295272042	0.999985541252577	1.00012671686295	0.999919218862617	0.999960000316822	NA
1.00033450089606	1.00023074552073	1.00028172549759	1.00043149327817	1.00068237768383	1.00037827107641	NA
1.00100824916981	1.00019655058608	1.00037328210254	1.00042291662929	1.00011998087249	1.00057708281832	NA
1.00035343245925	1.0000714775436	1.00055110761169	1.00036744633458	0.999867854067441	1.00017807205615	NA
1.00011309085902	1.00102246223986	1.0000220669531	0.999830716361238	1.0003012063741	1.00021680744948	NA
1.00014926782728	0.999887044022328	1.00007279697626	1.00030752420504	0.999993167428729	1.00007319754676	NA
0.999931571987679	1.00048260625781	1.00014732295062	1.00060370886057	1.00035968704591	1.00065175339016	NA
1.0001305476552	1.00004175402065	0.999820796372685	1.00044011806924	1.00004835714965	0.999936138100822	NA
1.00078783981244	1.00026808765935	1.00020007040026	0.999872695192522	1.000495549247	1.00020213047585	NA
0.999965326457868	1.00062687723906	0.999959412030302	0.999967504079318	1.00012195513532	1.0000575686463	NA
1.00017336835003	1.0001868575464	0.999782157541896	0.999976033962205	1.000886415974	0.999784057615362	NA
1.00069295876784	1.00068097402901	0.999892770839469	0.999778718921127	1.00027864559742	1.00049960940114	NA
1.00006097181961	1.0002456251141	0.999835926199355	1.00053434421763	1.00026979051164	1.00011863495283	NA
0.99969225273401	0.99980626401423	0.999987525838073	1.00085432620016	1.00036981901961	0.999918207746294	NA
1.0002450634846	1.00013917926864	0.999982161304322	0.999993060341242	1.00023218588027	1.00008321791029	NA
1.0010010680707	0.999975440135989	1.00059923986829	0.99992217590128	1.00024155881514	0.999785870009925	NA
1.00069380540541	1.00013024330725	1.00077067420303	1.00014509876119	1.00010367934988	0.99977060667558	NA
1.00004376460554	1.00012211605535	1.00029596480229	0.999966739829717	0.99996390727375	0.999924703047145	NA
1.00001567497479	1.00106377883144	1.00005796099171	1.00121327823866	1.00083343229727	1.00026866938967	NA
0.999836415873198	1.00001844717036	0.999864012650624	0.999964381050908	1.00004143380459	1.00049016596338	NA
1.00013227545501	1.00008395441274	1.0005168880538	1.0000260230818	1.00159973309103	1.00005123009707	NA
0.999946533891473	0.999878664583289	0.99982555309844	1.00012745270056	1.00016240082231	1.00035518033326	NA
1.00007046116479	0.99987168282607	0.999943571116493	0.999916440899105	1.00004181103799	0.99979422974681	NA
1.00093165418495	1.00048810977847	1.00011113592241	1.00022384827827	0.999816351219779	1.00007238386369	NA
1.00002074231531	1.0002937814797	0.99999816653686	1.00069856176478	1.00186186208454	1.00041112129219	NA
1.00079243609651	0.999975879482992	0.999898555924903	0.999936115993564	1.00090181997121	0.999935414717302	NA
1.00010144793571	1.00014417267005	1.00041143734241	1.00010722947231	1.00031252929464	1.00012673819486	NA
0.999867268539652	0.999957403299301	0.99979574902253	0.999801700275256	1.00071871407157	1.00047041924721	NA
0.99978575262301	1.00016058541162	1.00009358890913	1.00027774661721	1.00055328350518	1.00021220582374	NA
1.00002691607264	1.00024314442066	1.00011824939595	1.00025776652204	1.0003298316865	1.00148262403068	NA
1.00088113364834	0.999746954263227	0.999914107381804	0.999786746478104	1.00016770502281	1.00063492694916	NA
1.00033318683905	1.00017576089652	1.00040454580284	0.999954867152511	1.00043369235296	0.99986540667217	NA
1.00000457537733	0.999858479463048	1.00001922291245	0.999919611641523	1.00017313907516	1.00004921214721	NA
1.0001104246403	1.00000422384783	1.00040853254953	1.00022179243866	1.00045766418963	1.00045738537116	NA
0.999823121274873	0.999912786646852	1.00045438478581	0.99976976615484	0.999736585898622	1.00122413836054	NA
0.999938006636047	1.00165313538458	1.00009990605692	0.999780470970845	0.999911945626045	1.00046721649093	NA
1.00137221630741	1.00152466234103	1.00007171320923	1.00096012509329	1.00050372254287	1.00042121036823	NA
1.00007501105171	1.00039365479993	0.999947711280695	1.00013983512176	1.00039184685629	1.00030160021391	NA
1.00111322800515	1.00096921555399	0.999853912704025	1.00022984646187	0.999978996893969	1.00032185249802	NA
1.00023910084694	1.00012715973984	0.99990464277547	0.999925127864318	1.00076104921116	1.00001313171203	NA
1.00036080472183	1.0011492575336	1.0002438757069	1.00028990576717	1.00021566124161	1.00032282616036	NA
1.0003358260624	1.00022919287749	1.00020490249042	1.0000567247956	1.00035362405748	1.00080792344689	NA
1.00004041133152	1.00085337389125	1.00031546447322	1.00111550677403	1.00014673127062	1.00030195592841	NA
1.00131405228396	1.00014075007549	0.999826285591427	1.0003849166528	1.00022770173344	1.0005948933269	NA
1.00048874084878	1.00027896523333	1.00058815549804	0.999762946404834	0.999962566775274	1.00031202366022	NA
1.00046922825212	1.00029707566598	1.00015041616512	0.999888075021053	1.00025190987299	0.999658197678722	NA
1.00070584901486	1.00033291105272	1.00006356421429	1.00054704816578	1.00050463056899	1.0003005288403	NA
0.99992308028642	1.00011069608856	1.00020564498106	1.00059585670922	1.00059975852122	1.0007379799538	NA
0.999764495412861	1.00019650989103	1.00006456548561	1.00124053047328	1.00011026242672	1.00000878938941	NA
1.00007866491784	1.00036783729236	1.00010561672505	1.00021812273242	0.999785486514197	0.999965075261443	NA
1.00045146258878	1.00098012976452	0.999999653272517	1.00018715154498	0.999740716837402	1.00123320024768	NA
0.999960342806047	1.001601777926	1.000724973117	1.00004516568864	1.00083676417073	1.0001237611623	NA
1.00010979082998	0.999836122394127	1.00022388019184	1.00005355261114	0.999990377021997	1.00101103633993	NA
0.999919851287419	1.00086820162953	1.00019481491555	1.00014554276262	0.999923911830856	1.00067688824441	NA
0.999909048370518	1.00013173063306	1.00047434026838	1.00054554823996	1.00003867390101	1.00044320592903	NA
0.999985004897112	1.00113324649832	1.00042446009367	1.00024170406446	1.00032049354845	0.999966312062239	NA
1.00061747464965	1.00077796934324	0.999921902752674	1.00028527631192	1.0001386963253	1.00030660779459	NA
1.00043036402974	0.999968359376568	0.999980822233996	1.00111816316053	1.0010087970399	1.0005239779775	NA
1.00020970517938	0.999787021525621	1.00032935604004	1.00020332268234	1.00044555097248	1.0000725467204	NA
0.999897858228742	1.00113487709687	0.999918052897835	1.00026893626806	1.0004982319462	1.0001840844615	NA
1.00017886578034	1.0001138221595	0.999931764181709	1.00045822300548	1.00023107460931	1.00056536155312	NA
1.00025163637645	1.00012479224346	1.00016380721459	1.00055770537941	1.00058949992491	1.00027907151084	NA
0.999896332278744	1.00007878857956	1.00010817137908	0.999844770852873	0.999746041338162	1.00051601817761	NA
0.999827055267671	1.00026766424747	0.999752122329119	1.00001657466792	1.00002677565781	0.999935460311695	NA
0.999739718249456	1.00001612290729	1.00009737822639	0.999983668843466	1.00016451348421	1.00020466407203	NA
1.00005710939735	1.00020052871331	1.00001840875292	1.00030483983881	1.00029943582692	1.00113344731952	NA
0.999913144780915	1.00035431161443	1.00055896940304	1.00015881213433	0.999820606392108	1.00033730838695	NA
0.999972460701402	1.00026367224105	0.999957902086664	1.00010827066793	1.00022064915449	1.00022535615277	NA
1.00029710988758	1.00013470154244	1.00006569107914	0.999992389671002	1.00015274124702	0.999784082102515	NA
1.00043845100088	0.999656283848311	1.0003032974286	1.00002117513028	1.00003487715278	1.00037469269327	NA
1.00017046390145	1.00054416368585	1.00027420458229	1.00041434617876	0.999939931213166	1.00002474331873	NA
0.999691602615514	1.00027541530404	1.00011352185539	1.00003633700261	1.00004322526857	0.999866035645447	NA
1.00005362911884	1.0005177186185	1.00042124360235	1.00011905684357	0.999998635517952	1.00026867842091	NA
1.00008800320028	0.999690828747037	0.999817644852572	1.0001417084427	0.999868748253645	1.00017118825649	NA
0.999761978999557	1.00017525699231	0.999750597100653	1.00047222005511	1.00010126876002	1.00012134179782	NA
1.00016669088408	1.00005266105278	1.00001473998697	0.999924201979809	1.00016643532665	1.00121958689385	NA
0.999814442447561	1.00041480570688	1.00056444920724	0.999954412828677	1.00007859884185	0.999950908377858	NA
1.00017739441503	1.00069866742887	1.00024451211687	1.00052402689749	1.00051766809681	0.999975038960175	NA
1.00015317960344	0.999956746469217	0.999990583498014	0.999974848087864	1.00016215484488	1.00066203069453	NA
1.00084400610783	1.0001685222538	1.00007690687541	0.99983257264915	1.00036450152483	1.00016410930536	NA
1.00015279002737	0.999678261352247	0.999728632684321	0.99999437492476	1.00048275370641	1.00064032824484	NA
1.00055372900161	1.00004810154562	1.00025957061325	0.999698239544016	1.00031417295191	0.999797441040489	NA
0.999994072567848	0.999823882044337	1.00018469267705	1.00003651818834	1.00019913364144	1.00016554025979	NA
1.00008478218468	1.0009996049858	1.00038314900141	0.999878267944835	1.00015070585432	0.999889035883455	NA
0.999962279753968	1.00042879421852	1.00094829000954	1.00091672609485	1.00063901318222	0.99981999978973	NA
1.00015124366426	1.00013190911648	1.00009366436276	0.999874659615845	1.00005150908786	0.999784801600112	NA
1.00005412589195	1.00076521403811	0.999899385378667	1.00018046554568	1.0009223255461	1.00030175870864	NA
1.00009840542461	0.999926866403128	1.00110465482459	0.99990628040741	1.00047999533339	1.00001678428927	NA
1.00012501504568	0.999985324870341	1.00006003749681	1.00030207668666	1.00045602836182	1.00029974923939	NA
0.999761117217533	0.999726276082169	1.00001788931228	1.00022260037576	0.999843793202873	1.00044172231667	NA
0.999898566937208	1.0006856566761	0.999679436624636	0.999830030143262	1.00047349678139	1.00015436373144	NA
1.00008791274193	1.00007260034847	1.00022053927399	1.00008664090367	1.00015504954105	1.00025038952241	NA
0.999900104896464	1.00004304972538	1.00031456568809	1.00054202872046	0.99989230595306	1.00030150734352	NA
1.00055579935217	1.00042746807465	1.00035170537314	0.999771187076883	0.999884211359409	1.0000782173694	NA
1.00005915091909	1.00149213701886	1.00025100963764	1.00073131955913	1.00176705346177	1.00035355109482	NA
1.00030037025123	0.999747784730671	1.00008289580043	1.00027463776693	1.00032576786942	1.0002499530709	NA
1.00003261649507	0.999982726437908	0.999970743158416	1.00036569170671	1.00066692640961	1.00013178124522	NA
1.00026795137515	1.00038030162342	1.00001885528028	1.00012283690088	1.00027907936557	1.00029471829125	NA
1.00089960974111	0.999992817795447	1.00049360949272	1.0014073665628	1.00049666917713	0.999994951637398	NA
1.00014421656669	0.999807898835535	1.00043966861124	1.00028716278852	1.00044353796505	1.00042880249597	NA
0.999998996350904	0.99979910516977	0.999828567446141	1.00010884095649	1.0002378394325	1.00061506637789	NA
1.00015255227899	1.00008604140101	1.00036605439323	1.00012541682036	1.00001722148197	1.00010005689596	NA
0.999933429849955	1.00039738093423	0.999720413891379	0.999955179961496	1.00137190227535	1.00004603002063	NA
1.00020224410936	1.00121850145794	1.00001479991563	1.00026688083288	1.00032731760664	1.00032382059728	NA
1.00070424020881	1.00039996889445	1.00036383276501	1.00013792844043	1.00086186526067	1.00022658162939	NA
1.00012333337271	1.00012703075701	1.00032014155795	1.00004955603259	1.00012964628935	1.00007906287684	NA
1.00072226915543	1.00023572923999	0.999901399398548	0.999736111886079	1.00026819731179	1.00022400491897	NA
0.999656198713032	0.999829572243895	0.999973836050442	1.00053769023777	1.00041548575213	1.00030827685237	NA
0.999857532820616	1.00031865317379	0.9999173979769	1.00003707657416	0.999898344955476	1.00028216394996	NA
1.00038478089075	1.00084427580524	0.999793657779316	1.00011104790168	1.00021940177061	1.00016336713697	NA
1.00014108930966	1.00017335823168	0.999906483389605	0.999891866034567	1.00051988672588	0.999917502817104	NA
1.00013163773928	0.999887992388684	1.00045790347515	0.999921496909017	1.00040532757577	1.000332246555	NA
0.999987195252794	1.0004589427613	1.00022728817943	1.00007148480876	1.00022977203727	0.999830882228577	NA
0.999868598978955	1.00075768397654	0.999889886718576	1.00018740897067	1.00026366111928	1.00032068642261	NA
1.0000778761079	1.00077291950049	0.999854965521769	1.00045806127864	0.999901366547991	1.00097632010135	NA
0.999900562508817	1.00007181027868	0.999850048838337	1.00064536571223	1.00015805129605	0.999816135332242	NA
1.00098441286946	1.00072994335714	1.00043543033474	1.0001724895018	1.0002326853932	1.0000951697584	NA
0.999725209760107	1.00072924600131	0.999975009875653	1.00019507513202	1.00057341064552	1.0003599446558	NA
1.00009085722425	1.00032746153737	0.999886305233883	1.00000868633701	1.00060131898358	0.999747642694959	NA
1.00017650862978	1.0003415139531	1.00057906859066	0.999808508847132	1.0002930881178	1.00006864360132	NA
1.00014245519717	1.00026484118199	1.00057661163082	1.00025519054996	0.999781775345808	0.999780856994364	NA
0.999881702290765	0.999941743161302	1.00023839260261	0.999928576481247	1.00015768747983	0.999931028533372	NA
1.0005666934021	1.00099722576551	1.00031289437155	1.00026580224193	1.00006088287619	1.00033195643427	NA
1.00002794247061	1.00042053067545	1.00008970928794	1.00037435040264	0.999953016427731	0.999976252954995	NA
1.00028652963898	1.00019245131332	1.00040520796936	1.00000811885595	0.999862952622693	0.999785949704951	NA
0.999974413074114	0.999866742937385	0.999996948883962	0.99994654636516	1.00032400585113	1.00041935137573	NA
1.00022576786373	1.00081543948966	1.00024321479536	1.00010978949406	1.00001963517792	1.00003905060295	NA
0.999843332590858	1.00036352063217	0.999976484176415	1.00062987409131	1.00026410604944	1.00049693443031	NA
1.00010087547984	1.00055731820229	1.00000677923101	1.00034990704635	1.00064239569965	1.00034281270411	NA
0.999945220449684	1.00064371299937	1.00063927168908	0.999858745440268	1.00026776446672	1.00001539216865	NA
1.00014965806731	0.999800135035654	1.0004385189202	0.999810425107152	1.00032959541802	0.999987009513939	NA
1.00016603829437	1.00031809116364	1.00016660967384	0.999996308927883	0.999919547074788	1.00067848389975	NA
1.00010278389024	1.0001026901152	1.00090783068293	1.000651395169	1.00106042258237	0.999988258671042	NA
1.0006070432878	1.00111878664999	0.999754044150956	0.999804703310917	1.00016589641164	1.00001827535109	NA
0.999878104309001	1.00046927939269	1.00027703123358	1.00023655927768	1.00005893784775	1.00043294209862	NA
1.00085968125351	1.0016034511135	1.00038883969607	1.0004487928991	0.999775675655427	1.00053675499173	NA
1.00081371176196	1.00056340609073	0.999724111107887	1.00027458619326	1.00004831088995	1.0006143196025	NA
1.0000169741008	1.00020630708413	1.00039433385524	1.00012457523585	0.999900249274641	1.0005055715517	NA
1.00001988360011	1.00012338939496	1.00017241014887	1.00018020506462	1.0009932797083	1.00017481843302	NA
1.00018495156807	1.00015948159437	1.0002751123691	1.0005097303786	1.00002754908924	1.00072690490756	NA
1.00069172959048	0.999837924065988	0.999699244680484	1.00023194976419	1.00016730691608	0.999662348314078	NA
1.00064419355676	1.00011964811069	0.999820602572835	1.00060500581146	1.0008569150106	0.999787372114924	NA
0.999886381990262	1.00029546899876	0.999839908828083	1.00084683038521	1.00058030141842	0.999914701838297	NA
1.00082686208456	1.00034101907757	1.00044434036487	1.00045234344896	1.0003174039551	1.00036198235015	NA
1.0014710359579	1.00011117114287	1.00033457071653	0.999918726498324	1.00019254670677	1.00076973783825	NA
1.00021872879411	1.00048539439587	0.999987542101934	1.00000511172741	1.00019144971477	1.00026596694253	NA
1.00031301216803	1.00024733226348	1.00004129286378	1.00040277962074	1.0004627356946	1.00018267439319	NA
1.0000414820881	1.00020913842069	0.999801167509745	1.00012134009696	1.0001226104441	1.00008773399378	NA
1.00078463734455	1.00121297859691	1.00007920229438	1.00048854363602	1.00065470057624	1.00000655726456	NA
1.00013027172618	1.00019046402268	1.00058258836324	0.999819454931039	1.00007534621844	1.00022414640426	NA
0.99975707278899	1.0007734252879	1.00060860380858	0.999966490679861	1.00000785780696	1.00036615366566	NA
1.0002349022522	1.00060380490618	1.00040912010351	1.0005287069684	1.00037754256784	1.00029694012197	NA
1.00093688220258	1.00008852759573	1.00009720591221	1.00055078225013	1.00033619972523	1.00041463777497	NA
0.999895706080594	1.00010398715434	1.00008050566337	0.999701477472275	0.99974862543992	1.00046643786865	NA
1.00013406399762	1.0002412274339	0.999994668908256	1.00007278851359	0.999991632535618	1.00146946102659	NA
1.00057107750059	0.999750882153286	0.999916589939299	0.999789340177251	1.00028005292969	1.00114358338366	NA
0.999833614129031	0.999882811990281	1.00013608864397	0.999838643028994	0.99969216527343	1.00066426199993	NA
1.00020439979538	1.00004714931284	1.00006010566679	1.00048555139613	1.00058457607844	1.00006159006296	NA
0.999845972399635	1.00002458157824	1.00036029812959	1.00035850505827	1.00053275095987	1.00016945358244	NA
1.00022688104225	1.00013466025774	0.999953485278496	1.00041458776714	0.999644914959307	1.00012119079145	NA
0.999735678255962	1.00041328775845	0.999927375655379	0.999956890411165	1.00066988450574	1.00051774329979	NA
1.00009827067633	1.00055425466576	0.999867341487199	1.00063882193797	1.00011927504075	0.999717768748977	NA
0.999984066621244	1.00087200389151	0.999861626437723	0.999777354963176	0.999952222668102	1.00097191991804	NA
1.00028217902447	1.00003620666504	1.00038697810165	0.999875409787976	0.999992299961921	0.999710503504239	NA
1.00007908911839	0.999976815913732	1.00022011582805	1.0001733988824	1.00089179188462	0.999973544991006	NA
1.00030175875252	1.0000571898252	0.999761237165167	1.00004800559209	1.00013696644287	1.00080436505186	NA
1.00012972405089	1.00002063599561	0.999991978268052	1.00038593295249	1.00003539355687	1.00002215037812	NA
1.00044452819386	0.999967475662881	1.00053255299973	1.00050257880054	1.00016309821589	1.00069221182406	NA
1.000145510863	0.99988644656558	0.999990152738483	1.0001210058386	1.00053233972658	1.00096290401342	NA
1.00067690160483	0.99988385142759	1.00060475638649	1.00030099622799	0.999987988652474	0.999885212929228	NA
0.999963298744652	1.0002775857909	1.00008547524409	1.0006162823736	1.00001999195963	0.999983283972452	NA
1.00006723042875	0.999962283390319	1.00042006480954	1.00015838439211	0.999854184452728	0.999962325392026	NA
1.00010410308645	1.00017535641381	1.00002795660364	1.00013779963596	1.00121090675245	1.00078618035819	NA
1.00041356539306	0.99993720438683	1.00001141708547	0.999870989386182	1.00000512673463	0.999959575576986	NA
0.999763775839747	1.0006384600672	1.00009897323612	0.999847105540907	1.0010323735057	1.00072600319566	NA
1.00022011424373	1.00001432389142	1.00022199076236	1.00042088408908	0.999881500998494	1.00074197099829	NA
1.00035738187637	1.00015304123666	0.999820062507752	1.00029942313265	1.00072572888487	1.00015106434111	NA
0.999929201589541	1.00029059508984	0.999868772869399	0.999770160006849	0.99994632112212	1.00002577981579	NA
1.00115965017122	1.00004912957204	1.0001783147325	1.00074343407407	1.00013959382758	1.00010706283659	NA
1.00033573344643	1.00046396206973	1.00024115594809	1.00011449955065	1.00021132434271	1.00066227360774	NA
1.00032843973355	1.00061513975506	1.00016046445127	1.00048767169398	0.999712289569543	1.00015917578059	NA
1.00082510889691	1.00005167291549	1.00032888789889	0.999922509794317	1.00028808760513	0.999830776321693	NA
1.00005048100371	1.00013390239474	0.999972536547629	1.00021618138723	1.00034715834565	1.0006389546506	NA
1.00013043565877	0.999855626108792	0.999881873743227	1.00088541564634	1.00112276553193	1.00077814423809	NA
1.00048584809444	1.00057615777773	1.00005344867458	1.00080085028768	1.00011589617952	1.0006226088398	NA
1.00030490334205	1.00001923010816	0.999780025913941	1.00030128741966	0.999899356824097	1.00024923106889	NA
0.999855780734665	1.0001057606145	1.00002944502804	1.00033761863023	1.00024832216733	1.00016010778831	NA
1.00036959025243	1.00015512105624	0.999887227628652	1.00068210278392	0.999756562496769	1.00051442508778	NA
1.00005538520744	1.00099566964373	0.999991496397511	1.00007573292102	0.999789644429166	1.000121703824	NA
0.999941846954954	1.0006939545595	1.00010498721654	0.999959678076906	1.00059944905928	1.00070866753514	NA
0.999850537651124	1.00049777350778	0.999992203922621	0.999952459603487	1.00073741135748	1.0000573152145	NA
1.00000880400076	1.00057233035568	1.00042492210281	1.00022752938238	1.00055105903605	1.00037997183722	NA
0.999870778490804	1.00082479457078	0.999981162968897	1.00008721705511	1.00092570391905	1.00030533248695	NA
1.00001437093847	1.00024137014631	1.00053921411225	1.00020240367258	1.00020757702411	1.00022720049063	NA
0.999916205092968	1.00052729627636	1.0003543084719	1.00049316529029	0.999985157723981	0.999957877991826	NA
1.00048608345281	1.00075153538081	1.00000319248486	1.00001233723345	1.00054567036224	1.00015758514436	NA
1.00098654304698	1.00001480915732	0.999853740277455	0.999767301396707	1.00029590945527	0.999886793758512	NA
1.00031297101054	1.00019934041872	0.999708222479258	1.00002519939575	1.00045102322141	1.0000920680263	NA
1.00039718890721	1.00020930728618	1.00045551606513	1.00058715785492	1.00093325021589	0.999738274182478	NA
1.00033898191634	1.0006065945209	0.999887401604811	0.999743809720586	0.999854633858659	0.999887389816659	NA
0.99997321063931	1.00004101977371	1.00004018803239	0.999973306351557	1.00021222033012	1.00083238632367	NA
1.00022531016602	1.00019236761078	1.00008892560205	1.00032114956407	1.00036811518188	1.00011079711218	NA
0.999788420868973	1.00007159561427	1.00028086954236	1.00015400229833	1.00056092452459	1.00000733470888	NA
1.00022316120072	1.00002243988013	1.00057389775779	1.00016070312568	1.0002441049186	0.999843955605789	NA
1.00030495141871	1.00070688249067	1.00002497520797	0.999991687796703	0.999969353273791	0.999895459045386	NA
1.0005333443335	0.999757798587146	1.00010926746536	1.00071133772983	1.00025826707016	1.00036564984538	NA
1.00081324067519	1.00072431624631	0.999922719126449	1.00005586220273	1.00004940343476	1.00014158312362	NA
1.00016505453762	1.00043535437562	0.999857364612441	1.00038901873746	1.00053552620244	1.00091472424587	NA
1.00014758850975	1.00002979594345	0.999755878323579	0.999791283399609	1.0000465933698	1.00142507990904	NA
0.999846434146744	1.00009547061271	1.00029299267658	1.00009047746922	1.00024323908352	1.00012010033784	NA
1.0000713751724	0.999924016179643	1.00010863793955	1.00049804227774	1.00072848087656	1.00013598687304	NA
1.00037173780657	1.00071896492473	1.00008603228083	1.00032599419393	1.00019921088484	1.00030705718367	NA
1.00013138702445	1.00008185115335	0.999900919269861	0.999933627732781	1.00033822571465	1.00013564022607	NA
1.00019040654779	1.00034693229946	1.00035567123428	0.999970944856779	0.999956210482059	0.999913326082886	NA
0.999957024539599	1.00021863753719	1.00011172636302	1.00098943174564	0.999894811069823	1.000416857805	NA
1.00066293166553	1.00257867315751	1.00140146270957	1.00049494340177	1.00006799173831	0.999951522251493	NA
1.00072011685688	1.00014124036567	0.999908077178159	1.00023107843435	1.0002253440457	0.999909168444907	NA
1.00005359797666	0.999791548451821	1.00030361254431	1.00013729507835	0.999983806429337	1.00022776581247	NA
1.00025488127362	1.0009269728981	0.999750476497289	1.00021147845043	0.999961009772892	1.00003067400622	NA
0.999927096018968	1.00039199693342	0.999897095029796	0.999918654311545	0.999779411700899	1.00001788495342	NA
1.00022467340743	0.999896937338957	1.00012363337616	1.00019385220917	1.00067968560807	0.999901589892827	NA
1.00004312559384	1.00071277636936	0.999983443581824	1.00008560620636	0.999888273413232	1.00023390928651	NA
1.00085199000457	1.00043296144526	1.00015379838077	1.00001798985005	1.00037119573533	1.00009905500375	NA
1.00112126021992	1.00037168478683	1.00007727804279	1.00104240385549	1.00030410086739	0.999810556585637	NA
1.0006763218891	1.00010055085256	1.00036062391826	1.00023663233158	1.00076706126162	0.99997719340089	NA
1.00019010916127	0.999723737260802	1.00009853585884	0.999891897473267	1.00062192795702	1.00033903089724	NA
1.00083890725757	1.00015040050692	1.00017652349032	0.999719011971506	1.00047187995307	1.00008174638091	NA
1.00025121383014	0.999915469733511	0.999967122122689	1.00032932592238	1.00041950999056	0.999969516678146	NA
0.999901149017636	1.00005927389609	0.999943073610928	1.00017167387827	1.00047798920517	1.0004185009078	NA
1.00074702313264	1.00040075298277	0.999810342668287	1.00091444887659	1.0012763828047	1.00015966952733	NA
1.0001251369192	0.999806750029487	1.00018019772573	1.00049125490932	1.00002933699354	0.999947691498541	NA
1.00005072631267	0.999880397241354	0.999837741610501	1.00061072897816	1.00056234802	1.00038710122217	NA
1.00026766824737	0.999980109238566	1.00062515498367	0.999836464296755	0.999963112070933	1.00133135920466	NA
1.00003212026431	1.00094829218601	1.00002547042894	1.00019910128568	0.999843290543749	0.99998685707144	NA
1.00004854669042	1.00008186712426	1.00003507283034	1.00042251013672	1.00078622705939	1.00031738069567	NA
0.999700578815945	1.00030277499132	1.00022231879185	1.0006650066034	0.999900420725807	1.00015094696047	NA
1.00084491794096	1.0009574153938	0.999879961275761	0.999957127979736	0.999789501933724	1.00019078671894	NA
1.00132126876122	1.00055998313971	1.00013016319618	1.00104140764794	1.00034815805306	0.999857371140175	NA
0.999891684812926	1.00120724829874	1.00004060105795	1.00019050490476	1.00010849725421	0.999938037937126	NA
1.00017156320751	1.00023155541514	0.999996979030703	1.00051112478364	1.00034334840744	1.00001458564838	NA
0.999787063071272	0.999686788609512	1.00040080485067	1.00008754970017	1.00058716121593	1.00048352063509	NA
1.00031496605255	0.999758452446945	1.000178347227	1.0005092545651	0.999744909305691	0.999890768084053	NA
1.00014087422796	1.00000583808725	1.00016373764964	1.00076474825968	0.999888666096933	0.999954820493012	NA
1.00021936633257	1.00002433143509	1.00021543086081	1.00010069989093	1.00006683142623	1.00009197004857	NA
1.00003099742109	0.99978567365877	1.00026613176896	1.00030289577931	1.00013032982974	1.00048394416165	NA
1.0000706264019	1.00057776140952	1.00028823490506	1.00031613786788	1.00065882886422	0.999828292928944	NA
1.00022281414056	1.00023625157226	0.999806799485815	1.00026141082569	0.999997087592846	1.00044801026407	NA
1.00009456923211	0.999923987354966	0.99991935436742	1.0001041331303	0.999926598590286	1.00023907125966	NA
1.00070925124443	0.999999303475939	1.00009970589906	1.00030370036268	1.0011571468464	1.0004570567007	NA
1.00029631349566	1.00037270621672	1.00005656069811	1.00010031500909	1.00042847821355	1.00098880943579	NA
1.00020727991336	0.999856338806568	0.999865556294567	1.00021554510767	0.999788006229438	1.00061864977836	NA
1.00000991786608	0.999859340300228	0.999885216816601	1.0000201574863	1.00058935415091	1.00002046935075	NA
1.00045215295932	1.00100990764593	1.00026736043285	1.00009363627547	1.00077311389442	0.999951945683186	NA
1.00061607814697	1.0001940989093	1.00033200129659	0.999896401375116	1.00046455932155	1.00032467556837	NA
1.00022878338685	1.00042408645574	1.00046656345962	1.00040789354479	1.00051809970301	1.00020731825545	NA
1.00020090741674	1.00041878017738	0.999914452515596	0.999705825449385	1.00004358673812	1.00007018113372	NA
0.99996380109566	0.999949420077547	0.999785200607118	1.00044567201278	1.00024225313249	1.00029655457727	NA
1.00039664988991	1.00017519816301	0.999812250024083	1.00057455341224	0.999676292916832	1.00063599344142	NA
0.999891767068375	1.00007881163017	1.00041105670047	0.999913890748356	1.00044422367513	0.999911073341351	NA
0.99990205577112	1.00057103935066	1.00052469745483	1.00002804278706	1.0004286225591	1.00053500770177	NA
1.00020469602347	0.999689202530093	1.00039705307718	0.999832468441374	0.999893896977477	0.999934287139079	NA
1.00055331181475	1.000589846786	1.00037157838351	1.00027864557053	1.00034263604931	1.00088400234265	NA
0.999789556716497	0.999982046086894	0.999956611143879	1.00047014823043	1.00042251356423	0.999988335886655	NA
1.00034565825519	1.00006352611194	1.00009572218959	1.00256562029548	1.00029230602435	0.999914958597379	NA
1.00069002585354	0.999992920363902	1.00015548675907	1.00015797063476	0.999662020333773	1.00008362962733	NA
1.00031491377205	1.00048229781533	1.00097528416808	0.999812175099337	1.00077504395025	1.00000963500112	NA
1.00041008899965	0.999941029728998	1.00034202431102	1.00043579675271	1.00034069878023	1.0004292305684	NA
0.999678280807836	1.00095508872814	0.999774734874959	0.999925533719519	1.00026174493869	0.999887035120919	NA
0.999890933845109	1.00037698397464	0.999924124245282	0.999810064648293	1.00015047515283	0.999940425835993	NA
1.00001786979563	1.00032242283129	1.00063823697821	1.00029847362828	1.00029650112608	1.00017365487263	NA
1.00075495405588	1.00201141822945	1.00061697269675	1.00003321359859	0.999689148812299	1.00011646896996	NA
1.00012532903145	1.00008282232414	1.00014887947147	1.00047127057328	0.999864347863046	1.00045758092606	NA
0.999887116043192	1.00045533519834	0.999953045832252	0.99977999995173	1.00033926879565	1.00004907512252	NA
0.999989228014044	1.00104044687353	1.00025276316388	1.00018184892102	1.00100412836532	1.00006822829162	NA
0.999727670591519	0.999878285951964	1.00001063844405	1.00060930807743	1.00006776410443	1.00103666482486	NA
1.00035188336199	1.00023574473851	1.00087147066416	1.00023541556198	1.00033928424433	1.00080432847591	NA
1.00014205273887	1.00078572478517	1.00041977091318	1.00012582195176	1.00056847357537	1.00033379311498	NA
1.00029160716581	1.00100335709742	1.00033969961765	1.00019201443192	1.00116596025177	1.00098463901647	NA
0.999965576812756	1.00011202433228	1.00029976641592	1.00043405670021	1.00063996086702	0.999985069777251	NA
1.00015219337015	1.00032524935573	1.00103520071476	1.0003948376137	1.00010533532884	1.00016398585091	NA
1.00029931957399	0.999862431421883	1.00002947787901	1.00014996467761	1.0001395229422	1.00007658685359	NA
1.00024900588755	1.00035308981883	1.00002435975503	0.999980321363079	1.00031795378503	1.00005393735109	NA
0.999723736501908	1.00049838545047	0.999978303779606	0.999885525635948	1.00016714336104	0.999827842454663	NA
1.00016664808363	0.999932506465272	1.00017102800823	1.00002958105588	0.999843634891729	0.999905847123884	NA
1.00064782989203	1.00003046059242	0.99995215978308	1.00009080531367	1.00074300654336	1.00011563199621	NA
1.00004787811469	1.00029295073338	1.00013230670794	0.999929252879628	0.999841438060479	1.00007899346966	NA
1.00018813467564	0.999942484652445	1.00039710786036	0.999941320487046	1.00039301928188	1.00080415385731	NA
1.00031044439844	0.999797527474603	1.00002550819502	0.999757664140561	1.00100318000801	0.999993830736342	NA
1.00003297323805	1.00029661368107	0.999978000950371	1.00002000661962	1.00010926046528	1.00036056013768	NA
0.999851905794736	1.00024048112419	1.00005867017175	1.00076099276538	1.00090016594612	1.00035266176849	NA
1.00090338560035	1.00078583326653	1.00037141847627	1.00034947905254	1.00016219368448	1.00064902374061	NA
1.00030825765165	1.00010376119159	0.999902085813143	1.0001983108745	0.999991434144912	0.999887378452755	NA
1.00000452945672	1.00002796780292	1.00011068477002	1.00038019931559	1.0009128009918	1.00034413304015	NA
1.00123928658605	1.00010910251546	1.00039154932051	1.00031715525963	0.999757458697886	0.999909257615695	NA
0.999712923896969	1.00082451203379	1.00007334572255	1.00131180194227	1.00010312014396	1.00077293753108	NA
1.00083874846743	1.00003514730139	0.999773197859806	1.00025536507391	0.999914196763896	1.00046050582203	NA
1.00006369781938	1.00040432396848	0.999963139412789	1.00082281702498	0.999979853131789	1.00018158915797	NA
0.999971614930495	1.00017256388143	1.00023493182758	1.00025233572872	0.999873608817629	1.00005546049493	NA
0.999966691809839	1.00014838030308	1.00041327172876	1.00016051858733	1.00030122506955	1.00061124528361	NA
1.00052341584496	0.99992380437238	1.00040397322806	1.00007566548295	0.999978325095417	1.00117543119363	NA
0.999884113397836	1.00027170124497	1.00054131031475	1.00018378750978	1.00042532163259	1.00072923505149	NA
1.00029734977798	1.00033490709799	1.00002620358948	1.00017669933136	0.999932224486792	0.999927720413644	NA
1.00018472226056	1.0005419866775	1.00033429957032	1.00022363862123	1.00065943721048	1.00047854944834	NA
1.00036381616433	0.999961280094616	1.00004165879867	1.00007738515106	1.00027260223214	1.00003708212188	NA
1.00038693136348	1.00000500842459	1.00028812715907	1.00055161417914	1.00030742146218	0.999919772892541	NA
1.00008768347136	1.00041401332579	0.999921537493669	1.00105180981156	1.00003820460949	1.000303980366	NA
0.99993541261786	1.00041988296153	0.99968458366899	1.000110176411	1.00006382750515	1.00001073782144	NA
1.00006183383488	1.00065795482023	1.00005242120924	0.999972037809034	1.00049227945024	1.00049354330386	NA
1.00005381130666	1.00006635973255	1.00026911913378	1.00039382511252	0.9996674894462	0.999881343585074	NA
1.00096140766456	1.00061441819225	1.00029152034399	1.00033118180736	1.00008365656359	1.00065016913514	NA
1.00057602963338	1.00022521302954	1.00041173308754	1.00018161817229	1.00000036545589	1.00063294517996	NA
1.0006921071377	1.00002322371314	0.999982515444924	1.00058973633989	1.00004280008555	1.00018370700378	NA
1.00009684144023	1.00000975464345	0.999853603326903	1.00070458920482	1.00006262423506	1.0000053719861	NA
1.00073640566217	1.00079176762649	1.00029014363533	1.00031385931979	1.00016962256408	1.0002121963716	NA
1.00031308603318	1.00050153178448	1.00004228101275	1.00019176972953	0.999688489049467	1.00023059608785	NA
1.00050432449372	1.00082412455208	1.00042988141823	1.00038160924809	0.999721682060704	1.0000034457789	NA
1.00012379272566	0.999995517702975	1.00055299877217	1.00028765043508	1.00071866359023	1.00008859095586	NA
1.00003982830916	1.00004177091308	1.00035223156767	1.0006386348948	1.00000067275242	1.00064345122217	NA
1.00004086949092	1.00021713437203	0.999805129509051	0.999930183453366	0.999835832045022	1.00010218677136	NA
0.999798256072974	1.00064500604581	1.00049299291274	1.00036595186397	0.999908028293548	1.00067927841547	NA
1.00061241946296	1.0006223275128	1.00058159489255	1.00016211556828	1.00088681279209	1.00098154416214	NA
0.999859823849984	1.00054871036704	0.999676100915949	1.00032205839326	1.00177946123277	0.999927193521834	NA
1.00043280285058	0.999894524340984	1.00022594135462	1.00038491837412	1.00061897704872	0.999939820876293	NA
1.00016479247518	1.00016555502178	0.99982922848594	0.999839587290777	1.00024588465711	0.999674153948388	NA
1.00002323262107	1.0000918213619	1.00028854430061	0.999757438615605	0.999849601895575	0.999909672846122	NA
1.00026386201658	1.00016842410939	1.00017326994902	1.00029678353848	0.999869143451154	0.999868201764244	NA
1.00051976487124	1.0004832055519	1.00022775441288	1.00009333079808	1.00023060922668	1.00022335865136	NA
1.0001865969599	1.00002781981038	1.00093027844951	1.00020100076597	1.00011409961584	1.0000624859409	NA
0.999855219047876	1.00104073298821	0.999876573373883	1.00005254686916	1.00063054352423	1.00016534773341	NA
0.999812085574237	1.00028175365406	1.00003487022917	1.00016247717777	1.00029389478009	0.999880884512455	NA
0.999885824326114	1.00026952071863	0.999899933625761	1.00004463846797	0.99995686292409	1.00050764390156	NA
1.00005642804002	1.00039380356885	0.999894617235013	0.999951956515035	1.00058885291635	0.999846968184483	NA
1.00024114842852	1.00072888414193	1.00061042134597	0.999732390233398	1.00064695769725	1.00027805581118	NA
0.999932881185354	1.00041762298822	1.00020737583779	1.00003266981439	1.00052048004653	1.00038649840732	NA
1.00004257999631	1.00039486287886	0.999999966172068	1.00016133978681	0.999891017845552	1.00021070804493	NA
1.00002852490981	1.00005882562578	1.00021092475643	1.00018835553808	0.999909862578517	1.00025234893433	NA
1.00037283295353	1.00006483550377	0.999944158235495	0.999972351265585	0.99989903247959	1.00060104951037	NA
1.00056263414857	1.00009420843726	1.00010651462536	1.00038618017806	1.00023815781547	1.00014658792807	NA
1.00065526444387	1.00033777191757	0.99998114348114	1.00116085296826	1.00120965735675	1.00042914760606	NA
0.999834352625349	1.00011880348132	1.00043880902126	0.999746976786629	1.00049332308153	0.999990719559655	NA
0.999967926203451	1.00010191049637	1.00123290972893	0.999914595363439	0.999848442954195	1.00020887754025	NA
1.00084918019343	1.00037075712143	1.00006076318065	1.00030509288573	1.00026334942278	1.00064283531063	NA
1.00019799882394	1.00027602134543	1.00008475623287	1.00022102334794	0.999813413236498	1.00034125259617	NA
1.00025876673143	1.00024603682775	1.00014718917588	1.00024811526457	1.00002534229449	1.00052604888714	NA
1.00028815891346	1.00038421931016	1.00017054038591	1.00046469852517	1.00045716928237	1.00008708465927	NA
1.00019257040714	1.00046160257495	0.999931559826476	1.00056516126182	1.00005367414359	1.00052709864538	NA
1.00044496341502	0.999956418305714	1.00152383045481	1.00040676022254	1.00007092720317	1.00070199889328	NA
0.999842983037989	1.00017407212394	1.00008802028223	0.999704811447195	0.999982409664574	0.999800479852382	NA
1.00028921841416	0.99997830602268	1.00026786059916	1.00091551466057	1.00103917957027	1.00065599551012	NA
1.0002691104764	1.00036091350429	0.999888116016138	0.999963905468459	1.00061125288803	1.00034853983582	NA
1.00061567453272	1.00001916224851	1.0000571878187	1.00007456997915	0.999976857960404	1.00024384394684	NA
0.99975260389109	1.00009315917499	1.00036064654869	1.00041382858296	1.00065872892111	1.00042286130212	NA
0.999834055327825	1.00006229636302	1.00031370733758	1.00005741509485	0.999806506856944	1.00057145781027	NA
1.00009063841631	1.00001681758119	0.9998167569349	1.00075241346721	1.00007285825574	1.00006280051262	NA
1.00096013974341	1.00077684504541	1.00009751471932	1.0012075200613	1.0003887628502	1.00021366697223	NA
1.00012377618963	1.00020919528152	1.00023161371042	1.00023821516003	1.00014035874972	1.00010462278872	NA
0.99999139962972	1.00001077275937	0.999941108751536	1.00112777838275	0.999922869725419	1.00072306168827	NA
1.00025935119123	0.999779350232346	0.999992547739175	0.999924880466953	1.00004465127866	1.00026517377005	NA
1.00050336763531	0.999963855851722	1.00006363792851	1.00014978953376	0.999857539348989	0.999884529960207	NA
1.00029005126966	1.00043863915641	1.0000561797796	1.00049603246633	1.00001801845618	1.00044455949095	NA
1.00116408464146	1.00037649067037	1.00012771625625	0.999911216389741	1.00063491577111	1.00029475216143	NA
0.99999139548879	1.00034431278228	1.00018575963977	1.00034032584583	1.00026502977137	1.00067703115964	NA
1.00022701182176	1.00005736791294	1.00027298209837	0.999953432121326	0.999894801055877	1.00013272762762	NA
1.00050928521981	1.00004740057161	1.00028331276585	1.00014475995733	0.999929206124188	1.00005615505376	NA
0.999785498089072	0.99988421198914	1.00057663162664	1.00002836918097	1.00025054505761	1.00014615579683	NA
0.999973556854825	0.999918424825368	0.999721238633002	1.00070507159038	1.00002703888841	1.00052867505791	NA
1.00033535647414	1.00050259661359	0.999831733608997	1.00024101691974	1.00088471460458	1.00006467094322	NA
1.00002386510435	1.00026166170859	0.99982438208897	1.0001411020627	1.00076021651046	1.00030085030037	NA
0.99999072752707	0.999653689216382	1.00017496310897	0.999927826942072	1.00023576952605	0.999992359781054	NA
1.00043284746176	1.00065540131746	1.00085627262455	1.00053936698072	1.00046991958911	0.999853055729945	NA
1.00021839683166	1.00115413337551	1.00004840670869	1.00015440190977	1.0000205391174	1.00058680282578	NA
1.000701279555	1.00031770773551	1.000105150522	1.00060705147114	1.00005223393308	0.999783694830799	NA
1.00014337322295	0.999819919949311	1.0001295777577	1.00007187092472	1.00027582150941	1.00043042335814	NA
1.00022672648968	1.00069826637383	0.999943206105106	1.00011388337302	0.999763507964655	1.00022444583602	NA
1.00019156195377	1.0003065209898	1.00031157592968	1.00008977708785	0.999726671815751	1.00071684743644	NA
1.00011730788491	1.00033265083942	1.00032051017017	1.00058802010485	1.00029505200027	0.999874729339328	NA
1.00032116159266	1.00009034994489	0.99992040925396	0.99997712307547	1.00010233169101	1.00014717271285	NA
1.00033149188915	1.00013218236637	1.00012529784233	1.00045602281126	0.99985329749259	1.00008158230854	NA
0.999979191964821	1.00029172954362	0.999695094078532	1.00025637058478	1.00017218313988	1.00019226994055	NA
1.00109779763456	1.00071596594265	1.00023006611022	1.00030223481568	1.00049401030331	1.00103594810272	NA
1.00042729761646	1.00005292577944	1.00011213124032	0.999933781723824	1.00011091684855	0.999959188385516	NA
1.00036081237863	1.00087135092048	0.999986895244412	1.00047115866686	0.999899977981453	1.00034407658324	NA
0.999904606367149	1.00042562702419	1.00030264745405	1.000414204844	1.00072480072587	1.00020273582075	NA
1.00026642596543	1.00012269170775	0.999917948181561	1.00007957520184	1.00001854837125	0.999948567929445	NA
1.00025927361168	0.999874911674482	1.00021638593541	1.00020345298263	1.00012319313577	1.00018258015697	NA
0.99981609317805	1.00044018491348	0.999947709169807	1.00034524743885	1.0003754111452	0.999792842048567	NA
1.00028602008774	1.00014700862227	0.999854405057709	1.00096165590948	1.00026733464551	0.99983075168478	NA
1.00083128823164	1.00034964857828	1.00022964659789	1.00008235510248	1.00063365249219	0.999996536649475	NA
1.00002759774746	1.00023997542951	1.00032093055021	0.999927447415322	1.00038098924654	1.00068836401298	NA
1.00055019355523	1.00244748299252	0.999959755636832	1.00008971381637	1.00059510716075	0.999974619541982	NA
0.999863432082879	1.00004226041776	0.999810458437758	1.00003042785602	1.0000853562045	1.00040106530393	NA
1.00125562389355	1.00027726977902	1.00030152652207	0.999813891253967	1.00014397119323	1.000294476115	NA
1.0002386811242	1.0008338096876	1.00020682593323	1.00001924157016	1.00046322319159	0.999927225476782	NA
0.999873854272401	0.999980647892349	1.0002866452792	1.00013577036729	1.00034589923912	0.999989670952538	NA
1.00030730284885	1.00010436004588	1.0000719888582	1.00005957825594	0.99969499715322	1.00006399122416	NA
1.00094736863718	1.00088592324621	1.0004514906037	1.00039014916007	1.00004366109379	1.00015411378163	NA
0.999784320126502	0.999837200534488	0.999902691368333	1.00108518517752	1.0001905788999	1.00009296450177	NA
0.999989250427838	0.999864708509211	1.00034276345734	1.00092890688563	1.0005408793389	1.00049545755427	NA
1.00032564315967	1.00051879753308	1.00008246507025	1.00004564718011	1.00057331390258	1.00014639929689	NA
1.00008782120663	1.00030482803849	1.00030096242761	1.00029620878834	0.999899472170413	1.00025401405792	NA
1.00071319856986	1.00042447694418	1.00016278646558	0.999839873015827	1.00048060539944	0.999798486393361	NA
0.999844111460963	0.99996312486466	1.00017035887509	1.00086363957249	1.00047922516873	1.0000946215526	NA
0.999931391559208	1.00101445268622	1.0002831925666	1.00032170156615	1.00054834544527	1.00038711880475	NA
1.00056099583885	1.00025759882835	1.00018787924402	0.999977906248638	0.999901002915582	1.00014324122166	NA
0.999697803496595	1.00107972249546	1.00014855161582	1.00077470802851	1.00029425548108	0.999768385381448	NA
1.00041863037666	0.999982394592631	1.00004330159121	0.999947877549675	0.999964104659835	0.999921196258099	NA
1.00027688399522	1.00052429432704	1.00024647017442	1.00078619993294	0.99993089297625	1.00015196306943	NA
1.00055578288658	1.00099547598442	1.00014284236458	1.00036712766631	1.00015901338534	1.00075443118606	NA
1.00024630551377	1.00004864356152	1.00015584013182	1.00005009671796	0.999865355900271	1.00090361286036	NA
1.00027033053293	1.00045902427112	1.0006253632826	1.00057741003445	1.00070273768829	1.00050008028126	NA
1.00031635795722	1.00000918442016	1.00009473948145	0.999878923833167	0.999988849367954	1.00023306562689	NA
1.00033271670983	1.0008205128133	1.00033802069821	1.00032510729163	1.00043011139268	0.999934691363575	NA
1.00050330028874	1.00022698311053	1.00015887376954	1.00012972990106	1.0001866155289	0.999946468432647	NA
1.0003041131832	1.00021894717566	1.00017293325699	1.00038043812872	0.999937363935217	1.00064870224369	NA
1.00067465611608	0.999743296662219	1.00005455456325	0.999980829509696	1.00027245889743	1.00003151857993	NA
0.99981717715613	1.00094707101537	0.999961872555474	0.999957177960545	1.00008228750519	1.00006694025711	NA
1.00075306932831	1.00060014929499	1.00004684878224	1.00035852057006	1.00055511596079	1.00026285797711	NA
0.999838253587603	1.00023760484456	1.00013328995466	1.00007362346207	1.00016740846402	0.999847041440483	NA
1.00077266235845	1.00026008504545	1.00015162169025	0.999839180331901	1.00042136070071	0.999953844185351	NA
1.00029160918953	1.00022207649289	1.00091579649959	1.00014256987144	1.00084069630892	0.999930098678278	NA
0.999810519705885	1.00020590109968	1.00039005009329	0.999972005958771	1.00037254240457	0.999792458992717	NA
1.00104220502937	1.00104687981097	1.00042478270914	1.0003956328272	1.00024112107303	1.00035537518804	NA
1.00012102055371	0.999846452383132	1.00023253270412	1.00007329057306	1.00078694983194	1.00044594551151	NA
0.99999378205471	1.00044264155216	1.00019603464932	1.00016093269727	0.99998884891976	1.0003238412508	NA
1.00080296556526	1.00055070753579	1.00034904072618	1.00084356919621	1.00024716771695	1.0004779426459	NA
0.999964364655332	0.999839568149959	1.00067110113286	0.999865537822385	0.999814963840047	1.00073110971696	NA
1.00045618864123	0.999844391229616	0.9999020242403	1.00071534059605	0.999777745380799	1.00014438118729	NA
1.00011431540536	1.00041382038288	1.00021549093212	1.00005281044554	0.999756957299287	1.00040434893467	NA
0.999848757442694	1.00058183031876	1.00013875203773	1.00026940037988	1.00059266233321	1.00037360714131	NA
1.00022495514151	0.999851584029349	1.0001109143432	1.00000071912416	1.00042339724383	1.00013775594008	NA
1.0001626262155	1.00014870655224	1.00045363856124	1.0003060793816	0.999708113772976	1.00046973349567	NA
1.00090815514839	1.000109750995	1.00001306205768	0.999766116235563	1.00011776142987	0.999833238345104	NA
1.00020485403633	1.00001366677326	1.00003119126914	1.00014952572764	1.00013452233533	1.00072326126517	NA
1.0005099308922	1.00012527365862	1.00027338769502	1.00035302242755	0.999869627519626	0.999973264150113	NA
0.999868305141235	0.999799045041885	1.00018039949127	1.00029160629547	1.00024997871338	1.00054843529471	NA
1.00047177079651	0.999952260400108	1.00049228306957	1.00051400356324	1.00082371951708	0.999980040436336	NA
1.00027682203933	1.00006394572153	1.00006731775577	0.999803922533436	1.00065588785038	1.00083746291549	NA
1.00002185716397	1.00003315634521	1.00051748184632	0.999878651388906	1.00009092552539	1.00018190213867	NA
1.00034985494501	1.00026227206166	1.0001387769575	1.00030670400447	1.00027340164825	0.99968922208938	NA
0.999985509623832	1.00019177973091	1.00033734647242	1.0000008577078	1.00017929358992	1.00023134946252	NA
1.00047488150761	1.00037806649985	0.999817444092291	0.999937763803951	1.00030636058086	1.00034097664353	NA
1.00055378297154	1.00032439720186	0.999853632640539	1.00042893038201	1.00088272573927	1.00128111144076	NA
1.00081621135438	1.00077363150859	1.00037331869303	1.00014895069835	1.00024278226188	1.0001414152234	NA
1.00024632339989	1.00096195219456	1.00007074015465	1.00022861387693	1.00011386505744	1.00085506146606	NA
1.00051209941498	1.0006715350908	1.00000441335488	1.00093665832519	1.00039185063744	1.00034213020963	NA
1.00022946316005	1.00140738098876	1.00024725088846	1.00018618409273	1.00028874501219	1.00006945751034	NA
1.00042880707166	1.00064574310766	1.00000563312819	1.00029498924606	1.00035315744341	1.00046234871834	NA
1.00027872701241	1.00008347892014	1.00038798070489	1.00019966380658	1.00024322479032	1.00072294751691	NA
0.999970182635747	1.00080375556656	0.999798142558042	1.00045561808346	1.00021896466277	0.999985662030154	NA
1.00042962625295	1.00022618054444	1.00071236666674	1.00048633472632	1.00068835863675	1.00046794293135	NA
1.00039570043365	0.999870701105309	0.999920249566794	1.0006095508759	1.00033935747191	1.00013413267302	NA
0.99998049198142	1.00026879379773	1.00036647252932	1.00015809255875	1.00007968097708	1.00044432760342	NA
1.00029236850828	1.00116820023237	1.00128198893446	1.00024462763844	0.999869002456729	1.0004098731812	NA
1.00016094181672	1.00010185533006	1.00033484918066	1.0004558479296	0.99986316591977	1.00004611336784	NA
0.999999541400507	1.00009514642564	0.99999584665046	0.999773338919229	1.00008922578575	1.00051016597187	NA
0.999975460730877	0.999933047067232	0.999845008872526	0.999962706811363	1.00021347402764	1.00045741752265	NA
1.00016966078134	1.00030076100388	0.999933404869551	1.0004769847701	0.999869019786116	0.999995484377551	NA
1.00059235867887	1.00038233340721	0.999961859276019	0.999806646076615	1.00000377929045	0.999879889754134	NA
0.999866624939505	1.00067239406799	1.00003010859258	1.0012212180616	1.00037646558616	1.00003955482382	NA
1.00077003231519	1.00020319318258	0.999975782348744	1.0005869870804	0.999835979951993	1.00053794828841	NA
1.00033933137197	1.00035670480112	0.999914412102699	1.00012317313111	1.00007050513127	1.00011208131782	NA
1.00014765132083	1.00011521698876	1.00009033807297	1.00004161644266	0.999729159883333	1.00059019399326	NA
1.00062180295897	1.00042018547127	1.00022490183848	1.00048988229822	0.999872803426063	0.999853518809239	NA
0.999919131280912	1.00027483329113	0.999788543820612	0.999974908828299	1.0002656015784	1.00022374180999	NA
0.999984263536096	1.0009254451927	1.0007935867711	1.00058151954891	1.00091789777165	0.99998377869012	NA
1.00049044015213	1.00003842514978	0.999979053749212	1.00007323607112	1.000145196028	0.999905237461797	NA
0.999711301072497	1.00007421299595	1.00035166425876	0.999922251200858	1.00020364307657	1.00049458856621	NA
0.999831917809127	0.999896823015342	1.00035551719964	1.00014799790115	1.0003790375848	0.999908682299976	NA
0.999663056077621	0.999838349492957	1.00018077896741	1.00082715505817	1.00008297310882	1.0013230409278	NA
1.00075606845675	1.00178226984804	1.00061619845687	1.00017348690522	1.00035300152613	1.00014001373197	NA
1.00007983779121	1.00042118557428	0.999763028578587	1.00063287191322	1.00011020366822	1.00025641907504	NA
0.999997490288954	1.00025020072777	0.999954023759517	1.00084783129631	1.00021197888379	0.999995030918634	NA
0.999919071658228	1.00007043227426	1.00049492997432	1.00005205300983	1.00014079593144	0.999818614755994	NA
1.00016444827619	1.00098268092089	1.00015724910386	1.00031951514222	1.0005127303947	1.00009205055645	NA
0.999892540775716	0.99987442466841	1.00010922703197	1.00088519379572	1.00038511451083	1.00016197777276	NA
1.00011793562259	1.00037003253226	0.999762498456024	1.00013291476815	0.999910465919173	0.999983381143529	NA
1.00058094137962	1.0003521999733	1.00018314069871	1.00070528423512	1.00033239490337	1.00027473718749	NA
1.00044467631009	1.0001648358872	0.999984657802439	1.00013562906069	1.00039156860461	1.00040245188521	NA
1.00047934151244	0.999976548297396	1.0006518808527	0.999881128067716	1.00098906899488	1.00033610483905	NA
1.00064808221194	1.00010655550699	1.00008492825586	1.00067876470657	0.999974490129861	1.00027678488066	NA
0.999868241063837	1.00037814997008	1.00055906567554	0.999731973017445	0.999899581833762	0.999746721106752	NA
1.00030551395318	1.00046091657194	1.00024447206078	0.999982709792458	1.00056595818065	1.00031910854019	NA
1.00043405632103	1.00059387621405	1.00018106364852	0.999921745076362	1.00013967000826	1.00046137278647	NA
1.0000805071012	1.0008590146772	1.00040184562719	1.00017539071795	1.00025494633647	1.0001791043414	NA
1.00038794843095	1.00067627602676	0.999854297183825	1.00052720038265	0.999988313415108	1.00007396091613	NA
1.00023078265636	0.999644328285334	1.00007834250536	1.00042841846999	1.00040154562156	0.99970101503456	NA
1.00030233137348	0.999950638291791	0.999981651168991	1.00030685874183	1.00012949461971	0.999986890639873	NA
0.999859197614929	1.00030308516338	1.00055814487208	1.00049848006847	0.999742402123167	0.999993921373006	NA
1.00003701522618	1.00002735509764	1.00025127147598	1.00037189708461	1.00101925996178	1.00059455014494	NA
0.999929792069693	1.00020975541529	1.00028648669521	0.999788512789459	1.00054966605967	1.00037943526937	NA
0.999770451285163	1.00083977464746	1.00053896144998	1.0001872765204	1.00044507977973	1.00046638183009	NA
0.999852159750893	1.00009476170299	1.00019295795303	1.0005347667215	0.999723177533596	1.00052361272158	NA
1.00092087272631	1.00122237645242	1.00047229202468	0.99987846845953	1.00116942583371	1.00083936385597	NA
1.00110005186745	0.999950153037639	1.00036051919194	1.00034539132364	0.999834383224068	1.00023749509953	NA
1.00127355309886	1.00010509211574	0.99990246629519	0.999786226684966	1.0003987775755	1.00017963962919	NA
1.00039098679338	0.99981087606002	0.999944044373945	1.00017432342229	0.999890957240538	1.00058502321287	NA
1.00003753894298	1.00057741330535	0.999861524304504	1.00011497016913	1.00016298950188	1.00033278517372	NA
1.00056169159212	1.00055853119031	1.00003328005202	1.00079002303261	1.00030193368268	1.0002018024212	NA
1.00003351281886	0.999953950900839	1.00001333127967	1.00001671519346	1.00039164629263	1.0000161928024	NA
0.999945513415599	0.999811833320004	1.00037654132794	1.00027692220544	1.00009632882	1.00030849874869	NA
1.00021785202086	1.00060785858239	1.0002437510026	0.999730015714373	1.00005899615727	1.00014431968371	NA
1.00038124300825	1.00006221133561	0.999883512231541	0.99992880641805	0.999832997183532	1.00080515071953	NA
0.999680636778996	1.00067679188004	0.999895075217953	1.00004663135387	1.00047847811794	1.00103788077567	NA
0.999905625024823	1.00051980493752	1.00061074358508	1.00020723391827	1.00010606746743	1.00042636369664	NA
1.00036206598573	1.00098027656666	0.999765199212427	1.00051756122971	1.00012382316075	1.00005533643104	NA
1.0004997552795	1.00013562056134	0.999944938982909	1.00034078479939	1.00010485823391	1.00085108354229	NA
1.00026616758753	0.999935739120028	1.00026736191234	1.00031119565488	1.00026286235378	1.00026222877297	NA
1.00003639449647	1.00002788084862	1.0006425596886	1.00113336358778	1.00091039382644	1.00010469336752	NA
0.999789358259162	0.999972646428728	1.00038324553158	0.999919026135636	1.00045089381267	1.00039114964807	NA
1.00001052724517	1.00067312283954	1.000179035808	1.00025564125686	1.00065625081521	1.00038581037155	NA
0.999925636687741	0.999711285108766	1.00022952773536	1.00065350280904	0.999767463508014	1.00020067628165	NA
1.00045601583065	0.999813986403072	1.00036076264023	0.999929578416543	1.00001031890417	1.00022633675277	NA
1.00000933226034	1.00053510515666	1.00012456681988	1.00034736145963	1.00033307634315	1.00037546070534	NA
1.00002915465025	0.999857730862934	1.00031237713885	1.00010544130709	1.0005150712068	0.999882247394675	NA
0.99992649431208	1.00026586854481	0.999779834292717	0.999955857631696	1.00053641800138	1.00048631821833	NA
0.999832257971123	0.999816878296268	1.00014028216401	0.999993853538877	1.00038139865958	1.00047922722142	NA
1.00067998037453	0.999806961453575	1.00008757449866	1.00035491014328	1.00022262211678	1.00072464882192	NA
1.00050797300649	1.00035747672595	0.999900536169602	0.999802992655753	1.00041242180191	1.00022011751364	NA
1.00032862864569	1.00007319835528	1.0006849112251	1.00037372478726	1.0002686102778	0.999852335903937	NA
0.999860434439772	1.00057045505389	1.00042910327326	0.999864329871223	1.00074458306017	0.999877260387261	NA
1.00006231358649	1.00065048653502	0.999955026073263	1.00115870148281	1.00105843977114	1.00009473544624	NA
0.999872853378198	1.00015830537314	0.999935734967438	1.00039806914255	0.999842603041676	1.0001483402239	NA
0.999915273823734	1.00061962918239	0.999695363971975	0.999712736860879	0.999855713572114	1.00008383930834	NA
0.999848245595038	1.00012239806263	1.00095271898064	1.0001044940406	0.999899846489772	1.00088053199846	NA
1.0007261995085	1.00051484657568	0.999929404635599	1.00047260326278	1.00028773880768	1.00064277059973	NA
0.999927482302917	1.00005210778789	1.00040742897262	0.999866612365273	1.00039994948681	0.999975087607793	NA
1.00072569803604	1.00004186486393	1.00058174573509	1.00027987369474	1.00044475210197	1.0001069885245	NA
1.00031602957874	1.00036650293088	0.999776257889023	1.00022511721276	1.00015778682863	1.00024590112039	NA
1.00068949111838	0.999754479761523	1.00055933418373	0.999818029760444	1.00024974915599	1.00011954475384	NA
1.00016730847556	0.999820919951254	1.00030692089088	1.00006318985389	1.00052564460893	0.999752151942143	NA
0.999974159824474	0.99986415579647	1.00045721454554	1.00012217162967	1.00112382401204	0.999965891675476	NA
0.999830236757505	1.00006501865517	1.00071964525641	0.999770375741605	1.00031397656117	1.00043961866936	NA
1.00080870173566	1.00060519552021	0.999827160088638	1.00037423090443	1.00029540860457	1.0002720800118	NA
0.999858602895086	1.00101052470515	0.99989551658795	0.999954296962712	1.00014881591203	1.00063142078758	NA
0.999811247472736	1.00100695294193	1.00008307294028	1.00026634895603	0.999875630068277	1.00074023021504	NA
0.99981965958491	1.00032516885192	0.999966667358767	0.999881667611868	1.00078796316776	0.999867543882314	NA
1.00063533970864	1.00096656205141	0.999924010256894	1.00010612246877	0.999771862669813	1.00005345889086	NA
1.00014652415127	1.00054350207265	1.00050010834105	0.999887388941815	1.00018015648213	0.999898289998209	NA
1.00014829129952	1.00014714900105	1.0002053183426	0.999916626970318	0.999941661665249	1.00157307681932	NA
0.999920185294116	1.00064070912295	0.999990530827277	1.00033561077403	0.999933864631181	1.00039096828684	NA
1.00068007210016	1.00013582138807	1.00006533744659	1.00002863768978	1.00033692511324	1.00057065515963	NA
0.999844411136366	0.999970069798001	1.00007171866252	1.00016107859793	0.999812820253931	0.999981962601798	NA
1.00013263382898	0.999940896938078	1.00022625999733	0.999889583630969	0.99989973900802	0.999799825918875	NA
0.999966944412214	1.00013621003533	0.999875763013184	0.99992722798181	1.0004820601805	1.00023053053251	NA
1.00006111787999	0.999773898893944	1.0004413187868	1.0001577097222	1.00000995220009	1.00033761216987	NA
1.00040284897416	1.0000122842381	1.00008868535529	1.00006817466323	1.00015479399077	1.00001172885772	NA
1.00088845091149	1.00010831376449	1.00010637801186	1.00001062129963	1.00010343261971	1.00029915071531	NA
1.00006260084849	1.00024078124683	1.00023703310398	1.00031403203462	0.999784766987719	1.00047839927371	NA
1.00047130995529	1.00062211231908	1.00034949037398	1.000101426873	1.00048394980371	1.00046279287201	NA
1.00007410694157	1.00019873864288	0.999929156399566	1.00016966871661	1.00058138459173	0.999628523873398	NA
1.0009620399171	1.00026992724377	0.999933464746943	1.00087627561737	0.999992709659298	1.00016842665161	NA
0.999867224843256	1.00144708662276	0.999929783786402	1.00017546906591	1.000249691315	1.00004359307612	NA
1.00043481343034	1.00049219077694	1.00078132198856	0.999850620234851	1.00016556292523	1.00016974920716	NA
1.00121358273159	1.00109942023727	1.00004076255982	1.00075330184519	1.00054120258701	1.00073502409877	NA
1.00042256861185	1.00022110715014	1.0000291783013	1.00004919769126	1.00008211680268	0.999844549735126	NA
0.999932820653448	1.00054432609836	0.999763308321125	1.00000335680019	1.00010749528194	1.0002490065682	NA
0.999901836643582	1.00092730347183	1.00031184808968	1.00043817499045	1.00042780417653	1.00036981091448	NA
1.00044203829012	1.00030868051234	0.99984350904006	1.00018456811786	0.99987226058149	1.00005927047264	NA
1.00004287010339	0.999950655435832	0.999936875405831	1.00050229778166	1.00023954001229	1.0001530667387	NA
1.00010258323986	0.999943962527901	0.999777323974172	1.00014492100838	0.999943454702637	1.00002035349492	NA
1.00012664709876	0.999884955293625	1.00007933578207	1.00028338521946	1.00035614948814	1.00036305148046	NA
1.00022638967553	1.0004880207015	1.00024875289012	0.999911569215481	1.0002308509962	1.00041150965842	NA
0.999995126170073	0.99984618749025	1.00023267084783	1.00088432578165	0.999821152406998	1.00016723204114	NA
1.00058187144766	1.00071411089489	1.00002458994918	1.00087133463628	0.99997255648074	1.00022080085514	NA
0.999933431693481	1.00085842355563	1.000195154188	1.00051961688913	1.00018294162596	1.00038796108921	NA
1.00064905292573	0.999889624512044	0.999730668322622	1.00052546928073	1.00001378905505	1.00027121018951	NA
0.999873854582178	0.999942338256656	1.00013917777098	1.00046721187685	0.999860262064859	1.00017281271263	NA
1.00041852804151	0.999941364124648	0.999900062299487	1.00006578083094	1.00034821840199	1.00031254479048	NA
1.00027727387413	1.001004035255	1.00006360312583	1.0000250525041	1.00006665315709	1.00017118584571	NA
1.00092636884599	1.00016872861732	1.0003273662212	0.999795438127889	1.00002305939115	1.00079601439082	NA
1.00017292950828	1.0001853439816	0.999746211918905	1.00026292946689	0.999901108998664	1.0000001619064	NA
0.999995573284349	1.00146606028635	1.00098266916332	1.00058779821386	1.00016995829643	1.00016719371669	NA
1.00066952575229	1.00041345993509	1.00016658048843	1.00022806835094	0.999894295450403	1.00021374429333	NA
1.00054236955086	1.00115625344948	0.9998889172191	1.0001827545173	1.00022621799981	1.00071596402452	NA
1.00006703313499	1.00013092703023	1.00026186156936	1.00135641167886	1.00006251936433	0.999915158867574	NA
1.00030175240943	0.999970492148373	0.999966304071284	1.00011205307395	1.00022075407207	0.999866949247051	NA
1.00005193152431	1.00065322297275	1.00038249948534	0.999785054201643	1.00065444261545	1.0002273273253	NA
1.00028921029506	1.00108290138723	0.999921295567834	1.0002435851199	1.00096054933912	1.00021605885596	NA
1.00037028751575	1.00032692152128	1.00055058520833	1.00018758267453	1.00001662863613	1.00091603043004	NA
1.0003740190744	1.00025977245464	0.999855365264179	1.00028482068154	1.00000142844334	0.999890150130382	NA
1.00060358394797	1.0002924098018	1.00039971373433	1.00013030986743	1.00029281450387	1.00025372820741	NA
1.00190870808466	1.00087612969014	1.0006248642923	1.00115361532446	1.00018894379864	1.00012793363269	NA
1.00004422029777	1.00006608784631	1.00009330326979	0.999746954131184	0.99992153234221	1.00057859294483	NA
1.0008891677765	1.00109046235295	0.999964426250081	0.999793615203609	1.00054382293834	1.00023779364105	NA
1.00060215822571	1.00066862697122	1.00021382448724	1.00018897982737	0.999894255492716	0.999907792708146	NA
1.0011204083932	1.00048353400267	0.999813456713221	1.00056101349808	1.00070473812391	0.999921116463438	NA
0.999984335457242	0.999995089645513	1.00019433817879	1.00132867125758	1.00005302119112	1.00026167243018	NA
1.00021790924781	1.00017410198911	1.00047512763011	1.00020458166139	0.999910638477849	1.00005616012766	NA
0.999877878272108	1.00104177203753	1.00025056234513	0.99977983214667	1.0002364233067	0.999772185570658	NA
1.00020398121858	1.00027612310792	1.00002144966322	1.00029365851477	1.00043390333439	1.00041304926023	NA
1.0000354404322	1.00009483066612	1.00010068277621	1.000311821421	1.00027136355412	0.999884403192399	NA
1.00028791470069	1.00024704159595	1.00013483868692	1.00052895310066	1.00006706937976	1.00064531826677	NA
0.999750035530389	1.00000933906224	0.999810756130699	0.999933254294072	0.999950352173794	0.999968402474675	NA
1.00006120536956	1.00058253877668	1.00000742104822	0.999746434765821	1.00015536383443	1.00116417105479	NA
0.999913520618673	1.00086178600895	1.00019133851441	1.0002801257542	1.00055859063198	0.99983384775783	NA
1.00012696289524	1.00005834599238	0.999837452444554	0.999961381528672	1.00103269966933	0.999702949327898	NA
0.9999063242617	1.00034697920601	1.00023034252465	1.00002288234692	1.00012169407763	1.00030338815068	NA
1.00084430487697	1.00011601223252	0.999763399481212	1.00073900608844	1.00059320358962	0.999942809451266	NA
0.999961939407872	1.00194514116781	1.00028989925391	1.00034687798552	1.00105232387439	1.00032429085902	NA
0.999955062138733	1.00070152762247	0.999952677862337	1.00050666402513	1.00008670517702	1.00096084903912	NA
1.00070033720446	1.00044847073586	0.999945960207653	1.00025407458496	1.00055678206073	1.00081013985269	NA
0.999900189595018	0.999943287880042	0.999968124811846	1.00002039326603	1.00023825960787	0.999892757817522	NA
1.000197659889	1.00010582259576	1.0003024399151	1.00061648046887	1.00003916321469	1.00091579181556	NA
1.00064742176565	0.99996764478522	0.99992769270568	1.0007574624748	1.00026222785342	1.00041529976327	NA
1.00013936932756	1.00061214386346	1.00093874379125	1.00038511546381	1.00045332018227	0.999695960783251	NA
0.999968106535788	1.00019520158031	1.00026847219524	0.999873235290829	1.00070433206432	0.999990994666741	NA
1.00016689780779	0.999728273056386	1.00010585193975	1.00009973197374	1.00056976927186	1.00041458205872	NA
0.99983678495785	1.00045722834607	0.999753630567528	1.00017642984779	1.00057440595566	1.00004714169975	NA
1.00003396516602	1.00088354990612	0.999923595083412	1.00049149979217	1.00034813246435	1.00005377207354	NA
1.0006223451725	0.999954858547702	1.00045447235784	0.999698813993239	1.00053400624478	1.00015897707675	NA
0.999926254537597	1.00055480296448	0.999962453710915	1.00162378741432	1.00038029307315	1.00044154613371	NA
1.00075304884976	1.00063140749244	0.999825390595724	0.999912207691783	1.00121338058467	1.00017926043566	NA
0.999911057893381	1.00068767011412	1.00025802425066	0.999782882413676	1.00020898602848	1.00004947448764	NA
1.00058996822468	1.00008122988633	1.0001107199754	1.00008057384223	1.0000105810075	1.00068312168315	NA
1.00047049408581	1.00009858649146	0.999918737582671	1.00150231586349	1.0001302271068	1.00025850896566	NA
1.00028675859073	1.00033509440435	1.00003799877648	1.00062077672137	1.00033343989937	1.00021640475135	NA
0.999953170492087	1.00048230479469	1.00033705521104	1.00031258982934	1.0001311588108	1.00006938020262	NA
0.999909590036287	1.00008116725072	1.00035327709137	0.999882733226507	0.999793745554193	1.0012690563864	NA
0.999734225139868	0.999925962295338	1.00039721666388	1.00043649781245	1.00006329413917	0.999681631370118	NA
0.999724734124879	1.00045791307823	0.999876284291432	0.999834479390081	1.00037066625824	1.00042035945559	NA
1.00002054756869	0.999981382233018	0.999837414987318	1.00012313205947	1.00036726933591	1.00016156663449	NA
0.999875014909788	1.00029892391155	1.00025848591075	0.999913306239392	1.0008252275219	1.00001387581183	NA
1.00057965352161	1.00091075727842	1.00057754076586	1.00004982426181	1.00099015079633	1.00025754030429	NA
1.00156025220039	1.00051859992231	1.00057299374879	1.00026363775487	1.00086641702935	1.00024964696583	NA
0.999731162339627	0.999717543809237	1.00052487346912	1.00041592890473	1.00071545757889	1.00025612572992	NA
1.00039114995669	0.999831207648231	1.00021163095019	1.00177811714561	1.00024593175139	1.0001044906676	NA
1.0005950367497	0.999735765290908	0.999989646238049	1.00022657675926	1.00032673771063	1.0001244801705	NA
1.00018439280194	1.00076594288341	0.999791671933041	0.999952299048562	0.999852323472066	1.00034723070186	NA
0.999927387483634	1.00035969771217	1.00049274476369	1.00094084724253	0.999838507092011	0.999994484225696	NA
1.00020227840683	0.999888900388204	1.000422344983	0.999898370012198	1.00044113007809	1.00004206799795	NA
1.00081649858808	1.00006522907832	1.00014202045467	1.00003952639992	1.00019309304403	1.00117364142119	NA
1.00025948533863	1.00052292151294	1.00013471452733	1.00000504961549	1.00087328810047	1.0018090295464	NA
1.00017100073629	1.00046076398241	0.99996048844997	1.00058297471284	0.999875416109428	1.00019714566374	NA
0.999968705131648	1.00013478980057	1.00010042035581	1.00058004590728	0.999867099465273	1.00017940429406	NA
1.00027527059532	0.999770748589826	1.0000427146607	1.00028952633267	1.00012315554253	1.00019550563245	NA
0.999958062792209	1.00041362239033	1.00070252130624	1.00035325165595	1.00047142918917	1.0003707444147	NA
1.00041374006392	1.00205275627895	0.999891267132542	1.00046481250168	1.0010115821667	1.00018753984701	NA
1.00098493981762	1.00104592007699	1.0002319535389	1.00014523469125	1.00014134837743	1.00062460258006	NA
1.000117829032	1.0003033240454	0.999861200550067	1.00009023100394	1.00073387462708	1.00009545347227	NA
1.00180552090006	1.0015019800275	1.00006528817897	1.00064154360782	1.00004732222701	1.00064682641087	NA
1.00019486493278	1.00012551033878	0.999781546831598	1.00093128683712	1.00043103876116	1.00028570645314	NA
0.99996739825081	1.00078600135052	1.00007960633457	0.999851772132399	1.00047353842102	0.999973036423292	NA
0.99991217819873	0.999687170144854	0.999995134192746	1.00050650414348	0.999952699719791	0.999786839503732	NA
1.00013782028966	1.00002896857371	0.999977135679759	1.00016989717026	1.00047000670063	1.00035480202643	NA
1.00045844290722	1.00009441933941	0.999941009188192	1.00008053482448	1.00044765571938	1.00099913248719	NA
1.00012753841872	1.001066014202	1.00050928576758	1.00014897857166	1.00102768331907	1.0001116667601	NA
0.999827937343123	1.00154296007987	1.00034794302707	1.00023930606989	1.00039188476185	1.00007749679897	NA
1.00031224551248	1.00017857117109	0.999885585456353	1.00028319880799	0.999886229446186	1.00049494191972	NA
0.999837533022843	1.00042255286057	1.00048943684653	1.00080114926698	1.00014570143955	0.999930799783383	NA
0.99975698132801	1.00058292258739	0.999971368178205	0.999820557126437	1.0011055241866	0.999936156460089	NA
0.9998963364679	1.00049519500422	1.00025328302331	1.00017041337652	1.00001163135059	0.99977571504783	NA
1.00030273442825	1.00053930417116	0.999713799986226	1.00009225730625	1.00063773581206	0.999903771811265	NA
1.0003862223608	0.999858937042407	1.00018456306371	1.00012471630272	1.00004097829861	1.00029498567004	NA
0.999994715470398	1.00012579489245	1.00016624711781	1.00018696071081	1.00053936566845	1.000107400166	NA
0.999679603049799	0.999711685948069	1.00037079391293	1.00010325569396	1.00012467405167	1.00078002428586	NA
1.00008336619265	1.00011746177156	1.00003247799296	1.00020680506139	1.00050832450809	0.999778458473368	NA
1.00020977635377	1.00080819592888	1.00034728881771	1.0014890924967	1.00020818711428	1.0004949375655	NA
1.0008733206915	1.00001498696312	0.999654561299874	0.999919477585552	1.00061682627057	1.00003848911404	NA
1.0019261694823	1.00045560894182	1.00028919411695	1.00054408294244	1.00082188633399	0.99996965374486	NA
0.999950701911123	0.999902104852438	0.999739542712252	1.00028669626696	1.00033690163471	1.00055965883059	NA
0.999944394236656	1.00157191205452	1.00009962205228	1.00026267820294	0.99996458776649	1.00063129313923	NA
1.0008985810216	1.00002310023416	1.00027914062406	1.00000352674896	1.00039455460817	1.00104881664898	NA
0.999864764373291	1.00069593465544	0.999961950058905	1.00007897535867	1.00097383458841	1.00042829427712	NA
0.999885030830297	1.00003358245375	1.00014800873127	1.00024559349183	1.00015504107785	1.00019880852368	NA
1.0003967623416	1.00059038934907	1.00034549588865	0.999663874235992	1.00143699380937	1.00025309462272	NA
1.0020569844942	0.999957679322213	1.00010940166895	1.0003378960133	1.00111878647314	1.0001892527223	NA
1.00055029484749	1.00008423512131	1.00013908465467	1.00007413233177	1.00020815803051	1.00021182101673	NA
1.00099044434746	1.00013161094832	1.00018948891893	1.00016271959451	0.999930122644097	1.00011333067358	NA
1.00030715841987	0.999746866462799	0.999868741218968	1.00038823956446	0.999981650785761	1.00023776075904	NA
1.00075878362452	1.00008148069363	0.999846842315864	0.999843638088519	0.999952118213672	0.999762345589319	NA
0.999872535830172	0.999851550830962	0.999913383079442	1.0001683347295	1.00061409239882	1.00055053081966	NA
0.999845782877135	1.00021731282136	1.00004257928708	0.999940223426655	1.00022163860617	1.00005859144367	NA
0.999932091602628	1.00088111152868	0.999724328959949	1.00023516623988	1.00010005477946	1.00022764305895	NA
0.999916645706362	1.0000972448932	0.999838555864154	0.999845794302314	0.999834148664089	1.00029168837019	NA
0.999838715148125	1.00048861946963	1.00061279608857	1.00005311269773	1.00021588670219	1.00038382314911	NA
0.999915262944236	0.999900001273021	1.00001451605725	1.00015596964131	0.99996408637114	1.00000669625105	NA
1.00015147872598	1.00012223650636	1.00011231289855	1.00040006897254	1.00015173681678	1.00011238931583	NA
1.00088809562367	1.00006932228618	1.00004012650895	1.00001859211186	1.00022344741391	1.00112502608157	NA
1.00109577158982	1.00028765409585	1.00038948182618	0.999789607532175	1.00026950853402	1.00037630327032	NA
1.0004367332777	1.0003979120373	1.00019070162111	0.999997826291694	0.999903748097612	0.999991264785782	NA
1.00003054394975	1.00065926421049	1.00005758910085	1.00028381171796	1.0003227609411	0.999858412338394	NA
1.00055698750586	1.00051495157503	0.999793310101736	1.00023261233416	0.999970220776914	1.00040036765928	NA
1.00042190908076	1.00060093057003	1.00027653884561	1.0000039227392	1.00002079197451	1.00014349085891	NA
0.999978291462528	1.00131155918913	0.999953758217605	0.999999449563924	1.0006660326061	1.00003486848372	NA
1.00002202352759	1.00054456824947	0.999782724074731	0.999873447570348	0.999858294688164	1.00071767355153	NA
0.999962843517054	1.00028576681008	0.999911414813684	1.00022249741948	1.00068008155734	1.00082910778272	NA
0.999974093827784	1.00005885307943	1.00050061898074	0.999848858770107	1.00001131269145	1.00008168407467	NA
1.00034117373497	1.0000790423891	0.999791344518797	1.0003128795819	1.00025092514995	0.999937543047235	NA
0.999965655065094	1.00063426413732	0.999836217047877	1.00006787899143	1.00002195217679	0.999911517409956	NA
0.999870102257091	1.00027987721559	0.999798085516621	0.999954411988899	1.00035814879561	1.00094506452345	NA
1.00023388644918	1.00006706319406	1.00001982031574	0.999924945712971	1.00048679638342	1.00025569687474	NA
1.00195546586475	1.00021362117621	1.00118978682959	1.00068057079753	1.00091939992726	1.00021157088519	NA
1.0004528359348	1.00019251101145	0.999972544703575	1.00014272462669	0.999732144980212	1.00035396440746	NA
1.00052787077265	1.00071170507758	1.00045916290795	0.999781514856915	1.00047450235056	1.00152280672263	NA
1.00029166445854	1.00020490296654	1.00019357957854	1.00097220406182	0.999776139542305	1.00021146563713	NA
1.0006342164505	0.999798062670414	0.99982005004773	1.00087450152172	1.00062141275583	1.00015359649749	NA
1.00030089535395	1.00019178315516	1.0006991817589	1.00035371952363	1.0000956104273	1.00003602980725	NA
1.00081233686198	1.00052413956535	0.999870888606357	0.999914333982351	1.00029627079684	0.99976928026805	NA
1.0004528542517	1.0001020692817	1.00024611769973	0.999791066119059	1.00004521795435	1.00074045947063	NA
1.00030508374475	1.00116389993996	1.00047860340087	0.999846642380365	1.00064723893905	1.00004372509317	NA
1.00012370141568	1.00007784790906	1.00002947299136	0.999917980709885	1.00100869007412	0.999941895570757	NA
0.999957319981031	1.00207587676734	0.999964465316318	1.00008742716617	1.00035314636504	1.00129815176684	NA
1.0001011028875	1.00076780409387	1.00010475564472	1.00105694392619	0.999933124823941	0.999939961852561	NA
0.999912623261973	1.00023933815499	1.00034989919601	1.00019775012618	0.999868504578873	1.00135660981116	NA
1.00008176725791	1.00011582469653	1.00038198965784	1.00021440276298	0.999954242591938	0.999702827880505	NA
1.00031792707518	1.00060842087439	1.00044057588416	1.00039070114808	0.999833508116269	1.0000437669359	NA
0.999912474430003	0.999907807335183	0.999963929222524	0.999712640866828	1.00012753161824	1.00073317743723	NA
1.00007083431057	1.0008454656516	1.00041835998961	0.999996269136967	1.00012597288577	1.00021881597891	NA
0.999839073014952	1.00126184003626	0.999929802604794	1.00088747077666	0.999890921531256	1.0002170853493	NA
1.00041959951718	1.00004648409016	0.999963080479283	1.00039367400229	1.00018872163738	1.00089625531291	NA
0.999991424767821	1.0003007672833	1.00036443535979	0.999834066157109	1.0004813468779	1.00028823660191	NA
1.00087261164769	1.0002399410522	0.999805226870859	1.00023869851715	1.00001125626032	1.00005210579318	NA
1.00032666649716	1.00028429666005	1.000593228909	1.00048524088793	1.00062269226104	0.999869548571398	NA
1.00009348211479	0.999855332633901	1.00031663100392	1.00018266183347	1.00012078106765	1.00021076702038	NA
0.999963444526284	1.00016434062499	1.00002991650651	1.00030038402563	1.00042640537676	1.00032918693316	NA
0.999892555183801	1.00010801034957	1.00006618836996	1.0011228033078	1.00011873085342	1.00077217362724	NA
0.999853093206773	1.00048665185038	0.999977070870314	1.0004042872243	1.00006191219114	1.00100209523794	NA
0.999912770929755	1.00078945889037	1.00004044640151	1.00025112566471	1.00021577641377	0.999950418819745	NA
1.00015740260068	1.00023937073619	1.00045669412198	1.00014778351499	1.00062349807402	0.999996912842768	NA
1.00025887460172	0.999662497577488	1.00007147626343	1.0001410573923	0.999855948747325	1.00013765612131	NA
1.00022058074093	1.00016276556241	1.00025624482302	1.0003151339871	0.999929664866404	1.00007916298455	NA
1.0002936655798	1.00012542912192	1.00033419727248	1.00019742678091	1.00052514375974	1.00072895401432	NA
1.00060383545804	1.00007219766427	0.999910147297114	1.0000119504089	0.999847393980882	1.00080705878723	NA
1.00062052063729	0.999886213678074	1.00019808429082	0.99987403981629	1.000353014479	1.00031166344681	NA
1.00015734217209	1.00118702139215	1.00052118040282	1.00047282464882	0.999974645264376	0.999831239618158	NA
1.00005481248231	1.00066981515471	0.999991880284171	1.00098808559817	1.00074015616392	1.00001532703591	NA
1.000624136977	1.00035846524828	1.0002072711308	1.00023613321028	1.00034721314795	1.00014088451168	NA
1.0001572682462	1.00146247441874	0.999949246270236	0.999876813035207	0.999971989064035	1.00041516814768	NA
1.0000972741574	0.999756773220842	1.00007927471765	1.00001374092506	1.00011465731117	1.00003524341774	NA
1.00062818044869	1.00010607613622	1.00000942256712	0.999975461229401	0.999974114775038	1.00015332227273	NA
1.00007048677257	1.00059388420171	1.0002289343054	1.00027239122852	0.999839491011702	1.00014954032117	NA
0.999742874116473	1.00014859211473	0.999948728981802	0.999990204553137	1.00047205724732	1.00036637682992	NA
1.00050167040265	0.999773057248875	1.00032336894716	1.00093738158997	1.00029484442698	0.999855468855373	NA
0.999969940257163	1.00006145704725	0.999779156001693	1.00012584135987	0.999762643144938	1.00031472063675	NA
1.00019199230219	1.00026155391154	0.999765166450109	1.00107974935068	0.999770582337046	1.00010635606526	NA
1.00000888466944	1.00043853142924	1.00046645425647	1.00136893989607	0.999834403103304	1.00078144777755	NA
1.00023439566252	1.00014538563006	0.999927459850876	1.00046633902215	1.00000650128413	0.999859328436625	NA
1.00010995804327	1.00033381761166	0.999905131187334	0.999890449316483	1.0006147272956	1.00037670928945	NA
0.999765128620699	0.999852976901182	1.00027507756882	1.00031931453676	1.00074610619257	1.00008251370019	NA
0.999952835225233	1.00052760188088	1.00008291516658	1.00037476333498	1.0002475390747	1.00068150527697	NA
1.0002812330019	1.00027991010239	1.0000801747567	1.00009988513926	0.999901476485486	1.00025841103293	NA
1.00013773630069	0.999974039913646	1.00071285897786	1.00043478999289	1.00040733253117	1.00088397175604	NA
1.00044851591391	0.999994180971247	1.00038337702852	1.00078422665425	1.00014781550984	1.00003174686079	NA
