FMP	RMP	FPP	UPP	ANPP	NPP	ANCOVA
1.00004840581053	1.00083390885236	0.999895585577517	1.00056589063688	1.00124441978902	0.999925049118305	NA
1.00025552629388	1.00065929849029	0.999655802928465	1.00012712646502	1.00017090277487	0.999981770007571	NA
1.00045506708289	0.999898789205772	0.999895119465777	1.00034147413902	0.999800170827358	1.00010848927235	NA
1.00001825553286	1.00072972704216	0.99997442042622	1.00038391176527	1.00042824808756	1.00006129927024	NA
1.00038150418368	0.999970656323779	1.0000429207956	1.00007267543757	1.00022012555712	0.999894807904081	NA
1.00037245620296	0.999798615152767	1.00035510083927	0.999821152137722	1.00009666864521	1.00050593644939	NA
0.999790791637441	1.0005248362242	1.00040274560807	1.00052164760793	1.00101532505459	1.00075069014501	NA
1.00074681637299	1.00193574423287	0.999913473438837	1.00134406279764	1.00017792041271	1.00078297060034	NA
1.00003862554532	1.00046397616952	1.00025333449226	0.99966208510181	1.00018831743132	1.00003240221293	NA
0.999948606469618	1.00032377681986	0.999983030570688	0.999870013779143	0.999992993155219	0.999838903096121	NA
1.00091110961342	1.00008437403834	0.999912464438057	0.999946190444641	1.00051591718777	0.999886016553883	NA
1.00000606157297	1.00039880694125	1.00037334660189	0.999821980749788	1.00044579336786	1.00122732314657	NA
1.00044560601487	1.00072996574519	1.00019199252759	1.00029071962259	1.00000514329965	1.00041782415344	NA
0.999854384206237	1.00017114282214	0.999867411422349	0.999664680494405	1.00036657651264	1.00037188602291	NA
1.00108524193199	1.00009294595444	1.00058632165096	0.999897270943297	1.00012403017622	1.00048369604724	NA
1.0003906793272	0.999904022048792	1.00022925682002	1.00034655468206	1.00016785202842	1.00088131916401	NA
1.00069913136804	1.00034899414086	1.00016068729925	1.00048500542546	1.00027154302022	1.0006149596715	NA
1.0005400520824	1.00095688099664	1.00070244934339	0.99978416685091	1.00035865031177	1.00020096210085	NA
1.00008204793068	0.999750897517935	0.999980667740082	1.00017249942558	1.00017582366539	0.999841386814803	NA
1.00072755728591	1.00107735155823	0.999808893685547	0.999768487110315	0.999725229633323	0.999843913646508	NA
0.999797899823736	1.00014862724951	1.00019650968422	1.00013806500878	1.00005673336315	1.00027815155786	NA
1.00017758480902	1.00033991982431	1.00009291053584	1.00071613056073	0.999785286388769	1.00019252321297	NA
1.00013587218958	1.0003598354712	1.0001116147496	1.00049710222776	1.00006063228391	1.00063568578936	NA
0.999943529380127	0.999903819261403	0.999801347051842	1.00047099052325	1.00010338688687	1.00047519573454	NA
1.00021352249236	1.00020442836133	0.999794141723074	1.00014322639496	1.0000464231182	0.999774906392962	NA
1.00006543035943	0.999969658466609	1.00018614219302	1.00018043424434	1.00048375747042	1.00020267091552	NA
0.999830575762025	0.999955117832864	1.00003469935604	1.00030650709024	0.999996399504105	1.00100346622517	NA
1.00055038604943	1.0022155465138	0.999988939410458	1.00013556241117	1.00012940444398	0.999801651199734	NA
1.00008927340178	1.00054185674627	1.00016312517991	0.999999747067227	1.00021064048115	1.00014967933433	NA
0.999995663150707	1.0003636302118	1.00023465771466	1.00035382759022	1.00063495315078	1.00047784381938	NA
1.00001722159348	0.999672561900884	1.00000758117572	1.00017325042979	1.00113333265496	1.00037672062797	NA
1.00079975974414	1.000508697037	1.00090420817315	1.00028736948221	1.00015432050442	1.00042727149559	NA
1.00032109706817	1.00135313995268	0.999948022555361	1.00097364894919	0.99982961566281	1.00107812273699	NA
1.00003535183193	0.999908278261544	1.00031302191208	1.0005215122646	0.999740974576307	1.00047519151131	NA
1.00101161956589	1.0004373981637	1.00015710099554	1.0003248586726	1.00018368236575	1.00035122654101	NA
1.00069676516509	0.99998024496929	1.00022978272554	1.00086568653146	1.00010464981217	1.00053602673463	NA
1.00006481295286	0.999751534306629	1.00023344813188	0.999901328494202	1.00062617872631	1.00034091911887	NA
1.00028369527696	1.00042934122726	1.00061387097127	1.00012306845424	1.00022306245136	1.00103543771875	NA
1.00091855359378	1.00036668474665	1.00002985261914	0.999977050688766	1.00052341629725	1.00001942506421	NA
1.00050519617314	1.00005741686286	1.0004735546682	1.00123759356769	1.0003778148115	1.00016572359899	NA
1.0003614092122	1.00012226925079	1.00009493806254	1.00040649641367	1.0003267833111	1.00077275736972	NA
0.999983643951207	1.0004357541504	0.999823290934136	1.00046328199107	1.00002349092053	1.00005728884028	NA
1.00041658917221	0.999798767140862	1.00053304781263	1.0002140154972	0.99981713997199	1.00048757896528	NA
0.9999893715103	0.9999290692568	1.00043886691056	1.00029974980048	1.00082765741352	0.999996029146752	NA
0.999868426780463	1.00006203744273	0.999890205811115	1.00012077964558	1.00033187650852	1.00043929788809	NA
0.999732151883963	1.00007034226957	1.00026971836437	1.00057293927406	0.999783551730081	0.999913425999018	NA
0.999881246267418	1.00044260926468	1.00040750488233	1.00051638078474	1.00032215701764	0.999984282943431	NA
1.00035648206306	1.0004857803994	1.00022485592163	1.00014829597251	1.00071787252091	1.00018658520831	NA
1.00003292088979	1.00069067464973	1.00011286085782	1.00043431312174	0.999760010595494	1.0000026314209	NA
0.999859200526153	1.00036152368631	1.00020503556166	1.0000611707462	1.00045080232899	1.00031269281138	NA
0.99994010476952	1.00001703824847	0.99981464574574	1.00034128401847	1.00055534122888	0.999842743739572	NA
0.999992483516581	0.999986617309618	0.999884857537628	1.0004352077181	1.00016913759461	1.0002994146388	NA
1.00013164699848	1.00075612840296	0.999988710917361	1.00064737135852	0.999875398861117	0.999905304089711	NA
1.0000481165474	1.00039975369421	1.00051990181718	1.00108125500773	1.0000919403534	0.999988780999029	NA
1.00019068766761	0.999988941366714	1.00009651327466	1.00032239292766	0.999990698998934	1.00016340478264	NA
1.00037347793862	0.999861211035728	1.00037180496216	1.00008359706909	1.00017728514629	1.00031570205444	NA
0.999946201744707	1.00082593223044	0.999876039027173	1.00028295699763	1.00038658022507	1.00002372287078	NA
0.999981697818553	1.00017138961249	1.00058205413442	1.00032294609304	0.999823047585176	0.99991675954131	NA
1.00007310919944	1.00103827775298	1.00007892735196	1.00021232883821	1.00015669177771	1.00009796145046	NA
0.999740725236916	1.00018087898045	1.00013915600528	1.00012019676814	1.00038997969221	1.00054090737572	NA
0.999897047703871	1.00024853431956	1.00034322165391	1.00021727094412	1.00006159371359	1.00114488620879	NA
1.0001411582544	1.00008215482849	0.99976638256408	1.00000889600194	1.00028683280162	1.00001068904194	NA
1.00063300745752	1.00036091520402	0.999750625796924	0.999921471154577	1.00007979269174	1.00004770213284	NA
1.0000680611449	0.999761934506913	1.0000454617434	1.00030358542423	1.00075434876736	1.00065922670314	NA
1.00045832048263	0.999824050314854	1.00061723027242	1.00029683299825	0.999686559445658	1.00012612793121	NA
0.999825326141911	0.999959310035116	1.00006444811169	1.00092434742276	1.00005091759657	1.0006691478845	NA
1.00009534692995	1.00004938499894	1.00029655155305	1.00126097221712	1.00043142871599	1.0003848263	NA
0.999874572647817	0.999901072180213	1.00008193401946	1.00045871587047	0.999950699506184	1.00007291437261	NA
1.0003994404168	1.00022269698146	1.00013359315495	1.00052361962934	1.00043826419149	1.00095848907033	NA
1.00026781780143	1.00042668967297	1.00139078406935	0.999784425959408	1.00021817786054	0.999999415776794	NA
0.999898322325112	0.999996963247539	0.999972304621666	1.00045745105595	1.0003380884564	0.999978797756234	NA
1.00027631536381	1.00005035587097	1.0002463515167	1.00020042687184	0.999826645668042	0.999915663267394	NA
1.00059912382662	1.00041428773747	1.00053570617394	0.999853431549592	0.999811209824316	1.00121303179954	NA
1.00062089244712	1.0010263667484	0.999988471170581	1.00007531697463	0.999934111256838	1.00033034368699	NA
0.999818010007203	1.0002845959537	1.00087813308126	1.00009606947955	0.999982239719063	1.0004605645688	NA
1.00026523776837	1.00049950255058	1.00033563796572	0.999854822949354	1.00068716422371	1.0002916705594	NA
1.00010839592938	1.0005405462343	1.0000939214235	0.999875013029286	1.00006421633991	0.99981390290108	NA
1.00020071848726	1.0008519822445	0.999943167427271	1.00085021469147	1.00019343410972	1.00043257674816	NA
0.999977077442068	0.999989602297793	1.00096464206442	1.00076547523522	1.00041143176371	1.00043235266812	NA
1.00193971107077	1.00023115701534	1.0005221436765	1.00070032139321	1.00189649550964	0.99993652367926	NA
1.00051848299143	1.00167603084081	0.999846896146299	0.999931675391443	0.999832089886064	0.999874881727681	NA
1.00077408221824	1.00007892531983	1.00092522851335	1.0000237108309	0.999810357321394	1.00134139051309	NA
1.00083829771644	1.000568184523	1.00068326089196	1.00017284015419	1.00134583361765	1.00082054095933	NA
1.00026061645166	1.00254862353226	0.999777330070126	1.00003681238368	1.00036231888909	1.00064800285539	NA
1.00027346172157	1.00040142741852	0.999892988967773	0.999917831639442	0.999946987572474	0.999773629816138	NA
1.00026811928348	0.999746662949596	1.0003861099858	0.999885863855962	1.00003043690394	0.999890704590809	NA
1.00101652205535	1.00001240170431	0.999810888321352	1.00053418189348	1.00012826498746	0.999808081673771	NA
1.00004665628825	1.00021798374238	1.00063501776783	1.00021024862176	1.00010508321365	1.00047047220057	NA
1.00031218460753	0.999943322788877	1.00027017520735	1.00001022145666	1.00005863330012	1.00008371068624	NA
1.00044408701114	1.00006957502967	1.00075831633148	1.0004619469207	1.00077633145169	1.00003838744917	NA
1.00015260232892	1.00017619487701	0.99981516658121	1.00021261586066	1.0001762828299	1.00082820355637	NA
1.00005701472513	1.00118827092412	1.00022409749829	1.00018500949402	1.000414085824	1.00031845642084	NA
1.00004396413826	1.00106936328322	1.00045984597847	0.999748193766265	0.999783826526071	1.00084326608329	NA
1.00081723769656	1.00099817849026	0.999922919998773	1.00177382090127	0.999859082017176	1.00034160679501	NA
1.00010325817691	1.00013377033299	1.00016988148876	1.00051812003547	1.00006603088428	1.00010888556325	NA
0.999843268788732	1.00028167305153	1.00036719897781	1.00045688217667	1.00018578408964	1.00010027704859	NA
1.00085696126234	1.00111272199092	1.00001779376858	0.999979854841312	1.00038278765477	1.00049646585714	NA
0.999834563228894	0.999844638021928	1.00017035020624	1.00001769977118	1.00020988476479	1.00027266564064	NA
1.00072288777839	1.00037927294927	1.00030708962689	1.00014201654117	1.00007187163361	1.00016076258359	NA
1.00010465494226	1.00004582574751	0.999857005648825	1.00005043480966	1.00027717320087	1.00020639390646	NA
1.00090680361252	1.00022637314544	0.999729396919406	1.0004157836779	1.00092861042562	1.00034138426319	NA
1.00011253612912	0.999936802006917	1.0003715935395	1.00033193331882	1.0001058930661	1.00035074255911	NA
1.00081652303141	1.00012803274669	0.999900125263267	0.999776646655388	1.00049900946323	1.00065294723626	NA
1.0001995349345	0.999784785827852	1.00004890794441	1.00010556862845	1.00082137093607	0.999794795054438	NA
1.0003754182577	1.00092638485312	1.00015855132642	1.00072845339102	1.00007243119164	0.999718830060345	NA
1.00029395675569	1.00022385423821	1.00031759389455	1.00031172050651	1.00056570261504	1.00022979398768	NA
0.999993000383695	1.00068768359195	1.00068017129516	1.00020503138181	1.00020036433909	0.999990724488125	NA
1.00020390146925	0.999697017055406	1.00039682926148	1.00043498327163	1.00000465368463	1.00000011888299	NA
1.00058706776394	1.00032807417709	0.999867318370775	1.00001316059068	0.999946313440972	1.00019435971644	NA
0.999846422646978	0.999837735570281	0.999822292365342	1.00015557114876	1.00063730468363	1.00115921125767	NA
1.00060027303607	1.00027491681106	1.0006180525584	0.999733328904277	1.00006929451517	1.00059888274152	NA
1.00015600418374	0.999931606035078	1.00003514844703	0.999834150940484	1.00016318309065	0.999897126191787	NA
0.999894366993969	1.00022624290141	1.000209533062	1.00044609659287	1.00043539516366	1.00096596914637	NA
0.999739195768934	1.00029009260975	1.00019291344244	0.999970684460817	1.00000615182224	1.00058907943076	NA
1.00025294267443	1.00027859042912	1.00099363159732	1.00038380721663	1.00025431992237	1.00067713065024	NA
1.0000669863265	0.999965769718849	0.999967755995461	1.00025902611999	0.999997357963346	1.00088224286174	NA
0.999948136879252	1.00106616928029	1.00091602394191	1.00004009489903	1.0012399213313	0.999765031295141	NA
1.00012600957078	1.00019786867703	0.999839596677262	1.00063432902224	1.00054154692286	0.999856993324715	NA
1.00018781746422	0.999827229551602	0.999829533665302	0.999920986585523	1.00004928279402	1.00133103432253	NA
0.999890139665464	1.00028821311334	0.999947373049591	1.00044685019313	1.00074544992429	1.00023492502342	NA
1.00027011547128	0.999828072058527	0.999951833354971	1.00052781790867	1.00004067961533	1.00007086299519	NA
1.0001539216529	1.00045924025048	1.00055846776383	1.00017722422107	1.00029152078668	0.999792788840046	NA
1.00001158251919	1.0010321463666	1.00020013811219	1.00015840726843	0.999665626582977	1.00019789127919	NA
1.00043719631664	1.00032448517706	1.0005903667833	1.00022829965107	1.00013772332131	1.00026500584353	NA
1.00171041156125	1.00021282659247	1.0000124599551	1.00055160525651	0.999963575124265	1.00043872433104	NA
0.999901799528653	1.00035849104242	0.99991485896112	1.00020468013601	1.00043712557435	1.00016342406163	NA
0.999770879586479	1.00021388120662	1.00016826326844	1.0001914181059	1.00106897940096	1.00041660159449	NA
1.00019866278615	1.00063126545649	1.00018019178676	1.0004348496409	1.00003647097776	1.00062457922336	NA
1.00070549455614	1.00157633271275	0.999964419692589	1.00038750315288	1.00033374381421	0.999747147317241	NA
1.00056562214713	1.00071741953351	1.00004734982937	1.00050726297616	1.00015187211816	1.00057042606967	NA
0.999955093052023	1.00002349111201	0.999977952405521	1.0009818582696	0.999757208862953	1.0016972104236	NA
0.999848404465396	0.99980705349944	0.999654119238721	1.00041082983001	1.00075819444779	0.999789178345961	NA
1.00012864684563	0.999657903751904	0.999969362513632	1.000892103588	1.00078041005649	0.999738864334596	NA
1.00108077311528	1.00079515669383	0.999754015339091	1.00023982476493	1.00038078921266	1.00014197378546	NA
1.00011354295797	1.0008461663047	1.00038107078173	1.00000023766573	1.00039629789532	1.00013403221249	NA
1.00084237848238	1.00029632217236	0.999859063131103	1.00010608480073	1.00048640151261	1.00049147514379	NA
1.00029637835539	1.00047412562481	0.999928365791966	1.00010414259098	1.00015646965904	1.00110915685708	NA
0.999994253965871	1.0003358510302	0.999791915835492	1.00014637828237	1.00010716550388	1.00063659485889	NA
1.00096213277122	1.00045677073784	0.999917528123166	1.00062298836348	1.0009292380534	0.999994136118373	NA
1.00029431403531	1.00200173506366	1.00008862406994	0.999835114399194	1.00046385218146	1.00037455164588	NA
0.999940093359038	1.00052172544849	0.999764879409119	0.999942245428967	1.0001604922464	1.00006774992508	NA
1.00015269479584	1.0001142393706	1.00084748404045	1.00100842759176	0.999860257298312	1.00014373722793	NA
0.999896471892082	1.00016228406232	0.999886552776991	0.999845886967815	1.00036695035611	1.00063586757676	NA
0.999846611452266	1.00030000252111	1.00049184218482	0.99996919042868	1.00023462444454	1.00002342957977	NA
0.999975348846714	0.999855892904654	1.00154559034477	1.00017119867368	1.0000358881513	0.999942169144007	NA
0.999921203843268	1.00026437880021	1.00028543834065	1.00052995151559	1.00039798003966	1.00001291343458	NA
1.0008479727359	1.00030870478297	1.00062655242	1.00028095769005	0.999957267157917	1.0005441866976	NA
1.0002274327938	0.999928997972504	1.00031414403269	1.00015238635287	1.00028269350321	1.00115860498418	NA
1.00056402126211	0.999994384113806	0.999959785322014	1.00004423855019	0.999828355082115	0.999845945783975	NA
1.00092971352386	1.00087648866592	0.999755194395363	1.00056087992117	1.00026269623269	0.999909069535865	NA
1.00087332686265	0.999989709124152	0.999732599816147	1.00023342084389	1.00020822804211	1.00018784721846	NA
1.00045423472945	1.00026519764993	0.999982432595867	1.00030433238814	0.999856969419344	1.00021134665605	NA
1.00025624636997	0.999948268399243	1.00017431634576	1.00029845315172	0.999910323700524	1.0003350993579	NA
1.00034216415962	1.00046067893963	1.00019136182317	1.0002947053924	1.00023376055104	1.00024326214039	NA
0.999829837093954	1.00010863733179	0.999915356267825	1.00001987141258	1.00027951730898	1.00010372522497	NA
1.00026275830628	1.00216531284068	1.00107808916783	1.00004888172787	1.00019580360768	1.00060119341515	NA
1.00078611811554	1.0003273980617	0.99992355428756	1.00094151081042	1.00063069538458	0.999756605405848	NA
1.0005929519933	0.999910521801507	1.00007744361189	1.00062926073541	1.00071170835916	1.00059598042319	NA
1.00002282585586	1.00101615977491	1.00056795715726	1.00048110510139	1.00070286817986	1.00039077803403	NA
0.999834092519747	1.00050684694024	1.00018465012563	1.00018100394136	1.00022438955468	1.00019661301434	NA
1.00027078531123	1.00030102797276	1.00002441663861	1.00053620554944	1.00017743970816	1.00080498208055	NA
1.0001172874159	0.99991271499498	1.00043620500525	1.00037163298691	1.00003818504409	1.00043653937174	NA
1.00030533986469	1.00036210381705	0.999854072703959	1.0005364754233	1.00001133810759	1.00023396995657	NA
1.00062865038576	1.00080573106293	1.00096756124094	1.00041905156812	1.00003778827157	1.00085089663292	NA
1.00044857925994	1.0003402629449	1.00000508361625	1.00008097521489	1.00042811783948	1.00025532355243	NA
1.00109193365189	1.00052334593156	0.999875835456837	0.999917482821776	0.999844704044368	1.00009380997205	NA
0.999961387413041	1.00087080233625	1.00062879409521	1.00087707442047	0.999848427962795	0.99989533644896	NA
1.00047125273957	1.00076067422436	1.00015526026752	1.00056292290383	0.999970863397706	1.00063784932297	NA
1.00021437775873	1.00029022145973	1.00040608112958	1.00035980655584	1.00020464910355	1.00024972298812	NA
1.00004604677967	1.00035043286905	0.999972501585792	1.00071092466383	1.00093563938531	1.00020145232659	NA
1.00039799553735	0.999916555951187	0.999745215792826	1.00038463069532	0.999856598006538	1.00023394218966	NA
1.00015105672169	0.999815385020786	1.00034721998391	1.00020927820491	1.00005908585767	1.00069463541793	NA
1.00038622052409	1.00025467794393	0.999800208942547	1.00009671779212	1.00007868657154	1.00021251123124	NA
1.00009388711469	1.00029252206614	1.00001741498736	1.0011683202054	0.99994199324095	1.00093917590108	NA
1.00080904095372	1.0003573913011	1.00057143362295	1.00043902690998	1.00039365807136	1.00006454517593	NA
1.00039610599507	1.00005991524919	1.00023154938974	1.00003115459882	1.00033711615787	1.00029784241865	NA
1.00030709088426	0.999984256965215	1.000207955411	1.00024045385198	1.00007726659469	0.999805480208538	NA
1.00067536629517	1.00040523929699	0.999837380406497	1.00018638706111	1.00052460015139	1.0005734026798	NA
1.00057795610831	1.00011421495037	1.00003710609349	0.999805811210087	1.00039454183677	0.999765209424659	NA
1.00030912974532	1.00003055468559	1.00002529419813	0.999924968943781	0.999855092455137	1.00008841443993	NA
1.0000546765952	0.999764978693616	1.00029979504386	1.00007580785935	0.999981332648686	1.00012243599901	NA
1.000212693376	1.00007151961046	1.00066901562485	1.0000695461533	1.00039990041056	1.00021288621157	NA
1.00060089101029	1.00029993496853	1.00025775988786	1.00026425638521	1.00034254462463	0.999717223928549	NA
1.00019875226277	1.0003636705604	0.999781548633698	1.0001448670587	1.00003352917984	1.0003236029122	NA
0.999913784197415	0.999908984736574	1.0004278661479	1.00030003496265	0.999945222251024	1.00027590601392	NA
1.00120027154892	0.999940385664206	1.00019014400107	1.00046143485974	1.00044796820172	0.999804386275963	NA
1.0004616521148	1.0003148606231	1.000049629444	1.00002776961703	1.00054782149153	0.999904738413518	NA
1.00049444627051	1.00237858580116	0.999949172323084	1.0002471019514	1.00026609642214	1.00073249240148	NA
1.00002972358179	1.00096120236425	1.00049045306384	1.00020609588482	1.00033149998873	1.00060606548006	NA
1.00002254649411	1.00017396666333	0.99992190949209	0.999733986589565	0.999863671079156	1.00046085271302	NA
1.00035140190317	1.00017851013481	0.999911072349763	1.00012223266317	1.00023485020242	1.0001164663867	NA
1.00018980524766	1.00065298282856	1.00023293763542	0.999957320939854	1.00047532584803	1.00011782902759	NA
1.00018209059558	0.999926966272338	1.00019192968004	1.00014197184402	0.999700017118455	1.00074690909319	NA
0.999926157991401	1.00108723873031	0.999930799315952	1.00057734823738	1.00057987252344	1.0018458507241	NA
1.00056047115323	1.00035837170168	1.00050468215461	0.999961842351365	1.00018308377708	1.0003928924124	NA
1.0006882320673	1.00051885505935	1.00066785186005	1.00039251777882	1.00018897352217	1.0001814600205	NA
0.999910363852418	1.00011724835168	0.999864810513499	1.0000570136217	0.999829754362875	1.00013008514423	NA
1.00109990995355	1.00012420025392	1.00004006428338	1.00091967673589	0.999997108442407	0.999978932857875	NA
0.999898136762075	1.00015393682895	0.999784952862628	1.00052911170438	1.00049870865231	1.00023466394498	NA
1.00208694733085	1.0007342986041	1.00062129258807	1.00033286210324	0.999942826121776	1.00113275095497	NA
0.999804646448078	1.00001019167373	0.999937186166139	1.00052631073464	1.00064069798804	1.00007221515783	NA
0.999830959600633	1.00026948785598	1.0006138959351	1.00041431415337	0.999949828131145	0.999634956002244	NA
1.00014271089921	1.00054981912959	0.999899363906094	1.00003517085477	1.00024141822799	1.00069094317672	NA
1.00029744692204	0.999860155112895	0.999794109262701	1.00012886337387	0.999921693708974	0.999995085132026	NA
1.00036631279808	1.00041509536863	0.999894443114208	1.00053736798208	1.00007285836371	1.0004441625999	NA
1.00037855886946	0.999819985221496	1.00029819408731	1.00033835223107	1.00002479732251	0.999981151342234	NA
1.0001850969365	1.00000765458178	0.999955946600246	1.00015906935558	0.999953059742196	1.00015076908554	NA
1.00023966635267	1.00011854392136	1.00013798398737	0.999990836896319	1.0003727160381	1.0003515959379	NA
0.999856588610727	0.999857033356021	1.00004922838135	1.00008185848566	1.00059081379177	0.999957410760057	NA
0.999993791033923	0.999969530829657	0.999985056220599	1.00033984208312	1.00095557659066	1.00021809475369	NA
1.00011693491711	1.00011184027687	1.00043928451896	0.999923155760036	1.00096233353741	1.00024011536249	NA
1.00042504198539	1.00076179306579	0.999913285462687	1.00136813733216	1.00017802989454	1.00037776222517	NA
1.00002316706741	1.00038598564785	0.999841713232055	1.00063572491964	1.00111161186656	1.0000333292974	NA
1.00030144058889	1.00089536277134	1.00025974531412	0.999747194549782	0.999930416827567	1.00038630776038	NA
0.999774167455094	1.00005955502917	1.00008661959664	1.00058722096888	1.00011463314415	1.0006280597784	NA
1.00040755666945	0.999931776801246	0.999941301452072	1.00008749083392	0.999868810382309	1.00015262216797	NA
1.00004463521488	0.999783620794611	1.00050705930235	1.00048094825653	0.999826804338454	1.00032963401905	NA
1.00056129100383	1.0004596220088	1.00028592009407	1.00042236477929	0.999986086913085	0.999693913271765	NA
1.00010887308462	1.00070202570254	1.00060621456414	0.999869722108138	1.00033248082909	1.00076605488746	NA
1.00053093003324	1.00024856260184	1.00031998925667	1.0005050254657	1.0005007558424	1.00015752762492	NA
1.00035031868798	1.00012732257583	0.999887087936341	1.00008664321647	0.999810933164069	1.00116060128707	NA
0.999856126715966	0.999892988873223	1.00017758499506	1.0003359700451	1.00009868634444	1.00044987826822	NA
1.00055192323588	1.00022669088671	1.00029735436726	1.00082570286391	0.999950544010031	1.00001407668726	NA
1.00014820517795	1.00152190673246	0.99992999673741	0.999899727654996	1.00002752618355	0.99977763935044	NA
1.00041590282479	0.999993179198233	1.0002790192857	1.00026489663322	1.00001380315908	1.00042461839868	NA
1.0002899008539	1.00026880032153	0.999912886928831	1.00035825831148	1.00114549704441	1.00001106572819	NA
0.999967976435065	1.00059476067823	0.999787973034064	1.00020641886367	1.00051664851271	1.00034378218028	NA
1.0010100845427	1.00026255831306	0.999858301226116	1.00009945199175	1.00054937500438	1.00010332584437	NA
1.00036926581637	1.0000761770524	1.00035249349933	1.00056661991311	0.999937460725267	1.00020322598835	NA
1.00106120178704	1.00069526938856	0.999787896342293	1.00060345981881	1.00056002714315	1.00049485327756	NA
0.999963189081085	1.00042256347835	1.00000441088113	1.00057073006204	1.0000532179395	1.00060034135357	NA
1.00029180517937	1.00061650639756	1.00014821051287	1.00032278097941	1.00088690384281	1.00042339535356	NA
0.999885386903606	1.00019561259791	0.999995604380963	0.999695050707411	1.00016596346134	1.00014072484268	NA
1.00049129431693	0.999976365904461	1.00010041510956	1.00009374043356	1.00002094793211	1.00020718823274	NA
1.00042545281078	1.00135689051555	1.00016530457853	0.999961169933564	1.00038701811105	0.99978504302094	NA
1.00038454114899	1.00063439531169	0.99995697454606	1.00026435634566	1.00026018546493	1.00022094015104	NA
1.00008528261823	1.00008746851842	1.00062669729845	1.00147055000706	1.0000931997118	1.00038954990353	NA
1.00087374887097	1.00178126582886	1.00069613132153	1.00017190237346	1.00061821499883	1.00060762793033	NA
0.999992504301891	1.00000679636212	0.999955248733227	1.00026402876224	1.00027448208954	1.00009170777497	NA
1.00068034483636	1.00021516156683	1.0001061852772	1.00044434301797	1.00036788748137	1.00073509049491	NA
1.00011092830081	1.0008300632441	0.999862417148807	1.00037939754734	1.00038508401159	0.999959270765829	NA
1.00018023842746	1.00060934624162	0.999865317960873	1.00001406241105	1.00054631677203	1.00026459031179	NA
1.00014641469219	1.00043724777816	0.999853880748947	1.0006419773192	1.00021249418376	0.999952172914797	NA
1.00009595676529	1.00047888021436	0.999878373622059	1.00018984949858	1.00025869256514	1.0019781866843	NA
1.00083300678805	1.00001438445937	1.00031398134905	1.00061145375105	1.00049386439044	1.00051124865415	NA
1.00002277465792	1.00024413676025	1.00071719172002	1.00057440859615	0.999898175010065	1.0010167671667	NA
0.99989519393748	0.99992441890062	0.999724146906534	0.999952162053997	1.00047575484812	0.999835169048065	NA
1.0012073949852	1.00109522535299	0.999968174773219	1.00060608380132	1.00032205216805	1.00024807163814	NA
1.00026449562172	1.00005951435667	0.999878711282347	1.00009405352335	0.999867850368387	1.00071381972997	NA
0.99981105244724	1.00030754511158	0.999878989065526	1.00067266940545	1.00059030931236	1.00013342674993	NA
1.00038634433942	0.999964478807814	1.00036153330715	0.999929510608993	1.00037115944663	0.99986313627857	NA
1.0000433058322	0.999816312825346	0.999856283863571	1.00005075486408	1.00031446640556	1.00000076769374	NA
1.00011108258044	1.00008743673797	1.0004478227787	1.00045760417541	1.00056118658158	1.00021084043737	NA
1.00009989258755	0.999932695453129	0.999936724679365	1.00002280451156	0.999878428129964	1.00052569335649	NA
1.00027027031208	1.00056120626075	1.00030990915476	0.999978163681599	0.999680744092281	0.999879551738024	NA
1.00017556990824	1.00009336132517	0.99980983068888	0.999969668572869	1.00000087891275	0.999754838168248	NA
1.00084571132944	1.0028377552119	0.999850437564647	0.999755918391766	0.999869358886896	0.99989991829723	NA
1.0004886295075	0.999934556336083	1.00008597610732	1.00044232941181	1.00136511573109	1.00010197761788	NA
1.00002584715935	1.00029275115946	1.00050681586316	1.00010816879905	1.00044446939734	0.999691048578302	NA
1.00050857420488	1.00071594316705	1.0000013880383	1.00084381546362	1.00063190346227	1.0005359354225	NA
1.00015052511223	1.00010866129067	0.999957037123404	0.999905608515955	1.00019527307922	0.999987453144271	NA
0.999950361981567	1.00041893295513	0.999969199981763	0.999829218036588	0.999990648323812	1.00037238896787	NA
1.00021591729199	1.00067788894873	0.999920347070974	1.00021813557929	1.00026438416898	0.999838162774009	NA
1.00015682095982	1.00026150127059	1.00055282267347	0.999911634808129	1.00028186976293	0.999854972617898	NA
1.00009041258458	1.00022823789973	0.999784918219881	0.999979845174338	0.999826660993944	1.00047248462688	NA
1.00008605529005	0.999882843777765	0.9999884552718	0.9997303025659	1.00016936787441	0.999702519712735	NA
1.00047731427304	1.00109756723679	1.00170575831802	1.00038547266165	1.00032149985695	1.00094484211564	NA
1.00073673913628	1.0001937917805	1.00037363719273	1.00050613984158	1.00104608049092	1.0002457596539	NA
1.00002525625256	1.00004864099989	1.00050774675737	0.999967851821203	0.999928853101774	1.0004518429974	NA
1.00009994022638	1.0005365229575	1.00050222328412	1.00032849476154	1.00039284503293	1.00010974526157	NA
1.00140809129705	1.00091031957951	1.00014049992094	0.999951290919882	1.00026684086621	1.00033419022397	NA
1.00056026945577	1.00033409821092	0.999872312898314	1.00039080345182	1.00063924100359	1.00029476974097	NA
0.999867925002154	1.00089396410289	1.00041105832441	1.00031490441346	1.00009745847348	1.00009442421505	NA
1.00051199269616	1.00055836378145	0.99983310143631	1.00016336941567	0.999942073581186	1.00084663180222	NA
1.00059048581498	1.00060995082718	1.00003827858447	0.999791881582756	1.0002301221182	1.00018418787397	NA
1.00023631733208	1.00058468089977	1.00009788858579	1.00033393065479	0.99998200064477	1.0001169348563	NA
1.00057323585114	1.00036816552534	0.999878052541817	1.00083404445662	0.999884101200913	1.00016066156512	NA
1.0004453590193	1.00012638741212	0.999990405369642	1.00033914673895	0.999703159678987	1.00042451814324	NA
1.00029199563383	0.999941850513799	0.999981009837215	0.999727985429276	1.00071428331017	0.999769233572268	NA
0.999845683660902	1.00029708741083	1.00023327919204	1.00011299811958	0.999993809324696	1.00020499791159	NA
0.999752693854389	1.00007373657438	0.999954361094128	1.00007168872841	1.0002775413502	1.00032461204659	NA
0.999743871692354	0.999903929666098	0.999938627654853	1.00005998182608	0.999814905180877	1.00018935610604	NA
0.999817038607049	1.00057708864118	0.999759390903023	1.00010029506089	1.00028452078918	1.00100598575039	NA
1.00013467649557	0.999928523484625	0.999785712229105	1.00007749196612	0.99993179258448	0.999943596284983	NA
1.00013055579943	0.999713133362968	0.999745464219278	1.00101853683133	1.00011603099597	1.00014725021132	NA
1.00004470400319	0.999904084275589	0.999814316734082	1.00125341248491	0.999849652892857	0.999958066522804	NA
1.00079876338766	1.00012634566257	1.00031009114937	1.00024817170742	1.00096893979185	0.999835493015244	NA
1.00049969513813	1.00035378660522	1.00036980417428	1.00162692916255	1.00053187340263	0.999978598087406	NA
0.999951046282843	1.00018779683582	0.999886073693139	1.00018928189022	1.0002068295253	0.999938903268001	NA
1.00034539843182	1.0003900198702	1.00034692279604	1.00005622905318	1.00042954284763	1.00045930880513	NA
1.00071788156005	1.00150709454871	1.00059761652516	1.00058400323987	1.00114213978186	1.00166760290627	NA
1.0000735525713	1.00030221852957	0.999697013551348	1.0000185172512	1.00015327952852	1.00015634436294	NA
0.999804097684393	0.999992935919091	0.999647618987158	1.00040580353214	1.00011576549568	0.999713471860737	NA
1.00006364637017	0.999919643444615	0.999820855494992	1.0019417274843	0.999971276639107	1.00051684213761	NA
1.00046642465918	0.999749902032513	1.00012152037552	0.999931971490297	0.999999024038085	0.999971324703315	NA
0.999772615483891	0.999986562232426	1.00027216991762	1.000318234254	1.00088957606992	1.00018380659433	NA
1.00122904754442	0.999975041857852	0.999902337508931	0.999752246679289	1.00082405470756	0.999975530457575	NA
0.999749143328738	1.00007368692441	1.00025194899596	1.00035173436202	0.999987992475813	1.0008502355132	NA
1.00094933175868	1.00052376938045	1.00053341322702	1.00036067617658	1.0008073613665	0.99990110981756	NA
1.00002104353296	1.00034738645786	1.00072050027243	0.999831949771355	1.00050754153242	0.999863755867478	NA
1.00017172448346	1.00023600954681	1.00046499668398	0.999899102843573	1.00031425236444	1.00021030556381	NA
1.00000052005957	0.999775340306682	1.00001911114526	1.00041273330564	0.999844343409609	1.00061014707949	NA
0.999830918519078	1.00000054447624	0.999832261730567	0.999768979330738	1.00027835592003	1.0004705853224	NA
1.00003796433857	1.00023899628244	0.999661157338556	1.00096971743014	1.00009109606987	1.00039052075469	NA
1.00060575108437	1.00010188836486	1.00024984425438	1.00002548425592	0.999745368608861	1.0005951267708	NA
0.999825793755059	1.00039862800715	0.999926582113255	1.00010372007747	0.999903966786883	1.00048422368168	NA
0.999930908377623	1.0009129659483	0.999938454282048	0.99989458852146	1.00036144497411	1.00023420176164	NA
1.00079178530086	1.00264038035904	1.00018222688924	1.00105886735297	0.999752732598686	1.00051369084726	NA
0.999988112665773	1.00057500871796	1.00001468824356	0.999888650732381	1.00027650613871	1.00009198280344	NA
1.00027252429263	1.00008325095772	0.999855701855664	0.999869001677803	1.0001886679137	1.00090114915075	NA
1.00027122588122	1.00025108988433	1.00000688774893	1.00077086390998	1.00088215971705	1.00000004862485	NA
1.00042175146885	1.00070660593226	1.00018947378869	1.00029348704814	1.00079260989315	1.00051508884058	NA
1.00000429032843	1.00026471542099	0.999779245647255	1.00004450842194	0.999756720236076	1.00049403686492	NA
1.00014584510491	0.99997773981898	0.999925204431059	1.00018614268877	1.00025789325874	1.00007916304192	NA
1.00060275369115	1.00056401967668	1.00021393817687	1.00009522534524	1.00064756641356	1.00033061781297	NA
1.00038769401866	1.00044207375839	1.00016633878544	1.00052535910554	0.999888490324156	1.00072138396444	NA
0.999940550451234	1.00008645118521	1.0006129478491	1.00036401222332	1.00070128416559	0.999918253223851	NA
1.00117560847606	1.00022418632343	1.00026126490537	1.00008916446967	1.00026627996856	1.000059401567	NA
1.00025564168814	0.999857184924948	1.00025489552752	1.00024765685122	1.00012368482134	0.999927007692502	NA
1.00048132120417	1.00027997870852	0.999910526828041	1.00020496295824	0.999942947638866	1.00085626466225	NA
1.00130440399842	1.00027863262543	1.0002196934913	1.00026898755453	1.001530675871	1.00070676246267	NA
1.00034436517599	1.00062927018324	0.999967544336862	1.00049263792901	1.00031431008288	1.00079451712703	NA
1.00136912332561	1.00042900953477	0.999903362610194	0.999947717886338	1.00101360311049	1.00017834380117	NA
1.00030958512639	1.00047597880146	1.00015547263751	1.00034906882291	0.999909916769621	1.00056665088878	NA
1.00064315922433	1.00086468535882	1.00125927128798	1.00034273293071	1.0004154037943	1.00045842447	NA
1.00085527742967	1.00108589997065	1.00005135138126	1.00040690248171	0.999946874575838	1.00062184421536	NA
1.0010714904762	1.00044956302835	1.00059332723844	0.999860932566893	0.999943737761888	0.999935459962855	NA
0.999926003781311	0.999957077543829	0.999878013085426	1.00148665114587	0.999881862297747	1.00019586616893	NA
1.00045253518516	0.999995069117422	1.00006212735992	1.0001383912308	1.00072581087243	1.00076856224933	NA
1.00007258755965	1.00042662034772	0.999792284088025	0.999806522269455	0.999819967473996	1.00000504926834	NA
1.00023634439764	1.00009353143809	1.0002496589073	0.999804943104007	1.00025150236569	0.999791967662837	NA
1.00072221771858	1.00020544074287	1.00041531457794	1.00026111730317	1.00000960936955	1.00046413976211	NA
1.00127285742132	1.00034603698413	1.0000223710508	1.00046758361989	1.00016144240079	1.00032303587247	NA
1.00001298450346	1.00038948946376	0.999816052714526	1.00030679763327	1.0009462145413	1.00037649272335	NA
1.00011325695652	0.999898899647064	1.00051015727026	1.0007396815168	1.00025322631292	1.00011837886733	NA
0.999995189101077	0.999942123199666	1.0005333592007	1.00050469298018	0.999807414825033	0.999819468873986	NA
1.00011100013613	1.00008644575264	1.0006163350953	1.0005535061917	1.00089660148982	1.00039153728281	NA
0.999975321243754	0.999885097819703	1.00015328330991	1.0006177638287	1.00007962664634	1.00032285064108	NA
1.00013744228991	1.00073672380191	1.00017023912041	0.999741742552506	1.00016961313881	0.999936614394493	NA
0.999824064762043	1.00043495693617	1.00067389987272	1.00032027760345	1.00056771579711	1.00040916976498	NA
1.00143884992256	1.0006829316532	1.00019063939392	1.00070161573403	1.0012235901028	1.00081811082895	NA
0.999967999690929	1.00018497863639	1.00012841316418	0.999947731498323	1.0006745021896	1.00039038407332	NA
1.00009170489709	1.0006985878527	1.00076900889275	0.999829903658188	0.999736238914391	1.00053699802781	NA
1.00085215798759	1.00007417444303	1.00007323094072	1.00028767726025	1.00134976805135	1.00018827789391	NA
1.00033481457911	1.00111780891008	1.00042137383832	0.999810689071241	1.00062776919156	1.00100038941874	NA
1.00010390478916	1.00080439105336	1.00001091867471	1.00033797850402	1.00004971213566	0.999970337121066	NA
1.00026855283148	0.99988227125598	1.00001666580651	0.999925008131495	0.999916751646781	0.999679806752644	NA
1.00019712573369	1.00086163226027	0.999761896319248	0.999909374046541	0.999954944862095	1.00030678066519	NA
1.00080225050621	1.00015323246325	1.00002566670462	1.00040792261926	0.999882530575786	1.00070968942947	NA
1.00027072463831	1.00108686652669	1.00001190152444	1.00033610732877	1.0004450117057	1.00013718925485	NA
1.00038977189955	0.999911912347581	1.0003058224005	1.00028445405259	0.999953127769637	1.00031712829634	NA
1.00043320590395	1.00056967080736	1.00030183469909	0.99972908017319	1.00034704964762	0.999901571544627	NA
1.00008146044345	1.00008730281012	1.00019278164375	1.00007721474735	1.00093440285635	0.999886620225204	NA
1.00096604282309	1.00003187323741	1.00048089612463	1.00027062225451	1.00055927097008	0.999896030361104	NA
1.00058433842532	1.00024493375968	0.999863009293458	1.00131134730664	0.999975592694814	1.00052977852592	NA
0.999903959701375	1.00013822119933	1.00049250575565	0.999998758210346	1.00000544462281	0.99976016064434	NA
0.999884252117117	1.00004760377404	1.0001350718679	1.00007160718281	1.00041881065469	1.00064356799862	NA
1.0011549435888	0.999863695969633	1.00000689720078	1.00012694901608	1.00006264783743	1.00059358449886	NA
1.00002163168631	0.999846448526813	1.00012060121732	1.00050276482202	1.00010631491781	1.00029599879266	NA
1.00006459723302	0.999915633394943	0.999838522109681	1.00067158508937	1.00056197101125	1.00003977440271	NA
1.00007225252142	1.00033356721615	1.00008333539684	1.00005724504271	1.0002190359946	0.999950733836326	NA
0.999894210323335	0.999975040776432	0.999684646013742	0.999979805568708	0.999821558844277	1.00000371621128	NA
1.00005880311655	1.00031838669252	0.999818721365471	1.0000758077593	1.00000392411026	1.0003524580888	NA
0.999963234108113	1.00054836494749	0.999947662424953	1.00064741353675	1.0010080825357	1.00104123685073	NA
1.00006282776243	0.999911903149505	0.999926083720544	0.99976449535873	1.00060937416077	1.00030046827534	NA
0.99971213971626	1.00039915729698	0.999926301437059	1.00018735828992	1.00068598960026	0.999688357745351	NA
0.999889863166126	1.00172537595623	1.00027577847574	1.00076902745519	1.00012624958811	0.999980118715871	NA
1.00010264999391	1.00063916935576	1.00025335837081	1.0004803396502	1.00028993498228	1.00046636046975	NA
1.00006362127701	0.999895581005194	1.00118681875258	0.999882790081826	1.00013742648692	1.00039531904126	NA
0.999987586973662	0.999832713548815	0.999833869559202	1.00006115796845	1.00037215418045	1.00081479716505	NA
1.0008510513349	1.00001651863409	1.000021785442	1.00023906761166	0.999920312759186	1.00022591295747	NA
1.00021335200141	1.00016757619379	0.99979016915535	1.00034870815812	1.000451204135	1.00004161217916	NA
1.00073173141785	1.00052699807671	1.00035137042924	1.00048345746907	1.00080361689347	1.00027077186436	NA
1.00049624938862	1.00052183997207	1.00011488128384	1.00002302192178	1.00009640225309	1.00034497888515	NA
1.00033565744231	1.00034489531579	0.999773296802447	1.00039690538942	1.00019303844161	1.00073499923521	NA
1.00073512700477	0.999944836640079	0.999830099106878	0.999813477212787	1.00000737092831	1.00018048272065	NA
0.999921587943224	1.00022002447072	0.999923853864559	1.00057941183601	1.00020460776878	1.00069495795177	NA
1.00125692448595	1.00096392110786	1.00017781123166	0.999949566907481	1.00019224099261	1.00078357535221	NA
1.00058854640106	0.999942527914677	1.00016085356851	1.00068600426981	1.00031485946253	1.00023722320624	NA
0.999913069692352	1.00066908191557	1.00034254158188	1.00001666414089	1.00023047347941	1.00013505193923	NA
0.999936619354066	1.00113959781885	1.00031090068807	0.999887874502324	1.00063506571246	1.00037983969736	NA
0.999864284177556	1.0007392166894	1.0004312894197	1.00020192213155	1.00034264825667	1.00069284296546	NA
1.00021342077037	1.0013647954516	1.0003980623685	1.00017274673735	1.00086194580674	1.00031980597307	NA
0.99993288698178	0.999902341103683	1.00013368307336	1.00053942984789	0.999857197448916	1.00015453291401	NA
1.00113158995923	1.00036324918954	0.99995136164623	0.999910504090879	1.00023447947283	1.00101949149185	NA
1.00065371321478	1.00012986273301	0.99997826810811	1.00020408556091	1.00006396524051	1.00010489922097	NA
1.00016603073754	1.00072485774901	1.00003244208012	0.999856660684234	0.999774850273543	1.00011792682685	NA
1.00005645008424	1.00040194096223	1.00029556132503	0.999929423271402	1.00038124324424	1.00028206092804	NA
1.0001311324973	1.00067370058077	1.00060000886976	1.00099630925133	0.9999672105663	0.999919990956282	NA
1.00068111377572	1.00040116379673	0.999963057323006	0.999964934565738	1.00005372210956	0.999682699012986	NA
1.00006261815309	1.0000235822722	1.0005261531038	1.00083962536154	1.00014249800329	1.00007825039154	NA
0.999903358216464	1.00030690959659	0.999775325720516	0.999974102958757	1.00007542735174	0.999934309554805	NA
1.00022239669203	0.999966975772611	0.999916781079548	0.999694377538269	1.00029466933743	1.00026973061699	NA
0.999999557225899	1.00019231523139	1.00000297505842	1.00060533162971	1.00000253497084	1.00025682873638	NA
1.00070116530197	1.00063473336278	1.00042735040704	1.00032495767318	0.999781285498606	1.00067175753605	NA
0.999793006414791	1.00036982934103	1.00008681579233	1.00014631479015	1.00125924602687	1.00042139387586	NA
1.00030297758774	0.999948903053342	1.00052664387841	0.999911943962094	1.00038973128176	1.00026417442012	NA
0.999907213151947	0.999983297068	0.999730959875574	1.00050999340722	0.999953817796148	0.999881182923135	NA
1.00031383244951	1.00109838573822	0.999968520532101	1.00049886942261	1.00124907272274	1.0003284570734	NA
1.000130606281	1.00043885142542	0.999757015135908	1.00096912011377	1.00008045349308	1.00052430909515	NA
0.999885403526287	1.00008231320902	1.00026275637097	1.00001127103363	1.00059798817585	1.00102989513229	NA
1.00000165024159	1.00062598934953	1.00080869927295	1.00046513139863	1.00021017020365	0.999986190410549	NA
0.999846599788287	1.00038848011875	0.999877317468283	0.999856766084412	1.00032565351143	1.0003817348954	NA
1.00040075188695	1.00119355421105	1.00007543543308	1.00075985590418	1.00056877946854	0.999712109194035	NA
0.999969414162193	1.0004049476929	1.00023633976438	0.999826548918436	1.00059499490807	0.999987328591966	NA
1.00055699445251	0.999834007036493	0.999672917357094	1.0004115237899	1.00078831376775	1.00057300468964	NA
0.99987223000204	1.0008531210941	0.999858157172493	0.99981039156957	1.00021376141631	1.00099826243498	NA
1.00056714913706	1.00013914821952	1.00063370203823	0.999918330160682	0.99978066472956	1.00015152197736	NA
1.00084282855789	0.999759863902378	1.00066666108605	1.0011441332444	0.999747063109158	0.999886703121972	NA
1.00041689527667	1.00010462638689	1.00073112511357	1.0000842743547	1.00078662512935	0.999948974183673	NA
1.00035525892235	1.00006653309008	0.999835433899101	0.999928192736743	1.0002017466715	0.999974377545327	NA
1.00004910532581	1.00005848661366	1.00039914060043	1.00020957364486	0.999901233390844	0.999731792244147	NA
1.00001025688476	1.00064866663736	0.99985643681444	1.00029706082434	0.999741834164615	0.999960749700931	NA
1.00027719609336	1.00005862503701	1.00008036764836	1.00058109051864	0.999841341059125	1.00026815504787	NA
1.0002039092005	0.999856125084141	1.00004944050072	1.00036945568906	1.00008775846234	1.00010493671109	NA
1.00006845322617	1.00069953004669	1.00030555004535	1.0000009251878	1.00017487423098	1.00015004491219	NA
1.00012616130548	1.0007571833251	1.00051853435541	1.00110458015544	1.00057363420423	0.999923689592534	NA
1.00025838223994	1.0000302812091	0.999905511600731	1.00074803455017	1.00013543450757	1.00011258569995	NA
1.00004907887208	1.00126575081465	0.999986071446191	1.00006968764724	1.00026613462034	1.00035376386256	NA
0.999689379744786	1.00010339523038	1.00002695863254	1.00006982177338	1.00118776816297	1.0000280431353	NA
1.00069640288025	1.00012468324751	0.999936255400429	1.00043489424493	0.99989485152616	1.00047178294818	NA
1.00109229887045	1.00034287515944	0.999832138642768	1.00013994825724	1.00007033499543	0.999883236947092	NA
0.999891683750738	1.00093465111661	1.00015412625465	1.00074414007747	1.0000049733442	1.00002800299497	NA
1.00060035676496	1.00096805600505	1.00015266182093	1.00009570389232	1.00215152748909	1.00003216680873	NA
1.00046998906989	1.00110498073753	1.00018407733491	1.00065481511746	1.00089099955589	0.999921201163062	NA
1.00022419007714	0.999861777059832	0.999926291510155	1.00036207180152	1.000598335777	0.999973605337837	NA
0.999796915087129	0.999994615681561	0.999918158102608	1.00047141381498	1.00078396217411	1.00052703204359	NA
1.00127389959682	1.00005486040655	1.00012853260058	0.999943485629079	1.00035577641523	1.00040428884645	NA
1.00026142686386	0.999817321147598	1.00068271043627	0.999849720470469	1.0006868080258	0.999693545404098	NA
1.00004088807587	1.00001287604423	0.99991626789622	1.00071816099196	1.00017050827164	0.999944489290463	NA
0.999936993099807	0.999852636089072	1.00012149955821	1.00034398146306	1.00041252348484	1.00068038143231	NA
1.00023725747851	1.00050552027852	1.0003796931716	1.00011294990307	0.999751462780371	1.00009018563784	NA
1.00003486533563	1.00024129829115	0.999875896162881	1.00039498426501	1.00009087237074	1.0001446602327	NA
1.00030477819883	1.00030335475945	1.00009699113314	1.00038358335619	0.999985341890386	1.00048683961223	NA
0.999670915270097	0.999923853991992	0.999938113240092	1.000062467896	1.00035829297939	1.00026773984397	NA
0.999811838655358	1.00125524756856	1.00015733507795	1.00045827032683	1.00011460291692	1.00039960114869	NA
0.999979516372337	1.00042761011649	1.00004896371284	1.000436536551	0.999839283586779	1.00023322801491	NA
1.00039225832058	1.00115617115459	0.999921451805123	1.00004530184173	1.00047178126419	0.999978042510744	NA
0.999875102101024	1.00084967805256	1.00015412352189	1.00045796374783	0.99998506781705	1.00041326082451	NA
0.999974925828255	0.999785145473414	1.00007414762134	1.00045325241236	0.999806752548388	0.999923436544235	NA
1.0005123581447	1.00127164266046	1.00003311169366	0.999892977062727	1.0004758688543	0.999998029591586	NA
0.999912084614541	0.999739204231534	1.00028133727208	1.00035486105649	1.00034270533011	1.00000472335952	NA
1.00019121174306	1.00037701608882	1.00016988224834	1.00013939974089	1.00073129765269	0.999705743770177	NA
0.99983913923479	1.00033349623611	0.999857626179979	0.99987477661628	1.00075160304782	0.999914299898968	NA
0.999865960875306	1.00055813662133	1.00021479669064	1.00004906012526	1.00011351101636	1.0001967373188	NA
0.999714600920795	0.999885633721335	1.00033700263142	0.999964821294555	0.99990686333008	1.00023181925301	NA
1.00012697488827	1.00034339447535	1.00008217734763	1.0011687095214	0.999707158158491	1.00021853362998	NA
0.999902317787936	0.999862646435018	1.00007753984621	1.00040471097715	1.00113879550863	1.00045357450642	NA
1.00054468952545	1.00001081848837	0.999963713853305	1.00008899976516	1.0001155303188	0.999783668377919	NA
1.00016876317264	1.00039731229388	0.99993923104363	1.00007877274966	1.00014468693585	1.00100616068348	NA
1.00034934160245	1.00049750660446	1.00015044590823	1.00005927785153	1.00083577209263	1.00100582887544	NA
1.00002784103392	1.00011515843454	1.00024854346617	1.00041352849839	1.00040495244198	0.999876745421391	NA
1.00042310345048	0.999773630599266	1.00047342802524	1.00090019852018	1.00041849595676	1.00029256399622	NA
1.00021655504637	1.00065942183052	1.00008316625477	1.00003522342732	1.00029595133421	1.00075441594935	NA
0.999875896771352	1.00047139871399	0.999741552754312	1.00088991855729	0.999870952499493	1.00026194037914	NA
1.00037719281912	1.00059837058492	1.0001947970079	0.999792426317589	1.0008535122784	1.00015138882003	NA
1.00001049613477	1.00002766902347	0.999950698894671	0.999776810232521	0.999834726030666	0.999868042918315	NA
1.00042741425666	1.00036225678177	1.00050853387283	1.00008047445877	1.00051772053522	1.00015792882037	NA
1.00044965396237	1.00064785607035	1.00028559282506	1.00033615291792	1.00005654730417	1.00031414900473	NA
1.00036118139422	1.00043911408063	1.00023582123038	1.00004791764536	0.999971902433948	1.00076544170744	NA
1.0000036347524	1.00017855809693	1.00024012489511	0.999841101239964	1.00062046164681	1.00068453394224	NA
0.999881746715374	1.00034702599019	1.00016971440256	1.00030361698026	0.999949263908368	0.999883416166694	NA
1.000124960149	0.999822104644374	1.00054634983474	1.0002856578698	1.00136700051953	1.00029430073385	NA
1.00019773947	1.00056910491034	1.00084919464804	1.00102033330154	0.999751829481422	1.00061460612933	NA
1.00016063150648	1.00144507591665	0.9998077323098	0.999915605290879	0.999859773918875	0.999940966787761	NA
1.00067636635344	1.00135917881462	1.00004571215864	1.00013535857875	1.00019034751749	0.999980106198689	NA
1.00067229798996	1.00088265707586	1.00025099596938	1.00009617550894	1.00010049062604	1.00090591333771	NA
1.00026366799814	1.00055424893414	1.0002392647966	1.00087696566326	1.00007323109789	0.999968238719124	NA
1.00001016230842	1.00019613890506	1.00003509718599	0.999979951347427	0.999856620086343	1.00016757022502	NA
1.00060166222079	1.00013689153177	1.00030444115236	0.999921195286722	0.999941494499298	1.00022998037808	NA
1.00053505095211	1.00088029625431	1.00001622715824	1.00065304284234	1.00170862761855	0.999883968017043	NA
1.000511678873	1.00071977625781	1.00016717774809	0.999760672650495	0.999850888822695	1.00011561222904	NA
1.00034104712425	0.999825822786844	0.999786438780705	1.00037346722201	1.00064315062271	1.00026222694893	NA
0.999829040931454	0.999863109718387	1.00006615765426	0.999961777488905	1.00081126956127	1.00109378997909	NA
1.00058497173019	1.00109864876814	1.00036072478571	1.00026487638396	1.00020133540538	1.00002240955813	NA
1.00028157117227	1.00025830125706	1.00022494221019	1.00044225163946	1.00051537980542	1.0005308532168	NA
1.00032359560627	1.0008111301851	1.00029264216534	1.0006782762797	1.00032929748964	1.00015811464359	NA
1.00095283649331	1.00049791189031	1.00030143434805	0.999938170438429	1.00099455534624	0.999970201348668	NA
0.999806105870113	1.00024743674296	1.00009989332983	1.00025781583485	1.00002742895905	1.00035842178542	NA
1.00062362912577	1.0011201268673	0.999947348716592	1.0001022588867	1.0002745097224	0.999711542247346	NA
0.999796636212021	0.99983819238816	0.999816833026959	1.00050107954656	0.999921549335312	1.00060933853875	NA
1.00028284138972	1.00058774482162	1.00063164657333	1.00056881087209	1.00052170278775	1.00034743409226	NA
1.00020687302963	0.999904825426599	0.999810531752778	1.00020782762284	1.00006864836493	1.00069290942435	NA
1.00048833195547	0.999790497916723	0.999932093784244	1.0005141172681	0.999854250067536	1.00003525487251	NA
1.00021483093687	1.00045275552642	1.0001213010926	1.00064506207351	1.00108606984772	0.999852807809873	NA
1.00032898631435	1.00191147073464	1.00073200400159	1.00068129728272	1.000751393184	1.00038766624489	NA
1.00045842291203	1.00051773671519	1.00079373000586	0.999782554165198	1.00014907854166	1.0001523422317	NA
1.0001821684683	1.00018493242318	1.00017814755438	1.00019037922037	1.00121107136612	1.00044398403708	NA
1.00013271630432	1.00041810401743	1.00009225460001	1.0002118827156	1.00071833797255	0.999837521619281	NA
1.00008377227312	0.999888629095489	1.00013431616946	1.00033375563625	0.999843224085221	1.00043241870491	NA
1.00037496363406	1.0009452105459	0.999880862604195	1.00029697893807	0.999851362820284	1.00010413689418	NA
0.999733063242027	1.000218976716	1.00050888358788	1.00028490338494	1.00003903520288	1.00063681353006	NA
1.00004766965974	0.999931989706942	0.999954154200277	1.0000655180341	1.00069732392878	1.00109372498301	NA
1.00015572875	1.00138127439592	0.999882575184287	1.00104412364022	1.00033258701911	1.00037016598639	NA
1.00037378218485	1.00128481818668	1.00005558108306	1.00012408388296	1.00008420120421	1.00055813579792	NA
1.00018006757825	1.00001871618428	1.00054035337979	0.999877695176129	1.00018574795799	0.999756787547504	NA
1.00043201041041	1.000509387359	1.00035035700723	1.00083213370832	1.00024875676949	1.00005324113201	NA
1.0002433041572	1.0001146476192	1.00035674992858	1.0011095557367	1.00048379595305	1.00022967905671	NA
1.0001064824431	1.00056351827148	1.00010483273358	1.00090473209723	1.00018929457268	0.999916389880098	NA
1.00003393370856	1.0010547267277	1.00040870385798	1.00036440091951	1.00003035493669	0.999948917111904	NA
1.00119122451705	1.00122597564195	1.00018012397581	1.00008940974441	1.00014589342682	0.999754418824219	NA
0.99995792694846	1.00024416186938	1.00050354856305	1.00024756163129	1.00024132586504	1.00036601190507	NA
1.00075349967818	1.00000062278848	1.00026488579749	0.999996044879386	1.00002647408254	1.00052728289508	NA
0.999936131056244	1.00008790106922	1.00006822292872	0.999957318626534	1.00089245057345	1.00046137818876	NA
1.00067667535351	1.00032909144989	0.99981407305879	1.00060002146406	1.00061953200036	1.00021901934088	NA
0.999774336571913	1.00008761348172	1.00025915276562	1.00005580128726	1.00011368815448	0.999995224978294	NA
1.00012158067991	1.00009131299943	1.00008364130678	1.00028971574862	1.00012105459535	1.00057922166207	NA
1.00003093140508	1.00035995581196	0.999771326472581	1.00001757949694	1.00093599647877	1.00111947371441	NA
1.00018696926292	1.00032632660146	0.999727018632559	1.00024435552308	1.000904394248	1.00046987360931	NA
1.0002935005733	1.00011225364395	1.00014132690434	1.00014824564154	1.00024885518947	1.00009203878912	NA
1.00094943705305	1.00010139692372	0.999990645708937	1.00087637375827	1.00010179239077	1.00037010460551	NA
0.99990228514534	1.00013755022723	0.999912748918071	0.999755042474459	0.999860907466773	0.999926494756575	NA
1.00053287235039	1.00159980550624	0.999917424690116	1.00008502939703	1.00026350844444	1.00070408586524	NA
0.999777376153082	1.00178801316766	0.999996633058693	1.00042513388564	0.999999044418726	0.999772084992105	NA
0.999938739859995	0.999873493258825	0.999999883924537	1.00068442962411	0.999973011534491	0.999735433954116	NA
1.00035810193973	1.00021105542813	0.999961895986736	1.00099192911661	1.00029026684699	1.00098485495234	NA
1.0004118361763	0.999858481205435	1.00001403316279	0.999881075432696	1.00005782961707	1.00004830773461	NA
1.00038021377586	1.00085967922686	1.00014712262534	1.00016585483142	0.999747001170064	0.999985485420122	NA
1.00047889145848	0.999741166482124	1.00064312236351	0.999998698588951	1.00052103120803	1.00072285359543	NA
1.00064172274766	1.00157763971916	1.00032515843004	1.00048949952278	1.00081770977934	0.999991756317421	NA
1.00054611926171	1.00009080418445	1.00008359100954	1.00056705678552	1.00047231504409	1.00037356129435	NA
0.999930286907659	1.00036301507704	1.0000433600224	1.00006783006283	1.00022329946304	0.999909663504466	NA
1.00028732859182	1.00034366414404	1.00038939984031	1.00178698882927	1.00079854487767	1.00022924531506	NA
1.00007358448926	1.00038361055292	1.00020783924038	1.00024673202708	1.00025308039847	0.999912752769634	NA
1.00031727074664	1.00087511156837	1.00035313978225	1.0005411418908	0.99982347370966	1.00051663019792	NA
1.00095554212886	1.000765038058	1.000789433676	1.0001533551182	0.999983577048901	1.0002872161074	NA
1.00033922588452	1.00016127255538	0.999957451301109	1.00138740653642	1.00021816570996	1.0002359411655	NA
1.00003067164408	0.999948388490008	1.0003567914655	1.00049980235334	0.999800062823658	0.999934779159199	NA
0.999982963753031	1.0001563633598	1.00045949296587	1.0001460097115	1.00000921467702	0.999778348898284	NA
1.000047309594	0.999941886311027	0.999969437375061	1.00013360782887	0.999881568733934	0.999925456936682	NA
1.00036243490518	0.999987655513594	1.00006243185733	1.0003097771232	1.00046314177589	1.0005794705055	NA
0.999958006308792	0.999849789977746	1.00000612941505	1.00095782588044	0.999981855400742	1.00058812489964	NA
0.999949610214479	1.00085501006469	0.999952281630827	0.999929944800508	0.999925602280191	0.999693983917323	NA
0.999742307670329	0.999982949656219	0.999996614410139	1.0001895798317	1.00040277344602	0.999774507588142	NA
1.0003228447316	1.00016025062168	0.999757009347253	1.00046359956553	1.00040538839211	0.99989916911179	NA
0.999750590142602	1.00001105814394	1.0000557886919	1.00023400122517	1.00036726395957	1.0000299858877	NA
0.99994498026059	1.00006556996082	1.00008861161931	0.999913234804302	1.00003404287551	0.999789660147601	NA
1.00007028867202	1.00062324655287	0.99993793579983	1.0005434070373	1.00043556417421	1.00022810175711	NA
0.999952753518876	1.00028148774561	0.999685840819277	1.00001257683857	1.00020027880717	1.00083599587181	NA
1.00060657901462	1.00052172082959	1.00000490512461	1.00027699304611	1.00047575222009	1.00080693623631	NA
1.00048428647635	0.999955384401193	1.00012493967436	1.00013044230552	1.00046786856941	0.999695495760791	NA
1.00128965869911	1.00027497788224	1.00053523093732	0.999837946159414	1.00027896298753	1.00102389462233	NA
1.00023029224959	1.00013793618574	0.999761289997045	1.00034264475861	0.999991677063566	1.00001174548647	NA
1.00021173225263	1.00041704424715	0.999790047560029	1.00028174225874	0.999990665074805	0.99980632183343	NA
1.00010967766926	0.999871945465641	0.999889101861707	0.999802043950816	0.999739625825387	1.00046264312752	NA
0.999844189328505	1.00028059229717	0.999825461746016	1.0002840378717	1.00042571880171	1.00046074798823	NA
0.999900146345582	0.999703789149447	1.00008899058554	1.00038845041829	1.00028241694264	0.999816567707219	NA
1.00111457001931	1.00025445610303	1.00006732902837	1.00116877411782	1.0007939035352	1.00009970236024	NA
1.00016678312238	1.00041206477333	1.00021386061885	0.999987892624542	1.00006116124418	1.00043644772661	NA
1.00011496067467	0.999764543978274	1.00039410506627	1.00077186689402	1.00001699196925	1.00062074510935	NA
1.00020383960736	1.00011058943995	0.999715113461118	0.999700874056371	1.00002622208923	0.99991290062057	NA
1.0001514996479	0.999989249599561	0.999956897758969	0.999845778363628	0.999818181937186	1.00015201941784	NA
0.999955655136619	1.00027190899946	1.00029085325736	1.00039736312326	1.00027990992648	1.00004672153438	NA
1.00000464193726	1.00028930984855	1.00029447178234	1.00052297042249	1.00048382043554	1.0005077233353	NA
1.000399800966	0.99992732153927	1.00004999584979	1.00051029981513	1.00014639210507	0.999875909603324	NA
1.00014011017784	0.999918716712418	0.999884170623422	1.00066069689645	1.00083425354964	1.00028725060469	NA
1.00061875184079	1.00016570309192	1.00012155490044	1.00034647138791	1.00034503889158	1.00017247994125	NA
1.00037004132862	1.00035667248678	1.00054578233132	1.00042061345632	1.00070175723034	1.00041278940244	NA
1.00036538877821	1.00059870668596	0.999763698249441	1.00075818178379	1.00055926160176	1.00046366510614	NA
1.0001134554743	1.00039199246747	0.999823761977223	1.00055418302755	0.999954749116958	0.999867691843298	NA
1.00002550328808	1.00043575115098	1.00002737836363	1.00017093363058	1.00029264654943	1.00017143891919	NA
0.999764265628951	1.00103014455354	0.999896419552719	1.00017100554883	1.00011937705966	0.99983962045842	NA
0.999831278828956	0.999935431391092	1.0002701828458	1.0003263245425	1.00079842406831	1.00101050076892	NA
0.999853900463733	0.999995922220753	1.00014478563869	1.0002672598659	1.00003762591936	1.00021923951427	NA
0.999831441542066	0.999995445123404	0.999845446729736	1.00080245466696	0.999845308980964	1.00071747488701	NA
1.00024794589806	1.0003652944178	1.00008119551987	1.00020091189399	1.00044429814876	1.00148645178816	NA
1.00055193463043	1.0005823777663	1.00055932761735	0.999905466499195	0.999989121694387	1.00032578629502	NA
0.999868265678342	1.00044570594758	0.99987642793944	0.999990738959943	1.00005967550202	1.00061784526016	NA
1.00014021964923	0.999761685926366	0.999895694932953	0.999968657500584	1.00036391712651	0.999833577895149	NA
1.00007680630336	1.00059682592907	0.9998264459145	1.00046913313302	1.00013466963348	1.00092048617167	NA
0.999772392481842	1.00032309757927	1.00001259171713	1.00061026595074	1.00009175119747	1.00014125386665	NA
0.999988545617225	1.00017131795482	1.0001399312804	1.00015027414107	0.999872119731029	1.00020026802232	NA
1.00075998778073	1.00034568545903	1.00034507198464	1.00015752255528	1.0000173660092	1.00011951603277	NA
1.00015516463846	1.00027367991138	0.999731847106644	1.00005308995325	1.00006235284022	1.00005969409963	NA
1.00006347891603	1.00030828337012	1.00008729569362	0.999769220801629	1.00079682762279	0.999925030930422	NA
1.00042055637869	0.999944963057899	0.999933158243045	0.999883992237151	1.000209451286	1.0012274635672	NA
1.0005675031698	1.00007036456762	1.0001126085185	1.00001353458752	1.00051654449487	1.00070168201531	NA
1.00005485928797	1.00008089530512	0.999970580479855	1.00004502042935	0.999773213942791	1.00011192973743	NA
0.999946889769438	1.00090828048522	1.00026654843081	1.00013237336485	0.999808990825421	1.0003111518258	NA
1.00046726931116	0.999967120277096	0.999780228371181	1.00007808940773	1.00034061239165	1.00104970761943	NA
0.999802471937938	0.999826845085005	1.00043039024949	0.999847056103016	0.999855710797965	1.00020056212408	NA
1.00064712098985	1.00048901924285	1.00027472033235	0.999865261588192	1.00017854806959	1.00037371084	NA
1.00069398279147	0.999841188294625	1.00031172405737	0.999901900266682	1.00018171719239	0.999956543543918	NA
1.00044360945008	1.00033867192901	1.00018073129296	0.999954239931726	1.00003193814087	1.00015276061741	NA
1.00082286966445	1.00142629500514	0.99967823542794	1.00003124812434	1.00063427158632	0.999857148512213	NA
1.00087936629756	1.00087343428642	1.00009423630922	1.00002437628422	1.00008797800218	0.999950287457702	NA
1.00000684505115	1.00007303285903	1.00011381545257	1.00038919699615	1.00010923592219	1.00030644305765	NA
0.999877868740382	1.00011762696145	1.00035698283937	1.00015968957474	1.00009225245196	1.00064759716906	NA
1.00008848400513	0.999798742868106	1.00026559351006	0.999809603502404	0.999798015408699	0.999893444652566	NA
1.00001693817821	0.999825644204526	1.00007355093285	1.0001878454864	1.00020313353077	1.00151720307622	NA
1.00037188090099	1.00023267119763	1.00057128116823	1.00001858164779	1.00017174291125	1.00057004566165	NA
0.999864356481134	1.0004110339387	1.00059097140123	1.00046779751339	1.0002947239421	1.0004738164032	NA
0.999991853598177	1.00094123190359	1.00005199061776	0.99987412994661	1.00028146719726	0.999855843678739	NA
1.0003949010984	0.999828892262329	1.00011296220212	1.00008112469879	1.00002053457218	1.00090542140577	NA
1.00009313577392	1.00013592972386	1.00040516403769	0.99999867240928	1.00003630925797	1.0002463741959	NA
0.999877065721781	1.00045801975306	0.999760990104915	0.999988724184168	1.00100746118433	1.00064502537934	NA
1.00011544334113	0.999867241315374	1.00041018452866	1.00009229768788	1.00152852928737	0.999895676774389	NA
1.00011691950547	0.999877502785331	1.00086911759101	1.00026013232869	1.00183070625519	0.999993008701334	NA
1.00018201816953	1.00016488344152	1.0003504429637	1.00100031318461	1.00012137758693	0.999834058745912	NA
1.00011577115351	1.00048204184488	1.0001643960714	0.999937266746246	1.00048596640342	1.00071343035509	NA
1.00019539381238	1.00032190325289	0.999993739129071	1.00024723158029	1.00043278081918	1.0001539836749	NA
0.999740879888634	1.00046818906081	1.00007250474825	1.00039615489629	0.999973642583051	1.000473545976	NA
0.999821717943247	0.999800362072355	0.999962314880957	1.00024381466505	1.0000745425875	1.00007524123893	NA
0.999968181495871	1.00049074082591	1.00019251998654	1.00059664653482	1.00110185185728	1.00006458712408	NA
0.999892811010954	1.0000244182598	0.999940980135552	0.999838510483047	1.00024107376074	1.00032160364311	NA
1.00052848390438	1.00167672667464	0.999990415203866	0.999853770522914	1.00055043349964	1.00067237584631	NA
1.00070733524923	1.00110131565672	1.00036643239807	1.00061451489917	1.00005454134537	1.00008162426199	NA
1.0005220939589	1.0010099754684	1.00014591575055	1.00094380668802	0.999841451547088	1.00024361385191	NA
1.00052304812346	1.0001301411385	1.00000075630576	1.00033916930831	1.00038264433153	1.00005826641175	NA
1.00032602100734	1.00004150171183	1.00036775347789	1.00022744304334	0.999844972549362	1.00003573828823	NA
1.00000267310152	1.00029974361013	0.999901915535614	1.00028605990802	0.999862762600939	1.00010964716472	NA
1.00000651268036	1.00056329127082	1.00019276105151	1.00009840698774	1.00007066160804	1.00013520759913	NA
0.999963591606229	0.999812678336302	1.00058546777988	0.999806163378826	1.00031665318999	1.00079787314102	NA
1.00006865468255	0.99983022776912	1.00003492595655	0.99982378483262	0.999880329009689	1.00037462354607	NA
0.999886037426205	1.0008160933147	1.00113966088935	0.999933112438178	1.00017397638722	1.00026026320373	NA
0.999963537974767	1.0003293967492	1.00020405424847	1.00040467311211	1.00077036842602	1.00001761705484	NA
1.00026915416458	1.00054159693066	0.999957235488388	1.00038191099909	1.00043320004473	1.00166143655071	NA
1.00014852674629	1.00096098383925	1.00049521884774	0.999847753315024	1.00002304054906	1.00006848750301	NA
1.00009185602901	1.00007025247605	1.00018859178821	0.999879083661139	1.00004324568891	1.00000394092265	NA
1.00060332247971	0.999710544427281	1.00003972944417	1.00004686011037	0.999978542875297	1.00012883158887	NA
1.0005104988673	1.00014496334121	1.00015703340427	1.00007730395545	1.00069151949966	1.00023779779636	NA
1.00046761343177	1.00050381750988	1.00016666977265	1.00063285216417	1.00013767722693	1.00099536976944	NA
0.999979448656266	1.00049729458066	0.999914562024829	1.00026482868566	0.999811674057042	1.0003195103025	NA
1.00072433737642	1.00021312930222	0.999921911604002	1.00034011534657	1.00005243940478	1.00012677414762	NA
1.00052596482715	0.999814517105373	1.00066343042877	1.0004226162746	1.00021370299211	0.999914946217023	NA
1.00034674206958	1.00031746631204	1.00022141646353	1.00116569007328	1.00046715864224	1.00037896938559	NA
1.00086330881152	1.00017492853999	1.00033580897992	1.00098591394453	1.00010302494188	1.00037978919902	NA
0.999829169248163	0.999811463815703	1.00021722110911	1.0012229469759	0.999872460183711	1.00082583950666	NA
0.999891183333313	1.00053287283684	0.999911643603721	1.00091252140088	1.00020677101614	1.00034567890703	NA
1.00003330077971	0.999789472621736	1.00034207466892	0.99979835310628	1.00021586824918	1.00023011967894	NA
1.00038773871025	1.00067473953152	1.00025220284124	1.00002300780294	1.00026609407039	0.999784447377579	NA
1.00049971949821	0.999776362857676	0.999807858038807	1.00023542987181	1.00109807986184	1.0013523500163	NA
0.999882774841059	1.00014491189021	0.999887728005891	0.9998457658176	1.00001651364711	1.00013026520084	NA
1.00063834399094	1.00041893842123	1.00039012907716	1.000398174693	0.99997017875681	1.00009450194815	NA
1.00004571681081	1.00022693184053	1.00003664130755	1.00032190075647	1.00063517096419	0.999996984304662	NA
1.00007527947761	1.0001407484593	1.0003482696096	1.00000850012045	1.00070212624551	1.00035529371928	NA
1.0005114476065	1.00003235046221	0.999889836286523	1.00028245551737	1.00059804548493	0.999939476287391	NA
0.999978966733779	0.999824647224699	1.00029470035413	1.00064261539565	0.999982178515963	1.00031406527691	NA
1.00016990183691	0.999913340084162	0.999803155104708	0.999988119631213	1.00046549138612	1.00015321324635	NA
0.999829857158204	1.00074314103531	1.00002136420277	0.999954051527487	0.99987628866586	1.00034350065058	NA
1.00023019362692	1.00044151700891	1.00004576016621	0.999879070195317	1.000187294109	1.000987348716	NA
1.00015801461975	0.999859528024012	0.999953401534082	1.00102112526404	0.999887901252432	1.00074744358122	NA
0.99975154273607	1.00067246031236	1.00021204049168	1.00016177647792	0.999742779212884	1.00021004502497	NA
1.00038759871482	1.00018812569686	0.999963263445546	1.00044489570247	1.00045143079154	1.00130357157138	NA
1.00053994297347	1.00155707423407	1.00001642261734	0.999958477257312	1.00033359535344	1.00006147722121	NA
0.999814824928309	1.00014141884049	1.00035860109103	1.00000352959658	0.999890796468302	1.00067244188462	NA
1.00016623442777	1.00066115677711	1.0004851067652	1.00105045107573	1.00075989206699	1.00011941453719	NA
0.999941766825486	1.0003239329826	1.00041342273924	0.999974767893339	1.00060219555544	1.00005748683041	NA
1.00011102047406	1.00135432805667	0.999867013363945	1.0003744700405	1.00052625476406	1.00050742359142	NA
0.999888860362898	1.00099799893348	1.00037529034672	1.00020057861104	0.999857289911729	1.00051019208803	NA
1.00000062319852	1.00010243944226	0.999977091720486	1.00045632139763	1.00082955384876	0.999986369954822	NA
1.00027472417542	1.00000676741413	1.00095859473826	0.999838086586171	1.00053599002216	1.00019508963004	NA
1.00096221434129	1.00095402762513	1.00048138227916	1.00202242517133	1.00136493968899	0.999970292526506	NA
0.999868954515014	1.00002205084198	1.00009854966796	1.00069709431759	0.999781653088014	1.00000296345427	NA
0.999909224780898	1.00047261739978	0.999932430968977	1.00013357240952	1.00027542388462	1.00019820400786	NA
1.00032152983497	1.00174782659653	0.999987667460309	1.00002613311016	1.00111408451012	1.00005160607486	NA
0.999747949890284	1.00029548922381	1.0001240189578	1.00011903767319	0.999935945086255	1.0003842146051	NA
1.00011332590437	1.00190778453352	0.999926926438605	1.00015826157515	1.00091090176699	1.00028258061955	NA
1.00002648339048	1.00031989281123	1.00045423581979	1.00026351266928	1.0007018284813	0.999923225679435	NA
1.00025823204807	1.00003264633351	0.999936000898713	1.00019904015473	0.999925288983672	1.00048088205625	NA
1.00109154040631	0.999799561621252	1.00014314077851	1.00040570656208	1.00023070739449	1.00021044256576	NA
1.00075168955235	0.999869420776144	1.0002866162441	1.00054719651541	0.999999039887863	0.999784181656438	NA
0.999958456241002	1.00039457073459	1.00028106482826	1.00046546038674	1.00140710836661	1.00004983666371	NA
1.00018378041405	0.999940940338982	0.999786491758692	0.999693527500785	1.00032551938587	0.999764289478549	NA
0.999880193102842	1.00048078176015	1.00036879947839	1.00018508131997	0.999983330471291	0.999877900561482	NA
1.00003310577508	1.00038835950047	0.999631206974973	0.999908133471919	1.00029746082877	0.999847228013482	NA
1.0001129261737	1.00056549885258	1.00027425386383	1.00081264569574	1.00074800863841	1.00083568860444	NA
1.00072965422359	1.00007288181215	0.999973101629428	0.9998020255908	1.00063367260635	1.00018649245927	NA
1.00107453389092	1.00062432328872	1.00022927291855	1.00089780437404	1.00018746150957	1.00091164965296	NA
1.00042298177854	1.00099512163373	1.00089013794254	1.00070395495102	1.00082242138217	0.999842406788696	NA
1.00047179511483	1.00134631839593	1.00025085205034	0.999962496244949	1.00150665749309	1.00139707798637	NA
1.00051169950186	1.00000969470574	1.00033214885821	1.00011938168786	1.00141690866677	0.999814673368197	NA
0.999756949882818	1.00000883143358	0.999867577400945	1.0017060579516	1.00024888416912	1.0005151783878	NA
1.00049745889185	0.999867064562505	1.00037998676444	0.999875958370169	1.00004182831138	1.00025256008955	NA
0.999642925982697	1.00001149151283	1.00017524659494	1.00031561708339	1.00034373450295	1.00046165738724	NA
1.00004945091881	1.00027061268054	0.999657929926309	1.00100648467598	1.00025388065312	1.00036276689933	NA
1.00000730269155	1.00078746394074	0.99976822279819	1.00027201553969	0.999810268762208	1.00002587188433	NA
1.0001605342122	1.0008010349391	1.00022516232465	1.00165168491093	1.00015798435615	1.00020291503457	NA
1.00023013779338	1.00001045066469	0.999777320620346	0.999865614582082	1.00012042917386	1.00012073654865	NA
0.999930160950038	1.00031328984938	0.99969365501965	1.00059994240251	1.00020452836315	1.00058542335182	NA
0.999912890783663	1.00037546566694	0.999841248921351	0.999995330897709	1.00037451934043	1.00010093473485	NA
1.00028287207414	1.00044718582299	0.999775096659743	1.00092596664737	1.00016254956426	1.00027542297059	NA
0.999813217722518	1.00061404247813	1.00054972525195	1.00090419695753	1.00037769087673	1.00059778190195	NA
1.00057959661035	1.00011148224954	1.00042630792335	1.00008269928326	1.0003039707514	0.999794479143433	NA
1.00051648911242	0.999906410175065	1.00024568037577	1.00141105233202	1.00060694970894	1.00032027814549	NA
1.00042214229951	1.00026310162645	1.00046206461685	1.00034198929498	1.0003563988154	1.00090046018067	NA
0.999803263898986	1.00021301534139	1.00045094828494	1.0006967929666	1.0003777800222	1.00051263721276	NA
1.00048781732163	1.00042893068046	1.00009449630973	0.999990579482454	1.00043386946266	1.00042594818359	NA
0.999881761076155	1.00051288810038	0.999981039074953	1.00065682249972	1.00067646878278	1.00025700047143	NA
0.999748491136716	0.999913265953832	1.00010025803539	1.00157917096261	1.00048933482331	1.00018082020953	NA
0.999955988516125	0.999858159447791	0.999666510988597	1.00013005206569	1.00007813722587	0.999764899442887	NA
1.00045151609238	0.999972564687564	1.00050084695752	1.0014396463945	1.00093889281999	1.0002720988675	NA
1.00058461657977	0.999835911843385	0.999652136064892	1.0004092880121	1.00022244076628	0.999995970251996	NA
1.00026987966903	1.0005480054487	0.999981607427431	1.00074597560176	1.00035294899959	0.99987781954284	NA
1.00032826048347	1.00033907337985	1.00023752043741	1.00041023812552	1.00007220925829	1.00014311585995	NA
1.0005391601176	1.00040488054871	0.999922144162535	0.999802671228746	1.00041832318284	0.999829369803991	NA
1.00042456834718	1.00038890897015	1.0004012841342	1.00101861376177	0.99982357235438	1.00054124214892	NA
1.00037982724418	1.0010755084886	1.00015119958925	1.00007888733884	1.00127638328407	0.999924496231019	NA
1.00034803141867	1.00035817788266	1.00046849619912	0.999962918440222	0.999861743248808	1.00034635876171	NA
0.99990296326408	1.00016969810505	0.999749430795032	1.00025196884356	1.00069625323647	0.999851339204102	NA
1.00009125094431	1.00085703231853	0.999761375391748	1.00062723077071	1.00035952552757	1.00014314380252	NA
0.999832776494832	1.00000619733539	0.999855241511429	0.99991884876823	0.999900921347455	1.00011251483436	NA
1.0001463400194	1.00011550911523	1.00021614252357	1.0004997921358	1.00017165826606	0.999993818977671	NA
1.00020118724993	1.00025463963547	1.00047609426816	1.00119218514252	0.999814159627727	1.00102772824862	NA
1.00002812020065	1.00004643849653	0.999873600568134	0.999879579614719	0.999822078613226	1.00113365792352	NA
1.00004883319858	1.00058796032594	1.00005802236422	1.0012330673878	0.999946716227095	1.00024822537233	NA
1.00000132467286	1.00006509073304	1.00001906116672	1.00017438089864	1.00037465456745	0.999801755631217	NA
1.00019197316472	1.00199687277704	0.999960018270319	1.00029582231197	0.999983021369008	0.999830890169998	NA
1.00075790297501	1.00100999135785	1.00040224988155	1.00020680559965	1.00032483640639	1.00119005725754	NA
0.999784290538912	1.00117961615604	0.999835865260784	1.00071027530355	1.0004963880056	0.999962099533052	NA
1.00046235873287	1.00101020376573	1.00022881600902	0.999897526183671	1.00005540852707	0.99993676678265	NA
1.0011957565816	1.0002818555537	1.00004547682734	0.999800237579404	0.999845784761436	1.00054104945732	NA
1.0014068997339	1.00025862100505	1.00037803555484	1.0006034305189	1.0009314248688	0.999928450577943	NA
0.999811000182855	0.999982559467216	1.00004909601299	0.999906154314037	0.999959465866159	1.00036007253833	NA
1.00107856395608	0.999829151120559	1.00071329630265	1.0000620862943	1.00010274854949	0.999947983084479	NA
1.00011779423391	1.0009604138638	1.00022611328845	0.999912831725153	0.999823285479977	1.00000043195558	NA
1.00027737902788	1.00116851038204	1.00084988998087	1.00001146435226	1.00034449047767	1.00080769565703	NA
0.999860338650889	1.00044569583369	1.00046699380978	1.00086170875682	0.999972621546819	1.00156538937003	NA
0.999926512506867	1.00146265856546	0.999840010136873	1.00038105573606	1.00007616825259	1.00072435345021	NA
1.0007264680068	1.00026964225284	0.999888136053432	0.999844356155468	1.0015837968827	1.00007890424105	NA
0.999889183904791	1.00056117935405	1.0010925191326	0.999914351577845	1.00120316740859	0.999863979561608	NA
1.00117905424615	1.00002110100003	1.00042867434226	1.00005420986486	1.00053935309068	1.00012659232859	NA
1.00051841131557	1.00011702602617	1.00000521719994	1.00047715713102	1.00030684208375	1.00016298902935	NA
0.999933743133719	1.00003481180696	0.999732520944573	1.00056279127238	0.99997779464086	1.00001824313777	NA
1.00059175277269	1.00040027346109	1.00018934873636	0.999802715360705	0.999938380698524	1.00064004421957	NA
0.99970405407906	1.00020531351252	0.999670768717425	0.999823322317776	1.00004066358696	0.999929055368075	NA
0.999774076214024	1.00027702819088	1.00005331689975	0.999846569939996	1.00025570507946	1.00090872713714	NA
1.00060522813419	1.00018553599548	0.999852723412481	0.999955637273657	0.9998428728387	1.0000438626698	NA
1.00095397584582	1.0003832173722	0.999802080526243	1.00008458633997	1.00015403147769	1.00032098759259	NA
1.00042177897794	0.999935088708434	0.999856729492844	1.00054520077715	0.999958991207377	0.999827225655317	NA
1.00039603591358	1.00033124182265	1.00038547641262	1.00059559486997	1.00036581498227	0.999834851646088	NA
1.00063434718138	1.00015167166654	1.00002323498929	0.999758646562247	0.999965524457049	0.999819535471613	NA
1.0003681213549	1.00000447894308	0.999894783954223	1.00004625780405	1.00002805962321	0.999992179511855	NA
1.00032143103011	1.00013820330372	1.00069362535314	1.000398320874	0.99992664893893	1.00059600017091	NA
1.00041093820971	1.00179130885692	0.999869675183584	1.00029220685713	1.00074210059733	1.00036369188816	NA
1.00026052199396	1.00032165326557	1.00007189977109	1.00028241722471	1.00040736074839	1.00036962998651	NA
1.0003020412353	1.00076665679397	0.999719527356375	1.00075005341113	1.0002978783341	1.00000023377539	NA
1.00018918585374	1.00049919544926	1.00037982553006	0.99984654225017	1.00032187294388	1.00005637656464	NA
0.999949071217536	0.999990240034499	1.00002352549682	1.00060136316466	1.0003366327936	1.00033876101459	NA
1.00054652213562	1.00203719428428	1.00039937341285	1.00050310681605	1.00015871818306	1.00004669282634	NA
1.0002751915946	1.00071534719737	1.00057897276011	1.0010146868221	0.999946963907098	1.00023703445333	NA
1.00046776232061	1.00142169089296	1.00033674557647	0.999910514516673	1.00036265089263	0.999996647956337	NA
1.0008783328572	1.00007634816527	1.00012738553403	1.00035314725921	1.00004225989091	1.0013961689234	NA
1.00066101278491	1.0002574318292	1.00056858951107	1.00065491155409	1.00052303825839	1.00024152389418	NA
1.00036200974347	1.00045209168983	1.00019837667074	1.00046213718583	1.00011710017471	1.00022252510374	NA
0.999903010179514	0.999814852038778	1.00030672837309	1.00006720789594	1.00032604669716	1.00037310146622	NA
1.00048642156298	1.00042857827429	1.0001511543749	1.00003216815045	1.00001208385901	0.999959245931362	NA
1.00001886115234	1.00068087111546	1.00016371127121	1.00079256883633	1.00008431163466	0.999942697634946	NA
1.00005808081235	0.999916857449398	1.00008084678213	1.00067812737651	1.00000702415813	1.00103230699338	NA
1.00011299564681	1.00077578617701	0.999835748568122	1.00033082301778	1.00013347011461	1.00141624592865	NA
0.999998586473017	1.00050118438423	1.00087187857955	1.00042392354401	1.00003460479465	1.00030530480068	NA
1.00049392811185	1.00039604745743	1.00013144675481	1.00035096626078	1.00009297569474	1.00072669448883	NA
1.00003863276459	1.00024105224818	1.00033691633869	0.999857538630273	1.00000005974938	1.00045606576107	NA
1.0003619714264	1.00007348785526	1.00019969521344	1.00117499180429	0.999887347332984	1.00001218219224	NA
0.999923784432685	1.00045915716605	1.00020644179131	1.00000100635735	0.999992399954263	0.999987129778559	NA
1.00049582343839	1.00098016334362	0.999853012991572	0.999972595653312	0.999954888949192	1.00010000681942	NA
0.999701327290314	0.999810420733428	1.00111983449827	1.00010956789262	1.0002287105279	1.00073656523268	NA
1.00095997342635	1.00010105278344	1.0000317188112	1.00132536027273	1.0001875422231	1.00020152136246	NA
1.00039747859793	1.00070504078206	0.999942036096825	1.00129451826125	1.00046907466452	0.999875390782638	NA
0.999895767468948	1.0001509977052	1.00022518613031	1.00041054851344	0.999796700684012	0.999767039439128	NA
1.00034888672059	0.9998426403627	1.00002358159198	1.00006646409105	1.00062245117807	1.00006258631022	NA
1.00055889883321	1.00051873148518	1.0004971042071	1.00053115537667	1.00030628529963	1.0000877526188	NA
1.00000894267031	1.00093200818887	1.00010292801599	1.00033439479029	0.999674053533663	1.00124845579953	NA
1.00027157744895	1.00010000313642	0.999986158260439	1.00051177600061	1.00047145861991	0.999808668626459	NA
1.00016596401593	1.00050117317249	0.999825801926369	1.00012436899257	1.00014923598341	1.00032008742772	NA
1.00020592479012	0.999957922382036	1.00073170946642	1.00083966606066	1.00030185556967	1.00075359566186	NA
1.00041571725204	1.00096039624853	1.00050391652785	0.999984440580669	1.00007848563947	1.0010575187831	NA
1.00065307068577	1.0006328710779	1.00019668181791	1.0000121795197	1.00040971479238	1.00069438133168	NA
1.00035470296837	1.00038472909084	1.00000000766977	0.999929989765264	1.00069914633755	1.00046926155049	NA
0.999825418468004	1.00000109469455	0.999722934156251	1.000244924987	1.00041443051504	1.00029474743464	NA
1.00041424219036	1.00013938851281	1.00003849220063	0.999660724304375	0.99988938930305	1.00045311158285	NA
1.0000080278572	1.00008027446869	0.99999471197593	0.999911549766981	1.00025325211497	1.00013536064132	NA
1.00004988282831	1.00017749621613	1.00016536256321	1.00050813009564	1.00022452635242	1.00063435933946	NA
1.00019677863313	0.999952036460735	1.00036836915488	1.00093540349722	1.00033324583867	1.00045121546733	NA
1.00029862112681	1.00094887015838	0.999971487840369	1.00008865298471	1.00094343833181	1.00074276860375	NA
0.999906338887614	1.00081250626194	1.0005793789892	1.00000047058666	1.00072790622322	1.00024870722398	NA
1.00089511378022	0.999829076553878	0.999872676149786	0.999863890271727	0.999755839055763	0.999773307052976	NA
1.00100409116035	1.00055638278317	1.00000955169944	1.00008303839671	1.00031540738167	1.00031348644685	NA
1.00038198279873	1.00051198118623	1.00039731682415	1.0000444468816	1.0002501379802	1.00094392368135	NA
0.999954226480489	1.00018205496128	1.00012251843434	1.0002609270673	1.00036359901878	0.999835941381248	NA
0.999849861354762	0.999811124647275	1.00036864173984	0.999827341275997	0.999862196525791	1.00035852795584	NA
0.999808317726646	1.00013844916888	1.00005456592274	1.00025734185711	1.00037298994753	1.00076655837587	NA
1.00001802746303	1.00028086898029	1.00033513996221	1.00088128807571	1.00032714810558	1.00024676022631	NA
1.00051349284545	0.999757977386179	0.999857941891341	0.999806396020924	0.99992358005843	1.0006360709843	NA
1.0003414471417	1.00026247693974	1.00001466019102	1.00004381734105	1.00035582153754	1.00017997659876	NA
0.999885628317571	1.0016279742855	1.00012586533475	1.00020651736911	1.00079471650921	1.00027821947131	NA
1.00067528004946	1.00074403110071	1.00021590281873	1.00053794541501	1.00002956154067	1.00079593465113	NA
1.00042873925833	0.99998862757107	1.00002885250324	1.00026294665892	1.00028152055025	1.00018893047492	NA
1.00073859330749	1.00017397642468	0.999718307241686	1.00083995116432	1.00007836901786	0.999851747556632	NA
1.00009015592063	1.00104760859643	1.00048457407731	1.00019378754999	0.999833762395065	1.00015049138724	NA
0.999670856633693	0.999835462609679	1.0000597597765	0.999786399531612	0.999863870614593	1.00025809817545	NA
1.00029207571332	1.00004392864569	0.999861772885614	0.999912528127352	1.00015781874317	1.00041935540892	NA
0.999991281220358	1.00057887906179	1.00046602242838	1.00021649427908	1.00111314099354	1.00065970025684	NA
1.0005691906469	1.00028535319366	1.00070220940369	1.00008094177373	1.00022352444197	1.00075743888528	NA
0.999989079095602	1.00034614209482	0.999933822939616	1.00020961381835	1.00008150460525	0.999781004006217	NA
1.00018887117221	1.00046112359292	1.00019671029758	1.0000879462404	1.00030566122926	1.00095911329948	NA
1.00013035023681	1.00077699723161	1.00052715235735	0.999795017621296	0.999898142690296	1.00115949352663	NA
0.999872698649188	1.00010994038378	0.999807998304983	1.00129178610631	1.00011350245923	1.0003441620713	NA
1.00154311029426	0.999964834261861	0.999878658906657	1.00020949216613	1.0006319463123	1.00043087975524	NA
1.00071640670259	1.00042912330092	0.999937346592911	1.00036590090758	1.00006289233672	1.00014674257752	NA
0.999980039217286	0.999835985826493	1.00006942461756	0.999869289570519	1.00015845460789	1.00100230815927	NA
0.999832326671682	1.00095883718235	0.999953814920318	1.00057470495356	1.00009880278615	1.0001325790759	NA
0.999932343488935	1.00028385782701	1.00008544394853	1.00009980133162	0.999946815757433	1.00053415075866	NA
1.00017551046806	1.00035935007236	1.00027507342848	1.00084898297078	1.00018571510014	1.00003694102052	NA
1.0005535777177	1.00034068406099	0.999951475981534	1.00013193948669	1.00000066132542	1.00108891269654	NA
0.999941654741101	1.00009195330124	1.00087170321263	1.0002145723655	1.00004420889449	1.0006728279714	NA
1.00078452271406	1.00023197392628	0.999946413080698	1.00030467682679	1.00063244847446	1.00040868076895	NA
1.00021977374233	1.00078979231484	1.00009345173006	1.0003318105633	1.0000179863324	0.999990320917028	NA
1.0012375796133	1.00014328223742	1.00095007393756	1.00017245874986	1.00009626092156	0.999892926206561	NA
1.00006735702842	0.999952830523986	0.999998261243528	0.999647623097178	1.0007313327851	1.001475273838	NA
1.00115535587101	1.00022744041926	0.999875764794448	0.999930259927228	1.00001869653615	1.00031355606188	NA
1.00009892691182	0.999960960808299	0.999808772770422	1.00032896026004	1.00027199983164	0.999971349336259	NA
1.00018969957762	1.00031189477235	0.999887671550471	1.0002890705256	1.00009575014001	1.00033511149687	NA
1.00073204741245	1.00015136136586	1.00000482538576	1.00014673653888	1.0000628997086	1.00083516550224	NA
1.00024891589556	1.00075802338443	1.00008589815724	0.999937903616581	1.00005047392557	1.00046836661567	NA
1.00010541537443	1.00019037834319	1.00047997847031	1.0004507202093	1.00037548492273	1.00003561252977	NA
1.00102128524842	1.00060889695055	1.00013241615845	1.00019538018741	1.00041625547169	1.00039809996926	NA
1.0005815247388	0.999776876265985	1.00025174370322	1.00003312878855	1.00040176942657	1.00048189994014	NA
1.00001429211881	1.00075816913653	1.00002369832716	1.00006326369703	0.999957605083766	0.999974091716976	NA
1.00057192200968	0.999935242915052	1.00057859189705	1.00001020699079	1.00089564149719	1.00013786981059	NA
0.999922058296994	1.0000074310932	0.999822382531025	1.00019904286665	1.00013641527741	1.00026757840977	NA
0.999925375973632	1.00122005649449	0.999914511098264	1.00130147019997	1.00059318295892	1.00069090363939	NA
1.00069683816583	1.00019238903124	1.00015313378998	1.00037830364239	1.00021912322144	1.0004409603852	NA
1.00088173656365	1.00055135340071	1.00027687349536	1.00023482559724	1.00019671377819	0.999935635212182	NA
1.0000791724354	0.999922846001721	1.00037409330105	1.00035031483325	1.00045696449912	1.000001797766	NA
0.999896378419983	1.00024401558837	1.00019258211733	1.00023828562153	1.00002105207414	0.999822141273672	NA
1.00022669232551	1.00060580264249	0.999889155132866	1.0003346077448	1.0001933122195	1.00022105850106	NA
1.00102496192615	1.00019504344904	0.999961986737541	0.999781332491495	1.00048001024354	1.0002921626493	NA
1.00026692844412	1.00006971085712	1.00057538802316	1.00040573036162	1.00053310866728	1.00029762169978	NA
0.999945435233375	1.00110957007385	1.0002706580646	1.0006597781112	1.00080494603192	1.0008576950057	NA
0.999906460472506	1.00044998304798	0.999868919128675	0.999899469252456	1.00003553181523	1.00011381848436	NA
1.00019359753105	1.00041658733627	1.00004624753705	1.00085145128348	1.00322324350985	1.00006970959622	NA
1.00027409531552	1.00021808752109	1.00025332558302	0.999885584881228	1.00053100891207	1.00104250414637	NA
1.00008651504593	1.00043471212638	1.00009948760627	1.00060537759109	1.0005793101786	0.999916568794075	NA
0.999997317461433	1.00057709436885	0.999734689273538	0.999784138570659	1.00123730085036	1.00052767803253	NA
1.00036516644807	0.999939677499836	1.00020051103767	0.999985223549361	0.999841314236736	0.999833939195157	NA
1.00011101817937	1.00061088882656	1.00056200215856	1.00009466711992	1.0002506103573	1.00050569040541	NA
1.00086058057265	1.00020426553434	1.00014709248156	0.99997521616555	1.00046385441182	1.00034001476546	NA
1.00037877192273	1.00016171791487	1.00014686625783	1.00087729007558	1.00087321478551	1.00050113769088	NA
1.00026786195402	1.00022738581099	0.999792978698068	1.0002667921342	1.00026301325176	0.999937560184952	NA
1.00073416387	1.00153245881122	1.00030106985495	1.00053075091108	1.00094671797666	1.00044047146811	NA
1.00065352386495	1.00071483349516	1.00021485003065	1.00048924962171	1.00051731903403	1.00022568167665	NA
1.00003149568243	1.0007603529504	1.00009375579892	1.00024679921259	0.999938753010955	0.999829672292105	NA
0.999881251787749	0.999758849963603	0.999982905098851	0.999985528132572	1.00027313679682	1.00088423196066	NA
0.999901396933176	1.00002492541194	1.00031078202635	1.00026573272971	1.0004014482964	0.999794442032088	NA
1.00011244066443	0.999834442389325	1.00022511327097	1.00016097539888	0.999946735736364	1.00007083716697	NA
1.00018323336033	0.999915685760927	0.999844980881376	1.00015791011674	1.00034765853052	1.00028919246226	NA
1.00032215547197	1.00005820141448	0.999855110042134	1.00057149056571	1.00039124442907	0.999963600867093	NA
0.99969661608723	1.00105586874809	1.00003732246372	1.0004222873638	0.999984063002568	0.99999172347303	NA
1.00013996206275	0.999766387421446	1.00032300183312	0.999988742941613	1.00089597989798	1.00067920987081	NA
1.00006887524737	1.00055431581521	1.00049218399272	1.00056823634917	1.00006645578768	1.00004955549394	NA
1.00065060800568	0.999789527935193	1.00037586616257	1.00005140312429	1.00002976392891	1.00047097261486	NA
0.999858636097495	1.00085330849733	1.00001193441883	0.999937635737847	1.00000792192534	1.00076582760252	NA
0.999997443094544	1.0002868335174	1.00066634580429	1.00021783881853	1.00047394535268	1.0008154464102	NA
0.999932896644349	0.999947091413727	0.999956787807853	1.0001653435215	1.00056886408811	1.00086943289608	NA
0.999891682852501	1.00012778883148	0.999808729948144	1.00078797107045	1.00033854352256	1.00043869229888	NA
1.00052381570432	1.0003357444148	1.00112973886235	1.00092444250338	1.00007728855448	0.999856259851545	NA
1.00016846203199	1.00125260685809	0.999796971724159	0.999762158621217	0.999835159323431	1.00008332668546	NA
1.00054073519585	1.00039153973587	1.00013012449773	0.999961940238546	0.999893428347811	1.00087482694868	NA
0.999847721068511	1.00043870825139	0.999805368201385	1.00023142807714	1.0003531393798	1.0000600737328	NA
1.00009109254296	0.999936777117975	1.00073359515048	1.00011085193099	1.00072561213333	0.999935390192721	NA
1.00024881378341	1.00004394297675	1.00060501574251	0.999940842879007	1.00098920025333	1.00031599628943	NA
1.00000935238306	1.00007295780464	1.00096612150625	1.00043045716115	1.00088256331575	1.0002723325579	NA
0.999796263264561	0.999924523505179	1.00056654154244	1.00027065149659	1.00010344535099	1.00057666926758	NA
1.00106727727524	1.00048300570376	0.999717541175484	0.999936840349201	0.999904805922795	0.999754244875337	NA
1.00008672941759	1.00034087754144	1.00032912345295	1.00008019575656	1.00057355673329	1.00015346853249	NA
0.999906479416041	1.00017718400604	0.999788631644745	1.0005032633926	0.999891500459775	1.00008448013534	NA
1.00029151090913	1.00013249229135	0.99990436835014	0.99992092032076	1.00044838797748	1.00082963391435	NA
1.0000819132814	1.00077422651494	0.999760936348262	1.00000990053548	1.00068151712337	1.00002479501087	NA
0.999956962320597	1.00051900853988	1.0000440925706	1.00010021255976	1.00007744842676	1.00048322065995	NA
1.00077689697816	1.00015551423828	0.999819617962669	1.00020334145073	0.999995919807793	1.00005589261081	NA
1.00037586726506	1.00003233403103	0.999899099180574	1.00016919793041	1.00011045026436	1.00002456435584	NA
0.999972696386341	1.00074808267112	0.999895848226232	1.00042363629058	1.00052263931896	1.00068572336778	NA
1.00015065450231	1.00034812686764	1.00002217603997	1.0003517147662	1.00029178464034	1.00018454028025	NA
1.00029983806426	0.999787113917411	1.00069509384942	1.00080657152288	1.00045676691709	0.999961273338919	NA
1.00039198694349	1.00006317515129	1.0007058355215	1.00013432345813	1.00083903289693	1.00118892625817	NA
1.00003356341377	1.00070466564622	1.00030661373223	1.00026737425926	0.999724805323998	1.00010463638635	NA
1.00028053322679	1.00057926145718	1.00002089349073	0.999732678488491	1.00036098744706	1.00017610610283	NA
0.999800067020238	1.00007088702621	1.00009985355775	0.999980069101535	1.00039089842578	1.00044246084729	NA
1.00067080872552	1.00020996865343	1.00025168886402	1.00000928881318	1.0006804202025	1.00030106288561	NA
1.00037967892521	1.00009610326332	0.999974280840784	0.999906301210297	0.999769871422408	1.0005590583071	NA
0.999944628589203	1.00025131184856	1.00062247080344	1.00029159509665	1.00047230025189	1.00093706110246	NA
1.00020418826729	1.0002498853988	1.00011895064904	0.99969073316912	1.00025948678565	1.00014498511063	NA
1.00052419593031	1.00050869831766	1.00027290937828	1.00019110409637	1.00065941911019	1.00028727593645	NA
1.00014425868561	1.00060782887388	1.00008947468467	0.999975722695261	1.00017375920853	0.999862056315435	NA
1.00007414044571	0.999899790516594	1.00052098199177	1.00027041330791	1.00018375666005	1.00019716165977	NA
1.00002444828381	1.00016950196367	1.00002655931643	0.999863909687492	1.00075655312266	1.00036783108563	NA
1.0001984586696	1.00004827116498	1.00035755096467	1.00042360125656	1.00060771453773	0.99997717140379	NA
1.00011301174748	0.99983953510827	1.00020844267046	1.00006731158478	1.00039242467489	1.00003341539726	NA
0.999872861802855	0.999791817453613	0.999780720680084	1.00084956780357	1.00016436206778	0.999942921136819	NA
1.00004346004809	1.00138134279001	1.00089862620876	1.00027875679621	1.00117267724477	1.00031585392045	NA
1.00010279563026	0.999969759174435	1.00000130404318	0.99984383395013	1.00016822526504	1.00009072987719	NA
1.0004266298364	1.00011698040392	0.99999280041288	1.00052748596406	0.999829649763558	1.00032074221499	NA
1.00035780954661	0.999972620942911	1.001080650857	1.00053257082807	1.00025594789771	1.00058649189944	NA
1.00038885228702	0.999836493781598	0.999789742776095	1.00092355065384	0.999968260934512	1.00018858840435	NA
1.00024006844914	1.00084844873034	0.999792047089719	1.00023357828985	1.00010532241668	1.00033940389867	NA
1.00067680661195	0.999761756167444	1.00053923464393	0.999720679466532	1.00007506694141	1.00087854584278	NA
0.999931299374449	1.00088073094432	0.999856568488607	1.00014805919613	1.00011029323963	1.0001028206059	NA
1.00026099264835	0.99989022385705	0.999690211844332	0.999664386107312	1.00084602118144	1.00039287009614	NA
1.00007406802226	0.99990263026716	0.999929056321789	1.00104739853991	1.00001556153567	1.0000598635205	NA
0.999693688524717	1.00054074394204	1.00086300237385	1.00008876426759	0.999746871408031	1.00003322687939	NA
1.00015557683799	1.00030411929277	1.00048742421732	1.00014109715972	1.00077822205491	1.00020320736947	NA
1.00024803392672	1.0009649951785	1.00084836063525	1.00096215761693	0.999883049922282	1.00009112252711	NA
1.00094447687419	1.00136716660883	0.999894517750091	1.0003107162277	1.00066277006315	0.999841087048302	NA
0.999967632679538	1.00001815133331	1.00039790047547	1.00046223386926	0.999723294196278	1.00015684465851	NA
1.00000829675874	0.999928028263459	1.00047005059102	0.999917989391976	1.00043331168144	1.0003387862685	NA
0.99986857654545	1.00058595928735	1.00032135846744	1.00007022569439	1.00055021827169	0.999962571311524	NA
1.00076425211123	1.00451877798059	0.999711689451686	1.00063332626348	0.999851208250644	1.00021513346284	NA
1.00003156283546	1.00011740498347	0.999922041616438	1.00021490147466	1.00005169405445	0.999892298637928	NA
1.00011944895651	0.999977529607741	0.999998506301314	1.00010771513573	0.99982524352231	1.0005119672866	NA
1.0004402483504	1.00066512976026	0.999955050198153	1.00010913245549	1.00005802299409	1.00040867536741	NA
1.0002858833765	1.00086815682272	1.00082054896053	1.00041977851545	1.00048241342408	1.00028549042987	NA
1.00004383366946	1.00105332951511	0.999928042690253	1.00011420163822	1.00066118531191	1.0002189565552	NA
0.999959593338086	0.999974032360411	0.999800632974812	1.00026856613668	1.00017543398675	0.999864446108952	NA
1.00019828619632	0.999889939846655	1.00071730991415	1.00086793470148	1.00011524434089	1.00014079566915	NA
1.00093708781099	1.00206473021647	1.00019207625219	1.00152245472915	1.00022233763251	1.00026670320271	NA
1.00016164042841	1.00173047059453	1.00002117066679	1.00007853034531	0.9998876861622	1.00192265185846	NA
1.00008360774049	0.999863041112741	1.00007267212627	1.00016679365677	1.0002289360585	1.00060868207096	NA
1.00036008584076	0.999957327278	1.00070040595383	1.0002979618527	0.999939587503438	1.000325058545	NA
1.00007385914848	1.00078041345889	0.999690268694952	1.00137291060907	1.00012835649505	1.00043904319524	NA
1.00046916796587	0.999960628828019	1.00007338856612	1.00011946791753	1.00008815384259	0.999941022449168	NA
1.00022800957136	1.00018209142428	0.999822178730917	1.00059077513164	1.00059379570889	1.00018564484474	NA
1.00004224538841	0.999939043332578	1.00008839025835	0.999932385692326	0.999955400131722	1.00059875117588	NA
1.00075560002237	0.999842366166337	0.999717256360471	1.0002327321831	0.999849338305572	0.999888250758392	NA
0.999944652696833	1.00016286314126	1.00011196456791	1.00006566228815	1.00003738093044	0.999997217621217	NA
1.00051367017759	0.999966799359723	1.00014230145192	1.00036977415268	1.00000566423978	1.00075283492708	NA
1.00079771065771	0.999911909831485	0.999841339735951	1.00026121524889	1.00074475644829	1.00057082044529	NA
0.999768909944931	1.00015857214969	0.999862642090774	1.0003186024093	1.00007036161267	1.0000334835974	NA
0.999891867759957	1.00055331462344	0.999869256695258	0.999680201390987	1.0000948000737	1.00017636417624	NA
1.00028511879219	1.00031309912868	1.00010821064947	1.00014467719695	1.00052409033631	1.00033396225767	NA
1.00011219543012	1.00013897251254	1.00060078703461	1.00027237957502	1.0005450083394	1.00061350048324	NA
1.00083622321293	1.00026643487141	1.00046569132149	1.00096828666401	1.00018003075048	1.00076658816463	NA
1.00009771784069	1.00016139673349	1.00077857001796	1.0003920172413	1.00100551878934	0.999956703681087	NA
0.999714153188682	1.00007683201691	1.00019121031293	1.00031730455499	1.00069765246137	1.000387327353	NA
0.999935845289492	0.999903562051156	1.00017203653198	0.999872256110582	0.999875124235136	1.00000454945003	NA
1.00102101715556	1.00012975954845	0.999895838411242	1.00023517799383	1.00035017468591	1.0007084099431	NA
0.999887525791666	1.00021703927936	1.00117214996759	1.00129133307868	1.00002769415083	1.00066348204302	NA
0.999966674587855	0.999951700933632	1.0001118468132	1.00039787016629	0.999925541231754	1.00004516599052	NA
1.00163675391837	1.00181590555431	1.00036282452643	1.00003883515119	1.00057799358649	1.00015947471357	NA
1.00043849218281	1.00039815681012	0.999970144112834	1.00067761332702	1.00040953683717	0.999712471776947	NA
1.00014319459022	0.999757655406673	1.00076340544434	1.00064954542392	1.00055319598493	1.00038298502204	NA
1.000167415024	0.999889384607961	1.00015852028658	0.999740941334035	0.999915538036716	0.999889312373366	NA
0.999740765845304	1.00019967500539	1.00000610281664	1.00016221831512	1.00020119270357	0.999856389352147	NA
1.00028944816457	1.00056718832662	1.00050641456336	1.00064828282454	1.00044116224494	1.00022327764838	NA
1.0000203458005	1.00010419801906	1.0003403137115	1.00009787057199	1.00076146858218	1.00066541225718	NA
0.999886604897284	0.999904613386128	1.00022158773876	1.00068885288788	1.00003830082212	1.00004709760228	NA
0.999758400260164	0.999895571900228	1.00008453253656	1.00043943796338	1.00040972210354	1.00033317713107	NA
1.00059360635658	1.00017096988019	1.00000197815019	1.00032412781783	0.999807367212043	1.00136220781286	NA
1.00018797680857	1.0005407579836	0.999965738416979	1.00057381632875	0.999769877320238	1.00017192492991	NA
1.00005229685314	1.00130782837042	0.999974139566265	1.00080080677175	0.999785942159584	0.99993265220891	NA
1.00006698544657	0.999876135690721	0.999892506224901	1.00039249451546	1.00027521868446	1.00026235638658	NA
1.00041014163099	0.999943690602372	1.00022073554415	0.999919074658826	1.00005347382507	1.00013950624345	NA
1.00003604576246	1.00017424391015	1.00024331878867	0.999830815796998	0.999853496399595	1.0008044182443	NA
0.999854528374377	1.00038352955364	0.999914923225189	0.999801352214541	0.99985316403873	1.00009560336211	NA
1.00018078780553	1.00063838292502	1.00040384618443	0.999945162538207	1.0007821165636	0.9999438961442	NA
0.999866409928426	1.00027612610252	0.999971715548574	1.00080497993384	0.999813079504147	1.00020127188161	NA
0.999959589033217	1.00017312315024	0.999614587674304	0.999947709318664	1.00038867331932	1.000044168133	NA
1.00043932403041	1.00030785126411	1.00056963667696	1.00028336307708	0.999895099469893	0.999796238896156	NA
1.00027717752703	0.999849198619654	0.999999116702265	1.00065623639512	1.00080025768327	0.999989908809117	NA
0.999817956058518	1.00008466799429	1.00002619330782	1.00011910708306	1.00082782290912	1.00014471543506	NA
1.00004112062507	1.00012511295109	1.00024687004197	1.00000349407917	0.999814536554828	1.00016545449191	NA
1.0000718587538	1.00020121385047	1.00059305445292	1.00021875921902	1.00052258799933	1.00059223226481	NA
1.00048897424192	1.00030700400544	1.00027163546466	0.999975402329836	1.00017137049505	1.00023771639209	NA
1.00028027479322	0.999838884574401	1.00005761621214	1.00062202549252	1.00078076147357	1.0007088623084	NA
1.00020363975419	1.00053760849794	0.999918148677125	1.00002278846278	1.00010670023338	1.0007830472117	NA
1.00014486966278	1.00035895869653	1.00031374341837	0.999970857238587	1.0007572610969	0.999924077394854	NA
1.00050890631809	1.00073746744519	1.00002855849626	1.00074044619256	1.00008105328818	0.999968843217765	NA
0.999748997776715	1.00036154483566	1.00034250792116	1.00004396053146	0.999882183781978	1.00078582486507	NA
1.00009339846883	1.0008331083142	0.999973152913591	1.00009483555367	1.00004586179379	1.00003737153089	NA
1.00031764892724	0.999984323558345	0.999948373688812	1.00056309678663	0.999955090521508	1.00126024265422	NA
1.00027248673846	1.00102169208309	1.00020088116033	1.00049726089856	1.000342563482	0.999930351764301	NA
1.00037481058346	1.00031082513617	1.00019672384137	1.00021884713552	1.00035745490251	1.00059992159598	NA
1.00149163578526	1.00056296216684	0.999891473886615	1.00028238232034	1.00025738430585	1.0007695181987	NA
1.0002793761016	1.00045672956452	1.00026937964185	1.0008757707327	1.00004335052066	0.999936492349202	NA
1.00002640290965	0.999905746509868	1.00003648239693	0.999773183341813	0.999959686331959	1.00102061471591	NA
1.00032731711659	0.99988949337031	0.999819517512564	0.999990789297356	1.00013225476254	1.00052940499942	NA
1.00007118530017	0.999738556254758	0.999769792145275	1.00005491361644	1.00010776656932	1.00044609496127	NA
1.00134286405858	1.00069233521483	1.00028811598532	0.999807527462256	1.00058097899449	1.0002677337343	NA
1.0003990384424	1.00061824065523	1.00016159486289	1.00092578797505	0.999858897153392	1.00023762073345	NA
1.0004686094563	0.999924181965085	1.00003074161649	1.00034943602523	0.99989127817682	1.00064188736025	NA
0.999843364894093	0.99981321679404	1.00018260800994	1.00126929772025	0.999829476183274	0.999708773720389	NA
0.999725570765269	1.00015666067848	1.00002037669336	1.00029305373415	1.00041522909623	1.00008888433436	NA
1.00061360350776	1.00087387451794	0.999820707203018	1.00016997464343	1.0016276738346	1.00094208549743	NA
1.00015824260661	0.999778155182645	1.00008403665877	1.00024657421815	1.00027448424739	1.00017732138009	NA
1.00096513935958	1.00073249751971	0.999923009559654	1.00035007935975	1.00037828343999	1.00017102082057	NA
1.00074925076996	0.999964576210202	1.00020499170427	1.00021816008956	1.00013773166749	1.00116944857365	NA
1.00012305378267	1.00049425621482	1.00032243754414	0.999923379684562	0.999948161933217	0.999727134917903	NA
1.00031434811277	0.999815592748795	1.00038078918289	0.99979132428727	1.00085651910551	1.00066523360759	NA
1.00017697824929	1.00144150288699	0.999800549977402	1.00026704922407	1.00012010146689	1.00027561695049	NA
1.00009903934478	0.99991569859418	1.00013717892329	0.999835198929792	1.00015778525478	1.00014800847896	NA
1.00009878781669	1.00006956762181	0.999996940736487	1.00047569275626	1.00019928111844	1.00048866601025	NA
1.00025039107681	1.00015745352808	1.00007518481249	0.999856394147368	0.999970431198414	0.999969839529579	NA
0.999737808536353	1.00103575660016	0.999882775926861	0.999960387836943	0.999988160036996	1.00022427176951	NA
1.00019465556441	1.00014086795879	1.0003353364943	1.0002519649766	1.00033561275108	1.00054065545219	NA
1.00173356819156	1.00011645345321	1.00086788228853	0.999936584785081	1.00088203855958	1.00013069571064	NA
1.00000857318678	0.999873143663649	1.00005947425041	0.999879119232193	0.999899558665823	0.999848506713618	NA
1.00021743366668	1.00030037633136	1.00050126571674	1.00072213974973	1.00068601424751	0.999771338781749	NA
1.00003154263006	1.00147866502021	1.00018366117405	0.999754623765809	1.00045743017295	1.00017355373357	NA
1.00033004459311	1.00063316921521	1.00074695163965	0.999915452701243	1.00032763308816	0.999812068764321	NA
1.00033753214309	1.00042960522027	0.999934150839318	1.00007998671816	1.00012646688906	1.00004536619246	NA
