FMP	RMP	FPP	UPP	ANPP	NPP	ANCOVA
0.266741422480184	0.271812324828635	0.336041221707282	0.283792609036314	0.301118090959236	0.300225349084366	0.102590843086427
0.440041139582721	0.437266585427729	0.442793554646794	0.423146012612606	0.429403110785312	0.433587334842895	0.269862587781231
0.48394694235132	0.477368149988092	0.473919267259168	0.457235708769635	0.4660045827708	0.464602409107554	0.336645114934893
-0.0612193371121118	-0.061799736489941	0.248680280367337	0.0729379197010813	0.117530759761943	0.114874561112934	-0.160890963818877
0.285061510375301	0.288231097000428	0.359290508504496	0.296439626477029	0.316518982539527	0.315878482708835	0.091567519180114
0.310684790438939	0.30578280745712	0.362852372899668	0.308017216385584	0.331701028004224	0.334815434660835	0.119377957386056
0.411144602260405	0.413699276369138	0.426694812631373	0.398809823235316	0.408615968538513	0.408641398704104	0.22618209124671
0.434871889230526	0.43460935295631	0.427195592923951	0.414563339916864	0.418976478696732	0.415271259489962	0.288002472458113
0.547701309350683	0.553833504446517	0.546290134641169	0.541119942457826	0.537494040417677	0.542441626262848	0.488308541741275
0.502084438655704	0.502531393097421	0.490334047866557	0.486145948825465	0.492298996780352	0.491528775063417	0.409957334508243
0.131696364385122	0.123128390956955	0.282628357747578	0.182795625675259	0.211325002179542	0.210784817372511	-0.00838387665306638
0.485147387804208	0.488364408704657	0.476257300383757	0.469622177949256	0.47245106155572	0.471041848527738	0.37393539480458
0.34469236006569	0.342928420608319	0.374764689532042	0.333675824966864	0.349119094282837	0.35072052819658	0.154119543683303
0.328533211987717	0.324206298014043	0.359537543232808	0.327167128637286	0.33402108843042	0.334184938208936	0.159766042804524
0.426990337519378	0.423859558858892	0.426317503031329	0.405464762195688	0.411751203555017	0.41506433440895	0.254575161636732
0.390129968663561	0.390878115496252	0.405522023059678	0.370266993065856	0.387329770202996	0.389789324955091	0.195306342378184
0.223923721132523	0.224063127860486	0.324347148855982	0.256022646554057	0.283086338052506	0.283210559886321	0.0500533772863588
0.233153697275871	0.231259972209642	0.306380180493107	0.249754169122957	0.264864144628878	0.269771811785307	0.0884488801901905
0.389238523979379	0.390345528121336	0.404149970028629	0.372359880077284	0.389846404355416	0.387018227939018	0.204897176648467
0.488881763698737	0.493115315606286	0.478470432070264	0.467599037670743	0.474346681118989	0.473288658300032	0.368505366472024
0.187781062588918	0.189612935867922	0.316928975515499	0.235770749299362	0.261598881520314	0.25946484978645	0.00999549029489345
0.17412793638467	0.172542232003891	0.282278293329487	0.207443638364419	0.234874244836383	0.23472055078912	0.0465798040389905
0.328538292660176	0.329845975758653	0.341670753815484	0.313515027833643	0.324616549573326	0.32266297620194	0.186869333403006
0.49428987439854	0.500189610970124	0.486279768541661	0.479812641555751	0.483187245423101	0.480795290705782	0.402868079654174
0.283272614757688	0.283014084219967	0.337082860991535	0.289914408242214	0.302081393168681	0.305342548827342	0.110613210812898
0.513179204847357	0.51427472296229	0.502927373690142	0.49688874942057	0.497891661091417	0.500594113241195	0.417382496008552
0.616398679914273	0.621514273168774	0.620830016088174	0.627900140579247	0.623919357075287	0.622370531474816	0.643136091880409
0.544135175680619	0.544413600010184	0.537381091440916	0.529328714713982	0.536657297736509	0.534129089902698	0.469720807866379
0.19667987167842	0.20315188659373	0.300797768055623	0.230451941281947	0.25237727593344	0.249625176391773	0.05115463914267
0.397166160187091	0.401247425730677	0.408761008407474	0.380017931913665	0.391945181308508	0.393425350952437	0.22501011813776
0.0932726141689034	0.0952878256716233	0.239733943112874	0.146498897383628	0.172984975374878	0.171116249596469	-0.0031089184441766
0.310223630437927	0.314958755703614	0.358066926029169	0.305878210443932	0.326765619434341	0.33110176504187	0.12149789052949
0.221587162537061	0.210978386859132	0.316124459936893	0.243189973225105	0.267641586820645	0.265941914167115	0.057776291997615
0.203710338470507	0.208782144103253	0.315401661889306	0.239872902606503	0.261899611308836	0.252260687677241	0.0447926572844311
0.454148126859573	0.451083491845258	0.451672460485828	0.428192068366964	0.441175280357076	0.440301395838989	0.287045430451338
0.311073831739547	0.308608113907002	0.350832391444928	0.312177319180913	0.328916658658444	0.325013809433557	0.131902467802272
-0.125935447292806	-0.128927563132251	0.22920970083209	0.0284077985992485	0.0708952672000157	0.0632991197333788	-0.219404056774176
0.464385081820476	0.462384691734909	0.45101952837503	0.43984561316949	0.446977368290746	0.447451397089864	0.354944416074158
0.486512596006363	0.487158037265241	0.471074679268297	0.466818552286505	0.473518034285234	0.469908678804091	0.3687868531944
0.583660092643712	0.583108419196654	0.577938168519578	0.578344194436099	0.578976151124164	0.578321448242954	0.556726343966913
0.487556521001232	0.485233958499721	0.477142850357692	0.465205624741711	0.471566129980264	0.471880463505286	0.365485889153033
0.58587628636458	0.587410442326386	0.583480978970245	0.582284892408048	0.58641229114277	0.582520646155757	0.573832452856306
0.335745694281666	0.345567979882227	0.357665665785754	0.326819279278777	0.334436278471428	0.333723289193552	0.191348979838951
0.300805133034887	0.301352563644829	0.347839032740101	0.305605396654605	0.321249695091848	0.322922844764113	0.131667645725829
0.424019854955383	0.421450879522185	0.431424223620659	0.409308429516536	0.415703049240256	0.42105259381335	0.248982253912984
0.511508757513703	0.509197449821385	0.498058821236584	0.495472029450165	0.497880255503079	0.495064119452899	0.406367512978569
0.432359209710281	0.433598250347172	0.425987485432665	0.414180983953475	0.419591889832926	0.418701779475407	0.284009057486151
-0.113380852906092	-0.106812874421575	0.202051195258152	0.0117040585182103	0.0522351656641352	0.0514476516545375	-0.178375752396814
0.374938659104537	0.36955323545881	0.380459029133538	0.351311083946734	0.364448462330414	0.362959662659495	0.213801612277217
0.522770720296288	0.522662671783964	0.512140483558431	0.508194691176711	0.51320049440506	0.510751205814565	0.455298768482918
0.565953884887271	0.566375767294984	0.560927855831784	0.559512093995561	0.558295946018701	0.561481692107776	0.527321284242304
0.052705444311718	0.0501855928904324	0.233193327562898	0.12630796599557	0.149958412762131	0.150486765502767	-0.0358114999478232
-0.0275694423977912	-0.0269136614462136	0.162950212434669	0.0420390590818173	0.0720257363594948	0.0732668690135251	-0.0685638679758348
0.462286588624754	0.463682289508676	0.453539622752481	0.439732992541218	0.450140975605293	0.449864294146307	0.315438636525041
0.431082818530093	0.431311148726336	0.423724316058269	0.41205712542851	0.413466371354124	0.416385292161735	0.292717723416947
0.44733069178234	0.443624295646865	0.447096216933703	0.433096977471325	0.437435344905566	0.437552456625361	0.286592777223237
0.258203691674707	0.259270749394657	0.319881037662619	0.266419489252534	0.282409878145403	0.278051065381921	0.106302505290051
0.551938884686589	0.552790164914697	0.549276873673335	0.544621451757218	0.544993717456431	0.541554518580694	0.497926328267737
0.361653895496745	0.364344982181948	0.384755194642514	0.345280181582892	0.35896560792361	0.362074606056016	0.178656058071293
0.220416470244159	0.217396866203341	0.309452111724502	0.244511035820246	0.263281592916301	0.25821069468714	0.0557447833883863
0.521979189523434	0.518404181019855	0.510912906364653	0.506689752923489	0.511685602971895	0.508535398361197	0.441379402070774
0.513140436700678	0.517741755772083	0.49878095413999	0.492152873371666	0.495363335788876	0.494879395156845	0.424064080105585
0.461308597967455	0.460459053191021	0.454714812245232	0.441177368596613	0.445368072191737	0.450941607074523	0.313523555238524
0.534768572680621	0.53489542246496	0.519473253615208	0.516132405266109	0.520090650314637	0.521296749907634	0.460002960917194
0.553612130296939	0.55222379933168	0.5491868222833	0.542387268584206	0.546612010005828	0.546962690343984	0.493784437376138
0.524786083042979	0.523242752454998	0.518046596848637	0.508605314390344	0.514004359160674	0.514515907985693	0.426000088016944
0.530294506121718	0.526795964979512	0.516700994985206	0.513516819739728	0.517173612338475	0.518403413391985	0.460308177159844
0.595379846651035	0.594604579603382	0.59391468870589	0.59258918450845	0.591129582859614	0.595942363021794	0.590202398466648
0.294968033502409	0.294003026233452	0.337239126592622	0.295337184283684	0.30866610403076	0.308513514656828	0.130071771080544
0.505199005227085	0.504837277309081	0.490485626871135	0.483340565144577	0.488664132757131	0.487298687126597	0.409767163156084
0.569978676294428	0.57266019653975	0.563297380712667	0.563256370689967	0.561332649427229	0.568084799494809	0.531382501936935
0.141069161341097	0.138007253757966	0.29226488068662	0.195632496361481	0.225683001256544	0.222107683264566	-0.00525523386412596
0.542514045460506	0.544881120486231	0.535670221231338	0.532011301379438	0.532178766447912	0.535692632300654	0.481234352260873
0.70149659096903	0.702124667240688	0.716769004452368	0.72146217074713	0.714985867559276	0.717079446126265	0.791066134396618
0.538804215398624	0.534293367367792	0.528593519298511	0.523862318888004	0.526923003865284	0.52459793599607	0.478333312080942
-0.189444190177539	-0.196120028027019	0.121064863568504	-0.0954060038560091	-0.0590007903240376	-0.0656074107576465	-0.221538489003068
0.481275350753449	0.478820888100223	0.465175030361454	0.456112650044528	0.458494748310054	0.464489973903863	0.356391500693484
0.567748836617074	0.56870223986286	0.561161278537738	0.56081212531382	0.562554100101838	0.56571403129328	0.533957523255585
0.41839086976687	0.417575875306353	0.414198951155017	0.395534431637643	0.403074566264165	0.400914834290925	0.26446977220295
0.582099733054133	0.581214884823332	0.578728178963086	0.578527045804616	0.577820128409174	0.577184854374263	0.561722606409641
0.632960770777915	0.630410435875651	0.638997140848049	0.635850607043888	0.635453315089496	0.64268145665115	0.674751393326377
0.457208742736778	0.451172154387069	0.444860176859601	0.434774314703244	0.439268347499315	0.439249840579369	0.31085654064455
0.13016057282922	0.137939089793202	0.280001081922449	0.183515832545682	0.210021575848379	0.211636175298244	-0.00155081815933847
0.261894557292988	0.260826357731129	0.319381954520345	0.270210053199168	0.291129313883511	0.288270821195522	0.111500121078291
0.632819426861155	0.639342568485148	0.63826297104992	0.644594195461872	0.643057703358751	0.644061084521137	0.686371219236164
-0.0790574223314067	-0.0794453176531325	0.174953728811222	0.0149423803439916	0.044752377117696	0.0458970319969611	-0.127771443344669
0.316436031125328	0.317330034768704	0.365455615531103	0.321676866402869	0.328010768802325	0.332749021941081	0.131332051635454
0.100298876930584	0.107260647748434	0.290091732149515	0.175208801385173	0.208746863696672	0.204869059153081	-0.0527447230356604
0.337392336462628	0.336163117784908	0.391346815543756	0.338273422576068	0.36162623485676	0.354921472802371	0.126443869888201
0.372765983260949	0.377041792024165	0.386852608183757	0.356756056212256	0.369713351533263	0.371227126758942	0.201513857316574
0.55874795257449	0.560153967949465	0.55056654539723	0.548058091685894	0.552320972183085	0.549915131138795	0.514704295795856
0.107526481215485	0.102714317666954	0.238741033650449	0.156144639534732	0.177719790405936	0.178250273018905	0.0107018922459175
0.305606070403936	0.307016001285783	0.354308896749948	0.304904773332829	0.325471256314039	0.317790782738328	0.113761955209226
0.758598255352937	0.764180573335333	0.763020760388351	0.783755456873505	0.77050189692944	0.770305605083425	0.91950057585739
0.548424295032353	0.545331590517288	0.539648095427392	0.534404672327964	0.538231066662413	0.5362582639425	0.481593534413381
0.351267373732963	0.356320555790751	0.375577708130085	0.344118369546627	0.356103966058321	0.359204304986741	0.181963793818953
0.386951894392277	0.386179449586746	0.388535806261907	0.365714440323227	0.376703616726694	0.37379682884224	0.230837851274138
0.43348782202201	0.429428292844009	0.429601913883079	0.413522711727563	0.420597007476098	0.421639261418282	0.277452757531741
-0.106648138129073	-0.0993516347122048	0.223287413855663	0.0325944608301778	0.0761115105471574	0.0706201123450804	-0.181550209665977
0.502557398116918	0.498656866914496	0.489105726071334	0.486727442131932	0.490076694226619	0.48748847902182	0.397507052342804
0.29849875651719	0.30116765730242	0.371591471742764	0.312422739770918	0.329338410548514	0.332430267887095	0.0881976489105217
-0.0158103052379306	-0.00507958265907805	0.210775873272727	0.0786954308515272	0.106205516810484	0.108125389019859	-0.0849466842232075
0.380241356278556	0.375990775976895	0.402148560032946	0.367104869310159	0.379577446300247	0.380290790442438	0.194478449855952
0.168322035428917	0.156938951111056	0.304601150848176	0.212465098902972	0.238226714846351	0.243922618398336	0.00300669211819183
0.634612398577353	0.635599032269011	0.642265644644201	0.642997190481746	0.639794820652483	0.637497031609727	0.679590233340861
0.391458382056538	0.39392173169136	0.404440936635428	0.375477038850974	0.387633644519384	0.385957727336764	0.22839973718415
0.301819638972049	0.302324453902985	0.339224630048816	0.29244595979562	0.315463030785234	0.313634712228176	0.147154491199292
0.240223767635959	0.235100086418539	0.314647874273109	0.252846251670709	0.271662437597132	0.270673362756846	0.0796485670413257
0.402601060913057	0.396200210861942	0.403425529513094	0.382083783929941	0.390323056850252	0.390478156540856	0.24319095214172
0.321608667190323	0.315105037224768	0.342358810920983	0.307168362575017	0.321576257509215	0.320252071794992	0.166737489956883
0.4209959078877	0.422840571895313	0.422149870414649	0.407337503770703	0.411962743658543	0.408114133625306	0.270361847962584
0.481087473548187	0.479756229577033	0.476627181609263	0.466451432252378	0.473725659658553	0.472782498612778	0.348272635499149
-0.12409020157704	-0.127845877126282	0.216494570049512	0.011586906920816	0.0606919686676982	0.058089538891354	-0.203876001375129
0.381958598213874	0.380225411794235	0.400913608042426	0.369339761110666	0.384614953625037	0.381016232191234	0.185229405473603
0.349304167049455	0.348718595955824	0.357300008401814	0.323940379728406	0.339131746060554	0.338079023375125	0.201916112701809
0.476270535882546	0.475074945074836	0.462266573561764	0.453365060859817	0.459396251127785	0.454730922949358	0.342291803742397
0.35422797335861	0.357287338853817	0.352937986241331	0.333746914183858	0.3415781521481	0.342913575577946	0.223228249296149
0.564607394289623	0.56394705117869	0.556012707187654	0.556977843089696	0.559947783247023	0.554429906745806	0.521196860036616
0.495170332521402	0.496020000986587	0.491799010509536	0.481275532790823	0.486800882110023	0.485523186969264	0.38589804711195
0.217699003083907	0.212771215677694	0.322418280051624	0.24674147803028	0.272101889873772	0.269102825646335	0.0449574270908336
0.555104878762383	0.556513419696652	0.546880473217496	0.546448860215471	0.544774620423247	0.545472750829828	0.493278567093812
0.473649056254118	0.476201396932888	0.462070166406438	0.457967212564819	0.453732910089731	0.457074648549253	0.350171099400688
0.461561675738751	0.457766481218041	0.448047142086995	0.439957281779613	0.442686340903967	0.44685881551192	0.335531750661063
0.445978587055134	0.445866872083572	0.429983472092447	0.418947100708152	0.42846154107838	0.426504962016055	0.326826718875869
0.335524155686878	0.334331120711348	0.345796519178108	0.316274791603898	0.330721551078626	0.33003374984562	0.191939440140942
0.467291298617435	0.467851741265441	0.453087087315707	0.446583633007805	0.450362191770549	0.451010753132133	0.333387703763522
0.307598327048895	0.3042217617895	0.355760897421814	0.309060595989064	0.323928275156671	0.329394454679225	0.125160846591179
-0.167738252528671	-0.163434720816737	0.166307405421451	-0.0503653890503475	-0.000569719005484358	-0.00514840489880211	-0.207357104006219
0.347877833859796	0.346649486898731	0.35776749111143	0.32481394055467	0.34680492615651	0.343393773388657	0.193436025326516
0.363321715087276	0.362798062780933	0.388486178100291	0.352154106125044	0.367420519310516	0.368469885135831	0.178882711880125
0.50518297713502	0.50293116222754	0.499755975685319	0.484170884028679	0.492460450154869	0.493934474668329	0.39277517433876
0.657006226567854	0.658231771348522	0.660691947238739	0.671213190874603	0.664134128310432	0.665351884256744	0.741129289665996
0.257625740495729	0.261659407676162	0.336866483861857	0.269630857013309	0.288893736037828	0.29789132127269	0.07236028635099
0.504541621915401	0.499218707813783	0.492305824580379	0.489289328643287	0.494461070277621	0.489237122018884	0.398590243107818
0.0845075161537241	0.0932430553614403	0.239573048945119	0.141843295829552	0.175380277766302	0.168423212101232	-0.00803584601962956
0.553490169102207	0.554540116726558	0.546562791216327	0.541892096047434	0.543596725506512	0.541773085594609	0.490548334551676
0.249518595661139	0.253761097676287	0.335418836014294	0.271066602728269	0.289796154279259	0.289495420828498	0.0727349897632551
0.629865004230107	0.634276755868713	0.63782060320963	0.635851335148433	0.635505803325604	0.634190570047638	0.670510327613146
0.630511236548628	0.629743323435747	0.635936461018385	0.63985041064035	0.631853682979777	0.634418857427969	0.682030757606971
0.296698238790376	0.303296944507817	0.332658669195439	0.290321854794889	0.308420251055833	0.302769987155807	0.149608798517303
0.185514830178654	0.185946036587803	0.293500980114101	0.219860460668061	0.239298791152711	0.239418223023109	0.0441468614284767
0.484218146175915	0.484143538150527	0.471649463534507	0.465808828153856	0.466799755931516	0.464312188366797	0.378147131335552
0.620075023569866	0.613245060453265	0.621076851117316	0.621289094791134	0.619578898733124	0.622314751121912	0.633162951182378
0.360437249094425	0.357400655232653	0.378665220152531	0.344669039784738	0.357633251016388	0.358943918035326	0.191287287373862
0.393882920695233	0.398883334530409	0.39898918461058	0.375752289118228	0.381701516479693	0.3829493880162	0.236225660390018
0.430902457422792	0.426806901891894	0.426640468607289	0.404513054977201	0.417777573562423	0.413955039568605	0.274889097502869
0.319138010140958	0.316042517924639	0.35354573108677	0.315411670152503	0.326033090673438	0.322932687044485	0.149413591963975
0.261405471151356	0.256450385730949	0.367776944151602	0.290496790588925	0.321971530787786	0.320336304025402	0.034475397132358
0.563627196115289	0.562390232670322	0.558327147640207	0.557042886035178	0.553659670532871	0.556001949220542	0.526969591270112
0.545930647983147	0.545245753993411	0.535917655502199	0.533784145245812	0.53772158247174	0.532840690712196	0.484561603884653
0.369203992161364	0.366718517597434	0.388838578580891	0.357459116569957	0.371709636420313	0.371493858070911	0.18207905951351
0.514355786489813	0.514534761996521	0.503547019605023	0.494954102918938	0.505458873379043	0.500673084813861	0.394122237873679
0.521544299309815	0.514795583154312	0.503831466026769	0.498917160990813	0.498889610102882	0.50236549381083	0.419954648614053
0.593211280885605	0.591712245188099	0.589552512042549	0.590316295152386	0.587857172938566	0.589600138427505	0.584243439694538
0.659058124160909	0.658066176637089	0.669400524016102	0.670250290702901	0.66901340115386	0.671203421071832	0.72960474161727
0.555952377720989	0.55722406107248	0.548645939618702	0.547768175519915	0.547570898248333	0.54770559259486	0.512674287705933
0.650815548396197	0.650729512362162	0.657536580192789	0.661449158143812	0.657784834976292	0.657504045712977	0.717505640670925
0.664977922168887	0.662105475594187	0.668539500219357	0.671910441111029	0.670590454660628	0.669432825119454	0.739862837999143
0.437902551349391	0.439324845017992	0.433193065199635	0.417492314048883	0.421162876408725	0.424034762429482	0.289491960324464
0.549297673447577	0.545682472465289	0.538912428626102	0.534742757671859	0.539387973875477	0.540265637460885	0.486479698749536
0.476417211800556	0.477886073682522	0.462361822182495	0.458167166415493	0.462439754981537	0.460085692325786	0.355691978562891
0.202341072050028	0.207865441709059	0.317674743402807	0.239459123137671	0.264904130744482	0.260570205322212	0.0398168807550164
0.411742060986919	0.413561048377486	0.404400636935264	0.388617464019389	0.393989203900004	0.392261952901314	0.292696339154299
0.165632126443573	0.154085906231789	0.28207618569719	0.198859571998367	0.230747444802727	0.227051976193755	0.0253021312614876
0.374438346943094	0.372180610460856	0.377415465118484	0.349959149715473	0.363872093348829	0.359578774340341	0.217709608305652
0.499256191706401	0.50184586241872	0.490677975418439	0.483870820499003	0.487074056028686	0.488421250973008	0.405635265413849
0.53500808265661	0.538411458923887	0.528447302891228	0.522361943942992	0.523278963433422	0.525435498189555	0.472864550936631
0.384373718878043	0.389400724813028	0.402373838207682	0.3746427177179	0.384280952528443	0.385875865948517	0.205090103213776
-0.000409838837820416	-0.00332639873277329	0.22967413423113	0.0952623995431587	0.126885422548385	0.125218494295681	-0.0893136001416777
0.27843627481757	0.273617168029506	0.352339686167297	0.291897637820096	0.314916310715376	0.312240521731079	0.0859203803166789
0.160683349803636	0.161432828049894	0.284097964108702	0.195993070736335	0.219840367513073	0.222694717139155	0.0203018560917156
0.313458161648669	0.313968039350301	0.377960276440577	0.324453651090832	0.340101809049766	0.347038663143007	0.0872882079754854
0.52557999597799	0.525980927339247	0.514713600358685	0.507712238621906	0.511674435642936	0.513880814405705	0.444187704476974
0.488433607489391	0.48707307127044	0.474347853233895	0.46137781231713	0.466895081192527	0.470860503429946	0.362441467324636
0.437847380622125	0.436573146459034	0.439406319231497	0.420073660074541	0.428393638771571	0.430018427560558	0.283171990873307
0.453012330304459	0.452906288228574	0.445532018244931	0.431119344276766	0.439061500987508	0.439142026891128	0.305006591314903
0.418103132320523	0.418459971841529	0.411202202619028	0.391907607445543	0.403217188775924	0.402688948270638	0.279649063991111
0.434876420450546	0.435147131701789	0.421944747878881	0.412863666276473	0.417066371597945	0.418438326997881	0.332007725497282
0.676073521009839	0.678963485784887	0.687542564643572	0.689560186978584	0.687939968117313	0.690534186454105	0.757590202119246
0.443715880593042	0.443865225110742	0.443581494728906	0.418514211538521	0.42987456927147	0.426644532287703	0.280574490182087
0.54775693348802	0.5489445175505	0.53950976507076	0.536243307602992	0.535282855531796	0.537853374322369	0.49161430077283
0.618720939307744	0.61769211844948	0.619261400523746	0.61748035927268	0.621269515237859	0.619392717458533	0.633428702862834
0.336330348808737	0.339057184072656	0.368302641007904	0.326311201655996	0.342334134903564	0.344599271863459	0.163154960402924
0.614172428486813	0.610250807258921	0.611554599389452	0.616010440861503	0.613514520570244	0.612767820976713	0.624865438673632
0.501351524969027	0.498605799131783	0.488059095179212	0.484433836617163	0.486999009614892	0.489518712457768	0.390754456256037
0.612983287907281	0.612254684885689	0.614206816677146	0.618368919280022	0.614297675798855	0.613038006966017	0.62809907474593
0.273099222544846	0.273584622977197	0.341476477280718	0.287234855132933	0.303286010112748	0.308826623605312	0.0965642700943965
0.595841427878429	0.59318901828514	0.592764795027249	0.591139072604289	0.588575156990076	0.588817080289455	0.584785719211174
0.36515840815674	0.371088884971944	0.383060520909862	0.35413026749149	0.366466598652608	0.360051058973885	0.200392361293333
0.498454991380936	0.498678284781929	0.481545667219519	0.481309211223186	0.482502156336874	0.483921722013039	0.410028856968666
0.592925119042848	0.590643670806996	0.587384628951044	0.588556198756851	0.592862629451727	0.591911644921262	0.583751778986804
0.0911271659863146	0.0909818142033685	0.262610867394646	0.158925141987279	0.184056791179966	0.188743235660491	-0.0277663192233643
0.237933920281661	0.236949480433486	0.308754469578638	0.244311283685478	0.267252262697633	0.263453309328683	0.0849167702530704
0.328789040543336	0.330852435900482	0.361151275364506	0.314149791523755	0.336872336177793	0.33234602165794	0.150741458035783
0.395065657705912	0.395200710054488	0.397175009068818	0.374444326681302	0.385580887036861	0.386380579374031	0.230205173642581
0.472598034872367	0.467347593732812	0.463000641770691	0.453827062945736	0.45745522453509	0.455934237921752	0.345383869919685
0.451807186019046	0.453443399146058	0.440802289887365	0.426186346492243	0.436229067650664	0.435630827077256	0.325527380754253
0.243232896913085	0.243517520924205	0.318291135517234	0.254589470628818	0.27772981241694	0.274960606588636	0.0877405170111302
0.328625561893273	0.33739352207301	0.365596504859117	0.322875165670843	0.334976819181788	0.338536218004355	0.149790984381885
0.0339370128027007	0.0367799240252338	0.224925055158317	0.10935896076909	0.140366239287196	0.136002701567368	-0.050369461635244
0.298901443989503	0.293527916437925	0.336858224967365	0.292044093488667	0.306636510869566	0.309481630915017	0.134694027153652
0.379342915573382	0.379451369036187	0.391915047031804	0.357231358979207	0.373497262582422	0.376855975868803	0.206432423248583
0.239747330413307	0.243800969934042	0.304178409314624	0.244204596088743	0.267865959351209	0.267799074655936	0.100770265816721
0.488169170044914	0.48489063888899	0.475014283463271	0.466412306566068	0.472469249327847	0.46509492651619	0.360662917829373
0.500893278200404	0.499546453209875	0.48539822307448	0.481350658819477	0.485418325937221	0.484635609229105	0.413082837751419
0.379181981053001	0.384979356021571	0.38939876382282	0.365858498715137	0.374052175316557	0.374747197117432	0.225782716555489
0.391994855392897	0.394149968384344	0.397753480726596	0.372267659867819	0.383715515080996	0.383162507470989	0.231854344328476
0.52592030214826	0.533520810224624	0.522117108866006	0.518170622132015	0.522362492697995	0.519740258785039	0.446645649410948
0.343011958106039	0.333613853950864	0.374578356402385	0.335733252908126	0.349721346938036	0.351851020568908	0.15117749279635
-0.265086825609911	-0.258598489663714	0.15820866596209	-0.117121215577097	-0.0732860689705498	-0.0697215063583874	-0.301419802073655
0.318975818272503	0.319333806009165	0.363785610998547	0.314221087969865	0.328984980780757	0.332939930842454	0.142690692450836
-0.0928233391524271	-0.10116652739327	0.22607085226466	0.0325888332002568	0.0753863045319627	0.0716333059139924	-0.181633211217658
0.252204640675748	0.252291124686145	0.297185058739632	0.250482920589172	0.271463083844675	0.26688575290355	0.125028797669785
0.440104021019354	0.439926349181387	0.422515082677227	0.412727184521488	0.417736094874854	0.419936587318139	0.321809346432961
0.295621771047338	0.290811040530928	0.346469308504817	0.300420014855405	0.312301757709322	0.314690645723116	0.12145517336727
0.310992915042723	0.310900988085682	0.368301201001939	0.31384013538079	0.330410987758522	0.334099695578465	0.104900333574196
0.0497776012785235	0.0515019675502693	0.295680685004794	0.153401889615394	0.195806449204473	0.197615142125074	-0.114904811560954
0.347094638147581	0.352632900687421	0.40016277417727	0.355549021207068	0.37620500660767	0.376051395056178	0.13442076602417
0.448459243257608	0.449596592910917	0.454036751070347	0.433115488877673	0.439093189215553	0.441199920591181	0.273299944811702
0.492588600355295	0.493435064054256	0.480675419699658	0.471714386343543	0.478283530328829	0.474321529082219	0.385328086409829
0.473481537525047	0.474372479155712	0.46991866115723	0.454880270973034	0.462207625093163	0.460849714443082	0.322836447112878
-0.379157445858616	-0.378246874372634	0.0853875245526848	-0.258756688021222	-0.216471801167443	-0.226384947999763	-0.401591152894217
0.257291867112129	0.258731073071282	0.321568425834035	0.267791069675647	0.286458836921786	0.285070244437738	0.106453226318331
0.477573564579628	0.479442632463627	0.469543887823796	0.453922433966711	0.457708524614928	0.458389089624979	0.340012469656267
0.552820663006421	0.557510816177785	0.549304275681843	0.545417595871346	0.55093811999351	0.548787529055702	0.507254391554356
0.352197922077662	0.350121960543148	0.374436006043857	0.336588794511343	0.353012409371443	0.352699120486604	0.166913476928247
0.349771656482297	0.351607070028314	0.363622803617958	0.334589968762858	0.34569851009677	0.341243708337167	0.194894048068838
0.122152639625435	0.129808121935359	0.258629510855761	0.1718831571246	0.197023896041248	0.195733996304471	0.0167111015214027
0.306586091909229	0.307135406510962	0.332554741197078	0.298463585732611	0.314252735942016	0.306114769124033	0.165762316063773
0.353368497332419	0.354794688304329	0.371305525714119	0.337171373923289	0.348506571313683	0.349008820290328	0.189255904575949
0.378389143313171	0.37334871825905	0.405456850649287	0.362384868113345	0.374538944210019	0.375400172132438	0.169583009296535
0.478416057056755	0.477973792619158	0.464499018617443	0.45237948779908	0.462690315459871	0.460109296757805	0.354105825283844
0.328684095488355	0.32953891132788	0.374244815922001	0.332129585049521	0.339303183039318	0.343852812256718	0.141398374790172
0.316565531614925	0.321923868599952	0.337847725315964	0.301251875811327	0.317299751765239	0.316109296351973	0.167083843942806
0.103074584975748	0.1084698301449	0.249083966875128	0.158093827693418	0.179197611593756	0.179410657315893	-0.00350895400722991
0.475536521520076	0.476340315516311	0.460387405248107	0.454602112314248	0.46065819044539	0.460247386333226	0.364345345190194
0.44247994469015	0.440678216958365	0.441366408153178	0.419798833019625	0.430030574032928	0.431806802764584	0.275975283490162
0.0195769697088655	0.00624295585365486	0.238970603234586	0.0998238629349456	0.139359549901056	0.139528725906112	-0.0867432382634372
-0.0603554861931522	-0.054228951907144	0.204020447080092	0.0402685761144223	0.0787539143843032	0.0761054104815797	-0.123890662575064
0.562814630411266	0.560580856630283	0.558039100670779	0.555431080497595	0.560480842014422	0.557966652641639	0.518915651717168
0.524792602564533	0.524481969985135	0.518226186338649	0.507652209162131	0.511754958822615	0.509592533481427	0.429345956258851
0.59879670968927	0.60188251529167	0.599333821357708	0.600431185833523	0.596220603205636	0.598865293613142	0.598553763342374
0.462666244194118	0.464533661297535	0.452741746465966	0.438576105341517	0.448762278103504	0.447690827782038	0.323484335257592
0.378657133501233	0.377320396439911	0.39213748534719	0.363350587933838	0.371737380878785	0.375401500512751	0.201099280092608
0.232824794338515	0.233761996727747	0.333830379797926	0.260780947781434	0.280961184107692	0.28356975854267	0.0511791526843693
0.383802432351533	0.383951806587368	0.400714977960313	0.365579919917886	0.3804564621924	0.377840482012389	0.187326481990979
0.4829288883289	0.477499626266022	0.471779571126504	0.463645318428153	0.466764802672749	0.46524250786318	0.352915569323663
0.406240068637666	0.410155826351588	0.399683385818056	0.3815979491644	0.390486374415173	0.390759193890797	0.287486526597856
0.570380223292751	0.572837086489449	0.564433912300455	0.562005722026989	0.564888395779939	0.56592209889941	0.537982402697671
0.507173136340253	0.508189243421156	0.493770223591409	0.489791972071767	0.492493975445396	0.493653330060695	0.413862134664006
0.508080881693872	0.506163925208493	0.502150453860491	0.491590125286763	0.493259524907507	0.496222469405726	0.385489990422343
0.411194390990871	0.411691690265897	0.41123336640252	0.390454056261819	0.397462414951646	0.395999235289798	0.245911977415338
0.0799189758143404	0.0829829387425427	0.264552700155866	0.149257850450617	0.188834374503058	0.183937953275826	-0.0409967684277279
0.391049007546252	0.38693182896397	0.415022993588062	0.383184570036963	0.394333200625446	0.392740498308483	0.180322417115028
0.216301657384309	0.217515908106009	0.290413453846321	0.231702238954603	0.248088435181004	0.248933221579503	0.089433675445946
-0.0663962058337211	-0.0647545369550868	0.13853248772563	0.0100726736560744	0.0331421347518254	0.0269251954417013	-0.0954753676818617
0.413367622921324	0.412065547069503	0.419681882762337	0.395620652148183	0.407000627111904	0.410907509619735	0.232385400562858
0.13076963093313	0.122783155765776	0.27786599500001	0.179509638485773	0.211895844003345	0.218951653109613	-0.00909358121519429
0.552206329909367	0.549421029979665	0.545998012599932	0.540806054724761	0.545627010960098	0.544100734624834	0.484592728264924
0.528273279189455	0.529316129805953	0.524223082866863	0.520685906964294	0.519576389720821	0.521285442016729	0.429255001349614
0.532327759567813	0.530196580379771	0.52111313929776	0.513600936393273	0.520464271810587	0.519903458800239	0.457948889476962
0.379052282309671	0.383669512770304	0.401893082535964	0.368744328843308	0.382349882722755	0.38129548021291	0.196215668977678
0.574689132263985	0.576270495369686	0.567685152807651	0.572481283093529	0.572318268189934	0.567713590421758	0.554011088993109
0.178045967311166	0.178810881569529	0.30652544410842	0.221511046638232	0.245494519583861	0.249469578977218	0.0131343594104849
0.27597742371508	0.280977259466787	0.329346922056945	0.278488615990118	0.29595087581989	0.294053225573399	0.118773954563355
0.481607095431947	0.483126143216316	0.476736185052857	0.461751408333027	0.475433696527887	0.466346810515469	0.35690524698525
0.378139912068831	0.375753716196863	0.39499043821144	0.363282455410066	0.374644023621059	0.3771748146425	0.187289669038123
0.260828659784082	0.259745027397713	0.3480731269882	0.282909304713882	0.306720437150182	0.304242476354417	0.0678480857948589
0.493499288913952	0.495126305383804	0.481469477121655	0.474122592029466	0.477966047035598	0.483603801810463	0.376148546575396
0.243001676410134	0.239546471491291	0.295191787192235	0.245879922330607	0.262916340182614	0.261651938494772	0.116458171516856
0.585119397807266	0.582851398948785	0.582880360112305	0.581306767961146	0.581591454615961	0.583678088887632	0.568272238351151
0.386026626147066	0.387528910178261	0.402846100852693	0.373250680193383	0.377910976591943	0.381403397679777	0.213648617639153
0.496082038256462	0.498801850905189	0.486466275522297	0.477959165458267	0.481347205171726	0.482311573675062	0.411923181930584
0.581412098858173	0.583668813814038	0.581655454896249	0.581785355057608	0.580386718437427	0.577700892513596	0.561771554828345
0.5182977341673	0.519169313200919	0.509843044569127	0.502190481547393	0.505812247193488	0.503616633098106	0.427782405905685
0.159310272875496	0.178008756446645	0.308779103193058	0.218453537504485	0.238479808465877	0.240238635716819	-0.0012409250077076
0.167736752956873	0.165020397494526	0.289545316503397	0.209563004537052	0.2332086096373	0.233709032348844	0.0273320285609932
0.245499506852486	0.241840915749231	0.30581232305363	0.252407542939926	0.276003819012143	0.269541564471436	0.105574729147786
0.322105132741229	0.322250607487786	0.371921231775781	0.32107840931212	0.342699072235956	0.338612328188472	0.130895119923968
0.355363069350741	0.358555986605282	0.381551246930584	0.341635160243805	0.358726147426463	0.355434632492076	0.171784698695004
0.473319963795165	0.474305149536035	0.458342827910736	0.450358262588723	0.456669006432958	0.454764717692184	0.346078089939868
0.638935995949677	0.64049303724112	0.645459670188329	0.650927020848444	0.645913262959848	0.644606709592585	0.683761983154956
0.00879203019288845	0.00522657380690367	0.223727317611052	0.0957209260316359	0.121192486826283	0.122562110571609	-0.0733643331804706
0.451384787625408	0.456948468104104	0.445419078303441	0.431348519200441	0.439524509226248	0.436633854778318	0.314656191203575
0.327453336302046	0.325542020694516	0.341956632722381	0.309371109772969	0.324187859296898	0.322594291440865	0.185768396689488
0.495218728362755	0.491237912292469	0.479138513202862	0.47677522795488	0.476277180766251	0.480259386054484	0.385267514916544
0.445801289449874	0.451631500127928	0.435616408125516	0.427171138930408	0.430736349013861	0.430716541565738	0.326540708908563
0.541431400954614	0.545328341696111	0.537295873523141	0.532550853255052	0.536721788185727	0.533918048521941	0.485454934518421
0.249284762588084	0.256425772476654	0.310217819480245	0.260717585480706	0.273929592299795	0.277737592608177	0.10501500023201
0.520575739037546	0.516412883410014	0.511681916879138	0.499865801159983	0.508589518590492	0.506123112117908	0.409967486820572
0.194376880095562	0.190657133568844	0.339846169085453	0.24734865296903	0.27630938845808	0.27149522642818	-0.0176642138148285
0.373924902918099	0.375472039184051	0.375709258869966	0.350975182620587	0.361521020440741	0.360457966214793	0.227785627762814
0.347944390870639	0.354673412516799	0.391494284674404	0.344155374607907	0.364102129957339	0.36525940878053	0.136383188847525
-0.00321346308917766	0.00461479194097993	0.247144454481569	0.101332418769573	0.139509154235377	0.142490019573568	-0.108489976746052
0.498538451151294	0.499970090455366	0.492898083487917	0.482841886443182	0.486242160110154	0.485199363914286	0.384842384822461
0.00191333383894964	0.000569737392626808	0.2567025710195	0.101421694456153	0.143703486823456	0.141280785439268	-0.109623058586462
0.221277672741104	0.225447581356312	0.304704873630152	0.24338625672583	0.261035804727589	0.259927207425756	0.0667870934735673
-0.117496389395738	-0.117178550474414	0.205979410107804	0.0121708866731393	0.054913602232991	0.058116525401823	-0.18823704331281
0.533335000366136	0.532222719596915	0.521374637887958	0.514623222965083	0.520052966144748	0.522727690035131	0.438082662109856
0.43429987207928	0.439625654928048	0.434125604237758	0.416096578066728	0.427730450285305	0.428903589874108	0.285531795487241
0.58676642094446	0.585938692273675	0.587233203977665	0.581061061962521	0.583353415999152	0.584903320015273	0.569462217069567
0.349782608986074	0.356210765109816	0.391118683812734	0.344989395134573	0.357926178517164	0.361053181437786	0.158524245724139
0.33207344711599	0.324785061138764	0.36803404280764	0.327796859236926	0.33822008504661	0.335946715826196	0.140424923147391
0.470705857963472	0.469619044332702	0.452710622344411	0.446948797678481	0.448836950225656	0.452568551594829	0.363348410132027
0.236979471877799	0.234365172597504	0.336824049638894	0.263357205330622	0.288651147318096	0.285873172438501	0.0436754920643528
-0.307046129757694	-0.306383272075986	0.136999813984621	-0.170393960135619	-0.118794753912033	-0.121549006803039	-0.338707429532438
0.118702247508399	0.110960881840936	0.283619673214205	0.18016201929349	0.216391432622847	0.205606412038087	-0.0305259732039382
0.308786420365426	0.305083735733566	0.328862109536798	0.298079080573893	0.307658568941922	0.30935906985155	0.166091391508401
0.557361766541812	0.559415493111054	0.554671599660314	0.552482944752597	0.55467933195328	0.552383062045996	0.521063208758954
0.580876108729629	0.580326981439522	0.576765077081566	0.576352828611305	0.575541116661015	0.576288777103755	0.559206426558486
0.427342398737561	0.423961006783474	0.419993674544682	0.398845315952149	0.408089936102406	0.414129543995538	0.282918435716025
0.471561852776385	0.472096351215203	0.46624510816602	0.448981206868869	0.454512970591112	0.45594831417638	0.329740006736934
0.400699445163491	0.397341042506339	0.411637333973481	0.387153073035085	0.39671345059939	0.393743061517561	0.218800812226449
0.0344452951792743	0.0364386094607981	0.246886191496622	0.115725128541041	0.150222438302608	0.147892622105682	-0.0684607767091105
0.452407853621879	0.458924499233818	0.449952476207255	0.43179998094446	0.438574025375251	0.438529874490514	0.315695544588614
0.504890882975808	0.502374239670844	0.490593622769615	0.484818925941051	0.489083465256928	0.490947902348869	0.396439684733439
0.483869094492341	0.490533272938936	0.486925649590515	0.473072258323265	0.471982432568467	0.475181729405899	0.347157570228465
0.429829605767302	0.425619484979633	0.426261768432608	0.407359212231893	0.419902318805962	0.414812278392535	0.264969490531253
0.351422400015891	0.350678522544268	0.366496349680862	0.335302295297502	0.349982467845831	0.346888567648661	0.192214030183585
0.217215168401907	0.22072158798207	0.32592710266324	0.246498325300458	0.269090298786526	0.275446446720287	0.0359457505655101
0.351842134168499	0.353873324296587	0.378338516302075	0.341742593047341	0.353993107640492	0.350976537204889	0.174880319222788
-0.154341726322324	-0.151916812647548	0.194315928896385	-0.0163284486011197	0.0318027470422367	0.0251694472664393	-0.212797271721596
0.2752082463009	0.2696127149855	0.364259735071441	0.297275548570015	0.316632032835879	0.31821424549416	0.0582036928517338
0.530718100929677	0.532169734746938	0.518208583369769	0.513999106057806	0.523472091181122	0.525120361442561	0.442989087421625
0.724736533520562	0.726691854251626	0.74050545368038	0.747000950412977	0.741919581473868	0.741853139950861	0.829959189080441
0.479029975700491	0.477220788793413	0.470229663692195	0.458266394902173	0.469466632089716	0.46504334930615	0.341156102060295
0.472359118960485	0.470730348352905	0.463876323662191	0.450384771383217	0.459392407898142	0.459894994330501	0.319276909310571
0.423449812371536	0.422896429982198	0.425217500996124	0.401039106888961	0.413061006748176	0.409347061153659	0.255776231073071
0.36719916490337	0.356444843870563	0.387161465939869	0.350177706133592	0.367376646312738	0.365284336854199	0.176894323995473
0.342739856156862	0.337072769512105	0.387789061066777	0.342472044474538	0.363487891411537	0.357918184733207	0.136291403774374
0.470652427751926	0.471113926260545	0.460160051448464	0.448591704579516	0.451420947054477	0.45612736182949	0.336298624386884
0.436913636690719	0.440973101447283	0.443076288152055	0.420439730972524	0.434893629040208	0.435675614255675	0.25166627462675
0.253571698861244	0.257842989548669	0.317558007604928	0.265602909091989	0.278245239721662	0.279865976198273	0.101153788827004
0.510596149013609	0.509739976365675	0.495316977335827	0.489413734685325	0.492543819255717	0.495353302003243	0.422381559107933
0.432831956799312	0.433295440339124	0.43042386129777	0.411335969785853	0.425531924566404	0.418572673447511	0.276647922048693
0.507388637601002	0.509897199919979	0.50058202054451	0.488297595025898	0.496537597926265	0.498750952805476	0.403395169285499
0.425617317331718	0.425775976015461	0.42126596727197	0.398370687019905	0.411401205381517	0.409031915857472	0.283150901251801
0.236134711854945	0.233868367174115	0.308012174468802	0.251798159753133	0.271029827472337	0.270722913190014	0.0876088681534416
0.457009162730264	0.450011975928834	0.44930255834032	0.434303533519758	0.439712765358217	0.440006506591826	0.307262758080972
0.373692182671941	0.36961984125147	0.408572299742067	0.361064913478853	0.383042242519183	0.378494545512607	0.175148739807955
0.520839291066582	0.519685836135893	0.51149176371439	0.505693173205714	0.507510868231563	0.510186471283827	0.428586854548933
0.528841611168701	0.524788902365846	0.517313576072177	0.512193389319036	0.51715129619221	0.517531380512936	0.441039119015534
0.477824776451133	0.476748281578531	0.466901032970575	0.457842979573912	0.463627335783065	0.463883132503353	0.357311691867907
0.489324716688386	0.48614612792889	0.475596564464354	0.46789496192355	0.471135424651785	0.471876114448465	0.392835393557713
0.0961405119721315	0.0908376818986447	0.262087366391843	0.153132665278318	0.188089512873761	0.182790136001863	-0.0321083986808842
0.063327314452466	0.0476988930212848	0.245304153658502	0.125427876536658	0.164859215299959	0.158138514837613	-0.0480171473457303
0.612313993281279	0.608039632428617	0.612049415134082	0.612299752378762	0.610397793840631	0.610279119699085	0.620311038043993
0.632174837129556	0.632244958544354	0.637325043203519	0.639467098624483	0.635762339272963	0.637105198253339	0.669425095778652
0.0665538183988499	0.0712347969901425	0.25254575375554	0.139827039031807	0.173304635003022	0.167284147899611	-0.0453961070448337
0.183947325601593	0.186216283773234	0.282186472309387	0.214668591299585	0.234047679253827	0.23323177501496	0.0532630835480895
0.556006085012046	0.552284751369809	0.544868054099958	0.541755875258537	0.546600391658876	0.55103867168765	0.500745246032287
0.512047045138971	0.514762416828164	0.502624890974748	0.501044797594732	0.502697163162933	0.498447620908047	0.420468346948621
0.375560158476005	0.371744753326291	0.395315027114958	0.365730475723733	0.378949890285063	0.378441304868643	0.18011206259495
0.29624902075246	0.30063083510231	0.339922414600369	0.294611832318232	0.31077846285537	0.309551835670851	0.13270187949671
0.330481571525628	0.325985970305558	0.356007738694254	0.317509267395702	0.331756500716007	0.331410024447383	0.161155841713597
0.486810900408472	0.485239622831114	0.480463717584253	0.46462429904865	0.477057938504411	0.471775534905329	0.349872049864989
0.269818658913385	0.2734890023268	0.335197873271938	0.278910814843853	0.300741674949646	0.300790930829866	0.0982284501945567
0.488940459209467	0.490051486223647	0.478520981318493	0.468948152607793	0.47520722635876	0.474380097358991	0.383608903317142
0.526405371264786	0.525450975745494	0.511811335768829	0.506169407283893	0.511424729898807	0.510517324814174	0.441317347684291
0.106337582354242	0.10997620182277	0.294311638179078	0.182722802907301	0.214432512797165	0.212022096257278	-0.0472620456651188
0.456668838112966	0.454961995227584	0.444026575912469	0.432765882765183	0.436027349699677	0.435704573758709	0.318575642940667
0.203298109133642	0.205687671040305	0.305792202543628	0.235969635224676	0.24994470432548	0.257955330900456	0.0445616460396783
0.258736784906697	0.261779576171535	0.311644120710775	0.260659180599854	0.282040004571403	0.280418156457492	0.108889931601651
0.426244313703445	0.427375107153504	0.418561357456151	0.402625472256859	0.41162339941619	0.409223719126284	0.300335973708719
0.587933976873617	0.586959857175485	0.586635171050875	0.585604183356976	0.586603092997668	0.582404058238264	0.568609247633809
0.419194157189542	0.422903610847845	0.437898666436966	0.407456421470439	0.422409702441927	0.421099150138191	0.223071297532351
0.545276223832909	0.547115106590357	0.533740790312596	0.533515974705146	0.532374974111939	0.535664787149774	0.491003628725142
-0.00401490263718511	-0.00289952426878559	0.211839213725572	0.0845146880394094	0.113684895763442	0.11261012206556	-0.0784665732503801
0.0397721771073728	0.0429220029857741	0.260350959735307	0.13117067083932	0.161275229318059	0.161218365018021	-0.0744843862130428
0.479222046721246	0.479867512888245	0.469807155611758	0.457065509208985	0.465070747805245	0.463903284400192	0.357295414901194
0.041567767838607	0.0467222415944759	0.236414389834431	0.116951023622315	0.153602155407846	0.145545196128969	-0.0483090835360025
0.293634439679559	0.29495853352249	0.347238339026476	0.297954562348355	0.313918363899475	0.317169129375847	0.131448712539147
0.763683562662803	0.761993224667696	0.778521084443974	0.787426935273442	0.776812458141443	0.781826242863481	0.855035981967573
0.289340511855113	0.286430793779862	0.335987682102927	0.289070815665049	0.302916795441907	0.30507613035873	0.12050198677911
0.500847138324688	0.498401485945941	0.495510438325998	0.486535964244252	0.491276582037996	0.490003125347911	0.376368026021598
0.689805754675477	0.689315731576387	0.700057475353885	0.706931223072648	0.702590991708602	0.703159380936781	0.799502631458665
0.411882018079419	0.413289415045816	0.407863573719678	0.387359998829676	0.399605228493484	0.396360296721261	0.254486985288924
0.71772162176119	0.713887947601176	0.730344708101926	0.739907161185372	0.73709792840055	0.736929560684524	0.830555293031984
0.441693122401794	0.447080608552111	0.43674924094575	0.423889182386215	0.42795118406984	0.430273303306633	0.323086895009091
0.612921676414761	0.613210898449311	0.614921835598146	0.616847148206052	0.614319889863044	0.617766580272056	0.627251774202356
-0.446186552327459	-0.445614489848359	-0.0950521447977189	-0.393430057945713	-0.373515886144665	-0.377066101625146	-0.456431335216266
0.436043870875725	0.433700340669405	0.437900713583329	0.414460322731181	0.42825080740703	0.4268091415714	0.275226277023512
0.407665094067284	0.409996324972417	0.426432161202064	0.397242826975007	0.40642852051793	0.406287718973552	0.22236347971035
0.452807468250114	0.449342067025689	0.44014587034246	0.428853605630074	0.43554263132654	0.437683107507789	0.341098127637544
0.429706408847408	0.42747057841008	0.431245934471915	0.406774959908484	0.416196988284075	0.417810631114121	0.256316878313179
0.181012719233062	0.174521450307761	0.308367654893524	0.222760243094638	0.246997782183153	0.247077571743728	0.0144069130208516
0.446452280637562	0.440999423212831	0.448534173773336	0.421739591436787	0.436438467065121	0.433508641606989	0.268113329283585
0.468390574137671	0.468511809015907	0.459500960016397	0.447256504970297	0.45536885909927	0.454981401335565	0.342914543793011
0.295398594810223	0.303012201957284	0.335846307949211	0.291742495761722	0.306361768788187	0.308176033885393	0.148270721671725
0.4081093774594	0.407512007285509	0.412295046491247	0.390161490289169	0.395129548388281	0.396409827640659	0.241306333349951
0.492128359109623	0.495868875898631	0.484029532073569	0.471375941116476	0.47457256533585	0.475499659928174	0.358966302054875
0.410354877909453	0.411299409045703	0.403961183107443	0.388774600034253	0.392262694824902	0.396951480101522	0.271901024042853
0.395454192950663	0.400200282275661	0.404149308013306	0.381331097093758	0.39239753420319	0.388835170945502	0.222136711466146
0.382712883886464	0.389417774266254	0.411798284479062	0.373871199807454	0.393677335787075	0.384122339527948	0.189977477908536
0.589461675342191	0.58790315356137	0.590055715282098	0.585351939513853	0.586476681297667	0.585442645836023	0.574981425056155
0.495526137987908	0.496046230541358	0.490920675462448	0.478570691466301	0.481550391175708	0.484700044113519	0.385236610644328
0.38525371600837	0.388327775007566	0.414445789102711	0.381118076036096	0.39767361853169	0.393790275101227	0.173102676410124
0.0450873417043589	0.038028949863758	0.238114492132092	0.123120877304602	0.148504508382096	0.153856684115283	-0.0552470225092292
0.448538706782057	0.446909161752676	0.433045081743599	0.418111503827586	0.432291016378187	0.426957131115044	0.330983276056294
0.467209835955486	0.466714853373798	0.457107941202857	0.443462578205004	0.454791026499991	0.454032484950267	0.348378591532151
0.0450327384916817	0.0481548113949683	0.229171359186895	0.111991176766237	0.142384119433031	0.141860687446533	-0.0488843305906628
0.36210083029012	0.364061396054597	0.364995204246743	0.344820294529683	0.353400786714083	0.35495250357002	0.226144474615773
0.264462914693643	0.270677099646792	0.336504368413552	0.2846061329075	0.303868865923924	0.29626448258617	0.0886005317612682
0.382643714489787	0.382857868352481	0.400024145488238	0.371733698870942	0.383727434901054	0.381712397344982	0.198191563190014
0.48755212481334	0.485278544478465	0.482180003519524	0.466597879486725	0.476378538805387	0.473165378157801	0.349745484783394
0.391875299853911	0.388242637625501	0.407232698545017	0.378638158961699	0.389260494501919	0.386320328451716	0.21113460439681
0.216639660051156	0.221058488473096	0.324516785815817	0.251651808322227	0.275054588963476	0.278609412959598	0.0493211979773111
0.36930602926591	0.369698043455072	0.378033588385933	0.355838150775708	0.365469295897528	0.366033397417475	0.220748824544399
0.132668717800398	0.142093990793477	0.291706781296841	0.193792093198922	0.219809996632966	0.223613972263997	-0.0117511814235373
0.616590392839142	0.615896170598399	0.616428559489813	0.618441229464665	0.612244592042557	0.616341628980207	0.628802544940722
0.402960372017799	0.403173296826956	0.409674902935865	0.379410966909727	0.39122077034191	0.39020420647676	0.231223800168877
-0.171240008504174	-0.168506347189473	0.173928659862583	-0.0408003208012445	-0.0064675744863045	-0.00136083776942287	-0.214170648220224
0.411526495985442	0.412463422841353	0.417852379984172	0.392342249557036	0.407753343389304	0.405324398527769	0.235309256651858
0.353667442866867	0.352019268318666	0.377952619878128	0.34228939921074	0.357416018656888	0.358186979120439	0.160201769854066
0.296248859876276	0.292525614404708	0.349134996008537	0.29674876323273	0.315782016306286	0.313124774698284	0.110909505956297
0.5366810189689	0.53929873739429	0.526778859841237	0.523495181107986	0.526826548861562	0.527794175992678	0.472807803620362
0.587956483049604	0.589350192271184	0.584806954676842	0.587842218539511	0.58485803137368	0.587095593127583	0.574754021929004
0.401890701769863	0.410595812155033	0.407531439714878	0.391285462416798	0.398389990886881	0.397419001022271	0.247133339488431
0.591278699631228	0.592192812165025	0.586999532006828	0.58582366095696	0.590577499484789	0.587694911155943	0.583506496244197
-0.0145845087957675	-0.0100673751720739	0.143889660488575	0.0478395184104038	0.0625024349576373	0.0645558616388341	-0.0406545648720395
0.351659998653935	0.34886333568634	0.381911149200723	0.346980837605691	0.359252464992292	0.360480371425892	0.155972078723068
0.430078822446849	0.431198482080637	0.430970699316051	0.411455772959256	0.418884010552883	0.420817560549517	0.269606626344886
0.457177851551446	0.453051356329308	0.45468624432029	0.436564148538259	0.446446596652149	0.440760673710671	0.299877421359385
0.249147917395818	0.248461339005451	0.325772900007735	0.265972260667927	0.285159810226774	0.281122712172532	0.0702712948543584
0.421322376142547	0.41975997384297	0.425997496782827	0.399079485846074	0.409157078903553	0.404927480154496	0.249903513798333
0.218871840297275	0.218933753664729	0.293182195968045	0.230496977765206	0.250089243052489	0.250048207133921	0.0832949201345356
0.182716478494443	0.185256858641381	0.282076797949682	0.210329488858477	0.234469211551636	0.231512239591105	0.0518194391665475
0.421383178479127	0.418035571652865	0.414660636079836	0.398439148616853	0.403700771079609	0.406248746279985	0.275701649123308
0.347131223714375	0.35044652661886	0.372914800559244	0.335702715564901	0.352543039539032	0.351634416224283	0.179513153859755
0.70222563803762	0.695071443940707	0.710582198490688	0.715429516059127	0.7078059542826	0.713096772440231	0.800439868371142
0.536833577153258	0.537262031134562	0.527403227540922	0.520971047028522	0.522648285718824	0.526597832930935	0.452694242776216
0.554106111119296	0.553044644750504	0.548619468071605	0.542368636552925	0.547992735103547	0.547236586976576	0.49252507239238
0.118918077717505	0.116197895594046	0.260547728356033	0.168814204003659	0.195164104861619	0.197306761355154	0.00280341516759082
0.0882935411226203	0.0876726535397524	0.252509633792956	0.14770938454224	0.179851691986056	0.177949758312292	-0.0279536619827272
0.553221331947118	0.560035243871346	0.551929411824917	0.546378482534242	0.548244008429497	0.54803366433386	0.498387846957698
0.274412412434081	0.27438333434676	0.324727596577968	0.269318239570348	0.293942211389056	0.293707298914855	0.11562130508841
0.187851913568577	0.189953853460716	0.292267389319608	0.221939038159599	0.243389045318531	0.238642086367281	0.0454831805960926
-0.00596868076560227	-0.00367014835288085	0.21785840937129	0.0809604475571272	0.115518560143431	0.121052853871884	-0.0841583909164387
0.325388028205552	0.32938622329676	0.361352456220295	0.319923434142657	0.336963280556619	0.335662927635545	0.153321571609161
0.460393426524659	0.464293896436724	0.455542412227491	0.446595115069645	0.450550954619171	0.451673172274924	0.323521865020714
0.475599727981147	0.476586304504687	0.473259936290454	0.457180629973404	0.464433302621619	0.464630441619043	0.334359017075196
0.349976816707931	0.345667276530923	0.370123583015168	0.333358792692035	0.351574751533863	0.348730400905383	0.168205407048998
0.509052724067628	0.507066778508625	0.504727234407503	0.495173761647442	0.499143240672108	0.503347253610271	0.385320547479308
0.627663830450104	0.628799126985001	0.632809936794556	0.631273890271621	0.632244398995901	0.632401862557353	0.655482544904984
0.206038041951185	0.207689070749275	0.320586196979619	0.236367468331872	0.262270865317253	0.265820975601588	0.034286855359679
0.542992613888092	0.547573671649068	0.539312656820086	0.535907203480229	0.537751933569284	0.538061923643256	0.479656891153131
0.403590964665474	0.400837742563704	0.41975903424864	0.383756382118752	0.403000282426297	0.399422168754124	0.219691039001277
0.500320914604732	0.499195625601377	0.488329492249275	0.482574456605239	0.485253894647755	0.485885242059595	0.392344718169575
0.241052803584648	0.245291908038069	0.337659253403296	0.26822537882163	0.288415219894416	0.290510962564239	0.0562042861496774
0.0999288964330148	0.0958511661180839	0.279490776285184	0.177977687902525	0.208232389009047	0.206840658375484	-0.0347851118128874
0.513697267144675	0.510329084669458	0.499164884970746	0.492300059007263	0.492357354790663	0.497862050054433	0.40541694580373
0.194369807799784	0.187400877439294	0.296598813704549	0.22267107507065	0.24129513723121	0.244213095801542	0.0385036364138338
0.529432702619803	0.529290495096153	0.521710159912152	0.513695926035746	0.514801335269436	0.516174309521381	0.42759013754576
0.48795893133703	0.48898023883172	0.481733372076096	0.465392770516754	0.475627791799052	0.478166464901648	0.345380193796604
0.474095541343607	0.474131449984577	0.45911904172081	0.452084396316613	0.457419607088278	0.456832571743184	0.368619228657737
0.192888243325057	0.192899630340045	0.291335311738623	0.218997003880823	0.244350892479052	0.242917173183625	0.0534749144419558
0.425824179559903	0.424901059753269	0.42490053932882	0.406720614458555	0.411159822882283	0.412227656474338	0.270971706619129
0.368081771003965	0.368556204707697	0.391634320243568	0.354524117312076	0.371634580477004	0.373498587058621	0.176188613744659
0.507213626647517	0.508486339317929	0.499054033468105	0.491088790334396	0.491811676282822	0.490662127459876	0.401345924863099
0.453968140593315	0.460335547719159	0.450679225291687	0.436555920894218	0.445300809339123	0.44149523014551	0.300999985048803
0.312084757033263	0.314113222333027	0.364921305340597	0.313409213300998	0.328511612294508	0.334993260378065	0.121462703529273
0.443578700709019	0.443889822569254	0.436620416653578	0.420847871848261	0.430125716682007	0.424797140223756	0.308643468498687
0.467747071075108	0.462123746311647	0.463271636240277	0.447563006703508	0.454836539654726	0.458184119950567	0.311161619096853
0.666785366213467	0.661536865630685	0.673648072444056	0.674499933341085	0.675673659395423	0.675059412712355	0.752559273960994
0.00402568800021121	-0.00187024928451975	0.221959731216655	0.0892336634154986	0.117701441607531	0.120892451605509	-0.0810614965989599
0.522455568203477	0.520318574295881	0.508295245576255	0.505142432587948	0.509096384994388	0.508532940378534	0.449840853641185
0.197841720774188	0.190501952261405	0.28468000901766	0.220425621846977	0.24205620423108	0.238484546067384	0.068984055812028
0.360720016552502	0.365177694937333	0.359481356666318	0.340834925849903	0.353989012506396	0.353766414143167	0.235717896324093
0.0936225685484155	0.0797491566016884	0.249954713117753	0.151063568005486	0.18171324783192	0.178858249731676	-0.017420817532219
0.593957476694062	0.59375606068837	0.594716906852878	0.590037809483467	0.594548561927105	0.595203999981567	0.586290284846448
0.369065168447398	0.364239008573583	0.372069635811731	0.348271158876038	0.363193731895481	0.355140116825426	0.206788465264298
0.271753653409519	0.273255079746257	0.345459340336983	0.286056187728511	0.306978173004139	0.302337704352275	0.0888419341104678
0.177848989962586	0.182069885753416	0.321884770819943	0.224515409573948	0.259128548517916	0.251881422601544	-0.00988915078602016
0.478933795206738	0.478972097346008	0.465931038438862	0.45681478439259	0.463915118859967	0.463169849184945	0.368383804777257
0.526666309424603	0.526668293306006	0.517432516300416	0.516462928437026	0.51816067017964	0.515724536163958	0.467251866342434
0.467533510013167	0.466576328760974	0.458046896815373	0.443377257744211	0.45241972761013	0.450339077214192	0.330547626171635
0.416769896552951	0.412091612677579	0.414196223706981	0.392303937510043	0.400299790643549	0.402757173040375	0.268825110673303
0.530114362904433	0.52997603455396	0.522639750608507	0.516862223864799	0.518094136114863	0.516901827936961	0.452128348477761
0.189170052216615	0.196187938876963	0.326807908833267	0.237606407828668	0.26411955580533	0.26341789540592	0.00704363190952832
0.302399596935184	0.305313441356697	0.351673225534904	0.30137971509918	0.314428881529266	0.320150744590398	0.130568321531769
0.539676871135827	0.534539140055308	0.528726598086954	0.522998683633615	0.531522653847524	0.528186873210501	0.45894937323732
0.340785456243341	0.34261630403449	0.376833380771544	0.335150485258356	0.347645267826161	0.346956823188094	0.164571503072352
0.498562998747542	0.49422201641986	0.48665030659108	0.480454280770294	0.481465463945357	0.483553770698615	0.395833296577476
0.364415295460091	0.36652893053397	0.367787279546289	0.343628140468892	0.358362460797075	0.354054543863366	0.226316074495071
0.394599443625181	0.390529359685863	0.392921228441744	0.370837663277063	0.381441994392536	0.380285087942486	0.250844072586633
0.613670913554123	0.615939202624868	0.613774845166226	0.615153627455917	0.614393201996746	0.610950417353391	0.630907663015517
0.451156390669345	0.450937016752102	0.436059872082131	0.430902464040172	0.436325364985384	0.434559703586446	0.328851805930068
0.322410221166688	0.319608665990647	0.374562543831333	0.325502639896792	0.338500493275674	0.345469352836389	0.133132806046498
0.336970742062514	0.340190028053764	0.358634288184903	0.330640872917992	0.336840418827529	0.338403468535064	0.185462780785462
0.0595145923639055	0.0650816262270808	0.244762791771956	0.13362891855552	0.164946560839629	0.157895285594617	-0.0480711728531746
0.648528433562629	0.651178747552203	0.657615796139814	0.66005254174704	0.661260710029752	0.661712440000017	0.716516564948523
0.383297810127606	0.38445047023426	0.385925346053226	0.363363086158016	0.370393491027176	0.369627322799541	0.219630965850202
0.0950015573864055	0.108087756128954	0.280244372031185	0.166755222070645	0.198503908864913	0.199047177241334	-0.0392503393730355
0.237410666824095	0.230802591469725	0.318633023358358	0.248352007214243	0.276763121196212	0.272343068389851	0.0698428859201764
0.501944241391378	0.501859483439987	0.489717750432076	0.483087546310832	0.48745124087861	0.488734767262868	0.415232662525367
0.503784279967038	0.505891905645036	0.492091084320026	0.486627808169934	0.488241011532609	0.489053124364806	0.395298632814939
0.46217782021997	0.458856094913163	0.452875221585433	0.44510764850155	0.447168524503066	0.446816673225535	0.340022459967099
0.640771791757493	0.642889824638536	0.649187904887583	0.650379377990251	0.652259832984951	0.648950230505434	0.71000240821504
0.473754123795724	0.469879866410441	0.457997682732375	0.450542584448277	0.451740023222862	0.456231201211914	0.347369552508874
0.285006902422381	0.287510660646937	0.333748821461376	0.279782862871747	0.300191407262318	0.302767961988913	0.119409726934546
0.518544557594574	0.515071059889781	0.506091677287128	0.500107236890603	0.50263566936448	0.503188135903759	0.411544284845588
0.424104180303583	0.420694306223399	0.426585901997092	0.407193864781537	0.407245533605785	0.412656893164673	0.247650225095154
-0.0845763046999621	-0.0814527577555097	0.19843636806312	0.0313663340496423	0.0614166634169983	0.0591114660965058	-0.139667261991503
0.579496654244516	0.581437146628331	0.577835548916709	0.578050820174167	0.574852991235193	0.57596329552638	0.559563759386358
0.626128725386827	0.62845296028944	0.629862898876506	0.633934567206918	0.635871029584164	0.63703469207835	0.668990557121402
-0.146832946881855	-0.145636258499446	0.175636129812362	-0.0286653311475178	0.0161325251759222	0.00648160745237886	-0.199061563369662
0.474489060180771	0.469423075721677	0.463314090790801	0.447873367712452	0.458701979551458	0.459168454043848	0.332317433881125
0.102348615323055	0.0952864171527023	0.285234657791227	0.177409740574327	0.208269393891334	0.205454803010603	-0.0424157746510854
0.272294825132223	0.271446936777805	0.330521165000672	0.27780727004838	0.294642425891789	0.295935469485215	0.116801548233662
0.125854445042182	0.120535460815224	0.272332736140134	0.185702704349245	0.207874586232927	0.202616128911313	-0.00164101925520839
0.374445215080099	0.370829873139607	0.393203390742048	0.365007303107863	0.371755136921289	0.372684347786315	0.195461559149018
0.439622930201926	0.439069353715293	0.435800688334868	0.420736853743936	0.429453213901137	0.432390798206056	0.304094299015786
0.0180603912280307	0.0154731559989044	0.212459976817747	0.0956739937016631	0.119490130675845	0.119277972905864	-0.0563090422942649
-0.358062416679339	-0.363147653206979	0.0992612941750172	-0.241544614672734	-0.1958375891718	-0.1985043817752	-0.381011381111786
0.242665203468457	0.238790289333994	0.307188210698349	0.247599786064497	0.271038630842	0.271615501615636	0.0957408215568741
0.136341123788552	0.139343032908323	0.280118317139612	0.188163866701035	0.21716501633693	0.215177546452142	0.00285225519381065
0.187155814520166	0.192786315444073	0.306510409521541	0.227154311097228	0.250184376079222	0.250618506186347	0.0308205719514216
0.333929406028435	0.338160076777637	0.371873450523975	0.331332017372616	0.344352613264704	0.345600030136731	0.149795113644765
0.427246745255819	0.427372293656237	0.418999377145726	0.403302176802978	0.411962621347073	0.409867533856383	0.274819801918111
0.542399847066645	0.539253308665763	0.530415754315026	0.530638482937835	0.531542869018539	0.533049474781073	0.4847819078989
0.423674588880826	0.425475870058894	0.423185800694942	0.401691739322432	0.408121256690971	0.408380307491246	0.269926684404274
0.275271123468411	0.277296131289149	0.324354620053253	0.273480004948492	0.296425305316538	0.290324222595831	0.122496875442423
0.472883693143339	0.477770146839233	0.476165582529525	0.45688929631278	0.469520222001589	0.46791286281349	0.309752097431282
0.371631406094934	0.376750699107315	0.387175368474706	0.356400741786895	0.367313541482782	0.365654593534558	0.20183757618714
0.384529661143955	0.385376683950635	0.392101852576343	0.370308855920043	0.379897846456064	0.378035556722743	0.217997166155616
0.36567579110996	0.365752717142929	0.368398907583698	0.344303371876067	0.351823067877592	0.353049512832706	0.222588311116737
0.397342642306027	0.397097047530863	0.407452771833186	0.377292437970064	0.388421656117297	0.390145648326555	0.225761199943111
-0.0946085797540786	-0.0923381372805894	0.185671930358429	0.0153545035285665	0.0555655568753311	0.0515438340230744	-0.149135731056604
0.57633979199893	0.578916171253168	0.572986726520287	0.57344126089728	0.571152374703228	0.574674172585855	0.5473965594761
0.531649536646747	0.532317472708024	0.524900273158181	0.51902497402223	0.523994909058684	0.523424606405216	0.445767218566739
0.555237520265685	0.554554888019044	0.550347013457353	0.547649778614367	0.547627776262931	0.545210328246105	0.50765659862597
0.359175247651767	0.359821189807114	0.36927127729786	0.341955539676122	0.350094094954078	0.353273705004946	0.206514240212452
0.37200130356751	0.380516196319508	0.39142499516145	0.358925605747878	0.376917469393777	0.372738811490497	0.194561217284873
-0.09765480189629	-0.0962982526450887	0.174674236097218	-4.40715152288896e-05	0.0393438994994607	0.0384661429204058	-0.146579699915002
0.38961278814868	0.385391490879383	0.398824717738664	0.3720309737905	0.384587950495588	0.385011948701776	0.216711756881472
0.406755538540913	0.40617525547551	0.406320425311253	0.382937709384882	0.397721738110993	0.394287290422407	0.247487469257697
0.534543662780868	0.53490988898578	0.521204080599115	0.517669120288483	0.525566796620451	0.520640678851535	0.455900884919705
0.153355207293223	0.14925021902721	0.278132020424324	0.196906700520306	0.217989409856287	0.217101059261541	0.0191091861259889
0.205898302376814	0.206652527155884	0.306029595221883	0.230430549882594	0.256237026031649	0.26006588737607	0.0491015796456385
0.403551693630006	0.402882029558685	0.410030673850025	0.381463310389035	0.397852353950389	0.392840411445356	0.237443804233486
0.404413149289514	0.401524431273639	0.397231956402815	0.378192804515758	0.388019673710808	0.387873128382278	0.264412118388035
0.216068001214901	0.213381131626956	0.305992212977505	0.240574176052758	0.261187987497623	0.256300597849384	0.0648176834780778
0.279646841209174	0.281381649132354	0.3199838254174	0.279771202949608	0.295389985334191	0.294269278293361	0.135025728451803
0.301439079194086	0.29773366709072	0.356098985438482	0.302555355783616	0.322300642658279	0.319300145475622	0.109211701536269
0.452609363466698	0.451321466070669	0.44066654723484	0.431901656170236	0.438326017031411	0.434111395015851	0.333166877178621
0.545017694316142	0.543379676404618	0.542897363559801	0.53385877603588	0.536313076475865	0.535672138629211	0.480121537087781
0.48382953244756	0.485401852094369	0.473755636190594	0.464936055157389	0.470192005978019	0.468386304917674	0.372565401534724
0.134673313389662	0.128314149002762	0.302016933302182	0.196915469439144	0.228063928133667	0.227195444292503	-0.0377920745152651
0.356395879865092	0.355072366626383	0.38003953819822	0.348768578724481	0.362781730969222	0.362046551411386	0.178919476034524
0.482725047591317	0.479566001681792	0.471116179671179	0.459579249917773	0.462397107361562	0.461833365698883	0.361704154567629
0.548312707004059	0.549269407490057	0.539645104168784	0.538742646334265	0.53732324547551	0.536690245105172	0.497386628868679
0.42496739541177	0.416870708312688	0.430149773349156	0.401654011111513	0.420304576692541	0.417443813732837	0.240140942963091
0.479538501293994	0.480148107376678	0.464131722727818	0.454817999183205	0.461126379276564	0.462651646833784	0.368139693596737
0.48690808331223	0.485708145283985	0.473477140287577	0.462402224728671	0.468479065624073	0.468149745561222	0.370736840384231
0.400694835636566	0.399815286864514	0.399367669167024	0.381270794240889	0.390554460822255	0.388102725078302	0.255910712550469
0.386233942985281	0.389245967598887	0.382008893208767	0.359720934930263	0.37351733005602	0.370173929270798	0.257217739712918
0.447022590513705	0.443347277583016	0.436009129724512	0.42207006054419	0.427981477200043	0.427814978696698	0.294779105764447
0.320653090484932	0.328036679758603	0.358187844161287	0.316713453678377	0.332448322379202	0.331557787251705	0.145753189767089
0.500522167711767	0.502528794047634	0.490265512441411	0.483401695797251	0.487092317055961	0.485750139373273	0.392503171128283
0.365584380248657	0.361117386680753	0.366681844292226	0.348155276860089	0.354060192225184	0.352366359397286	0.226243391251244
-0.136595593085061	-0.137861016353495	0.207277749461514	-0.00452621110762271	0.0372286064950624	0.0378851634657852	-0.206153810975933
0.512752790005909	0.515633074846105	0.50258268262148	0.498489368471838	0.500601826783682	0.497354082909966	0.416475151744556
0.470362271792864	0.469472333925913	0.457919060707072	0.446578360691328	0.455340427451993	0.453761248143735	0.343798479203416
0.313142011783903	0.309562450741245	0.3371560132335	0.300162648484009	0.309817784472256	0.314365380121979	0.159282023449012
0.0731611559943464	0.0707561258953467	0.26359889271075	0.148859227705039	0.174343386494426	0.175890631178027	-0.048143240543692
0.466369709806029	0.466195466086118	0.469291561691888	0.452991911927244	0.460409837615262	0.459450996879843	0.299441537309019
0.41324415968388	0.409301655826757	0.420859434784344	0.388769117460486	0.400030064211865	0.404951016456409	0.244991894127423
0.401871765868887	0.401031784458955	0.407299179246654	0.385498503064391	0.395913877134106	0.397276767860651	0.245282752623111
0.520051580140314	0.523608136869119	0.509271451190501	0.507077297886279	0.511144264856759	0.501673589920322	0.44136609691072
0.334543133971886	0.333751743040237	0.375019661096263	0.330076590434123	0.346702250290761	0.347289342850615	0.136740120786808
0.57133931147609	0.570140587861633	0.567674482728723	0.565873718090832	0.566900252251432	0.565453390378219	0.539668173873757
-0.0879634738513649	-0.0895294766649842	0.166400620084329	0.00782549597288475	0.0337423009399013	0.0351390938370576	-0.132275559155612
0.567553391724219	0.571429685561068	0.567846757655346	0.565624333270911	0.565418122033463	0.569021656021528	0.530302178124367
0.502426306588298	0.496953470680578	0.488900536119461	0.478592420020127	0.488068309508245	0.481378551280865	0.402752872637189
0.510455607173924	0.5120790402657	0.498732058618941	0.493228429052678	0.496728863555386	0.495784463760284	0.434783028353613
0.0185858517872921	0.0242901929170306	0.279267847500792	0.14557684842074	0.174484241547065	0.175029038204651	-0.115425377016291
0.580571497681788	0.582070290878436	0.578658163105333	0.577177603149317	0.577854461784856	0.577206262869003	0.557580056684332
0.561063163066342	0.559478815910748	0.558715956206388	0.549321152670742	0.552908069717049	0.554092454952038	0.503958924633489
0.487783866326794	0.490984590186182	0.478124351009264	0.469217741481664	0.474730029758955	0.47389040915253	0.364776578527674
0.496765525053305	0.499474203888041	0.48950243036435	0.480172361133665	0.483584095960128	0.485077768914762	0.384579853921803
0.379576288710495	0.3798401314086	0.408420421206327	0.371661758363301	0.383029246133726	0.383512251059948	0.187436762084466
0.370212613078095	0.369740838660188	0.387134846045597	0.35684408412948	0.374014703975324	0.371208222312973	0.197400888852431
0.600924999032469	0.598949106884033	0.600872819566097	0.600440990728283	0.597813767684777	0.598487457727019	0.597963622764183
0.481183455047981	0.483839516466762	0.479145339085671	0.467717044723932	0.466213485100863	0.472116249928337	0.327772911367589
0.0198776953836381	0.0191591332810695	0.208754314602434	0.0979617579548111	0.123405287506464	0.11556624279014	-0.0537416258948782
0.551555992412653	0.54983193988779	0.541505063307028	0.538719595023493	0.541223185467796	0.543357578658802	0.489100369377155
0.395998032783968	0.39268095645611	0.38998732033882	0.371548395875867	0.378778218759236	0.379752898713058	0.248188700777336
0.602113196915541	0.601323441975295	0.596861090151706	0.600401976145302	0.604306562687406	0.596630296548341	0.604151066332138
0.192542616473218	0.191202110599379	0.265657644995634	0.21015664696318	0.225870205444714	0.223549299959751	0.0864351482118977
0.209612024468122	0.203700024930679	0.312134550569925	0.235160736024889	0.257379708179472	0.260386822906303	0.0376978199275629
0.278801522161983	0.27714710384597	0.354289125960783	0.295168948801318	0.31419089788319	0.313729609078443	0.082382608433777
-0.0317791743142909	-0.0301492318467073	0.244822058694913	0.0803883929587097	0.124122368655078	0.119788493971374	-0.127542019039834
0.413065223736647	0.411025854076373	0.435127349973216	0.401362506253681	0.413659351726316	0.413004049587548	0.208086062241622
0.472445636322949	0.471255275972487	0.4675617330525	0.45167808591025	0.45767689614155	0.456604034048776	0.319760507306517
0.346480270299135	0.343645556525872	0.384255638878195	0.342943768521935	0.363417578187461	0.356185055946784	0.150700764506543
0.498748139722227	0.499764917767779	0.482365705371365	0.477756679146941	0.48258172892911	0.481883564877324	0.407596640977615
0.427181969082243	0.419556852824161	0.43681030899345	0.406032949205143	0.424657830637424	0.420708950801603	0.244039547714856
0.414026905856452	0.419772014307982	0.413259216916079	0.392012396609109	0.402950797939492	0.401963849475984	0.265313117818314
0.249410633038672	0.25503217319829	0.323959878752334	0.266696946527728	0.28742767524104	0.284998582870539	0.0828497989561264
0.211540820545809	0.211675650909622	0.318160439619399	0.243653996110921	0.269841947692785	0.262417028328733	0.0384796583698557
0.491114096788401	0.490876029720279	0.475796631511437	0.467738502677551	0.472851934727984	0.475684743579131	0.388149907021174
0.639433921505923	0.640062790630473	0.645208628503553	0.653322958879819	0.649815104145287	0.648653250847084	0.68989930379413
0.106972073340798	0.121305970541076	0.277704969454785	0.167783439630968	0.201540708245707	0.195478532335822	-0.0204336276878028
0.508507068735785	0.509404235924354	0.506979983551737	0.490859950426644	0.500055674244554	0.498810711488568	0.384013531105179
0.442524195706299	0.446611851571752	0.440126551867573	0.419750199029163	0.430886870695118	0.432597427314501	0.28485480971233
0.426780730481162	0.428507631586627	0.429588116631493	0.409878444972552	0.420352102641879	0.415191943871349	0.248812150727373
0.463879327250673	0.467547601360179	0.45848721493345	0.444826248113814	0.451033047397525	0.45414324568507	0.327106629189701
0.422233649424513	0.426411851606726	0.425461573389245	0.400045783276905	0.411029723936122	0.410297764810981	0.259891506294149
0.359902109130801	0.363850336579854	0.390159585360993	0.347159856347684	0.362459759297048	0.370209348490238	0.174350173819972
0.340147642803317	0.342290650743142	0.384880668510065	0.334702231322929	0.36097445453666	0.354458368167833	0.129403505413534
0.345041503676801	0.348990170214804	0.376915434708519	0.34505194971679	0.360003936113237	0.351956866275853	0.15917778835808
0.256066224065303	0.254561373709082	0.311680770260182	0.259117196092485	0.276460427441915	0.278383535051112	0.111400358929015
0.472094949026314	0.467533049027407	0.454137831860654	0.446823276280685	0.453271772006373	0.452605274980147	0.354533722032952
0.521286733191878	0.519791492456489	0.510018235465516	0.506617020413538	0.508014982677121	0.511595392926632	0.456489594042511
0.404031867960688	0.404835822115354	0.406897195506428	0.38221364973486	0.390963230453425	0.390715446216495	0.251727358075917
0.53705826275124	0.538169208054287	0.527996876050081	0.523728114543921	0.525356826899765	0.524154673395636	0.466102864362535
0.188102782656923	0.180878384293749	0.285967788271824	0.215270532802351	0.23298445839033	0.236393755703916	0.049547038399253
0.478407328921267	0.479014272396968	0.47048511376609	0.458684061989775	0.459510794491902	0.46333424731974	0.351193817420745
0.367099354026187	0.362361343908669	0.379778586178125	0.351316805287815	0.365727361606411	0.362831624171861	0.192359306086308
0.587332560779348	0.584488613507858	0.583959042533024	0.582884818984091	0.583577414224978	0.582222574554967	0.567973524020171
0.546773281752276	0.5500755382485	0.544837356502626	0.538598734237115	0.54257567338571	0.540972109689762	0.48810527912973
0.365843632472473	0.364304202811573	0.402129852710516	0.362815863289464	0.3763230395396	0.375251756758406	0.157546738647773
0.496085083324411	0.494363108522777	0.481334217075409	0.471885142633455	0.478412417922712	0.482077832303267	0.370970102858684
0.281338489775907	0.287111964927098	0.34750695151974	0.289457258780457	0.310542454243014	0.312182033478667	0.0956219861602964
0.439153557309814	0.441837313298995	0.432438102237904	0.41450362755042	0.42437972440189	0.422933990361119	0.308246549828194
0.274402903110244	0.275602514404451	0.323018320746435	0.276641036377981	0.294366188841979	0.290044613905489	0.120293077354678
0.325680362112923	0.326544517406631	0.360866397986172	0.315616914575614	0.335862821453654	0.333502675292819	0.158496201163428
0.559290926205691	0.559803451795702	0.547514882640286	0.544759814119177	0.548452254981661	0.55347870245129	0.511330070457691
0.0689174491720464	0.0621835839854325	0.290953488141389	0.1637426280283	0.202792959875814	0.197692526070806	-0.0837065626050164
0.234488453577711	0.231885401136018	0.34732379419091	0.27414728150328	0.299969843416461	0.296321600586364	0.022921556822387
0.505581793658344	0.503391839507055	0.492893756780095	0.490006191218761	0.495236056997214	0.492143036167338	0.399450768827218
0.0316507825833462	0.0363660690200249	0.217842330088602	0.10862580868691	0.131189974943148	0.131443646260551	-0.0449109498011452
-0.220769958586953	-0.216310730804471	0.113797357505426	-0.108607364295328	-0.0770432461803751	-0.0729948386132695	-0.243112237819589
0.577544293059762	0.581170241297316	0.575060806883414	0.570477089972117	0.575084412047422	0.573490191745307	0.550988933395072
0.335489673330115	0.339936085300845	0.36474873377148	0.323321312589735	0.341778297926021	0.343393938131199	0.170390098488602
0.495031132311785	0.491322013042072	0.481754905734053	0.472385032680952	0.476057005326793	0.475213555554123	0.36827125355176
0.528383687289002	0.536805769638607	0.522467777565514	0.517731874313101	0.521616928656722	0.518884544617544	0.448539153186271
0.600243170148419	0.603836406526962	0.600576138401241	0.600776617444503	0.601075527505385	0.600669871310783	0.60251798980539
0.44716635249601	0.447642113146622	0.441790121414968	0.423365344185207	0.432402404974843	0.433276974129272	0.291854083077409
0.256976784781353	0.259019142487519	0.309723064106871	0.260790631643657	0.280052860085004	0.275079116868342	0.118637939855473
0.249425239905784	0.24779891657681	0.298519670252877	0.247988642791918	0.263136561424063	0.265387589369237	0.121705041417044
0.360516108249002	0.363102517540486	0.381636315189807	0.346026469139692	0.359695847732178	0.358231889335484	0.183784442357657
0.526762986374149	0.527606011281263	0.514299811228043	0.511759224386103	0.513140825289218	0.516707314891836	0.449701343636665
0.591655021502659	0.590259771316638	0.59290421540549	0.59042498976506	0.588023912427867	0.589968732365708	0.583568176631306
0.60793593020383	0.606251506792362	0.610043619967259	0.611299910304415	0.607881175075146	0.612719437329649	0.618192314841092
0.623461709751939	0.628852487646308	0.629928629174379	0.632891716482522	0.632381633911623	0.630722787992812	0.65160264946692
0.302085926064379	0.310813762215334	0.364397367718133	0.315021922141105	0.333383690738332	0.341622920981942	0.115710060207195
0.40481024650974	0.406541025594265	0.415409827981361	0.388982692286857	0.395775631067207	0.39746958549774	0.2371466457304
0.583633578105766	0.582740768660925	0.582127300051675	0.57816261703643	0.578242911174791	0.579319309383743	0.556120026979355
0.414805225024029	0.413593035630175	0.409869025497438	0.389192655817604	0.398113023903921	0.401082928828755	0.270382908937874
0.3146343898836	0.317762279457226	0.378618543263578	0.325505156362822	0.342210116608671	0.341977621142019	0.101821260359307
0.531619058937147	0.532270625225898	0.522314496206922	0.51970053181644	0.52180381782981	0.520839037924788	0.454771035713749
0.539463003644947	0.542807379822033	0.536296186291084	0.527697243282172	0.538829059901468	0.531473426363145	0.451709718747017
0.185014035423387	0.192422455442761	0.350069589186223	0.254928956018112	0.280674000320738	0.280629863703602	-0.0245541401872356
0.196213240842208	0.189022333264331	0.301489902822723	0.225601325197229	0.253778477689259	0.251331082437579	0.0364725341657183
0.378913817396453	0.376329320233289	0.390666004985429	0.361224284992268	0.376195896408429	0.370278731563461	0.209776419013149
0.147562237250093	0.148641413584806	0.307662158181328	0.211035754388982	0.244259358726663	0.240505464916224	-0.0258637048836661
0.352755187940655	0.352022362784598	0.374638274984722	0.342576184117332	0.355624001524079	0.353571283120718	0.176204402196626
0.529394497081394	0.528558128993883	0.516416483500042	0.514698179364711	0.516735101367118	0.521276472456173	0.438522276590569
0.389627654383605	0.387571922439464	0.383191697178855	0.366134941465022	0.372757922933988	0.377458563287499	0.254040886719365
0.617275342720923	0.621082577242208	0.624747645318689	0.626000605174006	0.621544169147366	0.624276002958548	0.640948809492657
0.247035218832922	0.246143082584138	0.312365575185221	0.257279864272864	0.274206674404379	0.27672016429114	0.0951314940216781
0.556225593202108	0.555660662794108	0.544872868136287	0.542872738462661	0.545296378747522	0.54790002703072	0.502471722127018
0.218468117845727	0.220681459104898	0.31296800666719	0.246304470583672	0.266963321857686	0.266961620025562	0.0578141566966979
0.510810913114179	0.51283804187848	0.504612915325315	0.498274064659868	0.499976686005248	0.499822866160644	0.405259500783996
0.58896764902878	0.591245414655879	0.585670135464134	0.585633422703378	0.590254521446137	0.591646961137411	0.579758556310994
0.167897510039123	0.165004557697844	0.277191997931606	0.195937068749372	0.216291172752468	0.215945612410856	0.0352182669080527
0.447141595200808	0.445237838133664	0.431208368669948	0.420789286817834	0.422680790737583	0.427989054757939	0.308970024538411
0.412357672714259	0.418846626940569	0.423242732509511	0.394203804169023	0.4051898675561	0.412663473598029	0.222859528991006
0.501434729195343	0.500656585191192	0.490963642008833	0.486325978478907	0.490265931817241	0.490920441327118	0.391473689546537
0.207123875006349	0.211744789991738	0.294063235007311	0.230805066753217	0.25846478682517	0.251310357394957	0.0765880333829708
0.451742185955505	0.455487869414264	0.448872927208769	0.435523211208192	0.442983825761164	0.440394623532238	0.323173318875436
0.447689733003244	0.444513282820245	0.447682775735796	0.430145405082428	0.437635882050278	0.434449990765451	0.272941910352947
0.35764022560882	0.352372866908795	0.372110551203086	0.342750440448244	0.356693448879968	0.350277218764192	0.185365030651289
0.473143659028077	0.474736191230428	0.463182247608431	0.454434732489261	0.457695976815249	0.462691184340932	0.334529621321154
0.533492701821209	0.534124972518619	0.5240155563975	0.523652628207192	0.524840798920533	0.525101552413898	0.477000892683236
0.532557250784365	0.528846138192914	0.521139168701599	0.514720351626157	0.523114016346284	0.52232654399768	0.444968566818353
-0.146550913216032	-0.142382504938793	0.189454509591143	-0.0109646335045289	0.0257164907693143	0.0204728173498978	-0.206581749879911
0.391235778979655	0.392805972569155	0.39940214981004	0.374864210626269	0.382803277225125	0.384636330593297	0.220478468179194
0.504156054647968	0.502583211652787	0.493465751262751	0.479884107950382	0.492266541347168	0.490933404659268	0.379113111608518
0.188404558919008	0.184657947040694	0.292005854514265	0.21826758761758	0.242878372855359	0.237404744452337	0.0483131790592856
0.637533290939747	0.639332386708114	0.647667238043226	0.646767621741364	0.644138160307986	0.645682115304015	0.686975389496923
0.252891406919486	0.244836959605617	0.335558201853178	0.272875831286236	0.294201703944518	0.290719552467695	0.0729995614757962
0.128527994370835	0.137638735057304	0.270906574157849	0.179148395718823	0.212643532597856	0.205820574033929	0.00304802954626623
0.0853975192046782	0.083659054048268	0.264031916917941	0.155265427462492	0.189252496510824	0.186321803910275	-0.0354527813810722
0.383380750442907	0.38105500147751	0.388793021475995	0.369763258300621	0.376230244459056	0.372573067819817	0.226204976524624
0.117467714283123	0.119559430192565	0.244875630486927	0.1586705325335	0.181290372343767	0.18067409670325	0.0110970503590559
0.576261902806992	0.574990554722523	0.570077609524613	0.568168107437273	0.569568296562524	0.566804316076186	0.549363463582106
0.45913792700789	0.45833724316928	0.453766952977425	0.439437455319539	0.444136809105227	0.446523277841935	0.304873910169393
0.42358559824364	0.419547828955275	0.422601986890869	0.401935872650418	0.409518757650791	0.404175011745062	0.258595748068025
0.127680955252197	0.124057581032478	0.262046403414273	0.169572092959245	0.203431502840179	0.198301488554298	0.00975812322982647
0.517639449095557	0.519630078157224	0.508587542093398	0.503414238623621	0.507291333249543	0.510045983241807	0.430895615577432
0.375317120037567	0.377834267655571	0.384731797196678	0.355678068880627	0.36795696412792	0.370784281065715	0.22404603667045
0.479935815471533	0.4768897675298	0.47348878046182	0.461776750745161	0.465027442855145	0.470775639651144	0.335393724407845
0.307152819028551	0.305252643704997	0.346089665330582	0.303719056317113	0.318818782644082	0.316532947059392	0.129275536988779
0.380788765387233	0.378782783372669	0.39038084524414	0.368430933725874	0.378799773037163	0.376454910829736	0.213806588770672
0.101133237191321	0.0986728562321513	0.243172914067025	0.149396427615403	0.176918839525435	0.176438262847855	0.00184606285241408
0.297513681589036	0.294257122304085	0.334116803716221	0.29418445520823	0.303515141254072	0.302296724487847	0.137436776037332
0.395245427459643	0.396788407576277	0.385893873763755	0.37285899784554	0.377702241668914	0.377525914141744	0.275857456026725
0.249495691865268	0.254241899723858	0.32821460886695	0.266492581320139	0.284193565256228	0.286054125130977	0.080552545679682
0.443058212288823	0.444814969397263	0.437067251478502	0.417990952136114	0.427441234218744	0.428350186431361	0.301210983597029
0.599350544485533	0.597431108313154	0.595481153530216	0.596017991772844	0.596728751081221	0.598240894739012	0.595742703938129
0.360473377045774	0.359890144670986	0.384547353509163	0.345946867372952	0.36606132029351	0.362498197179528	0.172698753397355
0.455528811996507	0.451045200036423	0.447339553798244	0.431295798475582	0.441662992601071	0.439984762486972	0.304674473008389
0.521209212683354	0.517344637387145	0.506984244631001	0.505234001786301	0.507197781512785	0.504681315394061	0.433183897922832
0.506658544696312	0.506105980868141	0.495427645451923	0.491394109218678	0.491829551652432	0.492411750539332	0.414458565117219
0.60890610906698	0.6107056007917	0.612228841293243	0.607375094970514	0.611244081846487	0.610147513561099	0.617518526291992
0.428399039921365	0.428387817242034	0.414403345675931	0.408976337661372	0.413679165285525	0.414556721526725	0.319499163739199
0.467369484522673	0.468805889098672	0.455254739065831	0.446679891975666	0.452942399626432	0.450945362258432	0.354826469920037
0.506354117797953	0.510084880499681	0.49698176392499	0.493748961787307	0.498588725634465	0.497414446244243	0.419387855693029
0.471758246398806	0.470026804869472	0.456585871511038	0.44629239980883	0.451772607149249	0.454783597703679	0.357360281873056
0.375417174203424	0.383443010160214	0.404415785089187	0.366888380621258	0.385487709183259	0.378280604769601	0.183471921252201
0.471017840639727	0.472813260680039	0.461844176917131	0.450397586434666	0.454906147557618	0.458106840893516	0.343538140588865
0.417195733532747	0.415713387916471	0.417910091687636	0.395942216688139	0.406561743771552	0.406074220046632	0.256466686501592
0.373104203328431	0.369677517086821	0.375984428362626	0.351662433123585	0.361563164995986	0.356295898202784	0.223866019050025
0.241435921096102	0.243083754339992	0.319260720112485	0.258437875708645	0.274981501147352	0.270017893186152	0.0860674539172421
0.4905850439973	0.489604006275086	0.476086663925861	0.470325963638743	0.477891049582405	0.47160425403824	0.384965194418433
0.595566325473406	0.59159051102356	0.592607830593765	0.594766749779982	0.59019748888778	0.59581331401746	0.583797048379465
0.312252461012686	0.306366528424089	0.351131023430141	0.309560188949515	0.321829276727914	0.321035394936718	0.13223977587605
0.223641284267705	0.217768528860577	0.308509439592503	0.243102895977761	0.265583768025968	0.259127156852911	0.0720051460268602
0.431255696667145	0.438867674485997	0.433749448765861	0.412068536824947	0.426984953470561	0.42049624205838	0.263270036843015
0.526634570825739	0.525666279287186	0.51704381339338	0.507337242387895	0.513978910112737	0.512289519606331	0.436433629255483
0.0919545409782928	0.0940523089378037	0.290149365069339	0.167440117901571	0.207392456684546	0.207507491759343	-0.0636470531581093
0.266262054225394	0.26766455816597	0.310548588328769	0.264813682126649	0.287323459946833	0.281620942429461	0.137120334981595
0.542032612039429	0.541731339331085	0.529570475085931	0.530788100410859	0.53068881909453	0.531507613048681	0.478200794022847
0.393991338167691	0.388339587841017	0.392870818868713	0.369322883671965	0.379535531037851	0.37888350487255	0.235563776758145
0.000645635638432989	-0.00435006692218985	0.246148620900016	0.0942563111227743	0.136853394818141	0.136378947535974	-0.110403445456685
0.504846505411354	0.506360801676489	0.488806085850977	0.484346399631965	0.49150264201124	0.490075510317033	0.413918430990178
0.607567291220206	0.607707415073212	0.606189818364387	0.608199798423355	0.607351769023526	0.61147159491609	0.61402387566871
0.492580674742308	0.495566934079651	0.486137241993776	0.473331342908628	0.480597490263913	0.478317442964326	0.374508099888571
0.457375184879066	0.449579583924121	0.443140762917966	0.434230324831491	0.437129835774173	0.433584014720471	0.32851904427784
0.59962322498296	0.599469714592562	0.600883441525763	0.601703089115488	0.6043909997205	0.597337037937067	0.601463878134111
0.174756020374561	0.170095994520266	0.303931629068537	0.221674543563429	0.238641481775629	0.241461491057387	0.0122268427187705
0.62565205679047	0.624952600690876	0.628070845783636	0.631407735492443	0.629006275133128	0.629654557006702	0.655419023523222
-0.0279627102677157	-0.0240766833595582	0.244654798603302	0.0897253296114876	0.12488224549564	0.120438609323574	-0.126214221159976
0.203760699210313	0.203103999433515	0.310722983416499	0.23547614993725	0.256995127067518	0.256478658633826	0.0414032548489141
0.400308234914301	0.407197588135655	0.419655124196925	0.385511734945248	0.401270358230814	0.400753491524641	0.216925421871278
0.607607163167388	0.608468375109354	0.609207528552446	0.611502087531523	0.607607043721599	0.608073510824973	0.616931346613188
0.292358237942004	0.298346981558499	0.341880646379803	0.293222276998441	0.314008168774131	0.309751440813106	0.119473259521189
0.264476461356762	0.262348007522186	0.321511646004053	0.270068916476784	0.286555706091176	0.285307768174828	0.112507775261205
0.044172375005204	0.0484146403554179	0.236867364836096	0.121967080004784	0.146788513059685	0.142462673948096	-0.0529261870213786
-0.101535181943818	-0.103286316461861	0.186240158521363	0.0127263392583493	0.0408941237507851	0.0461047812483556	-0.155217163390101
0.486499028700952	0.492542466946803	0.478353851415353	0.469208851762093	0.474971506640811	0.473704599037639	0.375773755262532
0.481095084053741	0.480596890567846	0.471106743661622	0.462706086063778	0.461449113781585	0.465243309302601	0.369411061444761
0.311369457929107	0.298438174954155	0.350804146467191	0.298794382446631	0.315955230008222	0.320568272636991	0.126145733218322
0.3478166633008	0.343763792840176	0.385232285006281	0.335770513916981	0.348961446204142	0.3512923354321	0.14121123719836
0.347368922838474	0.343204116640646	0.363926693479862	0.331285163656438	0.341593962865093	0.34704738835454	0.185334891923369
0.407810614531209	0.408201336971706	0.410778531748934	0.389323188826137	0.401040855065095	0.401169481182573	0.245446623492981
0.552567018738805	0.551097415128803	0.55027415135947	0.544748650694283	0.548493134422113	0.544985344356399	0.49152679552718
0.517770237392335	0.517931196375053	0.508875547279157	0.505784126233028	0.505862931983955	0.507734005637747	0.430992668793707
0.489244135939728	0.494824425834467	0.481810599070391	0.469037165285227	0.476404272020152	0.477604365902944	0.361225213898604
0.388807036112959	0.385061589856677	0.402655592817614	0.375769275502256	0.378544015280771	0.385666539561505	0.221194127395677
0.56564383740669	0.568450518249012	0.562912325659353	0.559053675717389	0.565476612026548	0.560488541450666	0.52580309777832
0.371533092236518	0.373907915096499	0.39570595965168	0.364860626744905	0.37134071836752	0.36931973473057	0.178553462737739
0.600431531051875	0.59922258732107	0.599660997457125	0.600376644691877	0.598562989819407	0.596303805035532	0.599751958611058
-0.0667058434363871	-0.0637151341846516	0.205888647367348	0.0393304320460297	0.0810249624959553	0.0800827223271844	-0.13717422815362
0.341292850660715	0.336903796779601	0.369964440999075	0.330212243043619	0.343410117096248	0.351102761244863	0.162915368523354
0.439637892736076	0.441184904736499	0.437805389863852	0.417607607307649	0.423262148871884	0.422567510303377	0.273443552263619
-0.049039410977466	-0.0493098460785188	0.223553382416923	0.0668590204569145	0.105703171022445	0.100288926003259	-0.132854951388799
0.191250284976632	0.185221613156936	0.323457558612925	0.240524224343437	0.26502990361058	0.258835327657226	0.00287843072022593
0.414144929855872	0.418723528947471	0.421963277119444	0.397669692555903	0.409816166735981	0.407029106374199	0.248144365876545
-0.246973884362629	-0.244733813345755	0.0928240291784502	-0.146737628291922	-0.111880952772789	-0.109529706570551	-0.267530600888456
0.471514447747148	0.469478635169503	0.468611918622718	0.452549425171293	0.45591172540157	0.456071829814614	0.332788305681511
0.31337182301987	0.306352304952184	0.348632878688809	0.307179366381088	0.318237311569573	0.321154428751324	0.142641568992435
0.342012839447105	0.335207360704706	0.361528271841309	0.329680893648472	0.339951287724572	0.339111524761447	0.172157482889449
0.654936738511967	0.658220206013835	0.668911728361458	0.670997363376097	0.665148851905517	0.668331592445814	0.729793219948565
0.21399121715576	0.209263192626599	0.298357317406592	0.230564449449239	0.253255925863948	0.253031628295423	0.0673789786024444
0.494465750325495	0.491438008282583	0.480265434460664	0.472305975307187	0.478111397855841	0.473201711124216	0.389095254311728
0.443594700388004	0.439898292386005	0.430373779651349	0.414275406966942	0.421022272027642	0.425148691979419	0.300070929769758
0.285028698266136	0.290741005348075	0.341339629223991	0.288764626175653	0.310799902635156	0.310530664210604	0.116765316235457
-0.0981198961129827	-0.102046907464344	0.189092620366725	0.0111000963838858	0.048896947205487	0.039377715765739	-0.158406390833334
0.592176798534362	0.592863551381042	0.594182410835314	0.598280431133391	0.594902368877546	0.597800686416048	0.588283260347954
0.21210350509486	0.210309510102536	0.297973908439955	0.238070076812001	0.254371113959421	0.254352757671921	0.067551125349535
0.42841377411629	0.425510378598911	0.419979613107106	0.402885937458451	0.407307927528759	0.410150687098167	0.277040101102435
0.555819922977791	0.558260964413534	0.551179094713579	0.547236117098014	0.549628421643854	0.549300139782228	0.509238398750956
0.502245540895545	0.504105845922667	0.490335498914489	0.483382431066515	0.487117766376776	0.488734696876148	0.389447663732745
0.474029630094294	0.472680409808694	0.46457123202177	0.448625488544785	0.461425712353645	0.457143977600954	0.335970522520505
0.656093588097495	0.659393088307381	0.664686565086182	0.675180406959159	0.668145456315222	0.668828444051986	0.731338812228305
0.560698525061047	0.565908758528101	0.560635562991497	0.561903615768645	0.559832982202026	0.559090649319995	0.515073542424648
0.41421169404678	0.413541750491244	0.412146103716627	0.388780232437762	0.399248835663183	0.398277759527235	0.25541681968806
0.406357427866611	0.405322157439322	0.410029413273214	0.383881733521867	0.397335072555001	0.39655753119706	0.237558445712139
0.488950924093247	0.487694982943721	0.481711684963864	0.471851388493005	0.475510358841203	0.477300028639325	0.358065742383229
0.414153267894084	0.413896350160115	0.41400945058148	0.398021304155356	0.405264616715189	0.404128611318431	0.257129773534736
0.530155585934593	0.530807435725849	0.518235160089718	0.521525650123199	0.519996225375188	0.52201193077156	0.465126629408829
0.45209118788293	0.452867287754082	0.443476600141604	0.431214532095525	0.437494198929097	0.436235381705628	0.319344841799785
0.0575558228767115	0.0466811240902016	0.228003203634589	0.117641003540229	0.148120840773796	0.145548997505083	-0.0324219554915511
0.416723422268812	0.415077152767575	0.418899921472433	0.397280236381002	0.40381453746123	0.405586909628393	0.246568605349832
0.458993588962171	0.458362818100648	0.452413167477944	0.437222113032421	0.446464630546078	0.448894586526327	0.310453121011724
0.401543774601858	0.403338351053258	0.416459588876192	0.384110230001172	0.402519250786672	0.396876316349573	0.216261367722535
0.490091659771676	0.491612068622243	0.480235289295412	0.470990834735822	0.47864081972218	0.477293585351635	0.376342275991716
0.291809588114302	0.289612811030832	0.329751429459409	0.286279679908971	0.298007636138594	0.299812648598373	0.138615783688641
0.554459977793792	0.551756103064264	0.546075784470733	0.543296177978264	0.548725506583184	0.545863960491292	0.495779781183667
0.633162110710746	0.635283962188634	0.6384655449913	0.639765008978656	0.639200994619873	0.637242361296611	0.675591456057713
0.600002847344853	0.60250772552619	0.601396099899074	0.598970584997293	0.6040459227371	0.604164997584692	0.603814229839603
0.37905264936379	0.376319514897253	0.402038693209845	0.369710514850978	0.379728148164083	0.382004150414556	0.189642839195378
0.0386773400198615	0.0372014422689268	0.21921835981108	0.106407181791772	0.134855957625146	0.136771940611996	-0.0447425342910249
0.221085346281809	0.215616024311471	0.278891040043559	0.224359831435961	0.242578847739599	0.240784810229813	0.103109229180749
0.447301001360349	0.441503876799478	0.452022747810464	0.432411699229238	0.440673014217984	0.436606503286099	0.255221012376279
0.160925955447038	0.15878522038585	0.290422799091621	0.205264160404804	0.229308390198561	0.230326296035696	0.0132445068570048
0.45174056794891	0.450372916143347	0.447142216698995	0.431488009951266	0.437351502721731	0.432496586702419	0.294205832196976
0.537143740579311	0.539169502019731	0.532427223876419	0.530880437611882	0.528809406248209	0.531039287408688	0.453968188455103
0.374414067089183	0.382478065994382	0.396059324430436	0.364808386695153	0.375134860225106	0.378604145895904	0.199579476342902
0.463196731841442	0.469571057184029	0.454460800024917	0.439274397078247	0.446456609577716	0.452657774793709	0.318144669498367
0.35973444984156	0.357312256840297	0.384391800122878	0.346221568293794	0.361572966620155	0.359514255213414	0.167521206870304
0.420747821758934	0.421926032461351	0.426763081893598	0.399286224001411	0.412929486062504	0.412239158129575	0.245995120947987
-0.283095175296793	-0.284509306682315	0.161718389160714	-0.13738120436608	-0.083869622777863	-0.0804303307154946	-0.318766412195891
0.139009534037217	0.143095293004302	0.290724331644762	0.191396511315581	0.227288389365135	0.220323542358078	-0.0110224534535754
0.435980668566469	0.435683634940508	0.435446244679456	0.415705363028156	0.425384498375485	0.425249444143098	0.282042475354858
0.21931815292948	0.220624287623526	0.337978239229294	0.258990692919311	0.288498064980099	0.283506833040907	0.0345767500749608
0.678211978636603	0.676298536012123	0.685873041532659	0.690329074871949	0.691033865830113	0.688574429830717	0.77152369456567
0.456829888354091	0.45744222061633	0.446160681920923	0.433084025407021	0.443062597732813	0.440324973851165	0.340622211587428
0.270865046001987	0.276503555281812	0.335963121699161	0.279919703695232	0.298304717960337	0.300244284058726	0.103562318775927
0.392002319539849	0.394314624385504	0.394768980400872	0.376283644050049	0.379934295842863	0.381253432294757	0.243397007955759
0.561900452022656	0.566384670704298	0.557988987340267	0.555998957879319	0.556154584986122	0.557667719315268	0.518706222847286
0.437062880994039	0.438999358279774	0.431415876743954	0.416431611950001	0.425014236927435	0.41945498077002	0.289153591101851
0.504551663509609	0.503871155708702	0.494275730085749	0.487973339562363	0.486910249631075	0.486035024544247	0.406915917097748
0.583996830806033	0.585057470567268	0.584904064705182	0.576663937457578	0.582713373934328	0.580790454236236	0.560943856884214
0.525341775846803	0.525826506917187	0.509464774328144	0.509034793149868	0.514669013246018	0.514363031818936	0.463591034777205
0.20975232659513	0.215072355174691	0.302862447342333	0.239757772853044	0.259807578153335	0.258345729408473	0.0648028627128845
-0.117898683668199	-0.120357135865135	0.194250576841604	0.00651935277029996	0.042939640407263	0.0458420495902986	-0.179903595528679
0.427340925996118	0.430291628494523	0.422141481715804	0.410449139837697	0.412441689842309	0.418177441195307	0.277372431697226
-0.00087434958816276	0.00483424710636837	0.245284890394998	0.0995582915997644	0.137716963608423	0.142242859313278	-0.104119658508958
0.37238360637227	0.372559953355395	0.384832925843038	0.359760419215071	0.367112155305596	0.367832831275237	0.207484024459357
0.417805577715992	0.413760216235094	0.426243118838611	0.398472335541248	0.411155549579003	0.409191847209755	0.241789828475824
0.0285390110288344	0.0376657622548456	0.257401826641131	0.126010875295889	0.156243381368652	0.1626167402028	-0.0931958912323267
-0.152043329307702	-0.158902800069337	0.252738577429336	0.0126803355307691	0.0794073308076987	0.0760466513325735	-0.263436614018836
0.335143016280703	0.3314325029621	0.367406713050004	0.32995839178834	0.344584955782008	0.347902038418257	0.151179975515024
-0.0337595872410316	-0.0326564633531817	0.195720368618522	0.0524280076134543	0.0829687673871453	0.0857823091252265	-0.0963221345209807
0.482621217324721	0.481783762459184	0.474038564109581	0.459285594513211	0.468792698026993	0.465317622095363	0.365281711547795
0.439018790505121	0.43513880607505	0.436519062292273	0.41156725057777	0.422682127188016	0.426742600864343	0.268266010847724
0.486624186342256	0.484359553757965	0.477487950252537	0.469230457124909	0.468641893988653	0.472639373330811	0.363190786098757
0.233456087617876	0.235391753319265	0.305005993106796	0.249199001377177	0.266654798545014	0.264064295955162	0.0943826935622063
0.351850128040456	0.349324637068971	0.364192344462906	0.330626167277461	0.346194374120135	0.345640990126073	0.200091872166225
0.491317261049265	0.490297785573107	0.480490427953734	0.473228592170039	0.478112663616979	0.47452501280641	0.375184719619741
0.391321615099333	0.390139753022756	0.38809169067724	0.366590917687724	0.379164287197927	0.374895506502235	0.245842536314806
0.112379881272476	0.111255243299451	0.248267135481023	0.159326608913513	0.188605078176656	0.179639378535367	0.00788688088206836
0.521490602488436	0.522079532576845	0.514743475492669	0.506299766497294	0.513253041314437	0.513665213452551	0.440024751634099
0.70283035225443	0.701385218490999	0.709433599687602	0.717699878193784	0.714754748329848	0.713758362797352	0.808884978751666
0.537464139714648	0.536067194717816	0.526653201637429	0.524175166934967	0.524027592472031	0.523181021049689	0.480233151730159
0.284199178380951	0.288105076960162	0.337050205359935	0.288087448133735	0.306504611274936	0.303907473943361	0.119509680017084
0.457188059733958	0.455260015769384	0.449502584556051	0.430551957838678	0.438541307564585	0.444843831100807	0.300705874983406
-0.0571553194368364	-0.0511106107875393	0.233920456656572	0.0709098391172426	0.11283942448141	0.107600672663061	-0.152176903978481
0.294660927265558	0.294173032228857	0.346700160388309	0.297208438116391	0.317431222474505	0.312305664501707	0.110261262554736
0.184955156997232	0.188828546751053	0.32645069125962	0.235564474484947	0.263362311539059	0.259174705433843	-0.00652860980217344
0.354844498531279	0.346564847928207	0.37800306407309	0.344016205842397	0.35790971825583	0.352408351444047	0.172239548270263
0.352021205819176	0.359550586577614	0.378465528016275	0.345861928025085	0.359473770503548	0.360191878669216	0.171385436107197
0.48851002991355	0.484122342691633	0.472677181770019	0.468823658336061	0.468766896009437	0.467845468131068	0.373811607672897
0.516285915968467	0.513612619749056	0.508303770203998	0.494903484640401	0.502705703958207	0.500560565097308	0.406640342396623
0.383156144734007	0.382576201702608	0.382620454861621	0.360096503329568	0.372690533077788	0.372635368463926	0.237813439051323
0.456331895465579	0.454090375957358	0.44849895101344	0.436786782748687	0.437602272210414	0.444935656709457	0.30619055662701
0.375174609277781	0.371518025022805	0.400716704243433	0.363618961071542	0.380429619287335	0.377007164577135	0.180958912387807
0.523847076882756	0.520944364525403	0.514219752910474	0.506754879792818	0.51413387422521	0.510481150338625	0.432638566270428
0.461940149609871	0.463529853203063	0.463883486699227	0.445130488322945	0.454387932431444	0.454809432418382	0.319917549006987
0.134201902169255	0.140373963850464	0.267609043465998	0.183802230602447	0.206997017371155	0.209189849153622	0.0161025960307585
0.456364118475053	0.457454014903939	0.452571771615323	0.437540807865513	0.443543571376094	0.445619408720876	0.316336575899185
0.364093736928192	0.368046467234983	0.38374272197775	0.346365651912834	0.368262164639031	0.358672761112647	0.190393726572721
0.477979960468615	0.480239818436216	0.469767271710523	0.456716274406664	0.463478894884191	0.464668429185258	0.361810375290045
0.291799296821087	0.284499772334032	0.341739514531978	0.292133933254709	0.306966682285233	0.312223715789891	0.124167926786446
0.0762214084934796	0.0825038196572977	0.24570468867275	0.141883430362714	0.175077062646688	0.168204602076152	-0.0248255875598643
0.41304729174494	0.411761452647006	0.412921425660953	0.390643458319993	0.400409402208017	0.404831441364003	0.256382018774474
0.443480235722378	0.444343615002859	0.438763693357492	0.42126147309001	0.427175329927731	0.429984173559964	0.298463790456628
0.425698716858159	0.426115679138182	0.427950025081865	0.405420140704736	0.41628970222963	0.413459298406189	0.260914270063627
0.560819777227392	0.563822857209356	0.555665099416962	0.551659792967565	0.554777431226728	0.556330426746826	0.526332225802887
0.16975165665713	0.168563740908084	0.270907240488221	0.198181158946729	0.219515335237974	0.216694291932788	0.0449795893004628
0.366352734982903	0.37050390734382	0.380121865505271	0.344904389878353	0.355542223415729	0.355728655309971	0.207238879826749
0.283898555241335	0.284468061230766	0.361678342373755	0.299018617542568	0.320205169219365	0.32429913929956	0.0709633772953197
0.514438266004699	0.512982564338112	0.50140756512732	0.496454014121716	0.506435099145355	0.504275087016531	0.423124876942364
0.367325461619247	0.368080835370387	0.390469602194899	0.353243621603949	0.368798182664608	0.369668114777386	0.180078650653221
0.442253347375322	0.44344367261364	0.429837392455347	0.415232382171039	0.423774946237671	0.426573544294079	0.298542611522977
0.520811446384568	0.518725509598353	0.510417752753029	0.500388845619185	0.508184805223618	0.50252438675129	0.426895834097679
0.435658068457041	0.431385799152902	0.42189682893268	0.410186581723636	0.412638824529748	0.415642338633277	0.297758224961391
0.374957471907586	0.376597957819229	0.398847774920938	0.366798986696181	0.375752318321579	0.379470932743801	0.191775298377404
-0.037918154779249	-0.0376449873829399	0.212703819600722	0.0613836673623803	0.0934505037416394	0.0993637438176411	-0.115778305751391
0.419692717659942	0.414989428265283	0.420084650015376	0.3933006073029	0.406216814467967	0.408219713232442	0.243201371705658
-0.164076738622483	-0.170357644826185	0.21126785089996	-0.0217045603891631	0.0261914639035803	0.0243092937655813	-0.241181591030797
0.369284287994367	0.372825444868435	0.3869590423813	0.352714265338869	0.366859337765786	0.363192672625138	0.20007502666493
0.476392228211839	0.477349854591987	0.470982994914738	0.453795501323828	0.461968459957118	0.465347244197279	0.33627044232091
0.310732248784378	0.309737225912363	0.38214021667497	0.324124344874791	0.345103443689207	0.343963977509399	0.0847048831409006
0.644663842666863	0.650046904178295	0.659304119355023	0.659528289137007	0.654032670908537	0.6541301301253	0.709089835730399
0.382496145391144	0.38149910938841	0.391594282694473	0.360100926084435	0.374197651938974	0.377144861041425	0.218479517955378
0.57135743118019	0.573552596724849	0.567288940931028	0.565135428098693	0.568815145303849	0.567000888422305	0.539972591871609
0.471316954553049	0.474482034523518	0.459772580460888	0.453163719987762	0.457456615264118	0.459341717523028	0.345053754923094
0.452081685359405	0.452676976339775	0.442625807083163	0.430184973449471	0.440503728788294	0.437760092538417	0.311180323945573
0.491928314255977	0.488612254749689	0.477391868207085	0.472084306384146	0.473362017272455	0.478742733707004	0.365075057371085
0.282072477041052	0.284504637991699	0.335209350753817	0.277154016509279	0.300145457234155	0.302221882772404	0.114301246168715
0.521866032892036	0.520402948876685	0.509108512395076	0.503615728553915	0.507450236492912	0.506753850967741	0.429963494120924
-0.0215288801574239	-0.0280027599130351	0.241935768725182	0.0822502583081309	0.126285505466564	0.127664589622233	-0.123083706231354
0.334335979671243	0.337384194539301	0.370015719807836	0.329288682561746	0.347811828913379	0.346096213481224	0.156361239693982
0.515450910521158	0.514861163081927	0.502239691249134	0.499670941170344	0.499081024470094	0.50278553128622	0.426342035562603
0.300839946417532	0.300826343338463	0.374354410649293	0.307070538491134	0.343505880152381	0.332858674643432	0.0774646790611454
0.0769588165275797	0.0801971139366227	0.270142027632341	0.158710813188875	0.186866137697507	0.195059726802718	-0.0480895409441636
0.553383096341578	0.554267955547994	0.546187988845449	0.542258894965396	0.550016729993053	0.541011122225134	0.490057774886399
0.328169207093754	0.339162789512284	0.37294233413436	0.327576330884688	0.348320081665853	0.343545553545453	0.138918752828288
0.545600314365815	0.53884033236484	0.535088944913876	0.531385617988132	0.535448588322105	0.53560361865591	0.485509927782607
0.4795019436812	0.481412732818218	0.470974855948828	0.461436466711107	0.464041943289869	0.467878196773684	0.354050054261621
0.552580224547681	0.548798736533729	0.543193611884242	0.539358567142989	0.540917754198887	0.545532738585245	0.495595990211951
0.0857869709182497	0.0846150559751059	0.280392341178242	0.162012801344579	0.194535080832712	0.199488142608556	-0.0577074580561801
0.646502517854412	0.642900091718813	0.657478389129431	0.651106427542827	0.653608317831531	0.653213767267922	0.687154274390841
0.195653329500207	0.198319785076752	0.288214437695537	0.2247683716918	0.240305836337335	0.239245128103717	0.0629188750378422
0.505710277585831	0.50120371747363	0.495518120195729	0.480751335784915	0.491240774470766	0.493247498615257	0.387642417490631
0.368990831854252	0.370852385015101	0.382291290825297	0.354950412238042	0.367382066016574	0.365628625742535	0.206711137348424
-0.0295127366556163	-0.0222564716258024	0.200201280824946	0.0562861902012374	0.092637927007027	0.0925591684340357	-0.0952565097478319
0.325318391514499	0.311921026941804	0.354393572254477	0.317938534555733	0.325464455820488	0.3301984895634	0.1451623540698
0.412169761766735	0.416589359700542	0.410895164179455	0.392266508757464	0.401671828965966	0.403138949923473	0.259442722378572
0.423365239972089	0.421526434343692	0.419359578175343	0.405429463921349	0.406541126924386	0.407999878387802	0.269960156788695
0.491290254524132	0.489712860634845	0.475227462410726	0.469957795708458	0.474609798425425	0.473254690367932	0.395676028188719
0.442608647866193	0.44613759570006	0.448246305589804	0.423191917231826	0.437043743952383	0.435723557154988	0.276589958901821
0.293865604144322	0.291845379309999	0.346267261142668	0.297883619762831	0.314023819242754	0.309699492876874	0.124851629912874
0.371634936734631	0.377225206319216	0.393278229293675	0.362769602923367	0.368609309973386	0.374001581385323	0.197937966914185
0.496085717454871	0.494779739059351	0.484118349771102	0.474199833037829	0.479946619603439	0.479837288171864	0.399164684533559
0.532612191434079	0.526230793942228	0.522475469542987	0.518526077173216	0.520091282579598	0.52055992702975	0.433953783317262
0.525904151376088	0.522089853268862	0.511814257761886	0.511585932181991	0.511516002594116	0.511334160445893	0.43293418097716
0.375085424277836	0.377406105528056	0.392792332981624	0.357661053720896	0.373243328413589	0.371838049008806	0.189475837173387
0.501658063334105	0.500492073198396	0.492091639452832	0.485198139481997	0.491697941279875	0.489681051908308	0.391783524041984
0.168894046698025	0.168237248698795	0.300750622805082	0.209938733698206	0.240013951253961	0.237658917849088	0.0126185558126479
0.513965825852003	0.512308605377302	0.503232338293304	0.497674940716364	0.503429316829863	0.501496567613791	0.420293303679738
0.292127353324332	0.293766821195591	0.362943395474115	0.311522765460689	0.324057875624547	0.326314404863052	0.0973679086489505
0.516126847653343	0.513984403805022	0.500762903838148	0.498867986076148	0.500264073859511	0.501609421150538	0.446450297373322
0.496421814685451	0.496621411690367	0.49410851982025	0.472815193507403	0.480002523783652	0.482839632556539	0.361372288066767
0.392683230744666	0.38794556588255	0.416884568550672	0.388536576815329	0.398576135528289	0.396124467610755	0.192356254046787
-0.0693277689792783	-0.0747724014201766	0.239650667413001	0.0640632513976048	0.104271400513533	0.0993726093917472	-0.166595146908153
0.438441341294423	0.436349468886644	0.438748460991073	0.415882478239066	0.425594441590527	0.424212887502005	0.262867387871095
0.176446261541296	0.177601429369725	0.288229895817607	0.211958154107747	0.230858579436976	0.229818990543162	0.0372165596854491
0.513395145567902	0.509743324111773	0.504715437476384	0.492878565361066	0.496273739967727	0.500617868214593	0.395902352081416
0.659530299265047	0.659073213982341	0.665231899410755	0.669551140871267	0.667557958392778	0.672846278696124	0.724465399294599
0.430524243331708	0.43500383049884	0.421809120219444	0.410616301222828	0.415672697006695	0.417857392622774	0.304942705060972
0.409311272375644	0.413955016637682	0.413031253083372	0.389651766382374	0.393974440081937	0.398196787568113	0.246493682954255
0.473479519877229	0.468906859589611	0.462882779326924	0.451480927821382	0.452698331170239	0.452800101210614	0.329127902694373
0.520590896256415	0.516268481832424	0.51546179045614	0.509104662580183	0.508906356452662	0.50637733819201	0.409555379112762
0.810504135515218	0.814438880283773	0.801487669188468	0.830114405647864	0.816822292719706	0.814637560833507	1.00065870758426
0.474501269362553	0.471551970685368	0.467850246444352	0.454146912901789	0.468554560842026	0.462408267299088	0.316244387171721
0.590489111458478	0.58921474675165	0.589347967042907	0.58978174866307	0.59218715711582	0.590375866931812	0.582796800066687
0.366243571514107	0.363064651111573	0.411088327084694	0.360234394965681	0.383716700855335	0.382133709618436	0.139642656977073
0.440633530164693	0.441934601647343	0.437944172682355	0.421348327241407	0.432730852634467	0.428628551458833	0.29288295421027
0.537192708528129	0.534798340978438	0.529588290956603	0.524381213473388	0.528197125854942	0.527214039583631	0.46371931023827
0.330444996337464	0.331765281599776	0.364187022723351	0.324383305331738	0.340036946378807	0.337563820920765	0.155153166561569
0.598334727506472	0.596895345407134	0.600641757365762	0.599267966794854	0.595818590271097	0.596914278257331	0.596792611439501
0.342558479871675	0.34621296318048	0.391874864397756	0.344846821682773	0.359541681498849	0.363252217312524	0.138931611319028
0.337079342251887	0.344036849718182	0.363800005293484	0.326014558479948	0.33941549259643	0.344129354180399	0.175460830933498
0.232489742883685	0.238236902575273	0.318126620033021	0.260639494411297	0.275905652817328	0.276059745054857	0.0708606758652899
-0.193744348048463	-0.196543333002348	0.197908328776105	-0.0308458059863116	0.00388907614390801	0.0062642875344337	-0.251180394951186
0.0144897358680901	0.0198429243389951	0.246753828449891	0.112598041851339	0.146528064990473	0.144870740978546	-0.0865157457289261
0.741226566088063	0.741979450934481	0.751900656218089	0.758352488492327	0.757715598009365	0.757384468910177	0.858079375156691
0.52978937538145	0.529510604385712	0.52529771551767	0.526100309241138	0.523974494051683	0.522732897098418	0.44636060987046
0.0944106669285459	0.0912937249334313	0.266731345951392	0.160676978828675	0.191380073083509	0.190788189805154	-0.0331380143225509
0.367939486596124	0.37274216671746	0.382706458571688	0.348494514904481	0.365690796548471	0.367173116562105	0.191608724717353
0.184390014069746	0.178718104737508	0.282213529453519	0.209439176272718	0.233425996928694	0.234611615292328	0.0472932576048768
0.588059500398273	0.590399858898759	0.587402967095689	0.587475040569031	0.586524910025329	0.58615037442187	0.577096804418637
0.59841548832305	0.596910468920554	0.598202401321868	0.597405095539855	0.594395078467278	0.59373030077207	0.594172874286493
0.208182889790128	0.216111523608286	0.291222668355774	0.232220858551247	0.252727908642012	0.248765488145614	0.0776625433922518
0.276749337823484	0.275735675261991	0.331685092966684	0.287124160806992	0.300164154693239	0.302999144028834	0.112374426326601
0.346327328394783	0.343376262818783	0.375919517824007	0.332096933408778	0.354815868106297	0.346651905051396	0.155599557858969
0.489788580239611	0.485965594720832	0.481224990949459	0.470474597556183	0.473465935421063	0.476608455998751	0.361468026269614
0.43489583096628	0.438656274271691	0.441018895432411	0.414552366905223	0.426555691549102	0.42691544059391	0.260943152127833
0.538959537301689	0.538538926802149	0.528749220022507	0.522687684512271	0.527779670986119	0.524854262095741	0.453985522477487
0.29090674521091	0.295311677319654	0.336211503759771	0.297648987484319	0.311739612984155	0.310056213209799	0.135098387875233
0.378803940447045	0.381138907246219	0.388918467334372	0.367330795871269	0.378303630615745	0.376494678816665	0.223436172997403
0.298639453931563	0.290816060627511	0.334693707339518	0.285937026144284	0.309438649239841	0.306204868577202	0.132290833960096
0.159144632904017	0.158830951980194	0.304605046602209	0.209148799249346	0.240953877469125	0.234843180037804	-0.00377021939624952
0.548067265069928	0.54580715501286	0.53756556276547	0.528686150045881	0.536504203904601	0.535512437533517	0.487011477660965
0.625029996198419	0.624932710587741	0.623152370281064	0.628432193358735	0.627667778401526	0.631061234798477	0.659497741832838
0.582373688890073	0.582186332097976	0.580575976674073	0.573865923521506	0.578594658493361	0.57682462810174	0.562358415932399
0.436261486309023	0.433208783566733	0.435175912696347	0.414048084937382	0.425635864947969	0.426315595846744	0.264287755450239
0.488644937589954	0.487666069726298	0.474793777235335	0.471681024115741	0.477486589600732	0.473422354144965	0.393122609448082
0.340451316887456	0.342834069743785	0.36777312494554	0.327061642453952	0.34708246091715	0.339743676625234	0.174145182210373
0.269876859841747	0.268405664077785	0.358813594723713	0.295216765411974	0.320129365056532	0.316305968239195	0.0610470699868433
0.443257848353247	0.447217182261327	0.43985737886204	0.417054017489012	0.43174017332764	0.424940116102462	0.292779321151056
-0.0289518468400609	-0.00884195700842557	0.255581504719546	0.100724949629514	0.136983130884271	0.135304103668077	-0.128785930011383
0.160928434815677	0.162012799677331	0.282521208582655	0.203792116000304	0.22662658348686	0.228589175901324	0.0154949630532669
0.378712787760951	0.37721158304737	0.407412921517076	0.367976915592607	0.379466618778831	0.38945258125097	0.172578584800573
0.576092387972205	0.57399060501885	0.571784657156227	0.569966026755167	0.567477227826454	0.568697131171622	0.545014268170411
0.346055300902395	0.351549637582764	0.400254736502101	0.350589227600376	0.372241274305962	0.363926785942005	0.112364743195024
0.643243504406313	0.64817867546364	0.654380778782492	0.658930147761604	0.653176555980626	0.654899296078603	0.706822370094204
0.570902858559138	0.57724428080893	0.573504551395034	0.572140260105184	0.57215212709814	0.572996855682497	0.537231153920476
0.375515331093954	0.378921554999081	0.381897193881013	0.356692842639304	0.369378672232237	0.363969063160071	0.220615213261041
0.596666300341189	0.594817118111886	0.596589537838082	0.595932167214946	0.597167080036362	0.59288946055868	0.591623013961204
0.586548942377704	0.586976271485592	0.583458762114672	0.58234553621301	0.581206695117579	0.582767479321244	0.571942657134964
0.0382210800247096	0.0417555477625488	0.238346619097573	0.121830212759369	0.147656473212961	0.143521899034866	-0.0535511552243984
0.256862580279266	0.256646707942296	0.328738008812971	0.266514325255984	0.283086993551763	0.28642406749984	0.0856269104798352
0.320533449652746	0.323256379542871	0.336996092968657	0.307630632475214	0.320825564855975	0.316808320753445	0.186560349390179
0.379476801202479	0.375770895310767	0.395564813628036	0.359621194976886	0.377180021317491	0.374919619680521	0.197623904130481
-0.0640299735670424	-0.0683937623739106	0.256844674021441	0.0672109682344173	0.120082086186694	0.112838907160023	-0.183914009184963
0.137559563068897	0.133396269895667	0.311588006141802	0.213093480035564	0.235097902931581	0.232679375645499	-0.0365399159148846
0.162199263034505	0.158547828020846	0.306721190528478	0.202138717880446	0.240663472838853	0.237957108347992	-0.0102945728278955
0.498512358399521	0.499601191933681	0.492332533328383	0.480445646738985	0.487996124967072	0.486840903101075	0.37485529921689
0.233950155991131	0.233478703935026	0.304456619317353	0.245167536394255	0.267455817392327	0.264920892479752	0.0908581246361335
0.553082893853087	0.555401617194765	0.548821686450265	0.542601481840084	0.543736945842698	0.548136835787932	0.500702770305272
0.422221553293645	0.421946353456638	0.42735897532401	0.408050026296079	0.414874167682827	0.421416249700056	0.249352423134948
0.478605000397454	0.472967252608146	0.468913779233645	0.456522484013982	0.458999967838961	0.45850957855344	0.34113518953559
0.368378374033472	0.366527369234242	0.36691412804381	0.344920233709485	0.355624568296858	0.353906205187301	0.233497258793815
0.508375854295163	0.508864088934641	0.501139319261349	0.492494075905902	0.4947609824267	0.497401224133908	0.390447376474176
0.108047930160667	0.110256510950193	0.241962364765999	0.15283658699854	0.181076746055557	0.178385705602822	0.0140066301100492
0.516121964646328	0.514358919010612	0.502654520479535	0.49927553496261	0.50171162192523	0.500013973237839	0.431137712296486
0.507567604934445	0.504776549514989	0.498631664876433	0.486987695085166	0.492364208543964	0.494148433348084	0.394955635197866
0.492860898478843	0.49581576783625	0.479443869876787	0.475244931119006	0.478168479500328	0.478670947277646	0.392815956728634
0.386352372928493	0.378875789109937	0.399909123348583	0.372969927874135	0.383086860420274	0.384996698900344	0.192780368171362
0.0829070596298494	0.0926380109525126	0.290991454144263	0.174477245261725	0.207120814069558	0.206348824641969	-0.0675051793317061
0.345618790884477	0.346064227625376	0.364320544428785	0.329282406864994	0.34045456406075	0.345017114929785	0.19526543271526
0.417514408783125	0.415434118876592	0.414433189874988	0.392478534198293	0.400857659675861	0.399825197403897	0.266749601408177
0.548239167307745	0.548054799218787	0.540854451366219	0.537537139745292	0.538280258926179	0.539604906730931	0.488996299372617
