FMP	RMP	FPP	UPP	ANPP	NPP	ANCOVA
0.99974029949256	1.00070259288175	1.00023645894445	1.00079912196076	0.99988862549831	1.0002310640992	NA
0.999910338429714	1.00041851888761	1.00031607210104	1.00000350183068	0.999738953943397	1.0003878502681	NA
1.0008596541467	1.00062738103146	1.00011998326797	1.0004876447268	1.00019963609614	0.999894646771028	NA
1.00055555526815	1.00050284278588	1.0002887764906	0.999980349918227	1.00096257337473	1.00008069942857	NA
1.00094613266632	1.0001810789468	0.999777731592058	1.00023971097633	1.00032432001174	1.00001039536906	NA
1.00037728337555	1.00056720824468	1.00001881579913	1.00039513410525	1.00038966717404	1.00010992962471	NA
1.00009901936345	1.00043917842554	1.00000120409791	0.999753254241483	1.00028497141306	1.00093497944412	NA
1.0004223752305	1.00017057041935	1.00003371404049	1.00023626798409	1.00011943666059	0.999851634179993	NA
1.00090956453868	1.00034260456076	1.00070309018115	1.00085930585859	1.00066083761334	1.00060666517015	NA
1.00019093693577	1.00071853801414	1.00037854938736	1.00018520116272	1.00010085494111	1.00036181403887	NA
1.00005893654141	1.00002340568751	1.00052733985228	0.999904130172793	1.0010250151946	1.00038333237588	NA
0.999843430381274	1.00041915361349	1.00005098820519	1.00005785135779	1.00001568984121	1.00065457430481	NA
1.00099902247921	1.00014612281048	1.00028372732705	1.00059269800361	1.00016577160928	0.999729958771714	NA
1.00014078059187	1.00013542449442	1.00011192977541	1.00007684286665	1.00008491651356	1.0003889643823	NA
0.999834971451746	1.00049804863037	1.00001786302579	1.00046170101286	1.00022229034865	1.00012911064842	NA
1.00084181677341	1.00191587511725	0.999929010006913	1.00005121209048	1.00022891643751	1.00001078213536	NA
1.00035501546184	0.999973866024709	1.00062296404262	0.999913844900517	1.00006440782184	1.00011831453066	NA
1.00012741563403	1.00036623431462	0.999885319750439	1.00054606594511	1.00010454632497	1.00048725422469	NA
1.00056028999477	0.99991982940203	1.00129858663668	0.999881540088017	1.00005239345335	1.00023780381226	NA
1.00010668921593	1.0008149006005	1.00000860210305	0.999743817772361	0.999884258917892	1.00027594088876	NA
1.00001952911965	1.00016773898147	1.00045103443356	1.00017485693354	1.00066911442696	0.999851791497926	NA
1.00001741088131	1.00001017590185	1.00011613527967	0.999950299985594	0.999922625479965	1.0003568333171	NA
1.00007513462275	1.00068210448162	1.00017055689597	1.00116609784909	1.00021245344494	0.999831432145722	NA
1.00012047434102	1.00161210414684	0.999791077538333	0.999955806746545	1.00070603428164	1.000395283586	NA
1.0001290359389	1.00051466460108	1.00039396475136	0.999926536039429	1.00093667994676	1.00013759497766	NA
1.00010273242261	1.00021850966843	1.0000466367743	1.000124864563	1.0001382609422	1.00033453190303	NA
1.00008937473362	1.00083963109928	1.00038799969038	1.00055664413818	0.99978044990605	0.99999318589795	NA
1.00007929954373	1.00068195059054	1.00036386851286	1.00090242552221	1.00045409820443	1.00012226951417	NA
0.999909087906908	1.00045685247234	1.00090460376198	0.999974036507219	0.999888374130567	1.00020823520219	NA
1.00032588898873	1.00003191831023	1.00012429700447	1.00035523857911	1.00010824887577	0.9999107545833	NA
0.999828861420045	1.00006330742879	1.00047802685684	1.00060902282246	1.00006878514635	0.999769416479554	NA
1.00017583929923	1.00057481916706	0.999879313636465	1.00064701905951	1.00039619545216	1.00020391893135	NA
1.00042915775901	1.00013462319264	1.00041939366644	0.999793121183126	0.999943479450103	1.00004658393653	NA
1.0003791362174	0.999988766348813	1.00007369340562	0.999940979287312	1.00026470958376	1.00012982279739	NA
0.999912401091956	1.00019307775892	1.0011427585067	0.999849316600338	1.00079501238546	1.00036794746776	NA
1.00031478323788	1.00004916282717	0.999995967817215	0.999780556234056	1.00007121061625	1.0000332592691	NA
1.0001707143515	1.00040760993252	1.00055205269255	0.999688334435042	1.00001210323068	1.00033162441387	NA
0.999969747885352	1.00033950156435	1.00045232083964	0.999941057702091	0.999921178603977	1.00085326632458	NA
1.00016121396129	1.00061263863328	1.00010964546376	1.00013092789879	1.00062380596848	1.0004152805615	NA
1.00055647703017	0.999949486199276	1.00028008459529	1.00069528453623	1.00044619914126	0.999962903252174	NA
1.00011485261406	1.00030902220226	1.00028236627626	1.00027405421632	0.999884642852334	1.00028563589177	NA
0.999938899586813	1.00050269725516	1.00045205602387	1.00033968697399	1.00003947681646	1.0005890767019	NA
1.00037414495951	0.99986328816764	1.00004057865403	1.00072578017529	0.999707104852355	1.00012639791656	NA
1.00005871368499	1.00004912611404	1.00047038111714	0.999850321515397	0.999698511422884	1.00056136122141	NA
0.999952418573403	1.00111483612843	0.999838952711797	1.00012657004064	1.00007299334261	1.00040350968453	NA
1.00214628067286	0.999890041928448	0.999971364784074	0.999947554261714	1.0007283797736	1.00015938511075	NA
1.00058012283687	1.00051734649122	1.00009413958091	0.999750229705282	1.00001398276708	1.00013636091381	NA
1.00008307349087	0.999866294657207	1.00002569280332	1.00028887203194	1.0007414813486	1.00104969417043	NA
1.00077345080791	1.00006951312021	1.00026664714518	0.999995989865919	1.0004339349352	1.00005853476122	NA
0.999726786737987	1.00106107814788	1.0008178209576	0.999848606270859	1.00023842083192	1.00065370146208	NA
0.999955746336277	1.00059451964761	1.00029339782345	1.00034453113754	1.00024042185877	1.00038822457621	NA
1.00016587820827	0.99992694993574	0.999974002945275	0.999954300831492	0.999967627389365	0.999853484363476	NA
0.999755028128716	1.0000263041535	0.999943008313346	1.0002977831254	0.999878584077031	1.0002796990795	NA
1.00006762308586	1.00040446429394	0.999868324642701	1.00017859001703	1.00087164914621	0.999913025066634	NA
1.00050812351643	1.00082681316373	0.999942084162631	0.999920393674624	1.00054645273855	1.00007996042206	NA
1.00094197991826	1.00005919871519	1.00003060443628	0.999757821868887	0.999962754643463	1.00023564057542	NA
1.00038578825159	1.0000422014966	1.00011084528443	1.00022487037905	1.00034442421618	0.999881336471526	NA
0.999935790056988	1.00027123984341	0.999818299670074	1.00062013007949	0.999961404822485	1.00030486649248	NA
0.999994299215696	1.00023110258011	1.00019060351942	1.00013002469254	1.00001844188889	1.00030957547286	NA
1.00039664606667	1.00011135784603	1.00039281083315	0.999990484463025	0.999824952898456	0.999788289234152	NA
0.999932161850806	1.00027495873528	0.999845039287501	1.00011120968985	1.00003953647928	1.00022376106518	NA
0.999816400762432	0.999927241806985	0.999864722666116	1.00022406476867	0.99990221056382	0.999829870436636	NA
1.00057866163973	1.00077122662623	0.999775686037513	1.00045884489786	1.00047616467103	0.999803890001713	NA
1.0001152493698	1.00054941104286	0.999938360004422	0.999913016466817	0.999890893790746	1.0008490480398	NA
0.999965492264745	1.0005096624659	1.00018620404646	1.00184615323067	1.0002174202585	1.00015231378256	NA
1.00020655826109	1.00007565360646	0.999947989549451	1.00010575364783	1.00009458407181	1.0001249436459	NA
1.00038409414275	1.0002170729245	1.00010739460235	1.00079256149744	1.00069812077587	1.00125680710778	NA
1.00007929740231	1.00080464494103	1.00011980972961	0.999994844258493	1.00033110291591	1.00065327289791	NA
1.00011416287036	1.00040884520225	0.999891249505161	1.00034410674531	1.00000337463361	0.999757722100816	NA
1.00058342829583	1.00024036024577	0.999913127239812	0.99998236592198	1.00014419149703	0.999835764554569	NA
0.999848961069432	0.999816175520092	1.00020422414471	1.00027926169197	1.00020342246085	1.00089685077792	NA
1.00045302554549	1.00062618872344	1.00098117755711	1.00033822711659	1.00020662882175	0.999926019782029	NA
1.00060433223727	1.00057247200795	1.00017915084462	0.999968563710696	1.00041093519959	0.999922416968739	NA
1.00019901081035	0.999881269255111	1.00002223693862	1.00035488642457	0.999693327141464	1.00032714593622	NA
1.00058606845165	0.999973512163194	1.00019151919156	0.999991858198279	1.00034192211362	1.00038104681854	NA
1.00041101393797	1.00015742653723	1.00016214642778	0.999764954755635	0.999989632752076	0.999847651463302	NA
0.999976598066996	1.00028425749065	1.00012528965814	1.00027650055545	1.00122477392535	0.99995287424612	NA
1.00073084163415	1.00028880584012	1.00000221196467	1.0004218182328	1.00041604047585	1.00013348465516	NA
1.00156314961689	1.00115680431787	1.00009181814851	1.00039029405191	1.00021563676587	1.00048523062239	NA
0.999938751407541	1.00098676458373	1.00007224334908	1.00039838421153	1.0009634890328	1.00014558160551	NA
1.00008905603723	1.00119806670275	1.00011803191394	1.00029099349764	1.00057319572564	1.00003135972991	NA
0.999799314711185	1.00034636611785	0.999819498852019	0.9997684517489	1.00027207793352	0.999881267441479	NA
0.999900256748147	0.999934150682159	1.00084655814559	0.99997666251071	1.0001175435939	1.00022651427292	NA
1.0001745686898	1.00073907508372	1.00001039155775	0.999991762566293	1.00054170211115	1.00021405471825	NA
1.00064980778146	1.00025254782459	0.999749402596669	1.00024291744725	1.00033573787021	1.00051368204199	NA
1.00020418311062	1.00022785855329	1.00018873312557	1.00017617308229	0.999769488498283	1.00010929213203	NA
0.999959855730438	1.00021529288502	0.999773280177442	1.00028574055626	1.00065558960513	1.00014357003242	NA
1.00133131843952	1.00025308578837	1.00006941186861	0.999954147274377	1.00039626030315	1.0008950515699	NA
1.0005687576247	1.00008643125978	1.00013457645852	1.00028354643092	1.00033957521745	1.00043969387118	NA
1.00073328290329	1.00118973263629	1.00014747829854	1.00011293296963	1.00066879384259	1.00084730303079	NA
1.00115421956745	1.00043058328131	0.999977787448114	1.00030212579084	1.00039524682471	1.00048022329408	NA
1.00010546358834	1.00031131671634	1.00032964439575	1.00078363197395	1.00011750742622	1.00046802106283	NA
1.00025149427859	1.00003468835587	1.00008080433484	1.00018731722466	0.999768798620198	0.999999938548703	NA
0.999822589573239	1.00012998028502	1.00054572295917	1.00006093474013	0.999903251811047	0.999904880373482	NA
0.999974646745655	1.00031996333569	0.999720104711458	1.00016631399212	1.00027848932038	1.00019994226092	NA
1.00052639969549	1.00015908068836	1.00018531689004	1.00043173723081	1.00008200991278	0.999867413080328	NA
1.00047361624487	1.00087695859099	0.999837377794281	1.00073835059431	1.00206907954126	1.00034291874242	NA
1.00062397222465	1.00074413626763	1.00024243266448	0.999957985780872	1.00061869084745	1.00005477542793	NA
1.00028325659441	1.0006591138305	1.0004908116066	1.00031218937756	1.00002388245644	0.999778735084159	NA
1.00117020442514	1.00068973388231	0.999913774682485	1.00024138277745	1.00003872816018	1.00001217716464	NA
1.0000893148815	0.999948485998502	0.99966466980181	1.00039979217985	1.00021735583629	1.00045141716625	NA
1.00041356164387	1.00019379054961	1.0004173298791	1.00014601432302	1.00037045725504	1.00039111647137	NA
1.00047939099597	1.00077622422117	0.999955396283285	1.00026590846511	1.00004876838118	1.00099887505223	NA
1.00050410515963	1.00006295696548	1.00007494601795	1.0005957916787	1.00062975376906	0.999878826672835	NA
0.999794632362726	1.00028383973304	1.00006569762228	1.00044875802091	1.0004884004134	1.00002143554175	NA
1.00058394294399	1.00033930241612	0.999943964950783	1.00022410524658	1.00031816221672	1.00054113501292	NA
1.00062536085496	1.00022153880407	0.999949241574422	1.00014468204658	1.00123209251757	0.999934039798777	NA
1.00050137034737	1.00004342969939	0.999913492573805	1.00002164296031	1.00026301789269	1.00051154933568	NA
1.00090130355135	1.00031923210833	1.00035944002524	0.999788971074435	1.00004832391111	1.00034104251937	NA
0.999974938619915	0.999973943552266	0.999775187235177	1.00024367162294	1.00007101088902	1.00041725074234	NA
1.00126832447595	1.00045315795281	1.00050560292096	1.00019277396876	1.00029378682221	1.00020519342424	NA
0.999887798539947	1.00069339053551	0.999923932369997	1.00075222117361	0.99982230060918	0.999996442821671	NA
0.999903445097825	1.00021436550061	0.999727010115025	1.00020583051474	0.999779467387905	1.00016859703	NA
1.00053236436147	0.99990438134448	0.999766730771425	1.00019908185941	1.00069865620867	1.00065882231773	NA
1.00043343596908	1.00096045668231	1.00012071988748	1.00177136969651	1.00190975009553	1.00054937483169	NA
1.00035083579399	0.999991712802991	1.00030266444451	1.00002483613428	0.999918527324244	1.00026449514182	NA
1.00143232943084	1.00009122192598	1.00051937831535	1.00000542637621	1.0000199485058	1.00031914944735	NA
1.00033586769246	1.00052390024752	0.999893987822483	1.00011063412944	1.00005329495482	0.999927243326134	NA
0.999923220567803	1.00042927702061	1.00004946916036	1.00094109127138	1.000029754453	0.999801153441133	NA
0.999769535601204	1.00030484599944	1.00007117388347	1.00038609508061	1.00067526789097	0.999890016299058	NA
1.00080018618384	1.0001634427517	1.00035535586731	1.00036496031932	1.00002562237311	0.999814167293961	NA
1.00104969596035	0.999893427834084	0.999945009462003	1.00121410176779	1.0002549983859	1.00018918629169	NA
1.00084285934636	1.0003035971586	1.00031677572493	1.00050866630099	1.00009648955166	1.00074352034596	NA
1.00047683979023	0.999824741003204	1.00020528136024	1.00018074794781	0.999916582419503	1.00106882994692	NA
1.00029680597545	1.00126892077076	0.999996941438156	1.00067828684898	1.00001671261122	1.00026923037206	NA
0.999941721855349	0.999928261757031	0.999798916366954	0.999956001142957	1.00135582393715	0.999738206160137	NA
1.00108619325556	0.999952271893402	1.00006326137795	1.00068153456753	1.00042795001425	1.0001889851818	NA
1.00077254173874	1.00145590722931	1.00041451233687	1.00054142337153	1.0004398242146	1.00080633534155	NA
0.999751290543918	1.00025932470719	0.999789340633807	1.00088691653959	1.00038438088669	1.00040893439423	NA
1.00020125023239	1.00034130743856	0.999810286448054	1.00036560517759	1.00071476565838	1.00024229828932	NA
1.0002118105342	0.999883232767024	1.00013940048568	0.99999574663295	0.999963461804867	1.00038293152244	NA
0.999992886839263	1.00045066515957	1.00056166844836	1.00020651409908	0.999958189761228	1.00043246495626	NA
1.00087995007981	1.00065412590621	1.00021362998839	0.999825340397523	0.999953914105095	1.00053888995161	NA
1.00036038293198	1.00016167286108	1.00024372330654	0.999919086583395	1.00041278940801	1.0013891670823	NA
1.00037777820428	1.00084437865963	1.00010375869346	1.00046134973009	1.00025387170203	1.00008481270543	NA
1.00056744108371	1.00009231172928	0.999721231456947	0.999688208251666	1.00073766508048	0.999907813999841	NA
1.00032793395326	0.99997656440205	1.00023854866666	1.00020600137522	1.00000114289695	1.00002669394623	NA
1.00028762749197	1.00143853832754	0.999823712858599	1.00029095599622	1.00010722182492	1.0002352167985	NA
1.00019245643273	1.00052154396229	0.999781964590701	1.00010945438981	1.00051936881691	1.0005542586851	NA
1.0004200063241	1.00049966646455	1.00026023416611	0.99971337712828	0.999876599050123	1.00023756219235	NA
0.999834188593587	1.00038458787878	0.999968140799415	1.00027810775442	1.00025396936916	0.999966362653809	NA
1.0003993290701	1.00005303762104	1.00054780173335	1.00065481287406	0.999986733158797	1.00081746970121	NA
1.00025918883376	1.00017052150312	1.0000696369852	0.999951597713887	1.00002570763065	0.999917245042541	NA
1.00023893448009	0.999962585804581	1.00058063094571	1.00014501890178	1.00001433336025	1.00017206065665	NA
1.00019709308546	1.00027353470233	0.999855938110641	1.00028774539994	1.00141485978669	1.00034828369902	NA
0.999708576742693	1.00009995646295	0.999775987499449	0.999867911452345	0.999804616572632	1.00051858619066	NA
1.00019806768024	0.999868873937236	1.00003531742044	1.00072457586619	0.999780482680184	1.00037773470567	NA
0.999834519988792	0.99992936567727	1.00084484434623	1.00139924927598	0.999815184901029	1.00062087462501	NA
1.00038053159022	1.00037698997477	0.999811219710109	0.999960780395025	1.00030194501553	0.999948688016245	NA
1.00153420473931	1.00069595137896	1.0002090488504	1.00012883554104	1.00088864109326	1.00028371560574	NA
1.00079213547366	1.00008762614876	1.00004861215134	1.00039371673222	0.999786151422046	1.00003893495027	NA
1.00012848707983	1.00094262852823	1.00016427738044	1.00024752601155	1.00043357480187	1.00021442239937	NA
1.00007026184731	1.0000873409435	1.0000716419795	1.00010111457795	1.00069108086231	1.00089348833193	NA
0.999744313697833	1.00045116300233	0.999702614953531	0.999914306331176	1.00033632829464	0.999649101195368	NA
0.999988882321018	1.00087454468867	0.999945749417328	0.999865722924975	0.999928693959428	0.999954128589781	NA
1.00125088712898	1.00060051738571	1.00019600031747	0.999907018701734	1.00055892646752	1.00020348253479	NA
1.00005744688012	0.999925832400488	1.00106354367295	1.00010463298201	1.00000867113746	0.999967537745878	NA
1.00111412578468	0.999895241647847	0.999924024375727	0.999928905096149	1.00091752167673	1.00099941616213	NA
1.00033619094329	0.999929217283121	1.00025962760246	0.999856017949384	1.00026193011885	1.00063621497862	NA
1.00054901585759	1.00039433543508	1.00014620373041	1.00136687048438	1.00130476173851	1.00008319548029	NA
1.00158057276878	0.999776020408203	1.00030129110071	1.00029163321775	0.999894453415363	1.0000632789444	NA
1.00002480984986	1.00075901766038	0.999842485602157	1.00014149944229	1.00046665447858	1.00000375723795	NA
1.00000715963552	1.00090300486567	1.00030659480438	1.00063129208076	1.00049862201056	1.00014938782885	NA
1.00061400260246	1.00074872621074	1.00021164004306	0.999820739576737	1.00005880217054	1.00091341350633	NA
0.999829305246418	1.00063635863197	0.99978708907217	1.00085645730489	1.00013306408113	1.00008323337822	NA
1.00084007194159	1.00004005098305	1.00012207640181	1.00026685741619	1.00034141268364	1.00001890218213	NA
0.999762548636526	1.00044567551152	0.999891220727762	0.999943572894544	1.00035420590869	0.999895506787623	NA
1.00004054910644	1.00033191774747	1.00004550020668	0.999859800254982	1.00021643421029	1.00102459736724	NA
1.00020974724168	1.00087736075065	0.999802378055882	1.00024953114273	1.00034276026073	1.0005755203087	NA
1.00001472638661	1.00032965662054	1.00012086615115	1.00108771435461	0.999891612588649	1.00055781424782	NA
1.00055621689199	1.00030538538937	1.00003671193098	0.999852758320919	1.0002571770757	1.00068045546006	NA
1.00028012493648	1.0000185941605	1.00021976165617	0.999904588809262	0.999840197095685	1.00077973483628	NA
0.999854840066127	1.0005311732903	0.999922801650335	1.00009487731559	0.999873416141401	1.00027176086207	NA
0.999813913963032	1.00021324122374	1.00017240373606	1.0001425609237	1.0002300678108	0.999693645474699	NA
1.00037900389325	1.00097931755934	1.00024616910208	1.00071691058436	0.999986237094976	0.999955258799707	NA
1.00012523056121	1.00003363588945	0.999728579095656	1.00007777502137	0.999944908214037	0.999731334015046	NA
1.00012868144687	1.00037854857306	1.00068650715932	1.0000377339452	0.999870519359415	0.999740665914996	NA
0.999817502025559	1.00006754263497	1.00014482387375	1.00077446776474	1.00024264750802	1.00044653445707	NA
0.999897918576916	0.999900718652072	1.00013953004771	0.999929770001928	1.00051870031573	1.00005957679341	NA
1.000399949052	1.00079118932311	0.999857846597623	1.00050190417299	1.00025741805573	1.00000506454363	NA
0.99990759468391	1.00000613845851	1.00028608968451	1.00035890019327	1.00018430188745	1.00010563725994	NA
1.00012737613429	1.00166831211062	1.00024868036245	1.00002639200692	1.00004954777841	1.00022991900667	NA
1.00110754351308	1.000464431391	1.00025423380417	1.00078186282483	1.00012214651318	1.00064545577548	NA
1.00030937258838	1.00025800638289	1.00017058092588	1.00016127932791	1.00018065417556	1.00018801716898	NA
1.00029924111957	1.00023640644846	0.999933059773401	1.00021617428584	1.00083043923341	0.999676709265031	NA
1.00084666159217	1.00039660970361	1.00021339051423	1.00015050025182	1.00021870930623	1.00026367503007	NA
1.00022114554237	1.0003148580127	1.00008520563884	0.999860688112029	1.00041506225178	1.00022860918728	NA
1.00072653802598	1.00108917621857	0.999898099435733	0.999887819799222	0.999971089148101	1.00078954446859	NA
1.0004520634653	1.0007968440917	0.999967847527415	1.00013563682205	1.00000088708233	1.00110802907999	NA
1.00071512086783	1.00123188196282	1.0002976491269	1.0016805122296	0.999973969010387	1.00027476681631	NA
1.00113143948114	1.0008137439115	0.999875717350033	1.00051098957257	0.999973661470749	0.999916383655045	NA
0.999983932964522	0.999825347548996	1.00016663678508	1.00014946675301	0.999885796626251	1.00015323177636	NA
0.99995475983815	1.00007246707817	0.999807386080749	1.00058401551534	1.00010447990162	1.00002157197748	NA
1.00042291247941	0.999876832440806	1.00022953379727	0.999864223546295	1.00077777319771	0.999804262877951	NA
1.00024557035071	1.00072442603219	1.00021665897459	1.00025914114233	1.00005425050197	1.00024924694548	NA
1.00004328242617	0.999804432128203	1.00023011059	1.00018396870702	1.00029057584107	0.999927005384522	NA
1.00013336200905	1.00015482003756	0.999803477587187	1.00054688907739	1.00006849140986	1.00024547882994	NA
1.00118725814684	1.00036273927778	1.00035532821712	1.00046669271455	1.00012948841198	1.00103882329727	NA
1.00012444427891	1.00017358946158	1.00036853328988	1.00075163908179	1.00006580071127	1.00063982526505	NA
1.00021356209067	1.00218769067883	1.00044031693381	1.0001866869275	1.00018073640675	1.00047765550949	NA
1.00035243337243	0.999924170836694	1.00006537813659	1.00108148003234	1.00058809957087	1.00095497288354	NA
1.00060883860433	1.00021026199583	1.0006020995117	1.00034278547651	1.00050340200307	1.00004921677357	NA
1.00051357767927	1.00009526738385	0.999905832176857	1.00062965780461	1.00110818165511	0.999993784283245	NA
1.00033625453601	1.0005458971523	1.00015769124235	1.00010185305346	1.00010393405915	1.00068121068146	NA
1.00056154980755	0.999914180954378	1.00025900021431	0.999877507232218	1.00094391033874	1.0009542215576	NA
1.00020336907606	1.00089052701112	1.00022520529719	1.00042546603171	1.00062550050834	1.00032508611043	NA
1.00036887379926	1.00007681271658	1.0009142861764	0.999891019079414	0.999997398406596	1.0002043905195	NA
0.999853929091762	1.00027068988428	1.00020692568855	1.00042581163647	1.00028745243077	1.00032058130804	NA
1.00014803798643	0.999747845403666	0.999805454959725	1.0008206038185	1.00004471999421	1.0005271832544	NA
1.00009738199157	1.00099524794053	0.999993773038255	1.00114157471057	0.999941894964062	0.999932893065656	NA
0.999706396723889	1.0004025801564	1.00101389005538	1.00013343806367	1.00038756207335	1.00019867316575	NA
1.00004003345035	1.00016057513576	1.00011236855458	1.00072154136562	1.00017783957694	1.00100548174104	NA
1.0001269304154	1.00053525774738	0.999882866835036	1.00016120561951	1.00039295547243	0.999748917817901	NA
1.00064799563797	1.00098630451324	1.00051944288886	1.00056884183136	1.00020790431728	0.999772508730354	NA
1.00001212179122	1.00032336321705	0.999982868839276	0.999883655173197	1.00008670984783	1.00025385212555	NA
1.00071272258107	1.00071424507423	1.00011995943701	1.00051261055036	1.00116870023859	1.00024990443958	NA
0.999950611852528	1.00191600948536	1.00015078240353	1.00051139342707	1.00006247704404	1.00082154798799	NA
1.00039328004097	0.99994935116265	1.00020870014445	0.999750671519857	1.00016075584682	0.999963930578295	NA
1.00069591127355	1.00018528282005	0.999757695063245	1.00006387661388	1.00078727702227	1.00029781782254	NA
1.00040644677335	1.0000090623909	1.00113883682267	1.00003689309484	1.00069758207797	1.00070436696595	NA
1.00023773774684	1.00000936340853	1.00003075748627	1.0005672871881	1.00049274492488	1.00002200441164	NA
1.00031591017615	0.999898382645863	0.999892026698824	1.00075507564859	1.00126087955103	1.00038164291628	NA
1.00048441519472	1.00036445621197	0.999858974970005	0.999835182075108	1.00035025728445	1.00019455249549	NA
1.00051954982777	1.00000019681649	1.00001269078892	1.00064235046918	0.999889585698731	1.00003617471324	NA
0.999973194157132	0.999892600853093	1.00029055310853	1.00004283214115	1.00047216129706	1.00006318406159	NA
0.999781649484823	1.00018389806201	0.999806079106163	0.999983604096702	1.00018272844597	0.999859497846456	NA
1.00040652830071	1.00005962614148	1.0000581726062	0.999921983627043	0.999957143547916	0.999748518106111	NA
1.00060549140119	1.00011584860673	1.00007868105337	1.00012768906342	1.00020993554361	1.00001157915765	NA
0.999673784785287	1.00063834211414	1.00019459176382	1.00052837932862	1.00018740417457	1.00040786874396	NA
1.00093584631853	0.999869045474505	1.00106913160632	1.00005043562009	1.00002064172413	1.0004429236652	NA
1.00058065244179	1.00127693098983	1.00033409816113	1.00068900012573	0.999713474733865	1.00059250075383	NA
1.00028122211392	1.00017026790115	1.00036374109778	1.00010738690846	1.00022800061411	0.999781086393258	NA
1.00014312699263	0.999832177970079	1.00033985071738	0.999944201525711	1.00003703342077	0.999962087186976	NA
1.00022715778919	0.99977750757296	1.00018615431789	1.00021366837565	1.00020741840166	1.00065638863098	NA
0.999978794360652	0.99979187776984	1.00008379469397	1.00002463266768	1.00027155342967	1.00077410644638	NA
1.00040757801845	1.00027559621407	1.00055982259672	1.00013114281475	1.00043177255098	1.00047433030858	NA
1.00062290457283	1.00032907550962	0.999886889608372	1.00047776618504	0.999834829206206	1.00040245830428	NA
1.00010881208153	1.0002093784159	1.00033337153972	1.00033800968858	0.999941266927357	1.00015163330195	NA
0.999866285366942	1.00066301091227	1.00023182123664	1.0001991077796	1.00105578825284	0.999961796172655	NA
1.0003540575638	1.00019234695573	1.00012748913288	1.00067522013762	1.00081843804121	0.999907458018815	NA
0.999986740528777	1.00001655539036	0.999980367971215	0.999831502812003	1.00014246133823	1.00004974354968	NA
0.999864041525813	1.00059143674417	0.999983561366433	1.00048106693588	1.00042759536633	1.00019010754409	NA
0.999938217799036	0.999929255087375	1.00039490066931	1.00004119822995	1.00012527775203	1.00042643063053	NA
0.999946549053763	1.00052599721071	1.00016749579246	1.00026813546119	1.00020123940619	1.00025501088597	NA
0.999881546097588	0.999912890669697	1.00029483240675	1.00105698901325	1.00076344585738	0.999962380335522	NA
1.00010553225854	1.00126959051706	0.999929588009587	1.00051998770541	0.999749517003855	1.00104508276058	NA
0.999967915949603	1.00068334362824	0.999969944445553	1.0011634237883	0.999898093779184	1.00053524985779	NA
1.00007134985448	0.999998358325433	1.00003003977883	1.00168528282452	1.00078127063176	1.00026022459039	NA
1.00079532389035	1.00059140351104	0.999980989799861	1.0008903800333	0.999946616015451	1.00013739029229	NA
0.999787452089138	1.00081383605063	1.00025753107797	0.999841728414271	1.00015665121429	1.00009941984578	NA
1.00091011376415	1.00025893749096	1.00050924716449	1.00067315919779	1.00131594009782	1.00060968109163	NA
1.00000677406104	1.00045699244118	0.999854670013265	1.00026694598381	1.00053095146243	0.999835114928844	NA
0.999977892545922	1.00043369986393	1.00016067102564	1.00090193359953	1.0001161099467	0.999975014933467	NA
0.999878175525085	1.00048797370244	0.999978298010337	1.00084351382869	0.999917299135286	1.00032454706638	NA
0.99987194098941	1.00057858084942	1.00019547841826	0.999981510301717	1.00065513360531	1.00013457165851	NA
1.00034432405999	0.999992680044858	0.999888131741638	1.0002298601839	0.999901824446026	0.999792931206081	NA
1.00011984256394	1.00025920275288	0.999879800547679	1.0000998677972	1.00042371943574	0.999746917984386	NA
1.00014439206526	0.999828591995103	1.00028912897552	1.00037934328706	0.999922742575833	1.00082205686112	NA
1.00020233218049	1.00093234712711	1.00020114909897	1.00039583740542	1.00042486830936	0.99981387337218	NA
1.00021664292794	1.00046903469479	1.00013610064043	0.999906831280148	1.0006918189402	1.00058119450514	NA
1.00092128409869	1.00049326093096	1.00025491470902	1.00013129850066	0.999717942008342	1.00061921451405	NA
1.00025229761358	1.00086033484376	1.0011489633128	1.00038470772368	1.00058965628823	1.00020534685709	NA
1.00135369916121	1.0001870191045	0.999925510645094	1.00007277241542	1.00037071319213	0.999661822735987	NA
1.00055453926041	1.00085621264976	1.00007418416206	1.00015622706119	1.00046250137409	1.00029225083994	NA
1.00012570665989	1.0003492988824	0.999834596974683	1.00016209433401	0.99993378207884	1.00041740595439	NA
1.00035809471216	1.00055179757383	0.999834332621524	1.00046720718485	1.00055598544549	1.00063764085373	NA
0.999884081532137	1.00051733264746	1.00046344754855	1.00010835861308	0.999984180009955	1.00022978230355	NA
1.0003806272986	1.00035832151222	1.00018359320874	1.00128557407484	1.00072988024391	1.000380122766	NA
0.999844273498906	1.00012545036302	0.999947016592324	1.00108712217698	1.00007686990261	1.0007364206259	NA
0.999704769341829	0.999912848052499	1.00005547584602	1.00043980117469	1.00040592939496	1.00000396637856	NA
0.999866172290744	1.00032319650122	1.00087467832839	0.999827380138767	1.00061072469421	1.00015529417177	NA
1.00105115693421	1.00027863698312	0.99992633310398	1.00030802870354	0.999828391087421	1.00003924732811	NA
1.00000117644331	1.00004454742987	1.00025056875225	0.999811725181119	1.00124261797361	1.00062040853986	NA
1.00119152349957	0.99981006683262	0.999742094104916	1.00014046527928	1.00021175262545	1.00018846020254	NA
1.00042684203799	1.00140673044186	0.999940667560719	1.0008854019855	1.00034098132803	1.00056198160374	NA
0.999860784666156	0.999992144897569	0.999722467982967	1.00031873550291	0.999892772590473	1.00062044187806	NA
1.0000528684571	1.00079207223177	0.999966141948659	0.999889778073589	1.00036203344965	1.00035346099029	NA
0.999860319327725	1.00002070101047	1.000386122766	0.999960818788807	1.00164018899857	1.00005653072723	NA
1.00101573867568	1.00126007791219	1.00000309445897	1.0004383264707	1.00101184132326	1.00050975532102	NA
1.00014313809659	1.00008408309251	1.00013061806538	1.00071751672016	1.0005857801937	1.00015324115101	NA
0.999844660586065	1.00083187263014	0.999941246363658	1.00026438282331	0.99986432798419	1.00016698138322	NA
1.00132451745851	1.00017428802124	1.00022135706243	1.00023880729496	1.0000342140304	1.00062197965516	NA
1.00012984090018	1.00012505863433	1.00018515796402	1.00071828191777	1.0005289595821	1.00017848813155	NA
0.999748903987977	1.0001977107117	1.00034718393824	0.999970416890735	1.00031786092466	1.00000076971512	NA
1.00023254881534	1.00052729046737	1.00010805928054	0.999907491546402	0.999778859111038	1.00025590714886	NA
1.00028462175923	1.00067403612039	0.999882313068533	0.999865979781656	0.999990779557738	1.00044347251141	NA
1.00055326647879	1.00012244852413	0.999862634052011	1.00003396298188	1.00080286094988	0.999781992932121	NA
0.999792998008543	1.00027122950401	1.00025428000097	1.00031558991496	1.00052111335985	0.99994143509495	NA
1.00019700336288	1.00025631681746	1.00051616320942	1.00020097502553	1.00025996663808	1.00147812264686	NA
1.00016869041238	1.00006212527619	1.0002075376239	0.999922007315205	1.00039688190191	1.000161058058	NA
1.00013226009812	1.00015337938338	0.999718524290245	1.00113650407026	1.00064764066151	1.00000429141971	NA
1.00089301031671	1.00069906065155	1.00070669634438	1.00032896427321	1.00050048160539	1.00053562878955	NA
1.00038949922382	1.00037854361905	1.00068403262184	1.00007770440011	1.00086140153126	1.00103796248418	NA
1.00052359635219	1.00011943136702	1.00007633946675	1.0000422010955	0.999874943816729	1.00029560286015	NA
1.00024478582886	1.00006430805424	0.999862250694664	1.0001743333821	1.00075705685458	1.00054270980815	NA
0.999903265501595	1.00019271484544	1.00015355043877	0.999814107014702	1.00000418474713	1.00037091773337	NA
0.999962921324278	1.00040062882878	0.999851650188116	1.00022119596724	1.0005162452711	1.00045601215439	NA
1.0002696740736	1.00018580191296	1.00050459306621	1.00002099764585	1.00102644220417	1.00063133186515	NA
1.00078137884786	1.00031216725976	1.00037698874753	1.00052986176579	0.999740777524637	1.00034648997517	NA
1.00013316232026	1.00088814433642	1.00160020698192	0.999962870477087	1.00092899318273	1.0012313726045	NA
1.00037894249292	1.00021094753748	1.00002807979744	1.00102349561559	0.99986244851549	1.00029503375776	NA
0.999854635330652	1.00057093876197	1.00024407976981	1.00007644025303	1.00062110347072	1.00016927427287	NA
1.00015051286853	1.0001272755099	0.999821394399196	0.999916735685774	0.999851520578515	1.00057693486646	NA
1.00025011547899	1.00005908521327	1.00022520417477	0.999859839088277	1.00047986952793	1.00005759569454	NA
1.00016464224086	1.00006642821092	0.999961225547848	1.00033036587641	1.00034477862016	0.999954813057312	NA
1.00044447814988	1.00041047941077	0.999843479889941	1.00019892269862	0.999760067568729	1.00034936965339	NA
1.00014255623783	1.00027111269205	1.0000063501863	1.00050554749951	1.00048567671344	1.00056431269438	NA
1.00001828669053	1.00017868977244	0.999930085483797	1.0004139360902	1.00045750451849	1.000201887313	NA
1.00021548685699	1.00067533637826	1.00049668950027	1.00033532385616	1.00024299347777	1.00103248703219	NA
1.00044040427337	1.00004612988992	0.99974652915953	1.00086880635138	1.00039562369559	1.00062121185599	NA
1.00014847435296	0.999862161685034	1.00062003369099	1.00158352008902	1.00004549502969	0.999890451406645	NA
0.999783029753101	1.00029088693324	0.999812441705973	1.00049517171627	1.00008756026626	1.00016429036998	NA
0.999967674783702	0.999838613677779	1.00014144878241	1.00010394134464	1.00009717571504	1.00003199880462	NA
0.999973234508153	1.0004503885554	1.00009022111402	1.00005508812243	1.00093953608363	1.00054379136517	NA
1.00124770682309	1.00026962796675	0.999999541656941	1.00065466601266	1.00014546558577	0.999972440785362	NA
0.999888286818422	1.00050803496839	0.999844132729266	1.00022236653909	0.999944699030197	1.00039930253105	NA
1.00012918256289	1.00034885583075	0.999959787794347	0.999969212650876	1.00001097831224	1.00085418322453	NA
1.00028078354736	1.00105723889153	0.999908799036862	1.00041818600047	1.00042309099247	0.999939156254548	NA
1.00056817099852	1.00124636399301	1.00060288977566	1.00038566115583	1.00044234693282	1.00044737102795	NA
1.0002690577704	1.00042797511555	1.00015122677788	1.00017492845479	0.999806387289114	1.00055526390649	NA
1.00008682596397	0.999849700375193	0.999979712414568	1.0000245450244	1.00048728708746	1.00026003386809	NA
1.00035218725676	1.00005527221642	0.99995673877207	1.00001644389868	1.00017921425284	1.00078810821739	NA
0.999846039045891	1.0003310128425	0.999834173830159	1.00044879981648	1.00071277313477	0.999983414373032	NA
1.00124055013995	1.00099056425995	1.00016956581544	0.999968445954403	1.00044312847156	1.00070258786012	NA
1.00102045986264	1.00100245001219	1.00005440078292	1.00011728201009	1.00100144011452	1.00018810438061	NA
1.00013101745617	1.00054272362861	0.999987931351487	1.00031836194374	1.00012918694316	1.00006344773086	NA
0.999994789493592	1.00058296282629	1.00042916575601	0.999905502125862	0.999910088411896	1.00005971870851	NA
1.00079203759802	1.00048803523662	0.999876544270036	1.0001044794519	1.00002664942203	0.999838997308206	NA
1.00062551896571	1.00063530543954	1.00030946216588	1.00097495086008	1.0001583762585	1.00054433632598	NA
1.00047871113322	1.00004429252493	0.999907580650634	1.00056004683312	1.00020837317357	0.999911642093057	NA
1.00080181415599	1.0003593109031	1.0002738155728	1.00037806244814	0.999824712818275	1.00001317078053	NA
1.00051036032512	1.00046593765533	1.00037457873879	1.00016650102084	1.00023401278488	1.00112310799835	NA
0.999830890784699	1.00022583798983	1.00048346018708	0.999917454657217	1.00082614098546	0.999980671022515	NA
0.999911147888788	1.00008493348017	1.00019474649931	1.00002796558553	1.0001658941608	1.00110474503919	NA
1.00014127075249	1.0004037894908	1.00003137868293	1.0001000165532	1.00086351389665	0.999883756461115	NA
1.00013150268854	1.00010576427527	1.00036866423145	1.00065876752035	1.00103064801413	1.00004536015641	NA
1.00028420197225	1.00029655383656	0.999761603061924	0.999768521008295	1.00019743310248	1.00038804755493	NA
0.999984024619949	1.00074333568163	0.99992691306665	0.999768846002541	1.00065117413031	1.00060784618246	NA
1.00052403464116	1.00054037158815	1.00056554714134	1.00010318076809	1.00137942212759	0.999907848918689	NA
1.00015757927974	0.9998770763699	0.999945185140909	1.00046567526471	1.00052892057019	1.00054110765107	NA
1.00026653388545	0.999798881561635	0.999843501845261	1.00000166732607	1.00019288582674	1.0001069891841	NA
1.00065734869745	0.999994554789408	0.999725903059426	1.00017026915237	1.00008615125933	1.00016707693284	NA
1.00010177139338	0.999863999568335	1.00021322052829	1.00059840362774	1.00089714105094	1.00012004722194	NA
1.00022299602448	1.0000442831118	1.00021603811528	1.00142357283179	0.999992178671389	1.00025151806019	NA
1.00015108720923	1.00022413767294	1.00013879872281	1.00025828189035	0.999892438567756	1.00009762275278	NA
0.999860420391673	1.00020427559728	1.00053133403571	1.0013906186697	1.00060383897416	0.999810583454579	NA
1.00012881227846	1.00044227641018	1.00036483743966	0.999695526100501	1.00010872904359	0.999983486511562	NA
1.0002413156509	0.999949983605357	0.999761314816552	0.999822988082712	1.00000664925185	1.00005336475104	NA
1.00020955125931	1.00038985262464	1.00004332190441	1.00123578063174	1.00055369951978	0.999793157234294	NA
1.00036421956025	1.00031237572436	1.00005288571685	1.00037507465334	0.99964925800759	1.00035436098143	NA
1.00009722341157	1.00056600616661	0.999843191626421	1.00017896035919	1.00087992112815	0.999877168551297	NA
1.00003536720188	0.999897464897118	1.00032115732853	1.00000058562215	1.00046445899892	1.00020769198294	NA
1.00029412959512	1.00051554761499	1.00089576154038	1.00016396592604	1.00026788586234	1.00022823953686	NA
1.00048823454286	1.00023974006066	1.00065617099139	1.00019657958169	1.0009367529166	1.0007016721808	NA
1.00016124443653	1.00031280783315	0.999956662169318	1.00012243931397	1.00021218116986	1.00063730243467	NA
1.00031383042601	1.00109968512111	0.999797841232311	1.00070295328036	1.0005969829262	1.00057969001035	NA
1.00018228412276	0.999950568104167	1.0000573576806	1.00077885698839	1.00097082708329	1.00036427612983	NA
1.00071168812339	0.999934952354504	0.999754110840946	1.00012758537333	1.00010735504353	1.00011750405923	NA
1.00054397501673	1.00027086897514	1.00007976183085	1.00031260271435	1.00081598686918	0.999769802612808	NA
1.00068352987012	1.00118625679827	1.00014185623401	1.00054657559121	1.00045072309431	1.00021333981676	NA
1.00016444297641	1.00016219669004	1.00042815501439	1.00009354569016	1.00086623011781	1.00006921369432	NA
1.00000325262384	0.999813238925942	1.00017236984393	1.00050002792591	1.00046740438358	1.00004820026765	NA
1.00073479231476	1.00054558870897	0.999925201711418	1.00059117180776	1.00023252147815	1.00022773882921	NA
1.00044723398804	1.00115679863388	1.00013252397428	1.00054077920595	0.99989380134991	1.00030112203943	NA
1.00024612597251	1.00008073433187	1.00016123261385	0.999954106225284	1.0005891818176	1.00001478381175	NA
1.00010321964585	1.0004248595737	1.00012230059076	0.999977092091932	1.00001487849466	1.00035958348485	NA
1.00016645239115	1.00034779507104	0.99982633653067	1.00005792456552	1.00064896522911	1.00091469782396	NA
0.999857919409902	1.00003203414873	0.999946161278398	1.00009793699394	1.00051519507369	0.999758725673862	NA
1.00017760526001	0.999789019490926	1.00002385250277	1.00082841111869	0.999867548041576	1.00083690711941	NA
1.00090645104308	1.00000055408923	1.00007927391252	1.00008874076	1.00067758972682	1.00102574400853	NA
1.00077620757888	1.00001620020656	1.00002437176862	0.999915539201464	1.00024289023144	1.00066475900185	NA
1.00006489037194	1.00034582449925	1.00006697227546	1.00032199880744	0.999766889050469	1.00016160586363	NA
1.0003087251726	0.999685691545941	1.0007438374822	1.000951345244	0.999936773376327	1.00016264131753	NA
1.00041748774428	1.00027597469238	1.00018792774718	1.00112095611681	1.00072870033301	1.00009883930545	NA
1.00003842790882	0.999765660623921	1.00019589207085	0.999688777460249	1.00085401427709	0.999920658293094	NA
1.00002249751544	1.00039342975217	0.999909992129655	1.0006127526408	1.00000322346257	1.00095999240548	NA
0.999966417054224	0.99994289978506	1.000008547606	0.999961815209273	1.000050005082	1.00106228314677	NA
1.00002183600166	1.00018435683921	1.00039382661913	1.00041702450382	0.999946249348118	1.00007584263091	NA
1.00018503928709	1.00014694598614	0.999952107955014	1.00128538423539	0.999976194767438	1.00031424454055	NA
1.00018469580147	1.00060261975331	0.999970937772037	1.00017651628769	1.00069637971125	1.00016390455513	NA
1.00061716386055	1.00016625996283	1.00027088569663	1.00057943082233	1.00091826899539	0.999931348154533	NA
1.00005043940758	1.00110713244695	0.999929313751931	1.00036798566475	1.00041728687576	0.999955399421594	NA
0.999895562594286	1.00071753104346	0.999973988575219	1.00025052435011	1.00006882755443	1.00069083579438	NA
1.00027472933884	1.00071152505257	0.999974390910119	1.00025015002336	1.00013104125816	1.00021191064345	NA
1.00091295317832	1.00001597093021	1.00000226076314	1.00005604131118	1.00090934578904	1.00013923989993	NA
1.00134487939962	1.0003067288	1.00008010589157	1.00016761660258	0.999885245280178	1.00026879992633	NA
1.00102246139628	1.0000506939344	1.00000856194558	1.00032656810546	0.99979898066415	1.00039449836741	NA
1.00025814332816	1.00006362470671	0.999899051555805	0.99999227566896	1.00007495690096	1.0002317923116	NA
1.00027495381435	0.99997695399869	1.00028035497036	1.00008056216839	1.00095334653777	0.999982057839443	NA
0.999752952298668	0.999897470108742	0.999882762994038	0.999860155263679	1.00008376619352	0.999823077654938	NA
1.000161904405	1.00020708905589	1.00014602433164	1.00024194885228	0.999712176274623	1.00009424001703	NA
0.999957849676814	1.00056407422412	0.999993204739251	0.99991281015136	1.00025488292144	1.00024566930975	NA
1.0003269041535	1.00033697788262	1.00004603221685	1.00093358006654	1.00013816542208	0.999978697770702	NA
1.00075596957051	1.0002053308316	1.000144502053	0.999847305799467	1.00067277302535	1.00017679813198	NA
1.00007426008075	1.00067252671084	1.00039646043725	0.999921009078124	1.00087900516349	1.00048449686861	NA
1.00010068224132	1.00038620585048	0.999794821197062	0.999850297740731	1.00001862788657	1.00040062967114	NA
1.0005509096786	1.00092074155901	0.999948057005678	1.00039449551966	1.00093589074443	1.00013207239846	NA
0.999853082957058	1.00052161392524	1.00017240492884	1.00002969900738	1.00000722576136	1.00086282468294	NA
1.00074893419191	1.00076003234943	1.00011085815076	1.0001605111307	1.00036953635604	1.00019678334722	NA
1.00049820245681	0.999964169552314	1.00004182884891	1.00010920148609	1.00033465395472	1.00058638089433	NA
1.00015152740779	0.999847293534613	1.00016042987764	1.00122453407105	1.00071774225353	1.00020548331348	NA
0.99991685232752	1.00131172597863	1.00084981781067	0.999789990949792	0.999901729768626	1.0001503144848	NA
1.00061819834556	1.0000111664887	1.00040250227196	1.00064735624445	0.999794791244407	1.00056751905622	NA
1.00108700579498	1.00015499917661	1.00021671835767	1.00063042399073	1.00076265624063	1.0006859707092	NA
1.0003745642659	0.999857985484795	1.00029764337039	1.00111584746133	1.00012356029877	1.00038943704624	NA
0.999790113773441	1.00026925215758	1.00053808708875	1.00025736531088	1.00040298558588	1.0002590266334	NA
1.00023371755349	1.00018827552487	1.00064419017839	0.999968361791086	1.00088328754752	1.00052753722789	NA
0.999911319429444	1.00021534213285	0.999917817753532	1.00004567489323	1.00010285610893	0.999787945492528	NA
1.00044025920536	1.00059427662135	1.00021055116307	1.00064557739964	0.999912142305552	1.00014768812308	NA
1.00015497976186	1.00021060356298	0.999926149591462	1.00071256721249	1.00049676992971	0.999946763603381	NA
1.00006660120572	1.00040905413147	0.999752798407697	1.0001146654773	1.00031084967333	1.00123345064369	NA
0.999991746243377	1.00059898185755	0.999948994788186	1.00055957254126	1.00040067126365	1.00113719600353	NA
1.00008734941352	1.00006161648452	0.999936959401862	1.00029522202102	1.00120666894555	1.0002812865495	NA
1.00122593734726	0.999768396218585	1.00076576254798	1.00080163160208	1.00054193332543	1.00000907905154	NA
0.999828605285165	1.00143251722939	1.00019343203836	1.00020888462749	1.00089650383382	1.00020267405864	NA
1.00023815525398	1.00001186628665	1.0003081758216	1.00113242716551	1.00006345322418	0.999930774641186	NA
1.00037578533852	1.00027104481613	1.00056340386453	1.000792676727	1.00023201681526	1.00038418377516	NA
1.00124362460314	1.00093210773169	1.00073229873678	1.00090582949629	1.00055942602433	1.00024885293845	NA
0.999934977954812	1.00005417062743	1.00074992546738	0.999924156654051	0.999820192485697	0.999893145535282	NA
1.00047734535218	1.00064749224215	0.999890108684791	1.00045520454358	1.00012002333863	0.999967705431053	NA
0.999929351661771	1.00092934981657	0.999906021335951	1.00127816664838	1.00013584519785	1.00030241388754	NA
1.00058397142751	0.999852698599069	0.999743314066232	1.00009796328754	1.00020127994824	1.00068041572238	NA
1.00030846740201	1.00116429546327	0.999783287041084	0.999979353803427	0.999706668430811	1.00051644332885	NA
1.00007956956579	0.999777412172843	1.00011553320291	1.0004476605287	0.999884472137495	1.00026008839525	NA
1.00047093808453	1.00035321200847	1.00005392322296	1.00035884955911	1.00098310183086	0.999892684267576	NA
1.00019940681724	1.00004859651339	1.00021968909429	1.00126574960725	1.00040791046044	1.00053492536254	NA
1.00060080774967	1.00030247140441	1.00005182524914	1.00005277205855	1.00047049718608	0.999910380217308	NA
1.00008863249906	1.00033740857797	1.00030327418662	1.0000313925186	1.00072345379121	1.00016713919103	NA
1.00009507488121	1.00013841400124	1.00032961692844	1.00006211277643	1.00020305489555	1.00046279107577	NA
1.00084693638867	1.00047366809089	1.00015704143146	1.00025015767646	1.00125041154816	1.00071504886513	NA
0.999776227900956	1.00101796271995	0.999862211099664	1.00060482267366	1.00109075256186	0.99999066970599	NA
1.00130183880417	1.00069287857676	1.00061819082857	1.0008999206762	1.00024575763893	1.00030800282366	NA
1.00023635867831	1.00063753845402	0.999701930230068	1.0001456137071	1.00007778778785	0.999916582995508	NA
0.999853702062899	1.00025490314982	0.999979790293369	1.00029655316495	0.999998610722277	1.00010085332508	NA
0.999883007839903	1.00062337208835	0.99998797316898	1.00031409219244	1.00028005784403	1.00044754066325	NA
1.00066422913166	1.00096598372662	1.00108302637719	1.00002706899143	1.00069263809366	1.00064956397962	NA
1.00048503374943	1.00026080041573	0.999846608564987	1.00079514806236	1.00024392979133	1.00064077060655	NA
1.00000155778513	1.00101684236791	1.00028919615667	1.00068982911438	1.00039249879165	1.00032943953407	NA
0.999952279357598	1.00087346666517	1.00007441329402	1.00007868280254	1.00035367375153	1.00071617011233	NA
0.999862654623938	0.999923554690371	1.00003717911694	1.00076817633244	1.000696363369	1.00056646768781	NA
1.00003652168154	1.00118930876948	0.999896812349483	1.00030827285403	1.00042170107632	0.999676087864761	NA
1.00045070417834	0.999993531033848	1.00012365774694	1.00121549442702	0.999766400026592	0.999752857712439	NA
1.00018004754349	0.99986995195038	1.00023850859228	0.99986729269288	1.00060138979302	1.00025718449102	NA
0.99994476918233	0.999796344153912	1.0004784975041	0.999907486380795	1.00032701260256	0.999844126392618	NA
1.00009406978673	0.999889384467934	1.0003516527432	0.999996581522598	1.00017673343557	0.999855777704866	NA
1.00005750197807	0.999912873122911	0.999760037819139	1.00057315477616	1.00029493515992	1.0004683439495	NA
0.999958458401593	1.00073073589275	0.999944135286052	1.00014062973729	1.00037555252807	1.00023409662279	NA
1.00059517541153	1.00035134669196	0.999917976548295	1.00017371440794	1.00024133888789	1.00033036611291	NA
1.000033222911	1.00043221719366	0.999842480979507	0.999991724806211	1.00017643210814	1.00021955324376	NA
1.00015117187022	0.99995849412324	1.00011421545844	1.00058280062614	0.999734441718378	1.00035883588322	NA
1.00045709452331	1.00014798448909	0.999886432557811	1.00024733747954	1.00023627010844	1.00090300680564	NA
1.0004265517946	1.00136170142477	1.00034104054688	0.999937093216579	1.00012318523818	1.00007112269669	NA
0.999957391329218	1.00032345903011	0.999797781391796	1.00007326702389	1.00006486670516	1.0005753635058	NA
1.00025253413269	1.00060454112357	1.00016680042819	0.999808311299277	1.00000945700455	1.0001066511291	NA
1.00114254324503	1.00126975450485	0.999789464723437	1.00063446427578	0.999963290129592	1.00011228003908	NA
1.00060667103642	0.999982573048796	1.00020759739021	1.00012949444953	1.00057263460905	1.00011230230193	NA
1.0008739693983	1.00025050651062	0.999834228400493	1.00038727674634	1.00063753753147	1.00019288876464	NA
1.00039527748143	1.00063653980509	1.00011171103941	1.00049579517472	1.00026452175731	1.00038646905092	NA
1.00035394592137	1.00022106575264	1.00054373465732	1.00018002171259	1.00021903010087	1.00052049982583	NA
1.00080069958704	1.00063842560416	0.999739861719182	1.00038888732263	1.00001824786846	0.999973685658745	NA
1.00011120394764	1.0005032004247	0.999831137880073	0.999953763286348	0.999921835166794	1.00051783689249	NA
1.00035077863697	1.00075076503663	1.00015747383802	1.00087432871537	0.999800070124425	0.999969032818511	NA
1.00053086258897	0.999995626954229	1.0000606338225	1.00061782224782	1.00007589739668	1.00037258241678	NA
0.999902787154259	1.00058230216602	1.00010481680562	1.00097933408996	1.00085895053865	1.00037352809629	NA
1.00071051465073	1.00092059355945	1.00026304275187	1.00039456280367	1.0000988290272	1.00024977691712	NA
1.0004095557105	1.00031208362937	1.00064440634493	1.00027944970878	1.00011626471326	1.00021256461164	NA
0.999849041402836	1.00029838862789	1.00033217945103	1.0004372336762	1.00011764827223	1.00037012237628	NA
0.999885433400446	1.00101479727626	0.999760891696453	1.00008203647357	1.0005080974178	1.00048923661212	NA
0.999878014902872	0.99979094095624	0.999977800282239	1.00028580428959	1.00020186220411	1.00100051520418	NA
0.999797484280514	0.999938481936062	0.999931356809927	0.99988935371576	1.00026428475872	0.999779625145289	NA
1.0001215592927	1.00013787371944	1.00033694761517	1.00016566430891	1.00003439541387	1.00027217944494	NA
1.00060656048256	1.00025159472908	1.00026288111643	1.00038318425014	1.0003561287553	1.00034575048431	NA
1.00011013417898	1.00050438799408	1.00004122854013	1.00064312658552	1.00002849590073	0.999795678209035	NA
1.00055288056295	1.00004436034623	0.999770773054277	1.00082523755099	1.00030613248487	1.00031618058635	NA
1.0006072521639	1.00110351802364	1.00038905686327	1.00020245943738	1.00011882300318	1.00108310032366	NA
0.99980624661506	1.00036026102458	0.999980691413226	1.00030159962512	1.00021437197619	0.999730776536435	NA
1.00009590467633	1.00019064116038	0.999847818541079	1.00067288628009	0.999939386515494	0.999955770085624	NA
1.00121338235666	1.00048726488617	1.00033116219634	1.00015295036986	1.00000481861481	1.00044221456061	NA
1.00025495902999	0.999913285681314	1.00013648948653	0.99990321156398	1.00010535591779	1.00101014231664	NA
0.999942944903961	1.00044120343967	0.999806298652905	1.00054942589487	0.999968547786341	0.999986481214688	NA
1.00004417503605	1.00086050328935	1.00026696420474	1.00095261408229	1.0002078791368	1.00056596142563	NA
1.00034529022621	1.00126933771931	1.00042997672328	1.00082400088533	0.999979834589452	1.00086385183428	NA
0.999800423553296	1.000617928447	0.999990962756568	0.999996786086635	1.00038681949358	1.00018461189632	NA
1.00002324246693	0.999910056136652	0.999824036662584	1.00041143158239	1.00002968364492	1.00064581686862	NA
1.00040596571981	1.0003442613902	1.00022302406469	1.00021464021622	1.00036750895003	1.00009066756024	NA
0.999876952195803	1.00001628862233	1.00085062172164	0.999792146449352	1.00016349702274	0.999923945307057	NA
1.00002054110814	1.00022251896645	1.00027921126921	0.999840430170316	0.999927086919393	1.00061964917502	NA
0.999739962970741	1.00053192607781	0.999807704850973	1.00067282472057	1.00025265606528	1.00010250651568	NA
0.999751209567837	1.00034408043691	0.999911803516934	1.00024463015101	1.00015803256749	1.00007653896701	NA
1.00021277494005	1.00034610872183	1.0003901236609	1.00100232257726	0.999988902084618	0.999941952107841	NA
1.00049550794507	1.00121689698516	0.999710534110891	1.00082659178205	1.00010385718582	1.00000712912493	NA
1.00057680908302	1.00000219027757	0.99977630162697	1.00040280770791	1.00036238048988	1.0000374940576	NA
1.00053047928217	1.0005491733323	1.00017744675321	1.0004520944492	0.999996212942123	1.00039590783572	NA
1.0001216083461	1.00005623979872	0.999943309567513	0.999952068457786	1.00018590528342	1.00016293949655	NA
1.00078541902618	0.9999098683695	1.00033359186376	1.00031342365649	1.00072599084095	1.00024647325069	NA
1.00097369375812	1.00037659694001	1.00039129777241	0.999895443078837	1.00029706681725	0.999695861297706	NA
0.99991140084254	1.00057827076263	0.99988848338544	1.00033921729623	1.00042032679499	1.00120288097755	NA
1.00006588172105	1.00041090222915	1.00017372012015	1.00044307707131	1.0002449053374	1.00022180899895	NA
1.00107520861841	1.0006616963946	1.00036912477273	1.00018607278993	0.999838100975402	1.00032015936131	NA
0.999957627731943	0.999928875118765	1.00011409290984	0.999849987825879	1.00043252547159	1.00076177675443	NA
1.00039298479487	0.999887942756465	1.00023277533747	1.00161514236574	0.999932733936515	1.00121702434327	NA
1.0003016097449	1.00031666458228	0.999895755259803	1.00005409516423	0.999989830538431	0.9999137314074	NA
1.00017792411269	0.999974518218829	1.0004032607633	0.999872137942711	1.00091470833287	1.0009207823505	NA
1.00024976833554	1.00063049468136	0.99990351000574	1.00021566179341	1.0003838248155	1.00028947983212	NA
1.00049759127186	1.00024270772575	0.999779258891853	1.00070638785207	1.0003582876471	0.999995435806634	NA
1.00036646033113	1.00009603875008	1.00019218147716	1.00043114067377	1.00015431156413	1.00010083271045	NA
1.00083259906672	1.0001465947885	1.00012182444673	1.00035977367095	1.00005902948221	0.999945744947402	NA
1.00031998296354	0.999889808682885	1.00011990526753	1.00064922394284	1.00034439520441	0.999857660864387	NA
1.00007649142665	0.999970626891256	1.0001458886868	0.999842616887702	1.0001064341716	0.999641720205618	NA
0.999776562810516	0.999952197201712	1.00033136569798	1.00035072396575	0.999907143300157	1.00017361295009	NA
1.00085601989409	1.00176145769347	1.00047706885215	0.999746068028547	1.00023830816414	1.00065993250226	NA
1.00085842209434	1.0006070228026	1.00031901618789	1.00031159546768	0.999859480261059	1.00000392633705	NA
1.00011839955706	1.00019965952652	0.999842878224493	1.00017605893571	1.00034314847903	1.00031864413975	NA
1.00032671997479	0.999861940683458	0.99977492888518	1.0002688718694	0.999955841883221	0.999889922210024	NA
0.999977632766792	1.00068240988166	1.00074419048406	1.00020901338929	1.00024335895038	1.00046309995369	NA
1.00033271165938	0.999807720836961	0.999822073222717	1.00176445765934	1.00014630655578	0.999797551807573	NA
1.00036357371464	1.00007365029605	1.00045862437882	1.00119022811417	1.00001810431976	1.00026168918692	NA
1.00060363280994	1.00044381678153	0.999999000773593	0.999867788494164	1.00036089589417	0.999842744491509	NA
1.00022920018322	1.00060063211767	1.00175717615997	0.999950088267324	1.00009937872578	1.00044713144939	NA
1.00020885824779	1.00056895340229	1.00013350883155	1.00090980958175	0.999955259700767	1.00007008621503	NA
1.00100455394056	1.00006547872613	1.00017311208559	1.00079362541956	1.0003651386783	1.00029961251434	NA
1.00042955583918	1.00009054363334	1.00042356100116	1.00037294241472	1.00017761864621	0.999952383223091	NA
1.00121284889283	1.00006323518673	1.00057035097447	0.999933283665371	1.0001469383154	1.0005633665458	NA
1.000798060104	1.00130963351437	0.999959673361112	1.00006640207562	1.00002798136786	1.00056496605696	NA
0.999847657524308	1.00063225363817	0.999802175581034	1.00010732306338	1.00053065119949	0.999867865429987	NA
1.0000785066696	1.00007778855961	0.999924386167612	1.00070116487277	1.00071797041793	1.00063731563672	NA
1.0001095081462	1.00097790743509	0.999984173492982	1.00031438551531	1.00041699389956	1.00014221848988	NA
1.00025042574272	1.00045985272547	0.999879957459441	1.00047233353923	1.000236701002	1.00011588417858	NA
1.00049318367044	1.00028920886017	1.00003425237469	1.0001125147566	1.00015832899888	1.00016986739807	NA
0.999859344039089	1.00040861599138	1.00004231552332	1.00018701408124	1.00014792065486	0.999859611772541	NA
1.00013650082222	1.00028926341243	1.00016831305426	0.9997561003754	1.00034977453894	0.999879476808591	NA
1.00036334853644	1.00002552394542	1.00055857894416	1.00007714544794	0.99990848693891	1.00055119283805	NA
0.999983568190424	1.00050279434003	1.0008674814421	1.00046782263651	1.00000426601794	0.999761351633758	NA
1.0001892425935	1.00100923323942	1.00044818105025	1.00073830773762	1.00013544649507	1.00013999750349	NA
0.999794627239153	1.00111968318311	1.00002395341223	1.00031749991407	1.00039032866082	1.00013491069348	NA
1.00042441596824	1.00045176216892	0.999970986890546	1.00012689913268	0.999966335588425	0.999932471548405	NA
1.00031342959876	1.00080854687878	1.00059759460799	1.00018839971488	1.00016106625056	0.999926657230404	NA
1.00018142689515	1.00138152449051	0.999944198061441	1.00029972687976	1.00019791333721	1.00007146012971	NA
1.00003177779509	1.00049004764382	1.00040199719414	1.00012150547593	1.00020057551488	1.00015333272499	NA
1.00080503076289	1.00239200923935	1.00016766402673	1.00070612260979	1.0004678392425	1.00017675652817	NA
1.00036638695435	1.00032750189557	1.00063213208057	0.999989054518973	1.00111387944801	1.00002243395356	NA
1.0002534395912	1.00065573511796	1.00036676767295	1.00015720417274	1.00015625673915	1.00095447142698	NA
1.00058203727967	1.00107624566663	1.00048210887249	1.00023860105374	1.00031458906109	1.0005131408877	NA
0.999756579106279	1.00072140835981	1.00009163804435	1.00007517145731	0.999839230852391	1.00005908947335	NA
0.999899194988001	1.00031409281405	0.99985781989163	0.999896726013155	0.999889383772883	1.00043986709376	NA
0.999953918048645	1.00009751223085	0.999975032769096	0.999691011038672	1.00004437541011	1.00005380661243	NA
1.0001251089706	0.999939467295702	1.00112476532257	1.00003613599358	0.999870937185377	1.00024807027166	NA
1.00078576288841	1.00063248611957	1.00007082060037	1.00099499766763	1.00020152351145	1.00151465254005	NA
1.00003175028533	1.00018155680147	1.00039566113418	1.00006632751046	1.0002475664995	1.00025064479663	NA
1.0000819937658	1.00022019593736	1.00017298324717	1.00054688672514	0.999807517905978	1.00023195966095	NA
1.00047866549363	1.00055201408727	1.0002381452187	1.00033327988115	1.0002617299428	0.999975896490721	NA
1.00068337751583	1.00001657654012	1.00006631512618	1.00082861503468	1.00016549315022	1.00068726007709	NA
0.999884686731647	1.00030301553864	0.999694748680762	1.00008860208447	1.001013923925	1.00047933045957	NA
0.999925378487101	1.00042688409024	1.00041032240744	1.00029084831618	1.00042332674996	1.00005843256577	NA
1.00005931140577	0.999874403825581	1.00063867185799	1.00104507502467	1.00049282235984	1.00017595898386	NA
1.00027148154865	1.00045371378927	1.00004707362005	1.00025502903982	1.00077971843752	1.00037815604193	NA
1.00003625323791	0.999992002679064	1.00046605153865	1.00119947459948	1.0007434945747	1.00068521073391	NA
1.00012930572457	1.00005742849358	1.00016149138407	1.00033371529237	1.00067031797896	1.00032069332495	NA
0.999709638925139	0.999842016980812	1.00094250505105	0.999704457517644	1.00009839147156	1.00024566673744	NA
1.00053084400376	0.999754210744656	1.0002141421658	1.00006010517045	1.00010299546325	0.999947210847755	NA
0.999938111960074	1.00026190342062	1.00013383015703	1.00069486071244	0.999976730104795	0.999960432720947	NA
1.00124721960777	1.00004568181158	1.00000831903164	1.00002049483758	1.00068250294498	1.00030102362369	NA
0.999951852154768	1.00007678160066	1.00002860320685	1.00033306316189	1.00017602668998	0.999696680307068	NA
1.00020358108576	1.00007353607551	0.999952182945445	1.00004016269742	1.00039011066436	1.000432413529	NA
1.00014391925337	1.00006509729588	1.00005992233256	1.00023658820561	0.999807506614524	1.00006384640907	NA
1.00085330208954	1.00018607480265	0.999852408877116	1.00002260615513	1.00012373066897	1.00119607617803	NA
0.999976200362339	1.00008357877313	0.999923726646111	0.999851413862877	1.00024473339705	1.00054620439274	NA
1.00026004218728	1.00005233668069	1.00040499710975	1.00003933978605	1.00000777382163	1.00104485723083	NA
1.00001565139989	1.00007321405411	0.999921220470739	1.00008652253145	1.00001937344179	1.00020931553209	NA
1.0005854648104	1.00051412320091	0.999992452831033	1.00042546455379	1.00049584346977	0.999822297271464	NA
0.999836626132857	0.999969141412472	0.999933016422997	0.999900601637415	1.00012717698637	1.00021260718279	NA
0.999870354145418	0.999913379244773	1.00005712351174	1.00017712801592	1.0008279533334	1.00001307828391	NA
0.999796875299379	1.00002707438888	0.999820206702257	1.00077367930363	1.00025822567919	1.00006891914269	NA
1.00006295925881	1.00050871805602	0.999824455825192	1.00039147529023	1.00032473525474	0.999846823750848	NA
1.00013566677921	1.00020547088623	0.999960052309158	1.00012269014948	1.00052351029862	0.999985775388921	NA
0.999984758259807	1.00044456883916	1.00001288378389	1.00012147430031	0.999986153743688	1.00027169287122	NA
1.00033284186861	1.00013436284395	0.999916484587687	0.999834473136844	1.00032940927089	1.00025518424345	NA
1.0003984134361	1.00053398763462	0.999943243428887	1.00028161799036	1.00038267914329	1.00084786787955	NA
1.00035241696128	1.0002975176262	1.00013436883572	1.0003198586923	1.00032099726531	1.00005663707867	NA
1.00100681326377	1.00077480639861	1.00016798614567	1.000589767444	1.00071492066921	1.00048172961926	NA
1.00041187178728	1.00039702907371	1.00028771950637	1.00047371896913	1.00052040003502	0.999975328308164	NA
1.00068143148797	1.00028883930768	0.999904947452606	1.00029704368713	0.999787625513327	1.00001752382362	NA
0.999815988371825	1.00012547181122	1.00019584682885	1.00046689177725	0.999971978917623	1.00011416085048	NA
0.999749211722221	1.00024839200566	1.00032427743786	0.99999089688949	1.00001579979342	1.00003206634931	NA
1.00004037931333	1.00069549532571	1.0002697960168	1.00009480625479	1.00043655878588	0.999801750095644	NA
1.00008684676273	1.00051082745674	0.999820997686578	1.001067307073	0.999789767443279	1.00019149235811	NA
1.00046515893458	1.00095678635883	1.00054874762777	1.0003156221407	1.00062871725458	1.000196711139	NA
0.999887449500693	1.00053525544927	0.999949360796978	0.999951776561477	1.00028054294367	1.00023907606429	NA
0.999837771133746	1.00063751411121	1.00019189248562	1.00034898566129	1.00017663110964	1.00086719251423	NA
1.00024829383986	1.0000608381415	1.00015825249898	0.999861049746394	1.0008510808761	1.00022665651643	NA
0.999982624575345	0.999984999008615	1.0000603564557	1.00058516878734	1.0000685895142	1.00079820467275	NA
1.00051706857129	1.00005508380157	1.00008723809564	1.00047800639419	1.00013753882553	0.999812293376918	NA
1.00108515875152	1.00186921486442	1.00000502921436	1.00015638591305	1.00012221420533	1.00032084085707	NA
1.00000128445558	1.00058861688257	0.999736930879685	1.00081169960817	0.999949132298198	1.00035057058234	NA
0.999844936805708	1.0002905117226	1.00042196214402	1.00045639131928	1.0006550951068	0.999938309530304	NA
1.00016643648425	0.999867749919928	1.0001934119202	0.999795481606643	1.00020133917455	1.00102090937002	NA
0.999944457294151	1.00090440348739	1.00018406098991	1.00054990656969	1.00022812686882	1.00027521001729	NA
1.00024897370708	1.00028701979758	1.00003323835694	0.999950417365199	1.00068223406118	1.00010720054585	NA
0.999819605148683	1.00057790901056	1.00008737767401	1.00026024813723	1.00026960519733	1.00116468443621	NA
1.00045403109172	0.999669306804995	0.99986213502746	1.00050729363577	1.00021028003335	1.00083082265158	NA
0.999989107009396	0.999986523864192	0.999886832219493	1.00013647134589	0.999919977473659	1.00056329763062	NA
1.00095411172576	0.999961300447551	1.00008036821199	1.00039524843274	0.999842416981904	1.00006095582238	NA
1.00039470731279	1.00007826009079	1.0003559347897	0.999770034289883	1.00080687333246	1.00048864817101	NA
1.00073352588125	1.00035277122833	0.999703632428246	0.999883372611711	1.00044650471042	1.00013559285326	NA
0.999763791866308	1.00052153750018	1.00002742951459	0.99992883437687	1.00022824508049	1.00001245759318	NA
0.999802039081487	0.999997867502317	1.00036296539462	1.00007209703256	0.999817800703786	0.999975749217616	NA
0.999991039713053	0.999834322423302	1.00001744420561	1.00045908450097	0.999957003324694	1.00063606720515	NA
1.00009501839186	1.00086175314375	0.999693536378352	1.00054544022572	1.00010421897455	0.99995852097762	NA
1.00118488286264	1.00087445245995	1.0000498912751	1.00053811523894	1.00029967347427	1.00011362195116	NA
1.00056864688546	1.00044388538533	0.999907656452067	1.00001494506846	1.0005439543948	1.00006656349802	NA
1.00009739072661	1.00006454990837	1.00032992193915	1.00007653305356	0.999956524130831	1.00025921807764	NA
0.999967823401631	1.00014447816584	0.999923733673472	0.999842895883067	1.00041770667702	1.00035696060791	NA
1.00001137273782	0.999974046006987	1.00016592745037	1.00018299650752	0.999876253167765	1.00035037070666	NA
0.999822038486926	0.999701846226949	1.00016208284237	1.00006022932815	1.00057478036585	1.00018208311939	NA
1.00009606148261	0.999966423236014	0.999983624178695	1.00011803942311	1.00011676512448	1.00021909544603	NA
1.0003257689595	1.00034846388267	1.00026610458018	1.00000168825448	1.00032493870654	1.000395214172	NA
0.999899513781023	1.0009738156625	0.999934659465515	1.00037553683672	1.00077906224163	1.00102930270169	NA
1.00032988587618	1.00051328353735	1.00043026985155	1.00024667021763	1.00019741327532	1.00043753109177	NA
0.999780256351619	1.00077421153619	1.00051862038277	1.00014775995127	1.00076128284656	1.00012888788999	NA
1.00100736998117	1.00067251506726	1.00043023698408	1.0002240891937	1.00001701666462	1.00013107453323	NA
1.00000840749118	1.00022904114892	1.00010066734381	1.00030640966139	1.00035188471253	1.00025781595527	NA
0.999888956311214	0.999916018787765	1.00019766485158	1.00017980513568	0.999911611679002	1.00000793577845	NA
0.999776165355875	1.00100777104159	0.99972053652125	1.00034237464934	1.00022731988217	0.999753917442716	NA
0.999855036772807	1.0004299328455	0.99993830003433	1.00009314636294	1.00036994353855	1.0005011171234	NA
1.00060835291586	1.00023265912487	0.999952285872698	1.00110728370036	1.00038469734311	0.999872651519199	NA
1.00035982336264	1.00024371060227	1.0000020121969	1.00006270939866	1.00063624016575	1.00008563696631	NA
1.00000847360948	1.00015969373444	0.99997767051423	0.999818097781381	1.0000102861925	1.00047109233491	NA
1.00011655659847	1.00105444849349	1.00026984649373	0.999709004321102	1.00052858704718	1.00001486278945	NA
0.999707929893964	1.00017801558478	0.999706076336462	1.00016492972939	1.00022936609403	1.000237870068	NA
1.00004714073963	0.999783113098423	0.999855141120954	1.0001989587582	1.00048060544529	0.999971257501958	NA
1.0003924744009	1.00077579882708	1.00030112105452	1.0002582497745	1.00030922942145	1.00068104838921	NA
1.00033786999498	1.00027246460581	1.00001013226062	1.00051427730262	1.0000439156578	1.00027819970261	NA
0.999816224027964	0.999834922569641	1.00000957216308	1.00023642276587	1.00046429757759	0.999941809557651	NA
1.00012433350163	1.00001226044772	1.0002790093377	1.00117727251363	0.999966614710698	1.00125519393561	NA
1.00085028668367	1.00038557270612	0.999826051686897	1.00137877104903	1.00033248084422	1.00066786786226	NA
1.00082354380353	1.0000225819819	1.00003240634447	1.00041840245269	1.0000929781169	1.00032993730119	NA
1.00017057536329	1.00047302228092	0.999915477155611	1.00036754225654	0.999782192801906	1.00048605782703	NA
1.00052588605978	1.0000000104934	1.0001251221154	1.00028113963758	1.00017710948511	1.00024057928015	NA
1.00021901846946	0.999999609155285	1.0004185041707	1.00152108408037	0.999972246091765	1.00015558934925	NA
1.00006907529408	0.999876629047389	1.00000150572979	0.999804121967478	1.00054306922796	1.00033468927957	NA
1.00063316277413	1.00013999758897	1.00057575998577	1.00051004321455	1.00002020219087	1.00051476116841	NA
1.00208334491727	1.0000767378043	1.00028979740402	1.00021204209542	0.999792599231805	1.00005960444186	NA
1.00021171470314	0.999818622308554	1.0002124137582	1.00009265239241	1.00057082820059	1.00041723344261	NA
1.00044181963928	1.00135570618781	1.00018688805394	1.00018813182806	1.00000401309044	1.00048076724121	NA
1.00016449068047	1.00057608598289	1.00034047975934	1.00016017602367	1.00000224456764	1.00020408469162	NA
0.99987655797217	1.00023476245504	0.999941713861977	1.00015590274218	1.00027242321239	1.00041635452001	NA
1.0008868421217	1.00003939129859	1.00083531172287	1.0005787868956	1.00017075845182	1.00037465322564	NA
1.00024264079663	1.00035754038047	0.99997847710804	0.999793335533865	1.00024326567601	1.00096841762089	NA
1.00028074082389	1.0001637401318	1.00038110234096	1.00067503406694	0.999958944804213	1.00048886037799	NA
1.00032964148988	1.00069591536393	1.00035981778971	1.0000468836246	0.999814667324927	1.00049004162156	NA
1.00023770726717	1.00032561100148	1.00000799613331	1.00016547228662	0.999719271021954	1.00003660917463	NA
1.00096489159247	1.00079956034341	1.00030674425333	1.0015576658283	1.00001426468278	1.00029035191212	NA
1.00035934094721	1.00027348136465	1.00142958052438	1.0000751162517	1.00117355828559	1.00056890659588	NA
0.999903611278909	1.00028405048149	1.00008091653698	1.00011902399375	1.00044044676552	0.999922821547987	NA
1.00023788667425	1.00102487597791	1.0000673828488	1.00115947792831	1.00025363105787	1.00009833803898	NA
1.0003043146108	1.00042603384694	0.999753133745024	1.000031236042	1.00114312502204	1.00115541851425	NA
1.00042552102843	1.0011101281161	0.999974912431008	0.999923061255452	1.00015023183386	0.999999889934166	NA
0.999907761463521	1.0006211849366	1.00004919344984	1.0003039536678	1.00085146170705	1.00049373011347	NA
1.00070849517399	1.00067973963152	1.00037236913018	1.00142072844596	1.00015519378606	1.00057410233464	NA
0.999682493586487	1.00034318760259	1.00011502302093	0.999904539762259	1.00007879808979	1.00058472747072	NA
0.999865318343668	1.00142344126	1.00003820089732	1.00002162554845	1.00059003020977	1.0006542842738	NA
1.00021148659258	0.999991292034269	0.999910198078516	1.00040843259421	1.00032965924499	1.00007460873515	NA
0.99997983149331	1.00000075449466	1.00031035942063	1.00014516179679	1.00018672559486	1.0002604503283	NA
1.00041039716757	1.00021523666529	1.00038422318366	1.00121048985827	1.00032216105284	1.00071684825217	NA
0.999838220041149	1.00002752030602	1.00040176531626	1.00034141911976	1.00050958139033	1.00032913784657	NA
1.00064245478264	1.000083085998	0.999970408942053	0.999886840939054	1.00026015324277	1.00056956414608	NA
1.00078317643324	1.00061728866369	1.00008601250216	1.00054691006588	1.00111223354422	1.00034395145684	NA
0.999903466356894	0.999871714685796	0.999914889134162	1.00010773490148	0.999968375337302	1.00067075825449	NA
0.999833655294543	0.999732205386671	0.999783446138476	1.00092490980232	1.00003245976246	1.00058635174421	NA
1.00040902435365	1.00023362395853	1.00058104399136	1.00021301276294	1.00006804086683	1.00000328539692	NA
1.00019174762404	1.00089834020169	1.00007104064474	1.00095156155293	1.00052293333009	1.00007091941211	NA
1.00004342196506	1.00034844722261	1.0001433581565	1.00002001609647	1.00033456842684	1.00013975068969	NA
0.999827097675211	1.00057201047092	1.00048158343644	1.00031821713241	1.00041177208787	0.999870190922663	NA
0.999964139308172	0.99997151524675	0.999980411062437	0.999901418600225	1.00001352934023	1.00038777033176	NA
1.00038142606826	0.999869541440303	0.999913182065437	1.00019778296047	1.00035403650522	1.00118274645517	NA
1.00003897520453	1.00004506743713	1.00075409130181	0.999821070523439	1.00011688521033	0.999941982077913	NA
1.00062503738043	1.00040146564062	1.00001573421288	0.999713499299579	1.00050237156713	1.00076439657721	NA
1.00005798807789	1.00032734388709	0.999866047432144	1.00051922015088	0.999936069156082	1.00029120565087	NA
0.999898754156923	1.00184802122404	1.00063432604713	1.00068712586778	1.0006637403262	1.00060591693479	NA
1.0001485953316	1.00044643130991	0.999890257146651	1.00007600095335	1.00019537295991	1.00006570317301	NA
1.00175899028037	1.00079262058304	1.00004347807194	1.00092680107822	1.00061323959723	1.00034955325201	NA
0.999900023682434	0.99994059166779	0.999984330836938	1.00129005920179	1.00000018357892	1.00031363410143	NA
1.00003711688224	1.00004160459928	1.00000111473175	1.0001510563656	0.999801486490322	0.999969099459744	NA
1.00006827991324	1.00088524045531	0.99975946474947	0.999805075930771	1.00032692961536	0.99999023707791	NA
0.999889635584262	1.00057909437677	0.999790324500083	0.999931789623012	1.00026517017271	1.00026816109759	NA
1.00135738972546	1.00003884288178	1.00008273547329	1.0003624889998	1.00016005988232	1.00029434080384	NA
1.00035273367477	1.00027503744543	1.00020987829609	0.999764621045581	1.00078808023072	1.00072511146427	NA
1.00056727377796	1.00078879020019	1.00035492733936	0.999901966095293	1.00005943937966	1.00056831706665	NA
1.00021645401531	1.00009245959992	0.99982176281245	1.00045370297036	1.00024917676035	1.00015392995473	NA
0.999927728884968	1.00031806614304	1.00002437305425	1.00051484507522	1.00053646395844	1.00018517886571	NA
1.00003020081098	1.00030165565835	0.999887489140802	0.999795741829138	1.00093880711625	0.999865266328834	NA
0.999805548826409	0.999969282703408	0.999999814674042	0.999975870313282	1.00077269040848	1.00017083929408	NA
0.999796179229121	0.999993382067777	0.99998337158296	1.00033533894326	1.00016768378554	1.00074507385349	NA
1.00021417282142	1.00022037035005	0.99967765890795	1.00035685413245	1.00009953246006	1.00000523300903	NA
1.00037280131553	1.00012633264706	0.999865014423387	1.00009531118894	1.00009149060857	0.999899209577813	NA
0.999873931774763	1.00009345764542	1.00017662094829	1.00021451298104	1.00035309288768	1.00066978710396	NA
1.00052465160162	1.00005211403569	0.999934090274909	0.999919171853485	1.00029462135414	0.999936836242263	NA
1.00005770753993	1.00011707719181	1.0003197055172	1.00041650951563	1.00018346863483	0.999798697841952	NA
1.00011381044697	1.00035353586009	0.999848135031295	1.00020069228738	1.00011985310797	1.00074700791394	NA
1.00069942646349	1.00012293200938	1.00006941577541	0.999806171098654	1.0001684284668	1.0001507304463	NA
1.0004722885553	1.00093750057621	1.00129152112062	0.999932093776388	1.00004735412101	1.00059883892752	NA
1.00097144986415	1.0007773250336	1.00011219084628	1.00044370079362	1.00022392280246	1.00050924791873	NA
1.00041619344023	1.00036468157884	0.999815951071737	0.999942308247392	1.00042292263701	0.999962278312272	NA
0.999958038241201	1.00026896554659	1.00074255936998	1.00144434909174	1.00101515308166	1.00011579272453	NA
0.999937560103224	1.00008794166688	0.999826356313814	1.00023253488135	1.00062748130534	1.00036423383235	NA
1.00044038779544	1.00019980352163	1.00004756226048	1.00043143530903	1.0003623082861	1.00027318087667	NA
0.999940600601662	1.00066153904111	1.00015752279352	1.00041090100915	1.00055341148763	1.00053086064481	NA
0.999819417841597	1.00142430960994	1.00050566193214	1.00009500421585	1.00008486891882	1.00010569118259	NA
1.00017609998894	1.00005610899561	1.00047179478769	1.00088984942511	1.00096067520591	0.999824388135961	NA
1.00040628688077	0.999785524381704	1.0000945478988	1.00026142076288	1.00046501021134	0.999894744258324	NA
1.00037901202278	1.00006369403597	1.00023141778999	1.00013624326594	1.000376901778	1.00030653493095	NA
1.00005319134708	1.00008656079825	0.999767545716226	1.00069368521721	1.00068894389572	0.999810933582839	NA
1.00032190656096	0.999986100310309	1.00015108553399	1.0001593823271	1.00049315217611	1.00061225409344	NA
1.00076948651041	1.00046251619732	1.00006715248374	1.00006888709641	0.999936433268098	1.00023902483758	NA
1.00020303973955	1.00073084043373	1.00023163630351	1.00041917773504	1.00077589942743	1.00028992246103	NA
0.999746255223624	1.00007558410324	0.999910338270231	1.00001353865442	1.00048237137506	1.00027060287621	NA
1.00014083943243	1.00081147462775	1.00000487051492	0.999968676894432	1.0010667820116	1.00001930798184	NA
1.00106329781107	1.00081165581906	1.00033337609908	0.999979319741983	1.00156675758672	1.00000955924646	NA
1.00020187729942	1.00006919100251	1.00048338547819	1.00098482545044	0.999863276982343	1.00078733332612	NA
1.00098359076452	1.00018867596199	1.00017441690111	1.00001708632707	1.00066463404489	1.0003636872199	NA
1.00010280438371	1.00001071126017	1.0006973338794	1.00059007988215	1.00036564086384	1.0000987756171	NA
1.00038409534533	1.00004250433878	0.999880260196446	1.00016237916646	1.00071231391823	1.00023007271441	NA
1.00015958867619	0.999718921762827	1.00039995945904	1.00050742813687	0.99986757950215	0.999987928977625	NA
1.0000876699339	1.00041091832837	0.999968909097901	1.00076379822007	1.00015850067327	1.00034837054962	NA
1.00037619807226	1.00046745088324	1.00005058597694	1.00030199735831	1.0004145470039	1.00000268627787	NA
1.00044993305836	1.00027126693713	0.99992492622768	1.00037659645363	1.00029241428986	0.999912373133065	NA
1.00001095594442	1.00036411240718	1.00013185323993	1.00034962673373	1.00019710857753	1.00000417497913	NA
1.000519676186	0.999996131200203	1.00008967829814	1.00016906620532	1.00106090813915	1.00026640382049	NA
1.0000714330457	0.999798328351795	1.00012157132502	0.999902627880821	1.00000119613099	1.00008752032119	NA
0.999957057780717	1.00008941106599	1.00045850227882	1.00054621443803	0.999850973883118	1.00025551708736	NA
1.00032085268035	1.00012410254513	0.999747540264922	1.00049922426753	0.999912356501593	1.00017941826192	NA
0.99998157482175	1.000488671833	1.0003561667149	1.00053451279123	1.00016837974647	1.00137831945049	NA
0.999994603266479	1.00034676742748	1.00014168579825	1.0003195879065	0.999867657186141	1.00021188335419	NA
1.00002731751811	1.00069788003073	1.00027496554089	1.00063581458291	1.00007186283971	0.999784262702224	NA
1.00095302286706	0.999833948318259	0.999958182181759	1.00025291820023	1.0004053360634	0.99985050407452	NA
1.00023512262923	1.00023370403856	0.999846701942025	1.00009749944419	1.00024519077724	0.999742727429311	NA
1.00099948899237	0.999954070443407	1.00004682458966	1.00013405758232	0.999896723863236	0.99980769594749	NA
0.999809137998126	1.00007175818655	1.00038054721739	0.999968585460592	1.00076386302332	1.00111921603357	NA
1.0004926678533	0.999825390959604	0.9998788040444	1.00022127142472	1.00019108068968	1.00016264307812	NA
1.00037545947268	1.00179934566219	1.00008270687907	1.00117034161996	1.00056698392788	0.999945078883538	NA
1.0006768965908	1.00025957001142	1.00023467849869	1.00102948045452	1.00016668833701	0.99996885612483	NA
1.0000834350364	0.999960469370784	1.00004056354277	1.00016128228747	0.999919206237554	1.00021680901197	NA
1.0003444957993	1.00023327106097	1.00035387104872	1.00011993673397	1.00063256048372	1.00040181351398	NA
1.00055896312716	1.00043302656854	1.00032656202897	0.999775970474042	0.999942541845071	1.00028003055617	NA
1.00000689349561	1.00039343257235	1.00042207071987	1.00013293076477	0.999861505792837	1.00012251818596	NA
1.00009674674373	1.00033419881785	1.00014676102217	1.00010826795539	1.00053433126649	0.99999916124377	NA
0.999690593928928	1.00034331929589	0.999969948316522	1.00049058278721	0.999688512854022	0.9999943311099	NA
1.00040062600874	1.00019663304636	0.999863215927511	1.00019865882016	1.00049545668732	1.00037046857607	NA
1.00066965554644	1.00011702054991	1.00074206267376	1.00009943443926	1.00056718271432	0.999884615519026	NA
1.00062048828616	1.00070272141043	1.00009583573585	1.00002771915489	0.999867991830493	1.00039527858694	NA
1.00041600632072	1.00008948060116	0.999835033145886	1.0001351478531	0.999927240465805	1.00012230319949	NA
1.00024057567741	1.00101963420986	1.0004090530949	1.00023708890811	1.00036035100357	1.00039686516589	NA
1.00102060022791	1.00087642919095	0.999868271451197	1.00033085936512	1.0016621936418	1.00035610010611	NA
1.00029571524996	1.00026463461012	1.00004867693336	1.00018496776747	1.00053439112778	1.00013510234045	NA
1.00016265129559	1.00008812186862	1.00098976613932	1.00066440256706	1.00015626397286	0.999809743547784	NA
1.00004815364179	1.00073495776749	0.999766854211726	1.0005594566468	1.00044145629926	0.99991069534832	NA
1.00056057731784	1.00021054439834	0.999976654410044	1.00013584450291	0.999831099303478	1.00040300362026	NA
1.00059745337078	1.00155356168174	0.999824751593637	1.00097574136216	1.00103140415472	1.00024916841552	NA
0.999793836837201	1.0001099244171	1.00014374295173	1.00080558189376	0.999968662529389	1.00027405598896	NA
0.999985925076564	1.00012071583945	1.00066794690481	1.00048761807912	0.999876422107728	0.999923193508967	NA
1.00142941649262	0.99986260381838	1.0001441927329	1.00025761603813	1.00074058734395	0.999835358531428	NA
1.00004711122138	0.999998776286685	0.999984353443951	1.00037410867957	1.00003238223389	1.00022228067627	NA
1.00018679316051	1.00015283377942	0.999857417182827	0.999887614113325	1.00044566650267	1.00118576774522	NA
0.999986512408536	1.00099728408407	1.00038525244425	1.00114223591108	1.00047167200547	1.00051437104765	NA
1.00043495902424	1.00059911916686	1.00013592571803	1.00031580655175	1.00003769698648	1.00068450497541	NA
1.00021503211466	0.999893854472681	1.00064692871906	0.999904708483922	1.00019274540621	1.00013388863909	NA
1.00056307336502	1.00057308184645	1.0006667333082	1.00069300728251	0.999982603724742	1.00023400190518	NA
1.00032288223174	1.00049656547419	0.999983209029245	0.999973827128465	1.00039185924458	1.00009971831938	NA
1.00074751972975	1.00072878278548	1.00032838313029	1.00015275914278	0.999917374985767	1.00033045691578	NA
1.00036606800439	1.00092060483576	0.999972330420712	1.00028490726966	1.00067695004692	1.00047412832185	NA
1.00038869690117	1.00085175879105	1.00018796191966	1.00007629090093	1.00052704029849	1.00040330230525	NA
1.00012452050022	1.00093842139833	1.00103702766289	1.00046088142828	1.0000692177718	0.999882890035879	NA
1.00040723781139	0.999985772094685	0.999767430389734	1.00063394683118	1.00099264492436	1.00087647489912	NA
0.999883521466346	1.00024871004473	1.00012945867429	1.00034073089937	1.00025077021106	1.00013884069146	NA
0.999973601578763	1.00047090233783	1.00047786412131	1.00035404001701	1.00016682587471	1.00008713963122	NA
0.999973528991108	1.00031516148445	0.999946377197904	1.00014271605466	0.99988986637882	1.00108909688589	NA
1.00020569931973	1.00139334147433	1.00044557655635	1.0006941973187	1.00004802843608	1.00024070059146	NA
1.00106665331585	1.00156100012184	1.00044787652158	0.99977597796878	0.999773655893145	1.00021707203412	NA
0.999841878437004	1.00055431210697	0.999725275079933	1.0000221867554	1.00022473374369	1.00168602802203	NA
0.999910308565863	1.00006151881697	1.00024729281599	1.00042489036105	1.00036794092371	1.00108894797393	NA
1.00168960375282	0.999802317629799	1.00052491746917	1.00002280443557	0.999748501498925	1.00086986592081	NA
0.999985592051889	1.00007207570432	1.00084732128697	1.00057023509242	0.999922239255121	1.00021403451982	NA
1.00067727266238	1.0000707562277	1.0003322298471	0.999836440162965	0.999959484510323	1.00115636461979	NA
1.00038702355357	0.99986469105392	0.999939774653158	0.999998508921949	1.00023706554852	1.00004504642474	NA
1.00064521519695	1.0002960356138	1.00023419732629	1.00005148080764	0.999920767790775	1.000636965026	NA
1.00034224388824	0.9999715496598	0.999771779756961	1.00039099395233	1.00011952882503	1.00011451134724	NA
1.00024205430444	1.00056435563495	1.00004848143104	0.999956261835351	0.999846424528319	1.00087925847033	NA
1.00071891908319	1.00052737371772	0.999713668896472	1.00034616010395	1.00016778324863	0.99988994454128	NA
1.00033858620974	1.00013912235835	0.999923571517885	1.00063928554131	1.0003797749306	1.00018990550877	NA
1.00059705414135	1.00023791619849	1.00054406994684	1.00019198575245	1.001029157388	1.00094504215797	NA
1.0002426240461	1.00097200853845	1.00045976865856	1.00065687624493	1.0002267430735	1.00046496864973	NA
0.999959629083514	0.999978957219933	1.00062009644338	1.0000096556252	0.999959789499074	1.0000067909715	NA
1.00042840071638	1.0000330354945	1.00022661506797	1.0007581356516	1.00072882179808	1.0003014200686	NA
1.00016696075605	1.00044409079815	1.00003600266017	0.999835215800201	0.999805802508239	1.00074381812037	NA
0.999950770229281	1.00024817866646	1.0000641476654	1.00035502345388	1.00019438215405	1.00099216393738	NA
1.00102574596539	1.00061659140827	1.00055668237119	1.0001141705453	1.00056514778568	1.00087204804323	NA
1.00084977080621	1.00097484112766	1.00017315753758	1.00063540236098	1.00045651856753	1.00169205691848	NA
1.00028785784362	1.00017859257323	1.00008626103386	1.00049981584043	1.0002764664219	1.00005836037871	NA
1.00111953298071	1.00182978132529	1.00026714720742	1.00008645196753	0.999820072839095	1.0033467003378	NA
0.999913892980071	1.00006602417286	0.999922498410881	1.00045404304932	0.999757475113892	0.999850069668924	NA
1.00052253316076	1.00030328233617	0.999900815157835	1.00011311032487	0.999925664653734	0.999903759337288	NA
1.00025575255647	1.00018682157564	1.00024781748257	1.00050248837134	1.00061582457448	1.00015966644434	NA
1.00079530153247	1.00042872946519	0.999867682250934	1.00068618204014	1.00014080818143	1.00149197319931	NA
0.999957440316701	1.0000996191423	1.00063822696059	0.999796742258646	1.00003368799378	0.99989709905354	NA
1.00049127293276	1.00021564618397	1.00043405833889	1.00024965699857	0.999894412395314	0.99981335048443	NA
1.00023679653606	1.00012371124773	1.00078419270038	1.00003989204574	1.00079527007622	0.999890778134755	NA
1.00224859033677	1.00011101505665	1.00021111060323	0.999860228251908	1.00090139444433	1.00038229815496	NA
0.99989562028519	1.0004528770304	0.999730307919449	1.00002904805263	1.00079075671201	0.999879522542364	NA
1.00010356702774	0.999985888371599	0.999847661742978	1.00055609858784	0.999996970184325	0.999756026528024	NA
0.999693901722032	1.00044719963338	0.999897747427547	1.0017841362965	1.00040764144477	0.999798908431109	NA
1.00024816232889	1.0001434334435	0.99993158216094	1.00082091180412	1.0000649269423	1.00039676055954	NA
1.00055269020603	1.00040537030283	1.00015944754526	1.00086057981979	1.00145961938999	1.00084513512805	NA
1.00042707688066	1.00014370137916	0.999879636739864	0.999976894094351	0.999922617251172	1.00072084788763	NA
1.00058162593486	1.00045172169474	1.00049492571307	1.00004657604076	1.00067386684524	0.999708800029728	NA
0.999843213517178	0.999919857594973	1.00005618151658	1.00079149345347	1.00107114362197	1.0002101030193	NA
1.00049514161316	1.00049052415268	1.00016115974786	1.00009971912961	1.00109489398273	1.00068977469382	NA
1.00113185709318	1.00157986101728	0.999877262050499	0.999930297977516	1.00064003405459	0.999784100441219	NA
1.00061463506346	0.999973424018324	1.00039490065433	1.00022296764144	1.00012260674668	1.00049614153557	NA
1.00084047190051	1.00121954081544	1.0003183760641	1.00022827416401	0.999919659925495	0.999942646548255	NA
0.999987959342876	1.00023573711498	0.99979516600572	1.00029707741713	1.00040920714568	1.00006774740768	NA
1.00061710083149	1.00076483821069	1.00022797111206	1.00034463353116	1.00009602749981	1.0003146867647	NA
1.00070389722041	1.00075614536208	0.999879333467248	0.99974029159359	1.00001365407812	0.999812893868918	NA
0.999954404896331	0.999898645025231	1.0002112457066	0.999736608102866	1.00020798049216	1.00011416605303	NA
0.999979699426257	1.00047484159636	1.00059912064646	0.999826452318826	1.00011540883271	1.00050771270595	NA
1.00022892817764	1.0003366836039	1.00000674981107	1.00053597695702	1.00017008001442	0.999841554622343	NA
1.00170089297743	1.00039271032911	1.00049533792925	1.00071169403091	1.00046211073128	1.00065205781488	NA
1.00036781947897	1.00060506176624	0.999878629632425	0.999955558450844	1.0001838720403	1.00116390739377	NA
1.00082875057919	1.00005014141792	0.999715903322432	1.00015881822483	1.00047764699436	0.999711868421832	NA
1.00009308039992	1.00141818866929	1.00031437813021	1.00046979185647	1.00009991057028	0.999951348309118	NA
0.999805915178951	0.999799662131537	1.00018214274393	1.00004913615318	1.00145268824541	1.00023621692622	NA
0.999977366467356	1.00026585142547	1.00012230299556	1.00030981214899	1.00045893772489	1.00045831570398	NA
0.999896608242771	1.00043300954013	1.00044837596379	1.0012664924873	1.00077224804583	1.00084590014829	NA
1.00063714068118	1.00014802570803	1.00083226614153	0.999952075268587	1.00059322542966	0.999757499130722	NA
0.999979922373271	1.00067392483786	1.00062705526035	1.00035491225842	1.0008698727726	1.0007423162848	NA
1.0002587641144	1.00062965797079	0.999763946587933	1.00053470626726	1.00082688229118	1.00037567377479	NA
1.00049104957104	1.00047676462848	1.00010922577059	0.999909168484579	1.00015801905731	1.0001142282423	NA
1.00027105835243	1.00075560883052	1.00016414495174	1.00061317207445	1.00054539454589	1.00086877560321	NA
1.00031395346545	1.00020554359218	1.00060589170546	1.00036685305973	0.999772223051102	1.00069120174469	NA
1.0006234412314	1.00014198458289	1.00017634804548	0.999882996060609	1.00020179637444	1.00004412142909	NA
1.00067087234675	1.00038575546168	0.999986826341705	1.00157329691811	1.00063703030355	1.00116093075636	NA
1.00013207040683	1.00006280352882	1.00066758791704	0.999932595030111	1.00109473493558	1.00018538019531	NA
0.999840013082251	1.00101970523314	0.999949348888091	0.999820661428226	0.999888361823857	0.999957962810212	NA
1.00012322220898	1.00063138513734	1.00037483751116	1.00063264226834	1.00074159758491	1.00087512621397	NA
0.999746579850374	1.00017914244437	1.0007486010744	1.00028796553148	1.00016806965733	1.00084312256121	NA
1.00045557208153	1.0001215993978	0.999972683955049	1.0005180290811	0.999885076431379	1.00019443463819	NA
0.999933997274597	1.0007652109702	0.999839977566487	1.00047774603824	0.999966503217972	1.0002397032285	NA
0.999879193784841	0.999841227775264	1.00020001314995	0.999939203954475	0.999805152765141	1.00058368674113	NA
1.0011949799179	0.999966219600264	1.00064281154697	1.00048300269679	1.00117411556924	0.999855477623149	NA
1.00014098951363	1.00042332206129	1.00021879056427	1.00011512640092	1.00049372598722	0.999999857921483	NA
0.999947351030843	0.99988223170242	0.99974690559075	1.0004913750667	1.00037589293206	1.00040794400484	NA
1.00060690467093	1.00002207729988	0.999835421096624	0.999872834700748	1.00026872355885	1.00058360365157	NA
1.00105622551763	0.99974857933519	1.00018826239718	1.00065382793188	1.00013280663907	0.999981086804079	NA
1.00000735429768	1.00008336903061	1.00000350400113	0.999844559765081	1.00029869859005	1.000058047541	NA
1.00091406024284	1.00014954407054	0.99995123106584	1.00040997448173	0.999799492362954	1.00052055051913	NA
1.0005131384825	1.00062317698359	1.0006883476223	1.00031982413889	1.00090747339913	0.999986718805795	NA
0.999957856802882	0.999814002908323	0.999970267264151	0.999667656744049	0.999965849513914	0.999905902348245	NA
1.00033213640846	1.00013151095953	1.0002134080639	0.999906706224119	1.00010442466836	1.00024183454141	NA
1.00061852050627	1.00044410819813	1.00019127463707	0.999989891033608	1.00019580342599	1.00033322446654	NA
1.00013395217681	1.00013292442755	1.00019079854337	1.00020512957718	0.999917014411617	1.00017394176488	NA
1.00066151823142	1.00045453294127	1.00009652881259	0.99982668296922	1.00005344464064	1.00026269208546	NA
0.999918561599006	0.999971314825311	0.999726084255662	0.999932811276902	1.00027583304335	1.00038665276189	NA
1.00011852006022	1.00026463402312	1.0006405701869	1.00017145794047	0.999951073669741	0.999892432878906	NA
1.00038146061986	1.0005053461571	1.00001179278064	1.00016214548087	1.00017226682911	0.999940827982206	NA
1.00058425002442	1.00090749603206	1.00065031440987	1.00025618095755	1.00024041585418	1.00019540617596	NA
0.999709684513795	1.00011040928869	1.00030373837144	1.0003784556822	1.00012474920569	1.00032244602805	NA
0.999988282456618	1.00174336161361	0.999772787227602	0.999849574066108	1.0002877954336	1.00001151342472	NA
1.00023947469286	1.00154055024947	1.00035642668188	1.00050479620882	1.0006104642252	1.00039559405049	NA
0.999802544948305	0.999917149924611	0.999951052922876	1.00064296805139	1.00004838271096	0.999976441227787	NA
1.00004810715265	1.00000448158017	0.999838092850349	1.00053543261336	1.00029345848549	0.999761083060154	NA
1.00032942292522	1.0000490677713	0.999765643168686	1.00030244279514	1.00079338285699	1.00047502185076	NA
1.00016293214962	1.00002393998884	1.00053974369862	1.00012107469827	1.00012360397818	1.00019754168329	NA
1.0001028058352	0.999773429845588	1.00003755904747	1.00047391325336	0.999945407936288	1.0004027652904	NA
1.00102600450863	1.00033237744634	1.00041138441327	0.999950491622733	1.00043726346418	1.00015756541353	NA
0.999894651208961	0.999937043120047	1.00000942422099	1.00000577947633	0.999919798302805	0.99981624350386	NA
1.00031600902113	1.00012040893744	0.999824030516896	1.00002888869335	1.0006213360767	0.99985158686419	NA
1.00021896236801	0.99984263156371	0.999833546858542	0.999811817306978	0.999922877615589	0.99974873420117	NA
1.00032875970276	1.00066512475737	1.00024433500036	1.00059818127891	1.00004206602033	1.00043351848973	NA
1.00004364597833	1.00152820248981	1.00023934387055	1.00020769676358	1.00034752701725	1.00083015709161	NA
1.00092691189388	1.00033121557427	0.999907521604944	1.00026841146229	1.00002663681517	0.999709703462053	NA
0.999696980529324	1.00036536545923	1.0000570225336	1.00040220014607	1.00011869672801	1.00094497915057	NA
1.0004013663141	1.00032832328545	0.999955010666311	1.00011300783363	0.99989262971378	1.00067506123565	NA
0.99986998204421	1.00011003783185	0.999974985963662	0.999633184253056	1.00033486224736	1.0011617168856	NA
1.0001895750705	1.00003961032448	1.00025717052989	1.0007009750958	0.999870985435542	0.999808917509578	NA
1.0002780231571	0.999860167940744	1.00022078409864	1.00026660650133	1.00022117384059	0.999968229150283	NA
1.00054986114551	1.00009977476607	1.00017671422918	1.00003670181282	0.999873654002645	1.00091995228606	NA
1.00003273759262	0.999927186280479	1.00058578106837	0.999941538005653	0.999934055306159	1.00018160737476	NA
1.00044518319535	1.0010544478552	1.00038867831029	1.00039471094459	1.0001230339041	1.00034135628343	NA
1.00035690421538	1.00010078784583	1.00031245606861	1.00004684554344	1.00000648919931	1.00015064168416	NA
1.00058690293084	1.00025528087428	0.9999238063915	1.00016787498152	1.00029610578625	1.00013624911108	NA
1.0001407338286	1.00128171763391	1.00021667618085	1.00015503013761	0.999777316952246	1.00114787903715	NA
0.99996383607394	1.00011740182508	1.00007640838892	1.00019143839803	1.00091938280603	1.00041463008991	NA
1.00051458222003	0.999905684180067	1.00015253650087	1.00027394417199	1.00067355983522	0.999942333973112	NA
1.00003508020706	1.00034831337481	1.00048256812779	1.00083701456412	1.00013284229585	1.00033113283319	NA
1.00008643744909	0.999915563860151	1.00007399631909	0.999799444793628	1.0000629653586	1.00008739798014	NA
0.999884510076694	1.00002183291863	1.00005866218024	1.00015449084236	1.0001612883684	1.0009564426174	NA
1.00046958806291	1.00042463388389	1.00029113985236	1.00022466142583	1.00020888029595	1.00046631000767	NA
1.00076970064598	0.999690401541023	0.999999525375323	1.00012198501173	1.0000998784013	1.00027114548815	NA
1.00069847606736	1.00077946404786	1.00007601940706	1.00020244246019	0.999838947345123	1.00002510883089	NA
1.00048926499264	1.00055952550218	0.999885563617644	1.00025611646993	0.999865249590023	1.00060289357559	NA
1.00026091475731	1.00027923771784	0.999923562957767	1.00013102298453	1.0000994558374	1.00011915492055	NA
0.999756367566765	0.999979029595273	0.999809834338493	1.00015632536871	1.00047485238649	1.00042523774483	NA
1.00050913881929	1.00065154220165	1.00005808958912	1.00016302398834	1.00128945690549	1.00010363357636	NA
1.00001283689665	1.00017509266792	1.00003631949403	1.00016261683238	1.00153251747284	1.00000310139721	NA
1.00043338962475	1.00002865021125	0.999711474095211	1.00139602990333	1.00052665221289	1.00092348242909	NA
1.00071906579428	1.00050861206374	0.999781118245039	1.00080906219795	1.00038414003696	1.00050859500389	NA
0.999887672553205	1.00062496350863	1.00093377651583	0.999814974630988	1.00050613331372	1.00027383337888	NA
1.00033434230712	1.0007104575106	1.00083745498943	1.00014930666102	0.99991970799572	0.99995912904229	NA
0.999889268470275	0.99993066384749	1.00055576606201	1.00024699618145	1.00009456437565	1.00013421130158	NA
1.00058926867485	0.99992598335147	1.00028640856873	0.99995481830545	1.00000791900413	0.999968252151853	NA
0.999914722667334	1.00012675580531	0.999881782431381	0.999999297460659	1.00063583397725	1.00000144723174	NA
1.00015080335943	1.00049467635497	1.00036235547707	1.00008609987924	1.00064419596467	1.00032673113121	NA
1.00000953805925	0.999872524435302	0.999983514085444	1.00050170397446	1.00060211062232	0.99985383628557	NA
1.00015609799214	1.00003813834719	1.00042334109728	1.00003854046637	1.00020706999065	1.00017590844653	NA
1.00023390124666	1.00083479929775	0.999943341957027	0.999922294020563	0.999869603973983	1.00051355932177	NA
1.00030679772057	1.00035104410456	0.999962214160482	0.999824962984261	1.00030283443487	1.00020130322328	NA
1.000338403398	0.999926600722966	0.999796860919407	0.99975276115848	1.00101110357948	1.00018536413027	NA
0.999934481611651	1.00004686120895	1.00090562729928	0.999919459857721	1.00012178735609	1.00030276597181	NA
1.00019142135188	1.00157934961752	1.00124403916935	1.00012370637438	0.999954792524544	1.00094416821798	NA
1.000902182693	1.00000756055382	1.00001858546232	1.00011890596075	0.999825622723941	1.00058361711863	NA
1.00054456380302	1.00017275441473	1.00021894330345	1.00168905851807	1.00027010822441	0.999787823315866	NA
1.0000317526805	1.00096109835697	1.00019935243089	1.00002313928631	1.00007296927723	1.00092527077736	NA
1.00100420609136	1.0008178695848	0.999829506434058	1.000729417414	1.00066551644148	1.00032669275546	NA
1.0003139932504	0.999992112454894	1.00034662947752	1.0000210616178	1.000223529134	1.00148318859851	NA
1.00003026130387	1.00024139982666	1.00025663885946	1.00023916549922	1.0004836949871	1.000576999343	NA
1.00025155211688	1.00008873653606	1.00043836565784	0.999904154510986	1.00117196087241	1.00064602869538	NA
1.00091536126811	1.0000929944652	1.00040657239822	1.00020015185405	1.00007128234397	1.00026947394836	NA
1.00007931900403	1.00045988393158	0.999802359009143	1.00022442969424	1.00110399190766	0.999918611812575	NA
1.00024834024914	1.00078189424016	1.00092726493388	1.00023218267105	1.00017844869283	1.00011827305471	NA
0.99994618535228	1.00001597462061	1.00011947167347	1.00121328735096	1.00146620453034	0.99994200751468	NA
1.00069925212698	0.999954274267055	1.00029343885741	1.00065719644951	1.00003532853139	1.0002976686188	NA
1.00035329883343	0.999993013594037	1.00052309904902	0.999984945858464	1.00001609411482	1.00036302021293	NA
0.999965140751313	1.00075574604879	1.00018366026517	1.00040263381144	0.999834670845456	0.999801879837839	NA
0.999997506738859	1.0012949857055	0.999913374925311	1.00084340953503	0.999918752453864	1.00017882829359	NA
1.00136675090185	1.00002506380798	1.00064102391906	1.00051715600299	1.00005506760706	1.00003982744318	NA
1.00053013271236	1.0010299573555	1.00037849096942	1.00070184769117	1.00016370682404	1.00097833633291	NA
1.00033117500796	1.00069993179689	0.999848452373707	1.00007298459926	1.00049045916421	1.00073647702216	NA
0.99987040533844	1.0006237833242	1.00027163948647	1.00008495634687	1.00001820304524	1.00037939563521	NA
1.00076647817216	1.00179381478729	1.00050293368741	1.00033279931182	1.00085437868645	1.00020412025614	NA
0.999743350651093	1.00092504903283	0.999997232130255	0.999857923541572	1.00029272955769	1.00034534222613	NA
1.0001160366165	1.0000548343699	0.999777114818827	1.00223621245201	0.999874940099771	1.00089302866518	NA
0.999985620789483	1.00053472593228	0.999940368965512	1.00037179846738	1.00015946839701	1.00028057424878	NA
0.999855212510718	1.00053153781185	1.00004083704163	1.0003803019696	1.00011243307698	0.999788885012463	NA
1.00066536712881	1.00076836272774	1.00006809126227	1.00032855543852	1.00067606891197	0.999991127532107	NA
0.999934486613618	1.00037592182168	1.00039365205121	1.00083533682536	1.00019593020385	1.00010072426712	NA
1.00026817003526	1.00052416511168	0.999892949967942	0.999838334029894	0.999647729645656	1.0006654960089	NA
1.00002806509659	0.999852817805402	0.999830373692795	1.00046164341875	1.00007427748041	1.00027268161909	NA
1.00032068417251	0.999957242132894	1.00022534502162	1.00006667578855	1.00018007507046	1.00031058729324	NA
1.00025074293316	1.00029186738923	0.999656195894175	0.999890390804658	0.999993782810498	1.00119377915166	NA
1.00074643032171	1.00119497455251	1.00001269214196	1.00015341706406	1.00026378443742	1.00006169819098	NA
1.00063659936213	1.00041419124208	1.00025874416095	1.00079972393321	1.00016369345887	1.00026073855187	NA
0.999855664401699	1.00008860075863	1.00098549591109	1.00089948311587	0.999813814582706	0.999944496273841	NA
1.00003679877333	1.00061358617406	0.99978310221177	1.00014991642775	1.00009421995291	1.0003770343341	NA
1.00092897372362	1.00000469186949	0.999922763394229	1.00013618868612	0.999751892107154	1.0002990571164	NA
1.0001503800796	1.00113976205939	1.00007826285662	1.0017464341842	1.00029020330583	1.00011503448211	NA
1.00009332035007	1.00047483623788	1.00004679586202	1.00010053218537	1.00021964888919	0.999813018495058	NA
1.00072603820407	1.00121672734167	1.00025478905953	1.00046228881748	1.00013431316738	1.00031908551094	NA
1.00033795491286	1.00022597212646	0.999805326855011	0.999946314721997	0.999811955354449	1.0003373212527	NA
1.0005837919811	1.00060678997091	0.999977945306779	0.999795242109039	1.00003156870405	1.00016960796138	NA
0.999863719385916	0.999845589480427	0.999941361028591	1.00015620148799	0.999978726589558	1.00018791815388	NA
1.00022143321654	1.00055273277411	1.00031548092036	0.9997695232568	1.00101831676479	1.00017141540958	NA
1.00026223582019	1.0005804798298	0.999876758396825	1.00052092675081	0.999988998507098	1.0004011994792	NA
1.00057589218478	1.00053379015642	0.999706765637553	1.00040985152123	1.00018665242287	1.00047091480519	NA
1.00046434631488	1.00145584142266	1.00040168939051	1.00039405596659	1.00013904575086	0.999976477737725	NA
1.00021373466823	1.00033441124444	1.00019507675942	1.00020021917909	1.00058462207992	1.0008602429898	NA
1.00009897412539	1.00083090423584	0.999826466706274	1.00011923171217	1.00025171809946	1.00000472397741	NA
0.999898738436785	1.00031938306489	1.00034139026032	1.00055599026863	1.00075629413539	0.999626778281747	NA
0.99979506617404	0.999782548024529	0.99992784327102	1.00018867263347	1.00005563160011	1.00038162054689	NA
0.999891912497697	1.00030407840303	0.999864861051318	1.00023644722186	1.00004665940769	1.00077575746186	NA
1.00033670924763	1.00022325197587	1.00007726749726	1.00028505716153	1.00045134431472	1.00055463647561	NA
1.00030829871161	1.00022267390474	0.999852158684373	1.0006502164946	1.0002886290111	1.00074071681539	NA
0.999784593269394	0.999945369968475	1.00012259906719	1.00039891941877	1.00066171596736	1.00014699142985	NA
0.999803431616019	0.99992248413021	1.00013491138651	1.00071077144019	1.00042226607632	1.00002531988656	NA
1.00003671421323	1.00000389419043	1.00018203599109	1.00018941497817	0.999998668526656	1.00012687681466	NA
1.00034122710919	0.999978542959355	1.00048171641288	1.0000673292645	0.99994291676653	1.00046463172043	NA
0.999719757869415	1.00189963979679	0.999814420788347	1.00007431943834	1.00028999813992	0.999978055315487	NA
1.00052778901557	1.00029445096235	0.999939450127936	1.0000981022177	1.00021739049793	1.00114038399975	NA
1.00048852748797	1.00033436927717	1.00061577567828	1.00053864229955	1.00057191196231	0.999808755806691	NA
1.00002461698972	1.00052501150608	1.00083776598197	1.00072816528324	0.999770349029827	1.0008852130672	NA
0.999761579739577	1.00042463566353	0.999968327850423	0.999866779809556	1.00047066343255	1.00029623480217	NA
0.999848722015881	1.00009418441235	1.00024241896689	1.00042100845922	0.999885361095186	1.00041507258053	NA
0.999945155091025	0.999737720219866	0.999875511231217	1.00013298778561	0.999788875722744	1.00068993489631	NA
0.999864690283119	1.00068483022566	1.00058975998925	1.00005764095333	1.00063634623026	1.00038180466846	NA
1.00083445976894	1.00011815192264	1.00007313831751	1.00053508876395	1.00017958856042	1.00015499764274	NA
0.99996390618315	1.00088667963496	1.00022753060026	1.00020746593124	1.00010831565139	1.00007353898631	NA
0.999791008423246	1.00037371338543	0.999871066103507	1.00093890425309	1.00021771885878	0.999783961432509	NA
1.00081502810124	1.00126501942722	0.999788358913501	1.00023240801158	1.00080936989346	1.00021363471602	NA
1.00013855812273	1.00023349403763	1.00010431466206	1.00001028877026	1.00054304885399	1.00053953270042	NA
1.00179301427495	0.99993125089499	1.0003866505809	1.00046865917982	0.999993747570979	1.0002706801781	NA
0.999870367850337	1.00067672640831	1.00026181024546	1.00038079338218	1.00019441930672	1.00064862736614	NA
0.999980775762162	1.00034784840777	0.999932974970197	1.00015493818905	1.00023243198141	0.999942344547603	NA
1.00102941758209	1.00128559288798	1.00018886094917	1.00109766825114	1.00056801416297	1.00043600921755	NA
1.00026616429443	1.00025556883075	0.999902084831907	1.00018383111963	1.00043262777763	1.00060213590877	NA
1.00031899528288	0.999767198480966	0.999711829439491	1.00025871970004	1.00027651904866	1.00069191963561	NA
1.00018577042675	1.00064551990543	0.999971320906516	1.00031386201136	1.00033924595456	1.00019449340799	NA
1.00054556928079	1.00002697732477	1.00116225486116	1.00049265335141	1.00006737637622	1.00088710676239	NA
1.00015227610735	1.00043274002497	0.999902764839556	1.00089813706224	1.0006619474448	1.00100100967174	NA
1.00053574360672	1.00166541967695	0.999977796782311	1.00010046405629	1.0003092726598	0.99978594841204	NA
0.999960182362752	1.00031282373851	0.999929563611059	1.00065726716955	0.99990308816698	1.00033264123483	NA
1.00028230100013	1.00086700616055	1.00008837259277	1.00018656976395	1.0006022594931	1.00012706608932	NA
1.00049047454785	1.00067347358574	0.999850668712205	0.999685495421878	1.00007353660938	1.00050001766987	NA
