FMP	RMP	FPP	UPP	ANPP	NPP	ANCOVA
1.00301230031094	1.00341519195865	1.00044985937631	1.00166694565183	1.00063421005583	1.00067285613062	NA
1.00143726180125	1.00205432515008	1.00017249473218	1.00029189300385	1.00014434290136	1.00006874665966	NA
1.00075109300578	0.999977684897505	1.00020951792771	1.00033716482774	1.00092558172024	1.00130996468201	NA
1.00045083588215	1.00017303211042	1.0003382230885	0.999755554292632	0.999930264464284	1.00085669899582	NA
0.999961918665954	1.00058455972475	1.00004687611375	1.00016569961466	0.999843849108866	1.00054996335358	NA
1.00227872911734	1.00174901457132	1.00032239757868	1.00013998070359	1.00039388815601	1.00010139171588	NA
1.00030118190793	0.999875869540206	0.999770588913356	1.00116394498258	1.00021306180464	1.0002783384587	NA
1.0007528625567	1.00289989467448	0.999951144733262	1.00032190205492	1.00035154068896	1.00064148601308	NA
1.0020449174276	1.0027348434981	0.99984067100293	1.00041007144215	1.0007196569077	1.00047198012906	NA
1.00193707138648	1.00326849916979	0.99982462608395	1.00002688368724	1.00046123756116	1.00102253072546	NA
1.00029768335757	1.00142064207488	1.0004435659365	1.00040114884048	1.00090915493836	1.00022848864297	NA
1.00066205937333	1.0004477503445	1.0003385201434	1.00144476805589	1.0002705993583	1.00153893630832	NA
1.00132769383003	1.00111866019601	0.999810912151406	1.00090934145177	1.00037517193403	1.00018327713573	NA
1.00157745585802	1.00219502401347	1.00002129090837	1.00037648945908	1.00073935652933	1.0005096017569	NA
1.00138806798157	1.00062221574544	1.00047168192025	1.00016391977601	0.999937101453622	0.999903947191327	NA
1.00297548665302	1.16826135482685	1.00001176572146	1.00028176423699	1.00056452453528	1.00056795848701	NA
1.0037802121008	1.00095650049489	1.0005533594955	0.999842497037203	0.999967599602975	1.00021880812165	NA
1.00106368978002	1.00178426734917	1.00037076190322	1.00007063151093	1.00055097047045	1.00059527793757	NA
1.00171041169881	1.00152796695876	1.00000497209625	1.00122369679933	1.00056409151343	1.0003925190275	NA
1.00159727189202	1.00072331884244	1.00011519368239	0.999995649930902	1.00003597446871	1.00038842694551	NA
1.00025701222357	1.00009312583134	1.00004426283003	1.00020533965024	1.00015752264647	1.00083420554764	NA
1.00085760652036	1.00070424896309	0.999981690064026	0.999974575699489	1.00143638312157	1.00080766593602	NA
1.00179320127509	1.00163869226823	1.0003797604739	1.00010337119704	1.00097350279917	1.00131448180046	NA
1.00134657160033	1.00021746792199	0.999824668511233	1.00076649095544	0.999838677899892	1.00027979517052	NA
1.00074805299219	1.00003401178802	0.999888361071354	1.00074093272591	1.00059956055251	1.0005487418648	NA
1.0000030367581	1.00045624528708	0.999866858614555	1.00112677144477	1.000515245974	1.00009663509788	NA
1.00145933852345	1.00377749986476	0.999954784900135	1.00036658927374	1.00071947701748	1.00130789156996	NA
1.00369041839391	1.00478712183639	1.00027426398999	1.00062801854138	0.999966039729375	0.999983147201035	NA
1.00171087227607	1.00205641150281	1.00006168494139	0.999866879490153	1.0001835057651	1.00115686769411	NA
1.00577604556358	1.00404938719296	1.00028166725797	1.00143622610856	1.00010407883658	1.00006995735127	NA
1.00132114778246	1.00535304669466	0.999955020679341	1.00042385546652	0.999970696228589	1.00154816381553	NA
1.0001097905896	1.00011629530406	1.00021643096022	1.00057288554781	0.999872319884989	1.00042376617568	NA
1.00089461612233	1.0025252101273	0.999745942532877	1.00014677601828	1.00009962203537	1.00106039201894	NA
0.999791184341306	1.00012889661766	0.999874533904278	0.999939946055524	1.00025362923511	1.00012321658333	NA
1.00369281565321	1.00155390230646	1.00059318195473	1.00038972389446	0.99991020801831	1.00037655089517	NA
1.00116892737352	1.00031674040864	0.999921323014889	1.00078638201545	0.999764398074982	1.00009133301261	NA
1.00027026360565	0.999928643963606	0.999976598190489	1.00194848330516	1.00014095103457	1.0006136981163	NA
1.00044320353715	1.00248872065062	1.00034584496756	1.00048308388965	1.00096509942872	1.00051748669244	NA
1.00164671039701	1.00020930688678	1.00001275018545	1.0000322602445	1.00043876994904	1.00007851665576	NA
1.00056998453435	1.00039541065947	1.00024876703746	1.00042103609374	1.00086087578953	1.00003880591182	NA
1.00065466726612	1.00147857876316	0.999766789844851	0.999866953617574	1.0015869515824	0.999978237245857	NA
1.00302708845596	1.00339081300464	0.999900012282509	1.00083225141217	0.999905102412318	1.00058266047047	NA
1.00097163477698	1.00060404377416	1.00094571773947	1.00032931913848	1.00028475931434	1.00063560456981	NA
1.00044284705246	1.00016796909847	1.00014467540095	1.00017669918042	1.00057345923208	1.00072481903226	NA
1.00114024098405	1.00133991455382	1.0002599408975	1.00073128640208	1.00024940747839	1.00057450633613	NA
1.00013239340174	1.00385491373954	1.0006683243391	1.00104546259724	0.999991322902091	1.00024347141401	NA
1.00122626740124	1.00263240817331	1.00015417396493	1.00032266363693	1.00076270503078	1.00048784723233	NA
1.00123695347416	1.00171467379799	1.0006674616581	1.00143284778149	1.00009706538683	0.999946238771538	NA
0.999977793305244	1.00036053160585	0.999863268534285	1.000233725832	1.00111353211131	1.00198638543181	NA
1.00188274057505	1.0007501512925	1.00013784731168	1.00000447545105	0.999996694225289	1.0001461346478	NA
1.00116312397834	1.00146081476211	1.00027415111129	1.00124240607916	1.00006986005132	1.0008750463884	NA
1.00243041701539	1.00024259184945	1.00046043978073	1.00010895081747	1.00071176641354	1.00002780173935	NA
1.00032417548176	1.00032947747948	0.999977220708013	1.00039602734784	1.00008045384007	1.00019835055876	NA
1.00024088372804	1.00121750086045	1.00034987810829	1.00022594107831	1.00043267233416	1.00004784123259	NA
1.00028053427725	1.00041444912424	1.00008992339451	0.999915802169588	1.00108914540863	1.00027026826035	NA
1.00028315717052	1.00050973414055	0.999738779664156	0.999984896778423	1.00010301552715	0.999766649470058	NA
1.000165047596	1.00239705945142	1.0003667481638	1.0003489048805	1.00039036928342	1.0005853911531	NA
1.00023410630923	1.00059340557862	1.00027506414269	0.999760459730009	1.00011554867522	1.00027878591784	NA
1.00183328415438	1.00084142124271	1.00013714619993	0.999950674912573	1.00029268351556	1.00074173793566	NA
1.00088325218519	1.00206736687035	1.00015064044352	1.00000178003503	1.0005592622056	1.00060929881808	NA
1.00634696222548	1.00240219072847	1.00035734506955	1.0010945333849	1.00069502397753	1.00084950485816	NA
1.00138486509398	1.00040755968389	1.0003278118025	1.00050993581388	1.00085711257729	1.00050669922306	NA
0.999926600577851	0.999861339673601	1.00039665648496	1.00002341786607	0.999965616546823	0.999758566028902	NA
1.0020011615893	1.00751480539891	1.00053042437353	1.0002708787554	1.00118906485221	1.00000914406253	NA
1.00117159469042	0.999981141910633	1.00030266423579	1.00004305253882	1.00029733907605	1.00008148792887	NA
1.00005147231376	0.999992370116485	1.00011023355102	1.00173129904082	1.00068608672752	1.00005539393208	NA
1.00128183092068	1.00114161966275	1.00030828255411	1.0002199263958	1.0008573447398	1.00089165000427	NA
1.00014574934251	1.00024211590024	1.00001430973128	1.00056028690359	1.00124407369121	1.00000371560571	NA
1.00018708639933	1.00056476723183	0.999952813897552	1.00024211340152	1.00135170471753	1.00026297679696	NA
1.00120306661514	1.00201659828468	1.00029029215255	1.00037945319089	1.00031390472262	1.00107197653475	NA
1.00054331845963	1.00124601952211	0.999853929329976	1.00006813855824	1.00019217100209	1.00055937703844	NA
1.00085396479405	1.0014527652693	0.999861070891624	0.999979978118302	1.00056850953639	1.00095146715866	NA
1.00063370848825	1.00434979227839	1.00038888190681	1.00023772942166	1.0001668725255	0.999944474924048	NA
1.0067341551	1.00113306973511	1.00078217333935	0.999882083714383	1.00034557644311	1.00084707266955	NA
1.00114989794341	1.00147078703722	1.0001660782977	0.999810667074069	1.00022019964919	1.00081316635692	NA
1.00068429600167	1.00071723778648	0.99978361736878	1.0002738335185	1.00053382819017	1.00010574059158	NA
1.00043355516925	1.00083491236519	0.999850551038731	1.00015239577234	1.00079147621858	1.00077548091667	NA
1.00031497331891	0.999877295232822	0.999696672088902	1.00018000806518	1.00050614236779	1.00000520414504	NA
0.999909339734263	1.00038535056419	1.00002900528818	0.999987331986316	1.00061984095684	1.00045514744998	NA
1.00064598886163	1.00167062607283	1.00031853437378	1.00031265033655	1.00000193802315	1.00028308034149	NA
1.00597737126001	1.00508066421124	0.99995256913567	1.00101567605254	1.00000518962331	1.00013994177313	NA
1.00150221067072	1.00207112765703	1.00004790533546	1.00003103937878	1.00014789226793	1.00071137274722	NA
1.00121547097939	1.00032426412017	1.00008480522759	0.999913279529721	1.00033222885109	1.00135457575513	NA
1.00125946246631	1.00186432176947	1.0000624194383	1.00074926118692	1.00026665164863	1.00025247444154	NA
1.00158582617232	0.999987033673688	1.00008746984606	1.0007898763943	0.999886255234434	1.00035695536616	NA
1.00018724231801	1.00169075433568	0.999966303042982	1.00120379158234	1.00037121095235	0.999871436875397	NA
0.999971111355734	1.00098652641049	1.00025239739954	1.00076332108947	1.00049139289917	0.999919564912295	NA
1.0004640278041	1.00439300717605	0.999902660245317	1.00021084195877	1.00037032400445	1.00005906335865	NA
1.00037098203519	1.00036389587208	1.00106575139273	1.00096304795246	0.999853176662747	1.00020435908652	NA
0.999943967155569	1.00014099585995	1.0002351965004	0.999926837800778	1.00047171330201	1.00085736262948	NA
1.00024767600678	1.00071715178684	0.999896893344591	1.00021191660982	1.00002066306005	1.00031302394553	NA
1.00059831004955	1.00151757235806	1.00059791670259	1.00002548542942	1.00145024096862	1.00058770975212	NA
0.999934118399205	1.0013874633925	1.00040295935816	1.00076719105044	1.00052942314746	0.999859780975606	NA
1.00077235212039	1.00143747525027	0.999708199858221	0.999815446697988	1.00056363188969	1.00009774719312	NA
1.00151594318171	1.00136472560374	1.0001928139304	1.00054599637369	1.00073429792235	1.00072598672687	NA
0.99981788941047	0.999845639388639	1.00034694959497	1.00087656489873	1.00011769685919	0.999841429063308	NA
1.00138015433055	1.00067265688756	1.00022835717311	1.00074168990728	1.00012196328646	1.0000427995585	NA
1.00023847284139	1.00034042947623	1.00010800948736	1.00107550079262	1.00069406279335	1.00001804210165	NA
1.00277479859592	1.00997199124345	1.00069393321264	1.00001274432666	1.00109119433402	1.00131793466262	NA
1.00148848121268	1.00071388291928	0.999975119245387	1.00115351145154	1.00014515274032	1.00033655582666	NA
1.00180382657434	1.00186487500457	1.00018387580815	1.00109776515451	1.0000477237066	1.00026922876494	NA
1.00020089575614	0.999989608210849	0.999785466556342	1.00075186660204	0.999951243953016	1.00038015792575	NA
1.00055714414846	1.00390370708547	1.00019746649925	1.00016881711722	1.00006130210537	1.00004589967824	NA
1.0011004975117	1.00070289967181	0.999974301393596	1.00070619756032	0.999819059874032	1.00036054262331	NA
1.00180649334328	1.00066315440817	1.00060311880863	1.00206417329317	1.00029478418503	1.00079563945148	NA
1.0006304302869	1.00022041023223	1.00013472128302	1.00138494239331	1.00115506317892	1.00077084424475	NA
1.00067325278073	1.00046557620258	1.00012229172259	1.00049201945966	1.00018509144642	0.999731434488073	NA
1.00048827272949	1.00111449212924	0.999934359834357	1.00025222967566	1.00124537632375	1.00036753590196	NA
1.00008040689994	1.00114748157189	0.999979119051004	1.00012102889364	1.00078460355132	1.00053582318814	NA
1.00060063602322	1.00124995841031	1.00007213392378	0.999752855132981	1.00091858724796	0.999958028816599	NA
1.00173246394996	1.00387220879814	1.00011801110296	1.00024663007369	0.999905284188234	1.00104400367516	NA
1.0004942775293	1.00439183618615	0.999841675919062	1.00060810479553	1.00013799418326	0.999925104275543	NA
1.00072341401284	1.00139294619638	0.999912085931615	1.0010162116137	1.00041994970618	1.00087055364986	NA
0.999903209959715	1.00072659842973	0.999984998368345	1.00009060864911	1.00030580187356	1.00191662482536	NA
1.00109539229408	1.00181066941651	1.00002186103418	1.00031982567324	1.00037270662113	1.00089005306631	NA
1.00287344958588	1.00968437763429	1.0003806540934	0.999907160094893	1.00024820871527	1.00160022790887	NA
1.0003988808309	1.00063025380737	1.00008539117477	1.00052307807431	1.00059975367494	1.00031721461799	NA
1.00100466445583	1.00034434257464	1.00002413904176	1.00028079794161	0.999833597339046	1.0004775909447	NA
1.00088097343002	1.00052716576508	0.999705510376168	0.999795562065119	1.00050938672009	1.00039480508961	NA
1.00052958796382	1.00128432919422	1.00017991166665	1.00069189038595	0.999723717452836	1.00083024858988	NA
1.00097544450742	1.00104777263773	1.00030278885012	0.999963726716466	1.00025346879731	1.00004792320586	NA
1.00101728460119	1.00048906654684	1.00032111166152	1.00162139928262	1.00100367268907	1.00032822305656	NA
1.00072722798255	1.00041736342942	1.00028048924507	0.999852807565766	1.00051440855074	1.0007646571308	NA
1.00072028569241	1.00024290715557	0.999753419034148	1.00052878451299	0.999935671315888	1.00124628808901	NA
1.00188322235617	1.00114105175529	0.999929605585042	1.00002984530285	1.00025236138694	1.00075655080837	NA
1.00037908195144	0.999825263666082	0.999874775574722	0.999825114361344	1.00043910064456	0.999960609760662	NA
1.00019693141451	0.999964298044154	0.999793975792183	1.00030652768182	0.999816941523838	1.00063082535301	NA
1.00043182263031	1.00047671551478	0.999677650059891	1.00060643886841	0.999891139938985	1.00048345098554	NA
1.0007773085612	1.00032278105809	1.00013449415336	1.00026163639943	1.0008219786678	1.00177631596681	NA
1.00056779892892	1.00307137807469	1.00025119766624	0.999989832588802	1.00059971697176	1.00055661352372	NA
1.00061856103239	1.00028647928031	1.0001806967897	1.00049759245819	0.999705475330912	0.999852622202753	NA
1.00055877342569	1.00011369272258	1.00060796429296	1.00026030516585	1.00078405429561	0.999984086860262	NA
1.00006504381366	1.00015645467448	0.999999893877144	1.00004678826124	0.999956248594223	0.999892522923593	NA
1.00053404765242	1.00045108228944	0.999913441364295	1.00072380822388	1.00033045057905	0.999998866222095	NA
1.00050051929276	1.00027215914967	1.00010688771261	1.00027275990058	1.00023033908774	1.00035632812634	NA
0.999800902791258	1.00033996929474	1.00026655439551	1.00052103842207	1.00109828532989	1.00013542884397	NA
1.00407286043451	1.00043404568826	1.00040246834519	1.00044858919314	1.00071502285347	1.00075601001141	NA
1.00015442813355	0.999889669588414	1.0005152466803	1.00048487253511	1.00033506512255	1.00080190864033	NA
1.00210127137151	1.00246598289847	0.999670758244797	0.999945851030515	1.00029989525359	1.00054094260385	NA
1.00335863458627	1.00260316025594	1.00012212613543	1.00101884829016	0.999930289967776	1.00033549683476	NA
1.00096508347339	1.00018217002613	0.999967174626449	1.00034887347898	1.00000299975684	1.00040168891601	NA
1.00012456047838	1.00073753130009	1.00024434020013	1.00000415491375	1.00031135909001	1.00018538689397	NA
1.00068610305944	1.00088966728381	1.00097162038211	1.0007774621844	1.00063396001493	1.00025842630409	NA
0.99994646277804	0.999884475806166	0.999933091633121	1.00003497113866	1.00028228733747	1.00017320291075	NA
1.00080159944116	1.00199149608672	0.999910741224905	1.00046308382792	1.00039771500246	1.00121668566927	NA
1.00037021333853	1.00102266201898	0.999809289892455	1.0001649658117	1.00009064403279	1.00063791157522	NA
1.00037582689914	1.00081097699351	0.999868258476206	1.00057552192295	1.00072801010343	1.00034068097421	NA
1.00001978616607	1.00015535866778	1.00022818704148	1.00013660611648	1.00032526893967	1.00015964082564	NA
1.00276302843311	1.001856319875	1.0002534197822	1.00049092951363	1.00023901045757	1.00039581825569	NA
1.00048266229489	1.00075547156957	1.0007922090513	1.00028134562749	1.00058529320062	1.00019808090738	NA
1.00018088504524	1.00049218193245	0.99987558335854	1.00046885416493	1.00033320003401	1.00079258428086	NA
0.999886956267551	1.00076620120412	1.00027196727889	1.00054914581386	1.00014985498099	1.00112150396418	NA
1.00088955521898	1.00119432737919	1.00030512256376	1.00079034474825	1.00035758517652	1.00066061146573	NA
1.00107176685014	0.999986931330388	1.00000663769294	0.999808032998242	0.999873456114202	1.00039890145543	NA
1.00123649204322	1.00047956410743	1.00009780203096	1.00040833894442	1.00097063753161	1.00040428906559	NA
1.00143590120951	1.00129553801672	0.999914639785611	1.00053945371649	0.999959585186745	1.00030110969282	NA
1.0005074385413	1.00041840703567	0.99981121809175	1.00026672380895	1.00015604877336	0.999892305437327	NA
1.0012756761967	1.00030301379863	1.00040850024781	1.00050818970128	1.00018616034879	1.00051288682416	NA
1.00094120118856	1.00008642838	1.00001879417004	1.00015519184052	0.999780736850197	1.00011674333143	NA
1.00039368382074	1.00135759236465	1.00040956526228	1.00001522783746	1.00132845615916	1.00063391091639	NA
1.00095832602357	1.00006043243216	1.00040045619528	0.99997919712824	1.00088216526587	1.00045037220601	NA
1.00039699653506	1.00103052477896	0.999965039973268	1.00019012899711	1.00002322285556	1.00026276971149	NA
1.00139104170201	1.00293589425339	0.999689322199583	0.999992162338962	1.0003817596844	1.00088833511096	NA
1.00069172652578	1.00069246887133	0.999763015794583	1.00059882029884	1.0003879264495	1.00007280605454	NA
1.00319522983033	1.00083195993529	0.999932289103979	1.00041035575782	1.00008687930174	1.00111709111652	NA
1.00134482779063	1.00033895570154	1.0005178484639	1.00037352156024	1.0004757856373	1.00009102366632	NA
1.00041746524688	0.999976818163933	1.00000026351257	1.00061632779418	0.999875795244619	0.99988615564662	NA
1.00041011417489	1.00012571995803	1.00092749412967	1.00017492714358	1.00000397172112	1.00017364332782	NA
1.00028723511133	1.00212140989674	1.0003270340039	1.00107274985786	0.99995983520954	1.00057048984964	NA
1.00062735340069	1.00168259864044	1.00033100514491	1.00003199713933	1.00022330267613	1.00070576731729	NA
1.00016351900461	1.003096041258	1.00001667842058	1.0010098754481	1.00118836835686	1.00070603392186	NA
1.00056482408933	1.00125990828154	1.0008671440323	1.00057441710399	1.00064981650908	1.00047188225106	NA
1.00083924332759	1.00104706490012	0.999746450077913	1.0001342103053	0.999856498652945	1.00078431193873	NA
0.99996055492361	1.00046047023798	1.00033095695158	0.999877237961463	1.00067490226459	1.00059945726136	NA
1.00002694144124	1.00241012774361	0.999926137807644	1.00025604531964	0.999930102582557	1.00017453868374	NA
1.00145257209337	1.00101421169283	1.00038697528589	1.00009565564673	0.999938894658599	1.00034824519257	NA
1.00044003360094	1.00030953841173	1.0001618348093	1.00053919665286	1.00000456709158	1.00056881289759	NA
1.00062044271779	1.00182996288366	1.00054247279906	1.00026889524404	1.00099131356811	1.00025381234048	NA
0.999843349830011	1.00047844206385	0.999852126947042	1.00120430627802	1.00010424303161	1.00047026094339	NA
1.0005773264938	1.0014878655558	0.999984536321528	0.999864232359195	1.00108091793501	1.00056513325424	NA
1.00113343633333	1.00039964408888	1.00012681847287	1.00054818124038	1.00098823104559	1.00012795097815	NA
1.00280995391651	1.01101231263027	1.00065386604492	1.00107222158116	1.0004418877561	1.00109745147663	NA
1.00344010932662	1.00097619299785	1.00054138037486	1.00138485646578	1.00026054586113	1.00050196219716	NA
0.999830115062306	1.00055311530216	0.999926061434446	1.00027515947866	0.999923894623497	1.00051335646819	NA
1.00045559002614	1.00047131567546	1.00043704367326	1.00041235338939	1.00060703114597	0.999902528700521	NA
1.00215401135862	1.00057521109244	1.00014130452939	1.00024688922968	1.00072219982756	1.00111664021943	NA
1.00035924438339	1.000089761738	1.000231348361	1.00014165823652	1.00022381780084	0.999999245820981	NA
1.00013457153212	1.00142915266484	1.00056459307212	1.00030257477654	1.00003509146068	1.00025486417984	NA
1.00055043241552	1.00104682054625	1.00002166006314	0.999890908758434	1.00027992981297	1.00016890224585	NA
1.00059595245617	0.999792558642756	1.0010140712137	0.999891489567596	1.00053231756108	1.00028231154359	NA
1.00247406741129	1.00205204737386	1.00057072692838	1.00004972043492	1.00033249307321	1.0003984041054	NA
1.00118432634464	1.00156654592878	1.00005121474565	1.000007901195	1.00094371709193	1.0008826272097	NA
1.00040126501352	1.00022373204158	1.00026072395798	1.00052080634397	1.00045871406827	1.0007139765243	NA
1.00051647931505	1.00133459779051	0.999956188014985	1.00097833108942	1.00179510272353	1.00026693327149	NA
0.999686589804233	1.00050278672195	1.00029672098991	1.00036725457978	1.00007465246786	1.00024289367772	NA
1.00257279966502	1.00295309186153	0.999896328978849	1.00083376366137	1.00016813168989	0.999915629243493	NA
1.00055527916551	1.0067379330549	1.00063681329905	0.999976884888474	1.00008518502262	0.99995850780106	NA
1.00159443517267	1.00113024966931	0.999841369631555	1.00053533746431	1.00037251854416	1.0003195356433	NA
1.00052773289697	1.0003921574608	1.00009867687848	1.00038106356901	1.00027447981462	1.00053079656633	NA
1.00075758460076	1.00001053843662	1.00018391321219	1.00061838288699	1.00033098303702	1.00063169225924	NA
1.00079801087473	1.00106250908579	0.999674972783943	0.999779587296196	1.00068327346236	1.0001503838046	NA
1.00010785148563	1.0005866037237	1.00003880997432	1.00046469613293	1.00093914256666	0.999982443685367	NA
0.999879940467529	1.00001948331639	1.00028022174632	1.00007757974667	1.00010005861197	1.00084457946086	NA
1.00140210844773	1.00142234409773	0.999815155234605	1.00043513409139	1.00015378178132	0.999949822984993	NA
1.0001594499262	1.00170810039755	1.00046894051504	1.00101401745135	1.00019260772804	1.00195727720845	NA
0.999971349995531	1.00040510769794	1.00004389651423	1.00008556075596	1.00198561951568	1.00032420813393	NA
1.0001205478606	1.00000440397058	0.999857749024911	1.00023662036504	1.00041070429987	1.0004307316468	NA
1.00035880486854	1.00119907841286	1.00023740845238	1.00015772148358	1.00062604292486	1.0000635919284	NA
1.00107483439966	1.0001784926102	0.999968596290938	1.00000932973182	1.00021549877413	1.0000111090148	NA
1.00035075794144	1.00062056863053	1.00050316710055	0.999947508613567	1.00093961562654	0.999895153259588	NA
1.00033913002687	1.00026259934566	0.999895367003376	1.0000871644694	1.00033300849407	1.00003961312113	NA
1.0033126474602	1.00152903314732	1.00037518078925	1.00068961982116	1.00052944584538	1.00106575615373	NA
1.00229233285496	1.00113490812945	0.999787001554219	1.00008702689152	0.999897214701276	1.00019332437585	NA
1.00016010260769	0.999909033539541	0.999872382907163	0.999916755392813	0.999988894329473	1.00068945817466	NA
1.00933461555547	1.0090818875779	1.00018480080354	1.00048131341473	1.00025383227185	0.999994304841463	NA
1.00033710974486	1.00068459458451	1.00003811695553	1.00008345116276	1.00017800154787	1.00006186253669	NA
1.00155929121807	1.0000373881314	0.999828243388474	1.00001893971137	1.00002792987359	0.999714786830783	NA
1.00146183547672	1.00096485872708	1.00003123206617	1.00032663702867	0.99986554174792	0.999813314055778	NA
1.0004333275673	0.999814956273261	1.00029726027656	1.0005341702882	1.00021797561976	1.00112378150308	NA
1.00010617227705	1.00091702287508	1.00014200372483	1.00051842558078	1.0001037142225	1.00092124526935	NA
1.00048370325037	1.00070028709154	0.999718233807708	0.999927098940587	1.00067955990609	1.00026633186283	NA
1.00487530572746	1.00169871171437	1.00033060342196	1.00090554791759	1.00017505035453	1.00136970356646	NA
1.00151723293801	1.00191103305012	1.00057147109091	1.00085035959851	1.00038958099928	1.00067497510337	NA
1.00039330206377	1.00054535475176	1.00009135740135	1.00063573472607	1.00012470174324	1.00012883904905	NA
1.00046534832515	1.00056225743407	1.00073143009906	1.00084715594709	1.00049635942403	1.00030788463756	NA
1.0002169648913	1.00155171018618	0.999885377397055	1.00048455823708	0.999895529504703	1.00058788246911	NA
1.00035287032429	1.00028842433798	0.999980152136834	0.999976784906556	1.00062306689304	1.00042408072758	NA
1.00041332251864	1.00034203911459	1.00073591686005	1.00025027103704	1.00081399267384	1.00041877869067	NA
1.00275287571174	1.00618010158676	1.00020892063137	1.00180344022083	1.00083164835518	1.00031303576322	NA
1.00041318753838	1.0024051793589	0.999955353482434	1.0003953058783	1.00017646412428	1.00012484295401	NA
0.999931627695164	1.00137172673666	0.999978939912394	1.00131821879427	1.00001929764953	1.00015835643322	NA
1.00011559234716	1.0001208867024	0.999848696318455	0.999897120442594	1.00055606294801	1.00068834500964	NA
1.00158691140734	1.00006201000531	1.00024994717986	0.999866766429972	1.00058438638148	1.0002034131842	NA
1.00021527696743	1.00031834354757	1.00005644570475	1.0007046142188	0.999809072279003	1.00026478630595	NA
1.00098546214655	1.00022143119848	1.00013403357093	1.00099242065051	1.00041514008695	1.00001267051228	NA
1.00030752803234	1.00020976984491	1.00012937820959	1.00143250707554	1.00017455786796	1.00058570712475	NA
1.00072631738331	1.00006814626489	1.00051735561973	1.00051638659435	1.00038486111675	1.00062803487543	NA
1.00042039288738	1.00045954631293	1.00021368615654	0.99992770836011	1.00005445727775	1.00038295724907	NA
1.00032735842048	0.999781854454556	1.00087056764365	1.00057759692722	0.999939682163863	1.00014815222011	NA
1.00057425013015	1.00056046319915	1.00044847479449	1.00016966092692	1.00072826686452	1.00063943515225	NA
1.00057667988847	1.00072756884886	0.999986163060673	1.00018175637217	0.999939663510316	1.00012357875758	NA
1.00116332824849	1.00271967953119	0.999681902676578	1.00038185271887	1.00041979529477	0.999958741807453	NA
1.00108183454531	1.00177237970603	0.999927091263633	1.00078484245418	1.00067230404866	1.00023299625726	NA
1.00003905443565	1.00100987637634	1.00018175242489	1.00013148796993	1.00024004237093	0.999846274393197	NA
1.00088642286084	1.0018465402843	1.00031415527154	1.00084916571416	1.00039281866298	1.00014827329175	NA
1.00051576659947	1.00093102595878	1.00024935644836	1.00031518054695	1.00089902137945	1.00046244770576	NA
1.00121568355	1.00168832330669	0.999930389965672	1.00150537336586	1.00048754599402	1.00079222467469	NA
1.00174964295403	1.00184964820057	1.00016666964023	0.999988533156229	1.00000531605291	1.00026894114659	NA
1.00182862960676	1.00007848655813	1.00010889597489	0.999701187319585	1.00008691177589	0.999979489902245	NA
1.00016872676437	1.0000305010106	1.00007963792783	1.00023561449738	1.00003494526919	1.00016596513752	NA
1.0023068307284	1.00046936348074	1.00029493774177	1.00017675278959	1.00080135649322	1.0004365443204	NA
1.00167824064763	1.00206831000306	1.00028650315791	1.00035130149568	1.00022625973962	1.00010833976415	NA
1.00037018087013	1.00039064120466	0.999830952151861	1.00035465424193	1.00052897172469	1.00003132821169	NA
1.00139679689129	1.00062417839784	1.00050044087265	0.999728821958377	1.00042532666696	1.00095561848626	NA
1.00066763027474	1.00093638430766	1.00064383062388	1.00049840898607	1.0001420104223	1.00089679929117	NA
1.00158655756047	1.00101700245729	1.00011663672614	1.00000032981657	1.00042100912347	1.00015902827604	NA
1.00103760887614	1.00099176890877	1.00136243444011	0.999958356993234	1.00038469832659	1.00023677121361	NA
1.00254129344186	1.00041605945378	1.00005583072848	1.00008797708264	1.00042394855305	1.00109946879401	NA
1.00156627823943	1.00222739698668	0.999908326804792	1.00007282681173	1.0009344335676	1.00065873098016	NA
1.00155902252629	1.00097462951911	1.00019822437541	0.999984916003472	1.00016579071375	0.999878654362721	NA
1.00043293890923	1.00050729616849	1.0005557420136	1.00055223489998	1.00095722660962	0.999734477051292	NA
1.00122569129889	1.00163950740849	0.999942538682282	1.00047205384289	1.00013402697988	1.00010431549333	NA
1.00083679401912	1.00232807815544	1.0001630428325	1.0014378201837	1.00013344949732	1.00048010363404	NA
1.00063436576549	1.00100623526692	0.999964627571091	1.0000357207688	1.00040009746899	1.00075892334508	NA
1.00111103374825	0.999999890710756	1.00142002821784	1.0001422330931	1.00055634997557	0.99981055804382	NA
1.00011251581696	1.00041066043001	1.00015819256263	1.00027461279172	1.00025015527859	1.00008098492622	NA
1.00046788274154	1.00097957926625	1.00034970322288	1.00066253315308	0.999873074263596	1.00077436063656	NA
1.00029879543017	1.00078992055264	1.00005464779571	1.00125313856346	1.00069974084402	1.00042196189363	NA
1.00185276490262	1.00026870857529	1.00028775498349	1.00027762994677	1.00010931884254	1.00043388253439	NA
0.999831058750612	1.00007908251833	1.0003643332263	1.0002903860971	1.00050131723104	1.00012933517232	NA
0.999919945770033	1.00039848734278	1.00003149923861	1.00131081189838	1.0000189883738	1.00067527538016	NA
1.00041184508053	1.0017558310544	0.999781396547709	1.00058752169604	1.0002564320081	1.00028565820009	NA
1.00020944548781	1.0004960310469	1.000569611464	1.00030470318022	1.00090318654813	1.00057265700137	NA
1.0068694804343	1.01311493152965	0.999974897322664	1.0005570724184	1.00161454282276	1.00035067822042	NA
1.00013697670136	1.0003066112477	0.999666537092415	1.00000239196938	1.0004820704567	1.00028896592046	NA
1.0019227254778	1.00060198172249	1.00056221151579	0.999905124385363	1.0000280260284	0.999878633654676	NA
1.00235770094147	1.00191306869637	1.00009004373515	1.00121267375002	0.999876047712797	0.999879075629661	NA
1.00021802876119	1.00018828216278	1.00055025903542	1.00187190338775	1.00019942401752	1.00101523741102	NA
1.00014969816187	1.00393730464515	0.999955428813431	1.00089089139453	1.00108102437862	1.0011212197583	NA
1.00174430615898	1.00165377010437	1.00041770173663	0.999885822295328	1.00060950546641	1.0011760112309	NA
1.0001634344403	1.0004624280092	0.999796421968541	1.00093631490644	1.0001438559332	1.00053184121094	NA
1.00284190610428	1.00292552567999	1.00021783793158	1.00092390654585	0.999683706188853	1.00078551096882	NA
1.00193643845032	1.00037860611342	1.00006965876523	1.00076434293984	1.00098373861388	1.0009483818158	NA
1.0004378306309	1.00276437666111	0.999819552188099	1.00037700490911	1.00039420279721	1.00032411065348	NA
1.00058571614025	1.00019484744123	1.00036990330112	1.00017565174828	1.0001816892777	1.00008519891103	NA
1.00082038537582	1.00120510093519	0.999989958920775	1.00030566612745	0.999777683344924	1.0005628475794	NA
1.0004011230877	0.99998615910179	1.00034201821479	0.999753992700779	0.999887968738453	1.00003017670885	NA
1.00056868792596	1.00148901399374	1.00002353496691	1.00040431141223	1.00059754274097	1.00013946710226	NA
1.00146552162576	1.00105914361315	1.00010121418537	1.00138411818948	0.999737181176474	1.00010432203129	NA
1.00015627061003	1.00044027105471	1.00014613445708	1.00027658659119	1.00041669309711	1.00015792606042	NA
1.00046967959502	1.00057679532362	0.99996627479123	1.00124183862548	1.00123666769912	1.00040471169033	NA
1.00096167804218	1.0003049833402	1.00043707056568	1.00024576782772	0.999916221283391	1.00026809380712	NA
1.00115109596297	1.003062954724	0.999798393674415	1.00166237809564	1.00021251128683	1.0003082255644	NA
1.00205793058848	1.00104745951434	1.0006568062681	1.00062161161489	1.00092597169173	1.00009661605654	NA
1.00028836346475	1.0011340595747	1.00025102650668	1.00083497217612	1.00049120923782	1.00147010612106	NA
0.999904989674572	1.0004106680246	1.00000907380705	0.999766708996077	1.00109306320808	0.999850919856849	NA
1.00011636201273	1.00363140174728	1.00002298202097	1.00020976199354	0.999907306101934	1.00049953245259	NA
1.00193681483092	1.00055763861227	1.00022580416847	1.00144667201142	1.00017449103682	1.00038357366251	NA
1.00044468640598	1.00093534863016	1.00041603000212	1.00044511946989	1.00023295976612	1.00024692335287	NA
1.00166285836417	1.00582537119597	1.00016312607147	1.00025255315699	0.99992385210539	0.999737139744865	NA
0.99989875471294	0.999870972998842	1.00068797083746	1.00021047953513	1.00066077033035	0.999847921396018	NA
1.00789800582717	1.00528770894718	1.00088273628253	0.999968427360339	1.00078908342364	1.00053199283963	NA
1.00112552184018	1.00092797519466	0.999934654949673	1.00060493257894	1.00003187173269	1.00037804874454	NA
1.00074572352221	1.00015524623598	0.999681927196546	0.999795750445916	1.00027178545829	1.0002989325011	NA
1.00053204720312	1.00132513976686	1.00008005363467	1.00023081417284	1.00006266585332	0.999841467350251	NA
1.00015020543904	1.00061516300214	0.999782325980151	1.00025041611393	1.00005262144895	1.00062881618288	NA
1.00017916451769	1.00322619248901	1.00042373411577	1.00003251009594	1.00010768311769	1.00103334157472	NA
1.00141943925318	0.999890915336406	0.999879574392247	1.00019922511769	1.00024361068016	1.00027050459512	NA
0.999909432683747	1.0003448494934	0.99980504431674	0.999921184275097	1.00059908980792	1.00099392657408	NA
1.00339583517703	1.00192202139667	0.999978074615782	0.999689262383072	1.00081854650208	0.999945928852379	NA
1.00058388253302	1.00177202120824	1.00028245904593	1.00049688875643	0.999894225176476	1.00040778188849	NA
1.00007426201927	1.00032497453223	0.999917212176027	1.00000802250833	0.999696162925327	0.999711700464835	NA
1.00132524177411	1.00028798611844	1.00023621971416	1.00057099288011	1.00032804931203	1.00039382083617	NA
1.00204791406425	1.00091847175186	0.999942728337095	1.00000248135718	1.00006433201253	1.00043719651589	NA
1.00152010825285	1.00227931168871	1.00001626375677	1.00034384861974	1.00072087739705	1.00000392457338	NA
1.00134973449992	1.00211084920784	1.00022182571344	1.00107776007195	1.00005872688663	1.00103089688426	NA
1.00222080997344	1.00520286260846	0.999877408077393	1.0005881548018	0.9999967469154	1.00038815951778	NA
1.00110585465945	1.00442366641903	1.00090375143026	1.00071042933346	1.00037651382821	1.00007440019707	NA
1.00004164599611	1.00020112106016	1.00027798804227	1.00007387393252	1.00143133249858	0.99994534747264	NA
1.00033263663106	1.00215409913834	0.999744028416703	1.00081639682207	1.00020718100238	1.00028729547027	NA
1.00127981186721	0.999765084095232	0.999902413193061	0.999777393515889	0.999752002939939	1.00019317342023	NA
1.00207092255253	1.00094384417985	1.00002390962513	1.00003763669972	1.0002958950265	0.999807915396725	NA
1.00103806189917	1.00105891592337	1.00020921895442	1.00102186923523	1.00030198901864	1.00012389215583	NA
1.00109302239941	1.00054001418787	1.00033361364858	0.999850631160752	1.00053878617515	1.00071984613698	NA
1.00299523814511	1.00151484709487	1.00034093542279	1.0002272765003	1.00028605138445	1.00073364590883	NA
1.00062567533554	1.00144674413653	0.999790504202047	1.0000426891327	1.00072448782568	0.999854227467915	NA
1.00114897229075	1.00163258389021	1.00034402074999	1.0004563411216	1.00081513427267	1.00025081103116	NA
1.00194655054406	1.00230184137155	0.99991490461429	1.00122288518109	1.00108962528552	0.999925317655454	NA
1.00179654178151	1.00212549131487	0.999981868483996	1.00034777835674	1.00049467202305	1.00054698935179	NA
1.00027154862946	1.00006140239102	1.00014088758746	1.00055142089605	1.00019498697008	1.00078117427436	NA
1.00159935213533	1.0018387533192	1.0001434272606	0.999872444900267	0.999923704249858	1.00003134773187	NA
1.0000485597075	1.00061207097113	1.00027829901985	1.00022794087373	0.999768993937863	1.00037713029371	NA
1.00145200386622	1.00221487256165	1.0004053523848	1.0017117556799	1.00088125849196	1.00019766011339	NA
1.00119522705815	1.00042700259579	1.00010417921114	1.00016193199253	0.999937011871456	1.00011424137088	NA
1.00091881811983	1.00090055233234	1.00008163735742	1.0009151806805	1.00070059745808	1.00098703752156	NA
1.00058663124049	0.999725872647352	1.00016643951349	0.999989865855912	0.999776388033098	1.00004117244993	NA
0.999754380367242	1.00153375115215	0.99977470110525	1.00014363217568	1.00153239333458	1.00004956317315	NA
1.00035666007887	1.00117770423121	1.00017559925262	1.00131113080844	1.00093295268285	0.999912721474938	NA
1.00065654400519	1.0005898385492	1.00035935978889	1.00057299712949	0.99981731961499	0.999865739745723	NA
1.00140834928867	1.00463527053293	1.00053861097262	1.00086524224704	1.00032359032042	1.00039035600163	NA
1.00096373460415	1.00083964059857	0.999802379428164	1.00118105401329	1.00069877513556	1.00068002183605	NA
1.00200519683171	1.0016794230667	0.99986594771801	1.00028051356166	0.999924650595396	1.00034254477905	NA
1.00082040117959	1.00107543306106	1.00013778291326	1.00037710685253	1.00070132115085	1.00055797142994	NA
1.00111451968491	1.00026665898486	0.999856880756975	1.00008820933789	1.00044540002956	1.00120819512758	NA
1.00097574289624	1.00044843111878	1.00034563540607	1.00044161958442	1.00011332813284	1.00002848287721	NA
1.00098883419687	1.00190795236459	0.999867750528785	0.999937259551662	1.00094393333848	1.00001260050012	NA
1.00061380443774	1.00039276851449	1.0000316632843	1.00050502299257	1.00044870772604	1.00032797474821	NA
1.00067313189658	1.00065198892229	1.00052049306987	0.999878900854108	1.00112436035475	1.00055777747857	NA
1.00147564971787	1.00020447535704	1.00032084757806	1.00080085656005	0.999872786852675	1.00045177272532	NA
1.00115180575288	1.00024299136247	1.00037354927988	1.00161836018237	1.0000894067911	1.00037332627585	NA
0.999913637607873	0.999798908734692	1.00011145196595	1.00010488056907	0.999892469477224	1.00005745643141	NA
1.00003943316222	1.00230025620788	1.00000690890542	1.00040962333972	1.00006052453958	1.0005221235278	NA
1.00179080260776	1.00076872884533	1.00054881454127	0.999987361730484	1.00020934293833	1.00014439622549	NA
1.00254084605096	1.00075041323223	1.00011226599318	1.00017569150983	1.00030301088254	1.00016935603512	NA
1.00121115943411	1.00133257733779	1.00018558698171	1.00009954780138	1.0004408733513	1.0002302384306	NA
0.999908260516495	1.00007518842497	0.999962641576865	1.00072171562417	1.00058011603756	0.999826619670873	NA
1.00387513248084	1.00349691481612	1.00017839953134	0.999865440711974	1.00003598317905	1.00001292269415	NA
1.00885722335235	1.00906683588886	1.00012210671649	1.00044994131922	1.00081117791908	1.0000603270834	NA
1.00363759689893	1.00087404660584	1.00031086720313	1.00054130973432	1.00052323228269	1.00044073724901	NA
1.00319059257811	1.00165912317594	1.00010612270389	1.00036696892497	1.00083537769218	1.00027133482293	NA
1.00017341510973	1.00050427847006	0.999754740506202	0.999902128139689	1.0008518079368	0.999870793886718	NA
1.0007346784805	1.00085779226595	1.0000813194858	1.00008939537612	1.00013586415538	1.00023960431693	NA
1.00384512650973	1.00037410879235	1.00014763576826	1.00140211449592	1.00100466712128	0.999967478625227	NA
1.00008659195489	1.04471423305197	0.999876997433146	1.0001638788746	1.00027096152878	1.00008476300123	NA
1.00195949623279	1.00953004816039	1.00095192928183	1.0001736066649	1.00027396681427	1.00044604827525	NA
1.00010169823029	1.00196032264936	1.00003719829829	1.00055086779374	1.00005192475295	1.00010289029966	NA
1.00005396308553	1.000751124662	1.00049188779557	1.00119056493527	1.00018683215435	1.00055399521504	NA
1.00086365259152	1.00346770439284	1.00011368975226	1.00006903552102	1.00132795905401	1.00042762149737	NA
1.00110324424325	1.0009464795574	0.999844932587209	1.00024442570497	1.00051183019076	1.0003902896145	NA
1.00071887109749	1.00091042319086	1.00023495462116	1.00046484930762	1.00054747150019	0.999697209416239	NA
1.00064574147339	1.00028244223488	0.999719117021205	0.999870856336739	0.999999404692051	0.999832713520946	NA
1.00030846024926	1.00049825084773	1.00009558432423	1.00025044131347	1.00024261448976	0.999919089465264	NA
1.00059483442548	1.00175823652473	1.00024314237315	1.00014861082451	1.00015125421401	1.00028975485533	NA
1.00028089319266	1.00006326951626	1.00013665936483	1.00145630844925	1.00020013215752	1.00124736346352	NA
1.00090814536467	1.00567628827658	1.00009063321651	1.0002416056601	1.00061463808344	1.00033689483207	NA
1.00093781539739	1.00068565962895	0.999814425662343	1.00019556850885	0.999956794225556	0.999814232563968	NA
1.00033648017083	1.00036889776249	1.00012416365943	0.999999950139065	1.00077604594846	1.00094602075099	NA
1.00039942649443	1.00154423454638	0.999978587763869	1.00035989261737	0.999698250848093	1.00031884326231	NA
1.00060641666894	1.00094985519768	0.999755368168261	1.00051669970831	1.00110062826519	1.00028139488397	NA
1.00003862495631	1.00001381783604	1.00015356762924	1.00018059949381	1.000336645712	1.00024043312051	NA
0.999879531427551	1.00017313912345	0.999845623136231	0.999888647753799	1.00044948264664	1.00078693187329	NA
1.00191531935058	1.00031795797264	0.999968102999716	1.00029616378074	1.00044449132296	1.00052661496135	NA
0.999945165869685	0.999842569237991	1.00024878541583	0.999901051533175	1.00008578414854	1.00037219059015	NA
1.00146172362975	1.000263664873	0.999964090146254	0.999913698232146	1.00083958062225	0.999824029144929	NA
1.00069496772314	1.00022042320841	1.0001106365715	0.999945950579203	1.00041846852967	1.00020573649989	NA
1.00270354022244	1.00154639098556	0.999912646094788	1.00058914938335	1.00013177037492	1.00010421516321	NA
1.00031866275576	1.00099662638091	1.00025498388097	0.999708621450229	1.00046980437562	1.00030536730628	NA
1.00060372727691	1.00074118237822	1.00029560087216	1.00043361088876	1.00039571287865	1.00019392563194	NA
1.00077362962581	1.00000936062107	1.00028266786275	0.999912777662326	1.00029767940077	0.999696012328353	NA
1.00178504774681	1.00176388737866	1.00004253104824	1.00039397297594	0.999800227657864	1.00021739654934	NA
1.00005936241146	1.00195143108288	0.999980378230114	1.00027983372526	1.00032600638112	1.00066267008141	NA
1.00139042042024	1.00012108646645	1.00062905768655	1.0007564790894	1.00021743445845	1.00145029702086	NA
1.00049033676471	0.99994801202021	0.999714163109018	1.0014369069765	1.00014304415885	1.00038885786112	NA
1.00097134166217	1.00031904051832	1.00037101581458	1.0001113864506	1.00093473699053	1.00047625692584	NA
1.00033185716562	0.999903667595817	1.00015434312191	0.999751384149529	0.999824496147336	1.00020808331859	NA
1.00076226757331	1.00048691576658	1.00013129325533	1.00134929485586	1.00015861095421	1.00031885871889	NA
1.00158965690766	1.00600351376226	1.00028456324219	1.00080476673915	1.00121926743773	1.00093898855518	NA
1.00039060637472	1.00041429093791	1.00011861666814	1.00041662173612	1.00022663833141	1.00016036141021	NA
1.00270269090101	1.0047734410253	1.00050058541024	1.0010017224661	1.00093217067168	0.99993720653926	NA
1.00032494782539	1.0011359920143	0.999775242424331	1.00073523726329	1.00162743205658	1.00006693531425	NA
1.00040672217806	1.00040964812913	1.00033575184964	1.00025061306055	1.00013065636994	1.00011515105634	NA
1.00150595762909	1.00014582281129	0.999947147393633	1.000404229387	1.0000589267893	1.00014836112243	NA
1.00138376323788	1.00226123145601	1.00016395705332	0.999921912648733	1.00139016877953	1.00075313313032	NA
1.00063707559025	1.00068899244675	1.00061345125262	1.00027058241883	1.00037168395968	0.999901836417675	NA
1.00033999487579	1.00005112860354	1.00030907401346	1.00055653855954	1.00100402411762	0.999881797780399	NA
1.00008318963991	1.00016326858347	1.00044072131967	1.00034108858701	1.00011852443184	0.999942345712378	NA
1.00291362740595	1.00241419799908	1.00006474455378	1.00009971234327	0.9998551339005	1.00031307751845	NA
1.00208099648738	1.00023046357468	1.00012166713238	1.00007198001517	1.00091911617644	1.00012002192758	NA
1.00090018519551	1.00260584653088	1.00097517553728	1.00159757685599	1.00063706123279	0.99989814165382	NA
1.00089805195992	1.00556214784105	0.999723803944945	1.00020372013109	1.00079206836139	1.00012098657188	NA
1.00043663880644	1.00150133475905	1.00034372659577	1.00054503544794	1.00113820815779	1.00018146217804	NA
0.999978008855486	1.00002941349651	0.999725114134956	1.0010026732085	1.00022123531079	1.00003156347786	NA
1.00107290948257	1.00141977011204	1.00008653557052	0.999823694842736	1.00053102407761	1.00089688409877	NA
1.00115326390033	1.00130865405311	0.999813223919277	1.00064695244343	1.00080391382584	1.0008934876808	NA
1.00095151550913	1.00036088760628	1.00012821888936	1.00078864706081	1.0018485407189	1.00048555353901	NA
1.00032661355395	1.00022007575961	1.00027482170514	1.00047699308544	1.00046732323628	1.00025596193447	NA
1.00079073168177	1.00269616471871	1.000382170307	1.00090704920887	1.00125477678002	1.00042667095713	NA
1.00064874186597	1.00052375102698	1.00029983240938	1.00048589564867	1.00008479099422	1.00059044324103	NA
1.00167004986553	1.00214263698352	0.999831961509577	1.00028407668812	0.999763275757562	1.00071674971196	NA
1.00093839008726	1.00081689864807	1.00011909422883	1.00078786759923	1.00097779553957	1.00059423461224	NA
1.00082894298306	1.00126913789284	0.999963775412556	1.0006042313384	1.00020191978751	1.00027690809733	NA
0.999951600355579	1.00151972318492	1.00095514242963	0.999991753349781	1.00005136391657	1.0002653901005	NA
1.00083515344368	1.00045752941692	1.00032008443114	0.999948863225839	0.99997707987953	1.00002513171615	NA
1.00049551473964	1.00056115414396	0.999834720665315	0.999943434954029	1.00019032887769	1.00048379511285	NA
1.0005900279098	1.006283949554	0.999896941544049	1.00066979515513	1.00025741478938	1.0001001605203	NA
1.00068508623303	1.00072690554988	1.00007135354518	0.999915608726978	1.000204592144	1.00016793310818	NA
1.00060554133894	1.00266928986668	0.999805013139841	1.00019878656945	1.00012827153893	1.00072848667087	NA
1.00015259829498	1.00043956959321	1.00030671913455	1.00024841485239	1.00039874278089	1.00236243000263	NA
1.00197870865176	0.999825490346905	1.00047354234271	0.999983297998702	1.00025259947616	0.99990485500831	NA
1.00123499403586	1.00162601988295	1.00007186170685	0.999743545949182	0.999788674141633	1.00060385192764	NA
1.0014997011191	1.00000107021222	0.999801021713406	1.0003529845927	1.00019517289966	1.00015455550493	NA
1.00112669560393	1.00162642515125	1.00019050981088	1.00160309002595	1.00196245892312	1.00127687739135	NA
1.00103379372678	1.00115492607289	1.00005204214361	1.00000428241427	1.00014133141463	1.00038934433785	NA
1.00028551851562	1.00044303697984	0.999787737855282	1.00031488380192	1.00071484536757	1.00040437511709	NA
1.00143944041121	1.04325088874478	1.0001083523036	1.00106267271941	1.00080022091372	1.00064526046762	NA
1.00170636521975	1.00253163448062	1.00021496346502	1.00034129087938	1.00008744527793	1.00016917154154	NA
1.00333188958446	1.00151153800331	1.00000604451642	1.00004242262419	1.00090462477509	1.00061628601434	NA
1.00208757150992	1.00073002554563	0.999902615365279	1.00014172332067	1.00006504163011	1.00039518382395	NA
1.0001752701191	1.00285170239881	1.00004552432679	1.00039604665248	1.00034545798004	1.00018314778327	NA
1.00030868577465	1.00236164802136	1.00010373825357	1.00002793472812	1.00048412508585	0.999949203392311	NA
1.00113690079385	1.0017240019548	1.00023993509732	1.00070221459574	1.00034912897851	1.0013262364271	NA
1.00219012604853	1.00678075291771	1.00039946138377	1.00103251384215	0.999747688421794	1.00012222371027	NA
1.00033466631069	1.00017740994907	1.00033338163503	1.00052199757976	1.00002416392243	1.00008480028005	NA
1.00123756763424	1.0012742519488	1.00040849472344	1.00076089094618	1.00009091368449	1.00005964188745	NA
1.00103409504133	1.00044593683587	1.00044584586691	1.00130508439912	1.00015090488362	0.999927792540791	NA
1.0009078236472	1.00163100563278	1.00037406144774	1.0004184844204	1.00037000908761	1.00045270100124	NA
1.00112902678279	1.00241957290204	0.99989363968213	1.000269712686	1.00036498146546	0.999873826480103	NA
1.00130806251948	1.00284871077813	1.00026209907404	1.00054199089375	0.999890198593951	1.00081099122691	NA
1.000091997879	1.00125593195869	1.00065724734533	0.999814463829884	1.00060842231967	0.999864109025305	NA
1.00228514677078	1.0004959364979	1.00023487869089	0.99985156358125	1.00008969370837	1.00005040140172	NA
1.00008139275878	1.00499478247708	0.99979287985801	1.00205386358144	1.00004255203804	1.00048819666048	NA
1.00079120648025	1.0006505582121	0.999767765488839	1.00051203152103	1.00026047747482	1.00123040608452	NA
1.00079795449936	0.999943929216537	0.999748835004803	1.00025115380196	1.00009898973878	0.999885825869923	NA
1.00109643946902	1.00005755773968	0.99975461588619	1.00031947931495	1.00010917148556	1.00075041395111	NA
1.00326478672704	1.00187095931087	1.00034514284801	1.00001335073103	1.00036632142808	1.00060460228486	NA
1.00051802524887	1.00164065855892	1.00143614930465	0.999693069700823	1.00045996812187	0.999983354490065	NA
0.999847965926743	0.999817324694286	1.00051665566168	1.00033967557602	1.00008612224768	1.00022120731344	NA
1.00051978365438	1.0007599740748	1.00038571645514	1.00016508342861	1.00036642004638	1.00073048281192	NA
1.00204519225483	1.00145027120752	0.999912839976896	1.00117742219168	1.00134985181632	1.00052810623133	NA
1.00158174115801	1.00992435296931	1.00050403698892	1.00080417181145	1.0000517563825	1.00123075083218	NA
0.999823991775799	1.00106868037189	1.00007395109973	1.00021087576549	1.00066782231378	1.00041232400708	NA
1.00233199489829	0.999935786480656	1.00041199164999	1.00160275116664	1.00020176376565	1.00075356125303	NA
1.00035719586907	1.00028643250649	1.00015771100934	1.00011314166546	0.999876435732897	0.999902770343495	NA
1.00147209129322	1.00046522338835	0.999867635214799	1.00085499055563	0.999990262805333	1.00045703072648	NA
0.99995597377288	1.00252567454403	0.999905132857988	1.00067165778314	1.00162100816486	1.00046765431505	NA
1.00115301687928	1.00016935454332	1.00122468375114	1.00089225241166	0.999737710752098	1.00050063972728	NA
1.00039310867571	1.00052586240811	0.999891566728879	1.00025370948485	1.00034490569392	0.999940727804333	NA
1.00085008408403	1.00257083528039	1.00050340740237	1.00011600478193	1.00068248241957	1.00049871759774	NA
1.00033121315326	0.999904025762389	1.00054451541755	1.00010989538251	0.999804441755114	1.00047729500918	NA
1.00028470259389	1.00267822171822	1.00025023367014	1.00162646532895	1.00002482383511	1.00068637211531	NA
0.999970570465073	1.00025596099778	1.00070181261749	1.00010585844951	1.00056702033474	1.00040691709114	NA
1.0022484130771	1.00120180743094	1.00012958654638	1.00044312076492	1.00027855338319	1.00087940879018	NA
1.00112144235791	1.00263129710043	1.00036845472344	1.00042863628061	1.00059471768404	1.00097025207862	NA
1.00155305030299	1.00059117274731	1.00018887214792	1.00035655925967	0.999894560274913	1.0001289534273	NA
1.00151764575099	1.0007656898738	0.999863151034619	1.00016790401868	1.00038136789185	1.00174638295116	NA
1.00044299817799	1.00077408593395	1.00006723870316	1.00017481194982	1.00062943678555	0.999728889009959	NA
1.00006705861143	1.00067205987698	0.999871445872152	0.999975313469822	1.00012984888458	1.00040654192303	NA
0.999937616517348	0.999959204159408	0.999946120310455	0.999849498357261	1.00042364085096	0.999998436005817	NA
1.00056951042438	1.00168928146082	0.999857208298294	1.00087424539002	0.999882007082672	1.00154048942198	NA
1.00056980556871	1.00153997850201	1.00033546367761	1.00078949245623	1.00080722850369	1.00053847270948	NA
1.00038396145398	1.00047289401293	1.00009855078801	1.00092925968752	1.00027337698707	1.00040609317656	NA
1.00226674481479	1.00080415454197	1.00046657652901	1.00053498050488	0.999856884334616	1.00021289089532	NA
1.00329815600713	1.00167245249339	1.00088762424203	1.0002538021201	1.00051777030141	1.00071827506719	NA
1.00617149031114	1.00306416249403	0.999798040506388	1.00050260774207	1.00022358705886	1.00010007167386	NA
1.00004080332129	1.00014943818932	1.00041719871387	1.00038215219104	1.00045760616815	1.00076700480088	NA
1.00044392623519	1.0085078426318	1.00014063570072	1.00026642816716	1.00025428181303	1.00053176636265	NA
1.00047785572324	1.00125338072854	1.00040689288992	1.00092343164842	0.999757097109148	1.00018852397227	NA
1.00106738037554	1.00125671947155	0.999936778567684	1.00081315452619	1.0005146033429	1.00010075258452	NA
1.00430446925745	1.00296060910287	0.999841049353505	1.00259438684629	1.00063582531762	1.00269237701068	NA
1.00046194745232	1.00051786242346	1.00047512368236	1.0006666415401	1.00058246932947	1.00044182713959	NA
1.00309473469685	1.0022594656745	0.999927177022895	1.00089528957671	0.999948939046126	1.00026020033861	NA
0.999812710311014	1.00001748723962	1.00005277975492	1.00087626771666	1.00017113015608	1.00030434684952	NA
1.00011920848736	1.00086996342374	0.99989958683227	1.00050240548465	1.00110478758106	0.999989877671585	NA
1.00105866169559	1.00101226641919	1.00035212697351	1.00016636028632	1.00019538254683	1.0000031980384	NA
1.00118820711904	1.0000234570499	1.00001951897942	1.00066353336326	1.00043792927743	1.00003313729746	NA
1.00003017576996	1.00352420791278	1.00010297988177	1.00007436963141	1.00035863847872	1.00021621591485	NA
1.00036987763752	1.00337788093467	1.00050371806439	0.999839917918637	0.999899750843636	1.00012522075068	NA
1.00013484576533	1.00069573686016	1.00008119941926	1.00012375609916	1.0001159157424	1.0009028536984	NA
1.00281417756264	1.00124794355848	1.00009367760972	1.00106936786947	1.00111190538579	1.00075281769517	NA
1.00183613611168	1.00119662778672	0.999697468936268	1.00161618284339	1.00125157549301	1.00101258724347	NA
1.00090579045606	1.00049006708084	0.999676166401074	1.00108798734798	1.00083981008671	1.00046347630448	NA
1.00087880435322	1.00850652414144	1.00015879045033	0.999938429056565	1.00015638561228	1.00004411020436	NA
1.00064383451881	1.00219857830166	1.00132176503174	1.00007274109518	0.999857091217853	0.999882660369378	NA
1.00019720478886	0.999964447867862	1.00022941820523	1.00013945321546	1.00087520147996	1.00028986189796	NA
0.999824675204924	1.00032564351581	1.00077383503083	1.00030172664608	1.00028514437637	1.00079915615683	NA
1.0030400127111	1.00412982874936	0.999758952865993	1.00158958406141	0.999862616022667	1.00010713021883	NA
1.00136929283252	0.999932324658523	1.00008721710328	0.999924282686555	1.00053280318707	1.00023982112028	NA
1.00209203748358	1.00390881193456	1.00100426434293	1.00017025100806	1.00062476333367	1.0014787803975	NA
1.00064013934096	1.00287561294886	1.00010540526373	1.00104107240882	1.00012784217295	1.00024189258915	NA
1.00049204921536	0.99988620164794	1.00022724311801	1.00037883926052	1.00029802276923	1.0006262561079	NA
1.00036012944093	1.00028697708469	1.00030846600377	1.00140036148494	1.00024430714169	1.00006520141995	NA
0.999774651077783	0.999830724743287	0.999918306340313	1.00011912637782	0.999857007712495	0.999789966301836	NA
1.00006710723139	1.00003289354515	0.99996245589543	1.00029090148081	0.999852535150772	0.999773146388989	NA
1.00208574229102	1.0012296135542	1.0001267591298	1.00108604006007	1.00114016780293	1.00016163443853	NA
1.001439789548	1.00103573878406	1.00082310233816	1.00056454007339	1.00024569424734	1.00028996372775	NA
1.00032160944242	1.00024154256637	1.000736495961	0.999835373156279	0.999924406516056	1.00023604854851	NA
1.00097916860104	1.001095029274	1.0003820864557	1.0008327583791	1.00071299655896	0.999877996381484	NA
1.00069708049227	1.00011955817763	0.999991190088678	1.00016123944294	1.00011146897741	1.00053458756175	NA
1.00006230624735	1.00301933156618	0.999663994033379	0.999835199309531	1.00052470970895	1.00086079639918	NA
1.00071459101134	1.00139945928795	1.00003472124839	1.00038769776791	0.999900391089916	1.00046706936768	NA
1.00022255732558	1.00105801604607	1.00037030148766	1.00018120205954	1.00179899027091	1.00064192614658	NA
1.00015450357523	0.999807820896749	0.999937544356985	1.0000237955319	1.00048281587753	1.000132734334	NA
1.00127561146771	1.00106171968997	1.00031477677068	1.00040467818836	1.00074608359516	1.00086330667701	NA
1.00058020002614	1.0003748188475	1.00053168141081	0.999926455668481	1.00098446037871	1.00039393340389	NA
1.00051115559386	0.999934150413497	1.00033683992677	1.00005321212024	0.999930548020966	1.00048407908362	NA
1.00083638191031	1.00163941768999	0.999919180258377	1.00013113221581	1.00022826028922	1.00082577829921	NA
1.00101751046434	1.00190262469949	1.00007481125418	1.00003949224467	1.00083092905394	1.0011422832609	NA
1.0176661740229	1.01083318238404	1.00007882970541	1.0000183243794	1.00096964271055	1.00025817718894	NA
0.999684701421141	1.00003745421715	0.999935413531937	1.00078978569725	0.999915135829668	1.00004779834377	NA
1.00018856385349	1.00391477595121	0.999701078836585	1.00220455136569	1.00089322083541	1.00037870634228	NA
1.00068059382042	1.00077883980761	1.00105727179189	0.999837239873157	1.00074412399078	0.99985800974855	NA
1.00184798690602	1.00118870552381	1.00020106802775	1.00038963452834	1.00000940285619	1.00052165173231	NA
1.00018393338653	1.00026654939914	1.00005101017052	1.00030974620208	1.00072225072909	1.00043949738455	NA
1.00096446177891	1.00067503159751	1.00002641867781	1.00044808448548	1.00074698325496	1.00044204218853	NA
1.00076738079393	1.00542803463611	0.999817515010932	0.99985083641098	0.999902839594582	1.00046917066006	NA
1.00325359287076	1.0007972603789	1.00008995089566	1.00010024520896	1.00069808129333	1.00008059532408	NA
1.0005285527144	1.00070948553421	1.00055346807148	1.00085483486234	0.999900572052148	1.00075293305317	NA
1.00143818906232	1.00046127131197	1.00017028997375	1.00059937212273	1.00052235573817	1.00078708364583	NA
1.00010002869864	1.00242768633708	1.00030000087008	1.00015476399869	1.00045789016914	0.999957896453537	NA
1.00134803737207	1.00592374417198	1.00029757832691	1.00028206446672	1.00012292491254	1.00010239360282	NA
1.00172564455766	1.00020991879459	0.999999620318077	1.0007931491279	0.999841449835338	1.00077013346574	NA
1.00101062299669	1.00033286510546	0.999704314997165	1.0009394033061	1.00019669521308	1.00028122022472	NA
0.999883459075333	1.00101958794097	1.00016358698569	1.00036675147399	1.00064013605156	1.00011901138199	NA
0.999850605232495	1.00038435311322	1.00035733310249	1.00010641949383	1.00045087462304	1.00139925227578	NA
1.00012354284287	1.00066582425848	1.00005663593356	1.00080678911277	1.000329782502	1.00015933116903	NA
1.00548509349873	1.00209022319882	1.00029635056366	1.00002681005607	1.00031737039342	1.00045035708992	NA
1.0008361914962	1.00050293067631	1.00042537347808	1.00123764560901	1.00029849428496	1.00034808384755	NA
1.00131753626594	1.00001324913192	0.999703702722381	1.00023812406513	1.00033504078445	1.00012548605563	NA
1.00023976324606	1.00025488733622	0.999911703662277	1.00086409236396	1.00033238367346	1.00083825917684	NA
1.00032063567077	1.00036733787523	1.00016918831916	1.00018313010179	0.999702964287091	0.999944876719694	NA
1.00034907586354	1.00006813535201	1.0004578398516	1.00039749164257	1.00048620775822	0.999789671786819	NA
1.00127843014154	1.00059681463479	1.00066756388778	1.00037369544787	1.00023069651775	1.00013141288732	NA
1.00025181454995	1.00109511407735	1.00027013846835	0.999949168574407	1.00028785902646	1.00007181075562	NA
1.0009544990029	1.00087594172696	1.00000184363105	1.0011031722638	1.0008109901055	1.00120578649969	NA
1.00088141884683	1.00138214649228	1.00021145101851	1.00089941784764	1.00091280943203	1.00031616888492	NA
0.999849450889516	0.999946704684083	1.00014623752915	1.00077604531348	1.00000846236629	1.00101648204648	NA
1.00658275848892	1.00595532274322	0.999829042824948	1.00047565794348	1.00085564026973	1.00040911544426	NA
1.00088159075002	1.00057744411557	1.00035357583752	1.00125606809323	1.00004777536824	1.00087151945937	NA
1.00293389371322	1.00110276267118	0.999818364503958	1.0003585447032	1.0011505128082	0.999934149042541	NA
1.00012769795881	1.0014202368146	1.00017492930245	1.00133085746523	1.00040530927075	1.00054017177177	NA
1.00327380950776	1.00170060230012	1.00024183320146	1.00036162184622	1.00140780875166	1.00193609109893	NA
1.00059139417387	1.00061578404409	0.999989377973426	1.00023485174545	1.00035468146899	1.00045391992348	NA
1.00040078404055	1.00006583476958	0.999884920953735	0.999955698987143	1.0007392590745	0.999737140615698	NA
1.00171885822732	1.00542685058658	0.999978588219883	1.00003143479489	1.00060632195306	1.00101795775099	NA
1.00032235197071	1.00217360473224	1.00032667000247	1.00004351381188	1.00098120232541	1.00014340065637	NA
0.999912310936569	1.00029428515146	1.0003009692421	0.999737717336503	1.00014392424369	1.00081701849835	NA
1.00088309360645	1.00114371551808	1.00013040226041	1.00089467911796	1.0001090567327	1.00027028862922	NA
1.00317085030559	1.00159396631461	0.99992319955484	0.999922933271477	1.00051751685483	1.00017495783932	NA
1.00009506660096	1.00115633762103	1.00030646492514	1.00019813970396	1.00033325094715	1.00095570186306	NA
1.00041296666436	1.0001770445708	1.00034137612516	1.00041588282709	1.00032972141801	1.0004100259937	NA
1.00141277400185	1.00473867163959	0.999995269289014	1.00065256692863	1.00061624197414	1.00000766731502	NA
1.00014995666054	1.00087171244345	1.00078055563317	1.00094602477415	1.00073379804186	1.00083953215305	NA
1.00095766988485	1.00209706702029	1.00022032761548	1.00063436274243	0.999782395290301	1.00047701105153	NA
1.00028390644883	0.999972729329384	0.999720224892372	1.00066765326144	1.00085842516623	1.00088896814173	NA
1.00084721550863	1.00252843206858	0.999978319513108	1.00092878511989	1.00108807107956	1.00010074168139	NA
1.00042782184127	1.00041719818451	1.00054448365369	1.00054088671645	1.00044871337875	1.00062837971327	NA
1.00042356776856	1.00138338131335	1.00009586157784	1.00039983708569	0.999676981013365	1.00042899739868	NA
1.00006994580806	1.0000837959941	1.00012266503964	1.00078546103004	0.999994781272316	0.999887152523334	NA
1.00066038343353	1.00046463411404	1.00005850908634	1.00131512872484	1.00089429184317	1.00021018213689	NA
1.00238801259196	1.00349694724844	1.00005667967796	1.00054469077771	1.00100056805951	1.00076466941939	NA
1.00065349194391	1.00059374732043	1.00067021011362	1.00047868602423	1.00038712612041	1.00026338660752	NA
1.00204662114534	1.00353592356102	0.999998549905732	1.00032481317898	1.00081302531555	1.00005544987234	NA
1.00050789685874	1.00117629928158	0.999818574137041	1.00046741101442	1.00013172140315	1.00029060604098	NA
1.00113578565566	1.00112035574663	0.999791420240957	1.0001221473292	0.999949848665554	1.00042133970219	NA
1.0008957419935	1.00060170132039	0.999927479667832	1.00077627770977	1.00024710826911	1.00172341978784	NA
0.999825278987378	1.00101760385645	1.00051862927447	0.999996410986537	0.999955137853788	1.00182005912454	NA
1.00056514211733	1.00173113940609	1.00006966674094	1.0007309780374	1.00063168113783	1.00113900203477	NA
1.00011249644192	1.00115558415992	0.999876145708135	0.999824921345527	1.00060949546291	1.00063618905405	NA
1.00002001790239	1.00044868563577	1.00010708348851	1.00086082035029	1.00024335516808	1.00172931214508	NA
1.00175760155215	1.00019257254567	1.00019575502446	1.00016426344557	1.0005989105219	1.00072434359877	NA
1.00269726590172	1.0026459356805	0.999942132630851	1.00172053656693	1.00020791165438	1.00001267494196	NA
1.00388811146402	1.00228163438037	1.00009998510444	1.0003930769547	1.0007070862265	1.00051204712401	NA
1.00040852297331	1.00274216355254	1.00030782466186	1.00162631447391	1.00008843578831	1.0002674082285	NA
1.00147422255649	1.00057243935854	1.00026635864496	1.00038009881632	0.999828761877039	1.00034991834606	NA
1.00060291105163	1.00302089394507	1.00010592495779	1.00148969809434	1.00068861624638	1.00076826272143	NA
0.99974861621496	1.00001407715619	0.999841286541042	0.999838153783777	1.00055225307185	1.00019933693396	NA
1.00103170980332	1.00096726209599	1.00000545743355	1.00022592944344	1.00114198243253	1.00015487846327	NA
1.00042909149876	0.999865275291521	1.00076691068467	1.00012067862924	1.00163007767403	1.00065555060017	NA
1.00022799442061	1.00019814152436	1.00004609269174	1.00008148661984	1.00046502995606	0.999954494922815	NA
1.00009568145647	1.00000109361694	0.999743978524119	1.00362806090268	0.9999689700236	1.0006981645459	NA
1.00203281229107	1.00119644179742	0.999930809433715	1.00077888729567	1.00029138014317	1.00005595875303	NA
1.00059731675755	1.00053185072297	1.00004232437953	1.00020058744611	1.00129888491036	0.999783765215915	NA
1.00056186719615	1.00161212062704	0.999773561019595	1.0002689498689	0.999991623806013	0.999907536861438	NA
1.00054089540008	1.00154685930631	0.999871151746011	1.00085318627584	1.00019944268934	1.00091295169461	NA
1.00000206166021	1.00161802269932	0.999945730581554	1.00003180831825	1.00012740841562	1.00032726702361	NA
1.00000092270891	1.00029295392249	1.00026121032044	0.999775134673303	0.999954600911359	1.00004150069188	NA
1.00145008341729	1.00158748460417	1.00005408495194	0.99968463482955	1.0001148201311	0.999879783699394	NA
1.00064893079234	0.999743239190809	0.999897185706309	0.999895981293997	1.00001139976584	1.00060759588612	NA
1.00061613293524	1.00005608026856	0.999957948823653	1.00024017630937	1.00047963965835	1.00110116038364	NA
1.00017036864135	1.00218268043206	1.00000301639383	1.0004935190895	1.00009025079648	1.00011966875267	NA
1.00090173767532	1.00046087699307	1.00186642750751	1.00102306543559	1.00037832150358	1.00011306900216	NA
1.00149450326293	1.00607691102302	0.999945683568303	1.0014424432532	0.999991097166214	1.00082632641097	NA
1.00056142506894	1.0013021220303	0.999931440299169	0.999902890917161	1.00120676620656	1.00127840254803	NA
1.00071472192388	1.00085140711727	1.00005588545474	1.00027612606037	1.0001653325544	1.00029636170278	NA
1.0006923610494	1.00101020568847	1.00008675377056	1.00035238605817	1.0005884376689	1.00074271163619	NA
1.00284489462681	1.00160386881497	1.00016951124774	0.999929231447316	1.00006610063265	1.00136860334854	NA
1.00326917221051	1.00080745394987	1.00018076429805	1.00000335873111	1.00021822263889	1.00031467246831	NA
1.00058987554121	1.00338399101551	0.999969057917977	0.999710554495342	1.0000340656227	1.00104287668721	NA
1.00335602396267	1.00124420830609	1.00102395979624	1.00047113624985	1.00111673986785	1.0003754281746	NA
1.00148103907715	1.00227634725073	1.00014024129143	1.00092474661354	1.00075765201975	1.00064758287682	NA
0.999726660565251	1.00059442563749	1.00048235319946	1.00091101455987	0.999976929497191	0.999757142468005	NA
0.999879519212378	1.00022655873571	1.00022082767127	1.00110227485402	1.00031421970293	1.00006882245362	NA
0.999878240756368	1.00035215026461	1.00026416158591	1.00083399227958	0.999868809385515	1.00076397848053	NA
0.99975987063336	1.00041320204215	0.999924252688127	1.00033655470128	1.00052921896268	1.0001302059671	NA
1.00037168118509	1.00035608238084	1.00001033313043	1.00057147522105	0.999856668145235	0.999901636323293	NA
1.00131891389198	1.00045187547509	1.00038916673386	1.00086894774871	1.00010632865051	1.00158497018164	NA
1.00085420343734	1.00088438063453	0.999963697204509	1.00032500632068	1.00042549381172	1.00109294472235	NA
1.00019984234933	1.00021517459162	1.00014296834713	1.0002128406936	0.999765496495073	0.999997065164112	NA
1.00072138734677	1.00008129354481	0.999952114694254	1.00013259538153	0.99987140179962	1.00140572354196	NA
0.999806766424701	1.00040644389928	0.999966712093423	1.00006922194663	1.00044736993253	1.00085024357656	NA
1.00038342468891	1.00074111031505	0.999880496680842	1.00049585321463	1.00038207250541	1.00051514920262	NA
1.00206682172943	1.0005593034417	1.00006066095313	1.00145440577153	0.999979432697183	1.00076126467701	NA
1.00076165890358	0.999948113159213	1.00021530123587	1.00021832479232	1.00019013933031	1.00016342469357	NA
1.00060194799522	1.00082966857687	1.00025568149789	1.00060007429225	1.00028751188704	1.00000320400373	NA
1.00354585386984	1.00103027892882	1.00047878050118	1.00037384680567	1.00009151509468	0.999999106948463	NA
1.00152353235892	1.00008111788751	1.00001970258922	1.0014221169777	1.00054409282265	1.00012868922543	NA
1.00347303944186	1.00183859578325	0.999853495943894	1.00002993832425	1.00016701874524	1.00044792307774	NA
1.00125734115959	1.00115977320401	0.999918131576844	0.999955556746219	0.99990677455327	1.00074316923746	NA
1.0011119255371	1.00226543879678	0.999896134491016	1.00071344470492	1.00024585603951	1.0011066493642	NA
1.00080737490249	1.00053962001745	1.00006278477202	0.999965015651808	0.999997982671758	0.999887560049918	NA
1.00000112440839	1.00020358087595	1.00002004484561	1.00109981638622	0.999876121510531	1.00029238516604	NA
1.00070551358972	1.0006149585532	1.00017980307306	1.00120237491886	1.00090372213123	1.00000493011492	NA
1.00071390339199	1.00012749546717	0.999691068663017	1.00030617527031	1.000398393031	1.00086809493169	NA
1.00042641036072	1.00334273133902	0.99983950397056	1.00043663579234	0.999833465406003	1.00039170350131	NA
1.0020069111703	1.00033135565642	0.99990607620909	1.00032772034769	1.00000668204176	1.00024378476731	NA
1.00037020657726	1.0006686215585	0.999770423537668	1.00160965398556	1.00006968037935	1.00024334881086	NA
1.00055297956765	1.0002478491813	1.00008336019148	1.00105272731281	0.999985429466631	1.00009714819314	NA
1.00422357104125	1.00254278960889	0.999934406545224	0.999917328401006	1.00024609125528	1.00028099150303	NA
1.00047349819817	1.0021892402221	0.999700267350196	1.0002393073062	1.00039900779538	1.0002673556604	NA
1.00080673412581	1.0001143449169	1.00011931349888	1.00139779914061	1.0008674947419	1.00073293676512	NA
1.00224994685513	1.00032002567521	1.00013847165234	1.00042906292168	1.00004889183682	0.999726408452938	NA
1.00050558986302	1.0012182279326	0.999753955931066	1.00132613026488	1.00008495740358	1.00173538784127	NA
0.999992200312454	1.00132025759362	1.00054059180722	1.00005009607045	1.0011782989994	1.00063192053536	NA
1.00040062968059	1.00062261374117	0.999853125117705	0.999981303705255	0.999859000426805	1.00007008241948	NA
0.999831046919732	1.00008487184327	0.999853615160931	1.00000456309792	0.99991696354453	1.00071194676386	NA
0.999907327621876	0.99988104259629	0.999995402298451	1.00013261742099	1.00052994083064	1.00094505872174	NA
1.0004988280125	1.00027893032602	1.00018166803822	1.00059938973073	1.00053975570854	1.00021252912834	NA
1.00152154178941	1.00160813782217	1.00004118068006	1.00030967781927	1.00133049603781	1.00051119726809	NA
1.00042428639286	0.999910304730668	0.999809048324756	0.999906195441535	1.00000218990254	1.00045013729859	NA
1.00119908743059	1.00307084727325	1.0002835423161	1.00069165807355	1.00045966275763	0.999949282165682	NA
1.00336155975263	1.00123987240082	0.99983295228879	1.00045360445237	1.00014698467605	1.00025924979616	NA
1.00174790764395	1.00144484777772	1.00020781237748	1.00045617963489	1.00026394775765	1.00041927774485	NA
1.00065738031568	0.999868999179522	1.00009456443933	1.00073746946123	1.00011118645871	1.00035743011731	NA
1.00121073158162	1.0016278850669	1.00020003984158	1.00033181971595	1.00088597960755	1.00013003513076	NA
1.00503969302701	1.00152562093716	0.999691745353294	1.00046007789716	0.999927344521255	1.00023077433198	NA
0.999812031100197	1.00202007744401	0.999916949080294	1.00023865346009	1.00034984753744	1.00047569521162	NA
1.00063259288891	1.00145869277805	1.0001686434056	1.00122417403875	1.00024731505525	0.999928865430711	NA
1.00012834815977	0.999900573689348	0.999887385765299	1.00062046503026	1.00103359689624	0.999885405321321	NA
1.00160706383802	1.00059696135235	1.00063713705072	0.999980997522674	1.00040026037645	1.00010166402219	NA
1.00010427802045	0.999992913427417	0.999967974974314	1.00046587751208	1.00047558957894	1.00024242571113	NA
1.00153363567317	1.00033220087788	1.00033312397529	1.00113558902599	1.00022597564099	1.00156146653449	NA
1.00078772185085	1.00035829109513	0.999838483460981	1.00013587656553	1.00066174840325	1.00043881205078	NA
1.00244500203301	1.00548973702698	0.999982484343087	1.00130154261357	1.00038167867916	1.00019917658074	NA
1.00035719238236	1.00056990833892	1.00002771575735	1.00054053299563	1.00020885509612	1.00008562632842	NA
1.00038125087758	1.0002125095293	1.00034572464788	0.999993846474834	1.0000000470562	1.00041899646785	NA
1.00069171770611	1.00167382528458	0.99976559959035	0.999810594850783	1.0008036831948	1.00011855708255	NA
1.00365837238693	1.00083929068893	1.00100308544101	0.999902862029183	1.00040500279471	1.0004579129894	NA
1.00066834214564	1.00010047719391	0.999976292796534	0.999961169759448	1.00036875937896	1.00026377024959	NA
1.00095023835204	1.00127094752953	1.00019994792721	1.00068567486213	1.00037063069793	1.00072887248225	NA
1.00223711715011	1.00112152364899	1.00026291986542	0.999830057670009	1.00042906131669	1.00100156399862	NA
1.00013712068942	1.00023033177371	1.00068724470824	0.999845123829998	1.0001346792474	0.999822495143305	NA
1.00223213711279	1.00117807520945	1.00011832133241	1.00001815965278	1.0000355748614	1.00233692453319	NA
1.00036122166059	1.00023395192287	0.999912587115111	1.00008603500318	1.00017536575346	1.0002880190523	NA
1.00037311640833	1.00084500396168	0.999981932160247	1.00125718023457	1.00028827177638	1.00030304704737	NA
1.00050733385611	1.00162704671512	1.00045944673915	1.00136933931514	1.00063621025618	1.00041038023257	NA
1.00191712280143	1.00198834185338	0.999944625246301	1.00006182704713	1.00074571774086	0.999876799855922	NA
1.00068151512928	1.00136659410427	0.99993287289092	1.0010016038291	0.99998284802758	1.00049711886232	NA
1.00117676841578	1.0010044773625	1.00031784637704	1.00017943428729	1.00034833649466	1.00030085353523	NA
1.00176940029937	1.00403323486481	0.999977059802914	1.00036425634346	1.00005889662225	1.00010327746007	NA
1.00138429953596	1.00005266990514	1.00027872290427	1.00012341129358	1.00030516534734	1.00029600489438	NA
1.00123312632975	1.0013424065197	0.999832675874257	0.999849738647677	1.00054951777085	1.00021090843735	NA
1.00075689423857	1.00037629581119	0.999889950725555	0.999988281924938	1.00030667684899	1.0010216378308	NA
1.00135724910051	1.00253367846244	1.00008912253027	1.00139499525265	0.999890221454964	1.00017801421819	NA
1.00125384920012	0.999816868562863	0.999809440270334	0.999689674375693	1.00014805006191	1.00047701346692	NA
1.00079554432373	1.00123205090022	0.999871515619386	1.0020440579099	1.00011541787301	1.00064249608518	NA
1.00077331599885	1.00190002905749	1.0008365430037	1.00039488697944	1.00131164786205	0.999868658624886	NA
1.00091945638096	1.00037282638352	0.999762994681954	1.00025416228493	1.00025020209898	0.999973740127943	NA
1.0005442831054	1.00059738691873	1.00009798230423	0.999695847703351	1.00027027905262	1.00105525752314	NA
1.00107960369001	1.00120970097578	0.999795655255233	1.00177453166329	1.00040716332978	1.0008551670731	NA
1.00098052275493	1.00031308291311	1.00046426500996	1.00051893380836	1.00013365530547	1.00076055907128	NA
1.00018202876162	0.999948875317588	1.00050043100792	1.00012114949635	1.00074151960896	1.00009917097333	NA
1.00121256174589	1.0008194310247	0.999921825230836	1.00053048138049	1.00020979164273	1.00099949285933	NA
1.00262345124981	1.00103741303246	1.0000255028227	1.00074304987247	1.00014443576945	0.999910997837986	NA
1.00021125356325	1.00130205887711	1.00042925835709	1.0003857662979	1.00115802004984	1.00108119053584	NA
1.00321298550857	0.999835760872	1.00052390301864	1.00019826805864	1.00092557288926	1.0015635473839	NA
0.99985876366334	1.00028701456449	1.00003101462288	1.00016549185732	1.00071611914899	1.00007569800007	NA
1.00052912802652	1.00032282963517	0.999868946765421	0.999933414775237	0.999731038278912	0.99979215320313	NA
1.00186047879804	1.00094496444507	1.00066994379392	1.00033850594456	1.00070152228694	1.00106868812051	NA
1.00033323581167	1.00023981118779	1.00039005625859	1.00089454869268	1.00057681411587	1.00067339607599	NA
1.00138643315696	1.00116158852307	1.00002967383934	1.00006060767576	1.00023138777588	1.00091250144699	NA
1.00141453217329	0.999905949349802	0.999683508168719	1.00074742667332	1.00081512889557	1.00139098741103	NA
1.00001350849346	0.999925265428238	1.00085578386452	0.999756681386214	1.00038009155742	1.00106181052691	NA
1.00042217087155	1.00001870364212	1.00008633014462	1.00069711918876	0.999722231873182	0.999957842945221	NA
1.00074586141528	1.00079542520447	0.999677157922997	1.00110002865448	1.00010444415748	1.00042792944915	NA
1.00055550254548	1.00030567116003	1.00099745162012	0.999995008367603	1.00003811099192	1.00003681067355	NA
1.00105010205258	0.999803540539711	1.00027620533238	1.00027245528707	1.00069163022239	0.999946041691307	NA
1.00024266214541	0.999703828742396	1.00020924076193	1.00023082047284	1.00074244377	1.00049313746223	NA
1.00024412768613	1.00170286005156	0.999771167802348	1.00051811126846	1.00012345823279	1.00090268792019	NA
1.00050841223761	1.00058967500225	1.00051248455134	1.00061860617497	1.00002089749847	1.00052730022124	NA
1.0005029663771	1.00011843016529	1.00014021504267	1.00055147022934	1.00019029981397	1.00104962712355	NA
1.0013294286309	1.00096436169225	1.00029120734153	0.999747305871732	1.0000083518617	1.00095617309858	NA
0.999874067493808	1.00110272754999	1.00012192812891	1.00008926606321	1.00001709139778	1.00001079159783	NA
0.999944292221139	1.00017264375321	0.999940862491191	1.00010279745768	1.00070727451267	1.0006843646069	NA
1.00103091898694	1.00323830298485	0.999964494521203	1.00063388637469	1.00052004631633	1.00008338611677	NA
1.00573912229589	1.00139093501855	1.00039052475594	1.0000085981635	1.0003629156496	1.00039838592021	NA
0.99969920624559	1.00051519500071	0.999878917940092	1.00015596601081	1.00057654574124	1.00014238394817	NA
1.00171873541551	1.00017332884212	0.999913859847452	1.00015298256118	1.00034738138125	1.00094435824064	NA
1.00004115648286	1.00025117761037	1.000066070856	1.00020127948444	1.00006064497802	1.00033284614434	NA
1.00269154774896	1.00133372150051	0.999973132898258	1.00005965751944	1.00034613705037	1.00046216922207	NA
1.0001547742814	1.00052964292658	0.999806269050362	1.00021559897616	1.00005888683795	0.999883363216408	NA
1.00057697995453	1.00242518082176	1.00000888352329	1.00033307988466	1.0005646278124	1.00070759253691	NA
1.00142346669692	1.00121038390598	1.00005713803396	1.00008910520598	1.00021566078785	0.999652859459262	NA
1.00097245435407	1.00103735460694	1.0006134744893	1.00040083812972	0.999867091551979	1.00018422045105	NA
1.00015759311125	1.00132971177083	1.00158211378147	1.00016413102845	0.999968308262813	1.00004645971068	NA
1.00047397683855	1.00099233784367	1.00021084043829	1.00022338659715	1.00094669147562	1.00026575653688	NA
1.00512433179285	1.00303235703854	1.00047322378134	1.00028742181078	1.00041841638655	1.00013005245101	NA
0.999803269393459	1.0005707126015	0.999794417558072	1.0000929895153	1.00028518927155	1.00007414590926	NA
1.00028374865389	1.00101419155191	0.999768588254653	1.00031633088437	0.999777691780018	1.00015482485693	NA
1.00020044788286	1.00081639114103	0.999852333511124	1.00067572895778	1.00055970041258	1.000012581607	NA
1.00101392046639	1.00200536855083	1.00005151286938	1.00023732733246	1.00041263002022	1.00042045206295	NA
1.00208735877677	1.00236353139037	1.00028168249203	1.00021728353637	1.00086582038699	1.00007778519486	NA
0.999739506282334	1.00006073052343	0.999965937344696	1.00011687022533	0.999969559713537	1.0004446104923	NA
1.00083933009819	1.00314863853063	1.00024240011946	1.00030910697427	1.00009910151932	1.00067645048717	NA
1.00523256512584	1.00297570299587	0.999930074754024	1.00073961382952	1.00207378556646	1.00042414276554	NA
1.00158082924154	1.000053140255	0.999968904738558	1.00043926578642	0.999975876575536	1.00120878908366	NA
1.00127635945787	1.00273360794809	1.00015753981446	1.00014546955591	1.00036195561904	1.00015368802913	NA
1.00381527602263	1.00307435523041	1.00003610773821	1.00040537614718	1.00025778062313	1.00060986906815	NA
1.00228265776192	1.00309045790329	0.999875730885384	1.00031944014174	1.00016419543095	0.999925417862791	NA
1.00193174742507	1.00211001019035	0.999986653701432	0.999937425792737	1.0005414693757	1.00022096795282	NA
1.00073894934639	1.00083679333266	1.00007137701544	1.00055716502274	1.00057819064979	1.00168038688729	NA
1.00210977052497	1.00096161687718	0.999942391243803	1.00064316771793	1.00067176270031	1.00095239852112	NA
1.00017667131503	1.00000722753548	1.00036077229326	1.00015180356074	1.00204263253721	1.00021948324931	NA
1.00208975628902	1.00350928161882	1.00016592246368	1.00062794170856	1.00034674999368	1.00033772115916	NA
1.00235744458304	1.00135944902883	0.999791648484986	1.00089887387998	1.00147860015357	1.00086439017974	NA
1.00011563793356	1.00109272261655	1.00013413536798	1.00137006588455	0.999893690407292	0.999954642950835	NA
1.00000246566684	1.00041603068747	1.00064249739876	1.00054423651904	1.00081059493866	1.00057592876407	NA
1.00296692416365	1.00120251066953	0.999909660948267	1.00048431157925	1.00077742856482	1.00021521231006	NA
1.00041291070307	1.00149807235802	1.0005269414741	1.00091176551537	0.999842526633155	0.999908879680434	NA
1.00925872577425	1.00482492792899	1.00004543644645	1.00024259745765	1.00041722714954	1.00030485024738	NA
1.00043364305506	1.00151115251727	1.00020980987457	1.00113495053513	0.999847548872038	1.000272180245	NA
1.00085183242666	1.00036935460454	0.999894070375851	1.00036005917164	0.999684682733101	1.00028733414367	NA
0.999909960183951	1.00030996343647	1.00051935590712	1.00023852761498	0.999949719888529	1.0003207828173	NA
1.00080238018905	1.00137197937861	0.999965106226459	1.00035362143709	1.00218357241562	0.999826788013643	NA
1.0000560043531	0.999907590941966	1.00043479975884	1.00067038842651	1.00045597181813	1.00075394885037	NA
1.00077137241131	1.00403844354334	1.00002960815797	1.00064207706637	1.0005168569681	1.00061280464545	NA
1.00063953890953	1.00064712633352	1.00046242360682	0.999925168221606	1.00085603625006	1.00095675957043	NA
1.00129372153532	1.0003201668186	1.00051612822439	1.00076895662238	1.00053953589083	1.0005650507226	NA
0.999875667937668	1.00020880287325	1.00030070734037	1.00025241267762	1.00007768625258	0.999832112054456	NA
0.999775711307222	1.00008275679354	1.00031883067138	0.999769298534382	0.999986241924411	1.00045882692609	NA
1.00101145074956	1.00158376904399	1.00051594822512	1.00102761294079	1.00040857132473	1.00072078751176	NA
1.00094436556922	1.00203435079113	1.00026413476353	1.00174592781401	1.00140111640737	1.00082156472139	NA
0.99996064412597	1.00004141731569	1.00010574064441	1.00062576360177	1.00045812310748	1.00024811007599	NA
1.00085764944876	1.00042028885049	1.0000089877594	1.00008196525608	1.00183359339267	1.00092269316115	NA
1.00185285690057	1.0007967223636	1.00053615649	1.00025834944638	1.00002365399148	1.00022303956689	NA
1.00053272344012	1.00031357521713	1.00052651950681	0.999848910855404	1.00006871133457	1.00098204363792	NA
1.00057948742866	1.00270872168332	1.00002807281953	0.999989690579948	0.999977339042622	1.00022713576364	NA
1.00225016114109	1.00205495267254	1.00013058710298	1.00087793850674	1.00070071897879	1.00090105682835	NA
1.0003729282064	1.00063402417213	1.00006488576904	0.999853763228373	1.0005768945537	1.00069080874755	NA
1.00003930908611	1.00020118386754	0.999902625819611	1.00015520614101	0.999841843387961	1.00007282606655	NA
1.00035801003001	1.0003082457976	1.00026673790916	1.00008526771557	1.00027720612907	1.00022951231799	NA
0.999743145615584	1.00008925393931	1.00045015609439	0.999829430116318	1.00006099169444	1.00029789967149	NA
1.00169272457635	1.00338803301481	1.00034733152255	1.00232899378826	1.00042093014648	1.00064926909416	NA
1.0009274250328	1.00131570159284	1.0005588094377	1.00151660983938	1.00066842137374	0.999866641368808	NA
1.00289126333461	1.00007814855331	1.00002430554424	1.00104895719692	1.00029001296728	1.00029862220224	NA
1.00015443042818	0.99977748314118	1.00036344257584	1.00158386386197	1.00042964260778	0.999791482557324	NA
1.00085133950575	1.00587576105686	0.999820989420792	1.00014493131484	1.00008887839473	1.00068211040636	NA
1.00074273654793	1.00049520563195	1.00021939033536	0.999957545165081	1.00043129866291	1.00003729463754	NA
0.999964045266933	1.00066820840017	0.999895485113994	1.00075324924697	1.00019957383417	1.00001613341958	NA
1.00132076549683	1.00154144678217	1.00002106258154	0.99985565789644	1.00035829122574	1.00039753189162	NA
1.00170975809948	1.00344981605593	1.00026773050075	1.00056157566621	1.00014560685571	0.999797386658773	NA
1.00219551713018	1.0061628802373	0.999862013111514	1.00046378558282	1.00084063582822	1.00044041729735	NA
1.00022699879607	1.00127195959754	1.00116480598855	1.0003338121694	1.00071042093014	1.00033035383658	NA
1.00168973904413	1.00111597417143	1.00026985685995	1.00033819905845	1.00020976369175	1.00041146585773	NA
1.00167854102084	1.00051477476126	1.00022114331913	1.00121058966666	1.00009286733506	1.00055583210471	NA
1.00097021714273	1.00007130709683	1.00086790541893	1.00053904001601	1.00086165152377	1.00013938526621	NA
1.00200255082528	1.00038744923656	1.00051971599434	0.999887983706948	1.00079883932317	1.00006829296018	NA
1.00032791753897	1.00133770281741	1.00000512859861	1.00027320667741	1.00145598542368	1.00041702018719	NA
1.00026137532759	1.00244827398065	0.999718106813549	1.00034404763012	1.00027842944297	1.00096644649553	NA
1.00075574067245	1.00449031211768	1.00055700783716	1.00042720822251	1.00007778479226	1.0008703874617	NA
1.0003536000368	1.00076868945581	0.999971807126442	1.00095468468162	0.999963556714543	0.999778754599903	NA
1.00041403820808	1.0018253854057	0.999962200136965	1.0007427129586	1.00065713212283	1.00024295149473	NA
1.00040445907681	1.00021747002709	0.999820006651829	0.999921482899894	0.999939013104896	1.00052133901849	NA
1.0009058948233	1.00219023048643	1.00029801906245	1.00052020139984	1.00130266181384	1.00035238236863	NA
1.00024942074745	1.00122681476776	1.00008492621396	1.00001513839465	0.999619960707006	1.00049529765575	NA
1.00011481126013	1.00007905764603	1.00024199918169	1.00045219500472	1.00028179747704	0.999961480732758	NA
1.00164110106256	1.00277688209087	1.00018160659857	1.00014687718526	1.00083262983477	1.00071921240959	NA
1.00028058249133	1.00092670658252	1.00028482085381	1.00030018731763	1.00069226567297	1.00069721599686	NA
1.00026902497941	1.00086959718414	1.00046471369966	0.999917189755439	1.0001410370623	0.999736188972488	NA
1.00379232884363	1.00525659783934	0.999949121121605	1.00181839786087	1.00025117830713	1.00101520119526	NA
0.999923252691236	1.00041428708674	0.999760939123289	1.00019119825121	1.00021634377093	0.999870523280508	NA
1.00064139024031	1.00120429750549	0.999915448951306	0.999911490324841	0.999847536718461	1.00091408074696	NA
1.00153027310394	1.00033514796044	1.00021136829978	1.00043367242826	1.00034494692527	1.00044279647679	NA
1.00023329091175	0.999889928186532	1.00045359461915	1.00068343955062	1.00085813943512	1.00040811765307	NA
1.00167171307864	1.00060537504363	1.00006501486077	1.00080242743579	1.00031212607916	0.999991284120665	NA
1.00223306490716	1.00284932968299	1.00001369835373	1.0003252569271	1.00010848386081	0.999846835608389	NA
1.00061299094039	1.00226486535445	0.999993691578193	0.999702476958365	1.00035854244586	1.00045943560086	NA
1.00635962047933	1.00074380495484	0.999941431255792	1.00163772369081	1.00102849736231	1.00134758515086	NA
1.00020020124112	1.00105598189734	1.00000780298407	1.0002660634289	0.999960005634607	1.00040157862655	NA
0.999999266569262	1.00000269387002	1.00069536942229	1.00109985836417	1.00048142750589	1.00015496234221	NA
1.00042924537399	1.00612547200491	1.00049189111888	1.00111877623117	0.999947848419047	1.00074492047996	NA
1.00165092031632	1.00162965585503	1.00029772584082	1.00016053185499	1.00086797055277	1.00147653365165	NA
1.00938869256936	1.00116001661592	1.0003256065203	1.00027603963938	0.999958658630118	1.00047664027389	NA
1.00045804273401	1.00194894370074	0.999789278191848	1.00052192560393	1.00004184122778	1.00031390136391	NA
1.0004116937305	1.00000633461399	1.00031398018531	1.00015631796357	0.999995447203235	0.999910649671761	NA
1.00105271095079	1.00015345828037	1.0002366252383	1.00008491675343	1.00046472216562	1.00038311062184	NA
1.00039494107059	1.00033323445096	0.999865049180949	1.00000420811134	1.00037847332036	1.00014841955179	NA
0.999900958811511	1.00019806773343	0.999951993446873	1.00020932001116	1.00010971817471	0.999970901059572	NA
1.00014172459169	1.000574599502	1.00093072699395	1.00170336632386	1.00032339192409	1.00006239691687	NA
1.00023619817434	0.999763663267907	0.999766141316019	1.00038899351702	1.00047885777677	1.00028269271685	NA
1.00017913876754	1.00013273185542	1.00064863825284	0.999915648363777	1.00091472835852	1.00013794650008	NA
1.0000296170376	1.00175151981799	1.00000821193044	1.00003914331157	1.00049557947174	1.00028692264915	NA
1.0007848337176	1.00114554089557	1.00058036712206	1.00037580283187	1.00048767124992	1.00000238082857	NA
1.00067598470028	1.00053605075517	1.00004012266455	1.00059422742968	1.00008475871593	0.999852503298451	NA
1.00096190009866	0.99987598903022	0.999997003648911	0.999896583532334	0.999948338116309	1.00053404224698	NA
1.00056276035908	1.00102243378688	0.999913263562793	1.00063994073167	1.00048222870047	1.00015780538413	NA
1.00109435368969	1.00509861396293	1.00006513712812	1.00026023178217	1.0017065644973	1.00019327664351	NA
1.00221570541224	1.00059681840196	1.00024163728729	1.00076793182064	1.00035753131401	1.00033813398333	NA
1.00037729538631	1.0012724505839	1.00036291972667	1.00091337170085	1.00035209579865	0.999921326560535	NA
1.00089241350152	1.00076392422394	1.00006290453649	1.00141050942819	1.00060407401465	1.00094045257456	NA
1.00092834517979	1.0004257075581	0.999953222293095	1.00054810279023	1.00152263841252	1.00044029370648	NA
1.00121274402773	1.0014728198704	1.00082242307269	0.999859889156986	1.00045548760241	1.0012245537219	NA
0.999737107204128	1.00014412150927	1.00011723779249	0.999994440605113	0.999706553502466	1.00060974581104	NA
1.0008348497009	1.00035065408171	1.00038157209307	1.00068207174931	1.00055871739547	0.999784619448145	NA
1.00033148362063	1.00203914000252	1.00022914987374	1.00047653386966	0.999979753433694	1.00018313429625	NA
1.00145846551946	1.00010828168482	0.999894406218601	1.00071299475328	1.00039798125965	1.00031321321907	NA
1.00495959866416	1.00116978391029	1.00011045512432	1.00012404138066	1.00076922233799	1.0001770837226	NA
1.00128525639112	1.00067173269432	0.999879188564342	0.999990261970633	1.00041843002845	1.00097999549359	NA
1.00045970629822	1.00100462801754	0.999886370597926	1.00059038082135	1.00048260591631	1.00004003783599	NA
1.00003017188441	1.00131221672499	1.00001570699827	0.999829281786186	1.00060027935332	1.00004066518947	NA
1.00062349749639	0.999922814121005	0.999876892417027	1.00009785109486	1.00004098528193	1.00067889014095	NA
1.00033596751216	1.0001820761923	1.0001246719049	1.00042798051435	1.00055745554952	1.00039806143101	NA
1.00010540083088	1.00140034700623	1.00002062153751	1.00085968405116	1.00005655552971	0.999943537210436	NA
1.0030961160528	1.0017024930424	1.00004781534091	1.00019631564942	1.00045155810902	1.00085435339223	NA
1.00249789151242	1.00103110807296	0.999826657408074	1.00042130596971	1.00153959825025	1.00087623592099	NA
0.999831467447555	0.999974580587388	0.999968504406035	1.00037498067293	1.00071245728137	0.999934663696232	NA
1.00112505090705	1.00082668300662	0.999933259777813	1.00044543160419	1.00100613841575	1.00005941334911	NA
1.000260618334	1.00093648423345	1.00025679407063	1.00055822963505	1.00106692869905	1.00028991822566	NA
1.0009198692055	1.00066938308165	1.00010946664422	1.00021530587873	1.00146334146364	1.00035667129385	NA
0.999917150489026	1.00152052456612	0.999905098163874	1.00051881512073	0.999987625980306	1.00006319606747	NA
1.00341921269275	1.0008958392268	1.00072688877781	0.999814531872187	1.00060274028539	1.00035680473244	NA
1.0031305590227	1.00043091104637	1.000431212657	1.0004738314066	1.00029906443142	1.00084187680037	NA
1.00049907872745	1.00038833885848	1.00006971967361	1.00003912495783	0.999991314662314	1.00017259370672	NA
0.99988169311699	1.00146578553427	1.00015830859312	1.00072201624418	0.999847750286869	0.999956935125835	NA
1.00059513589246	1.00147348376384	0.999938557695233	1.00037909337699	1.00070072563032	0.999932760639223	NA
1.0009850846218	1.002041877079	0.999996031325701	1.00009554542944	0.99999789139868	1.00013747110374	NA
1.00256842800433	1.00063872730307	0.999934863673293	1.00038862894003	1.00002118738866	0.999895903286671	NA
1.0003227804518	1.00060673883344	0.99975347892302	1.00014222380792	1.0004518906504	0.999979294480289	NA
1.00130372325132	1.0007890998444	1.00059619632703	1.00017091627188	1.0002994131319	1.00047313839646	NA
1.00135850089919	1.00057874930359	1.00027005626871	1.0007192348457	1.00063368443135	1.00108545753381	NA
0.999808213454363	1.00038722104099	1.00025274582275	1.00001882439275	1.00110677417638	1.0000637501843	NA
1.00002637125194	1.00014016292787	0.999980063874419	1.00037294479131	1.00039204012973	1.00019802166083	NA
1.00037260533097	1.00094959418483	1.00005503219678	1.0008285488329	1.00003332586278	1.00019353513555	NA
1.00003023421835	1.00198923063572	1.00015539143586	0.999961670407115	1.00069496820779	1.0002331314991	NA
1.00075389709366	1.00107626181367	1.00008797583566	1.00028769481707	1.00079776348605	1.00029971449367	NA
1.00032750626879	1.0012475629625	1.00054603521541	1.00026791833295	1.00024022684991	1.00022144410275	NA
1.00086514803162	1.00101518248403	0.999991806946225	1.00092126713148	0.999911370338149	0.999869459233512	NA
1.00014950573134	0.999955134088777	1.00037413182455	1.00015227880458	1.00067490520693	1.00032649234403	NA
1.00021562646268	1.00072945477304	1.00018549281406	1.0009107815181	1.00015097086103	1.00049130445703	NA
1.00179065837182	1.00183021639476	0.999722213489547	1.00004061800438	1.0008054492422	1.00038073191795	NA
1.00223385756535	1.00115569868955	1.00065113941012	1.00017042573547	1.00009457819397	1.00015445018779	NA
1.00028903324057	1.00034872912963	1.00017131092837	1.00060275555609	1.00044440746826	1.00029602228959	NA
1.00132677166351	1.00252172996868	0.999925965609739	0.999906774110024	1.00024719991944	1.0007929048079	NA
1.00185448345216	1.00273638563295	1.00012272063794	1.00034470027466	1.00001137875627	1.00054081749834	NA
1.00009650423596	1.00151684147541	1.00006834488472	1.00051955280449	1.00039838527038	1.00036862558979	NA
1.00272779791753	1.00177532049808	1.0000209719883	0.999766299509917	1.00039345521633	1.00061619600186	NA
1.00098023576487	1.00158952631118	1.00002996336375	1.00054067195212	1.00002741616196	0.999917640649579	NA
1.00234682799384	1.00310124119833	1.00085711747422	0.999917462825499	1.00079061202493	1.0004955501649	NA
1.00100873791707	1.00077382226471	0.999924919305338	1.00030336932182	1.0002510328109	1.00057640556258	NA
1.00079397781586	1.00070620556041	0.999997579057554	1.00115998268701	1.00025085256458	1.00063628938505	NA
1.00112060944582	1.00035720980131	0.999845893502386	1.0004043832692	1.00029977408727	0.999787194110367	NA
1.00040488792626	1.00289413166906	1.00049811095663	0.999828993690379	1.00067930811115	1.00054468289429	NA
1.00138023910822	1.00032367052201	0.999995690966395	1.00031081614945	1.0000481551784	1.00060971473394	NA
1.0038121207698	1.00097940930971	0.99998864815044	1.00001710718884	1.00053846977237	1.00067532151204	NA
1.00248155804679	1.00206297348967	1.00065075080659	1.000856967369	1.00027764942977	0.999785269274008	NA
1.00224143439464	1.00426831441215	0.999931307438859	0.999833714499353	1.00010176167266	1.00137833769661	NA
1.00118588822883	1.00096786959687	1.00018541615985	1.00014495314112	1.0005622850384	1.00043362655583	NA
1.00062195802911	1.00003330940544	1.00012364166391	0.999831883083198	1.00061667432301	1.00027999585739	NA
1.00245570091742	1.00389574696801	1.00009026623669	1.00018616462718	1.00039003307133	1.00040593867738	NA
1.00167138946211	1.00127000062624	0.999852526699634	1.00044678635832	1.00021173364178	1.00039620393885	NA
1.00051635112353	1.00082322832993	1.00024644260555	1.0009067254318	1.00142340859898	0.999887345544395	NA
1.00069622827161	1.00343661667763	1.00009449411969	0.999953695787675	1.00036946507732	1.00038438850538	NA
1.00042073236694	1.00164291526116	1.00028883401796	1.00001579183663	1.00046225762327	1.00049283269377	NA
1.00047618798993	1.00130316689169	1.00081841456015	1.00026603404328	0.999871346583375	0.999828264120201	NA
1.00185121848147	1.00036973088122	0.999739020957016	0.999739704330946	1.00038371049019	1.0005373492064	NA
0.999964316321032	1.00238263413437	1.00018938028208	1.00011131745888	1.00004825531983	1.00072955280448	NA
0.999989427540626	1.00012576932515	1.00055404075864	1.00015449046465	1.00046620243717	1.00145051422273	NA
1.00011556737138	1.00074544487613	1.00005911996979	1.00020586643113	0.999764046459046	1.00069169359078	NA
0.999750359844225	1.00003641212303	0.999810908299457	0.99988558669735	0.999918940223891	0.999893635290015	NA
1.00173999588291	1.00098578876817	1.00017587065906	1.00106301902119	1.00041125298391	1.00074029018673	NA
1.00031401415136	1.00301838579311	1.00022194379441	1.00081366408366	1.00017122534932	1.00019830237212	NA
1.00088388669938	1.0005834795369	0.999820621932165	1.001282715629	1.00012346160282	0.999888574000327	NA
1.00141891160443	1.002962367463	0.999755247577165	1.00026339560251	1.00146409429133	1.00049181235723	NA
0.999832049780409	0.999764662429924	1.00029057612454	1.00027909018853	1.00047527714845	1.00119493820845	NA
1.00070653586712	1.00193751743166	0.999893545620338	1.00035351778987	1.00060774163734	1.0010539163559	NA
0.999975007955217	1.00040236529398	1.00027645725975	0.999859067792495	1.00061714049657	0.999898651986154	NA
1.0005563355104	1.00153763463342	0.99982334117279	1.00043431991176	1.00035310308976	1.00042014820606	NA
1.00006611454041	1.00015568078347	0.999844284495896	1.00035242946357	1.00051235994724	1.00051768288461	NA
1.00233689952371	1.00165828585056	1.00028138286337	1.00018516818255	1.00055992529459	0.999996041818847	NA
1.0007559019906	1.003930089548	1.00027160329312	1.00049052321355	1.00052519620808	1.00019765689214	NA
0.999740708668603	1.00012862455474	1.00022606862961	1.00007376497482	1.00036040086301	0.999823238570282	NA
1.00106008042402	1.00105736069205	1.00046518912651	1.00002672185337	1.00022645993061	1.00050067846215	NA
1.00127046576957	1.0014319574868	1.00059310995787	0.999939628183701	1.00053573244978	0.999895761581266	NA
0.999907429997534	1.00113788168212	1.00034812713955	0.999976299587958	1.00035942172225	1.00066269806716	NA
1.00103560653769	1.00344210868846	1.00072817953217	1.00007299485004	1.00085519311249	0.999813305727416	NA
1.00097215171972	1.00105433815975	1.00108896888925	1.00082096515962	1.00019428026401	0.999688086097006	NA
0.999818318553154	1.00065372226256	1.00044481237103	0.999910857559977	1.00042395114464	1.00124560871617	NA
1.00285229053053	1.00322530457156	0.99985580254533	0.999903952547351	1.00004929958096	1.00072242702743	NA
1.00114466373783	1.00096881254354	1.00075011883835	1.00080215048828	1.00111375894957	1.00074801184866	NA
1.00103855248593	1.0005154435496	1.00049435803388	1.00071582576802	1.00040162380285	0.99967122999372	NA
1.00060451249935	1.00100815134598	1.00004455605812	1.00026007870184	1.00024273912707	1.0006977856896	NA
1.00058739591523	1.0004995899111	1.00016445001597	1.00033331307892	1.00063629617303	1.0004668453909	NA
0.999833032468183	1.00061569629039	0.999914597364233	1.00046105980477	0.999921339559801	1.00022886362252	NA
1.00039288553594	1.0012113635377	1.00005609721504	1.00055260932217	1.00061832763262	1.00062635016838	NA
0.999764574728918	1.00035913974326	1.00067359152089	0.999789648744217	1.00020660864614	1.00091340012843	NA
1.00003223925509	1.00122435048603	1.00022256632862	1.00040076363636	1.00063164286883	1.00104128859097	NA
1.00014493739063	0.999981331816062	1.00006159694777	1.00132615050855	1.00012966914975	1.00058935890974	NA
1.0003611424409	1.00175322409728	1.00022442266583	1.00011772180793	1.00027006494557	1.00033797834394	NA
1.00078564764913	1.00082032846954	0.999928520983987	1.00059823080864	1.00044950347636	0.999888603796076	NA
1.0011250830071	1.00156863403003	1.00015308266854	1.00073246684533	1.00013759964859	1.00032593604873	NA
1.00012353511125	1.0008098004164	1.00032395831248	1.00021820064003	1.0005061368659	1.0001570621659	NA
1.00137246775462	1.00042975343739	0.999762965026027	1.00077105281137	1.00017463828911	1.0011375452657	NA
1.00195401083875	1.00292000340615	0.999694268492953	1.00018048703975	1.00063835548942	1.00065994683404	NA
1.00010038950037	1.00117101057668	1.00022080518451	1.00082080380708	1.00123506169027	0.999956916456626	NA
1.00003056652589	0.999948540442772	1.00013225499467	0.999839540513448	1.00049512024213	1.00022010252974	NA
1.00005028142823	1.00024423420086	1.00008797509129	1.00035589892547	0.99973611389896	1.00014156407851	NA
1.0001918180224	0.999821272610697	1.0008661662244	1.00022258932333	0.999841663190174	1.00025373680521	NA
1.00053677295084	1.00010754600142	1.00043223355746	1.00035193435805	1.00025908867859	0.999926436160673	NA
1.00030038940582	1.0001084655984	0.999925261055696	1.00022573870001	1.00046225543405	1.00006369945879	NA
1.00134023675886	1.00120560065333	1.00001347474132	1.00154622119072	1.00008038991069	1.00004114333643	NA
1.00076199397516	1.00122206284366	0.999840227059311	1.00005301265645	1.00005045679582	1.00031506103216	NA
1.00023715511246	1.00138484704659	1.0000266000998	1.00053011006715	1.0006034684896	1.00025492534829	NA
1.000607273919	1.00080003141254	1.00013229149214	1.00007579738366	0.999850205767873	1.00001930895022	NA
1.00230107965606	1.00156279315481	0.99991257846009	1.00075996644462	1.00043645875802	0.999854513811836	NA
1.00141918039405	1.00506016758254	0.999946241761701	1.00078623645246	1.00091873393628	1.00010662332136	NA
1.00775377902972	1.00208684934667	1.0007387402994	1.00109890176502	1.00070776377302	1.00060078610814	NA
1.00100454699504	1.00220612162651	0.999729372486026	1.00047864152698	1.00063230818039	1.00018416232283	NA
1.0004001456809	1.00081131223597	1.00044097710587	1.00066900182181	0.999890098814148	1.00015698198616	NA
1.00046648462194	1.00036825359433	1.00014518068959	1.0010192243022	1.00020965595982	1.00072478318735	NA
1.00191424129185	1.00020884216142	1.00046716364469	1.00003475496853	1.00001631768418	1.00032885062378	NA
1.0001393340676	1.00045880453057	1.0007247615987	1.00020729080601	1.00053811095521	0.999934588921927	NA
1.00064230525298	1.00016358497282	1.00027178798597	1.00008058010699	0.999712415950981	0.99991173741366	NA
1.00015998740049	1.00085374051908	1.00034964608242	1.00002237804792	0.99987819081938	1.00001383330893	NA
1.00094813301429	1.00350265967344	0.999749939987344	1.00022589739401	1.00028270398321	1.00054372122461	NA
1.00261712350137	1.00081276168602	1.00009310455961	1.00030828152991	1.00034821774113	1.00032139266706	NA
1.00036526042457	0.99996456103338	0.999782889708359	0.999802874575574	0.999963106327983	0.999811003209601	NA
1.00119159896318	1.00058134358003	0.99987239017038	1.000072669171	1.00010215758833	1.00064538099955	NA
1.00141512156279	1.00054070701021	0.999806634361817	1.00036139482664	1.00035077950161	1.00052217725139	NA
1.00086440808327	0.999829946683876	1.00012534044615	1.00042337661548	1.00003862048858	1.00043810524989	NA
1.00051736426001	1.00095154054882	0.999852968341193	1.00012324858277	1.0003363532833	1.00001009776091	NA
1.00015546801492	1.00016274026384	0.999843371456466	1.0005259510285	1.00041378469896	1.0008879359508	NA
1.00059845226813	1.00066133434891	0.999976315132661	1.00057275574642	1.00066556618288	1.00003897205367	NA
1.02665339859398	1.0030254348933	0.999999959280731	1.00035266199308	1.00082271312081	1.00007852357006	NA
0.999834577141423	1.0006770874609	0.999725771139619	1.00020982617432	1.0001527837668	1.00005191708906	NA
1.01132633653629	1.00790548649321	1.00012200723409	1.00059268901621	1.00032808488338	1.00049526938805	NA
1.00006973378948	1.00079449214664	1.00064108852735	0.999774825794548	1.00002640242186	1.00102036075711	NA
1.00011203870214	1.00048196226081	0.999861557888569	1.00006224428743	1.00052239960006	1.0001804690938	NA
1.0007234729489	1.0002394944552	1.00018127960825	1.00041410965105	1.00009821918554	1.000194480789	NA
1.00073479370381	1.0021465459873	0.99994229405009	1.00098315585824	1.00030254590202	0.999956982885214	NA
1.00012580278372	1.00083613631965	1.00009080283284	1.00015364455495	1.00066309827657	1.00037756231002	NA
1.00285722374903	1.00224656120552	1.00016005015888	1.00073692598653	1.00085150727212	1.0001555011857	NA
1.00066061550056	1.00069692046808	0.99995467209469	0.999976743901837	1.00074537733277	0.99981293822316	NA
1.00026736060482	0.999919152528232	1.00030858684413	0.999997942431023	1.00054582353588	1.000090749007	NA
0.999831052793253	0.999959825419894	1.00030917339651	1.0000538057713	1.00031257987949	0.999854059734949	NA
1.00076529613128	1.00132507264127	1.00032529435526	1.00053743773713	1.00030553086291	0.999718144566282	NA
1.00095365168631	1.00169770921311	1.00074030308865	1.00094116449625	0.999980540974228	1.00024698957735	NA
1.00098149671502	1.00082296327894	0.999920492447042	1.00090620166982	1.00143702285818	1.00098274577821	NA
1.00013801398734	1.0006891356653	0.999888332766392	1.00075186622222	1.00092425415105	1.00019660664722	NA
1.00005923489229	1.0000056363125	1.00018105933997	0.999735751791525	1.0001256494433	1.0009157078906	NA
1.00143528973439	1.00091540111539	1.00028310960921	1.0002933594817	1.00001916517951	0.999874744024542	NA
1.00075228525813	1.00328869325149	0.999738054271412	1.00052446814507	1.00036683099075	1.00043925619131	NA
1.00025179665697	1.0017098276825	1.0001234112383	1.0011791047605	1.00022544247316	1.00014995938463	NA
1.00049189380469	1.00105593637125	1.00033608125723	1.00054323426367	1.00042350151138	1.00035622504249	NA
1.001256983296	1.00076774113405	1.00000865606446	1.00057980657616	0.999947211872801	1.00020729682336	NA
1.00188093620759	1.00087873742393	0.999947143064348	1.00066327244287	1.00027412424439	0.999959394133445	NA
1.00032920539625	1.00142967154915	1.00023729477475	1.00122838227446	1.000647842808	1.0001693577364	NA
1.00039921783323	1.00056656670061	1.00040359784732	0.999845371298378	1.00035681791302	1.00071812488594	NA
1.00030880317003	1.00182488172937	1.00029866422899	1.00046362775742	0.999885348270505	1.00063562681864	NA
1.0009078958315	1.0013295570384	1.00050862632455	1.00018223103897	1.00021318682968	1.0003513238559	NA
1.00064081216847	0.999828153242452	0.999744222997744	1.00071798058555	1.00019118320373	1.00043898217236	NA
1.00078100358555	1.00041223542579	0.999891412546997	1.00009651261457	0.999916765895776	1.00074512344488	NA
