FMP	RMP	FPP	UPP	ANPP	NPP	ANCOVA
0.634933198911784	0.63469596462024	0.639929518162107	0.64150923102564	0.638743636724276	0.644178924476468	0.675324105706603
0.55035818682571	0.553339244360218	0.545025351311323	0.543610183763298	0.543706649048226	0.545416753298401	0.503649232610368
0.595633359547714	0.59792627744313	0.593433831370675	0.593764554911294	0.599560448128965	0.596396888255831	0.591437807539643
0.536298483625313	0.536358740727253	0.525793238531775	0.524678659106629	0.527661490437671	0.527219105057449	0.472117902003399
0.57673685857489	0.570614981297496	0.569116981608288	0.569624058028182	0.566776045532885	0.574076556265058	0.542706263336385
0.439443116726224	0.441545972564052	0.439075396012557	0.418101969625388	0.430691691746415	0.43051023642489	0.279245597974498
0.509859164884012	0.510775756278465	0.503111915379843	0.491218297192863	0.498178171815813	0.499642621308807	0.395941646717043
0.613783991521056	0.614672237865131	0.617357646039385	0.618830271378466	0.613169538300125	0.619467644452364	0.634086097759611
0.435190705597279	0.437443054489244	0.435187664635734	0.413916945925324	0.424434359937451	0.423877418938131	0.27550799014957
0.47045705004684	0.467407948782259	0.460064013343013	0.450875470428044	0.45486267328557	0.453837926642058	0.348313179059283
0.779047328610908	0.780882685153277	0.777627066375382	0.801870497751401	0.787360852637472	0.78825285434373	0.94530772672029
0.643139441236072	0.642934464123757	0.649474975169559	0.647565206391395	0.6498757317715	0.651006940211878	0.675417184749847
0.585229598165496	0.58600234051464	0.582385661637779	0.586879411645513	0.58387667103297	0.581962343063405	0.570971706619126
0.436404136059779	0.438641567702763	0.43273207569839	0.417895353548351	0.425862725396304	0.425880262470308	0.285911228063202
0.555317299404093	0.555953704873416	0.550618320390642	0.543948152969121	0.550173322694098	0.548002467206819	0.504249554969973
0.341782220200096	0.339704418941065	0.365312719127761	0.325841974043753	0.336791795528232	0.336111772477618	0.169713635352843
0.468503317948546	0.467955480496445	0.456297350547087	0.449836182166447	0.45393360715096	0.45315471397342	0.349139490938658
0.511125786976304	0.511141485089265	0.499818856438998	0.493363542258378	0.498023458003032	0.499631434649493	0.418254176376416
0.500585120476252	0.5041192090935	0.488933008489906	0.482766370929582	0.483123480526626	0.488761855995412	0.407083417345883
0.468385842930824	0.469730685653636	0.457722979486512	0.451614817269754	0.452917174685477	0.455067352930727	0.338503636413831
0.622766894332109	0.620262432782262	0.625113890067951	0.623784471057107	0.626079907336925	0.625446725625737	0.649745484783391
0.757038387946029	0.759926095267064	0.743689414936432	0.77901553570795	0.761489252316934	0.767831347320894	0.946735716109357
0.606119436326332	0.606398200279573	0.60480087949075	0.608721099309015	0.61128693439427	0.60618126460792	0.616359926050473
0.373995645412333	0.382959418515726	0.383879763927314	0.361171427440835	0.366324912784688	0.375977165667906	0.218938503401037
0.60067041993245	0.597187859822825	0.599248696301156	0.59727797217101	0.600680786639473	0.596826323395446	0.596183956633743
0.504604278826778	0.50164941385103	0.494785206852174	0.486232858713971	0.487149810441901	0.494601237427343	0.388841934110465
0.427547303980956	0.422711162560273	0.418058585218359	0.402806771142465	0.410657372059729	0.409453508476649	0.282579182467778
0.527812104241584	0.527702403175204	0.51766478756311	0.517692083029817	0.518229710525644	0.520635757981029	0.465613311746589
0.559464658101508	0.55792448221983	0.556999433427872	0.55404968125376	0.553486015368886	0.55504423316171	0.52614447461577
0.631508159616272	0.633502736680351	0.639911068745103	0.640956278044794	0.637857343821682	0.640478340812001	0.668383804777254
0.444052711852363	0.448067952596631	0.437193843177396	0.41833514571564	0.436922824923714	0.429342616924573	0.28824881857646
0.400876552666631	0.397683586382857	0.400547628937249	0.385737765278618	0.389595904776305	0.39075787346356	0.246963828411114
0.543879652855249	0.546682398678371	0.538138565111763	0.533641937206215	0.538375818181997	0.538242465763839	0.476188613744656
0.753499600874431	0.755172755979951	0.762624051056696	0.778510032177996	0.773227160755657	0.772293259059519	0.889170005937655
0.601487032310307	0.602069417431521	0.598720942606759	0.597619270372463	0.601293993567308	0.598378029854655	0.599877421359382
0.624903249808286	0.628342186897508	0.634548405403165	0.636622632071162	0.627133748946973	0.632701202969618	0.653344381373403
0.634321420059471	0.631898244295187	0.640580555190549	0.64360080809242	0.639525650587843	0.642247785122257	0.668619228657735
0.670544537137822	0.664278977996391	0.673827689299445	0.680855535497644	0.676402636960514	0.674848874062657	0.74496856681835
0.544407353774899	0.544468816801807	0.535135562060002	0.534420593203139	0.535571012980001	0.538931808666413	0.498692142995366
0.671604844191014	0.671692181959227	0.679415472789715	0.684268489003564	0.682837171599557	0.680923975631883	0.752128348477758
0.580685231243372	0.578997618369085	0.57580257682579	0.574009980616928	0.577512517988554	0.575880450063744	0.558236020021128
0.735112619002173	0.730675025581755	0.740817615911536	0.756639193607374	0.750866555990089	0.745620245324444	0.874981425056152
1.0172607083075	1.00926165446552	0.895509765943877	0.974869334300035	0.950443775747579	0.951168011301308	1.17438755879845
0.688541710790513	0.689047839387766	0.699356865303957	0.702616656207206	0.701945304129593	0.698369923995526	0.772807803620359
0.679139887008377	0.681450150352285	0.693857004569611	0.694382482749886	0.693709127787249	0.690604366727259	0.779656891153129
0.476471883015144	0.475889670402742	0.460604385243496	0.45478262923539	0.459219911601321	0.455790471868484	0.368984055812025
0.534392428240782	0.535922449981702	0.534944499021473	0.523169202238338	0.524536652941883	0.527345238069176	0.455972078723065
0.639636263220792	0.642076832247494	0.646777147676749	0.650769971581635	0.647069435808617	0.649481529702098	0.68894876836435
0.671166055225387	0.67029888629986	0.678770482082364	0.68692931597415	0.683187878065126	0.684230598535286	0.758949373237317
0.508601622691473	0.51193726829026	0.500028471633203	0.498160230599071	0.500312935821879	0.49846270933202	0.410909505956294
0.449538489316744	0.444281501178709	0.441855969930096	0.426157481581974	0.436493900555025	0.436593077886406	0.298026216701991
0.590920798962042	0.589268797130849	0.588783508246379	0.587980687794169	0.589715981693591	0.589827048671892	0.580421804041095
0.562411030217074	0.565494160808835	0.558107869324437	0.55597809149463	0.555346326385362	0.557545979761427	0.520478468179191
0.538412319876344	0.536861829259478	0.532632064863515	0.523208053061007	0.531502496420608	0.531778629579688	0.460201769854063
0.566973306476338	0.569171939246218	0.559889989082229	0.55799524495509	0.560858598272532	0.558567883275284	0.519691039001274
0.562044380537177	0.56588310795855	0.55628398972475	0.557373077609289	0.559340681963926	0.557855865131641	0.53571789632409
0.561109338769547	0.560335067620061	0.555505611312957	0.55483905300584	0.548691782687438	0.554842456576456	0.520748824544396
0.271288552738231	0.266351474691161	0.335861082617014	0.276205149357103	0.297104950589215	0.293803985775531	0.0891649456157792
0.620609008634444	0.618407422185987	0.61946498236029	0.622657130858406	0.623506841114718	0.619598812850114	0.645380193796601
0.663833927330884	0.663276865176146	0.668372706289629	0.675508958429799	0.667335250546432	0.66774171604492	0.745909897973599
0.548166767808994	0.54856936271664	0.535232836029336	0.539637606071559	0.538650158901955	0.539619315454458	0.487318649517821
0.617966354844209	0.618052651743716	0.617721906383192	0.618216682909539	0.621424067860598	0.622136841652739	0.630983276056291
0.645809817808052	0.643146618879128	0.65102430523902	0.652444083841819	0.651143221479177	0.651868467178118	0.692344718169572
0.644859889946158	0.644975548150306	0.651584943185531	0.657296253088598	0.655567423014409	0.655137678976086	0.705416945803727
0.596638636340516	0.596666973231391	0.594008168095435	0.594761655041794	0.594689918364939	0.595350586331765	0.590989821830386
0.434453536987381	0.430445766649191	0.428410531914652	0.411382255178226	0.415769025535573	0.419467044378484	0.26521488818711
0.567035487741769	0.568784508361069	0.563616142512423	0.560134015324466	0.561262511491376	0.56295242369867	0.528172948727265
0.613344427240138	0.613241236920879	0.614967557325753	0.614922926149976	0.616069643325707	0.619946200117334	0.62723112277414
0.602398709181081	0.608654840581466	0.60234199939459	0.606508641633078	0.606001981934118	0.606305691291747	0.608643468498684
0.601762085539824	0.602358276451618	0.597464081853762	0.601883006192703	0.600448831461424	0.601391500543849	0.6009999850488
0.768348219226714	0.766101276244786	0.773987178066894	0.789133070873279	0.781960085651332	0.781622605879817	0.920513836736582
0.435620657978118	0.442793470158051	0.432364593039075	0.416891691038859	0.425119906196143	0.426396305171532	0.283018546003691
0.689297185088412	0.692121394550891	0.701148598938539	0.702834324756343	0.701671930415368	0.704716069629196	0.784409086533066
0.675010735531377	0.670935085702409	0.687247592323566	0.687993082051354	0.686865565220767	0.685729105952764	0.772457961239434
0.696496396835576	0.692364577231579	0.704738141317391	0.711067791748372	0.708113578753647	0.713787441717734	0.80446800900106
0.666608462957076	0.667207296662117	0.673853126587491	0.684822923758144	0.67786133904877	0.680102834901777	0.745991620055315
0.614554270804444	0.61772474425528	0.617447687318472	0.615478294976454	0.61830636621635	0.617127974912468	0.630547626171632
0.485890710382511	0.489429068306769	0.478081278894719	0.469701728306478	0.474447763760092	0.473398302912941	0.376201671434608
0.504538718084839	0.504157120730387	0.490364061969188	0.48068158762267	0.490348965742537	0.486909800668914	0.420390918481128
0.488829414526397	0.484996391484922	0.47973674496355	0.469334738745946	0.478772834953849	0.473079057775761	0.375922395725214
0.688480501036374	0.688977912037571	0.694926250488438	0.702267273651744	0.703559057402486	0.697843909811196	0.798387846957695
0.572389170076821	0.568929382966891	0.565890115275508	0.566408863754659	0.568861236543181	0.565021942409498	0.536666951651345
0.584320112860029	0.586528649846622	0.581791355103951	0.583057759735522	0.582675220891935	0.581531921179679	0.567546402844927
0.627363133758417	0.626626147020037	0.633973132817483	0.638013468850165	0.634303602155137	0.634770451819446	0.659506509370576
0.636769008457485	0.638058710566069	0.640708667667262	0.647997113848657	0.644864455560322	0.645560656456	0.684841664361954
0.472765476704417	0.470821556830951	0.456147472918958	0.443085727663766	0.454314039872872	0.453095172831733	0.34548318059609
0.480784726115896	0.480239507519079	0.472595791295879	0.46236413472334	0.468249855126358	0.468059158423729	0.349321197977308
0.503020072083405	0.501202116114774	0.495079531865186	0.481497248904067	0.488492412314708	0.48567045033192	0.388600531761265
0.561387194387053	0.56350663027747	0.558289858230643	0.553717579887042	0.557582312368153	0.555531531224555	0.508921054979661
0.374454460542993	0.377221403111075	0.381060616684688	0.357432840922925	0.364767687904743	0.365845597034291	0.215841609083558
0.500699231957321	0.501195697722557	0.491614724533966	0.4847423684663	0.488584082593192	0.490013090086067	0.413578634033303
0.560574905843498	0.559974002988942	0.554590986246212	0.551652803469987	0.553107848545747	0.553470925164047	0.526316074495069
0.644758379791982	0.646552753230384	0.654507437472638	0.657761263147341	0.654183258477056	0.651862085576703	0.695833296577473
0.506624710324186	0.504990763881215	0.500341172790276	0.485793161251383	0.50102037670256	0.492710232028792	0.378213607491543
0.689780958151087	0.690511300505651	0.705014982399024	0.708172228536899	0.704767609420583	0.705474886619644	0.784166021285741
0.590232945801492	0.590861417052429	0.591441249276256	0.5925783334066	0.592101575777238	0.594032360033819	0.587457974640156
0.398456899585513	0.398577726422219	0.403950596526804	0.377862441944211	0.389307013787075	0.388658074983385	0.244752977490768
0.492488856157321	0.49305357632737	0.481003762609259	0.473575959693082	0.479352299538374	0.476495725725885	0.39070513164765
0.508781270494558	0.508968246247968	0.494258125409286	0.487989401078318	0.495161514333115	0.492226895557265	0.415621305088407
0.579164318700597	0.578368886348512	0.576962481857766	0.577051527455252	0.576920877963621	0.576965967377503	0.561878831465394
0.512546393932406	0.513740448824438	0.505490235090004	0.501249574048123	0.503446351130104	0.5019825987491	0.423061032565494
0.542361134776013	0.54113500190893	0.536878513317994	0.530967185323331	0.533278596512761	0.534392752673317	0.482257198683559
0.529747617184678	0.532909538499597	0.520845368620169	0.518939943434287	0.521911782689144	0.521779850125445	0.462462909572963
0.661971089659247	0.656619598469687	0.664627613208824	0.668676738580949	0.671686623400288	0.671521425277136	0.751709718747014
0.657187982586385	0.655353092783641	0.667287859999619	0.667975329672613	0.666870071172386	0.668459326381572	0.719360340426526
0.591880653222129	0.593404611655266	0.590396973531175	0.589761888358681	0.593420482456577	0.592055005016348	0.581784371484568
0.645319066356275	0.646501442248549	0.654873236172822	0.656751702497253	0.652406370457575	0.654037685635809	0.697196277334514
-0.142736685403478	-0.140037620072857	0.216730894128395	0.00519240040161198	0.058581636021702	0.0496901303291558	-0.216700274466695
0.547411519486275	0.547437778354192	0.544040150241908	0.533016698939342	0.540283665180071	0.535622911088702	0.472578584800571
0.608695040918063	0.609377199220343	0.610076457164663	0.610984330406954	0.610412684361871	0.607418951605634	0.61761691518805
0.664301558108178	0.667529430301418	0.674745325647952	0.677884507733858	0.673429435508386	0.674741548112123	0.760231960409198
0.625772989473308	0.625702320427448	0.62817053297292	0.627738347548987	0.629028806788347	0.630939573530735	0.653918181417089
0.609436245163979	0.612421160383936	0.613435359653228	0.614845063203432	0.615176862327164	0.615417304525436	0.626665921643494
0.588421600534931	0.58758202507709	0.580642646163144	0.583529010940392	0.585036934417179	0.584037575303651	0.570382908937872
0.646004694770906	0.644153251241791	0.650304896382602	0.65226003588167	0.651172964954744	0.654362612851746	0.702220537214988
0.700997814868262	0.698828328232925	0.71269538780983	0.718991894842178	0.714072346045117	0.7154972452572	0.787527295723831
0.534567017013688	0.536804273237565	0.528805576214048	0.522521270945412	0.527181086197714	0.524948703212831	0.45070076450654
0.472332878650235	0.473400316741681	0.466740282264869	0.452404131271821	0.462049546940918	0.459496880570397	0.338479658369853
0.642876186822413	0.639828807982774	0.645794012838335	0.651971657658412	0.647087612321843	0.646885677577412	0.700974233050951
0.765557503023495	0.765025336574559	0.769893961576849	0.783423930340869	0.778395082372612	0.777617274866491	0.912431715569814
0.421333474626683	0.418343935382677	0.412561743396827	0.394539526911754	0.404832681891359	0.402871969425033	0.280206008636349
0.572983557044259	0.569212239191169	0.565691257408708	0.562940739292187	0.562850177830186	0.564081192267017	0.538821051726782
0.544389337203783	0.542143262434566	0.533151797590578	0.533436566298356	0.533680263601418	0.535916258673835	0.494238993990671
0.453974088770275	0.452136611754772	0.46541017606765	0.43921002533748	0.453304230820897	0.451351214830056	0.275445859812762
0.604753356332126	0.603348927931919	0.607322204868575	0.606715789105276	0.603292890129728	0.605943059880564	0.609066754352953
0.72248832427926	0.722314607408305	0.729404915599791	0.740528444614159	0.73582615247136	0.738964601364079	0.845014268170408
0.631362108472911	0.632745506923178	0.640768331303741	0.639995214845805	0.638954190443914	0.642189629768429	0.678894300684113
0.572317829514473	0.574178824114847	0.567243517620704	0.5682369955188	0.56317236729551	0.570394432496983	0.537146645730397
0.754914619928084	0.750420632702645	0.763701418933943	0.774797208510235	0.768371570422738	0.767573621984296	0.883568176631304
0.543014987540896	0.53991170723673	0.528385982021913	0.530698958202551	0.531455939070307	0.530237049077593	0.47414518221037
0.724058684021126	0.722332147944362	0.730476162394807	0.745973057428807	0.739419324470736	0.738316777689056	0.862026761395624
0.364346474156935	0.362643996353042	0.38106737300842	0.34984289183623	0.359199414498222	0.355774951852419	0.201101028125315
0.657248612879661	0.65662262667172	0.665053566684343	0.667236459896176	0.66614959855447	0.668730737004335	0.721386087827467
0.673867421480101	0.672400613995266	0.686378592795691	0.690206170972037	0.688521044657769	0.685128181540847	0.749701343636662
0.684428802493762	0.685675013516828	0.69531200239534	0.705582835184032	0.700361661379289	0.699199654636038	0.789100369377152
0.788144029571578	0.787554630043591	0.786341251408648	0.811930440628	0.799091704840689	0.801432832022107	0.940948809492654
0.644985429453033	0.644877222543409	0.65244071964978	0.652957086117171	0.65352717855302	0.65330156795	0.705259500783993
0.580825334983409	0.580423599449942	0.573517567441388	0.578549348263743	0.576836157372837	0.577080793401175	0.54881215072737
0.688874789612974	0.686107828013281	0.695634967622739	0.706447660434249	0.70034318283006	0.701805084965591	0.788105279129727
0.59881697783306	0.600078529994535	0.598415109466755	0.602843880596662	0.596937876429465	0.597548127077096	0.598005324389832
0.538148436087154	0.538970330982705	0.530236719467385	0.526726698651602	0.530167906455464	0.529546230231126	0.459177788358077
0.539841373553345	0.542460233555229	0.533893933492655	0.528189120604458	0.533617494290108	0.529275304767116	0.492853394160345
0.622806446588185	0.623937311286159	0.623523452075823	0.630364541396363	0.627337790101644	0.630787962727741	0.651193817420742
0.543240662608664	0.543574659006811	0.536930711111859	0.531148726702236	0.531058175574181	0.530976328588761	0.467721916296435
0.491103178715995	0.493240364298482	0.481833206391198	0.470352843424735	0.481628236171077	0.475287035214448	0.375886062170652
0.571174520065908	0.56731148961451	0.563971229624301	0.567499035230872	0.561171447669342	0.563868126381833	0.522859528991004
0.605735396422222	0.600826512579713	0.60336775383945	0.60617933700791	0.605053335289325	0.606390608050512	0.608970024538408
0.365814716514959	0.364474774235389	0.377937393455279	0.348180412665126	0.361307535730246	0.360879771874665	0.202139582799371
0.570566273245109	0.566405566333308	0.566657862607876	0.563400063770063	0.56255557074497	0.565444764460463	0.534562478916125
0.812056107808885	0.815237792569385	0.806266974952756	0.829407013712794	0.819994826552338	0.819110352298564	0.989899303794127
0.544789234385896	0.546899866815235	0.535324343176266	0.534701031412128	0.538935351362442	0.534952807408194	0.485365030651286
0.556875303993812	0.561207717987484	0.554180265176672	0.549305388872052	0.554975393893919	0.550656988352498	0.509776419013146
0.64585266638188	0.643442639259649	0.651619528990397	0.652418359900778	0.653735216660759	0.652572995180167	0.701099170032486
0.577615304893392	0.572275045171584	0.574772036279883	0.571289116637604	0.57384253784913	0.569657247169937	0.544039547714853
0.765811032992756	0.76788987435757	0.774336037983422	0.7883655527307	0.779723690608706	0.776454051772027	0.909404531136717
0.584125008913264	0.582076901734594	0.579510093749681	0.576936154061097	0.580193742261766	0.581258409888346	0.559891506294146
0.514588310717572	0.517555135963507	0.511335714303718	0.501560078062113	0.505618074459471	0.506108281906675	0.415710060207193
0.757005875875183	0.758248249071323	0.767210164790051	0.778841153594948	0.773849752604572	0.775808803861438	0.879758556310991
0.622645141214957	0.621688787901422	0.626315351040899	0.62365762043738	0.626414421103257	0.628334939346817	0.650894662932374
0.434150118611861	0.428413826595208	0.429250964337546	0.41253324486913	0.424480302769405	0.418086657697422	0.288075675660114
0.1872281099934	0.189949410344297	0.283833757145755	0.212564541268629	0.236558880226698	0.234110445437433	0.0568877621804079
0.502889038810644	0.503143723751019	0.49559042388862	0.484631999500546	0.488102031072106	0.491436250895653	0.383640292160051
0.448797236801104	0.450472958297416	0.438979511224991	0.428018732886204	0.431697011266487	0.429893033333296	0.319800095026128
0.542512651871236	0.545576943991864	0.538389464501569	0.533706279354178	0.535436487992433	0.534265752851388	0.47435017381997
0.632933165489253	0.631314201343833	0.634054977750778	0.636974831718233	0.634948621171084	0.633071555181433	0.668271253551757
0.589893545006838	0.586479127278551	0.58435601868827	0.583859126588326	0.585229507053172	0.590623204398545	0.572789319253944
0.480549339009616	0.480612545733773	0.469929168637878	0.461883723459584	0.46632146163229	0.463688704712329	0.357814156696695
0.698433221289401	0.697590406485216	0.710334463652611	0.718121124719514	0.713373362281006	0.711459882599968	0.801430992673453
0.80549080711842	0.801995117388791	0.804749427018575	0.829040109894718	0.822261784698406	0.818360417232465	0.951602649466918
0.583771121664048	0.585728733394917	0.580938185137626	0.582949967560215	0.582092344187087	0.579974946273362	0.567870858533792
0.599154410300319	0.599548201010965	0.598414015603178	0.598294726606266	0.598078790957546	0.599815522711359	0.598078880802065
0.546717750613565	0.548658250459238	0.538231407145331	0.537542650450331	0.5395681241871	0.537598706227502	0.487238047219548
0.700110536143303	0.69868524418305	0.713578218891806	0.71816040716669	0.713016210096028	0.714339827466485	0.802471722127015
0.529159031734954	0.529183337184167	0.515940226127836	0.512672698416907	0.51254493320934	0.515466685322514	0.454408023288222
0.641812834063602	0.642813950020989	0.646963724284341	0.648050141567214	0.647075351997697	0.648528851574277	0.691473689546535
0.48901582595326	0.482246874664258	0.481810689301552	0.465786296508628	0.475663795638389	0.474640469931045	0.349965640587158
0.724580865687739	0.727029546952052	0.736764145715062	0.748557378964559	0.740481734180598	0.74309703304153	0.821550268065086
0.62401315090419	0.628738208325118	0.630748350640553	0.632482135430394	0.629195938837699	0.632586504246901	0.655006947071276
0.553036853841341	0.549296422654728	0.543798580550583	0.541740736225388	0.543995730874034	0.544093123882698	0.487425289873054
0.512425272632161	0.51179603168484	0.498933795444226	0.496059489920731	0.502505332560497	0.503114072920218	0.410059144141495
0.574666724187531	0.573044613315769	0.568505597565095	0.568148088868823	0.568070643235673	0.572530807453817	0.547259991171083
0.672588222599194	0.676006934994845	0.682696772712853	0.686233746080298	0.684408167196862	0.683665200715249	0.754771035713746
0.611619053929843	0.61386935818994	0.61504851774027	0.616376641978779	0.611288910127086	0.613199000662638	0.627106629189698
0.501617506694143	0.500522751026437	0.494444518318331	0.488147856922028	0.491545867983506	0.489935490578589	0.382382608433774
0.698320768261407	0.698164703450895	0.710739066922623	0.715569220082858	0.713401620434562	0.712626264273937	0.80222431227742
0.626634451190534	0.626522121564236	0.629546684318717	0.632912940441933	0.631331833741928	0.633493924355851	0.654533722032949
0.500063339334011	0.499908692525254	0.485786257861762	0.481477084985497	0.486525801697868	0.486563189864022	0.421705041417041
0.618744790930494	0.618357213409909	0.623211218447425	0.620259243853682	0.621734287017552	0.620828040430517	0.642099385499273
0.65958437599779	0.666154393953709	0.67064269638255	0.676550737740137	0.672855125830685	0.672619192285184	0.751024732865073
0.695921630822633	0.693026110058411	0.707690685628033	0.712105601202772	0.710465927928752	0.706671936933243	0.777000892683233
0.644721418578328	0.642088892769715	0.653263916511947	0.65572943179821	0.651943998833415	0.652405467659382	0.699450768827215
0.715172911581094	0.708282584716179	0.72560365598479	0.732639823200012	0.729952018855109	0.729861058360861	0.843105451946813
0.574090783547326	0.575615559212301	0.571788721912329	0.566526838538365	0.572167467328242	0.575041988975106	0.543989609432607
0.840911595041491	0.842027513921554	0.821186714303138	0.850887473038394	0.839899274387513	0.838446987195037	1.0313388122283
0.596443313192584	0.592501389996051	0.590546292654896	0.589555270751373	0.591256710152362	0.590925305422254	0.587240116943245
0.54500274206628	0.547237985697853	0.543590846556856	0.537062673577795	0.53902272443574	0.541481064724205	0.46839847174667
0.744600525876328	0.74749304420195	0.748176867115242	0.767146572712751	0.756472673026734	0.760017673412113	0.90447335234518
0.28593572568631	0.291210611448296	0.321311403240194	0.279474389611353	0.295793615339176	0.296956425453036	0.149698217593852
0.551018744746837	0.552890854020287	0.545608399552064	0.54410265290487	0.546119153821597	0.544040058541714	0.50979003133064
0.665178763101963	0.670816921140779	0.675701314962999	0.68135791687832	0.677438938476018	0.677373973025565	0.740024751634096
0.654542876011621	0.653455990221991	0.661906667827721	0.664752835580283	0.66232629566325	0.664407410852438	0.715171985786815
0.772632591796841	0.77196236934245	0.779958050230823	0.796436122909148	0.788180381193458	0.791426145668774	0.919543920430936
0.616828553189336	0.618989907937895	0.62257744649698	0.624045823618834	0.619816059712615	0.621948018118773	0.641135189535588
0.539135448748059	0.540717523576428	0.53186987782951	0.527750042038258	0.529914159349769	0.529511212103279	0.476796873830484
0.59907212233187	0.59503205206559	0.596756417674103	0.597215810318803	0.596077268449979	0.596230389105522	0.593356689961901
0.539000801152429	0.538233211008072	0.527279518611844	0.528133746705122	0.52619163818248	0.528513737314644	0.472230631548776
0.495983678321951	0.491190736796561	0.479545392314908	0.478977105254104	0.482731651774688	0.479809655467162	0.397931307596486
0.690842378730803	0.685590863414671	0.695928045434844	0.706633869033222	0.701392217420728	0.702256919664605	0.795779781183664
0.640990337032692	0.643103180372349	0.645191272905299	0.645923029413089	0.647295690970759	0.651709132114067	0.688040579257814
0.748754231255258	0.748862037427911	0.756779492846391	0.771174622504151	0.763700323160538	0.764159827486777	0.886560111792925
0.423598662600282	0.42197438879682	0.418767435792742	0.40224461967467	0.413817541388363	0.411330938755501	0.258386592911496
0.354745357789258	0.353518844450217	0.366138029031292	0.336477037535005	0.347008393180144	0.347505175949616	0.203677865479016
0.680508590123307	0.681478062994287	0.689524940228765	0.694944133688579	0.691838857444536	0.691231988322024	0.774130071067121
0.514521142408997	0.515184426835945	0.503506352905234	0.499034047179024	0.502569357400806	0.499629155923315	0.425273947606302
0.514974673010912	0.517744535199715	0.505577089683794	0.500816929588005	0.505084928022176	0.503864228034473	0.422399241947498
0.612673963295859	0.611292990122107	0.613564803209506	0.616485841652786	0.613376206830427	0.618244536391934	0.627994955455432
0.540659352756074	0.541024346552776	0.53730314343282	0.526030497160752	0.532731667228213	0.532392470057463	0.471385436107194
0.564521276568937	0.566532552396036	0.5551776299286	0.555474072299618	0.558338134667558	0.559462694426461	0.533497258793812
0.5779212877721	0.576991152750776	0.573506580595591	0.571354995711059	0.576624217825662	0.575591831121544	0.555416819688058
0.667083785558952	0.667207807920791	0.674431443438486	0.679581087341729	0.674475315535387	0.675998773347792	0.756883560992531
0.507337762944599	0.506169375830536	0.494335703701157	0.492318475089028	0.493589807582806	0.492116228197338	0.430866959379368
0.660816743131032	0.656396286939081	0.666175428542664	0.672435416627435	0.668506782080215	0.668264885180452	0.732638566270425
0.68217862336732	0.678612250880881	0.691192681427249	0.697958608037515	0.692648729143881	0.694230835785288	0.775531752926005
0.510865002097323	0.514878531659654	0.504419105281576	0.491378234824744	0.493216052447107	0.496050283632545	0.419509680017081
0.539736632203869	0.538616507250102	0.525908732257041	0.52351064519724	0.524947457152373	0.533321642691184	0.459882337897527
0.57658444612095	0.57794194961712	0.575981209148801	0.574357207000519	0.577026551731139	0.575440711605965	0.549352423134945
0.740334059105039	0.740234455347778	0.741817501200965	0.759081234931067	0.748978569225437	0.753995167508417	0.903814229839601
0.505648042797026	0.507410306921293	0.494737190478227	0.491435254293781	0.490822763319649	0.489805753716424	0.403562318775924
0.72509584298972	0.72427185149371	0.737140322390378	0.746321507389716	0.744212643748981	0.740737020465021	0.826332225802884
0.627779200827202	0.629350584488036	0.631846768567771	0.640325546715687	0.635020766007894	0.636414004062996	0.661810375290042
0.591999433851467	0.593674937368115	0.592053685213861	0.587530477251002	0.593762582496435	0.589464729923316	0.582596036313718
0.467345065892773	0.467602285129964	0.457430849917422	0.444843767013735	0.453570340726933	0.453996588289049	0.338064348052196
0.654835678439751	0.655516849967374	0.662653066538313	0.666895302033391	0.662706311856989	0.661914668089237	0.71546088274865
0.723196349285884	0.725865181471059	0.736625990950864	0.744205905221098	0.742347204309611	0.738987914026397	0.823533253092666
0.503212685975753	0.49894022804765	0.496309269552589	0.484871484643198	0.492310186693019	0.49352071052971	0.370963377295317
0.580295333663427	0.58167356980706	0.576063458667897	0.573598383378029	0.573948244121708	0.573428226423021	0.556382018774471
0.469059889097225	0.469065669065323	0.46067992969308	0.452567542551425	0.456830639065501	0.453553523000455	0.335059438590598
0.572852317751475	0.574692507613872	0.569660107331772	0.565049038886076	0.56735853410581	0.562672869316804	0.545842536314803
0.574798292192733	0.574606525226167	0.570512600470694	0.568968636492916	0.567295745201087	0.567414748638411	0.544677374258276
0.688852605308626	0.686595460795081	0.702074749112563	0.700546084553903	0.698530962420033	0.695499769968186	0.786935476544496
0.596534271335642	0.595232696536536	0.596162900321184	0.595128649243196	0.596973511434304	0.595969641644966	0.594205832196973
0.564783664819869	0.563286438922281	0.563784810488126	0.556358215330033	0.557917843224146	0.558582449570552	0.516261367722532
0.590735938504192	0.591040178381608	0.594107584754112	0.590978451329568	0.588413212705678	0.592171985792691	0.582042475354855
0.660025536511636	0.656958220348409	0.667561222746613	0.671088654498957	0.667206662022289	0.666883567021914	0.726895834097676
0.938202928818484	0.94560006607124	0.876312474993795	0.93121795901142	0.909490054600298	0.911009328962542	1.10888497875166
0.517038664435677	0.517665800242222	0.503951279481552	0.50175720690979	0.50392115855268	0.499515511510697	0.438615783688639
0.45621274047087	0.459260362995736	0.453191147203854	0.435551864339616	0.448773532262313	0.443235711340185	0.313153911966613
0.545705653720993	0.545273935546793	0.538009319164795	0.533803965570528	0.537650212434308	0.53747459761041	0.479801312276157
0.607038027305646	0.607482470641622	0.608698383508947	0.608711848842698	0.608505166545492	0.611356463968494	0.616352479006299
0.628377078944334	0.626372403348212	0.633248948478715	0.633265440146494	0.633925413784238	0.632927285801762	0.663190786098755
0.0899950753800313	0.0858415391325617	0.266508957103506	0.150705279657686	0.191995447188628	0.183931257948176	-0.0342978378829389
0.415098463335133	0.414368793925553	0.411796510527073	0.392761330538192	0.406561785714122	0.400666440868117	0.256211085203072
0.652929582612794	0.651421165336074	0.660037731902009	0.663079344692229	0.660213277057702	0.659903303473747	0.706915917097745
0.623382347383524	0.624368352568124	0.630193831630996	0.633281570609008	0.62628824695486	0.62802251219611	0.645756873973252
0.620201037418897	0.618691435439734	0.625125927163461	0.625419472324438	0.622470943975593	0.622440413824813	0.640622211587425
0.573173780623465	0.576494692689639	0.566992370357904	0.57001845393139	0.568617022369343	0.56893574942526	0.548188700777333
0.585997353780334	0.586276530519609	0.582984116089352	0.577955848723573	0.580235486288652	0.578557491376892	0.560914270063624
0.541010139138914	0.538992345557141	0.535497367270436	0.528898073434082	0.531761562967621	0.53125265268525	0.47223954827026
0.514330346892753	0.513185815087171	0.499531785627049	0.494250360940711	0.495175276994376	0.496913582007406	0.423629957969053
0.644848875278637	0.64173386830853	0.647330756557232	0.649705887757256	0.650327794070361	0.652433725126326	0.698839960525531
0.419819269850656	0.414001969385784	0.41645455078129	0.400357059998355	0.403443513961104	0.40520732844876	0.275174412440133
0.4012578182943	0.394367247460796	0.403399754556596	0.379459090678748	0.390685186607894	0.389254884456716	0.240445276435364
0.597003184040674	0.598214055552416	0.597886727998924	0.598151558527359	0.595850893685574	0.600104791640495	0.598463790456625
0.580608352504586	0.584598830389451	0.582144421814826	0.574172373399048	0.579695605244347	0.579201466920806	0.555221012376276
0.615386208512627	0.612771776406597	0.620606656453866	0.618495903107175	0.616331567771519	0.617190053408882	0.628846694819044
0.590529153009037	0.591753189900307	0.588191637217696	0.588556517186633	0.591431159756776	0.591312313579167	0.5815274225294
0.634594425533643	0.635991154660823	0.643515072473937	0.641749986100197	0.641085429464319	0.641778580866982	0.673811607672894
0.632168773823805	0.627033720971973	0.633965446298961	0.635546707060432	0.633593978473616	0.633066531338711	0.664991981455187
0.69743833890483	0.700704832863951	0.712085734514629	0.714645068846988	0.714007010159938	0.713039706537084	0.780233151730156
0.641460045427221	0.639009638409596	0.646326895335004	0.654210362108125	0.650127204863184	0.646049468791645	0.688217005999373
0.663602298261876	0.659250798183566	0.668396863372173	0.669082790297572	0.667876145225269	0.665915649532743	0.723124876942361
0.541972464906072	0.544533895689238	0.532092035867542	0.525775565717754	0.528679982874466	0.530430069930215	0.458110885638398
0.635381944103916	0.635997231079295	0.640105117269718	0.643458564487346	0.642724757638845	0.643078405071515	0.673937231921421
0.734650238471219	0.732265423863045	0.735091329908732	0.744415535154941	0.740724046494758	0.739986998020017	0.876138912566557
0.718283857331793	0.715294902462911	0.729490120110547	0.737968654287081	0.733892185081329	0.735374167004444	0.830084991296591
0.718405063466151	0.723153324194651	0.731942242901715	0.736704863832373	0.73504594570997	0.736102012546394	0.85397336986066
0.599929256527602	0.597952031403207	0.601844166566679	0.600270017274791	0.603956033502257	0.599293879131836	0.600705874983403
0.760131366080554	0.761218401052367	0.77178684557474	0.787035323499115	0.779479773721306	0.774888473481446	0.891244629333784
0.665692566163574	0.665926940668653	0.679449727622008	0.681063130196249	0.677113370174539	0.676499054066009	0.748539153186269
0.496334005667816	0.497537865991455	0.488460623369895	0.47619165330545	0.483821355498648	0.484587376494257	0.375161550782867
0.5781356833917	0.578324538051171	0.576517069671957	0.573587791593953	0.575974971132688	0.577564323625529	0.557129773534733
0.611049985955001	0.611975870259525	0.611658799110513	0.610595625455652	0.613142020609537	0.609334111290911	0.621841471485798
0.453448031336764	0.453107677465666	0.440931301710119	0.432508923739914	0.437759826862714	0.433701277753048	0.324905888812638
0.608482265651528	0.607508166712441	0.611211542971529	0.610329070646347	0.612453773658823	0.610741571770839	0.618144669498364
0.54981536796239	0.548236849355149	0.541135180428592	0.540824783111668	0.541871491718831	0.541644236420786	0.500091872166222
0.635964232901662	0.632489842418684	0.640763824891574	0.641564034092725	0.640790631736275	0.639803782982303	0.676342275991713
0.642981192716684	0.640803200015376	0.648425009174616	0.647040041721913	0.646437523190092	0.644671844217674	0.676612093502949
0.515440325571547	0.516703797242349	0.506597728610513	0.501501171670843	0.503775526114455	0.502047928053941	0.432861528462036
0.356085725097713	0.351608625285334	0.373827520874178	0.341679681824296	0.355894718495072	0.350129063863059	0.184221694248606
0.503395251670269	0.504258620786073	0.493276912254057	0.481110987186209	0.48814565288472	0.487488223736739	0.405483034688253
0.378492648431134	0.380523251317882	0.393544287253876	0.359508756362565	0.373807853463151	0.375082326312647	0.195880341491039
0.572999047028553	0.570818603010143	0.569399291184969	0.567001890594152	0.565650676354331	0.568045352996494	0.539461889656932
0.429047341555781	0.431395225784648	0.422478043647798	0.404582349042813	0.418401359866182	0.412861743310458	0.283583720286647
0.545345934941874	0.544892075605538	0.536400161798885	0.53626609164982	0.536118875902583	0.536397511839605	0.478656058071289
0.603925402490684	0.60527052565886	0.603109194684462	0.604171814792061	0.606244684230174	0.603954861532049	0.611379696554299
0.656269504850216	0.652436698761145	0.662183072632905	0.667966239491106	0.665371158121039	0.663033227616858	0.731806309179248
0.480523085661614	0.475538393713609	0.479128949416685	0.457064586394756	0.467243246906135	0.469919292202436	0.317953130504586
0.693094702437901	0.688480589883279	0.703661852130476	0.705563184626106	0.706246041893673	0.702532246215403	0.79629246386094
0.587974873550811	0.589624791608054	0.590277378205022	0.583995462215954	0.585631241070759	0.587835001276264	0.578069290329337
0.541823876032864	0.545285957614854	0.534466562755466	0.528603759593788	0.534118977978985	0.530385867624984	0.472053810085555
0.652992091028422	0.654417191679279	0.659651356239191	0.663052527224016	0.657906982651433	0.660198456641936	0.713328826164104
0.516943085049899	0.514850405980175	0.506992359654947	0.501758207611881	0.506092833818903	0.504990559696881	0.440282144359529
0.594185519835057	0.594545399596024	0.592930025199928	0.591399934922374	0.591881732800468	0.587964867813262	0.586592777223234
0.524154776749436	0.519332617089939	0.507861386055981	0.500559901741152	0.503312848990657	0.506892438297803	0.418713353732572
0.0742423417673463	0.0784928958557183	0.268229141248336	0.150797839875705	0.18232573191606	0.182772349250118	-0.0485097990528822
0.572651880655403	0.57209227194113	0.568072594375902	0.569871817287039	0.567360271076177	0.566869887033142	0.542979045588576
0.473973392238986	0.477364353136233	0.458373684316395	0.458012389411607	0.461167420872725	0.458166614052526	0.374548241291243
0.606392108364548	0.60697659331244	0.605750154804063	0.606305159187212	0.606233858602421	0.603847987930694	0.610434765030255
0.399359639907815	0.400382691067971	0.403599864219167	0.38091258809159	0.388064516854051	0.386066375137426	0.246448844775599
0.250354175972397	0.251134385713249	0.328535181105378	0.265008516603634	0.286687895867919	0.290676538671997	0.0740693049977137
0.481771944500899	0.48558642291616	0.474894509479243	0.463283206716137	0.469431012538257	0.465814797654627	0.359435145972242
0.518497227629188	0.518482399942593	0.510555023888687	0.505699800239021	0.505647981437565	0.506259260753999	0.419377957386053
0.651219203667169	0.647309746321418	0.659864106453949	0.661320355152886	0.659442524101476	0.659544539375816	0.706492826464089
0.553696362726557	0.555164929904631	0.549182639191368	0.545909505909193	0.547304353477924	0.549103087860465	0.495306342378181
0.660939770692191	0.659886609281483	0.672958460993556	0.673631650641378	0.667202132895381	0.666690574807353	0.731144348054728
0.705649508593204	0.70920521050448	0.718104104765697	0.727663636807964	0.72065410013906	0.723632930002622	0.814704295795853
0.503599044486428	0.507919103961328	0.498127168770979	0.488354860246435	0.49563326182846	0.494003214762906	0.391567519180111
0.699567329197222	0.697567355429454	0.711574649066153	0.709259046654145	0.712196140955182	0.712666607475089	0.783023574355893
0.853129423895517	0.854589050074491	0.845986798042723	0.871887331891974	0.861515380669048	0.860741705108424	0.99324939002412
0.46486392720639	0.467619482145566	0.460720805238435	0.439054732286298	0.452902052959998	0.445351014007653	0.309995490294891
0.562166218609972	0.567088839631589	0.558065971722397	0.555691596195201	0.553535416854431	0.557836464162744	0.517441421121404
0.479444518090273	0.474137847598723	0.458814291709733	0.45174261734721	0.455750036623325	0.459049688673284	0.351154639142667
0.536791060638042	0.53545495402746	0.523827127664316	0.520162179044822	0.525129810883962	0.530252625147756	0.4541195436833
0.287320607714826	0.290559834126469	0.362828599031149	0.301445504784986	0.327868413990901	0.323393764701488	0.0805959432258213
0.505110239576577	0.501876285459574	0.486919127731179	0.4885952292396	0.487419449536041	0.48994059619361	0.411500121078288
0.684679842905721	0.68092913773809	0.697145013294398	0.698876769986861	0.695525810346081	0.697203613566642	0.781593534413378
0.519283143324089	0.518328291492276	0.511596455329803	0.4993962512514	0.504072840767801	0.508681665674753	0.421497890529487
0.580438974033341	0.578755189529403	0.573773351801905	0.574995290957368	0.575023650253038	0.578120774399239	0.555853827693234
0.622481451490356	0.624092885353264	0.629525097344972	0.628661745560684	0.628308102483872	0.624634819789506	0.654657755290452
0.586771477122907	0.584192016063043	0.578486577983245	0.577367138989033	0.580346802465548	0.577912292636475	0.564469772202947
0.482749081903457	0.479625566614959	0.469199909335707	0.458477476502308	0.465256896003434	0.467394360760382	0.361503863123349
0.530358065104906	0.528197177576503	0.519264776896447	0.516935506590345	0.517807076686504	0.516604647827494	0.456828354931658
0.586760597826523	0.592593611311722	0.585580561091037	0.586208527912722	0.587487734770234	0.585496637446042	0.577452757531738
0.452474244078342	0.453078798392256	0.449828554778097	0.436734646733826	0.437312800890397	0.437709129256194	0.282036833855293
0.546469481558051	0.544843873241921	0.535839371111192	0.534655358727245	0.535867084915502	0.534817695741356	0.491348979838948
0.540581947576504	0.540871887705996	0.527912101519418	0.524663231718203	0.530461623402832	0.529435392177494	0.486869333403003
0.650495566074943	0.656906140498733	0.656370945177044	0.66171493795409	0.665396838470934	0.662988597343955	0.726000088016941
0.754026509723116	0.760240396539169	0.76794780789872	0.779013680516543	0.775214113752379	0.772065271923263	0.890202398466645
0.524780738040735	0.525209066342605	0.513039375973232	0.509908079115996	0.509637133532926	0.51591237393073	0.430320246698787
0.506430668627871	0.507561711004009	0.494677308320969	0.488648118025502	0.489352563703243	0.489341683071083	0.402590843086424
0.565265118872324	0.568484847291051	0.563570868036881	0.559865850003382	0.560793798907692	0.564092889293923	0.528318206907818
0.569944174251207	0.567921425487663	0.564562351744327	0.562804942498142	0.565244886610961	0.566083482594636	0.526367081320824
0.606849049524501	0.604525592660795	0.601664239716276	0.604934329078505	0.60500984857423	0.605479266830032	0.610856540644548
0.69368887326639	0.696969924377875	0.707791886772441	0.712873778976635	0.705978584602931	0.710210265606025	0.797926328267734
0.488660290027216	0.493308761114071	0.489712653996009	0.475976899933101	0.48350701535464	0.477198575083423	0.34067719948889
0.515450018470331	0.521520737202464	0.509435488563333	0.504160051216043	0.509335716326221	0.509417302896117	0.43190246780227
0.690935062208887	0.691793076253352	0.703159849040957	0.711375730604745	0.70403233046901	0.701094794483869	0.797467564286855
0.446706186103782	0.447598643262694	0.434304272755782	0.420559088441899	0.427368203428069	0.427760800228717	0.318336664248656
0.713309246481373	0.712083137607809	0.725931333087124	0.731165985985036	0.73137466981247	0.729419571201963	0.827321284242301
0.754161111906231	0.753396977117024	0.770244382788467	0.77736542146158	0.772391198453257	0.772412832257478	0.873832452856303
0.710675910619139	0.711660195884342	0.720166106576849	0.730983649797276	0.728189405284495	0.723420162242538	0.831382501936932
0.754453661866455	0.754670787653811	0.762235947109824	0.774073132359823	0.769138568453056	0.768373076773414	0.899971240830075
0.538831036227368	0.542452196423542	0.535759304295935	0.529917568546635	0.534773566347519	0.531393278287473	0.470398802167552
0.590466415719187	0.594546756782788	0.594842856644051	0.591918041737312	0.58896205124556	0.59509108562271	0.586893887659464
0.871751969789314	0.866747521182203	0.838247029853543	0.876373397992415	0.863368934222653	0.863619241132382	1.03311348946188
0.435975787028261	0.44014867390009	0.440639253969551	0.416034161924901	0.420685408676755	0.424484806889035	0.268228879947668
0.645005254445663	0.649836060842437	0.653009311166045	0.657234371986495	0.654380517084443	0.651452329456846	0.697507052342802
0.513425761842124	0.516500422819594	0.503994769092097	0.499177494430723	0.502406921488764	0.502049924199185	0.413761955209223
0.560146598874965	0.558649718935237	0.555891083375332	0.550859782956243	0.551552374485086	0.553294116400161	0.504897176648464
0.602802445250418	0.602589456223139	0.601009938901784	0.604875415255161	0.602736381329263	0.605110314526096	0.605456450187542
0.687682767723819	0.689215348217206	0.696552515670643	0.700291022747805	0.701129073118171	0.69856782856714	0.793784437376135
0.480738380382097	0.48506597084057	0.470811613660631	0.463180849399483	0.46431438864426	0.469302641377321	0.357776291997612
0.55779305778161	0.557421430348119	0.552044270338637	0.550930373370639	0.552459815590337	0.551945401310045	0.514406470526139
0.736488253235992	0.735246932584858	0.748854497986787	0.757136115741225	0.753939661173838	0.755002966546647	0.861722606409638
0.524524347869106	0.521748113394523	0.516586032633852	0.508353639801702	0.509647174393791	0.510311005177821	0.440696660384408
0.440767933201606	0.446951317881327	0.44287823869137	0.423129921158377	0.429025088451572	0.43023878961714	0.291015892777234
0.619739500108541	0.620706516794348	0.623290988788503	0.625140583998026	0.624762790901106	0.624149587061251	0.638809792475725
0.478638611392962	0.479902445356581	0.471795792072053	0.464960062695633	0.471465857070184	0.470750491777426	0.350053377286356
0.604883706857748	0.605740446177455	0.60503884370501	0.60690346084961	0.603589623981457	0.611614663809948	0.613523555238521
0.465039616597198	0.463524787161614	0.466538395971897	0.448138562279005	0.460914874724013	0.45773818940144	0.312421873330461
0.552203472603437	0.556133814396807	0.547404524717589	0.543188635579539	0.544903938417624	0.546641639112927	0.501513857316571
0.481642116224419	0.481280431240341	0.46861888457397	0.458395056541945	0.466221267526324	0.464826049336692	0.372351918686848
0.657636909257899	0.656966875790357	0.664704267686649	0.66944637862574	0.665574053439972	0.665902955093678	0.717742791357862
0.308032386653126	0.306997847415657	0.360882175182672	0.312606113243774	0.330079616644225	0.32991766513478	0.11844979033402
0.490756196356189	0.490376237795585	0.478201157519487	0.471460911694378	0.475776385068941	0.474721966594375	0.388448880190188
0.519356178430322	0.518718407461508	0.504710568773559	0.497978589557559	0.506588110877733	0.503946888923356	0.42830136854275
0.607646038066894	0.60629829740356	0.608000292081428	0.608368991132289	0.604538465001393	0.607027472086716	0.615438636525037
0.545832345852376	0.550018544603602	0.541921968215316	0.539554797563581	0.542308500119866	0.541901584658916	0.487774517666542
0.482772359965842	0.483682249838815	0.471545593697092	0.462175303743129	0.468532048689345	0.466728473921113	0.372747364853554
0.674289965900574	0.674213877808195	0.678935792434148	0.692602579859254	0.686617070028777	0.683277011156715	0.769720807866376
0.638512270568242	0.635035819557416	0.642655077726331	0.645698605808967	0.640837144057009	0.641330451338897	0.681284210411263
0.695666964880999	0.69614332155069	0.707421240080861	0.714188933344617	0.708721372676839	0.708892569965054	0.812844226054644
0.653524821823995	0.648608669832575	0.662788579019119	0.658348611518087	0.660952982182358	0.66121104603836	0.702868079654171
0.548444793990914	0.548204327810274	0.541408903847333	0.538128292341116	0.538761071841843	0.541087225747008	0.487479378725145
0.384035937906394	0.384764521824316	0.387597376337364	0.364816338424663	0.37520549789956	0.373883385934295	0.240719232997537
0.577546367830792	0.576359606178861	0.575935771203823	0.572634757061348	0.576946381864847	0.578077408253685	0.548982253912981
0.38089786739677	0.386912034526831	0.407598091552503	0.372771622856842	0.387757307951954	0.384932123572782	0.185102924734924
0.664023230640987	0.665351933691148	0.670651026183746	0.679053539067741	0.675844497477222	0.677896705281701	0.742728149297869
0.570425549055139	0.572901690932647	0.568071277032911	0.567367189461564	0.570030898241158	0.565459211050448	0.537558445712136
0.322365483171179	0.318140135864553	0.339341029860416	0.308665563592947	0.323129966646071	0.321415070559639	0.181845114529838
0.58785867817649	0.585745852516716	0.584569062801221	0.583206847619663	0.586181246246661	0.584914700421423	0.568266010847721
0.523889623485464	0.523139765844567	0.511221714896814	0.50996928536406	0.511960885946543	0.512533134588557	0.4552711967667
0.459569001119974	0.463395974496886	0.456457639263283	0.441543756122969	0.449571204491841	0.452190851620575	0.327018545897936
0.650655420775819	0.653865342947995	0.660067015243179	0.660202588555804	0.661267500027326	0.65881220045839	0.729255001349612
0.617509355406082	0.613365717214732	0.617359873047688	0.620857305987651	0.61926760939273	0.619334488413366	0.634717739872733
0.555657114795786	0.552651091272423	0.546760286742096	0.541875012806729	0.549659553643373	0.54708191590574	0.499830415804202
0.489381404418788	0.485327474225002	0.477728928892466	0.470872190094278	0.471884145528726	0.473885695751454	0.380849029166064
0.77462088741937	0.773829334647519	0.772752341485261	0.791862277257347	0.790123624079031	0.788204490365963	0.938191528264275
0.56025986462195	0.56390474327035	0.555997896845928	0.553863111350132	0.549920401933747	0.555012369751007	0.513783300522118
0.551819973101256	0.550481409133002	0.542729513832391	0.539692327781718	0.543668781006264	0.542131709079501	0.48728966903812
0.511501513492336	0.51295911530749	0.498673373192572	0.493834359030017	0.49871219967112	0.493710716583785	0.422044184390983
0.612771350610976	0.614208921607637	0.615360690535765	0.616598948472193	0.614591502185253	0.613252158374494	0.628940801420491
0.569168428841575	0.571039432892411	0.565807150129232	0.568206826036268	0.571082140769963	0.564350178698934	0.538407589222929
0.601586522497394	0.603862774328442	0.602020362680741	0.602672344918705	0.602615233133461	0.602345870680717	0.602704609615735
0.455637276870087	0.451070650811356	0.439470138286927	0.429889605263259	0.433813196227585	0.433672383726976	0.325299017081894
0.785432887284543	0.78358806043166	0.790400412007758	0.806649831501882	0.800981995029517	0.803421631798219	0.917700553512151
0.513239512915258	0.512498222724349	0.502206279334519	0.499215024404848	0.503512155764353	0.500013124858588	0.429583920900206
0.5967996430732	0.596290806320655	0.596180888459821	0.596109905989817	0.595242283312041	0.596202588329641	0.59356907378332
0.179223275231291	0.172379839162666	0.310937766482473	0.222554081909436	0.24506060528191	0.250282421380385	0.0102928641834143
0.59476857229251	0.59469082657796	0.594750682771504	0.593874021213145	0.592898587311944	0.594363101538397	0.587045430451335
0.690286869654917	0.686920159305688	0.703751928472653	0.710934923010673	0.699921877349382	0.704494331930104	0.785454934518419
0.783587383937157	0.783460673840233	0.795795827352907	0.804167862739525	0.80282954021777	0.798716113237499	0.906750842547059
0.336535719244212	0.337270033600699	0.362796141303687	0.330320313834661	0.342210751277698	0.343842504559106	0.176109337424933
0.621782604390663	0.62226342850669	0.623214101420734	0.628589026084568	0.627861812235635	0.62396740830415	0.652134216190619
0.490067149125435	0.485764780909323	0.474956755989897	0.468201060208288	0.471341309618732	0.472554551596579	0.377408681605176
0.519168804020252	0.517540537904805	0.510285477056531	0.504253333523593	0.503539934630384	0.504973211598728	0.434694027153649
0.533402118474726	0.532768798929002	0.519773290479063	0.517006933991891	0.513835634673461	0.52374035019304	0.449790984381882
0.648072124285466	0.645332108796107	0.649858785109487	0.655796383785857	0.649049661647883	0.65300610784658	0.709967486820569
0.565633412123105	0.569633561163424	0.564040896071022	0.56066147020264	0.562473981025082	0.560552197858912	0.531854344328473
0.494798352382251	0.49456640584268	0.49010940888814	0.477626343219317	0.48070758097144	0.483155767410369	0.367848085794856
0.643036829284118	0.642913003030731	0.64824772930424	0.652083621037549	0.649029213604685	0.651501572895824	0.692460565523096
0.446418989446154	0.441964020877191	0.434353835525157	0.420102317381923	0.427662329494199	0.428425549650763	0.3167111015214
0.610376059878926	0.606625419949648	0.610085853056199	0.614065148464804	0.610736201384786	0.612036189245307	0.622836447112875
0.622747769148212	0.622828285230166	0.630032674252492	0.62829453692225	0.628870787268764	0.632283170550841	0.653458845458629
0.436201820012715	0.432622283650819	0.427610315927176	0.410072341946443	0.420114359052567	0.417511939817206	0.285764757036053
0.532897460215119	0.537949881298859	0.525390063553371	0.519801343987574	0.520907497969037	0.520541749460655	0.451177492796347
0.451138854208058	0.456912518716335	0.445844410101188	0.434281540634047	0.443175800711701	0.439698270923357	0.310809549877441
0.160868725354428	0.154449704744263	0.296694341967059	0.205932805629217	0.234297844881133	0.228470589593772	-0.00141980207365852
0.547565421359047	0.548496710175094	0.540962617743796	0.534295304521088	0.539269215234431	0.537693257834048	0.473514612393648
0.459504482409527	0.449597101527974	0.449731813448132	0.435452207686167	0.440949431307699	0.44372401950839	0.29875907499229
0.634909466789025	0.634489057289609	0.641239239907469	0.642590875462451	0.63905718267031	0.640164860851927	0.676148546575392
0.819633269172873	0.815239071133335	0.808383071643045	0.835536148451787	0.82275326208903	0.829631758866765	0.983761983154953
0.491132245041507	0.494532186435183	0.479521603482281	0.475870359588778	0.477191371372036	0.479321677620731	0.400770265816718
0.30513995288304	0.31106154202084	0.36414596813815	0.313825089796025	0.333703091018972	0.332579404826824	0.11836678878234
0.514766766599115	0.515973754209947	0.503948849587016	0.497864281653776	0.504870771856696	0.502766038978984	0.426895836134372
0.572094374097201	0.57183344207627	0.569000791476166	0.564700656192615	0.567606143328536	0.569969896213648	0.541306333349948
0.721411176635243	0.72479273764548	0.736361360843102	0.746531135129707	0.736318463741579	0.736752190965704	0.835044232169036
0.369437835078303	0.373387677176117	0.383490868798456	0.355597118928708	0.370407016294376	0.363377088250685	0.219735274005619
0.598443965794808	0.599065370610904	0.595685555822621	0.599640736808631	0.594761558018594	0.595764972720552	0.592966715795418
0.636785570050812	0.636379649124708	0.644161742562987	0.646065306459241	0.64062430658087	0.64056783287317	0.68548999042234
0.576260589081766	0.578092349838576	0.570191461090904	0.570498928010945	0.569123498886031	0.574090279288335	0.550105328237925
0.65964189233129	0.66150979784741	0.668956146739334	0.675631167601271	0.672034536654471	0.667846574755901	0.727782405905682
0.485641939280567	0.484212536773123	0.477929132920711	0.465728598810068	0.472310474141578	0.472742076296328	0.351179152684366
0.496519558857432	0.498469604186452	0.483208316002934	0.476801387404002	0.483067819619706	0.480610874254397	0.416458171516853
0.647200058755368	0.646618494476248	0.650778119602254	0.656440002872676	0.65390237421019	0.654724142404561	0.712623527904635
0.553906106733249	0.554360704781096	0.546596438819096	0.546725441119293	0.547075436358747	0.546524353887619	0.501099280092606
0.62596740112408	0.623005519537246	0.626852504249904	0.628063361245194	0.626022219025023	0.631107649605133	0.65291556932366
0.385599692969468	0.3834533331462	0.396271037482004	0.371065707863697	0.381009172016654	0.376926377682814	0.214234988152981
0.599241971855889	0.600267589574613	0.598860386230266	0.594309132507269	0.596259234521332	0.602234258521822	0.599224686287301
0.590336785742557	0.591029168834433	0.592237726132945	0.592441073238613	0.592157891788659	0.593339446545425	0.579618195961012
0.449359449677145	0.44859959188644	0.449499252759124	0.430326986411157	0.43838511155564	0.434327235238401	0.288016481278798
0.557504456630016	0.554706892818099	0.550217051612123	0.549683758293658	0.552638753180936	0.552148672516994	0.509210914421579
0.715260925828575	0.714909010618476	0.728773713646706	0.739426247575916	0.731655172904692	0.731674895016414	0.825734196236982
0.676172816792627	0.679257668483332	0.68621393407585	0.694236084860928	0.689027713395449	0.687551657501767	0.784592728264921
0.626150708842888	0.625581223473767	0.62907126105288	0.629747571348353	0.628551480288031	0.633634904748839	0.658958280586977
0.514251853625873	0.52046121346495	0.508416559843498	0.497351126576966	0.505158278391492	0.503994965368985	0.404900333574193
0.543526032419923	0.536774045659809	0.53241632903606	0.526308252854918	0.530059005614176	0.529946062849884	0.473788998972919
0.586454161540477	0.588549078786556	0.585573307936509	0.583217247040243	0.584444392366448	0.586389600410163	0.568113329283583
0.53121835856169	0.52856806654618	0.523674009518568	0.514599418656674	0.518645067095909	0.520334345971702	0.441398374790169
0.584504719721847	0.58559519679778	0.582560828731435	0.579183278598565	0.582250506240757	0.58215146298096	0.571901024042849
0.588615815124645	0.584681783928195	0.582148190342224	0.5799265553793	0.58216930378527	0.577993814098873	0.56398928927818
0.239121116256973	0.234780265019534	0.353353413177842	0.273136151230087	0.306593588377925	0.298798735552199	0.0286156885582448
0.6857119582706	0.690272857022937	0.698991846650383	0.703366794020461	0.699975768566576	0.70061436320693	0.767221484767825
0.614399696772081	0.614733266089816	0.616530015608479	0.616384990694289	0.617615057440964	0.614881120889188	0.62654070890856
0.610126682407308	0.613838965569983	0.611832633913347	0.611079646182773	0.608477942125867	0.612011602254183	0.623484335257589
0.530196139168115	0.524065962852959	0.517641102052196	0.514243069952814	0.516898974605198	0.512980625691416	0.447073364405338
0.499891022495917	0.499972398942595	0.489296894517472	0.481254668340429	0.485631128878187	0.4886540644922	0.406453226318329
0.621891288836553	0.620780274532488	0.629059780233864	0.629625181517799	0.630634792134186	0.629906303529256	0.658966302054872
0.467101648191045	0.468912926410301	0.451421952362428	0.444145075168544	0.449573681877033	0.449075934309242	0.35498817324787
0.412571738021246	0.410103802086285	0.412300393721412	0.394940176908034	0.400307563250871	0.402054236235104	0.250578723382284
0.555494172117356	0.55606192644222	0.54747474194612	0.544369618014762	0.553219592232648	0.545563942432396	0.496215668977675
0.563017466926891	0.561991808408801	0.556879491268177	0.554005141233695	0.552911468437725	0.55531149370513	0.527785627762811
0.634488303420692	0.636176338543249	0.640609934424535	0.644959558365871	0.640699704658248	0.642070036454169	0.671721457060607
0.653291412559866	0.654584745651916	0.659869218741947	0.665775590140278	0.661072473223434	0.662043385053673	0.710039606124252
0.556524524349705	0.556489602501634	0.551928122912457	0.546061716426094	0.548740601219109	0.552282230271201	0.513390019673201
0.532181847422078	0.530810937517338	0.525797883669696	0.520571705717007	0.52021793354833	0.522984490040766	0.436383188847523
0.613689455821192	0.613043680849955	0.611360264221453	0.615587589597744	0.613470731369323	0.614538699438454	0.621809346432958
0.71612412004649	0.719797955508981	0.724803077559819	0.732461610710567	0.732468072929531	0.728684988429117	0.841457486970879
0.431831150947663	0.429083798057016	0.417202558735171	0.405575231546939	0.407279168197327	0.40992260675578	0.299557177797267
0.575283972649049	0.578440743196043	0.569750247667539	0.568292881476234	0.569683752991667	0.569684933526803	0.545911977415335
0.685305079395068	0.687289436655775	0.695308309837586	0.700130267274235	0.696523185493188	0.694600024226614	0.783238348567277
0.558062524032898	0.557674681133613	0.551721078993924	0.548051303412333	0.548058957474601	0.550524951724707	0.514201406462825
0.479847477886045	0.474213079903026	0.465190547235059	0.452197255551373	0.462976032879468	0.461902595673833	0.354684389488552
0.656456852076931	0.656242709401444	0.660373792734712	0.670018909185169	0.669544809115999	0.665797033628726	0.729345956258848
0.635360129079628	0.635420797939127	0.643504226674255	0.642972939853203	0.641025702742371	0.642964218383715	0.670987022285957
0.53666388122579	0.534313606417681	0.526627722607333	0.51895941772417	0.524086463022783	0.524824114963592	0.434420766024167
0.852316525349771	0.85450465446741	0.811803229575989	0.857631594763379	0.833630953913182	0.843994801738356	1.05255927396099
0.738358158390537	0.741693054793446	0.754705229546144	0.759394799211784	0.755659799471043	0.754278039440793	0.844648423882842
0.544753160559715	0.548613225918335	0.53974306816586	0.537423525949358	0.532694450652307	0.538670044191832	0.478014996434261
0.757672116088901	0.752851950710268	0.761912917092096	0.781803875983328	0.767531516221907	0.768409581097086	0.910552398053954
0.61199600625003	0.610597785007335	0.611010032610337	0.613013888057047	0.612954025427646	0.613448348871102	0.623521865020711
0.457580198542342	0.456500287018189	0.45372907984442	0.436293715637337	0.444940802627476	0.446611589113101	0.302165003933351
0.686227624866063	0.680162324159234	0.69662935548108	0.698240397057587	0.698768902393405	0.704700764908822	0.790550378407535
0.500031039831714	0.49799688967221	0.48526115187389	0.481833272309826	0.480713112691078	0.480878939364023	0.393243075998203
0.450628459933277	0.450906308839378	0.433608433009798	0.426494034298595	0.432551221880924	0.433886290787254	0.332308013082461
0.514297025072021	0.517506013230426	0.502361776175464	0.499469190494487	0.500527232121601	0.503911755598803	0.426599133412142
0.647601115122797	0.648820197856079	0.653560354682962	0.661289970202578	0.658529591255092	0.653125243956816	0.707045455928189
0.543522893520892	0.542495427020498	0.534538427203444	0.527534487161937	0.535787603091037	0.534480994620396	0.473015500115317
0.648938508235272	0.645639077221512	0.654050666905623	0.6523628407115	0.655133684919003	0.655992080465588	0.701345924863096
0.509360383200302	0.510349400515822	0.502490023733846	0.491353330952207	0.498301167308802	0.502750526746567	0.384975078415435
0.554833575354047	0.553503061324322	0.546488650774792	0.545908914206873	0.549675455764884	0.549480894279612	0.508944061151895
0.295233409245788	0.290911543446351	0.353788469714966	0.298763433550676	0.320815748168316	0.319964121384467	0.0993923506292624
0.5692810113791	0.571212327591455	0.564318094078691	0.564184407047487	0.565345026453999	0.568646372265067	0.525009050543513
0.518344757513594	0.523073088567688	0.508078320373433	0.503226349628752	0.50678769963841	0.508957264061913	0.430568321531766
0.455809555738566	0.455751672837616	0.451089424779031	0.433989285965952	0.43973914503709	0.436419315439365	0.326677479067172
0.670952462074436	0.671300028821634	0.688351473582314	0.684649366598728	0.687626928542444	0.68828975772569	0.76007132911153
0.546800142204013	0.545954393784052	0.537293306958677	0.534072897723795	0.534951646203975	0.537812192826276	0.469583009296532
0.469950150741695	0.461908303391178	0.45675924279565	0.442700752274521	0.455833672612531	0.450843048186006	0.333601221570532
0.565328235755783	0.567019445904909	0.559367276191054	0.557971412196396	0.5594238949077	0.560559604211445	0.522136711466144
0.651531985961782	0.649078475019764	0.655161388845696	0.656025822159516	0.653352382064756	0.657990874051938	0.704980005255487
0.547859159061741	0.549919606273474	0.543965999355526	0.532471305248304	0.538553114564925	0.540288685587332	0.473102676410122
0.536608820638807	0.536272017196997	0.529117587374707	0.520368029358316	0.52915261780744	0.529984885260919	0.46457150307235
0.192630255016226	0.200847970855894	0.297613705813571	0.226698819023378	0.240674143216021	0.248421690558122	0.0513794273553828
0.676332937725108	0.679154543762528	0.688472659974067	0.692106427060905	0.692582423810155	0.689988147526486	0.749840853641182
0.373023874374808	0.373276355271772	0.390930276606945	0.36607155267564	0.371992311751864	0.36881048085257	0.191037600824554
0.555696622400717	0.556776355102914	0.552334755272405	0.547461299350162	0.549080429917137	0.548371458862468	0.498191563190011
0.509643503203009	0.500572024425833	0.495990225592605	0.489121448144255	0.497674430997006	0.493433782929843	0.398546953769372
0.761678798138279	0.767549668564055	0.765803199303767	0.785295037928335	0.776341311897532	0.777029655835634	0.928802544940718
0.615995785942437	0.616544741550561	0.614047475490802	0.617092743952178	0.618314444996585	0.61732325181852	0.634359017075193
0.488848674025016	0.487819837865646	0.478571861529524	0.467420831319692	0.476623073863477	0.471914861541899	0.356204286149675
0.415962536518309	0.411156554489533	0.405740608211019	0.387997338069506	0.396989202851225	0.394874631667269	0.289574886297705
0.399838173714262	0.401328233109225	0.397320065018117	0.378594250511242	0.386463068192932	0.385830744001135	0.251115669409334
0.813056171598031	0.805920580485434	0.799731444234617	0.826877448606599	0.812023153654882	0.81410640511826	0.98697538949692
0.492191514064741	0.488555858328798	0.482495993470558	0.471899476695488	0.47998106333096	0.474639445472776	0.370271294854356
0.660132450311609	0.660329161635068	0.668048490748452	0.673778854467842	0.669237791720505	0.668747915009275	0.733365028045102
0.690867509950081	0.689336255785059	0.702553922711754	0.708536064310624	0.703915083255858	0.705453817169453	0.767251866342432
0.559979520633363	0.558711512581104	0.558454480809612	0.549380999784767	0.552510414800628	0.552170026205582	0.507583455886583
0.770358818950485	0.771599585420962	0.778071284701826	0.790652250649036	0.780377505932471	0.781579245776983	0.903451580278307
0.53455281764116	0.532896180092272	0.521137345012622	0.520335323513917	0.516901931812124	0.521752582432497	0.453321571609158
0.725976728827565	0.723607414379976	0.736688983499592	0.746106042174368	0.739371493941412	0.740341176367227	0.826276561949338
0.623916261647887	0.622504029779204	0.628102937957905	0.631019384021879	0.627507081255693	0.630647240224847	0.648378591532148
0.60335850375371	0.600862499234392	0.601294890192622	0.601067342133563	0.602024637270164	0.602809598879653	0.605548718729563
0.641617422621258	0.6426498041971	0.648960084068293	0.647627954527637	0.648995355400761	0.649175093816933	0.703798729566875
0.689586178427489	0.69342851040166	0.704444923224127	0.70933687113714	0.708943322618418	0.706099859980787	0.784583118887725
0.635637174655859	0.637194412147883	0.645269080841083	0.643837753424123	0.644654482656934	0.644457339289334	0.685236610644325
0.653833772413617	0.652669816092165	0.659614817157424	0.659225336859617	0.662172099766018	0.662896397841138	0.727590137545757
0.552810883116416	0.554186506154577	0.547146059280893	0.546371657152348	0.545029511752128	0.544931284754413	0.506788465264295
0.538923742520564	0.541137333476155	0.525571122699466	0.525404895127798	0.529716944089037	0.528211602902375	0.468205407048995
0.57613269146074	0.577383943274436	0.572363164174062	0.573085362405363	0.57370076071549	0.573343304583148	0.54990351379833
0.593376734574303	0.594729943966387	0.596197335383421	0.59155322201764	0.594428464698134	0.595202983519251	0.589482901135103
0.644447521834803	0.639741309633596	0.647970392868609	0.653597568445578	0.650837346821651	0.650348262214725	0.689332698044771
0.468965576642077	0.473461581104985	0.474736421935307	0.456906831031334	0.46114822359892	0.469266600835081	0.306192639774343
0.484850913913712	0.486296948707279	0.472888815459759	0.459692820288476	0.469243437426194	0.470696654297486	0.383294920134533
0.578119477758798	0.579711375359793	0.574014253698875	0.57756986409517	0.573478013703779	0.579485065108762	0.55100612614716
0.635071836356376	0.629636039693459	0.637732431841681	0.642588060078439	0.636747877474693	0.634443128910474	0.685320547479305
0.748869323388225	0.747603028848779	0.759842476317316	0.778615325365959	0.765349236393413	0.766499613333846	0.886290284846445
0.482011029907014	0.476318146221256	0.473826055356209	0.454907994334648	0.466914644384291	0.463679565821583	0.328877354511849
0.480554209794152	0.481684747262045	0.471803470428282	0.460965474660264	0.469456410982675	0.46340856476935	0.377466649567513
0.522027071072129	0.525228344846106	0.510773828858548	0.506445552673659	0.510733660677294	0.512309074916112	0.440452285471515
0.579384844655933	0.574955460467349	0.572193002497036	0.574158931227647	0.574584086972158	0.576359230579687	0.556500220647658
0.757502105561036	0.75798265137187	0.765606175713598	0.780577365310887	0.774566510376801	0.775511120582058	0.897963622764181
0.571388515760224	0.57416542382144	0.569320787325416	0.564281219171968	0.568131197435265	0.569847210475653	0.535309256651855
0.888631776315522	0.889648680985245	0.866434446960234	0.901350617114455	0.886314344050307	0.887050609651746	1.03227878147576
0.443578485081416	0.442727008853567	0.431062106420815	0.418588545395031	0.423580770873137	0.423252162941341	0.303048029546264
0.385079237789579	0.382192119554768	0.392062134708607	0.363605259564017	0.380538005124604	0.375603041624334	0.22056185017396
0.560237583539884	0.56213668521291	0.559286634067809	0.554655280259216	0.559423007606892	0.557813756556815	0.512604312413712
0.472902419654104	0.477492979129449	0.466973836709969	0.451605759428111	0.460319154363525	0.458308591525499	0.334286855359676
0.64452254864025	0.646149901797952	0.648624662262621	0.6522613420348	0.652144064547488	0.650620793479622	0.701027311284812
0.649471269045402	0.645279218517061	0.652706223476702	0.659069901821607	0.655333917537892	0.657992167930669	0.700891459653725
0.588293604134704	0.586626838277238	0.581078283216754	0.577153055910739	0.583043412532876	0.582798176570448	0.5688251106733
0.653968421515778	0.650467201981449	0.662486518444228	0.665287311602396	0.660784075852694	0.662134596317599	0.712964581822944
0.764068685847183	0.75739878299717	0.758715413149603	0.779177605333123	0.76869048511374	0.765906416954495	0.930907663015514
0.589155557504512	0.586476256159707	0.587398611140996	0.582761664170729	0.586018661964886	0.585990656924966	0.575701649123304
0.492375670903846	0.494836652966122	0.482688036747402	0.47718841280205	0.484157796317321	0.478546113566123	0.372999561475793
0.756868896462731	0.759612303443368	0.771932612032574	0.786147239635684	0.776834673665707	0.774642675623387	0.893787947680119
0.588241549695198	0.588048572982182	0.584118031593819	0.582840831825378	0.580406386901736	0.581439460545375	0.569606626344883
0.503956394457767	0.500154144493673	0.503732065241597	0.491122328604014	0.49437534507934	0.499866487702533	0.377432652737556
0.252744919415566	0.251734682552213	0.324657311953882	0.266154229434903	0.288079128427764	0.28117889115888	0.0858293517797732
0.601077443741524	0.605350134077586	0.603148194215114	0.608339270566328	0.604946011152223	0.604975902001852	0.611161619096851
0.532944120430501	0.534549583698295	0.522815117504026	0.517238628926967	0.519569863746099	0.520327085754293	0.45228581934732
0.615106211834212	0.61605169631815	0.616373624080433	0.617884352725013	0.617657703556626	0.619658314177214	0.628321693600673
0.138795699441786	0.132195911790756	0.260894653471666	0.182828994684977	0.200194025663649	0.202970338065855	0.018026329801326
0.386678907063582	0.388565332694892	0.388812655486224	0.367629544061704	0.377369316541954	0.372511561044444	0.246258374105119
0.546146629782507	0.547770791244882	0.541153488948728	0.538622405118253	0.536877360071839	0.536773321941545	0.49321994838985
0.632635498365379	0.634790786614225	0.641281202141425	0.643442883576757	0.6394385070967	0.643943936121374	0.673935394804577
0.590787500036831	0.590337075459569	0.589528890747863	0.590654711182107	0.591629255924798	0.589891858925654	0.581759606876795
0.68412585251442	0.679153268873025	0.692614931140959	0.696075078286445	0.696347483872243	0.695315619905958	0.774646710441012
0.602052414348921	0.601160030464575	0.602081051740862	0.598876803396311	0.599213808971045	0.59827924337704	0.602405326133041
0.6819494294481	0.685788899201693	0.691121470090156	0.70067414437468	0.697814601354003	0.692128147452688	0.792525072392376
0.583132198767673	0.580103634021416	0.574787457467778	0.572631026651727	0.57958547643673	0.578069549433937	0.554575161636729
0.610113012818033	0.614679799930847	0.613296504408714	0.614742646847759	0.614524426195362	0.613926802109608	0.628437393545336
0.598890899367936	0.600353408408077	0.597479397143017	0.597394773671312	0.600970616203816	0.600898295041205	0.599180196935342
0.527564453768966	0.524951158171618	0.512801700920848	0.51182666551254	0.517575857503842	0.516200652974947	0.451553944931597
0.469332303220142	0.46894124786972	0.456142029636979	0.444230056786896	0.452037678275845	0.451852280629759	0.351819439166545
0.442921472920072	0.445591306796838	0.429534004700739	0.419933664231467	0.424280804980671	0.428425895865668	0.325809895996079
0.653171509906745	0.650457234013568	0.660251907366072	0.666165361779774	0.659178958602	0.661073990935023	0.7183660677556
0.603401258163618	0.601957931268178	0.601214734059074	0.601911070960699	0.599483096071559	0.605489733178285	0.606249537038129
0.603013656953999	0.601272972978082	0.600360991740125	0.59813103057781	0.59948086414807	0.602091524421981	0.60074022638025
0.661198737625468	0.661957331436039	0.665831627701069	0.674579809330831	0.67667617148328	0.672727114374096	0.738522276590567
0.671283674347642	0.665546781317919	0.675191030769129	0.68163203521908	0.675141647605472	0.677641329172516	0.755597281411627
0.648981831045831	0.65250938732365	0.655558818342362	0.660188252924035	0.661017105931771	0.659849081128016	0.712293840708191
0.599252612896137	0.599167662750907	0.599306273651415	0.600701425268008	0.594036948626794	0.597665984568044	0.597634356749264
0.516883221072961	0.512452779209469	0.504503016271223	0.496399487282687	0.502219349301272	0.502085803861141	0.417734517999268
0.546599203562145	0.547300385824885	0.538516689046991	0.53408068333289	0.539466362611576	0.537049749615113	0.483784442357654
0.487565598777607	0.482948197921477	0.480096624820135	0.464718926217524	0.472417982262104	0.474435050531965	0.339145469986586
0.563246023731788	0.565153470842805	0.556860555997271	0.552985413951922	0.558053002525384	0.558700326975799	0.508086062241619
0.676200716144402	0.675917834247259	0.681600244048553	0.692735949468787	0.686616312007589	0.685222650873468	0.768236035263151
0.820705467349172	0.82369181048619	0.800045661618041	0.838188372826573	0.817688239783702	0.822193686278578	1.0068223700942
0.537710969165608	0.534930496176248	0.526144201164917	0.525552722496382	0.526436257456636	0.527977349414468	0.465846817269719
0.676523065130289	0.675956727401638	0.686453532321357	0.691826543175715	0.693789719894376	0.69066442630733	0.757191539475457
0.561430338190045	0.559593054227222	0.552454753838084	0.55562861889935	0.55455985347261	0.554687820083292	0.51229458148665
0.65072317543478	0.65131267655611	0.652680980872054	0.661374025273412	0.659592465078981	0.657230020259801	0.701642736107107
0.326172701515449	0.324713456424642	0.345385188433326	0.312656760047923	0.32628402810548	0.32756664359885	0.178001828574774
0.451556049433672	0.455531562932363	0.452157049186434	0.43502962237948	0.445281877729906	0.440843074535637	0.300891074848793
0.515858025310875	0.515280700443369	0.512947076744842	0.500850078651438	0.503412825964643	0.509211684004421	0.401821260359304
0.609198938875956	0.611220940039676	0.611707671161902	0.61228806265698	0.609219991032875	0.610357233417216	0.619760507306515
0.588363178858124	0.587172675538133	0.588836997245238	0.587273166896901	0.585103671377576	0.584920038737379	0.572941910352945
0.76942462806841	0.772729839397057	0.77561857118865	0.79258815491796	0.788275069564522	0.787435950564529	0.902517989805388
0.499373528054695	0.501519394607388	0.490685554731711	0.482763976722474	0.488032594252233	0.4841045029552	0.39493949420499
0.356479509106448	0.350348757502772	0.386411058912055	0.347434583510003	0.36497092117731	0.362290332902058	0.172457980960163
0.596520291416518	0.595605133876523	0.597504374230081	0.594322541469163	0.595201380727434	0.598282618976144	0.592473515885544
0.584922214697897	0.592334477881697	0.588427269517452	0.584766117640658	0.584892355240046	0.588626781751077	0.576379827140231
0.6112238034084	0.611605746062926	0.6148234479379	0.612985459378094	0.612428539268441	0.608726582611365	0.623173318875433
0.593691992442325	0.595828973688379	0.59535724692697	0.598798686495063	0.595153373832417	0.592326106145773	0.591854083077406
0.433830577156004	0.433428964549059	0.429604253514132	0.41411856142703	0.41721499500153	0.420682417559613	0.279566372312194
0.716468004560424	0.713178593079679	0.717091465294676	0.732889012812382	0.725574002186906	0.726604694615402	0.856120026979351
0.431319393431751	0.427073081849145	0.431661469388999	0.408741762026256	0.421983286879152	0.422242767864088	0.249000799015648
0.585733032674772	0.587922555144495	0.583813434238973	0.587638952078393	0.586840206280028	0.586114944630147	0.575181156786121
0.613043799898599	0.611599064127544	0.61442427948997	0.616349547634981	0.613584310569905	0.617700660459908	0.625450191576842
0.633834508786174	0.632925137307257	0.641191907436503	0.641778196492783	0.639311192175807	0.637877861010957	0.667420298831546
0.715172936057716	0.716911954097112	0.722930903428249	0.7330915980857	0.730179944890786	0.725342313413166	0.850988933395069
0.615219615979868	0.616018079123495	0.616567529814663	0.618110514604283	0.617019374170244	0.617969021072382	0.634529621321151
0.596753643418764	0.595484707113396	0.595412109725422	0.593399594739541	0.595342268409751	0.591500204440673	0.588693874702539
0.476388328582905	0.477500006416659	0.474891208854421	0.456965983772574	0.470930958362525	0.469714722996854	0.337130315358411
0.408345385789931	0.405862063147127	0.422299614985819	0.395107261583987	0.405780791500278	0.409827644248526	0.216293437394981
0.582484136349083	0.585495316349963	0.581574958926404	0.579670082289521	0.579861562342151	0.579244048340806	0.565313117818311
0.743877512961268	0.743325340899977	0.746694063631301	0.759939124043279	0.757457777770001	0.75686273450839	0.904151066332135
0.362201312484461	0.359764651775165	0.355072859894344	0.340317982308973	0.350073200218635	0.344735012928086	0.259345435127958
0.660105693575885	0.657697508287338	0.666230630888047	0.670686635948406	0.670295764442354	0.665277413096929	0.721331671378657
0.543387893507386	0.544506389091067	0.534984413786453	0.53168881137906	0.530580994287897	0.531329739744788	0.476204402196623
0.546776771433733	0.546451218602328	0.539324794830566	0.537498831713773	0.540014390390208	0.543080565957849	0.479679217687069
0.64122100888067	0.636931546999798	0.646950826833728	0.648320728997699	0.646645777054068	0.64850078593692	0.690283410347108
0.657125587892742	0.655956485732565	0.668754250458741	0.665639338940908	0.665396173977843	0.663554779691816	0.707596640977612
0.464945070195467	0.469872695300542	0.462020280659283	0.45277496314924	0.452726331955682	0.452803099210063	0.336472534165716
0.536570697375722	0.538781916677807	0.529255868512162	0.523837011704412	0.529468162739603	0.527529253619573	0.470390098488599
0.496292771971852	0.49266942871495	0.482284901741746	0.471894324141054	0.481217645191173	0.478621838266274	0.377357022007131
0.548684526927767	0.546972910923126	0.537966995497641	0.533791941463516	0.533601910559047	0.54006698919316	0.485361131451022
0.639100630505433	0.639651096648555	0.647613117332674	0.644140727074866	0.643653832260537	0.645792772253846	0.689447663732743
0.506162874629574	0.504976999091064	0.492020875746962	0.486271428096872	0.489998902404104	0.491710676905318	0.395621986160294
0.510055393243604	0.511144371770053	0.495881431130366	0.491883537175302	0.492943970774926	0.496858780836471	0.420293077354675
0.570784699070035	0.56609407463729	0.562602578506772	0.561875404409762	0.563674838456485	0.562746504971779	0.532970939013339
0.643844193800233	0.646073601846508	0.654891945218474	0.655202256193158	0.65068895334642	0.64754877222329	0.688149907021171
0.678422231327719	0.679411219728158	0.688089476895013	0.690947807335407	0.69071469134854	0.691165309641288	0.761552233254509
0.702436399863677	0.703178768123451	0.709438638040444	0.723885809300826	0.718535992543045	0.719950944459283	0.835648657703611
0.515640000972929	0.51280124182598	0.504980678464807	0.499050972577545	0.501139803243248	0.499647812480782	0.411750554046033
0.542572885689099	0.544341131957863	0.534771573813052	0.532667907299784	0.531858908855411	0.539225489816177	0.469820780578504
0.744778119804522	0.743603377618359	0.752018036731015	0.763010396482495	0.756271453418968	0.756248087664977	0.891623013961201
0.768419291363454	0.768770602136155	0.777025580333537	0.794277760677829	0.78267385219238	0.785765805996522	0.91819231484109
0.558788205436371	0.561999506767988	0.551528280922965	0.552170236811784	0.55152249543053	0.5497858548818	0.518323888251074
0.457718010421561	0.458196712901312	0.449784520398881	0.438840571625376	0.444699284504059	0.443986903232683	0.33521826690805
0.6788888249526	0.681050683827778	0.687431980807433	0.696491502278404	0.692727739422837	0.691771151225377	0.766102864362532
0.603102362256424	0.602898738466028	0.604964775566703	0.607082710658865	0.606049356748491	0.602777071727639	0.609308523247343
0.493495400371463	0.4921317637688	0.479784882854924	0.476904854655448	0.47736550058756	0.47978195389792	0.366318141173362
0.580938674833293	0.583787873165538	0.577675461241695	0.577505844259706	0.583236383887505	0.581593504274556	0.560578471489232
0.590028651106806	0.58628500795686	0.585022120143169	0.583026944754378	0.582248592250477	0.584534288576751	0.572317794541401
0.628074874443914	0.629707539055339	0.634624804008852	0.634460683248389	0.633209197649439	0.63566790797337	0.656663206537541
0.700253452325519	0.702769016081333	0.708233158601652	0.718961813210376	0.706180375137902	0.709813199856943	0.837231153920474
0.68565329500009	0.686659696902358	0.696607230076158	0.69970414064709	0.698194713310219	0.69911943620951	0.756489594042508
0.486198947048736	0.484671043996	0.467547582110631	0.460628486803648	0.469592605334076	0.465279938504507	0.376588033382968
0.718877571166486	0.722895676227525	0.734439360299083	0.741023450962836	0.738708810496451	0.736604574516884	0.846640230079479
0.631135487638708	0.630924639479839	0.631341414621937	0.634696851195216	0.638629750580999	0.635871853978486	0.670970102858681
0.0925268557712696	0.0883473516708307	0.255946871064067	0.148880337583395	0.180194792171323	0.175451150050566	-0.0225859243006783
0.530083266176333	0.527390795308044	0.517234122694774	0.513586968881788	0.519013563665465	0.515353890780472	0.464614775738756
0.455354548056612	0.454864659423597	0.448265655239768	0.435673767852586	0.444559703856765	0.440866806677961	0.311222784807902
0.610916869612734	0.61264540538006	0.618860040103199	0.61600411980804	0.617093537395846	0.61903690818646	0.636270442320907
0.635901338315149	0.636758354247668	0.637946623590418	0.63933050167654	0.639647602134094	0.639385116538662	0.679113111608515
0.667398133362789	0.669313283440868	0.675908798028312	0.682900162996889	0.677606059220016	0.680114097832857	0.747082446742113
0.575633084595009	0.575353747217233	0.570155355925957	0.57257801160672	0.571412589730885	0.574921470914064	0.554040886719362
0.594095708667665	0.593543589143945	0.592310158302121	0.592829178225931	0.593431930163234	0.592563349565447	0.582686907057208
0.576606988112665	0.579356740899332	0.574366090183822	0.572385988688681	0.574070063952437	0.573013880045179	0.551727358075914
0.899475142562922	0.900091136076936	0.859864216090556	0.902323976621933	0.884527296348634	0.892040904300793	1.05852621256841
0.739952712972666	0.740665688400297	0.747152088284225	0.759089204814159	0.755568219401747	0.752367933527393	0.87638245964735
0.660237992135802	0.659429764164814	0.670202800451111	0.666614130879698	0.669162121413405	0.666947721011596	0.73710265210293
0.530841130638728	0.533595975224388	0.522241108748975	0.518366374374387	0.523682212243942	0.521950403619487	0.458496201163425
0.463126906801984	0.467691532487133	0.456400372920892	0.443267237113475	0.451802600003875	0.451249304203777	0.334588213292471
0.569030864742169	0.567856807593632	0.561945770703212	0.561627336269255	0.563747277470431	0.562886891549164	0.531223800168875
0.480794163972292	0.482373660251582	0.468697376580284	0.459396380154709	0.463208027906091	0.464739828901621	0.37954584414107
0.481139208585914	0.478298964102488	0.480750997327222	0.458629291534084	0.467318429097902	0.471479402639407	0.322921556822384
0.498451426848518	0.499891597491173	0.490897217763397	0.484341298634603	0.490349628615826	0.488239338434275	0.376365395557877
0.502188165416914	0.49672511112802	0.501760990461705	0.48604715294877	0.490421617663708	0.491619227726524	0.37651916571147
0.548757058315027	0.542719419938211	0.539510373141175	0.536880109742858	0.537764391534857	0.542445351669959	0.494894048068836
0.52742984032607	0.526651891113644	0.514064980812813	0.513501355231919	0.513838446632115	0.515197486340973	0.442690692450834
0.467547708784489	0.474618636097328	0.460585921579119	0.443433963282648	0.454579398713859	0.456102664614811	0.336140107052367
0.695705952730667	0.69838992556491	0.702336054418844	0.714251044109078	0.706290836833035	0.707349907979686	0.810868672650561
0.636095428427498	0.632245013551217	0.642605806786302	0.641422850373774	0.640258368310337	0.638027658917949	0.677212142491226
0.422740501578538	0.424451497330117	0.416398951648554	0.400587552254132	0.405695624910531	0.408990652498213	0.273516451079423
0.569407443522477	0.568956362894506	0.561369326396986	0.563077010997739	0.562915473808721	0.564061944641442	0.537813439051321
0.590908354878822	0.594028397932756	0.590701345516466	0.589878337191679	0.591495426272516	0.591199158857122	0.585129049521231
0.595592841347279	0.597912994586446	0.595832911640771	0.594256081629659	0.591397472872902	0.595087838479968	0.593864270232982
0.587562053191108	0.589683485256843	0.586529742890159	0.586878369804469	0.58658424143316	0.587898451485754	0.573544666591971
0.520930520289974	0.522030879798299	0.515925279369458	0.506517554535813	0.509792955141962	0.511193249311229	0.425122162673743
0.450268532040813	0.448879432421856	0.438475810429496	0.426109338046985	0.429104545801917	0.430784843242541	0.316102596030755
0.63409528121523	0.636629006681162	0.641771743880321	0.644840612775753	0.638707652080605	0.64184439159799	0.676863865445703
0.594454892040638	0.595495112381864	0.592249239575142	0.594240764234884	0.591549312343514	0.593654564673456	0.590102364531691
0.543139081120621	0.545297045705166	0.535915683290707	0.531933043973188	0.536381935050318	0.53686341470673	0.460802356644425
0.639316923312147	0.639250718426577	0.643455705665422	0.648462141117332	0.646069505071139	0.643237116773633	0.68460613596928
0.586140017210853	0.586515699323253	0.584602498757271	0.581803381682206	0.584009742136426	0.588326134172668	0.572955480411763
0.60968410064608	0.61012448384613	0.611979236381039	0.608401777933421	0.610033141624185	0.612724573810657	0.619344841799782
0.558811950022389	0.562162306570726	0.551763366268811	0.54894925896408	0.552277714301614	0.551512196343667	0.513247292665766
0.624143788204733	0.62528019767479	0.62989559220956	0.634774863098524	0.629779596338633	0.631862886374609	0.659389007608527
0.635157408158514	0.638829378876673	0.643136563586211	0.644618065944022	0.647889092168128	0.64038327915171	0.690447376474174
0.435919882831813	0.439988649860217	0.433051128848358	0.414010055329868	0.421630682911215	0.423648744474486	0.279163024964173
0.578683040132397	0.57904569619013	0.569494320463604	0.571068289222441	0.572745358169035	0.570702759362412	0.54656860534983
0.486206466132134	0.488570321108945	0.467573608449818	0.467877908817054	0.469968085401337	0.470099305291747	0.403109229180746
0.647757232728373	0.645656045522969	0.64966855308896	0.657842296475812	0.6571053861696	0.652479951142926	0.70664034239662
0.508958286660689	0.509782687817404	0.504466021214472	0.49776709964776	0.501939515857089	0.501054371802388	0.392907058559109
0.575035966722038	0.576901533745803	0.570301441713539	0.568812945101749	0.572125733660203	0.565133521816623	0.54740253659792
0.435523164256515	0.43634211345477	0.426407635305986	0.412812126467376	0.421466173234379	0.422104775432013	0.307886880882066
0.602594897942448	0.598301451527018	0.599454758997738	0.596430616626251	0.596776320247269	0.600692724725839	0.598542611522974
0.341830085142248	0.3442090097465	0.380562176093361	0.334000858449509	0.351611233152097	0.350791676385324	0.147823096021516
0.509243644675389	0.510968300573049	0.501743175284484	0.495927107220385	0.501841648624418	0.503056619925478	0.410261262554733
0.531843551814196	0.529676067790017	0.517695118424009	0.514960966221663	0.519083921302784	0.518990461389672	0.451179975515022
0.738405119786952	0.74099142025087	0.743486887633653	0.758421110448701	0.75552991764069	0.753640027267061	0.874164599896902
0.798321984759231	0.794771410045977	0.788509635799488	0.813154726278693	0.801874864859249	0.803460093552606	0.97559145605771
0.646307074779918	0.64910766094659	0.65631223282418	0.657791173650086	0.653128921572664	0.653274113137313	0.712563053582603
0.672707836855582	0.675771373900113	0.688627068615282	0.688771439978928	0.684373978368185	0.689739875345786	0.738104728516484
0.384149861570073	0.38340598710771	0.379313530323114	0.358002921623852	0.371034555934946	0.370807747464591	0.240930454012359
0.463606226845905	0.461162642451556	0.45151772000931	0.441599199636246	0.442053685418894	0.442346682336316	0.34497958930046
0.663985918500266	0.665503360876737	0.67266002961231	0.676329239919049	0.675353074458225	0.67673373419718	0.73691000297552
0.411179084550802	0.408960993037935	0.397786709115152	0.38278866707942	0.392664114586424	0.393742293376761	0.267578044508446
0.668664536614674	0.670623046545939	0.677059571548837	0.682497847908019	0.681218031297141	0.680892480174326	0.772149375842662
0.517241859041577	0.519565298016738	0.507569221804491	0.503063963582834	0.505883765497049	0.505995520991383	0.435399869667969
0.554110753366771	0.553550279080168	0.544732947571245	0.542506133036082	0.544952484126431	0.546549942320996	0.491775298377401
0.580328293772018	0.58442708955927	0.576012295485978	0.575927533956451	0.577776387014561	0.578577020292464	0.556895974702835
0.579468935495899	0.580643754987343	0.575929139988145	0.58063805068218	0.576451714872604	0.579080102400636	0.555517962472152
0.341288691298042	0.342293987179997	0.376107048000771	0.32995160042512	0.351247217180433	0.347712702618263	0.152620441638734
0.608245785982868	0.609361123399986	0.611612356818066	0.611588310425979	0.611808465557962	0.60926237497499	0.619917549006984
0.623172068577725	0.621466160823199	0.622629777144459	0.627010777300641	0.625194913129745	0.625978010120165	0.644025934016141
0.520229288953388	0.520862592226725	0.51114402306716	0.506220862833786	0.509006618310119	0.506903927929537	0.439715734646314
0.632452898367672	0.631327877682758	0.634929098326026	0.636760849893329	0.638116198879118	0.634276005604112	0.665281711547791
0.494353720052492	0.496876907138756	0.486645263648553	0.475299270587074	0.483722193656563	0.481091786828629	0.382849798956124
0.66547699087471	0.666584206503123	0.670722068918119	0.67566500624411	0.674455722147798	0.675952631722022	0.7539681884551
0.546562040191146	0.548227703494596	0.541037180447215	0.538082794817437	0.541010617947186	0.539059632286374	0.480958912387804
0.189766355000592	0.186962532595069	0.28285695756905	0.214830527401354	0.234533026876078	0.232676456561213	0.0553348093604387
0.602809305707113	0.603668454333138	0.606751490295442	0.607680313905713	0.605693989427406	0.610812578083656	0.610453121011721
0.591854907302914	0.593487587885776	0.592031089495151	0.593388387059423	0.591889119642198	0.595116028314511	0.589153591101848
0.578976696320928	0.580367360105789	0.574647693389523	0.574103995336699	0.572951274096612	0.574364747210623	0.555108790522575
0.690776411447356	0.687248523117339	0.696815154455591	0.704183235325403	0.701512240986637	0.699130167267318	0.779615517094135
0.520894311024232	0.527314212240203	0.524273097264604	0.510106727634703	0.519016317511912	0.516044110984568	0.412364743195021
0.511829511249657	0.511604289774123	0.504114013414139	0.498411654709558	0.500902658746284	0.502413205946458	0.424167926786443
0.490938472417842	0.494152512948328	0.477137477295503	0.475002311029905	0.473916295752694	0.475732885504548	0.394382693562204
0.39327636171469	0.395641393246017	0.394504933859469	0.372127658612984	0.382227305448844	0.379938460489938	0.246722543000914
0.460549678450099	0.458606075843097	0.451102458136772	0.439501317432401	0.449783383946649	0.443715625334469	0.319859267643838
0.755946188968361	0.762213255360586	0.759520836745592	0.777937579484841	0.766799790297916	0.769174984376	0.909372074883948
0.458083791414623	0.459718690355763	0.462240016523714	0.436418194737334	0.450104259927223	0.449757643933877	0.293471390197824
0.590103357412819	0.589836371979817	0.588547120262326	0.588468449688793	0.583535821391648	0.584028711729611	0.577372431697223
0.148793145011584	0.150775983243507	0.290635375222486	0.197852304870379	0.218267868233783	0.217858084131959	0.00515530896587103
0.663621603028918	0.661839786029171	0.673491642633978	0.676851826864622	0.673376440527598	0.676775028912986	0.731137712296483
0.334370885311449	0.324216024712484	0.359487712430414	0.322729860193414	0.338614184883814	0.335779866550041	0.155346520689767
0.540635766872389	0.543393198091398	0.536877919179629	0.530998222871322	0.536373050079345	0.532459196908153	0.467521206870301
0.880447386415114	0.885971991370734	0.83716041582468	0.888964436953797	0.871758142532847	0.871459307461667	1.07152369456567
0.549333204993749	0.551479879688933	0.544133150306686	0.539986709628787	0.544972135839285	0.542321100118479	0.489642839195375
0.578977857353223	0.581464418654233	0.576255672918632	0.575049875664901	0.574868894149687	0.573095651515982	0.556776641855954
0.497815697334239	0.501613260495988	0.489197293457701	0.48284156748856	0.484921971864457	0.486976556920103	0.399563399922633
0.489367429473861	0.489355924987069	0.475164772216458	0.469463631600452	0.476168198915536	0.474027616590861	0.390858124636131
0.589027411726432	0.588711017032005	0.589333272719273	0.588818137879009	0.589980792660868	0.586311161915007	0.578279277658519
0.518494812571757	0.519866496831453	0.508859643948142	0.504276458636477	0.504609548080948	0.505771877518178	0.43106454268015
0.599866785920698	0.59562367187991	0.596839892380964	0.597620720708382	0.596890478217065	0.595079214121161	0.597364047035044
0.580041447897281	0.574722738465725	0.572248185779907	0.569330882899543	0.570414482533339	0.569949060895806	0.545995120947984
0.435200374170044	0.435734725167869	0.419867157246123	0.409216799706211	0.417309083885581	0.416054898296029	0.314006630110046
0.551802486576157	0.54993529923978	0.546620929224683	0.544750388146404	0.547645594894636	0.546851728575163	0.507238879826747
0.479929916258919	0.478727513500559	0.466486104370109	0.455863466130897	0.463301651331125	0.466420589599016	0.358230772650186
0.550025133352312	0.551867886382285	0.545992411179005	0.541477654570108	0.543346787112447	0.543351971554825	0.500075026664927
0.388864146918067	0.387522856341751	0.398813915808141	0.370921918603206	0.383892004103713	0.383623884972525	0.214832541634756
0.572209923319866	0.572736800095103	0.569374034542654	0.569524424648799	0.569955689623132	0.56974496391156	0.545352753391915
0.632020716696368	0.631192597176283	0.637763392268102	0.634833721813329	0.635855033168977	0.637840544023064	0.668582555167096
0.438131152071169	0.437102415365623	0.426937191441688	0.417557667110355	0.423600536804125	0.422848615355178	0.297788962692473
0.563585326166547	0.562755227610401	0.557217534856456	0.552685203277803	0.555391962724399	0.557056355018493	0.522867363800326
0.602251803962365	0.605011315614245	0.603286126438348	0.599482958199297	0.601507864709604	0.601988556785503	0.606190556627007
0.691331299723691	0.691721838666707	0.705425509803881	0.708000776013342	0.704195867519705	0.706185112226785	0.763591034777202
0.553044841261608	0.550774529122746	0.546427126696912	0.544117003165738	0.548914893714845	0.547999083546145	0.517306542895978
0.571753020327669	0.573042114373108	0.56712419324714	0.565235232395908	0.568067648637095	0.568279113281314	0.543397007955756
0.58024468340256	0.579651688174547	0.579697995835875	0.575360631846966	0.577149424319985	0.577292438882274	0.560745797373083
0.586172919863222	0.583258584265609	0.580280718240776	0.582855310963966	0.57790970353811	0.580614710909487	0.559037730484838
0.583631187331778	0.587808872693846	0.582014702522093	0.582985021558268	0.582057465460918	0.584847304823487	0.567679889977093
0.481777922269852	0.480223088154189	0.472086560402729	0.457990523215273	0.461574276304473	0.463525684400835	0.364802862712882
0.631930998840817	0.630442534131097	0.638435624741951	0.63573472556069	0.634827578162852	0.63826068680885	0.669836121652256
0.473930362767792	0.471168136461867	0.464666597231312	0.451902963838782	0.459049444757763	0.456868691377833	0.33769781992756
0.491758294937062	0.498556615775217	0.485743231707125	0.478242505117372	0.4845762024335	0.480060847007763	0.379584155243422
0.516232960843074	0.515868023915766	0.512817610830683	0.507096577660481	0.506271507026262	0.511754509744729	0.403115823580558
0.546572982416636	0.551848172812811	0.541006454887795	0.53954872173845	0.542014758554971	0.540049563835091	0.499314628294724
0.452347260122119	0.446790447359235	0.436723977192682	0.427144707602235	0.434790251756555	0.430499634379306	0.325834565597157
0.528330451532225	0.529157946014206	0.52117773916301	0.515028791032864	0.520606128342927	0.517333653225722	0.426443869888198
0.373476532750549	0.374030394712322	0.381772812894074	0.357520019144292	0.368609211913533	0.3670340336242	0.209994315097374
0.430819253704451	0.433794734101953	0.431481709942566	0.413897219037838	0.422304739122133	0.421175927795948	0.260925351196755
0.685255965381326	0.687831411451381	0.703276727707681	0.706958615209992	0.700230456087021	0.703936847986601	0.78123435226087
0.668382308020006	0.669345454252854	0.678303568885633	0.678034464011766	0.677761106873651	0.677091469344366	0.73131843375363
0.581735890338535	0.582883347930547	0.577139778248672	0.574038768100742	0.572929967706721	0.576788393865718	0.556341093063052
1.07241835662425	1.06367529152356	0.913475427565249	1.00809227981069	0.983810520654574	0.982218184768452	1.21950057585739
0.493503086877229	0.494417019511795	0.482545519715232	0.473519413781678	0.478515939734956	0.481554417485971	0.39740222640056
0.645931669754189	0.646476192304791	0.65235058010388	0.656561087839585	0.653990705369571	0.654852404262415	0.704570395051159
0.633676947600708	0.62726709886184	0.634064077193782	0.642224528638533	0.635380376609102	0.634323978284767	0.676600756067234
0.713827710500134	0.71171437994854	0.724441542085128	0.73314458087978	0.725638673462501	0.728334900943789	0.833957523255582
0.564283103085875	0.563149043778955	0.559523524326794	0.556515278943971	0.558505342538897	0.559113028192872	0.527135004271841
0.20725492476489	0.209438748648639	0.287354318374126	0.231951735648628	0.250564111338695	0.245345209367829	0.0784615109969291
0.826475233954662	0.831655924653868	0.813064713374039	0.8420522889842	0.827185857363275	0.833626596564125	0.996582171807582
0.594899578789793	0.592259843841516	0.59350627791328	0.595139041157786	0.594382165009038	0.590830122914805	0.58800247245811
0.44201640896782	0.440004663807154	0.438848629092918	0.421282213354755	0.428238050063168	0.429003642293053	0.291616123346931
0.520182755890346	0.518718566555233	0.505224829704042	0.495520382358962	0.504583655899741	0.50107627196759	0.430071771080541
0.594568719644129	0.595433257710664	0.593391854198381	0.591344861796617	0.596985955794863	0.596455847585788	0.592717723416945
0.596185709785567	0.596572461520104	0.596110737361648	0.597562005875035	0.596700335902262	0.599082844856386	0.59346154417922
0.675988642501556	0.679742322800747	0.69194235404055	0.695980351823134	0.690669050619974	0.693455925485174	0.755298768482915
0.610453576973586	0.614657221082466	0.616312753521278	0.620457573601612	0.615340682158129	0.616573624655336	0.631464839327971
0.594076280305298	0.592944152376528	0.59413325371269	0.589541938269814	0.594311170158746	0.594930905351539	0.585491633954892
0.544157724346604	0.541465792864283	0.537869218203966	0.530399213744713	0.537026695861469	0.534855395614135	0.48196379381895
0.518432223036781	0.520809302196263	0.513896659354126	0.504947928130753	0.510568517657252	0.512558866926804	0.432857772598247
0.60883546635184	0.607678041667031	0.610209613529943	0.606872419489381	0.610623248493491	0.609072733488724	0.619707664579846
0.65610543959716	0.657011746893805	0.662785921169578	0.658500568159845	0.664087145964753	0.660539277844304	0.70995733450824
0.424668609406422	0.43110145280988	0.418293368414657	0.404526112340245	0.41131287413442	0.410130564578156	0.296891081555821
0.447928407309148	0.451645443389316	0.440213583087596	0.428557247255438	0.431685745217058	0.430098106438803	0.327354629598311
0.304616746975328	0.299252483367551	0.349525129838002	0.302953112953427	0.319150876551048	0.31448990445191	0.121624247603183
0.794450390180492	0.795492427454553	0.783552104614112	0.813016971140644	0.800690120706324	0.797280145042675	0.984903810265373
0.44850048257729	0.447265588233767	0.440191273304824	0.42269879074348	0.436074478959564	0.432761196735473	0.294744766135871
0.507683470324512	0.505603489017295	0.497079460363039	0.487528424726043	0.496181646428851	0.495699659116796	0.410973720936614
0.630976350220124	0.623518924320837	0.628868064121672	0.63106187756271	0.63514422177939	0.634048005001369	0.656391500693481
0.513474475916503	0.512668348226624	0.50135672502633	0.493802691875173	0.497784921820026	0.500675928170123	0.421568885178208
0.602808380506831	0.605970016974554	0.60300448878875	0.604535696299709	0.606564266389951	0.604764695895129	0.612048932192476
0.569713745256891	0.566576946004346	0.569335136486866	0.558418802543923	0.562858795521706	0.561500210608901	0.526182091246707
0.357796787953947	0.353346583649134	0.35803908277461	0.336224950526757	0.346124702479653	0.345597697004899	0.231436132024162
0.639319804033886	0.642335689781213	0.647978113106205	0.65203966493656	0.649291860777725	0.650511623579575	0.699292405907585
0.631333352574643	0.633197664804429	0.635890846686846	0.642912691467288	0.638081012465738	0.638213019051194	0.677143426372918
0.668638826014151	0.672822466497124	0.677949109137719	0.683034408849916	0.679924390206858	0.681803859218704	0.74137940207077
0.621318075598466	0.621213886277259	0.624927514444297	0.628260300594837	0.629368814567425	0.626544982245141	0.653572146034162
0.456117928714779	0.453194353927453	0.447309987810023	0.435450815886554	0.435231388559747	0.44000972506505	0.313244506857002
0.562842551197647	0.56206294459535	0.559245532089562	0.559692961839546	0.55467537073263	0.558412322358329	0.53036741303457
0.598277337274482	0.599111964181981	0.596799995163975	0.599436797858824	0.599026197990551	0.596224367729594	0.597380970905371
0.565765654679529	0.56494352250255	0.56008031386295	0.558725493875307	0.563697053235859	0.560152711732342	0.530837851274135
0.503500729430573	0.502697135781823	0.496766298064239	0.485201780905191	0.492128532474015	0.494001511128812	0.375690751387763
0.481547439843626	0.47918979452735	0.469256229688694	0.456146597252777	0.462236139894232	0.46604997088596	0.355744783388383
0.539132684124177	0.53986691245469	0.528604314575146	0.526137729095998	0.527139240214807	0.527816676663028	0.469100605874475
0.541137126279159	0.537544646126617	0.52995741255707	0.525325944396245	0.523656034500278	0.52691326638414	0.475153349007117
0.629113481333641	0.630491735743051	0.636095276147058	0.634106971094166	0.635588785488081	0.634474524416525	0.66548588915303
0.952582427205942	0.949747439282831	0.893548990347203	0.945246571479537	0.932288663355954	0.936542254257353	1.09106613439662
0.713519868337741	0.713913094387624	0.719726549789965	0.738983421486388	0.728322305221652	0.729043970754262	0.856726343966909
0.572917646880569	0.574576347407188	0.571512046933682	0.570153446588184	0.566723951146583	0.569151694538991	0.542953836989714
0.688002030718687	0.68636737531481	0.692658672351793	0.706809160111654	0.699771878707403	0.699390776523633	0.788308541741272
0.880987168650619	0.882738976349468	0.825414839728836	0.882242988691694	0.862514125400148	0.861559458224839	1.07983937301363
0.522243130176147	0.522358155332316	0.513659119077741	0.506205205051303	0.514616381133184	0.510137144356063	0.431332051635451
0.489461134387114	0.485426419529287	0.481254396756157	0.471236719487731	0.476531404456165	0.47524488233393	0.376763241489205
0.466613712918775	0.464295322165526	0.452345529935289	0.443699634560061	0.449159321151155	0.449013323577062	0.346579804038987
0.725003934069023	0.725705249983311	0.733212419585354	0.74465495920354	0.741547733906876	0.741462348465491	0.85869777453371
0.328012624832607	0.320928655874738	0.348816711797388	0.306662595361988	0.324778874851127	0.321225816717338	0.172228556655328
0.655006806961578	0.654065847054658	0.665066775166093	0.664356709710857	0.660662654414028	0.66454914804875	0.71738249600855
0.520221343898901	0.522438598782732	0.506464287458704	0.504047599953698	0.509212757852528	0.505979641106156	0.431667645725826
0.456362796659698	0.455393260053508	0.445934325001583	0.432508440752326	0.440258057284641	0.442152116012439	0.328002740916145
0.769099867118174	0.7684630798793	0.771881981403997	0.787183686030034	0.779107713287964	0.782898460705641	0.922709181393486
0.630276375526941	0.63004328230406	0.632178099583661	0.638920844569378	0.633676332272124	0.631807453706529	0.666939092844462
0.595205327355375	0.589606015836037	0.590301728303962	0.589298383989366	0.588735526099924	0.588851260324215	0.577086925987225
0.482726625729049	0.476537463746979	0.466677057009685	0.460425244976123	0.466438606701753	0.465563254926616	0.358720387433302
0.585902437508038	0.589155476732344	0.585697035714092	0.580447837723321	0.586017484797633	0.583160372720628	0.569862587781228
0.684472675019096	0.682585099589563	0.692567547862077	0.693245721733514	0.6939844815559	0.690692282410411	0.760308177159841
0.538845115117608	0.54024189105122	0.535736256250761	0.532419351596803	0.531454410307661	0.533819440156054	0.467185528198556
0.560567078801801	0.562040647931345	0.557284372519482	0.552422456868148	0.554974121877583	0.5539620590654	0.518305856336233
0.655229954148573	0.65163054955295	0.666719758531019	0.666355573886442	0.663431267989403	0.663043107236278	0.709767163156081
0.53570187790226	0.535316872547854	0.525369498151644	0.523472532404775	0.520595681552859	0.524004310983543	0.459766042804521
0.662227182557954	0.658967686010439	0.671206468282187	0.673313838648247	0.672402286380575	0.674961208118301	0.724064080105581
0.432316583215233	0.43389783480545	0.423246959687586	0.411783882924195	0.416602178517172	0.422031187837912	0.310701892245915
0.599689279442448	0.603142417042083	0.603866916933369	0.600479182268949	0.602987297699134	0.602549514245934	0.601003232817586
0.695092546155884	0.697456230160663	0.712015071098008	0.711943371046414	0.711085967280746	0.710595003957258	0.775116604024546
0.608193234440578	0.608198889144202	0.609289764388087	0.607466328379338	0.610884715437884	0.608310043864168	0.618249880740174
0.631769009983819	0.632444538490779	0.637086445140897	0.636706662056781	0.639439748469051	0.633046439388393	0.669128930852164
0.623642604782444	0.627378491026341	0.628789668989608	0.62757091352237	0.628936040953283	0.627812478628225	0.64584447220742
0.61801257443501	0.618474175138744	0.616550035677018	0.621575031839671	0.616790467468473	0.618646759783254	0.636645114934891
0.205571696715747	0.216168209158718	0.297696427026322	0.228147550285024	0.253177589862272	0.251848377335671	0.0649429334314271
0.516252193252734	0.51383622574825	0.505109444812268	0.495232343381756	0.498603352398688	0.500679373652341	0.41659452980827
0.508461753590226	0.50951181984422	0.501580206000202	0.494335365023905	0.491974265332708	0.495091172411204	0.410613210812895
0.591960245086896	0.595230314064922	0.592712860715343	0.592552150014197	0.5933398808911	0.587534567576319	0.584009057486148
0.628151306059247	0.628031088066839	0.63154643552278	0.629318612210041	0.632597909486771	0.63046551307096	0.654737762713584
0.724699584161725	0.724529614918963	0.737365135398257	0.747835695177265	0.740783055925916	0.741310206285862	0.855061242415525
0.77259574299706	0.771093966150483	0.783446235748499	0.797260110159786	0.78918206735197	0.789951336268915	0.883506496244195
0.649562868590068	0.647392769214459	0.65225417307775	0.657290241215747	0.654735653108478	0.657015581755037	0.702947495568751
0.312452918436753	0.310619994183415	0.345921702121396	0.301569539150412	0.317439267160035	0.315546601283212	0.152038266378712
0.550635268890934	0.552167065102945	0.553358499965493	0.544883616907957	0.545264976662824	0.548003987342704	0.489977477908533
0.530181822974524	0.527290502887427	0.516428352827866	0.51179004583276	0.515720413026477	0.513640589079362	0.462502352353192
0.550021282340355	0.552009201581278	0.543865309088228	0.541957660799719	0.546716590848279	0.542445356667189	0.494878260886094
0.444991700282679	0.446036648035194	0.437036681795088	0.421208304011859	0.42726284771552	0.427996676985148	0.298449181840659
0.648790492135944	0.648120390440181	0.654995479887512	0.659217704647761	0.657533672146277	0.658287857099365	0.698030668478437
0.682490127263766	0.682870404734407	0.698061449873555	0.698051746572687	0.695287273433149	0.697410700307974	0.749547662071263
0.550698764504275	0.547256087326939	0.539486221495243	0.531899470159766	0.537792793041845	0.538348203672851	0.483928175189639
0.501016560598426	0.500512160075318	0.486429336530926	0.482134658335818	0.484865529851855	0.483718429545261	0.405015000232008
0.60897214824362	0.607165488830305	0.608429198191074	0.611668159367195	0.608210006082165	0.606159578713713	0.614656191203572
0.606388652877883	0.606803851149699	0.607596419063714	0.610424114572624	0.609758704820605	0.610993572611383	0.617900225772406
0.57978809401686	0.575882011901465	0.571651631912896	0.569469362590895	0.574164542498692	0.574699434575722	0.552286792314418
0.575851024307574	0.577093890829034	0.577684455652037	0.575345293609178	0.57322530410384	0.576205652450612	0.551606421535157
0.723199181505817	0.724192283495219	0.725558013913867	0.735345798153359	0.730085961502349	0.731971470560845	0.861771554828342
0.766224657921613	0.76709365753269	0.770209572950838	0.789928591902843	0.778210656314551	0.780044936302312	0.909080325628088
0.527743669362198	0.532086002224971	0.521417534258466	0.515007554427937	0.518132369192001	0.520384602779662	0.43036029647633
-0.00901856024568536	-0.00715512152586755	0.233184794639128	0.0892340522094959	0.122195958206286	0.121541002678809	-0.10159115289422
0.456858709139511	0.461489239184211	0.452145781672539	0.441673190241209	0.443671820481149	0.448719542550801	0.304338560001186
0.627958473473362	0.626978508203536	0.629065844026245	0.634800120522833	0.633500732085049	0.629628755782588	0.66066291782937
0.522677355790584	0.525801479406282	0.513560204745923	0.514102173937141	0.511777096619999	0.516495373656988	0.446396935558417
0.659826634341201	0.664252438441052	0.670967033881023	0.67335707709035	0.671213439568357	0.675982598662913	0.722205220624783
0.700740106336757	0.703125189305379	0.707390235730601	0.722439153153346	0.717743968584036	0.711593675654448	0.836572296160015
0.497480535511775	0.501301145960426	0.486637103689717	0.478172849211374	0.484049538708948	0.482504306103276	0.405574729147783
0.557034890360374	0.558639695543631	0.5568912967358	0.553409590481626	0.5536303748165	0.554239805047291	0.51364861763915
0.569440135477634	0.571906370437963	0.568592258382142	0.565911381652077	0.567834947757749	0.566331007263676	0.532385400562855
0.540377122515061	0.541659234115717	0.532166364197075	0.529492869078643	0.529909881642815	0.530960149362182	0.461739206448793
0.557278090565434	0.554266969377238	0.547355879714689	0.538522921376306	0.546594077090342	0.544397021773392	0.496421611210473
0.501837019913019	0.501100838315024	0.488866323372308	0.485570055928224	0.489195176506971	0.489102201176499	0.425028797669783
0.687320826642327	0.686078614483683	0.698928743054567	0.702294935991046	0.700735564152781	0.698649377723366	0.768632326480112
0.674346019901376	0.676470875098443	0.684933040165057	0.690547216188233	0.68908196750469	0.685273191984201	0.742773248594396
0.508365056808377	0.50718637775291	0.498379818648939	0.491022725276445	0.496030826547568	0.493842895572915	0.418773954563352
0.456782584067237	0.458417808385767	0.46362993728085	0.444457499393021	0.454924964576957	0.450391917138617	0.282335786185168
0.705378396510006	0.707908768971444	0.714810775818322	0.721353698800482	0.721665541225654	0.719836586653724	0.824131844240528
0.610113504679497	0.614332116917063	0.614831083813542	0.61407721532185	0.61575221296285	0.615773267764747	0.622615381259009
0.66708041996684	0.663509958993985	0.67550057306157	0.678197416397088	0.67549233700218	0.677205277666793	0.73133867500692
0.524970810105676	0.524845376327214	0.518242893539764	0.508550053021747	0.511081159892512	0.518402337873895	0.430895119923965
0.642134244805779	0.637331960638318	0.646437220355497	0.648913771097332	0.646217236850126	0.64856062314249	0.685328086409826
0.277647356186435	0.281569519474347	0.324545440552817	0.279099158456419	0.292558628051218	0.290483782051985	0.1287367600612
0.439053533399779	0.440707387704122	0.435975317499652	0.418775530895208	0.427753899995042	0.426815133293312	0.290906418784803
0.512202832972513	0.515553446713878	0.502719235638369	0.494448800437223	0.498953764728579	0.501743978402189	0.414353090215478
0.620973905702836	0.622365989181713	0.625163759398928	0.623629663866215	0.629301833838677	0.628043299825593	0.646078089939865
0.859319338146765	0.860506187808559	0.838318656226021	0.880170468349029	0.861763702460286	0.8629073775231	1.03111023314217
0.38301003221304	0.378734403840095	0.40437837874449	0.369161116681251	0.386257917241752	0.382458595826998	0.194181157906349
0.690390103557105	0.689148482524608	0.701402284267272	0.709294411887733	0.70547410664938	0.705521242007241	0.786691267523873
0.654212804243894	0.655367882128302	0.666413886268795	0.66650095636264	0.664579330152335	0.662901740054385	0.713862134664003
0.658353794997471	0.65756161103781	0.668840409790704	0.669170569765324	0.671231515893232	0.667450849256666	0.713082837751416
0.500167677375982	0.49878682138745	0.493777755718783	0.478311778191559	0.490929724809451	0.489149881887164	0.365190380005212
0.484052285554079	0.483088336102189	0.471305373763308	0.465778919932659	0.470389783481942	0.465398899907377	0.389433675445943
0.56440958370173	0.565234264179085	0.561148584152837	0.559812265693334	0.562135739189386	0.555476759228825	0.525782716555485
0.602295356053614	0.601417566800827	0.600517707930091	0.597110616852743	0.598435163830467	0.598551533137208	0.598130277745628
0.778679481680034	0.778785912819775	0.774120569805523	0.796449639069565	0.782161290506327	0.788703081939197	0.943136091880406
0.804405319510585	0.812570336417291	0.797229444789131	0.828327292691572	0.812751035007532	0.819086431756054	0.992652062104325
0.509774797037057	0.510297880349916	0.490959077908294	0.490995022843841	0.491917809614573	0.491358726509976	0.430721805118853
0.575623145699141	0.581061881508885	0.572354011431064	0.570968996756733	0.571506578420429	0.57178125971825	0.54449971918278
0.61803542923692	0.613548616840773	0.618828843960256	0.622341753428515	0.621216037615161	0.620418603897243	0.640012469656264
0.460296228447563	0.460262859967211	0.449598377723389	0.440263107551209	0.443307643831938	0.442649974217767	0.32733202856099
0.39010893595702	0.394873325181229	0.422594521658922	0.388337750749546	0.401073110795592	0.401703226020249	0.185095188439043
0.445023912374819	0.443885112891879	0.428660961308018	0.419720312461227	0.427499673299416	0.427942522972414	0.322405612896461
0.695397027595826	0.69662002493049	0.706445715904717	0.716852106486152	0.710563472201434	0.714431423955943	0.814023041491641
0.519869424451258	0.518806977217819	0.507240060744961	0.502513763182378	0.510133813481829	0.510832314483574	0.448270721671722
0.549441700968109	0.553382566415994	0.547021145351145	0.541590678783702	0.548201383699326	0.543391749964346	0.480322417115025
0.579984699324859	0.579079920745017	0.574389618258192	0.574139604118994	0.577640711748942	0.578363353021245	0.55932235736117
0.553630276952749	0.54944154727153	0.544708743902674	0.541889799289817	0.54225080995592	0.547686988398473	0.493298342747308
0.754970944773469	0.754567032994013	0.771249112927675	0.778259816502677	0.772163208981261	0.775092611010781	0.854011088993106
0.539644074492714	0.542012169769957	0.536857372378699	0.528699382943979	0.533258387957624	0.534424666770914	0.456332057031476
0.668380703290911	0.667649332488931	0.674841657017203	0.67904213329608	0.674995083645988	0.677509820523623	0.746645649410945
0.5049842267737	0.503865173760162	0.489234691515221	0.484629448769682	0.492761253714897	0.488618771180238	0.411870647120372
0.58872688924527	0.587938541061306	0.588427725800541	0.585824515754736	0.588002530197518	0.582805765275305	0.575226277023509
0.556594485387485	0.556342823894411	0.549223537964129	0.549586377589729	0.551489303939514	0.549432011881009	0.506432423248581
0.589428374995994	0.591137437819002	0.587723626041026	0.58979943154512	0.587949403690919	0.590821544384885	0.573299944811699
0.536827532214112	0.539518516464713	0.527732640460656	0.528201260918155	0.526704819838333	0.527885036436918	0.485768396689485
0.56956285374039	0.569588648183916	0.570709767474233	0.564702325838241	0.57148888077213	0.5669513139891	0.535614484481509
0.499900656388882	0.50123957314538	0.490623571232576	0.481473949509266	0.486652941083024	0.491251605151932	0.386416687155106
0.514522049115055	0.51578698708429	0.506186354896269	0.502148238013314	0.499529134110133	0.503716612822057	0.421455173367268
0.602309111562616	0.603080991059826	0.603091314583425	0.605869597955508	0.606243698879672	0.605776950271755	0.60952142899376
0.544052520056083	0.546145487277221	0.534636697452638	0.535615103025315	0.537389686185763	0.535181561735849	0.486100773352252
0.430161495508344	0.431272781379156	0.422115435903187	0.405522349824168	0.414426502541759	0.416242448871085	0.296491045992767
0.582662560478731	0.583664860530928	0.583232617378198	0.580255809815376	0.580674668210635	0.579101076588321	0.561527136341192
0.704791414536893	0.703599908592145	0.71650930993621	0.719167823375873	0.717814256326205	0.717185685196446	0.807254391554353
0.735547846576509	0.735328183418968	0.744662693147077	0.753935347541926	0.747976750525517	0.747548153423825	0.868272238351148
0.559160729036837	0.560632769485104	0.553536929529691	0.551807830217731	0.552896368742791	0.551247138743586	0.514306727708682
0.546368120347523	0.548615207694344	0.542331889508166	0.539115445798459	0.540241785196095	0.540250618036627	0.484025793162212
0.462124778983246	0.458968193437788	0.459691126773379	0.439579269620638	0.451186133231176	0.449363656812845	0.314406913020849
0.471274458161594	0.468961362481326	0.457667143477781	0.445862648016784	0.453542045012944	0.452341621335525	0.348970389361163
0.76901737082422	0.773741747568507	0.770366706864715	0.792927434486846	0.780170761485314	0.77605836411935	0.927307459768755
0.646094212377962	0.646858968739999	0.651642834093317	0.654751429489451	0.652680454456273	0.653407139748498	0.694479319660932
0.545433229907969	0.545678711010983	0.537343819262402	0.533793174904154	0.537417388937131	0.541060799069105	0.489255904575946
0.729236923599601	0.727544628207773	0.732703465584109	0.75451667279225	0.742571772300471	0.742914431989672	0.90028004274521
0.518029511932578	0.519066920879257	0.505696633198331	0.502632830502863	0.506074722530855	0.505636220478156	0.441336151981956
0.534002475987126	0.535971259415195	0.526172904495443	0.523345434104846	0.527321943293574	0.525311574462025	0.471778338680969
0.400174792227937	0.395412553420175	0.398160783096097	0.376788949201654	0.385347412163643	0.38716734089398	0.249630538364753
0.625285298493168	0.624735210430563	0.628255558046247	0.631357960404457	0.625601791002852	0.627470471733126	0.658065742383226
0.733570731326911	0.731148812928704	0.73099933857005	0.753778900257092	0.742618424755353	0.743311272660614	0.898553763342371
0.701299258969924	0.697483551842756	0.709908041444156	0.715858100346901	0.712809348290372	0.713667389688406	0.818915651717165
0.599256684389696	0.597484556367803	0.60229416277718	0.601706251237987	0.601671141122435	0.600323761026452	0.599040242891619
0.486269128422574	0.492515381470737	0.481830332065423	0.467986702951043	0.474450624203973	0.473930891573952	0.357071625139256
0.61056308748377	0.609515475134483	0.611353115914558	0.609087299944596	0.607904501916367	0.608848933685279	0.617748092729472
0.605753653677242	0.604799763624561	0.607822349559946	0.607351944585021	0.610714607741258	0.608543521822072	0.615472672816703
0.547587082189684	0.5483475483914	0.541804294216361	0.536796388246465	0.53903901126136	0.542249997910786	0.500412788494581
0.696709744965892	0.699292302501786	0.712727155329562	0.71393097878065	0.711509902720103	0.712838259419717	0.785629191851055
0.604297134556349	0.605941330147216	0.607036900789292	0.605040623465009	0.605319999400628	0.60445670022564	0.608246549828191
0.327674558464368	0.326474505572412	0.335077549538543	0.310310566195102	0.317696128135761	0.316070659187428	0.204524632318136
0.477140377559461	0.477602613857844	0.459248540415553	0.454421008110153	0.458333861119901	0.461037286259586	0.386435148211895
0.431425588487036	0.42771374982018	0.419495359159848	0.409038590305174	0.413011665927221	0.418275237991833	0.281743451021233
0.445608090131431	0.446846297671563	0.441903396907753	0.422881345414099	0.434767788252273	0.433851451401164	0.296268895187574
0.675996819742361	0.680286868023851	0.690036412471258	0.692767200678421	0.689286993193726	0.689660425203293	0.757948889476959
0.432763195429266	0.43169002611814	0.419945609535154	0.413081167350533	0.416676290128342	0.417069102209375	0.294712783705821
0.501608178760458	0.502042215343578	0.487631234370433	0.489631802575536	0.48846350087521	0.489154082344701	0.406302505290048
0.599436150267788	0.599702339113742	0.598498302675522	0.598361752554128	0.595849391255827	0.600728090442187	0.598373860780012
0.578398102995262	0.576747289045175	0.572710961634242	0.570788515826187	0.573501093208528	0.574049559954789	0.554125682730965
0.294383057246996	0.292558252946371	0.347507559979451	0.299382970355565	0.323379735573709	0.318013439192558	0.120096404471318
0.682635426730684	0.681604833059086	0.698164708216579	0.701199406789466	0.697783271578103	0.698338617679992	0.765126629408826
0.584978687555736	0.586903612372516	0.585172479158906	0.584283066528161	0.585797240577343	0.58561710867007	0.574832712325695
0.527424158894782	0.527268123888554	0.514474490437014	0.513314683743865	0.517740697361205	0.51544387478717	0.455896440109287
0.690671059323684	0.690300612287401	0.698839131162979	0.705456979234343	0.703348457664941	0.702829988895628	0.794758282465221
0.623252112738183	0.625944627357719	0.632893238512495	0.630559886068131	0.628830430712217	0.62975286014828	0.656905246985247
0.744485471066952	0.740050016853427	0.736909823094276	0.754175541365532	0.753086803573309	0.752743680920443	0.922279062770618
0.661584128219799	0.658418432556203	0.672803769156087	0.671103145907403	0.673131188024513	0.673779362139121	0.73367740966338
0.595325907386442	0.600061921006333	0.595673847630894	0.595656178432287	0.59780208282122	0.597991586107577	0.596560913144769
0.800365048198124	0.791778483236602	0.778399209130661	0.810227758033073	0.800211890287031	0.799427050569333	0.986371219236161
0.676420421178851	0.674781441872506	0.685828198221914	0.688644104814085	0.682764866941235	0.685841914434818	0.760769567259464
0.649291155695339	0.645612961527948	0.651303698421314	0.657686715954941	0.658076997950961	0.653510435998491	0.701414540948845
0.680416644080024	0.676211432313455	0.690662614763575	0.698276527150034	0.69311996272189	0.693796243004872	0.762981986013185
0.515520870159812	0.518622178745013	0.509097868803071	0.50339285344257	0.508664763249054	0.505884829417586	0.419498714122564
0.510127324209684	0.51031749940474	0.50550836910036	0.494419041413566	0.499988134133399	0.500353125738793	0.388971740948679
0.56975431888049	0.566797995254336	0.560747058254412	0.56494698126159	0.561270825562218	0.563365094903835	0.526300041890286
0.640317274577384	0.639126740843537	0.644682271978655	0.650659506094417	0.649055884979704	0.648270287301261	0.685267514916541
0.451286634121693	0.4480533697709	0.448815020511106	0.433199107897287	0.441306239465584	0.442631668552617	0.293734619246209
0.592470050542094	0.596081206133555	0.591231671730566	0.594182331655818	0.591952134362807	0.593778047966832	0.587552906783552
