FMP	RMP	FPP	UPP	ANPP	NPP	ANCOVA
0.727149112042653	0.737734597346878	0.595355451372837	0.706098109959762	0.660959520249649	0.652127174967868	0.779237773862536
0.877425421345867	0.875290000987374	0.663534351854811	0.786792604627741	0.751684545317171	0.767891350185498	0.977346288485997
0.602919015926885	0.638443254864134	0.599390696712731	0.649102064025567	0.612349122651408	0.617412968926508	0.796706073801497
0.571442136981888	0.583568064894711	0.60801296345802	0.650805285067767	0.64030426069519	0.638708391878907	0.844676539870271
0.634389483965671	0.630040015158126	0.6313163495154	0.668844628378143	0.656327546054975	0.652294692123982	0.922392729003643
0.579842359017226	0.570598538732692	0.632204625541163	0.654702875367347	0.655752711198441	0.638318184240487	0.860065220362188
0.534431697282854	0.560398699538949	0.584168861866545	0.592134786772992	0.571443576776125	0.580355722539593	0.757390980819022
0.618384495949893	0.618399056038221	0.560533396007971	0.596721752151279	0.592387458431511	0.596005651738155	0.708007779733266
0.915819822893085	0.897786552861986	0.61392001447729	0.785756179862422	0.736435490202149	0.734954942874152	0.819902905066449
0.715932570899306	0.728505272939141	0.579733843862063	0.676664081422476	0.659369723466047	0.642417991444648	0.770416601989605
0.632569595443982	0.641961712460788	0.652662000227038	0.721423865522066	0.691893383427815	0.677574407741776	0.954306739919758
0.808727049115971	0.82409440158685	0.603829109163736	0.723066965617881	0.67627475560533	0.699520256222827	0.775324580624069
0.612809478091214	0.596580715353413	0.604866006746584	0.64057906861789	0.624095543995692	0.626875936743066	0.827164801596541
0.593583487763872	0.579089664258245	0.623244035879721	0.650763371875254	0.620703570843825	0.644400158360057	0.868740373594605
0.523666461021619	0.516448738260994	0.563435932248127	0.574715492504383	0.565408531489164	0.567827791650492	0.723911950975385
0.652620427488928	0.675218683497363	0.588782580155699	0.639655519295446	0.627036844954648	0.654868922871494	0.780899668683787
0.703751090582191	0.666987582129391	0.636145399257277	0.686965894996504	0.687427401822717	0.679134461499278	0.912679922204774
0.598855786971317	0.584796455714668	0.619497329145432	0.6410404044363	0.639664569313476	0.628662522547983	0.853779251818318
0.590840602199203	0.588469972992986	0.604934566258217	0.631216922963761	0.605202587507969	0.625632346180356	0.82249709334511
0.562671772211291	0.555398083805214	0.59391837658683	0.60754895971411	0.610345871327717	0.601960206409236	0.780501902776503
0.609700095303	0.616044283072147	0.627399419670802	0.643762369498961	0.626432609543087	0.622471560597926	0.854685624551423
0.638043317480131	0.6632960664394	0.619357458020507	0.678486463446344	0.65788715233317	0.665948415010093	0.880723954804794
0.553705083768691	0.552093510329068	0.585657467078938	0.624121424818946	0.59489890715023	0.600153117535104	0.795897432344291
0.657099553139319	0.671824154940007	0.639173538184218	0.695279027344864	0.661805114355816	0.687797959456661	0.901675549469854
0.547233051088331	0.551766633916476	0.593255992338887	0.604866695698753	0.615271359930528	0.586588581336853	0.776125083718185
0.70709196443206	0.674127047269116	0.557203732142469	0.64856026955617	0.611368360655608	0.612754544823119	0.720438179647475
0.743908220386843	0.743699539304143	0.536959949291853	0.653864122363138	0.635258651032494	0.636718450631636	0.650730811123474
0.611813905189637	0.629270319463403	0.57371763257844	0.624161348156736	0.613248108254651	0.61003622212889	0.732751742691639
0.632126004839922	0.630705839641605	0.653368492117699	0.700753047477284	0.676303454087147	0.671247487771524	0.973201551059639
0.597277304559198	0.596995860151398	0.579946290488949	0.623971461001403	0.60955255775756	0.600850357506844	0.763955753606011
0.757395073515518	0.765042160779359	0.628262366609256	0.712604443116569	0.693332021683867	0.690511054872875	0.87196693874264
0.882719991729755	0.889162258207147	0.605629363004564	0.775413855584042	0.748997031907518	0.767803201164077	0.743705164747134
0.722816775473117	0.766990103159885	0.635856838049107	0.697070638681556	0.665502904290966	0.686627502466097	0.88065028739102
0.579721765587084	0.583259355882364	0.636725437967583	0.668729896945565	0.636179888240876	0.644674135238864	0.870415275739867
0.777849369123229	0.779981184969088	0.63365450212556	0.729252930926652	0.701723596635907	0.6906209413395	0.90062969186354
0.573254128368653	0.587788638966749	0.625693743317497	0.625593970813056	0.630797350980025	0.609560056556284	0.850889002113661
0.556952586365568	0.530203727134138	0.548755754983647	0.571415136696354	0.571634036524043	0.561560878380734	0.706305238205987
0.725274560687512	0.730026937826454	0.60530577686642	0.710786150667012	0.689845071280958	0.6718524366129	0.84983762330643
0.691815568042273	0.696924403442754	0.645863900796389	0.709894825722675	0.660574250868908	0.67779770573105	0.887976041441875
0.675129380234281	0.670447642721172	0.647379669589129	0.699335946546203	0.67479786703233	0.674171969355247	0.920767405649144
0.777353599340224	0.809925929555554	0.611678386072018	0.734384609125116	0.694048216598756	0.690126995215125	0.850984306949609
0.58877116251756	0.580134297067654	0.617066750285145	0.629133968080967	0.626204631242592	0.624130098326593	0.872648510753677
0.510365077009932	0.499348198436428	0.556507019949297	0.566037420764625	0.567929134148079	0.573251828569701	0.705719997056161
0.561332497335909	0.562074408137659	0.581009208816307	0.606961586973683	0.587767317761133	0.595053206495795	0.759938662091249
0.579278204026117	0.568344889073601	0.630669431688564	0.63799174638722	0.639808546859788	0.612800822027502	0.839236039521156
0.517790017048954	0.544719924223539	0.576101742347965	0.59513407464884	0.58860075618237	0.592860615230574	0.742925877959683
0.541206320783754	0.536089166455099	0.585699045324696	0.605756231331962	0.584434174190737	0.58330185040009	0.764913140796083
0.769668530079988	0.757458458792749	0.628567595056021	0.706718406590078	0.692357733645296	0.68823012611964	0.868647387526683
0.599555972353733	0.581754796306192	0.633989739235887	0.665861302704619	0.647952737350268	0.657569281775838	0.906557606074452
0.740670921895056	0.747754223533914	0.5700720074775	0.675405612300674	0.669148940311191	0.66314141800609	0.741892816923014
0.601186213666429	0.598175696246217	0.624756695766132	0.644118001930509	0.649138560496082	0.62817682911667	0.868295776019379
0.704464300833959	0.734042557749557	0.67247744332447	0.712622270733052	0.682801739870977	0.679882323134689	0.927887398561891
0.573391977760481	0.567768518713317	0.582742578076517	0.622464745836368	0.608559480779388	0.601959277671043	0.776233347173309
0.627889259068835	0.617778293302666	0.647194579376238	0.672436402297873	0.657566705193222	0.681116118420473	0.961079683635198
1.19203318807465	1.18209572713462	0.698867159629579	1.03661354470029	0.988135704154393	0.970497478102127	1.01512892380898
0.838678028377602	0.838341575982441	0.667236160971903	0.774068269328696	0.757710492691942	0.750422473819794	0.992772164005171
0.516946010994445	0.508466424629764	0.548126865385825	0.570504904032319	0.556858272743867	0.550591771818929	0.697020660095578
0.525019632104784	0.537546776235624	0.579001281798904	0.594053045275464	0.567409835652456	0.561916165011067	0.74065523678137
0.616501874048998	0.631198484012231	0.568395111975371	0.595550408618794	0.59060198885906	0.604197999774676	0.70995382225385
0.907623922683691	0.911459314893902	0.646127655844799	0.795792695699653	0.774551935103354	0.766787130221034	0.917771064931938
0.694005747772683	0.679984071708283	0.611365621289635	0.682279715165199	0.647830929732407	0.659733964173264	0.840584234708251
0.684599826277367	0.677043102693836	0.680659983056327	0.726549133354032	0.698303504136739	0.716367977897886	1.0317491510497
0.722594761724594	0.709800578484271	0.639074191349003	0.700339186417362	0.672489467219177	0.689856256537329	0.924404371671737
0.786455369506848	0.782743029326633	0.662693090958281	0.751344631788219	0.732809938303261	0.712581275808919	0.980673068439429
0.534343878080984	0.539379598679395	0.561679400071802	0.570873309058886	0.585768334445363	0.556191589603377	0.682879569251407
0.598876945922358	0.59280056766402	0.60353381874994	0.655165417754928	0.625196869674132	0.631146476574243	0.839949150769242
0.593729509556045	0.579788302275559	0.626616615554184	0.631870892150435	0.616123713822613	0.651681638364609	0.857525387333366
0.651694406872981	0.661649582347031	0.628874113128594	0.688693785886672	0.652664024042868	0.67367833352242	0.895365619469102
0.662629883079915	0.670352444982241	0.562011289763797	0.645077362974248	0.599145336437992	0.633503370735883	0.741351479652137
0.671603888775492	0.692716053106357	0.631954995727697	0.691675976275058	0.666087430290257	0.678485459487597	0.878924925398677
0.66479480767238	0.675253849059918	0.596561826575846	0.669376236401627	0.648081349747152	0.649959611390918	0.829306760441943
0.688345193041067	0.713371786052459	0.625984464158147	0.71088522910851	0.691021455062241	0.693643992950025	0.908369853093039
0.64010606174155	0.609630619924187	0.611586198925195	0.651102606415201	0.626381981486469	0.63089796565645	0.845391725732353
0.607157882285231	0.631068455351729	0.594921592418119	0.642655864797554	0.617067231835764	0.611130141733702	0.788057567699356
0.553433611781262	0.539986788917607	0.603575375750857	0.614533699243865	0.595638215981782	0.61404106652055	0.806236772902564
0.560778158537073	0.567024966360567	0.583813592845671	0.602835075984133	0.591811368693606	0.589694815209123	0.782046712059027
0.720424296720144	0.73593215163876	0.652570522219886	0.713420118716669	0.700468465586264	0.696667744195104	0.910243566790969
0.608784617114549	0.599680760592576	0.625902734088805	0.655321833965335	0.658284179892429	0.635079524773413	0.891985256848344
0.740368917957025	0.755240876592696	0.604424731992401	0.679755576640255	0.667619584812773	0.666097966213619	0.795646137931414
0.534338824101039	0.53273873735289	0.585053716195463	0.60139680248534	0.586207776902448	0.592801207597043	0.771449031626497
0.788880053829753	0.762622215703917	0.613999810345188	0.717332141732237	0.686780221582713	0.681949998844178	0.839774721386351
0.599565121087855	0.595954948172952	0.598481369298391	0.6279782660005	0.619571549848842	0.61084908553955	0.781721581765952
0.549956080909323	0.546592146031043	0.591875089782839	0.61760667960986	0.592082446861346	0.596292182760134	0.77207046198256
0.666282607815949	0.645219776427296	0.598838513995793	0.66283083364985	0.624826122337054	0.622826201784079	0.805628988326632
0.833900410316123	0.845971807313238	0.662330505918505	0.794339240733234	0.727715148900961	0.726736816771924	0.988818928496761
0.701398475561383	0.684731837664028	0.658972128211961	0.734651526452882	0.684160698695453	0.671259803364687	0.965398500311114
0.566642888349776	0.566283485270528	0.599455050464356	0.616151362183319	0.618244022354578	0.600667294602941	0.808438164554692
0.884694399724792	0.879436297250159	0.628120990898789	0.764546876299465	0.736940413106312	0.740507930218463	0.853247355145322
0.527398021538404	0.525331349380726	0.566050844633418	0.57351169963999	0.566903506297152	0.564597706843666	0.726074429749704
0.854516079344795	0.849752877348268	0.637110207473412	0.780940670742685	0.721572333185719	0.709152912941664	0.893271419141324
0.58417232946153	0.610718062018887	0.637794560710662	0.653832318922117	0.651732498633294	0.652095186460498	0.896634972394697
0.603059214230392	0.603967298452552	0.562520266832436	0.608045055415692	0.586997550877164	0.590020459259153	0.721799481498157
0.618342827827245	0.618123139577	0.618883766437937	0.659461163999984	0.653520108427034	0.629849806501776	0.851255999535001
0.573694086084106	0.608709492283467	0.615056824731079	0.660549176863528	0.638777933343791	0.637222167834622	0.859246218576422
0.768422779447927	0.768065111478787	0.632163958933657	0.712838728312445	0.673647740569058	0.697252659405406	0.851074460580937
0.74351286516921	0.762567951790691	0.617319485389092	0.726918618730291	0.691964628559516	0.719910728581372	0.883223092261126
0.582312640468534	0.578113265235602	0.605315262283711	0.65429377555576	0.620247526836331	0.622060595732856	0.828233555781745
0.549045995540999	0.564626544082838	0.606566877075129	0.615794986477686	0.590971710881048	0.598427728980523	0.802374863664203
0.576492258980689	0.585652274081478	0.581495588207398	0.621952857364717	0.604107614533829	0.593162416331196	0.77385910648799
0.586912773334697	0.569535659224673	0.627818196473619	0.654569666711705	0.608954222434522	0.627147107138199	0.84456086907454
0.573674995355952	0.551462208578051	0.600219750952028	0.62034175966116	0.592328602033763	0.587878790269687	0.776962802904391
0.81664301346241	0.817952152277484	0.656384058917012	0.773284264211085	0.725445743354865	0.725056818224441	0.923126396872292
0.556503440387836	0.549133384500427	0.556154328393803	0.583319077966576	0.5666400008786	0.586088827852289	0.726836082225442
0.640989532273805	0.630984121086222	0.597861330774195	0.670507439909426	0.6376580354829	0.634862776499921	0.801491475732375
0.752844653768881	0.753299955872233	0.534030021601141	0.667273050295797	0.64461175468091	0.651840954214555	0.644838745975451
0.586619179594271	0.594444900501268	0.58861409634443	0.613539817264426	0.609498943511999	0.603182495933246	0.776441447722846
0.616532402903671	0.612823609215195	0.628107057166338	0.643435287362724	0.639947590470407	0.659108037454806	0.870189573030617
0.700303357176267	0.663715535643882	0.63555454406744	0.698136502343952	0.674568338502908	0.671333884336815	0.906588757125794
0.540856571285071	0.538020339184977	0.569983172464633	0.594652074788084	0.579541357541422	0.592476376398515	0.754230717054105
0.633181379184655	0.6341028391074	0.662883350924707	0.681699663432652	0.669414604680772	0.675494061293724	0.974934908693005
0.642743040231282	0.65221707548902	0.584265902282778	0.659229339596189	0.634993439427084	0.630618664316535	0.814869006198722
0.570523628155981	0.569542554362959	0.563247579031735	0.61187093250133	0.585581422524069	0.600889276063389	0.746001105794104
0.63157919263617	0.626803474222951	0.609073384537741	0.668101101371297	0.648918140929939	0.653201551937402	0.849077998644329
0.574818960965528	0.563933009223599	0.620811724142763	0.650258879500172	0.633808591593507	0.628757802925402	0.862753108768843
0.55910549868625	0.549953049117744	0.584601235335718	0.604650986944386	0.609993313833823	0.599649060655032	0.800973403912111
0.685757873010099	0.699358070222492	0.584303500128128	0.65568028524845	0.62022491161857	0.625955575197212	0.757188847684852
0.53820654787048	0.548838388238177	0.573344823565724	0.616234471869413	0.59975697427362	0.586465683853351	0.794146095245653
0.556110730395392	0.553268077673727	0.563872022617553	0.58137933566203	0.564649628970074	0.566607564502434	0.706642992663299
0.523814731650682	0.519545829463385	0.556239635703243	0.569952485370683	0.574022023494164	0.566678813867226	0.73283152528026
0.836631338325093	0.822425808367678	0.622216384262916	0.744892181155226	0.706084091856773	0.722169583090113	0.850988824025775
0.574772098144281	0.562794017983571	0.602601266763783	0.628001786890667	0.620622389374222	0.620882343840537	0.822890234667695
0.549806854154976	0.559991876350772	0.565668302559927	0.596522635116998	0.587676147198648	0.591496503767539	0.727143944774394
0.913692310739302	0.914083484276934	0.623654181995948	0.798643846445045	0.788590811102606	0.781568446464963	0.843458867379988
0.887124259327495	0.906492347066763	0.596370755430328	0.77142391809667	0.745967981366713	0.749947126814598	0.782634635669451
0.529083531940938	0.558949727318864	0.583664138815346	0.589453787459767	0.586657856372575	0.578385893233924	0.742668443052472
0.540233652673885	0.540735047590892	0.583834499055055	0.606931198611127	0.569785400844578	0.580108122362116	0.751933035998911
0.529346930244104	0.53613288295817	0.570516426390494	0.576116643737344	0.588221028784098	0.577340977388539	0.744663237912369
0.59093912231514	0.592651494617673	0.614286266809287	0.650230207895067	0.633979661034536	0.640829229668985	0.888555098272068
0.635788648254209	0.644852859169411	0.659465050982517	0.721064625460936	0.689099368507159	0.665532504127385	1.0054818776062
0.762820854664349	0.7635433716522	0.619008957901243	0.716158213367838	0.665057614685384	0.683753387892678	0.871284678978077
0.578919128464891	0.591113952089797	0.601204992708923	0.633741803241314	0.617261420721488	0.596801054452673	0.821113205484134
0.539600263274674	0.524650347339655	0.575368021146007	0.590674955983555	0.576254744366832	0.587700121696366	0.742029318669561
0.581690414473818	0.56579294207779	0.599045497720418	0.63243409911499	0.60495347468268	0.602665084630938	0.803132397194686
0.835016984594603	0.816706186082244	0.586605139535229	0.722116096606404	0.683094242044119	0.691347770450592	0.757164541493971
0.608793226852791	0.587416957386133	0.617044478838735	0.660144613171378	0.644304602818028	0.630585345928484	0.849094313469579
0.575372930190308	0.585549245093365	0.567383717226622	0.604222629462994	0.592167632913803	0.583956844707106	0.730793492131185
0.673707654559566	0.724077647561289	0.659931126071437	0.745306594901193	0.702836476449221	0.707426690164406	1.03260925631879
0.674138727984993	0.669264875043929	0.605173112230147	0.657162084640976	0.641830926230698	0.649745091226339	0.821672631836265
0.623451534021495	0.622549169192085	0.628800188183145	0.662300909629015	0.663067108083516	0.66214013094208	0.8869395031459
0.537995542881576	0.525948182016657	0.573269981515756	0.59912350736205	0.596214993987962	0.580539418868653	0.761366261356591
0.683510958155558	0.650663851594721	0.623042669536945	0.687752571699454	0.659001717654238	0.668813439830465	0.890642743627507
0.624017684373481	0.62691874474044	0.634267473828	0.686265407627368	0.66742661313103	0.665511793612454	0.950328391301047
0.66121957916732	0.667046975708747	0.668774592575384	0.718643819144906	0.690868612386282	0.710526685124366	1.01347434353325
0.546796686850038	0.548878871062959	0.572540069942246	0.585670280259651	0.56894821321906	0.597858702430309	0.727375492655281
0.541497520570359	0.529175352895221	0.569120522616293	0.583862683632462	0.586036466709674	0.568859850343585	0.747203935322346
0.759364488732874	0.738164083722894	0.647783724212533	0.719551500807219	0.677659058182319	0.675946144976518	0.9032890512591
0.744517243185255	0.7464397533386	0.653537793879509	0.744112713727613	0.708143530311553	0.693022215850012	0.963501763625936
0.833005240997735	0.815547224155765	0.659501275041162	0.758556888875262	0.738582868938539	0.72979263885008	1.005967388638
1.10536173438508	1.10439394318355	0.669881673218675	0.960252604213097	0.906999020958194	0.919673567392339	0.95694835841422
0.58201230368352	0.573695031836448	0.597562653416976	0.642517427029703	0.601748513283346	0.599306872828213	0.807590041122574
0.536881057139027	0.522031917771679	0.553505004352254	0.556512171381974	0.56677927007825	0.567137024691659	0.727508286334658
0.540581285634025	0.516808791041087	0.568161750274735	0.598325468368048	0.587338207156762	0.583897496994104	0.755860327856812
0.592200785914367	0.594179272204647	0.617657683691807	0.6491609931875	0.637084427109869	0.639064254091593	0.856115011402109
0.535662283223879	0.530921781131689	0.572921279526997	0.609283173561137	0.585144805690081	0.575205843996998	0.75726272436339
0.514507367128267	0.517268851059555	0.574123074597719	0.579531497221409	0.563523046143529	0.564437039025734	0.735535084258696
0.765270032316854	0.728061647014782	0.577235779601547	0.67177006511733	0.652624846395407	0.655280169472071	0.744939607661422
0.695899059746533	0.70250482414672	0.605229971587076	0.676368641815903	0.65961329388878	0.643694064020133	0.78925028197997
0.52273247972311	0.515354596735963	0.517743049111113	0.542073680332868	0.532033595348972	0.535532306726111	0.640547417959611
0.582233063810161	0.590017657301721	0.565830271257001	0.600996779324206	0.588275685563956	0.584011967689674	0.727429104788628
0.586602242869426	0.597305528091622	0.579058971510289	0.643726328332267	0.619618263190783	0.629385976062357	0.797438005611702
0.559239046619421	0.557769803063927	0.583428468080237	0.608502936293084	0.606126468201824	0.604501325344182	0.784384610399877
0.654190308957624	0.665679919728901	0.609319683372085	0.652801685554236	0.64555822614257	0.637890428018695	0.841259156893528
0.866523136515782	0.844804078994726	0.612954484451909	0.756027532085501	0.74320132469124	0.741512212322096	0.842696014072353
0.750817539351538	0.759040642890036	0.632394516405345	0.70546876658886	0.691980799771794	0.685460878284352	0.923115021078735
0.539043091376294	0.544716332897394	0.58596938911693	0.595121737098235	0.580056161829405	0.570309915706187	0.757539208102628
0.540272568963784	0.535623362702951	0.575494293576468	0.609762859646517	0.606393440575288	0.585585133426983	0.77554445079832
0.621218355093992	0.628059454126843	0.623807965492704	0.656055800259517	0.64589441303916	0.636055630792501	0.863727419201187
0.538800856845436	0.539704727276866	0.568516648100494	0.598723151880788	0.576959064530716	0.579695974658904	0.759349109156587
0.826277685296542	0.795683977928897	0.662479010646423	0.770590387278165	0.732606284049862	0.743592728245414	1.01838850718458
0.565466591063352	0.571147124249949	0.598522001522783	0.601350673199695	0.609759583748324	0.598299961341498	0.771925599249188
0.622573301889161	0.637039150262356	0.63862394285608	0.658555748168376	0.664893566148259	0.659140621915807	0.884848538502411
0.607756220498688	0.586930616648474	0.629809048629733	0.666297273424213	0.640493551591255	0.654265540403023	0.886651074414331
0.596529745609236	0.616605745894086	0.635253943668914	0.669549986934079	0.638630348086607	0.664826634769374	0.904059050700615
0.60202538379291	0.587308960961891	0.630645026609792	0.665301950018276	0.649522783208789	0.633802119949277	0.900722071262745
0.782825922801225	0.774939807697901	0.623907397930767	0.712139564065646	0.689706368106189	0.689349924368742	0.842026187237208
0.741713838627913	0.720415851349493	0.5697628371429	0.658520725222656	0.63704557465601	0.624630144250731	0.721960249300533
0.61565420300092	0.599564122220874	0.595470203620745	0.636045841936092	0.602278414122765	0.625433939142692	0.762367590565896
0.54105375072858	0.553658268317932	0.595901977427464	0.620134881978654	0.603040406136989	0.598317649769891	0.802894727402804
0.658827005785327	0.667399369445517	0.575467351489134	0.629564473381567	0.591380381535101	0.624639853239848	0.728475751214128
0.625767438024375	0.627406498278246	0.588096599797008	0.651710581963354	0.629296882715576	0.621647562839509	0.788518954415966
0.689645437955031	0.683622350004323	0.575616548830042	0.66662287580562	0.652782905741281	0.639333967003352	0.787476909051716
0.569358732239659	0.567535451487088	0.617154205737304	0.62760482804831	0.62678047555018	0.617271985160079	0.832519826437376
0.755313840186252	0.74488472915822	0.597772190366033	0.690878298530262	0.665725390160508	0.665119171672537	0.795990040278349
0.570329011622724	0.559754322260019	0.605299002174126	0.625642455125375	0.599968263080214	0.596383099908764	0.793221516381366
0.647189647079679	0.65768227591624	0.61967892517652	0.672933528318371	0.652127947963817	0.675756333932707	0.888660829174604
0.604733017199641	0.604284803475442	0.622468502659853	0.6427690360777	0.608834027594939	0.641155547992018	0.854722637296988
0.562715131844556	0.57052943418632	0.597262119112289	0.617165928835184	0.594030061482911	0.609839357567418	0.821370730246892
0.593420936250258	0.603924723117715	0.593118963922841	0.620901273350011	0.608178752526499	0.629045173390449	0.812225803560023
0.541081616724365	0.515003642921881	0.561860090024204	0.581093610611749	0.573611630606165	0.569982443212356	0.734505630083551
0.532926546570379	0.526671761891057	0.576946107445841	0.583821571043483	0.577329527670589	0.582439906771075	0.742368799584672
0.615393896481034	0.625481712953461	0.636073729427962	0.67308048805436	0.677322165713568	0.683431601546557	0.937161568564896
0.616309794676252	0.608313024715403	0.612434284770591	0.642149685894595	0.632036943654202	0.633979171838214	0.834676675066422
0.678291696256345	0.640173940293709	0.57099645350052	0.641434957696002	0.627766215399484	0.612640222052553	0.76300560782999
0.848900865085771	0.865085601288182	0.605611615504848	0.742546187393359	0.723297107824674	0.704454126529106	0.803950741896801
0.617267072534286	0.606409644369895	0.569076647473158	0.625831460148655	0.60511062508255	0.612078753323681	0.751494979838875
0.99604148091553	0.987402589656554	0.624525087973018	0.885635774234174	0.870203610003193	0.864466078061798	0.822565915184604
0.612037001080006	0.61545942778593	0.617619695529194	0.669693122494436	0.667903508831456	0.641302899274436	0.908897341787359
0.673946468394092	0.665035345609174	0.623705341713097	0.693688797879396	0.680775215676673	0.662925318243934	0.900278532751809
0.559923928291221	0.540237360778624	0.58494865680012	0.597436761278064	0.589486123737686	0.572128679718726	0.77378191291053
0.642401496020219	0.641901813627579	0.596797386747119	0.628451760378149	0.620637797839489	0.627458387801124	0.785985768979661
0.674070721075682	0.652494477490402	0.661114836827835	0.713571920822774	0.692973043483361	0.707466616869266	1.01827314493159
0.656773726602952	0.681554935353562	0.619203974845046	0.655377071521302	0.644236150608843	0.631405882936083	0.821974024458819
0.558651497652191	0.575541742004346	0.614027785307477	0.613398265961458	0.61257855025834	0.614826264292037	0.840182662796651
0.667969563706457	0.645780719428592	0.615640323229388	0.648596026667351	0.641207216042784	0.641203099804197	0.834253790384747
0.805777391084274	0.775056274223359	0.643136386507818	0.740693663022003	0.727038486964604	0.729311264319805	0.921103584962061
0.559269176312949	0.568424325623682	0.590967370134349	0.620967485991914	0.601503795320585	0.598046732357192	0.782245970048913
0.591883227078116	0.594493096917317	0.616149462265081	0.658618624140691	0.645431023710185	0.630196235771612	0.856420344291407
0.620364201954786	0.611042383472282	0.6134817028401	0.653616180438967	0.632775826970554	0.638291490068078	0.873833675609502
0.638229756839219	0.644538975753444	0.644048573369052	0.66853066689881	0.68485291711851	0.655973328729872	0.951010922602104
0.567780589652187	0.545955054739036	0.619144629166209	0.636103805786327	0.618836519838131	0.618252337197234	0.832667695532791
0.678412588367411	0.677216343380871	0.583342545738606	0.661843147578596	0.621681848111537	0.646440727982384	0.777808041332472
0.636629678333284	0.629571460165439	0.631519190815745	0.685126658326738	0.656494321816321	0.638421413749376	0.907720586550204
0.757655720516789	0.723089014181678	0.610581532396527	0.68812830047812	0.659480861208995	0.666344055560112	0.802472108295664
0.735527115891167	0.750137389633183	0.58849307879429	0.679825894083445	0.64814024378624	0.651488659227451	0.749728932580337
0.575904903528738	0.565561763593319	0.59485804371702	0.641742427593971	0.628928064874947	0.619999455478451	0.846011999932225
0.717715739087327	0.70603889297205	0.608081000723555	0.677782398754497	0.689877319798632	0.645146637733203	0.80221057080262
0.615516722175574	0.6142095621159	0.649449510671695	0.699358782943936	0.669964132362445	0.654329622537034	0.957597582819043
0.554388052859086	0.535326644621335	0.570334750053301	0.588896504268775	0.59182798245957	0.58689411140223	0.72366307954286
0.624423890049175	0.638472759312072	0.654629320943407	0.68817367612209	0.674241499263608	0.686910399051481	0.938546418374953
0.577001815119283	0.572724234152415	0.611417025137313	0.627682459083635	0.63908886887379	0.623645416611675	0.85657937577259
0.551336818997164	0.561673128580458	0.590961857112057	0.620045207671798	0.608227160729799	0.606747846471871	0.801413252896578
0.563490537035025	0.572295945052089	0.630789704740313	0.638084540475568	0.613035775245469	0.618254611832819	0.843383064862136
0.854049820359447	0.834225658631008	0.600730721824883	0.764595222279828	0.717616751190882	0.714460876688872	0.8215172003841
0.560707566015661	0.563070342360217	0.599350483480494	0.626731144470639	0.62784503480225	0.624114988082388	0.824893916288002
0.630700941745087	0.630088964771347	0.571681158740375	0.617096373101797	0.591118893523824	0.602678319398782	0.72473512119279
0.717632453543898	0.684613386375328	0.615936024704379	0.688438529536927	0.643678663067853	0.665334168557291	0.819178363762878
0.615026228359311	0.603072600013165	0.617679231289506	0.642838571191107	0.632195914971675	0.629061731163486	0.840732444390577
0.593183238483282	0.586070541912023	0.629852996253281	0.655925509223756	0.632415766823012	0.629481062932696	0.860961243207947
0.573790538518526	0.570256181957289	0.604097334505217	0.637085615663912	0.621096534520796	0.616585274442166	0.829097116221658
0.564179349630739	0.54971839738737	0.594899822922724	0.61413416162079	0.590025092387042	0.611302981037927	0.780798382879634
0.866896960261392	0.884941980043923	0.610946403389726	0.772608515558468	0.724105976870087	0.733074497839406	0.834098054348155
0.573129850570345	0.576838572423923	0.61606781173588	0.64904163412612	0.638214928702387	0.595364558678719	0.850117858457745
0.633547748671893	0.626429810073614	0.639447835796127	0.688078251273122	0.682280151733605	0.679485741849246	0.93163354336268
0.721889845887638	0.700723438890241	0.628410247607989	0.678581325380863	0.668711054543319	0.67296651076745	0.864317429551495
0.829313812869033	0.82955089682342	0.66438607558024	0.755549292382505	0.718024153136318	0.752358909916409	0.954843652133017
0.625662644220802	0.605083144430852	0.594983143763223	0.609774330148119	0.603944570601399	0.613722045142683	0.763594946355389
0.834047283512314	0.824766589048871	0.607673792316491	0.728753589860485	0.71632885866836	0.7084149542562	0.826461708770228
0.660323920509973	0.64930862098125	0.636142213677831	0.681303431501536	0.653557840498831	0.693129499313624	0.922072162397934
0.67420121226256	0.686820859543035	0.645073970717174	0.716265392148013	0.670170417655188	0.678981141491949	0.933218725836776
0.647553629632479	0.647566015336019	0.569475740645846	0.639635743039189	0.616888072101653	0.608412629868891	0.735276260613032
0.629613817224808	0.639307064490943	0.622784604468212	0.65582231171592	0.628376887897189	0.667548755704375	0.831130131792659
0.606713486787165	0.60751105439693	0.636891228758391	0.665042356977051	0.673154814077419	0.6715762676306	0.92883571780825
0.585024270480604	0.562281032624086	0.632610115197968	0.632781296570728	0.635569454165702	0.629433602942975	0.849842172199761
0.650825748117519	0.660002147034565	0.571732538591808	0.614178820558215	0.60595706482332	0.603095175083876	0.749420436737245
0.560996387645672	0.558181804425993	0.60046768533653	0.602967199761149	0.595916783928234	0.621584783273107	0.810653440143401
0.862880729905086	0.854912263609426	0.618803949561663	0.774709709431005	0.712284876875963	0.714215469658964	0.842943956316086
0.6367100657507	0.616131074722761	0.648011035774026	0.684742447363274	0.639140805649891	0.670784568361944	0.912849074988961
0.559862998090539	0.55733715149298	0.56485404154315	0.595935934840378	0.58541537444481	0.60380847018458	0.72844963759733
0.594997212059166	0.592384858707176	0.622443950093973	0.671131171740412	0.634330120359529	0.648145518391824	0.895442029324666
0.61417774027598	0.629982825754683	0.670343980305071	0.672610384903748	0.680805674069135	0.668465509180978	0.955024726499148
0.554097329007637	0.565469000712564	0.59939884742396	0.604896863146808	0.603398060751364	0.591635372942424	0.7976328262837
0.575448471120353	0.567780928416914	0.599400452222665	0.638127864668552	0.618032157047069	0.62270519983545	0.836536995549219
0.699905571974424	0.679126030474158	0.571781127027606	0.641667201085805	0.61571302778289	0.619369218842799	0.721433043192242
0.716478894353755	0.716326233273674	0.585173832710233	0.669744277623024	0.640676527637935	0.638303049794072	0.77566939998806
0.954973154806267	0.957623663173025	0.649513071044045	0.824269063098014	0.785047977629487	0.814552263980325	0.936089914671111
0.556891066778983	0.541924451711771	0.585788699045297	0.608278514138035	0.588618015119302	0.590302792959675	0.778577793650632
0.976064322186265	0.989061589146055	0.665377056151851	0.846831645803851	0.80538674184282	0.810918870762707	0.937291116136152
0.593172464994799	0.593718634936906	0.626718109362406	0.632039672166679	0.617921474570081	0.62515673115428	0.816092333733005
0.566765957442763	0.561712966321757	0.605834546537668	0.635299778282078	0.623072530719229	0.626752363735415	0.823606188569702
0.81061987139468	0.818623523203213	0.570643212702318	0.715147117288178	0.677345533095215	0.686457210970645	0.715900614712415
0.647071607273608	0.644690727457473	0.60203058016431	0.673197404932206	0.653563818493609	0.647792238010057	0.85572567451104
0.755095812202024	0.758973974608297	0.602881880809178	0.695689520829635	0.65869352537109	0.683749090052238	0.828043429238832
0.74786267182682	0.763668899757847	0.625018823507096	0.705247316230994	0.680308392583873	0.684002573855724	0.876934555936411
0.873580555105681	0.880584426340608	0.61226035239937	0.763165078103506	0.713244956789966	0.743270250007186	0.825926673241549
0.694040789991595	0.707690261568955	0.645651065914225	0.700946608267628	0.670877517012283	0.693784577070993	0.950822846116503
0.527732424700718	0.54664955409183	0.570008706118732	0.606533366221304	0.577002266171431	0.560099275101734	0.724292812094381
0.618456153605481	0.650594672720374	0.619899555853793	0.666842091251752	0.632557322737505	0.652574208334019	0.880907243063591
0.55630997855797	0.551807867936681	0.568420033663641	0.584859091576723	0.588323038114646	0.587025878464335	0.752616431710258
0.632123562339589	0.626018913732162	0.634617908394907	0.667055370121451	0.673729414037546	0.67772062539039	0.921361725750907
0.527172770233699	0.535980285327879	0.546155942820459	0.554517555954602	0.550216562218312	0.554696501579145	0.663068695820414
0.569516546011829	0.585328432759843	0.564642879075846	0.588740479013047	0.576993174078106	0.596538032875493	0.736694401078694
0.618901032249332	0.611661003982736	0.619404906586948	0.654139657230262	0.645460713147321	0.637540549957475	0.841083247709815
0.506428646440238	0.52710216511503	0.557124857809025	0.569575805267261	0.556392512711178	0.559636003505445	0.710480404862212
0.974537622485846	0.990493380711103	0.663988246667681	0.87018531531826	0.813610779986894	0.825522727769215	0.968025997291927
0.642969633794221	0.638646591930844	0.623352880996266	0.659889193615948	0.643482182976454	0.635077788584986	0.876718004069903
0.708523065297328	0.703418845151441	0.642790122952274	0.702205455893381	0.67608177579697	0.695355378972754	0.913636137842195
0.639632383044085	0.645060260843645	0.643836483123485	0.698534070018824	0.668171050822052	0.656727908574787	0.928527012567047
0.873524253862863	0.873873718670093	0.593026094135559	0.761599366841062	0.72459636375546	0.732395542567077	0.779860964357502
0.66915672397165	0.67685234642835	0.579163837794737	0.634215442364503	0.623768149803397	0.624004210251767	0.737086014373806
0.696741502099075	0.688400537180774	0.60347052059546	0.671581546127547	0.657834388656499	0.666020753042841	0.811557831960589
0.499587058651265	0.480741772079436	0.526559775692427	0.541332909684646	0.517687301067142	0.527909145736881	0.651130153827961
0.580482729218792	0.567020930173665	0.60849053830932	0.63783965024845	0.61705019320875	0.621058122847608	0.851106981892477
0.828580887513442	0.837783720535587	0.623786503213252	0.755216849232473	0.704425463420031	0.733085891252955	0.859423437085079
0.579394631114388	0.571628693201822	0.615850644388369	0.651939550345062	0.638545003092537	0.638783842319211	0.852123742180038
0.615265759123896	0.605301294536	0.630263500100542	0.668667386160585	0.645847166809499	0.640741087939829	0.887636020813345
0.562972013763522	0.562528761974746	0.562447747670936	0.576263311580361	0.568799478870067	0.572044036256295	0.699936559026016
0.502175778628115	0.529896272880286	0.563837572688653	0.56334798734022	0.55577380736365	0.569511122398494	0.715482977513821
0.595897300741488	0.592444215026901	0.627383518854592	0.637050380520312	0.647958872742616	0.651484553823828	0.871766715407151
0.491520707128664	0.480332542685349	0.535530299065802	0.527814356894723	0.547308187783141	0.533818604858322	0.646496950154544
0.606598033865876	0.606976292306388	0.524016886636764	0.589063851971432	0.560475091819648	0.564756901126586	0.625649909316851
0.607055942853064	0.585216364128339	0.617572493259455	0.640197878033738	0.624859718539102	0.646235823546512	0.863271085233019
0.561015523121534	0.553265186813769	0.579223658185571	0.588696486920434	0.593446563984857	0.586712814948074	0.736518960623122
1.10540127420936	1.10045514810859	0.674480832791074	0.931394695686161	0.885754357432939	0.895046764507752	1.001789006178
0.748555006668107	0.754464816352145	0.594366465687041	0.681597969022229	0.690498572217824	0.659765315013915	0.826281405982102
0.623142674778636	0.63422680625666	0.649500059965764	0.697303246202497	0.659796083364919	0.683748854135098	0.95102888026972
0.558494437900494	0.583438643694643	0.611832065181442	0.636542859401	0.615187135270129	0.632907267034121	0.841379707425796
0.5787114887935	0.611179678920529	0.631513407245353	0.660241449925504	0.653491540256614	0.655650721833956	0.8819286659187
0.552410510027978	0.568527337121059	0.604611774206547	0.615292206074723	0.59780692803261	0.597781902973292	0.807248487254574
0.596388286777054	0.592260313020905	0.602360554608789	0.638111645437246	0.618212063611192	0.63886834789058	0.824188395862033
0.597253178888693	0.620682929108725	0.60552070160572	0.659521004234886	0.632257703555524	0.627823537692179	0.843752282723348
0.604351380867544	0.567648389795379	0.625831778192567	0.665796851873501	0.633508290830222	0.626107725021848	0.861840658635717
0.548162111381653	0.512452455575648	0.553252995781197	0.573678685378359	0.565809625783755	0.565232446729257	0.696272186176788
0.952978839680956	0.958666028860449	0.619706703338192	0.850270086797409	0.805257585834163	0.810402209456681	0.796226443585593
0.595547703968573	0.589972183130695	0.621305694880102	0.65129000643837	0.639657763538162	0.633152847436521	0.87010816657631
0.81937655819258	0.804988060313195	0.634212258803816	0.751477912477758	0.740396280400057	0.695490079554366	0.894659560628901
0.741089488703911	0.752321566885206	0.633584675183399	0.722781223554434	0.694109995550518	0.706190964324452	0.883270020956786
0.749123205716805	0.745357735682065	0.625468541648203	0.72700837446626	0.689101869674219	0.699524143863775	0.901094537517812
0.657164499877474	0.646502777750185	0.622298929339118	0.687644773663081	0.664172222888591	0.677732717819182	0.91529091355614
0.67533421937705	0.661837874747076	0.568526403867272	0.633405239071128	0.617053248055399	0.629698844857202	0.750349911724674
0.670542994081469	0.666354635236501	0.586688835809229	0.661581985061602	0.643593458400767	0.647957587588235	0.785338046988576
0.894691532538796	0.874387766847111	0.649560825157329	0.792896336267326	0.757189251427958	0.749573208976021	0.988267679096061
0.942488971915648	0.936627879289509	0.616318966038236	0.800186745053283	0.785203599490572	0.791156612341505	0.8197680433462
0.560237422709718	0.575843686813598	0.60815552435617	0.618067138497207	0.608174786231618	0.602276036666801	0.798640717666658
0.71371077754471	0.751184659252846	0.633389102293696	0.703336032172878	0.692037388141603	0.6848018605914	0.8804948408389
0.676132719018976	0.687806492742756	0.642426502186083	0.692597608812181	0.660677190982601	0.653184918521919	0.901282080737971
0.677343638777958	0.681580913715979	0.590995509465029	0.645651880200401	0.617699126482835	0.605352029339041	0.761937409611329
0.81220880552923	0.82098412488771	0.629229948081509	0.736767430836719	0.693082652836744	0.715449371386301	0.83913766437863
0.773630474094676	0.764930922501937	0.604823883786723	0.696457569003349	0.666227701167957	0.672726485622557	0.818314413060339
0.619311120544416	0.573113648189546	0.616416892962565	0.622982803994918	0.603226685286318	0.631103453269639	0.841749614249268
0.758343411259603	0.774551556056951	0.573531808885474	0.686583072906112	0.649218916614435	0.675037613429859	0.753485156410254
0.532960988906381	0.543993464683462	0.598834250153986	0.605356518752221	0.601808847640344	0.581242516959092	0.766371557312255
0.574766240875926	0.603091684127729	0.624609279272969	0.65113253848471	0.640207674343154	0.632324534415945	0.885898359581298
0.684776334000222	0.687136469349161	0.600819487048412	0.666743794862878	0.665225772777619	0.639113184496701	0.826390055487412
0.698432271044129	0.67842132721921	0.631246318887927	0.696748654626533	0.673921646498512	0.679108943669682	0.889392106186346
0.661191186604692	0.685549825005543	0.635529343030223	0.666655407302379	0.641021821506564	0.65558059623384	0.851140646439521
0.693670831020137	0.700601111490806	0.579789839155401	0.652195909252705	0.626290586850174	0.635714399418889	0.740850610651375
0.572149725224122	0.563519983940755	0.599778402231034	0.606424710716479	0.586521304458364	0.584452601190706	0.775868687730609
0.623124922020851	0.635664909591751	0.588572641001056	0.623482575882296	0.618162872376573	0.625052118017282	0.791376687157932
0.75585304944084	0.742004547033355	0.631825978244118	0.71941084327104	0.67951455972629	0.672113142856747	0.865740293447698
0.615275318724452	0.642125504920874	0.640994204786844	0.669988095006253	0.685992037327887	0.688583537968669	0.955369865326168
0.602365619816053	0.604277436881566	0.578430676441101	0.634184580876616	0.592353736595565	0.623377364652208	0.782995198127642
0.828787691439812	0.81835664384281	0.61614435853521	0.738276338068643	0.701305299417546	0.697170881812694	0.82574398452763
0.783952454477756	0.774417795704367	0.61702370969472	0.703152691102338	0.696557852406088	0.681063745745674	0.878473622704254
0.522887993554231	0.520799576316177	0.545140364137771	0.557843327234207	0.546821872177422	0.555019840603826	0.701143407897131
0.724603750343433	0.736783958745362	0.607382067951123	0.686693471789048	0.67290228461506	0.676596935982723	0.815219599735619
1.1386706973773	1.123860194538	0.676830860124856	0.978057556498159	0.945519314235015	0.955124051517797	0.95298548670369
0.614632500618854	0.609758384875745	0.606662575781572	0.638970545845708	0.615432345241588	0.629052158364781	0.807737573001385
0.892208551578284	0.903905997683245	0.606096807731216	0.772354240899606	0.736239165157113	0.766821513384745	0.805626769164343
0.551727741076127	0.583442896771125	0.568603243231975	0.608964031579545	0.606217918611167	0.617905613378454	0.763577417710257
0.568068744250214	0.59565934248138	0.55403018251828	0.576241258070588	0.589478193402091	0.578823854690651	0.694716239877695
0.757372946987191	0.782186169442892	0.613419962683848	0.711952245407725	0.691379142894372	0.672216871124886	0.822573245427142
0.561984447793931	0.55517751093012	0.600477416320602	0.619256944474552	0.610173009850471	0.615208765080001	0.808432816637536
0.593688069232599	0.564635846910134	0.520516976063811	0.56500540302007	0.566997905234771	0.53932844760784	0.627922394198027
0.668913702721265	0.677498937451451	0.655748351814573	0.716972670960905	0.675866729128685	0.704240800864771	0.964189247030847
0.732270084056406	0.719493827872626	0.600977911371112	0.665612275753538	0.652605264999506	0.645242514273172	0.786882611223155
0.568432398254944	0.568540601441165	0.596202259381752	0.623749963261771	0.624553294351533	0.615666056094224	0.817368539209868
0.928600630129566	0.941724294875329	0.618912839178003	0.79812425149952	0.780518063510308	0.773167729425813	0.851915564952871
0.563943247680518	0.588868285068451	0.629703297118375	0.643178753091983	0.63892195059059	0.64928665486636	0.877229806167626
0.596912699679934	0.625891675335804	0.622234210157521	0.661659742956987	0.622269173691609	0.620792914003587	0.839776341903707
0.543914940220772	0.557481864446532	0.584520726912358	0.60577638251939	0.578693501132823	0.598623442877316	0.772008754062155
0.594032268387502	0.640698266429995	0.648241619163836	0.680308401278722	0.662969655914616	0.647810704158514	0.931665771137206
0.825418456440943	0.822367894964329	0.671488218214823	0.765880612463497	0.746294567285366	0.730081682786004	1.01029623406657
0.603567760478165	0.628547546851968	0.615599523899477	0.659246476693473	0.646997126188567	0.658105143313695	0.881877640519038
0.598768523056309	0.607591989065769	0.604285700643993	0.651925564054689	0.648352256444759	0.637874004300101	0.875383910309593
0.659500777635628	0.663970126903545	0.610338952494159	0.655915108769613	0.628802906679935	0.632212805244255	0.814657889629737
0.722602539588004	0.732165093904363	0.63052974024926	0.695860285326625	0.671009912528587	0.665295068241532	0.882690218098897
0.666784105811949	0.694763138559659	0.623323282026046	0.663604631269284	0.666353296847162	0.659637484285168	0.90567964023693
0.536177675808368	0.545284716997804	0.594154453811022	0.591846562238331	0.583705550380658	0.594725749494888	0.774364495547613
0.562675488288869	0.574075638820952	0.610475803139692	0.620750408217098	0.621899944545157	0.605195528256478	0.829251563938861
0.603823500330594	0.59062579650899	0.600747153696465	0.621521891274849	0.62010941298125	0.633582985787302	0.806984834126485
0.614050852682899	0.569213229294224	0.598058758057238	0.632329540801713	0.616559090659897	0.618822753425474	0.790725250145557
0.565792655971372	0.581803475280126	0.603245623324675	0.619694592584795	0.596296650964975	0.607605869086123	0.812890252313839
0.920365258139246	0.938802917451606	0.612078449367918	0.79225949931073	0.778655480040848	0.786277206652382	0.796156190099828
0.758283001901147	0.802596916427113	0.626586006784779	0.706440620080531	0.69665888820744	0.69286413830199	0.88510467458758
0.57053765699706	0.56896783027049	0.588345379477098	0.619144571418868	0.609673898536212	0.622362547970329	0.816928359344365
0.480158439371979	0.47750454835614	0.524136873889208	0.505217681707946	0.518805186679106	0.522839502330171	0.623767039021496
0.554840477059683	0.554810130336042	0.583535760305298	0.59233534889023	0.59212537117754	0.584138146954347	0.751030156271667
0.580444380780204	0.62905531985403	0.590443321021626	0.615449984656342	0.618095055435618	0.616334211879778	0.795888188584731
0.60503984854802	0.590060194888975	0.626049140218079	0.657496157645897	0.638191842581741	0.6266919457739	0.850938613347229
0.864663486062414	0.863707152819239	0.599368812652746	0.7659855408213	0.727038752480783	0.732917251673669	0.753279126194412
0.558013049755063	0.563330570670695	0.609912699864163	0.623051731188607	0.629532639287092	0.612913181654372	0.81996025666085
0.589875895282628	0.614501247545657	0.653687561761619	0.668609147582827	0.661548933822336	0.654058753385421	0.924283131739957
0.674768827462582	0.708415633238728	0.630904162051925	0.692011642639535	0.668467303513683	0.657875805419537	0.887118443638694
0.860687984315599	0.867531096293694	0.578293770923977	0.7558773279991	0.75078012311781	0.763491018795973	0.724197232996082
0.569285529740333	0.557806683402442	0.582255677044508	0.591166916042889	0.594085997032523	0.594437365896003	0.764373196568534
0.658478353747498	0.671229753150019	0.607430670036813	0.662790770814469	0.657179543653299	0.663752840645121	0.856817057432575
0.516793311906772	0.517442561396499	0.57490090829354	0.582082568687799	0.550178511968317	0.567431991241402	0.715172100571597
0.581533450173743	0.565234262448062	0.625653603365522	0.63615925808984	0.62280928683747	0.635712540735149	0.84846708165385
0.563532253154714	0.551893761251926	0.596124299487899	0.615444135972805	0.621506442222522	0.606683037834349	0.798019804891738
0.629402319650083	0.618586457881084	0.595898513186332	0.63010096561886	0.620441851080075	0.611054849905975	0.778664878596053
0.497696687030254	0.49418015611643	0.54782319746629	0.547075645013445	0.548121450892461	0.532021619293496	0.671956033956303
0.655922669955996	0.668180790028834	0.573076586360423	0.63023660924831	0.626799154668943	0.615231907494634	0.717606925371657
0.504836626885016	0.495987445632887	0.527581708823013	0.542751237729451	0.521679453443123	0.523519818905115	0.65136794027797
0.556524808104968	0.541724184653118	0.589402667291045	0.621176874542341	0.609469427359849	0.612989342586378	0.792356215140303
0.596238754563039	0.588368721403973	0.578027980596821	0.637086568026055	0.634263493464138	0.614940792122557	0.810581423497678
0.867401718040173	0.861344430107932	0.619767619910588	0.741045303742579	0.712191601208736	0.734238716778141	0.802621260780555
0.541077818205902	0.549897982840899	0.564233467875307	0.585771192210818	0.564118077559764	0.566226631352286	0.696113518557063
0.627135858261553	0.672087126174794	0.628247859020605	0.663110972859372	0.649504607440731	0.626370361675681	0.864254525581081
0.527361674281706	0.527882575133142	0.569081094230324	0.581105652013956	0.576310037086628	0.570081065973108	0.739847585153223
0.553390096814546	0.531298655608791	0.590900082853852	0.596095885985918	0.581916454443006	0.595716143868337	0.769044878533978
0.737702178301003	0.748159498805381	0.630650188170966	0.69460639879125	0.685114075735881	0.666586377003196	0.887734102723429
0.741260379275496	0.740240404339445	0.630551745402019	0.702211426060368	0.662165724051507	0.696646282924171	0.867097464510889
0.882279842295552	0.870351021292559	0.575147886881772	0.754584474848287	0.725549057342821	0.748850101006126	0.734465736612001
0.66935540908565	0.686092120023286	0.611772620785038	0.679380636913131	0.675169482985933	0.668738836551381	0.859767914051282
0.787503303971704	0.798064856205537	0.618297025219287	0.711199963273542	0.706460727469598	0.693578017586589	0.832471087015869
0.998081629048698	0.989522215200762	0.614147690109779	0.867443307736559	0.842861509246872	0.827155337187905	0.832054900701912
0.51467729496622	0.508924035898553	0.552246326688844	0.569261875761021	0.558589977621034	0.570901897935003	0.714348107468954
0.787150427934992	0.789263687698193	0.575865758684276	0.715770691925495	0.680217484848762	0.683501402160105	0.746762046887358
0.760356741440976	0.752718783270694	0.620367659330773	0.691200608919238	0.676546541921384	0.680662171794504	0.808664733545866
0.677314415266777	0.651844127873038	0.576019374704072	0.641694691144992	0.624750589159378	0.617465596892185	0.742802049787165
0.638991984197086	0.619150981166462	0.588052139221358	0.641405851076481	0.620697255054044	0.633051211225955	0.782967316472919
0.541002582878133	0.561958643990534	0.599200901166976	0.611599883412469	0.598958848509204	0.604417654482031	0.78433695644435
0.931301753111108	0.937679280708749	0.657778337468135	0.858381109178839	0.76544154574691	0.796029005774131	0.954564788395106
0.607968618427698	0.591291544128096	0.620693878814452	0.657399401845919	0.64079624872177	0.65089052055252	0.889934833605435
0.666018526105428	0.703858564455641	0.631812292222667	0.679065062204706	0.66792822963476	0.673461729479403	0.89915326472674
0.642490597369593	0.638962223940707	0.602300590429723	0.63883075000777	0.636011562347214	0.643912255140348	0.799656322055389
0.848761026931163	0.850930443722479	0.596394700745813	0.750251709263824	0.716896501439501	0.72578104866499	0.785724710942003
0.575120718050153	0.57475465274984	0.600829304766466	0.626554848745854	0.610875703882589	0.621001756627017	0.814393587942846
0.722334967178062	0.731083568217456	0.612679122897843	0.711478611671246	0.660997575728612	0.702712021966058	0.88958425351023
0.571034850438468	0.567451412722034	0.603379746242927	0.609508126499062	0.596928956264131	0.61557822044387	0.812240340576122
0.570647711729836	0.553295939506617	0.595757462434822	0.62244102285394	0.632963788672958	0.601947795709208	0.824952195437105
0.513228948662742	0.498625411623334	0.552195865995472	0.546774911941718	0.537899768127614	0.544830367890918	0.686185542123926
0.647003194440934	0.62653043387214	0.57835324808644	0.656769517689298	0.624547862032963	0.612419235660186	0.775005555781304
0.642722500851301	0.625721959946173	0.58820172946328	0.616624453586728	0.615637584988613	0.625523157458129	0.758687440064557
0.814385188643123	0.806121397561771	0.61211349839176	0.717152171629283	0.701408830448924	0.708974622219792	0.791976294069409
0.609217487760282	0.585243426154437	0.63657441398121	0.663307882875563	0.63271961934316	0.627067027735796	0.867297932794476
0.639381234115493	0.670255416900724	0.604754566176387	0.63747824565072	0.634781847163333	0.642009743604367	0.832480034997226
0.580259791684261	0.577103575492374	0.598910525811126	0.635121632149733	0.617160711864059	0.61142126220339	0.836688868551903
0.703672196737327	0.722120553516578	0.593521861056637	0.677410264131232	0.64999672995016	0.657973191001348	0.795603869340927
0.635286087356892	0.68401778991719	0.622837082662145	0.686647111979885	0.671437005209637	0.656896244008529	0.89575182523685
0.727116342606862	0.745812132630951	0.611657157075787	0.702272729032235	0.643102804467377	0.663384801614734	0.82454936763338
0.529433184630457	0.540986772793143	0.569958127451987	0.584827012525424	0.57395671629224	0.571765552962796	0.735251525906635
0.555459659383026	0.564793110471461	0.603061056442687	0.60987509901757	0.588343987879001	0.599939592862612	0.78339873074915
0.583813043934664	0.575653729318796	0.607607685829199	0.637749615733629	0.607789535111124	0.599889500225623	0.824468328384227
0.556645072632946	0.567423307230732	0.600553742218048	0.607293356497684	0.588784670073209	0.588339477200338	0.794489051247798
0.515948241793461	0.531980718205285	0.568002087487377	0.584516038311234	0.56419628432635	0.560934142321965	0.729917837208577
0.527728990728352	0.518734675656213	0.552488660590498	0.565286661079601	0.547870102540447	0.546505062057547	0.686944708539141
0.585661789090546	0.606856143982667	0.596014828351613	0.617703761354122	0.625565578006847	0.624874424761197	0.799313120699594
0.694168001369239	0.707392921452349	0.682692381544912	0.738620848775613	0.7103674880267	0.707545638782072	1.02641371624787
0.617952258332166	0.646752717714685	0.633994932670182	0.677220575151458	0.669311168135639	0.662729750204764	0.891919620988668
0.532348135478948	0.527177679230471	0.561011823414523	0.563660234327898	0.571178691004273	0.586883424107622	0.720648972082865
0.581419213843753	0.577127649614547	0.595662122175467	0.621409071606044	0.599877150355576	0.603231105815824	0.803721065360402
0.527106360187303	0.531228905882525	0.573328824164195	0.596647280124443	0.595176165071851	0.581468372726432	0.762303202194474
0.599692663344373	0.590679672855119	0.623635256602022	0.642733867983697	0.64973403420683	0.631233428925701	0.861567881295838
0.618918257798539	0.614208646565508	0.601159505324016	0.634383826687546	0.622816816834472	0.632913714988516	0.811509920713263
0.617005134189651	0.609689202805417	0.597599179354134	0.625563185800624	0.626785280383493	0.645702884075126	0.815830785163579
0.518045057939333	0.509544706524196	0.536581417792256	0.544653042596073	0.557839553837751	0.549505905854317	0.680473039350167
0.561922475268839	0.558268816413025	0.603645188362938	0.61030104768233	0.621146163698274	0.600898927061351	0.808050948649142
0.545563457554695	0.542424262150765	0.594346843560881	0.627475019542251	0.60077088911756	0.610568296933281	0.808966342032018
0.621980038629892	0.628805400045091	0.562262423963093	0.607394800288942	0.614514426818228	0.59637400728283	0.720724438106656
0.752956142287418	0.774035576985666	0.683755222460137	0.75235614243481	0.730074053276858	0.728071957705606	1.04693861388027
0.67390279962814	0.657547750361704	0.637644416770561	0.670805328786189	0.664258567015289	0.651203382688716	0.88184269844582
0.661882442868571	0.623813495981488	0.622621548212929	0.681991728393668	0.670111432272956	0.663003614799784	0.92698812324906
0.519658044835714	0.517683404060524	0.54909173578814	0.565835988854144	0.560950444870304	0.566293693172846	0.719394209633552
0.553607412965479	0.566526837931415	0.562082945522229	0.595419645369708	0.582338606533641	0.588668816582868	0.710871162720011
0.559216239115661	0.571462267593827	0.604806938480099	0.625283220275782	0.636634559245777	0.609065602019544	0.837322491144934
0.560553081435935	0.550693919355072	0.599895969342119	0.608145220169936	0.57756787850064	0.600641036002642	0.781670764521124
0.732193647360087	0.741034303618828	0.618943685877784	0.718101916640391	0.677202183417566	0.695654065618663	0.881214584883942
0.545082609762839	0.566929177415615	0.595048807693299	0.637140379999312	0.620815623932443	0.612472268969338	0.825751007602402
0.660313688262705	0.659307145299193	0.640344382997803	0.67945377085473	0.670835405420417	0.659215695190282	0.885330514566454
0.56988462736091	0.565649046765762	0.600718292124726	0.611771898049765	0.62826582474516	0.629586970838483	0.824892793164388
0.942525702715813	0.910848444971789	0.633699294323648	0.811264518637405	0.786399077206128	0.77639039486425	0.868346014784046
0.588198056664646	0.592490243027726	0.643998584990396	0.663884419382462	0.635623092940497	0.63842543706917	0.894004352923586
0.620922281562164	0.613531354955553	0.647970556115324	0.680391394868922	0.659273258934105	0.672140442801326	0.920057408358507
0.693333190565603	0.722753768110389	0.548419753199003	0.62790370783608	0.613432799421926	0.631410274187884	0.66854092959153
0.815735353705873	0.813597161072939	0.577646409116495	0.72578822519866	0.698424120307058	0.694884532025875	0.732280513705871
0.839155611616449	0.827548522654208	0.596976305846909	0.729885804224774	0.707550557479492	0.715654037539542	0.792789937628622
0.684381314846805	0.690443668138815	0.612715774669569	0.65353246133221	0.643012132035293	0.647831528027235	0.812849489726731
0.583427245051606	0.597003012942404	0.606151640552743	0.62954781924866	0.620162521251797	0.610052956651661	0.826855384917274
0.63852948713423	0.615003440323507	0.60300800752203	0.657405898800869	0.628077907371617	0.622230536036526	0.805687978259991
0.85204453125273	0.831842015794469	0.603230111023518	0.766363362818221	0.719231866099339	0.727604965357084	0.80752784713634
0.587544481605253	0.58362292575617	0.620168376848508	0.64682066782457	0.629979048385887	0.633088834421792	0.84811709238501
0.570656241053543	0.529398367574879	0.583263576977895	0.606840942720117	0.589818926748105	0.597918638140293	0.783454787346435
0.633489402296581	0.65676642912223	0.631157350814971	0.674893713862282	0.656762721836557	0.658890173527711	0.892601985872004
0.809023914416901	0.792573622583618	0.612611522954674	0.722911075290994	0.699328214243186	0.679589797794306	0.825835891545881
0.633702924105522	0.617893519687347	0.643018279154255	0.690341034530551	0.664803996125385	0.66336702166258	0.945826021527111
0.626548550141691	0.62171828971375	0.622836737555571	0.676485319916535	0.650894444982245	0.648186249313304	0.891686513729035
0.514120506258313	0.523888025677096	0.55580051937047	0.561130475936168	0.55107604379269	0.549074724005283	0.714500703646553
0.676273645381903	0.667140804254047	0.6474174781142	0.677350204234075	0.693216717690481	0.676129378864531	0.93909951464096
0.738393436381297	0.772326948487396	0.613166960422082	0.713403579254521	0.686720868499117	0.665406354760557	0.831129120642812
0.596497684064212	0.620446141963344	0.647593693568042	0.662424968612088	0.660562835824507	0.663959617420362	0.923752320127488
0.876099439577874	0.890175035386817	0.607501076439922	0.751113686224116	0.726607446134612	0.727283554852532	0.817518863098773
0.496256459355137	0.517519509485623	0.557132125216944	0.556575108438175	0.555551357961576	0.566278559162583	0.69142722254635
0.663319219828524	0.646724646112766	0.608168594220699	0.669152164121391	0.652400796551933	0.634492046087897	0.830173671929327
0.649994217645212	0.652857556155606	0.655955560152361	0.699596143690349	0.667115425779261	0.666052825130051	0.949799833808637
0.620135202624015	0.605529217724445	0.634705872689168	0.665115653270571	0.647189186690425	0.64500231990352	0.875589258147327
0.568447438581261	0.569364593653048	0.568915091804786	0.592252671390645	0.576829541653202	0.578870584552673	0.705428866828996
0.519839828082717	0.517632154519184	0.570410350476983	0.585868861468017	0.582076454222741	0.565814100560744	0.73306377610556
0.645058148980166	0.638908716441106	0.659108127271779	0.706384584754736	0.688929231967968	0.672676851107339	0.997660144001645
0.554707955087864	0.556627673605363	0.592810040052451	0.609309851552567	0.591741603938823	0.606781566194395	0.797274000641505
0.602080013938805	0.617890392559207	0.648926575145646	0.688229312776451	0.666317895237952	0.680656476461773	0.938467832980642
1.04047402575917	1.03970356521002	0.655128657979988	0.89320782621917	0.859637508532725	0.855063248255114	0.953993137180598
0.586965347005484	0.605361252522283	0.611448996181303	0.642266271562627	0.632589725611157	0.62299237102469	0.827611380116538
0.574747537527345	0.561906182441415	0.593653483044101	0.617510812323622	0.595273257411679	0.589598505560784	0.788547400949759
0.570852029868316	0.556384962510062	0.589920716407945	0.616856568778169	0.596445868701261	0.592549814075354	0.774849636450495
0.568902503467951	0.562821600608976	0.615830160707955	0.623205478709937	0.614212122448936	0.61169635716106	0.824167133553328
0.586303949129439	0.584191003029872	0.61369356355126	0.662254787056617	0.649486124542134	0.64903327146569	0.879612571563516
0.671721382568942	0.668704303913869	0.629881834196363	0.68504962667616	0.671636527252409	0.662677610543656	0.873192871910899
0.56131605658381	0.573997164368664	0.605019436700356	0.633026754361681	0.629602804714073	0.626277584242314	0.829055403736249
0.688292481141909	0.691830450914677	0.601625556749898	0.695299792672318	0.671822590241849	0.661873802415714	0.854718908421299
0.557384558208712	0.566582964172229	0.596994464339932	0.607048067586923	0.616594622537782	0.60155663362967	0.813761919287529
0.762654012177196	0.759704888654457	0.646280357887302	0.712489237887342	0.720233354284268	0.699102576041672	0.897052818144037
0.541426183823301	0.528386155973485	0.547832677281441	0.571540763567908	0.551803067446007	0.56950174455497	0.690072186298947
0.752002595973734	0.699161873930238	0.620305214850155	0.719264919965236	0.669735863728057	0.654252490343966	0.852620061440489
0.685425211304346	0.69273464686273	0.648471418679319	0.6989414293839	0.677923503018069	0.676097884607749	0.911087020041744
0.647789730914195	0.633677725525077	0.627122383201239	0.659498226878644	0.640824787839435	0.643126887342077	0.84149856304745
0.652048273443725	0.666347856526393	0.595424765729331	0.662629138036131	0.649479920277	0.647496374534093	0.822665780583807
0.760435176941721	0.734381098322236	0.600649540502871	0.677993529414523	0.675894710642319	0.662863090258105	0.795564296030599
0.494893907131226	0.488430246938553	0.534189426630316	0.535025354247319	0.543364921099497	0.536684130804789	0.660320816275973
0.688019120824846	0.677721254460997	0.587835202925327	0.685017868541167	0.656822045411808	0.629186457080603	0.789487419926407
0.591480351875808	0.576074342136959	0.490987089930113	0.55840031261084	0.532178606993393	0.533231987551101	0.59218311137646
0.806985509662305	0.796503061671689	0.607606364541526	0.724374111436015	0.706085777802232	0.698023727262854	0.808271036656722
0.634988354432828	0.665118769619786	0.601776170649689	0.627770926737133	0.6235258381643	0.644803119276428	0.810873446636414
0.554340120724196	0.545283143383958	0.602036220935275	0.622660617656835	0.610464216819577	0.60954364290845	0.809691182979392
0.807792717465574	0.827767791387081	0.627983334053	0.723533200892065	0.703644297448268	0.709827070326137	0.827896568688831
0.733424546227053	0.737672872145012	0.588986833300221	0.694657311356514	0.646222318905852	0.63396639206649	0.757517609683885
0.570038107764638	0.548837891939857	0.608768847939601	0.621639827718508	0.612345248618762	0.608093155506555	0.809908610145611
0.720640665063468	0.711645900291392	0.588423256177816	0.67641587567461	0.643965856331829	0.651257634580888	0.77969077067023
0.517422030139463	0.521164636377027	0.561910200925529	0.568459217802872	0.568692442065966	0.568641385478897	0.726814512110305
0.600029757691387	0.582816726933034	0.622749003318545	0.652556853743504	0.634741156335344	0.64058293271387	0.886706687954257
0.866620742386935	0.873077025621765	0.628739852812771	0.755249667849853	0.72628850897372	0.724846368716872	0.823163086907038
0.541519369556083	0.548144670164746	0.563338092995144	0.584888813619836	0.574971752994583	0.574697009674351	0.739995517548695
0.576127645529508	0.564733781028781	0.556734936584216	0.605806072200569	0.577265105972473	0.576531091224746	0.71282784726853
0.569752355174973	0.578005034385178	0.610989746347795	0.62978221297177	0.633716230494722	0.620320125787691	0.83312884916325
0.81454230743799	0.828189084858477	0.643458425558945	0.737153741652462	0.717570955420207	0.72402891287256	0.926254583022072
0.930699276977068	0.938244292881048	0.640509050743007	0.939221071293599	0.912875927273697	0.939254971821615	0.824267733663859
0.677335258898465	0.674000382606051	0.579635676028309	0.622549255296509	0.620258546131142	0.618819112511963	0.746688572859606
0.614159208264947	0.621413006748906	0.582673268419062	0.642399677075353	0.623269633654385	0.616488357900806	0.78669216204743
0.545827367020738	0.522935249852985	0.560719467938762	0.583888696471825	0.581058623003951	0.585351755716534	0.738812652190706
0.633671055156204	0.629391366556713	0.556580500114386	0.617970520344604	0.60826634741666	0.58743560227525	0.709035742706421
1.01180385929811	1.00775792671081	0.647178416125023	0.872344624843826	0.82709077090898	0.831338916039701	0.901123236674333
0.621274166077389	0.593649649341145	0.608904714250082	0.640693545004426	0.627495781401873	0.640132691781872	0.819478442355405
0.961325684112907	0.961568128936156	0.636251817948485	0.848777910020037	0.813013695567794	0.786747581322577	0.874960477649374
0.601994579622715	0.579655497634647	0.62534061982259	0.669280901668727	0.651314716969244	0.657522840095194	0.897341924906436
0.515053276541796	0.515474962042734	0.557645905154952	0.554209257678234	0.547266714981372	0.550066366886043	0.701522433756588
0.717728965359519	0.691310928099941	0.628667673334919	0.704675452560004	0.679324420745418	0.668925929971723	0.886198620050205
0.631115268322553	0.623903620752466	0.54898962456555	0.600129264596687	0.590864189609786	0.576537631470568	0.674419732471239
0.597438962969367	0.61662872155195	0.623330111587899	0.649137711043692	0.640616183643159	0.629601732400314	0.838402136909413
0.684559903048322	0.695103464750616	0.589598769848316	0.654260396497904	0.624226676292547	0.626076386009454	0.756472669340832
0.750440100420718	0.739870117083902	0.63326927940584	0.731867914402134	0.693565755991687	0.70354685842633	0.899130890971171
0.742962414967904	0.765010331288731	0.638050625035184	0.729267684300516	0.695040976166029	0.726987846181004	0.9131284916224
0.619582666876384	0.634851938404809	0.656509422560726	0.689083308294686	0.655888962055838	0.649663008161379	0.908707265741589
0.759926867183609	0.762393516663772	0.584970788080665	0.686342342717069	0.652393065670777	0.665330166480955	0.763721832651337
0.717141387532052	0.725647028192509	0.611704831147386	0.686204011747056	0.661120811172992	0.679784259483061	0.851870183883876
0.53685997274448	0.535989094581145	0.559013129218379	0.580908662086607	0.574733993401852	0.59700965038688	0.723841130522896
0.753798219593107	0.738820355777823	0.624709758846654	0.687337023484855	0.668846486673759	0.684829529199237	0.877323190595007
0.771566572921732	0.758191834650516	0.613913359689858	0.701037676173968	0.668924950089462	0.67306014786213	0.811024068741171
0.567884059523477	0.584771486681756	0.60004744351496	0.625639246792313	0.629649459455389	0.614953966297749	0.812707928438865
0.611613711950075	0.604574753274997	0.62150179199956	0.65533034183629	0.634702495890382	0.65483830544716	0.878738090771275
0.717399769113934	0.701839662621159	0.634470507998379	0.70840158840406	0.679127679999271	0.66180441937576	0.854790276485547
0.560217277935579	0.548240308614112	0.564443357272454	0.600765272855657	0.590419414723215	0.572888939161317	0.742351593973824
0.59966829870522	0.573354040739739	0.614448668858674	0.63812453998552	0.640907555049428	0.641660014992858	0.87802951901941
0.807858317694931	0.801386042743998	0.598615999480747	0.711249237833856	0.688373903315933	0.672219730133961	0.78513088464699
0.979101777198425	0.984698772739597	0.633791791474197	0.842240198122473	0.811912311087459	0.809920165875901	0.889062338680298
0.898728025901787	0.890596743968931	0.691024506269302	0.807594589349141	0.770426553781159	0.77727415014988	1.04860666403521
0.665555564986212	0.646174659240361	0.642875757036937	0.691569710735728	0.646206827769553	0.676350873804727	0.863172459568109
0.594799593002613	0.612341511409642	0.602742589905017	0.660890974198257	0.618379419166174	0.630767642934444	0.8302345229007
0.938906384774563	0.955123176430738	0.636638553732216	0.828424523958994	0.778727959952953	0.782001910387177	0.858357334653055
0.602617211794308	0.580706064178929	0.6356818022752	0.657909155601146	0.656795739420361	0.654972818547304	0.903508572504665
0.577440187546438	0.57272694899704	0.60776545673856	0.633216041610567	0.624338234970714	0.617152525111947	0.833948450822934
0.663036167907358	0.666767971886758	0.597097038451998	0.661623096571017	0.632522021569585	0.649197665543987	0.810231717890215
0.604427793091256	0.611344150482751	0.604388172981715	0.626777294549702	0.615182911426728	0.621114493077622	0.800493993247881
0.550378232679961	0.552710499357016	0.585700235916144	0.60669810539878	0.603179949025624	0.585455925538077	0.796112691903602
0.498572504768599	0.503904379829202	0.552275007094347	0.545803202119679	0.54580422491125	0.545363371543799	0.678476142686863
0.561678379114152	0.558717309658899	0.612244943742866	0.624162830883009	0.600406993135738	0.611953869195225	0.825999807584952
0.569449900302039	0.562513896587729	0.611577315631671	0.62250848279667	0.616435949662606	0.610868436034257	0.829499445510249
0.59206268591668	0.595704720541887	0.594088977753173	0.656276348751919	0.641815868173503	0.633275356038147	0.874673863398687
0.770496257179562	0.791098586197196	0.608994701942196	0.705290652592328	0.676171111582453	0.678007119519449	0.837257365429337
0.598939004545266	0.597757068568659	0.601147233423022	0.64483694151574	0.627885912448291	0.610110055044939	0.791979189667892
0.517430222784687	0.51616073465444	0.523231002852331	0.556435361494662	0.530301151916739	0.555727514141197	0.654289010128783
0.511340200533476	0.528909108038064	0.560853379118375	0.586326236685999	0.557851905538196	0.558794749234181	0.722856523658406
0.625988298467801	0.612903709548887	0.654843831900514	0.661221384045236	0.665326849496243	0.657404522079643	0.906602505503042
0.674589400337202	0.673001256493681	0.588632388167715	0.651563662623286	0.62345324093817	0.621219150293915	0.760884108775654
0.552208891115801	0.552795240705083	0.605415171463239	0.603975990404825	0.60346269153965	0.601602042740595	0.783880821885045
0.696721466181721	0.701225519173307	0.579381228596779	0.671468318889415	0.654111851954703	0.646254910663505	0.764323800356398
0.613565019425029	0.59858760874761	0.617832014592231	0.650300236158093	0.636133562159963	0.627265097709924	0.882875356171128
0.551549077374873	0.55048172107206	0.596066913871121	0.614497306426392	0.606543492996489	0.611421972356699	0.797145286657829
0.582628498888552	0.583016936606389	0.630939495304005	0.669653552600023	0.628729936747159	0.646556020757136	0.851802888522427
0.5610039444484	0.569148825376335	0.558076317791891	0.591456850492723	0.57966540240399	0.586223849533606	0.712378996155389
0.566740955754734	0.56239005355269	0.612877511840327	0.657205112856863	0.633693396024798	0.617772226349431	0.857886149272127
0.555876756910516	0.565436390224741	0.583483602692841	0.608927785659233	0.586868829443033	0.593438808804563	0.765024225631992
0.62943375490032	0.6132999706837	0.660085725431872	0.688014040395441	0.659408735757106	0.672004375013813	0.950447758577172
0.555432089687551	0.556292633761619	0.597649377531292	0.625820318810633	0.603629372323287	0.620426402000148	0.798511514211375
0.6645151524714	0.639319056375922	0.596370632205037	0.66113806491521	0.629280625408942	0.623496599796243	0.781555002137417
0.568343507966626	0.573179237072302	0.616071099874097	0.638252415049244	0.6188161749385	0.628550455139772	0.835897499317223
0.552894899746311	0.555480858769402	0.582088722992168	0.585164687526098	0.590585598182787	0.576269058180771	0.764537799246799
0.642707225930845	0.599017755315955	0.655171551980269	0.685545367269292	0.6981617620481	0.660991061708011	0.952508432706128
0.552593542345783	0.547672223182439	0.59090460801998	0.606834909758125	0.597969197739366	0.595179098573079	0.781385210212854
0.689938383524846	0.719562998947196	0.615404086744132	0.687652774679686	0.667373417783504	0.668251560307651	0.855227096830181
0.638086565664712	0.641734476893944	0.596363240636143	0.638586934293867	0.621693769099022	0.615067665011594	0.774633021934028
0.570950258785804	0.590417013856471	0.581379881373619	0.612532064103968	0.593584085303744	0.607418873039154	0.763323245972443
0.68401457657863	0.656355426238247	0.607733864111233	0.672732693048069	0.635498095252468	0.628745690567057	0.794225179118838
0.667145803875651	0.689419173418736	0.588422803243942	0.648772442495554	0.653222979061187	0.620859463159931	0.782376184631784
0.607143778613681	0.565010012343757	0.609978656638737	0.639874278323801	0.621310132345357	0.624679845135008	0.854746668181357
0.591454976861148	0.570951408353884	0.621862852098975	0.638564680203923	0.616624674717504	0.626375077920764	0.839998460936317
0.707360372809055	0.730628663129424	0.631264892898218	0.711042086633036	0.671720475004155	0.685098389954071	0.90688141228099
0.78046513174842	0.777249186760003	0.617472007542959	0.726608160020988	0.683923271211024	0.691097273377346	0.866838506077508
0.713735301225118	0.715883962626696	0.578429546196679	0.661631241137092	0.660733961184279	0.662343646824381	0.755876603898318
0.60841727293275	0.606196787303754	0.583611337759895	0.626624369040568	0.60909207697997	0.597958521318323	0.762431934660675
0.962548764162223	0.988243681127084	0.651983990506199	0.843395983964957	0.830708581715658	0.82423008008911	0.848919027734283
0.562264653053419	0.556678690824199	0.594138176376183	0.626978368229837	0.610301232291215	0.587872488295335	0.796378530728253
0.598219709976115	0.599250651363133	0.547818639948427	0.592583409468168	0.602671134560221	0.58190377154473	0.700947474940423
0.876238855859546	0.880445092867327	0.620851183062998	0.774655568055423	0.726417595590116	0.731857177412545	0.823804057073739
0.624111569770498	0.623738212522569	0.592062969464106	0.622275557921404	0.632867108460925	0.610327253987661	0.786211164933348
0.509196531551282	0.503762127344518	0.554610976774172	0.561138195645636	0.552132775320412	0.565464232748854	0.70404601300048
0.568897916398722	0.565633642783828	0.610481215565837	0.633088749286499	0.61553723905773	0.614721350050045	0.82910219447604
0.762966157539255	0.759218365848354	0.626353011406829	0.715355619046368	0.689597690792183	0.692811408049344	0.889950120471701
0.583460090389696	0.607234119411032	0.611577524319676	0.658721820200537	0.648298827959431	0.633693132790377	0.896382312333388
0.562678526126608	0.566304423244455	0.605600350561352	0.610495457971156	0.621385033873112	0.607500577572046	0.817234294164504
0.528623008598532	0.539112991181771	0.588193258566411	0.592509327183081	0.590621887553691	0.585944673949244	0.775360793152861
0.70914152286378	0.714950939911313	0.587269515521862	0.665665385467001	0.654173275131602	0.641234558563115	0.773337422962059
0.755850323804049	0.763095481940005	0.586745645739447	0.689963699299252	0.659565451554844	0.667992814339741	0.737346653384604
0.626100514314468	0.620028925477364	0.557738602377418	0.596041806869712	0.589665733419624	0.596441541545875	0.694718050897849
0.571595452228603	0.565281796784023	0.623481370414619	0.649330409516043	0.619512728640356	0.622259583708178	0.841211616997124
0.604691783058911	0.621888710183365	0.653744629330191	0.68376304082107	0.667508092040814	0.676721638889946	0.959613682774898
0.674358557368319	0.71186992070719	0.606148328277642	0.662902756800024	0.635839889482751	0.640066004632385	0.788249250963773
0.964194381204934	0.974501142836098	0.617182849302873	0.889024444194098	0.85326380739463	0.850400931400893	0.792945451164344
0.540338134665752	0.530558467267958	0.563121639803218	0.568018951017558	0.568653886785831	0.582705954140839	0.735465560967858
0.552432113659242	0.558507868276301	0.61045345440975	0.60499179919456	0.599629368776143	0.606607476196186	0.793582879156204
0.611786731273084	0.59841542886582	0.57940445050252	0.60761180948432	0.5839067324035	0.590866088492449	0.736305791333237
0.539768088033675	0.542838411897928	0.592606675792161	0.58978960993699	0.579810174915	0.584310467615924	0.769558046365121
0.566296945973419	0.55434598539239	0.590774484154892	0.611711526331245	0.59296954004984	0.60456456074096	0.784697845596932
0.56868703855765	0.555095539174228	0.572097528444801	0.594454842913714	0.578184837258627	0.583826065643824	0.724196476941576
0.516328167173303	0.541060696296213	0.588121822804311	0.585103002844623	0.573520228026159	0.577089904372785	0.744558601213823
0.49522054709616	0.50152517704908	0.549263778524677	0.550222728411421	0.552113765691258	0.547564489050916	0.684282546559186
0.596408655701942	0.615637887390992	0.571306397728053	0.618820629862758	0.602913384995422	0.610217278393763	0.744667177575593
0.564143787412097	0.56113231910365	0.593489730491199	0.613472040427716	0.588846513162059	0.594037578884178	0.77204486831141
0.672539563060615	0.682367587541803	0.555799873913771	0.621610759158024	0.615201191135524	0.625068887656798	0.702459641505467
0.639152007080583	0.621811493316307	0.601639893570345	0.646248500609022	0.631937001898207	0.637092065859409	0.809437675345728
0.735148528445745	0.729663035027133	0.622126328046989	0.699939822158469	0.671529007304675	0.660001532198164	0.85782786144309
0.910660768091372	0.893384751446427	0.611264778697241	0.77411468021274	0.766711763364785	0.779108939415786	0.768370333242861
0.571707657833102	0.566356112028756	0.59604121772392	0.597314311596835	0.602210733427476	0.595678645785904	0.758845498600283
0.617752487040355	0.632348217212953	0.621649177887678	0.679297010548174	0.663525363448284	0.639790228151063	0.880318811167045
0.617295648815912	0.602772953683616	0.603994426577725	0.633981557949011	0.619389257919189	0.599113505061451	0.801903030738652
0.736658247976434	0.708003373972275	0.639756729683589	0.702341952262144	0.663807929306415	0.693503138418492	0.947822374688755
0.577901706440483	0.582090431541097	0.632115561507858	0.657131363611822	0.639945862388193	0.638187392207708	0.883658001277317
0.544154381251307	0.545736988414959	0.573963281387122	0.588347373774508	0.576308346947694	0.570928508748304	0.728088723965168
0.633418384741573	0.611542420546167	0.625487798767023	0.65382503538772	0.644977760517406	0.640199410403073	0.839860259098076
0.610928376093639	0.608872920054476	0.585919925986658	0.61074688986665	0.612991669227883	0.612927594811605	0.759708726145855
0.615806155623592	0.622389946195442	0.605071928141428	0.647931318973766	0.629967752939199	0.650165234412432	0.830407365855819
0.528915098878678	0.533645296290098	0.58343690696448	0.600713093905942	0.589566565912691	0.572768198327583	0.761223779165942
0.554143697074547	0.559697363600172	0.594058928377425	0.617856041349648	0.596355542136695	0.610533520686769	0.799196917854675
0.508853008888465	0.515632742300048	0.564643576760762	0.562587714003822	0.561877736964012	0.554912566212395	0.705284408951813
0.784939562049694	0.784171488482418	0.578311307347396	0.689543650207582	0.670262276529084	0.673386766985117	0.733684294758897
0.609669094840579	0.605714171509228	0.643131606913756	0.663577526913422	0.641505315881132	0.651872366734526	0.905635248874919
0.592091819836215	0.603772434445374	0.604955713885158	0.652236003738204	0.6229316303743	0.618278143190688	0.822622910507047
0.683006822871638	0.714083337678344	0.607521247026317	0.697460100738844	0.659168623814143	0.66947909686557	0.843281196682202
0.605342289776434	0.592872575033092	0.61757306556197	0.644499721208698	0.624302806909641	0.636431022805076	0.868271070465257
0.529364555557337	0.524886146296577	0.552732461820268	0.562403692545947	0.55944533847909	0.559262497017342	0.698538406742635
0.611610941844437	0.611484885562142	0.640282005639811	0.675987944395438	0.658173921950485	0.655055754755533	0.912815720055193
0.707026243317163	0.714182342525868	0.588032414151254	0.666342145203743	0.640195951624726	0.670816461621819	0.77868515014619
0.730971019767626	0.725867677504463	0.565702655306458	0.651811155104057	0.619081915943257	0.628955849649796	0.70034505462647
0.641845767717783	0.616925219416929	0.630559495718211	0.676080635461696	0.655676827314915	0.658638765934476	0.889867270356016
0.583462108010892	0.599212575005465	0.611887508667768	0.641703354199527	0.618514185196424	0.617834690869631	0.85778659857419
0.932436905325368	0.952756178891994	0.684406513741375	0.837787617026095	0.81102534871714	0.771304279850488	1.04999459364941
0.801428481945817	0.778800789342061	0.599732209980752	0.723349612992833	0.672485900838107	0.675756034580261	0.800052426572289
0.583147218218549	0.583569153729291	0.614674638105708	0.654903061122566	0.645396850326154	0.638271308481531	0.87612139396321
0.626333626264223	0.617510576357325	0.595682015159608	0.63418734675613	0.626027703584033	0.619597958932717	0.801890700310526
0.635840747173006	0.669021679444379	0.641132772926035	0.699433975560997	0.65612067491114	0.648342289436517	0.905077139948869
0.571129705352508	0.593235858320001	0.628933366954491	0.643285174973787	0.629831398103261	0.625088412340857	0.859277522645376
0.533277324370437	0.52910897468547	0.566342829218382	0.563435576886308	0.57490748080798	0.573631629227058	0.74524131890719
0.845430696105723	0.82095681501942	0.643248442832649	0.761645635327174	0.719410238730769	0.730891931341851	0.875249655291199
0.541924096328596	0.549357628064567	0.550503230542863	0.578165887439079	0.581188414679602	0.564714231794198	0.707089722795198
0.631506737821877	0.65143196011843	0.627360438631452	0.675603017222181	0.651266098143078	0.665610157614458	0.912921196322459
0.572720113849256	0.567328839393326	0.561439237764908	0.585375061330828	0.598455751385534	0.580558980730037	0.742589669384673
0.698788483172988	0.705628302142101	0.586057166192376	0.661870487216159	0.652522229963789	0.635078521655647	0.752228570044961
0.603714405528928	0.606580298141051	0.607212897502749	0.638797509757906	0.614185940689373	0.602550079778085	0.793419559665515
0.617102128148221	0.635141759698058	0.644070038362018	0.697688602155737	0.665818053276841	0.690953600744012	0.969962468777889
0.738355479301669	0.727221705600906	0.667172636321591	0.738228215327549	0.711344981853987	0.690331244034236	0.983251735833738
0.571919213691366	0.572727102925801	0.595023793405272	0.61026980236485	0.614840232866803	0.594670765970033	0.780279743297356
0.571558171370085	0.589300630813263	0.610695343207956	0.628854817361522	0.621936798881706	0.619364745029196	0.846504044461942
0.569609206259714	0.570709496639513	0.607420803841836	0.6278947913903	0.598686756390768	0.599199482751645	0.803727791238723
0.62635081891909	0.627109572294438	0.608237958002802	0.673214331604438	0.627508394114922	0.645018559546528	0.829706581822262
0.496038351009824	0.497116728801626	0.531378676556827	0.52392189557086	0.544171328964281	0.537009043057875	0.6626053272468
0.660231206885528	0.674758796109056	0.636316522413081	0.698876529173251	0.683464086337833	0.685180385695665	0.93629618229967
0.576184614859957	0.588518453372307	0.618913771037264	0.648148063680165	0.629139315526447	0.638184011046873	0.851707652975438
0.595748100229322	0.587614644367956	0.620502421894133	0.651949310699648	0.630609587591179	0.645105123573922	0.86417831605614
0.601128192561853	0.59878325897173	0.629753462429988	0.65686842326056	0.649415417770456	0.632650961705532	0.8751150761548
0.916095702370481	0.924430287444767	0.645190330864332	0.805997190910217	0.763883489837526	0.778931433328896	0.925435786579555
0.848812848664423	0.870719586203359	0.605482341197012	0.739915061156416	0.707612497667826	0.715127443976998	0.786210967834169
0.543494990878421	0.547099704730985	0.558594171545195	0.579161223938277	0.576764777872944	0.567038527262046	0.705104054144224
0.524920303891369	0.536671593921065	0.59082488179042	0.588021471643413	0.576933813236163	0.584384477386448	0.753869668940463
0.625670531334841	0.60767349513103	0.621948563806331	0.634445815592593	0.62337326418517	0.626418397372268	0.81900238365535
0.675195359819244	0.686745368156095	0.65276284518506	0.698545416186567	0.677144818708533	0.693190596099411	0.924207139840975
0.704010775029876	0.687830092639753	0.607582630705974	0.665881041452006	0.659641280352652	0.68407189042351	0.844052240918453
0.584476527074398	0.591068198480997	0.534003383291825	0.571362643829924	0.574253276533054	0.567945758167243	0.662646166718893
0.994672352510277	0.988703563304478	0.661439698685259	0.844500931754507	0.82141674077633	0.816730211844903	0.923110886733233
0.601268422216493	0.607861208111079	0.583368505851352	0.645731754719089	0.608167596550552	0.617380019531611	0.796038931155364
0.689709827781319	0.688277680436545	0.649696941007189	0.702798817433742	0.676332799568742	0.684736919572416	0.959431970363919
0.557158440643664	0.57581215516581	0.60449740104803	0.623329517115737	0.609659371026168	0.60297509424797	0.820531994739855
0.597885594712055	0.586688753320299	0.616943686655639	0.638709602276531	0.623187110147325	0.61364059551798	0.831833236204997
0.747803136134919	0.768860771133236	0.648086035703869	0.724194354534311	0.703409842549559	0.722194334312378	0.966277990188062
0.558545978764307	0.560235244721246	0.586277295752535	0.603791742216614	0.604239023984673	0.621815792778857	0.797294390587724
0.528539914106113	0.544632746617098	0.568957031471559	0.584502817776309	0.580372664561341	0.573102458014658	0.755896763266541
0.683552960145693	0.687548712278865	0.613966678169379	0.683596873446269	0.6495822482395	0.654693631828686	0.796925247337469
0.870153228716177	0.851975075068428	0.672667699413274	0.791585822645434	0.767826458094354	0.749284780190534	1.0365333052093
0.757330382189334	0.743534707998145	0.615445893660626	0.708919855966819	0.687575503532551	0.69263181535584	0.86638082574716
0.75768271587477	0.770254615671636	0.608943203536866	0.718187255986037	0.686047453754316	0.670974339054713	0.83754575380302
0.748811671169437	0.732781509382221	0.611277731593653	0.702537781818372	0.684890761980114	0.655231541469963	0.821281054323943
0.661246556812774	0.703043740449935	0.635330670056402	0.689125684222996	0.681471889348197	0.679120380172194	0.928653957811895
0.636388176569253	0.662784000140112	0.633252892159303	0.683745903294876	0.671278427527754	0.665561099123923	0.916519373349456
0.545261918589444	0.573847874884872	0.575219341546215	0.593407571312265	0.590530897875478	0.591244659240783	0.762309402584887
0.541242117774004	0.554262226059365	0.588632965820082	0.60218190749953	0.607031170157339	0.61217003053623	0.779912085610027
0.670369364531808	0.665449596428049	0.562205874480337	0.621355940622313	0.604732409936509	0.601555598850075	0.693141929993807
0.615144050743948	0.633107795377244	0.617088177553652	0.660770595673294	0.643486585387114	0.643388633763402	0.850979371321894
0.559794392714686	0.565186962360896	0.561296945276053	0.592245356884629	0.569386623073858	0.575101082744997	0.69916367730636
0.624105113208037	0.635383876892244	0.520280324432295	0.591753306171005	0.561297354323726	0.575434737587174	0.641763685982994
0.590494708395743	0.612715411033445	0.625864248100407	0.648111703298617	0.632658378565218	0.630606179581786	0.867290870109598
0.539710437626302	0.519825927602164	0.578980359934998	0.594847155841796	0.567769761300203	0.578107108451363	0.757236345404992
0.576484531749227	0.595840150795409	0.609539403707871	0.633519814252387	0.64587418890833	0.610202847346832	0.854421362782872
0.524725087861734	0.546124527828228	0.578666879321256	0.605168541839097	0.565863658802002	0.583881209751994	0.744104416319681
0.560495137652931	0.535571418388205	0.569810140093353	0.594393191066094	0.583087457375009	0.582942021922599	0.744451293089828
1.02095110967636	1.01249212647207	0.653773129850486	0.885353794713737	0.820876338705528	0.842090614880453	0.892436623755702
0.944970223495656	0.925603259745109	0.667181542475304	0.842750627451941	0.771844230063323	0.804442699292438	1.0182307350489
0.604268278647517	0.621636091271067	0.60163373086182	0.634349238352153	0.606105441011581	0.616163004970647	0.797955954427723
0.555822630791178	0.570825384137771	0.533295656181476	0.581845603193678	0.550617756350122	0.567400396928413	0.671804809576228
0.580992244916168	0.576142932329154	0.602579138939449	0.632486329025795	0.620632048332056	0.615705330280771	0.8448075733482
0.675431157536524	0.663063405662361	0.633442847499641	0.681958751121633	0.666930276147942	0.664488995911558	0.878790612983311
0.600164083301631	0.612419659058915	0.630382226347812	0.654538783753949	0.643174182821628	0.640977995562924	0.888865046660495
0.810227952615561	0.829368921204028	0.657544514933353	0.785013570753726	0.757097347155638	0.73202867164574	0.992623841612858
0.513021109569817	0.523387348448219	0.53185507550331	0.564717271749489	0.568310596047207	0.57101468399993	0.701154454594911
0.493371269928099	0.499654714947388	0.527314286709462	0.535549201106511	0.519892096119985	0.535965982141321	0.656506078321157
0.602257111234111	0.626419360466573	0.598955074751391	0.63897852556047	0.627610607254881	0.618304175000227	0.810320110982774
0.662451242110405	0.648869315500221	0.646407693093448	0.694654630288256	0.678691607502385	0.669599968542371	0.918652748499727
0.647297639413035	0.626001458976704	0.662506726122894	0.681228740343423	0.682626945329595	0.683730395464596	0.974896661192195
0.587361051403787	0.576337056467865	0.572081072792285	0.600782570082387	0.568508747259072	0.56412531488561	0.695732504936582
0.721366691317355	0.732451471836164	0.618570695275374	0.704636882392542	0.670942629049302	0.693381191248169	0.868054666013334
0.579308757839916	0.575190334867101	0.564721721986589	0.580424344820391	0.600958527100864	0.598431596845395	0.754585009934931
0.660124063777563	0.651347059907287	0.650831785221918	0.669744127826177	0.666529739744029	0.669949088822195	0.876808187103388
0.572424874564403	0.553726316276973	0.591460331778017	0.612145364797188	0.616777709270436	0.616470713410437	0.797947727731365
0.600894827858789	0.594883351290888	0.640189677871731	0.661842150406103	0.656500373942984	0.661483547152399	0.906131624640046
0.56713395594935	0.580617718038488	0.580287462606025	0.623583330045312	0.601144612531449	0.625130303202514	0.775744478155358
0.588132467570344	0.582376016545639	0.581582988506078	0.62597601759275	0.610272168869713	0.61126865083021	0.787363439400277
0.563719695137273	0.57125836155926	0.598182616851293	0.61522756502266	0.612681167207597	0.616051203945087	0.816657975115269
0.770740215835251	0.767703359792607	0.646863125954167	0.730947858848291	0.738117487115845	0.710590708555496	0.972040227827709
0.736621653280786	0.72106419292939	0.645294193438445	0.727261807874474	0.701511226752611	0.704115203715211	0.965630693888702
0.606146122172141	0.604109392946594	0.630132474559955	0.660800341401851	0.670012395215673	0.647671434408508	0.910626348059881
0.541846399047528	0.521373119597634	0.55619525873026	0.577030886020927	0.569351378843456	0.581212434157199	0.718442638751754
0.70661423079661	0.711452875357847	0.593067993512781	0.669728002324776	0.639366280634616	0.63828977406446	0.767691334268708
0.528214492816857	0.54307683361968	0.555229566413719	0.576021895036129	0.562260518031694	0.578315447765633	0.723440339430484
0.782100082232447	0.767989250307611	0.631081934501182	0.728446584360186	0.693343626344167	0.676957394607808	0.870517768733628
0.60756508185264	0.625183132384566	0.605141607779249	0.660804086728033	0.635956695236048	0.635762900892587	0.845044933553876
0.54376506323092	0.537220431590685	0.540282367443152	0.58366271753861	0.556600081826714	0.542768723065488	0.672859531951972
0.570207986426422	0.589096927009879	0.589028647421628	0.602746749026213	0.602062853081968	0.596505009981468	0.761787515064951
0.978320785737539	0.973564124619874	0.639754131026899	0.814152518411555	0.797862949049025	0.789531559513912	0.878915023184989
0.695239050482367	0.691261461688153	0.589449364106695	0.665516924285183	0.644818198339244	0.640080764744367	0.818083665793606
0.62699220326324	0.635777907393974	0.618151468585166	0.664606414820506	0.65131535830736	0.656178420718951	0.886013251158883
0.548238657401138	0.547575488198708	0.587405032848108	0.617262648399572	0.60044389284759	0.598621000496803	0.788829498092811
0.675553430456964	0.657775567443948	0.58586950288087	0.626053905974029	0.623248751419188	0.615458790892761	0.732100514277622
0.577756685432367	0.578565996869616	0.596243117229091	0.622968212387985	0.619093693358371	0.625991205418011	0.822077615660215
0.821210942960147	0.814445818625278	0.626151400998873	0.740784835960504	0.713164559865471	0.708084573314703	0.877687916689829
0.596937551361709	0.59178614225881	0.630689348492189	0.643796566142989	0.643064047824795	0.652089470431063	0.89252208475216
0.673964304317253	0.661994014053798	0.651322031191553	0.716794109211525	0.651288614576668	0.694430204694674	0.961013310308089
0.6839822697772	0.672422973151255	0.623744263493033	0.674877979164205	0.646068084182532	0.658962116531696	0.855573102866727
0.766656165757232	0.744283873830757	0.628695002331261	0.717079498872701	0.683902246607099	0.6875858629595	0.863936887193214
0.593564193243153	0.598036077721838	0.657815811377099	0.650471307601766	0.646489362007815	0.648443380635668	0.899675728725741
0.500970731102611	0.512941621426696	0.553046009138871	0.5616716541135	0.548719098543523	0.557919759794611	0.708462959126539
0.602187797350722	0.621098772990898	0.614516651645186	0.652468382774594	0.64458844066438	0.637459536535653	0.861537878362007
0.586244169382731	0.56212642226425	0.597784532540768	0.623639734690748	0.615195737365243	0.620230068379656	0.823784964687312
0.509826894571364	0.514162240872856	0.562724976918701	0.578912184664561	0.561959637605702	0.569563127300926	0.722075722323207
0.600953701853133	0.594918269252192	0.639223349475546	0.681729244539989	0.641825878640169	0.639454344260649	0.922235588174352
0.892838797471734	0.897294125072634	0.60854099724754	0.764628540761972	0.746344705606802	0.746542603156568	0.755143149359759
0.536883289719414	0.546639952356325	0.566799305492231	0.58008604876202	0.565707114498646	0.563601219371202	0.685608391341415
0.604346164209084	0.605017858085534	0.622008827141182	0.659990357861088	0.645301251088304	0.623899917441509	0.858487855037484
0.529510774755489	0.547566548489232	0.578890610385816	0.597424860982642	0.595764796122509	0.587360803392534	0.771547330575332
0.623450585634279	0.614624288086807	0.653539953927807	0.691253064268532	0.663649906006847	0.654238195998286	0.95625011149
0.556770301292879	0.556951392174751	0.589482052796178	0.610574363925067	0.581294968792228	0.586331897207437	0.759467382861315
0.641501868479706	0.637327233413811	0.585241412144335	0.623612871907886	0.608191713395733	0.609220699498477	0.729269729645514
0.744153037625811	0.732151893783148	0.582994817598795	0.677434068132058	0.644088574112581	0.636230014255326	0.760425352819264
0.591121442663008	0.598787512198969	0.617991220302561	0.655616028079588	0.639193181738507	0.642881071598036	0.889589497325603
0.740276855145117	0.745110283585157	0.640063238227716	0.715056405002196	0.70808761359247	0.686503976713464	0.895762280969433
0.700239290022821	0.686321866149803	0.5789910952005	0.666921224044284	0.637148964504327	0.647425467373493	0.783091430021624
0.58455364629293	0.564357233270359	0.61974931541964	0.633804688746435	0.623284651488461	0.613100053559805	0.847173414705668
0.771697474673258	0.773369312201254	0.637950513899464	0.741013964314652	0.701633682091119	0.718258173211049	0.909967930204001
0.575576103951796	0.564944407109293	0.591637919979773	0.637590321779261	0.59604298173817	0.630440548299733	0.829514707301945
0.72154224300918	0.690572544571723	0.627155761234008	0.683029379990012	0.691674121467407	0.671683780318687	0.894548793422612
0.559709129391123	0.568239717925945	0.583646423313874	0.603062459586754	0.588170904072432	0.574026439502411	0.74249607859475
0.553644339007887	0.539419692342546	0.586691506479914	0.624604874768733	0.605852444007011	0.604699298931183	0.798978573734032
0.703274952973206	0.7008764148022	0.594703720493533	0.675516932714659	0.648625023914219	0.657724007841146	0.798900618172047
0.570261458402963	0.561138565653647	0.582653124625829	0.622844268236825	0.584322746436468	0.588176661887541	0.763520200744709
0.568980848999346	0.586405356807956	0.587662128253614	0.624271566432606	0.605126229977245	0.59988591351815	0.766911424675387
0.539442325903972	0.536602127992382	0.586551782223923	0.594030011406812	0.590515154326373	0.59348671017342	0.764830412639344
0.584346937848783	0.562813822517055	0.602707596733355	0.641182795611448	0.633922660387315	0.606408249632873	0.845167091258896
0.661630509654225	0.679128611858039	0.649887426878871	0.690423985404495	0.688630404592103	0.683545941853512	0.936031645360567
0.54658637985341	0.555016060498861	0.584480206761219	0.612167155142272	0.612125222301114	0.606870561236287	0.794130361384674
0.765453896811276	0.766373075953724	0.630378381627997	0.720203509457748	0.689849200349211	0.693474851999954	0.859358965806805
0.559289842489237	0.557952508379968	0.549782033871353	0.592904559287312	0.580694921294317	0.567838330530406	0.707106072118214
0.654738993836551	0.641499222032769	0.611426729664593	0.65251939136849	0.65161511808725	0.645998445181451	0.841167617203373
0.633692046757047	0.627943879454929	0.590974370731865	0.641428450550481	0.616693734584678	0.638132573790985	0.816072665360305
0.641774848777701	0.65021352367405	0.593389406349399	0.657651170267824	0.638667034351779	0.645914556822483	0.852628501254174
0.684921280529802	0.704675098795135	0.624233746943836	0.683493247983789	0.65346222833254	0.662152935333816	0.846105814624654
0.640444988133843	0.655943529384889	0.549977091725987	0.642144927776433	0.596685070914191	0.58234204195938	0.702455786629727
0.600174406935055	0.591986640526627	0.609226590397138	0.629487190262236	0.611066633486548	0.621260547682249	0.843180364974582
0.596643423191032	0.599752640070379	0.641211367914854	0.660603168236058	0.641725767329609	0.639698934018829	0.899749688231876
0.531272240293412	0.523305536923844	0.555306081341119	0.57910993924236	0.5574901219831	0.55939356170842	0.707802876442693
0.576842744635419	0.581463787574081	0.628281255905918	0.670276433003867	0.651166577436546	0.622425302016479	0.868545200555605
0.5468759027274	0.538425379416443	0.573226829449143	0.604260025329407	0.589410557233934	0.573187967183687	0.770961754149762
0.954565492367448	0.939384020417861	0.605299027970485	0.837790843602253	0.81073579678245	0.826760030444259	0.777637737429142
0.67338018879341	0.672858572036656	0.598836169476074	0.65884151390791	0.625843978468712	0.646608505557271	0.801543360513407
0.665724827182034	0.655024936984103	0.677903724064847	0.71433966254074	0.67812265157982	0.702981963186709	1.02519657942181
0.554803146549121	0.57383084904682	0.602103187220705	0.625880457119672	0.609917281064955	0.595302848342629	0.801229422437032
0.879462722092287	0.867004449479602	0.675828626937606	0.781946918504435	0.766034215731705	0.758921673959338	1.00507098011253
0.599555595764541	0.601064393160166	0.602736906243842	0.621671701039986	0.614355769926174	0.631372643542373	0.806064484164502
0.597471083944277	0.609161909560339	0.62770498351234	0.664822036734911	0.651905813675937	0.661851897582125	0.894462984756353
0.585858802005752	0.582023323267292	0.554751883312119	0.604806632206272	0.58407083466915	0.596174521238795	0.715299145950353
0.600047468632623	0.61147236268563	0.617672688264018	0.642370958118603	0.636533932353831	0.633511836545914	0.878606821189202
0.597149700222574	0.588345925554544	0.612441877816398	0.635953496928769	0.637589472251418	0.622094639132587	0.826630001666228
0.612281626276698	0.632697604437558	0.634544682102832	0.673291288031464	0.667219645405109	0.650866342664205	0.899304700855801
0.524420931477466	0.526710653163574	0.55353840738534	0.559405475472723	0.565529781575185	0.552123676070762	0.706934162652228
0.593941897075734	0.591138917954993	0.520652197920252	0.58040558753758	0.575725411011819	0.54817634332317	0.639272476976625
0.913731071700799	0.909926416946209	0.6200859234104	0.78529394584392	0.765650615900567	0.766052774906032	0.827177413912788
0.904454954916985	0.895935428852513	0.613882604180627	0.793350327065272	0.751242955270321	0.739579084760082	0.817996529995683
0.850714079480041	0.811795045476921	0.633641582638238	0.742591113225242	0.707357309056991	0.721471046795674	0.89572674445147
0.517762142725167	0.537184536175199	0.554394866611098	0.563928852918086	0.558634283082851	0.568441416058357	0.723719958004463
0.595106097146478	0.585723401895979	0.620345420796116	0.664555622466018	0.629748333382404	0.630941478444949	0.885214123888055
0.566799439521874	0.590668732723372	0.574131924271478	0.605067081198501	0.592059822446969	0.587571844521448	0.749998855596191
0.984722437969088	0.993059501515739	0.634077361840588	0.839866426860447	0.80916470880315	0.813971132988583	0.866408176482638
0.590880090220042	0.616484701852789	0.64488535613564	0.66430624677633	0.644941849262726	0.636701625718936	0.896398570845659
0.673604211494099	0.686206340794396	0.660574936893815	0.702561287181198	0.684825926419461	0.700768125275412	0.992829004120684
0.626966403176438	0.616624917778829	0.613871203608889	0.646510866342341	0.634685991389347	0.659312679340369	0.816362004166739
0.673488088203288	0.684099239337626	0.621251449324476	0.694128959769438	0.675117254101355	0.683105435435495	0.882044427979901
0.568040197674749	0.56453106346812	0.613965081203747	0.615429864895563	0.612701640987136	0.612655469518918	0.829770676691352
0.65777797750362	0.664085805153033	0.586879979879005	0.652128984370534	0.621814466364208	0.624504820150261	0.758227723209974
0.57040390506669	0.58208985952855	0.600605932697263	0.61694146768255	0.620203792713741	0.606532874942968	0.8219909102553
0.623094485172679	0.602669326765436	0.597724120263793	0.6511723770202	0.627810326929809	0.640333567395408	0.817422059116634
0.5849569057599	0.601066842670407	0.603545484674215	0.633979105339173	0.626959800358191	0.633785176025293	0.840810161105012
0.541446449817638	0.557691409308669	0.592296051610854	0.616514324166389	0.597775143830531	0.592731175302667	0.783151737945854
0.714400843895053	0.690844445657124	0.671650090186418	0.720357706350012	0.70560137237565	0.693829229354206	0.995815420065435
0.598491591214445	0.614564627684613	0.62581017169473	0.66505905924087	0.621360953629331	0.65125764444387	0.854716872936368
0.542678578036669	0.555182339890057	0.58078948999735	0.603975801951157	0.581044554534733	0.609152551057647	0.762164454452275
0.578327760444198	0.56326304953248	0.583564675833787	0.609185220353255	0.605722756057927	0.606610484902949	0.823829787226016
0.612428382893793	0.60494649694881	0.577050334350767	0.617377287096806	0.597358215728243	0.611848294142294	0.738215598361027
0.586865854186689	0.582752859709887	0.608538656568365	0.64510879406668	0.608339427399302	0.614408622984486	0.832599529774846
0.62977378606396	0.611436588106755	0.622774348396935	0.650220054357336	0.651756725171442	0.670607810488494	0.90173153656522
0.561525350945121	0.570494227592182	0.625355556928939	0.633411648959324	0.623563925100072	0.617450740714673	0.843506810101693
0.609483676886219	0.612799316638205	0.618421331896748	0.666979762528261	0.644705121905326	0.648736995270531	0.85745232762155
0.5858780807063	0.597547943561581	0.605626091663289	0.627121475403381	0.62655180413873	0.597218863000685	0.800116278444573
0.779461017878072	0.76957877001798	0.598167842574796	0.728715214198226	0.677730467099308	0.684388804077603	0.828218278164618
0.640740421397622	0.621057452852023	0.669592756779997	0.70293633933479	0.698984445806039	0.682574643676627	0.978952773630817
0.658142775730957	0.639457638559683	0.636264009294413	0.673235902352546	0.6475816496229	0.660005904188657	0.890901151369926
0.761568737416349	0.731507625600889	0.643981939620929	0.71862284456394	0.700350612514378	0.697515861240753	0.874979958937565
0.568617397978006	0.547297289548671	0.622047212228465	0.64363683960959	0.633489413921913	0.616319998007748	0.833588606724798
0.689295239025366	0.715739471469033	0.594052863419651	0.669921075399578	0.64664773328036	0.650508592724734	0.774906758853695
0.761721511606316	0.746215328500496	0.602455113748109	0.702710168128091	0.652243583681654	0.64703503134715	0.792270852695826
0.577238504073073	0.568976353948457	0.602624713767744	0.643706358149428	0.623639814526596	0.607890723151213	0.847129523563046
0.54747890728314	0.557947186832509	0.578631759188251	0.619199729874326	0.584588385869282	0.579722559876797	0.761952386139322
0.538164744727084	0.532791510870509	0.538813201822727	0.564985267287953	0.559506757936422	0.564048086033031	0.682732758241005
0.54496486721093	0.586773916038973	0.607663102508322	0.625246195503881	0.59587559134071	0.594667947115701	0.785782085499792
0.579973156724184	0.580224806228512	0.628546162435392	0.666160486299216	0.646185954524852	0.644086973820804	0.888827164110139
0.543922330085453	0.544034576369926	0.544643589330573	0.577228555548106	0.558763181990561	0.550396754317972	0.687614083150871
0.64442582336876	0.621940967474578	0.622928589633235	0.664460589515044	0.630940359997892	0.645282775541279	0.846025800606479
0.544534564253653	0.557364440224726	0.569774927979114	0.592011463808974	0.570588659460251	0.588843232919867	0.751985781636118
0.561539530731732	0.554073591175821	0.580911809419016	0.6031153451132	0.603127367629288	0.585420419669367	0.780792110733598
0.582216977597854	0.581908723296267	0.59718512031718	0.608282993730343	0.614416876393562	0.606321050870278	0.781632201920994
0.593790637078127	0.596764897877972	0.592906306604672	0.626754146524443	0.631699337375462	0.627497389522088	0.806793934125811
0.741851392069221	0.756262073758517	0.591580825722785	0.690345185543428	0.654111795792195	0.666579817112679	0.763552125452654
0.625112292444745	0.63909564810033	0.633125538937685	0.685815023104737	0.672343956744339	0.661636373253465	0.899178729597317
0.776262925847362	0.734165416611172	0.677738058071548	0.749215591406127	0.732500342909065	0.732144201039308	1.02930227448098
0.608226064142505	0.628066161322456	0.604530987853992	0.655890246654379	0.63718574982961	0.648732799139427	0.85544479057146
0.657748275971443	0.699982907716702	0.586251316906014	0.651107799190689	0.635287063921049	0.635454861219064	0.771926677546765
0.520590972541718	0.530450523113498	0.550877331230689	0.571967065887625	0.560868679632769	0.561708935012819	0.720218535078375
0.535172508849343	0.541148921585633	0.572129952360589	0.592950734915999	0.592694122732254	0.586252478823932	0.765471041385895
0.619188790850162	0.605625664597829	0.633029714129383	0.665292991524195	0.65430864995633	0.655116749204215	0.922658917154461
0.873561550750338	0.885766009660139	0.602065106098711	0.74949422766053	0.729522618335535	0.749778777839436	0.76816408122258
0.542005335016537	0.540008375783442	0.565566894617159	0.584675020985734	0.570980753801239	0.585004240438067	0.722697405792798
0.745653463574594	0.717028534894326	0.610376610500482	0.690164634473485	0.655308627117672	0.671244188492739	0.835513736561879
0.72043034848967	0.726667780997589	0.606903588519279	0.70274677996947	0.665889449532856	0.650499697860083	0.817975131307305
0.609782861282828	0.602304340951912	0.629081063750488	0.664860301129722	0.644060273307283	0.677113838563399	0.913081679213507
0.567439591803574	0.586233642214424	0.593023549289449	0.610172131091222	0.605145141975644	0.615165037544317	0.746217504966888
0.66469726847748	0.667884348035335	0.60325723711191	0.677222969749763	0.650095666799262	0.651180905611225	0.799085454310625
0.547827065465112	0.532712128519347	0.568167998788417	0.586431862240393	0.568882654943069	0.585067340961752	0.734171726491162
0.638475542850469	0.653709263922302	0.65330763663133	0.693496708570099	0.695736851660053	0.673066879557921	0.982871123388498
0.608114030899698	0.594202556152226	0.635621434149212	0.663466654976107	0.650270851122876	0.643872970333058	0.902077220443265
0.511315523472668	0.516465305276829	0.557836090236233	0.579466391631226	0.562922515456373	0.556739955375955	0.716606906142815
0.680558285702336	0.696967398407279	0.611980564680892	0.68293798347001	0.657697532089607	0.668067753510264	0.844228042285026
0.555257838901849	0.574373779596091	0.594430608900861	0.623612338358928	0.599041795256362	0.601512727309001	0.828286338314725
0.544536304942077	0.548247803013763	0.579122428780109	0.614205917440515	0.59515789742037	0.573007279170317	0.756051058015307
0.488311702298459	0.468067082272663	0.536602556659554	0.536361865544489	0.539726289473491	0.522249166733915	0.650299825524628
0.601593739984551	0.593433336512375	0.623210569011475	0.666389346228808	0.637468041999672	0.634108748051445	0.896302072396046
0.573791368259877	0.54350791542736	0.560192872157345	0.587942798097951	0.575401087149323	0.591631060914951	0.737828022359942
0.588382038397164	0.582053579602785	0.614015906928456	0.640073441962265	0.61059406367904	0.609085736778451	0.825825973024327
0.655342393171452	0.656636145009845	0.574525843081984	0.622234167907298	0.590074867606247	0.606607902417387	0.72316177780767
0.789760836282161	0.815556020003826	0.612043027688338	0.732136786392894	0.703350925004328	0.706185343145388	0.835455159012216
0.536706505183604	0.526428761878387	0.599260266753178	0.594291386611612	0.575658162266557	0.596365854480621	0.779536323628975
0.853443937102652	0.834463935113086	0.604761806416332	0.74634418455823	0.712778814594965	0.716623789080265	0.800563029760468
0.553426482790523	0.543265037580065	0.58382262878593	0.600250812728208	0.591736981120355	0.597748385105424	0.764544660565366
0.558282155473015	0.575582927175518	0.591448918567357	0.619115438417105	0.606189365639168	0.604259693041702	0.805534325795617
0.491787009770245	0.489763827573961	0.527699556930536	0.549791936081156	0.520722753393926	0.543317291717025	0.658886248139501
0.564553241034725	0.551084230320401	0.585426542612316	0.62745435476736	0.60311595627698	0.596240216301683	0.795663008179792
0.520984237967447	0.530952896408774	0.577741052328169	0.595982727586154	0.568992500576042	0.585494350280703	0.748547387735914
0.56384808415206	0.571716565182476	0.614671039142902	0.640863530693858	0.641270548519762	0.630132821422556	0.854530511100926
0.706367628353978	0.681612422681512	0.59349767388666	0.678968407016036	0.640918516162721	0.64392727429575	0.785538624213731
0.823379992771447	0.817619856360234	0.569179060706771	0.729641618086071	0.694499580583985	0.723652673781133	0.685924119563365
0.718767914732246	0.692677004259683	0.563528761430548	0.650801495231549	0.6349008966219	0.617314047759418	0.734023958574145
0.537964066257865	0.548439560056707	0.595882192568248	0.602015126258111	0.5819636421337	0.59556947084719	0.776881522063974
0.819925328187362	0.816666183615262	0.662460900024925	0.772236318606784	0.757057763820573	0.743656750777433	0.9948939798186
0.675496420921221	0.666452030200535	0.593180411881256	0.640065123929103	0.644719586690691	0.643713488409346	0.787606657812105
0.885778291248126	0.86785484481431	0.621157835406657	0.793053596811348	0.759314398654517	0.757617687004639	0.868102193876056
0.553057923335656	0.553066705492047	0.57896422782936	0.600905382204111	0.593406420591519	0.590216508009605	0.748566584933609
0.553669790201856	0.541798548961792	0.588593522230721	0.614298308931676	0.591950293195182	0.58441327431437	0.782849407950749
0.79993793322253	0.820699421366816	0.607712041945553	0.734346497272741	0.706897400495044	0.685727561806555	0.803442872821111
0.604185726435266	0.606244382093382	0.580867307533199	0.631969760416691	0.624240240692196	0.634740038752746	0.761852432365361
0.76471788779456	0.731322345233182	0.604439446529964	0.67528799020057	0.678313487425269	0.681149917460229	0.818881019158356
0.530926908002804	0.541800581366637	0.57689242085594	0.604641694755924	0.605186925585216	0.594122550627857	0.775206828559496
0.583427397835029	0.590570953273651	0.604922454282692	0.63385785040048	0.646437445400646	0.634495632744791	0.855766403979981
0.594415205027023	0.579747080485626	0.615027330206269	0.63479843495988	0.614274246915458	0.616222185481847	0.826684628732326
0.581027929303005	0.555519558867888	0.616809258697517	0.650605811084523	0.628332497577166	0.627648677699601	0.855811826140832
0.619050921029278	0.590721455097879	0.55438552775552	0.613237277446388	0.603215642505035	0.609224791474217	0.725297117729363
0.619352779931679	0.599061886613646	0.625844888697964	0.645703789773293	0.653302565791209	0.643341605678409	0.863048208082224
0.618503193542254	0.617583466479586	0.589192799485739	0.623336878200015	0.612809872360816	0.617056125480264	0.799160620445385
0.751858574847962	0.732191396725415	0.583756306730828	0.685846648492304	0.651045923856432	0.643433530844129	0.774248179388079
0.79838254556351	0.828257965208783	0.615369649890118	0.736816279847959	0.687168278129863	0.714166748230341	0.830130503887331
0.947076610276058	0.925610405212042	0.628228971986847	0.798999043183356	0.783390290704395	0.768441898766507	0.853304612297861
0.559565241588184	0.550827195934811	0.598925194744971	0.616081647183103	0.604919053764603	0.610008813618529	0.8062353713321
0.531140912958143	0.527013037591975	0.579648940702541	0.584150448044674	0.566341166418444	0.56754615428696	0.748159551335336
0.541776800704375	0.530868035551069	0.575028417761157	0.589720784807507	0.574695237776604	0.591238376487021	0.754490787518054
0.766835362101307	0.756047210970793	0.564761519692694	0.662438950864019	0.64820024807954	0.646698819556749	0.720997967489434
0.88186220020547	0.87925195991711	0.613651277667083	0.781701236680863	0.712093431095991	0.723119033965443	0.838552791831003
0.58860936348578	0.582393284507356	0.618252410927814	0.660155523586543	0.629336989611491	0.641353926111877	0.874847407201642
0.8018064826571	0.775786240701276	0.622770740530636	0.726830003393279	0.697747017457673	0.70248745878805	0.848841538089487
0.510017743586979	0.505654277088786	0.503346945466596	0.528379645189894	0.500315994897004	0.517194597447135	0.602540019707982
0.606053871306288	0.597746460758866	0.622726016201344	0.650640994738702	0.645355607554796	0.641317850567015	0.861242154916294
0.844151740706688	0.857966021252039	0.65825761353885	0.774416518435981	0.7330022896625	0.724831767837378	0.954330347208368
0.551773299534156	0.55019752788542	0.585425360336087	0.609304358654756	0.598015379854841	0.5845239221483	0.779871530867441
0.679643751894454	0.683908556286374	0.643342705752007	0.694518872726762	0.665520507963108	0.681827244149907	0.915747270653571
0.575448025843634	0.589282413205074	0.59309790021445	0.638899916047686	0.637462761072735	0.629119260012734	0.846379244002601
0.59646055278641	0.574338901112906	0.596079051414813	0.636611488412262	0.619209156499386	0.605777265956073	0.81431300778065
0.549651027700632	0.547771434805708	0.596673343655287	0.596663153020607	0.596903594614264	0.604909721494966	0.789428669065987
0.750283703516709	0.739121067822845	0.611844002012329	0.681121321620158	0.665436896390514	0.674648206833894	0.78438269472578
0.533279453085687	0.53661592572576	0.585746687596965	0.5854052326941	0.580234551138988	0.582493594011002	0.748902060347973
0.59410941242867	0.595618578153458	0.56096893214422	0.60237486133388	0.604642507635722	0.59739458757704	0.740920200097008
0.702910244089662	0.714604270521742	0.596042898775278	0.656646933266123	0.642052290370791	0.646819301355338	0.775833262240806
0.665111538133716	0.689901519662236	0.636974801184364	0.697227830182961	0.665561630297475	0.671460251087646	0.915955949189653
0.763139515038527	0.761336183399791	0.620192828320513	0.718743644490492	0.698551583160815	0.686863049741518	0.877490153233634
0.846092231351094	0.852685156909278	0.626304124478769	0.749119505604231	0.713582623373414	0.726407405442585	0.827778484010022
0.643161261058867	0.65883164769218	0.668938494943604	0.743373710375038	0.71608388525072	0.678291437767417	1.03470217549493
0.586613704957376	0.586944957762999	0.618149591450337	0.656024223353004	0.626053829745643	0.64739720003595	0.847185717944537
0.608211507929464	0.605402526369494	0.61665812540622	0.64463807782141	0.628582676568021	0.626776092430344	0.827683618272769
0.638002619080379	0.612468993381208	0.576488550399319	0.607006954951131	0.605971759267611	0.601154786717614	0.748918396413232
0.563440205883795	0.570678970797885	0.604406571995974	0.622970099539837	0.612812409131667	0.594112402751049	0.785866856719267
0.533035300547609	0.548989095081111	0.574758544930571	0.600379291590522	0.582123247694467	0.585584149598602	0.750641694003074
0.615137553510902	0.654177295822627	0.596746458362884	0.642630745928042	0.611054604372891	0.612239321777324	0.770702055153523
0.577250157356029	0.57959537961392	0.613253865216673	0.620320041972864	0.59080666400173	0.59843921230678	0.791907883003159
0.578607632391156	0.580870126489506	0.624329060297451	0.652436201217328	0.60522681259439	0.639118343833077	0.857814586291143
0.677673330577333	0.704611974504227	0.620494367608592	0.672883878357754	0.651931751803585	0.657778940353868	0.833647601678539
0.55842366196524	0.555785548986098	0.585109902943427	0.623144152634032	0.611187734173528	0.601884033385711	0.788573708383272
0.652613344038921	0.634399323641154	0.627312756263432	0.698777448615088	0.680191592178643	0.653161554670225	0.927700128785115
0.572603383696059	0.571857330880364	0.617678303171339	0.648820057802397	0.636748967461496	0.62175117554799	0.86064105736733
0.533188631604052	0.539986560055257	0.580689414438825	0.583395817213882	0.576708101609263	0.577575524912215	0.754782605308962
0.614653245025573	0.621966817906926	0.635129598191606	0.670657103831635	0.67348384715044	0.64750866235023	0.87813955521844
0.555292651649172	0.586879451972229	0.589251471106166	0.62436538474686	0.607174016691445	0.616824873898111	0.78255147964693
0.498185804716768	0.526197144209456	0.550184471683264	0.549741288938651	0.542284641271912	0.543076786979044	0.693240989545866
0.742751468704498	0.72889080746395	0.562999480117812	0.6579374520473	0.635043428041892	0.651892787278356	0.719827727213114
0.76290013001935	0.742570936105562	0.587023541670526	0.696913563502245	0.663937467277236	0.671817630677328	0.794659093042102
0.582949495180202	0.594282823878635	0.598137405914634	0.647105293639317	0.637090278337045	0.633950654001337	0.832359113641481
0.972882722294983	0.982308558207613	0.649186841698826	0.855811931631824	0.81447643014595	0.81132945314721	0.847941169575104
0.810119872225317	0.815829773665665	0.668109507923798	0.760336983128361	0.740252271687775	0.75039130648689	1.00238407503278
0.531037291156344	0.535561323283505	0.569138830886789	0.59394127604927	0.567004464682812	0.559278418226837	0.729997764412702
0.749413834362795	0.77389835517235	0.627611455309029	0.720812880853975	0.678901797097047	0.682779208331189	0.892573161665659
0.933858169659224	0.942921395992679	0.644986806650002	0.827366591445066	0.787498256959465	0.799311028238344	0.90483687718298
0.573884390520373	0.561403560396956	0.582004000303339	0.618175539844637	0.605325696437273	0.608239211060724	0.798970982875034
0.581073213030363	0.586739232965292	0.606942925822471	0.629206094555309	0.622608284171419	0.61603283011538	0.804644917026729
0.806421046799551	0.829469297760783	0.616355787908044	0.74550697667312	0.705929640417258	0.704361930925117	0.870541906907536
0.65320423092093	0.656679909240648	0.643411363639531	0.687223958962214	0.664547278583647	0.67740773364325	0.922054851036538
0.577521344466792	0.576109476992477	0.621378904903285	0.646032672392407	0.629533469419327	0.618473722496017	0.848334914365218
0.720121670046958	0.708606799753221	0.646317726250885	0.714991088118191	0.659279979356775	0.696347557800755	0.913977921975897
0.973284288079957	0.956634434914009	0.65706787580169	0.91183295131378	0.916536090905709	0.917860112970202	0.82571220603551
0.579663728358087	0.581184713958308	0.613509856705389	0.621818475877337	0.609593769401986	0.617119256182725	0.800104801934106
0.597847393470046	0.608866342620839	0.612833369619026	0.630015963074146	0.627264105306505	0.605783470179725	0.817107591197264
0.626399499767003	0.632467569498333	0.640492077137341	0.663558137380983	0.64285861512103	0.641528718677368	0.904420950521516
0.583041624823723	0.565823830897791	0.593473508160902	0.636113493679543	0.618165166108616	0.601626766921769	0.808643947608789
0.588366063854206	0.604886690257939	0.582842373118382	0.624846736656196	0.591822282426579	0.612959124889013	0.773964408265887
0.812305912652474	0.810016600755256	0.631725495228674	0.760985836045437	0.715990305139554	0.702882690062446	0.899293858541633
0.882794790817168	0.869335559411161	0.624689684452614	0.772434279754795	0.749118404398186	0.739465605073649	0.834069909667683
0.627899053475036	0.635539532593427	0.598262832562916	0.646207867337337	0.628242664623224	0.639978143440327	0.835181502198516
0.771153594563826	0.796507563831662	0.676599192406156	0.772734198646742	0.740229035479966	0.725110915878088	1.02555399748041
0.57696784271191	0.575907526985473	0.598763163980396	0.620060147533064	0.597533831564621	0.616048955660814	0.811247796926374
0.654996060993557	0.608451361059168	0.601400783735262	0.641792592202766	0.639627141519836	0.630605423431499	0.797352929733095
0.600696742523217	0.639557975744101	0.592341996585587	0.639429283328566	0.608325565704974	0.606568071335904	0.783740177618325
0.699419736724259	0.720391150800355	0.602407354751632	0.675241727548667	0.666821951647269	0.659520375271174	0.817106434974447
0.623307146440248	0.621515034897915	0.627381011118113	0.66577850905994	0.640953951856212	0.627429339465779	0.858066970381774
0.600343126579058	0.592217869003855	0.604682860152877	0.637631659151345	0.61859974961105	0.624508799735046	0.854535384890336
0.833645022699689	0.815925152111338	0.615921437861964	0.728700916940733	0.692505406462425	0.687038637320761	0.786694868016515
0.658287890325037	0.66709710080618	0.525153308810401	0.597277760200036	0.587076185629998	0.594049444583753	0.640966071690567
0.612737444393496	0.596710979675861	0.572878765297774	0.619003692934179	0.606564590871912	0.590372887791732	0.746413747098546
0.554227804783653	0.546950578413578	0.602273076690127	0.628430813879366	0.608363066565723	0.625775945349325	0.803924876272101
0.65595807211978	0.637842273317317	0.65978874731383	0.697912532126739	0.684246960506623	0.686784615297619	0.958912877500252
0.812867629689612	0.816782075543396	0.641831641735717	0.783474305002631	0.745960880411664	0.724394768437299	0.907514831373137
0.970282110356633	0.974571962117192	0.631188058829192	0.818445479058539	0.811391828697034	0.806475404850409	0.825928612485993
0.611623046598799	0.629029577238573	0.607793399735517	0.643103025677767	0.644480928228704	0.649813079753165	0.829420285767418
0.602009127014231	0.591810389217934	0.621077781897903	0.655347002614537	0.650102901676033	0.645430669964038	0.904584933616458
0.617973151646145	0.608846224552512	0.627885746859128	0.653025699643609	0.637025202807002	0.668097253089342	0.86805818712831
0.591379177476988	0.591366152580889	0.625111122652132	0.655495598868308	0.63013078069584	0.648451025503044	0.876221413222303
0.588353451948448	0.576946528305479	0.6069148590956	0.646624486712262	0.610940903810438	0.639655555701735	0.825049966085339
0.564906416944314	0.595160833729871	0.6093122941673	0.630698281362341	0.62684598453528	0.622920076991753	0.832198802277428
0.673824945655871	0.674903186424621	0.553057693946856	0.644360820112476	0.592069594984981	0.602917287144262	0.691713654467085
0.514828001927244	0.511859931525749	0.5315467367251	0.557701971423217	0.555264223019871	0.540152760780561	0.665203245179494
0.744140659393855	0.772250672184788	0.637721947147818	0.748076693877908	0.708760435121537	0.717854099483766	0.919673647238089
0.598734714192894	0.603978135169219	0.60035881505989	0.638161612365608	0.617208789723354	0.633234264841458	0.790611828010877
0.633764089117422	0.620426577243747	0.593283928724826	0.634918596878192	0.596492061393729	0.615854596788284	0.766632471912582
0.577686182722164	0.573838728092552	0.609241324583361	0.670632834683267	0.650783067817939	0.65217007648448	0.880773751830281
0.602237448348625	0.618367936286263	0.553670790820431	0.591924319211677	0.59738218886725	0.588317309999492	0.691624558291115
0.586026349553507	0.578708757040502	0.641834455358075	0.645995806469476	0.653412492232046	0.637718776160222	0.888323171050752
0.5035024861338	0.500502310345691	0.554388566430244	0.571014635840429	0.56036813314271	0.555354497617854	0.705886181173648
0.661111397672281	0.656705838972834	0.641140189548894	0.678227165128725	0.664387286513201	0.675401762259075	0.902955404070422
0.693178795014678	0.717455758875727	0.591207785412849	0.657453574516087	0.632462714041458	0.659785131490542	0.811651412687531
0.868770632694968	0.887760891924818	0.598632028067311	0.778900595265125	0.742058974503891	0.736878740217284	0.786501728573663
0.545725575531906	0.533436279636523	0.561844451915823	0.59076276317728	0.573469860527371	0.578490923917415	0.724771785279829
0.652433110468394	0.66127155883549	0.634466169109002	0.685616278854475	0.675633838514942	0.673636846556384	0.903394697437759
0.658121106539337	0.657996376854597	0.535280134324093	0.613347269210179	0.587361017249315	0.605926733578533	0.677707216202487
