FMP	RMP	FPP	UPP	ANPP	NPP	ANCOVA
1.00068550054073	1.00040362247954	0.99989010149008	1.0002807918911	1.0003305586658	0.999916749445197	NA
1.00051489851609	1.00031229980593	1.000228280118	1.00035142842112	1.00136940492281	0.999846920495188	NA
0.999992487675666	1.00023479038467	0.999947371366153	0.999986759632877	1.00013245587754	0.999949795298473	NA
1.00010922773934	0.999957237310178	1.00057387672537	1.0004356776477	1.00040606818751	1.00028170417496	NA
1.00032636125654	1.00048752261564	1.00017602230183	1.00083921038725	1.00048124487878	1.00003580458132	NA
1.0000547528037	0.999818477023204	1.00061980404833	1.00063632653611	1.00056023167491	1.00046743166565	NA
0.999714821294318	1.00011698021503	1.00014596215496	1.0004186428087	1.00002779538145	1.00007511349645	NA
1.00022837187951	1.00001140539669	0.999877670349273	0.999827246739075	1.00043610849825	1.00017374596931	NA
1.00004812932356	1.00009098267326	0.999892938698788	0.999743583670253	1.00027197704799	1.0003669577682	NA
0.999928313039837	1.00057198308419	1.00105948622909	1.00003980724543	1.00038915161081	1.00008522951363	NA
1.00043116605428	1.0002312121664	0.999926983655961	0.999922272466621	1.0002535048705	0.999696256640059	NA
0.999702916277181	0.999985775926682	0.999683771840523	0.999918973641942	0.999995705159271	1.00003277215161	NA
1.00027860668303	1.00228317951798	0.99997417240279	1.00168888721047	1.00025856097677	1.00007092777945	NA
1.0011104579831	1.00130177853953	1.00060216052927	1.00002579937523	0.999898872255856	1.00087769679227	NA
1.00012808596231	0.99997029170606	1.00035961789236	1.0006024701234	1.00069262959401	1.00041704900912	NA
1.00076013782769	1.00003919644215	1.00091319667675	1.00067840358408	1.00056955048893	1.00066116686714	NA
1.00088678126941	1.00165341432095	1.00025125649973	1.0006792287394	1.00020303286311	1.00090452353553	NA
0.999993867024515	0.999842875886586	0.999795042170239	1.00054056805976	1.00021998051632	0.999874666372285	NA
1.00015092843656	1.00079012268507	0.999817674865195	1.00077412877132	0.999843981160819	1.00084377020033	NA
1.00022611352523	1.00025158404965	0.999898478489972	0.99989124732336	0.999996815251333	1.00016805845902	NA
0.999906862148744	0.999860273885969	1.00039104256423	0.99991211440294	0.999877602133764	1.00057310876868	NA
0.999956407621544	0.999942739074061	0.999914601941784	1.00033639930924	1.00005014722188	1.00097779659313	NA
1.00032987323809	1.00103453891802	1.00000323251296	1.00048824862529	1.00032458891715	1.00000395603956	NA
0.999866990111134	1.00016195415331	1.00020001038969	0.999973456108442	1.00017469820807	1.00062787435362	NA
1.00197355109355	1.00017081943973	1.00012853909228	0.999991017356259	1.0008544775062	1.00007062853232	NA
1.00005835841324	0.999870493536693	0.999870717447612	0.999668223320234	0.999860161462132	1.00096822749097	NA
1.00007242767368	1.00016511721882	0.999874695447089	1.00000698110126	0.999859009787858	0.999879560634363	NA
0.99981832293856	1.00009834955335	1.00020561235075	1.00039855089414	1.00084507607711	1.00014647641892	NA
0.999913108748907	1.0000798386042	1.0001782826494	0.999829301027191	1.00047902719738	0.999918147766337	NA
1.00066696999804	1.00086408907602	1.00027120359391	1.00025613221739	1.00159200917498	1.00036222713264	NA
0.999993531793366	1.00018549807813	1.0002631227469	0.999853580123789	1.00037715358969	0.999812110300091	NA
1.00076129945836	1.00007390256764	0.99986543770168	1.00003381935094	1.0007964356752	1.00113185413775	NA
0.999868943385264	0.999906434092115	1.00059439298898	1.00065138930462	1.0004504570712	1.00069175814128	NA
1.00163753778331	1.00415168714369	1.00070420834839	1.00071350572154	1.00018601309499	1.00067268829456	NA
0.999954708160878	1.00000746189242	1.00042066762845	1.00022298421122	1.00004607758988	0.999781887979021	NA
0.999964351901439	1.00025769260115	0.99970246335739	1.00005564352895	1.00115684183698	1.00029567853693	NA
0.999931591914369	1.00032186977501	1.00034648512189	1.00016789572192	1.00018426146927	1.00008816980528	NA
1.00110777218457	1.0011112781478	0.999801183174286	1.00031652997777	1.00011016290069	1.00016185274591	NA
0.999856709367085	1.0000765088342	1.00074447927246	1.00019520047542	1.00014048350389	1.00004587753456	NA
1.00020476387417	1.00032532974704	1.00021172902914	1.0005053966822	1.00001537562741	1.00055394942828	NA
1.00010501695452	0.999848799538158	1.00007950881019	1.00044986572568	1.00023949336085	1.00067142259256	NA
0.999851365166468	1.00011192281098	1.00056881539284	1.00051058011568	0.999879119465258	1.00026407612004	NA
0.99988399315347	1.00059807091736	0.999835930769621	1.0004071631739	1.00041730757036	0.999882585995292	NA
1.00159955871245	1.00123077719183	0.999825739279478	1.0004480968293	1.00074197765755	0.999937305562787	NA
1.00012339520245	1.00016316240348	1.000414283016	1.00003747339177	1.001099738285	1.00064750386982	NA
1.00032071401508	1.00080533786566	1.00052932935054	1.00050537044323	1.00013244168974	1.00000951992771	NA
1.00012850726633	1.00037701588392	0.99986101618244	0.999775323090992	1.000191294267	0.999982902218852	NA
0.999902399805824	1.00050356472365	1.00000681204892	1.00025463528388	1.00021371894853	1.00006430129757	NA
1.00008802163585	1.00171422793906	1.00180305357985	1.00019528314255	1.0011409000402	0.999682462810801	NA
0.999790029832104	0.999862094148313	1.00011295427017	1.00010879071186	0.999985543099071	1.00078549046705	NA
1.00042341916763	1.00017240812907	1.00004499869176	0.999873880811781	1.00112587978241	1.00012065649577	NA
0.999858389171031	0.999985168884564	0.999864810387472	0.999795867884295	1.00128442643368	0.999920042517295	NA
0.999978755208066	1.00011417089777	0.99992340200489	1.00069918787168	1.00115411273439	1.0004313645596	NA
0.999791748055805	1.00038371846182	1.00016414950835	1.00051610162451	1.00019909849032	1.00163245969784	NA
1.00016550514188	0.999831437327817	1.00069673685485	1.00000494847559	0.999967382522051	0.999931326497401	NA
1.00012007157535	1.00114083844013	1.00020817174339	0.99996044032649	1.00036146578302	0.99995188411045	NA
0.999922872593768	0.999866103040162	1.00018692046491	1.00041152515729	1.00059536851081	1.00030271600074	NA
1.00001988904358	1.00050244678242	0.999973606488317	1.0002010939189	1.00041925859952	1.00012528779448	NA
0.999713086960815	0.999897747813029	0.999804556812537	1.00028016740338	0.999821611048731	1.00022687680104	NA
1.0002440203508	1.00020221426263	1.00003007177908	1.00024063579954	1.00002383883238	1.00017813828358	NA
1.00036176474677	1.00000901657723	0.999917752985991	0.999991215006544	1.00051158901784	1.00000576198927	NA
0.99999038910593	1.00079883358303	1.00004731646223	1.00008752527614	1.00057598114457	1.0007284316703	NA
1.00038676790847	1.00127106336182	1.00022269683605	1.00177583227378	1.00156790859497	1.00008338901083	NA
1.00053829866319	1.00002924203965	1.00049881012355	1.00050628663483	0.999972306260431	0.999919128590095	NA
0.999948294804505	1.00071832265449	1.00031888314316	1.00001626710362	0.999736718002411	1.00011043191287	NA
1.00208497758997	1.00060889620152	1.00099685106975	0.999788345529507	1.00041334361043	1.0002882064397	NA
1.00170263106992	1.00255225866729	0.999980585134144	1.00061637114883	1.00040521612251	1.00023225093416	NA
0.999869814678866	1.00038017329044	1.00148637299302	1.00038488282637	1.00069778167044	0.999935150192732	NA
1.00015377209373	0.999811264864685	0.999828336975888	0.999865209407652	1.00087453290912	1.0004514211462	NA
1.00035100520032	1.00068690392584	1.00011968421851	0.999868286696211	0.999917392012955	1.00089296208935	NA
1.00030651995476	1.00163517046383	1.00005412388972	1.00168927727725	1.00090612438414	1.00038869230074	NA
1.00036028548033	0.999778045631255	1.00060416059506	1.00008635401769	0.999931317235375	1.00000101848331	NA
0.999879927157039	1.00060584095622	0.999715650948969	1.00026831984102	1.00005902247276	1.00061051881018	NA
0.999945871515755	1.00016675215544	1.00037682908571	1.00004359232731	1.00078126097379	1.00004250460591	NA
1.00113492534801	1.0006907525282	0.999800116334323	1.00060493059329	1.00035329332684	1.00035686766771	NA
1.00002062657405	1.00032699821157	0.999912581612098	0.999925415553935	1.00035333361044	1.00020564783448	NA
1.00053030747961	1.00127664969089	1.00020176900991	1.00044349658515	1.00028900263673	1.00208180312942	NA
1.00071540893274	0.999981048193434	0.999809086632895	1.00036700527179	0.999805837449853	0.999925735361011	NA
1.00017797158011	1.00076208666009	1.00019298854078	1.00065571463593	1.00012496715438	0.999733028932454	NA
1.00175585552852	0.999944109959232	1.0000904894105	0.99990419877473	1.00137226109534	1.00022623122183	NA
1.00023749905546	0.999921036506719	0.999774988549786	1.00016175929588	1.00057215570382	0.999985088296688	NA
0.99982735989544	1.00044980329276	1.00025259515599	1.00061450641672	0.999869126195589	1.0005428813564	NA
1.00070748780856	0.999952153114743	1.00066736214041	1.00001353980953	1.00086690566008	0.999836622560058	NA
0.99981175443933	0.999794286827504	0.999946227114387	1.00032140401575	1.00018070001991	1.00005278873284	NA
1.00116710515659	1.00081647951155	1.00035086496502	1.00058649907818	0.999851730596279	1.00131790096522	NA
1.00104437932338	0.999924437291269	0.999841374085463	0.999935382889558	1.00045054693583	1.00051891522299	NA
1.00093788179169	1.00036277730654	1.00034457204214	1.0011205723972	1.00023965125104	0.999998677819837	NA
1.00008604312229	1.00030518772252	1.00020526482594	1.00060792806003	1.00008511985388	0.999965667926765	NA
1.00021354536656	1.00030765121169	1.00025924332611	1.00055059420852	0.999817247585892	0.999910308971025	NA
1.00015907866748	1.00105447652874	0.999707344261146	1.00006999262908	1.00094960912353	1.00014699958937	NA
1.00129456433932	1.0004757992245	1.00006362816979	1.00013986735438	1.00099983261828	0.999997940561643	NA
1.00010734996667	0.999820104641773	0.999804894540259	1.00059008092886	1.00001754736605	1.00009500883613	NA
1.00010414687235	1.00010875308703	1.00014911931774	1.00073461160918	1.00013347715125	0.999807126130088	NA
1.00010779394493	1.00069399665458	1.00033529638085	0.999958814555882	0.999941246305374	0.999987075669399	NA
0.999933229665138	1.0003502837058	1.00018808798404	1.00050167163446	1.00078966257057	1.00023120926882	NA
1.00046865759143	1.00244651127974	1.00038426247956	1.00024897721932	0.999959467972271	1.00004259995224	NA
1.00036867029555	0.999819614470429	0.99969131499232	1.00013901604116	0.999923208868174	0.99994482799894	NA
1.0001742331516	1.00037425641465	1.000082065868	0.999947949117711	1.0010428570303	1.00029015562781	NA
1.00053835740363	1.00052127311353	1.00011293323977	1.00028067813427	1.00024053294869	1.00100968170705	NA
1.00292463931989	1.00322790308932	1.00026436539468	1.00059182907879	1.00021873146143	1.00070539243151	NA
1.00017773465288	0.99981703305071	0.999993505921753	0.999784457429737	1.0000652297561	1.00061930194791	NA
1.00049344280674	0.999842973829419	1.00000059576898	1.00133271864549	1.00086841371949	1.0000345359008	NA
0.999842579399489	1.00002938817887	1.00036401252024	1.000409618994	1.000769842347	1.00041485259172	NA
0.999899473123882	0.999898039274605	1.00066156558364	1.00034869007866	1.00013283416436	0.999943981512359	NA
1.00023358105816	1.0007153598112	1.00065139740317	0.999943620509445	1.00031860838163	1.00016353350168	NA
1.0008286192233	1.00063672980747	0.999948891183697	1.00049448681254	1.00027639532595	1.00032644347168	NA
1.00019352718309	1.00056981837995	0.999817623367357	0.999966617861311	0.999869937433083	0.999867344989587	NA
0.999882394392759	1.00005237813224	1.00073548646993	1.0009384748802	1.00001461113285	1.0004645649981	NA
0.999980751390388	1.00090780797742	0.999894933661452	0.999954858641297	0.999972257463694	0.999631991597996	NA
1.00008826020671	0.999966966268091	1.00021674112737	1.000051207795	1.00050371935945	1.00103878489438	NA
1.00000246578202	1.00081499957737	1.00013151844968	1.00019893634448	1.0003273770364	1.00040484908647	NA
0.999845964666169	1.00004393598011	0.999800289973315	0.999940481891638	0.999988943638016	0.999901693172383	NA
0.999998195830147	1.00011541468651	1.00082624200412	1.00085993544919	1.00059333228843	1.00000223195828	NA
1.00037080932049	1.00036859960091	0.999973048444256	1.0000170376279	1.00045941254322	0.999980598867079	NA
1.00016788440015	1.00017973176726	0.999964417889797	1.00005141231567	1.00069395789951	1.00013048553429	NA
0.999871884756322	0.999880641444659	1.00001605256033	1.00082122220846	1.000851910029	0.999914658759647	NA
1.00004453276209	0.999985455438595	1.00044319885289	1.00054206558229	1.00036404108941	1.0004809269708	NA
1.00007221334244	1.0018661646417	0.999750512065395	1.00015631068033	1.00017970411193	1.00026406596983	NA
0.999846807019575	1.00041648634984	0.999998320447206	1.0010881320663	1.00014734267416	1.00046530992184	NA
1.00049455422406	1.00019796123859	1.00069948632519	1.00001505398475	1.00011082041565	1.0002962446508	NA
1.00019628568233	0.999896801947148	0.999974849342722	1.00033127758582	1.00005195986106	1.00040945600002	NA
0.999695026264652	1.00008092879321	1.00067370577633	1.00000296808385	0.999754065152956	1.00040663554005	NA
0.999903277748288	1.00076298890993	0.999793997481786	1.00016073640254	0.999988992212181	1.00012786387549	NA
1.00070413128254	1.00008546393639	1.00017798063925	1.00021869481105	1.00012976539452	1.00023481685025	NA
0.999857288312196	1.0004144240833	0.999916408749346	1.00077227454525	0.999787797276772	1.00037527889718	NA
1.00061082344718	1.00002833943791	1.00012145849624	1.0001573595759	1.00036984130454	1.00024176101497	NA
1.00191968213343	1.00244885146649	1.00048534114909	1.00039637421614	1.00010686849423	1.00000880494729	NA
0.999835644427218	1.00005923337087	0.999861240115507	0.999856641850001	0.999742887486992	1.00027676723816	NA
1.00052251955392	1.00106440185016	1.00030126259579	0.999976334504616	0.999708144854917	1.00008870009847	NA
1.00072086882253	0.99998121453382	1.00068834731248	1.00175266987764	1.0003201583418	1.00080332062576	NA
0.999883543310746	1.00049195893227	1.0007908654977	1.00030813101534	1.00058724128318	1.00042618898791	NA
0.999903475097555	1.00001152647975	1.0006626811159	1.00038366407757	1.0005586949919	0.999903327014697	NA
0.999909781107384	0.99983214100912	1.00004005748762	1.00011893777686	1.00019183180905	0.99972352375812	NA
1.00003741255444	0.999976344979202	0.999967983873513	1.00056928151876	1.00014986343041	1.00071636738176	NA
1.00208267314657	1.00235911515455	1.00017683518188	1.00010666075101	1.0009310695643	1.00031978611067	NA
1.00019998817784	1.00062360514652	0.999885533271206	0.999995970592406	1.00010440800825	0.999947744886494	NA
0.99998995510118	1.00000377535189	0.99981031918486	0.999767904938238	1.00050353259672	1.00064821598503	NA
1.00000904557709	0.999936116174319	0.999907527895705	1.0000000886057	1.00013901724468	0.999968458454026	NA
1.00004468928777	1.00009882572612	0.999823817553139	1.00070375220056	1.00109171578686	0.999984091798491	NA
1.00036567929484	1.0000124467631	0.999671637337085	1.00008072354021	1.00039190105312	1.00074685578382	NA
1.00090797045321	1.00043548186062	1.00030381386419	1.00043313091437	1.00005472641169	0.999991484513593	NA
1.00028909787326	0.999773298797585	0.999841148964964	0.999996937847775	1.00050690477375	1.00003684776659	NA
1.00004169579031	1.00003634350445	1.00049717489268	1.00025212254214	1.00083554069051	1.00010891670146	NA
1.00041327103736	1.00057599438996	1.00012614955353	1.00092438299197	1.00101393164157	1.00083321583799	NA
1.00058266956883	1.00023736332049	1.00043802169206	1.00038065784425	1.00003063356093	0.999834133136795	NA
1.00007301058384	1.00097381768747	1.0000047950728	1.000056070877	0.999917469923526	1.00147536667184	NA
1.00031999632548	1.0004155125078	1.00016408239686	1.0003959681079	0.999898561802052	1.00016859613242	NA
1.00107791755555	1.00039190671976	0.999859626827473	1.00086137520579	1.00094178225459	1.00026615842635	NA
1.00035459745751	1.00060977835642	0.999726915900213	0.999889315102901	1.00056570687389	1.00091330089774	NA
1.00006707866276	1.00007573661323	1.00005809151584	1.00020408631935	1.00074360704574	1.00096592275454	NA
1.00062411242396	1.00036664958285	1.00007899740415	0.999944466353081	1.00037503716604	1.000308115712	NA
1.00039887038895	1.00044676653121	0.999982727143441	1.00076742552273	1.00041917329168	1.00064930505054	NA
1.00030372948615	1.00126288129279	1.00024547856818	1.00005278801743	1.00049749285927	1.00084066479586	NA
1.0005286862425	1.00052436713839	1.00018740180441	0.999954760867498	1.00069648696936	1.00000098548665	NA
1.00039424808576	1.00019558329167	0.999917085725134	0.999865148106875	1.00047737127516	1.00038236615236	NA
0.999976304131814	1.00023880438291	1.00050317048884	1.00036241178983	0.999955944606346	1.00007710069574	NA
1.00009276537342	1.00052896077102	0.999822683343747	0.999826814097432	1.00014524784292	1.00019404462101	NA
1.00020959362795	1.00083173072917	1.00037974997763	1.0006399180233	1.00097010349652	1.00024059720544	NA
0.999975765648825	0.999868623917192	1.00002607592826	1.00047261533264	1.00017082418598	1.00052696224443	NA
1.00162511407788	1.00019011043893	1.00080852089513	1.00103261215886	0.999843809269427	0.999842208559528	NA
0.999955445846258	1.00005857078647	0.999901831661148	1.00047981522475	0.99988719643567	0.999765617845688	NA
0.999834824228167	0.999895215621622	0.999744149083499	1.00013596764982	1.0001687411309	1.00034714181982	NA
1.00138787260043	1.0021811225137	0.999979204788112	1.00083877860635	1.00025720676806	1.00011853239627	NA
1.00002544786469	0.999856906235163	1.00013290760268	1.0001670400462	1.00060840842051	1.0005459354175	NA
1.00010716072318	1.00020574368201	1.00059607043313	1.00025452399752	0.999879045198929	0.999819196284553	NA
0.999809710113051	0.999948874452992	1.0002817259795	1.00023141558382	1.00035711398634	1.00112916565743	NA
1.00032164035676	1.00039124754733	1.00090128388757	1.00031630477173	1.00007757688887	1.00015815564948	NA
1.00026049878348	0.999975690402641	1.00003317702357	1.00024908093893	1.00021445105369	1.00081407833916	NA
1.00053535865177	1.0003327908655	1.00035896922745	0.999970805176942	1.00008872163761	1.00069567042729	NA
1.00020735918279	0.999885361742377	1.00030635142053	1.00028486797042	1.00038837293936	1.00039676713948	NA
1.00053186296279	1.00083213044733	1.00038996403953	1.00006352458051	1.00004587577289	1.00050537905732	NA
1.00048816599437	1.00010029212433	0.999907362257353	0.999991415444061	1.00030975442996	1.00037711132592	NA
1.00023767705517	0.999853763244182	1.0000588752859	1.00001857081458	1.00024585805747	1.00031260250518	NA
1.00046152318613	0.99991637400891	1.00050107881732	1.00010197784856	0.999878542616542	0.99990955853366	NA
0.999761415828834	1.00081450340616	1.00057952661415	1.00010147737082	0.999664620060382	1.00017993512869	NA
1.00009375165261	0.999796860502825	0.999951364653682	1.00009134180441	1.00015882135984	1.00063333521076	NA
1.00019398996619	1.00038290940639	0.999880371243697	1.0004498387325	1.00045466921965	1.00083914935446	NA
1.00003344249387	1.00013583320932	1.00072624863645	1.00116504763452	1.00174987871417	1.00001342052937	NA
1.00072577849849	1.00236756328233	1.000462589817	1.00048664899869	1.00070436721093	0.999746062075121	NA
1.00002234981729	1.00068683376578	0.999749620895886	1.00064736867265	1.00028976018684	1.00002050437772	NA
1.00045358472694	0.999974024974636	0.999909138947608	1.00023705521607	1.00044171135013	1.00055115904925	NA
0.999938998743731	0.999885673204876	1.00043020816384	0.999937288290734	0.999886995687574	1.00014931034405	NA
1.00060275879198	1.00012886482491	1.00027304648885	0.999928150441963	1.00008260355825	1.00011545381189	NA
0.999864756413281	1.00025347871377	1.0002791312591	1.00060100790382	0.999885082288347	1.0006079888613	NA
1.00021511498641	1.00008278385208	1.00040002529806	1.00013263292811	1.00020605793981	0.999869277948338	NA
0.999969024563592	0.999862463302616	0.999993929315936	1.00089563973048	0.999959064864961	1.00037154031395	NA
1.0004724079107	1.00147795272644	0.999891300160763	1.00018921741203	1.00067834072222	1.00011945416451	NA
1.00011561133719	1.00015900859386	1.00028282640693	1.00110641048946	1.00009829320392	0.999831581345354	NA
1.00095356884748	1.00058306851023	1.00008260707553	1.0004260073107	1.00013422154557	1.00036496455786	NA
0.999973005661308	1.0001282514313	0.999933141425373	1.00021552948314	1.00019786561204	1.00001488903834	NA
1.00001129901614	1.00010023528399	0.999697476760821	1.00008422139009	1.00021669679422	1.00085683696441	NA
1.00076972790223	0.999908864733469	0.999868108856328	1.00037389987692	1.000171165021	1.00002843691402	NA
0.999944573840896	1.00023787394386	1.0001162380819	1.0000314946689	1.00034915449999	0.999910848430365	NA
0.999705943511536	1.00008326815145	1.0000315389993	1.00044001735707	1.00042776187085	1.00014324082986	NA
1.00192595607393	1.00125957279798	0.999826369438316	1.00023133564679	0.999847919436014	0.999852172804208	NA
1.00034619161747	1.00025520286594	1.00016759814036	0.999897054984509	1.00013218048621	1.00061694227854	NA
0.999748392499791	1.00045781114637	1.00075175231578	1.00011573225235	1.00010868685824	0.999739386706454	NA
1.00049095473379	0.999941022228237	1.00012297004227	0.999935729215763	1.00038349600433	1.00036404581679	NA
1.00061044219241	1.00012160273022	0.999835030585844	1.00056029074536	1.00023608301736	0.999823123494849	NA
0.999792263130723	0.999948033024116	1.00029095596892	1.00084115728832	1.00045843723727	1.00039112074348	NA
0.999804388898886	0.999937417491172	1.00015632193237	1.00056821090975	1.00056893647385	1.00006221782357	NA
1.00041275821705	1.00013469064667	1.00007952403523	1.00002170540662	1.00030082644136	1.00037651699009	NA
1.00043690882743	0.999952241152696	1.00014221315048	1.00012547607239	1.00008961984226	1.0003640917502	NA
1.00020906482031	1.00011934209329	0.999812846841677	1.00047291081102	1.00002776564624	1.00017096395021	NA
1.00023924528067	0.999848608769071	1.00036024999235	1.00024905634112	1.00087524334512	1.00034358121433	NA
1.00402022409022	1.00271151889109	0.999803356278474	1.0003538818942	1.00005227715579	0.99991486715911	NA
1.00001339401061	1.00043809344809	0.999785203955093	1.00057667661619	1.00002377551828	1.00060704396483	NA
1.00000757117288	1.00011322288809	1.00044198315835	1.00027996113579	1.00020349227317	1.00040038432445	NA
1.00120738334548	1.00044244551549	1.00045297433805	1.00082180787699	1.0004544223566	1.00003683680266	NA
1.00046301150165	0.99991002683598	1.00045185002555	1.00013596328221	1.00034135379478	1.00006784650481	NA
1.00071428347993	1.0002498733378	1.00086060611972	0.99976373549383	1.00102694610338	1.00003374599654	NA
1.00012196774091	1.00029753530053	1.00005371188996	1.0006513974539	1.00014720029024	0.999820749175552	NA
1.00082889079117	0.999883029508915	1.00049517472726	1.00044573614606	0.999877645602704	0.99998921537661	NA
0.999818010880891	1.00003739495463	1.0004914695092	1.00087322507383	1.00051008266611	1.00021094729536	NA
0.999826249849305	0.999899789689938	0.999970986894019	1.00022603957736	1.00072837677215	0.999876527718887	NA
0.999839259069935	1.00037742148362	0.999875863303323	0.999904654313444	1.00013567001454	0.999972284805882	NA
0.99989166112114	1.00029743329608	0.999875003205221	1.00026265328758	1.00021293349171	1.00029348669978	NA
1.00107039535982	1.00013091881714	1.0004607898406	1.00029334410153	1.00063004535484	1.00109028945809	NA
0.999908253677753	1.0007977379536	1.00032585150885	1.00182999391527	0.999969928873948	1.00038665208383	NA
1.00040742526124	1.00046056211705	0.999899736079538	1.00075639064683	1.00059743041791	1.00017194327574	NA
0.999745181993731	1.00017799568859	0.999791715384892	1.00092577197712	1.00030937066812	0.999875623460529	NA
1.00067132000654	0.999971825300473	1.00061852347613	1.00018932917187	1.00045632368912	1.00069017180232	NA
1.00054982871128	1.00027429780535	1.00027714540899	1.00089748522641	0.999981626472756	0.999979292897961	NA
1.00323987906753	1.00290109544757	1.00021858651136	1.00023116707605	1.00011505400126	1.00048153843975	NA
1.00019711333357	1.00055457310617	0.999863028507425	1.00033418020613	1.00003858824223	1.00040181365895	NA
1.00029806767218	1.00118616908821	1.00019480279001	0.999770643890737	0.999924251943161	1.00060567658106	NA
1.00104930548023	1.00082494839894	1.00012533318291	1.0001746676849	1.00056443921604	1.00010524479523	NA
1.00028086685787	0.999784991377231	1.00014967888874	1.00000525700043	1.00068379661376	1.00022046184683	NA
1.00056911879814	1.00064043205091	1.00027669045093	0.999874751511868	1.00004860079197	1.00043627771199	NA
1.00005993204246	1.00014866198526	1.00005683684269	0.999867179864635	1.00002481195427	1.00158267011126	NA
1.00163836290321	0.999671982652641	0.999922754614678	1.00051556986316	1.00104031267255	1.00021297178158	NA
1.00208943915156	1.00082998793792	1.00027316918923	1.00026491004627	1.00105919793734	1.0012964952969	NA
1.00040386899503	1.00027734602269	1.00054342754734	1.00019084286314	1.00020232600914	1.00018809175557	NA
1.00301817422555	1.00191827425468	0.999885993035125	1.0011243847026	1.00083584453295	1.00079761653166	NA
0.999978973537015	0.999955701674914	0.999860267723637	1.00002577177119	1.00028656130648	1.00031982551259	NA
1.00085418964676	1.00063818325997	1.00088688471199	1.00103158804619	1.00029603845482	1.00036342515303	NA
1.00013664411192	1.00021751922069	1.00061693301242	1.00006566932785	0.999969893997902	1.00032282091662	NA
1.00068075939572	0.999891706162499	0.999935880052146	1.0001615740038	0.99982428998591	1.00011777826623	NA
0.999950375351473	1.00053704667363	1.000031963354	1.00025320181825	1.00034604392725	1.00045585276883	NA
0.999985024219573	1.00018737156836	1.00063352170485	1.00042849254013	1.00032974504999	0.99996935045305	NA
0.999866717716247	1.00036004162409	0.999977152905888	1.00026796406854	0.999952813062128	1.00119310908058	NA
1.00029680709302	1.00011052406354	1.00016047772486	0.999882376359562	1.00122507697041	0.999943558971454	NA
1.00106330064124	1.00030092585697	1.00030719204943	1.00034077013092	1.0004289252765	1.0007227136182	NA
1.00052732300506	1.00046127791322	1.0000752816607	1.00028158300008	0.999876065280422	1.00041224814511	NA
1.00075370264706	1.00015790140447	1.00021146438776	0.99985397627189	1.00045519773741	1.00036816665171	NA
1.00017937013376	1.00053828598674	1.00049815998953	1.00024129508054	1.00003768576621	1.00100103672193	NA
1.0000246677418	1.00038599711502	1.00004314188315	1.00010218375113	1.00054492831157	0.999978309477052	NA
1.00037646639684	1.00063923711058	0.9999257369969	1.00049479149721	1.00050508579172	0.999946918495615	NA
0.999965666518275	1.00012189071212	0.9998573429346	1.00041091251597	1.00106169299025	0.999900710067897	NA
1.00070936729244	1.00036356778378	0.999953960160377	0.999976461988118	1.00022665527743	1.00077105297013	NA
1.00013553853303	1.00048073621921	0.999795077204694	1.00070323775095	1.00014406305669	0.999805967357765	NA
1.00000363336898	1.00011393340116	1.00003944315919	1.00048914327649	1.00050826403571	0.999715693066468	NA
1.00056502743545	0.9998373726746	1.00046303526985	1.00022015299731	1.00006102869586	0.999982517856254	NA
1.00033307540385	1.00131299158582	1.00062754247224	1.00097309208649	1.00001346773816	1.0012776053098	NA
1.00008888945221	1.00012757932591	1.00019825051585	1.000187956457	1.00088515979356	0.999798269308889	NA
1.00113801105428	1.00015636661911	1.00011505642959	1.00059998738336	0.999851228197027	0.9999647819797	NA
1.000370633034	1.00050920009157	1.00017977594234	1.00069341502762	1.00267100510877	0.999972659841404	NA
1.0000594459222	1.00053230292503	1.00028900032056	0.999992299491385	1.00028851674335	1.00001671231895	NA
0.999913298834777	0.999949380802343	1.00016455163542	1.00048289287497	1.00069081257325	1.00021267035342	NA
1.00019121420418	0.99990166838959	1.00000908065176	1.00018372874628	0.999982704307706	1.00017732744109	NA
1.00062514230369	1.00014156006064	1.00026799006612	1.00015634139476	1.00013775802255	1.00015003684811	NA
1.000476060861	1.00023668222539	0.999961752576606	1.0005133178525	0.999846363652226	1.00012841953449	NA
1.00017593076818	1.00015374292377	1.00100695852584	1.00041796709629	1.00002107570276	1.00018319946228	NA
1.00029982425282	1.0000199799206	1.00006565989861	1.00084062432877	1.00072790257799	1.000138214103	NA
0.999986062924119	1.00030038613535	1.00052880901167	1.00042386669994	1.00047758683124	0.999781721601225	NA
1.00082696670444	0.999831684772397	1.00010520341228	1.00083922206782	0.999982712776946	1.00000915422787	NA
1.00040257626134	1.00224023515287	0.999766477053213	1.00023331194594	1.00069543384852	1.0000494417243	NA
1.00019165782048	1.00183523381667	1.00025799469217	1.00144860909057	1.00032969350596	1.00096352535592	NA
1.00113563868953	1.00037118820151	1.00023553841203	0.999888506774316	0.999889288171178	0.999899685864603	NA
1.00167942277603	1.00135189309553	1.00019155009336	1.0003786165593	1.0005240752623	0.999854584904467	NA
1.00127264149813	1.00389645646277	0.999991980883948	1.00093424295261	1.00018008332582	1.00108569821307	NA
0.999881692214888	1.00045675101185	0.99977270258982	0.999741484589432	0.999978425188456	1.00008451921292	NA
1.00022797965037	1.00029529480493	1.00042808937694	1.00050207227923	1.00026945932724	0.999942686479051	NA
1.00045256011617	1.00260374831238	0.999850065934131	0.999994687963752	1.00001412621303	1.00052930995503	NA
1.00036622882599	0.999895621913899	1.00065638624063	1.00035933964228	0.999796415240177	1.00007532086378	NA
1.00022844698554	1.00054968590626	1.00016258656614	0.999829380321502	0.999851079648125	1.0005188849095	NA
0.99980234322135	1.00041346434529	1.00030247718935	1.00026531228567	1.00054446106476	1.00153845052411	NA
1.00025290487641	1.00055530748737	0.999947924616443	1.00076799071531	1.00042228506092	1.00046088126031	NA
0.999829246662164	0.999943558276667	0.999698326149517	0.999968733287273	1.00025175067057	1.0005088089529	NA
1.000000942535	1.00016532692963	0.999983912461831	1.0003443637011	1.00018409774693	1.00137939394809	NA
1.00032174110577	1.00012175304328	1.00076701944324	1.00034046295015	1.00061737318601	1.00038720564964	NA
0.999975940311194	1.00065895746065	0.99981016825116	1.00150223179422	1.00069389054543	1.00027827402097	NA
1.00054376691278	1.00032099856225	0.99995740124098	1.00014917008384	0.999961039028907	1.00030041968334	NA
1.00036431580649	1.00054666363323	0.999872511539169	1.00027677708248	1.00041820007115	1.0002184754104	NA
1.00045229959505	0.999950780744211	0.999797284656704	1.00034738453362	1.00040544443427	0.999913860287641	NA
1.0002125667398	1.00022793259098	1.00001792619553	1.00048681341555	1.000305410119	1.00083251794208	NA
1.00015805024665	0.999891318846358	0.999827716957363	1.00043576609895	1.00035127652892	0.999944760376522	NA
1.00051531795751	1.00044278548388	1.00001189832748	1.00013853925412	1.00037076249089	1.00041332945576	NA
1.00011141020333	1.00067071099785	1.00007969889601	1.00024882030952	1.00001324649455	1.00112019501281	NA
1.00037496382455	1.00092444186154	1.00055065185222	1.00041850841166	0.999823177087389	0.999873325884958	NA
1.00398030906102	1.00697717853795	0.999838607179459	1.00042258715458	0.999916604245607	0.999875239635187	NA
1.00003491544351	0.999996884826008	1.0003487952164	1.0000382867087	1.00099267300995	1.00026610285297	NA
1.00061428580339	1.00013097261975	1.00051854569502	1.00060518282276	1.00043585482278	0.999863261950688	NA
1.00025848347427	1.00249567708499	1.00004532850802	1.00034507698371	1.00080601759594	1.0002877440151	NA
1.00043604129397	0.999983680355692	1.0003435789331	1.00160409765308	1.00074595301406	1.00016378858642	NA
1.00013039798059	1.00007729691507	1.00019780368878	1.00013025842828	1.0001229450852	1.000064524536	NA
0.999722455721979	1.00010157136978	1.00035258993978	1.00134683451615	1.00022440905477	1.00064538046945	NA
1.00036010348326	1.00031530385011	1.00059281116567	1.00058216424055	1.00005302789888	1.00163954241431	NA
1.00007242549672	0.999981853877785	0.999992685166609	1.00046125045769	0.99988447537109	1.00053136914196	NA
1.00034690707221	0.999684946051084	0.99983255539793	0.999890965002505	1.0003814699465	1.00015212595275	NA
1.000188354304	0.999656119672218	0.999823357580411	0.999942034634753	1.00019194600995	1.00026544812705	NA
1.00039895961488	0.999888466727324	1.00000403754924	1.00005065086731	0.999712930331245	1.00037747067454	NA
0.999881974074746	1.00061263484508	0.999864412826747	0.999780439886986	1.00008047043903	1.00050232251972	NA
1.00016134340786	1.00038994306119	0.999914587486685	1.0001550283204	0.999929285619373	1.00139921419641	NA
1.00093146185775	1.00002852577614	1.00025379329623	1.00107764504428	1.0004489230328	1.00050323793379	NA
0.999788922167483	1.00032720390883	1.00020029846348	1.00005990139314	1.00032452354897	1.00018351383253	NA
0.99980772182748	1.00041029038771	0.999834231137835	1.00014127304694	1.00014138112657	1.00024441425179	NA
0.999859229885356	1.00025560462894	0.999878077015598	1.00060248790295	0.999872674661035	1.00028685986207	NA
1.00013113695357	0.999807986463323	0.999924760235177	1.00106215110759	1.00028671508595	1.0005917109277	NA
1.00140943981697	1.00024020734263	0.999918463520792	1.00095448342453	1.00034084146571	0.999771012377875	NA
0.999874506782859	1.00070989233069	0.999998053242741	1.00086215762011	1.00063875871351	1.00076879041386	NA
1.0009773780759	1.00121556888411	0.999976728728241	1.00064521882289	1.00009580636751	1.00127414761026	NA
1.00037923607678	1.0010906485357	1.00070537771442	1.00079797113072	1.00038855444401	0.999878580361449	NA
1.00014420525265	1.00001230775791	1.00026449567355	1.00001413701188	1.00019494102964	1.00056688959946	NA
1.0000729680075	1.00044456860313	1.00016018863415	1.00033824119089	1.0006730801076	1.00030571286896	NA
1.00055111177088	1.00015622895777	1.00010399339631	1.00071827134956	1.00033101996158	0.99987935581346	NA
1.00054067323198	1.0000734968187	1.00047659671003	0.999865750551613	1.00011821080893	1.00046714458454	NA
1.00018139921282	1.00204430611692	1.00022059767571	1.00049690721269	0.99980698285028	1.00070082534315	NA
0.999937170582916	0.999790120057298	1.00010619947607	0.99993383233959	1.00041745991251	1.00042234545133	NA
0.999771234116667	1.00006832828775	0.99980783144796	1.00044569610167	1.00017459281797	1.00024195994493	NA
1.00024286955307	0.999962346306646	0.999885804655141	1.00034571121928	1.00022222457052	1.000493756716	NA
1.00033918675985	0.9998887886891	0.999760324750038	1.00024656390193	0.999924413886822	0.999838567379563	NA
1.00026211345011	1.00001418228213	1.00031501522645	0.999889457245131	0.999820665150978	0.999966187354453	NA
0.999943562538515	0.999924900100052	0.999857282531057	1.00052527870683	1.00092838769174	1.00083883328094	NA
1.00004265979678	1.00041991146294	0.999753649900151	1.00071807751419	1.00063557204141	0.999844301758854	NA
1.00011444954413	1.00030769462842	1.00004027819099	1.00020917824289	1.00006483230938	1.00073961445343	NA
1.00029419225526	1.00038855486936	1.00027338299757	1.00037752422448	0.99972169232947	1.00004294527313	NA
1.00006718144635	0.99990997112408	1.0001664072614	1.00031401930017	1.00007514954787	1.00021353053941	NA
1.0001387948037	1.00000484655906	1.00041344467177	1.00029429184938	1.00021250492373	1.00032863776193	NA
1.00044057344061	1.00177234811748	0.999899350447244	1.00072772411602	1.00081975839444	1.00005081387885	NA
1.00052265498437	0.999954606348225	0.999735056294737	1.00013898515127	1.00042388868442	1.00065785958153	NA
1.00088840554566	1.00089385244985	1.00014214536873	1.00021463448871	1.00007738909937	1.00017909833694	NA
1.0000600961931	1.00157614495921	0.999872101581208	1.00027844157431	1.0021348352995	1.00081116360985	NA
0.999876849464853	1.00009555907878	0.999885278174027	1.00020452417526	0.999723092751138	1.00014637433186	NA
1.00017731011945	1.00038240810992	0.999831844769433	1.00044993587027	1.00108378651329	1.00000673193401	NA
1.00010281064509	1.00012456198751	1.00031911377994	1.00001245315507	1.0014978641887	1.00032573653962	NA
0.99998721968351	1.00025811596076	1.00001029862813	1.00081246091065	0.999817210488836	1.0001619591868	NA
1.00037462978914	1.00000601353716	1.00029097032429	0.999781109635719	1.00005808495874	1.00036554485204	NA
1.00060642235014	0.999950911436432	1.00031268036788	1.00074242357807	1.00086395631815	1.00064939412843	NA
1.00071565174632	1.00073442597487	0.999760067757417	0.999884198646571	1.00026607439396	0.999826510053611	NA
1.00067787350533	1.00018537051042	1.00048671103075	0.999933688261444	1.00016312712875	1.00066471743128	NA
1.00103014178682	0.999942921816191	0.999790133897344	1.00116913959176	1.00013249355595	1.0005721829422	NA
1.00010975313296	1.00024748444916	1.00009071050577	1.00037199104593	1.00023243337863	0.999858753371707	NA
1.00121634130794	1.0011864343444	1.00011096626892	0.999968586411648	0.999929428004876	1.00035828020162	NA
1.00019288653337	1.00013401633636	1.00014721366811	0.99999702537577	1.00012491067665	1.00078797645513	NA
1.00035317779843	1.00076355990708	0.999902008728863	1.00037830747707	0.999821011818478	1.0005119252123	NA
1.00000479266631	1.00046790173989	0.999991396691554	1.00015563788491	1.00071971967904	1.00003105522834	NA
1.00016561854411	1.00009645979883	1.00036538961489	1.00055556011923	1.00003172249714	1.00026702335079	NA
0.999972413460538	1.00004009486414	1.00015994239967	1.00021702063568	1.00020594889134	0.99990876831001	NA
1.00132647178248	1.0038688156183	0.999830638583334	1.00007262570128	1.00223602609547	1.00048192232656	NA
1.00018333191412	1.00121285258048	0.999896566967516	1.00014890600188	1.00031195620234	1.00012083805876	NA
1.0001824386401	1.00012049008341	1.00024559054806	1.00042461491227	1.0001878011856	1.00038387498766	NA
1.00227353628674	1.00056900790052	0.999982351291735	1.00068779474894	1.00044872328663	0.999847347132798	NA
1.00050397351467	0.999706770561375	0.999952818901647	1.00008330600817	1.00026759323441	1.00023084146143	NA
1.00018757542024	1.00108767965164	1.00042568477674	1.00074732000431	1.00026560462999	1.00004275700039	NA
1.00043673729112	1.00007125542673	0.99983552636981	1.0006133299344	1.00017082013891	1.00022038589882	NA
1.00005024473277	1.00104543536578	1.00004843026162	1.00074050901501	0.99983537098508	1.00098422710232	NA
1.0005662691171	1.00038072997785	1.00018518400125	1.00029870245769	1.00028918941149	0.999871767535747	NA
1.00031781031802	1.00022600230594	0.999753880995302	1.00019637915068	1.00001139800833	0.999976625898288	NA
1.00025949037497	1.00006413187851	0.999911550562156	1.00011288294678	1.00020941708389	1.00051994357724	NA
1.00113481476111	1.00039413885774	1.0002149493653	1.00048535809581	0.999692212988957	1.0002290603986	NA
0.999706078395372	0.999862275224731	1.00041957445981	1.00061545538251	0.999935284901342	1.00005242323424	NA
1.00064631279353	1.0000988041262	1.0003020825775	1.00025639769625	1.00097423558457	1.00030653596545	NA
1.00007086192229	0.999965965350113	1.00024216456061	1.00013410253166	1.00009559950386	0.999952727059479	NA
1.00013939246872	0.999783975879499	1.00004382598702	1.00018860770033	0.999929275921151	1.00058355790332	NA
1.00024662978841	1.00009197276948	1.00011088553796	1.00110590253765	1.00062261001408	1.00013814703244	NA
1.00065230151467	1.00032463814243	1.00039929090718	0.999831507202741	1.00001322775616	1.00038227403159	NA
1.00081270622136	0.999946223629119	1.00037320259108	1.00002558359941	0.99992177455284	1.00012074625152	NA
0.999818292980455	1.00080478033048	1.0000276988564	1.00023719951656	1.00080306066506	1.00055214998073	NA
1.00352061113588	1.00250467105788	0.999926480757965	0.99977649947901	1.00128926271748	1.00035542764475	NA
1.0001898592066	1.00006620690339	1.00026918154587	1.00020144805367	1.00021322881333	1.00015937719322	NA
1.00005845383596	1.0002136418443	1.00021031733321	1.00083889333811	1.00039738909355	0.999915257797411	NA
1.00000506811747	1.00059273207806	1.00049762935842	1.0004700434254	0.999660250032816	1.00039157090588	NA
1.00018947082629	1.00096269178947	1.00003737247182	0.99987017468634	0.999795112809743	1.00014647114003	NA
1.00041525884282	1.00024130709465	1.00044339906274	1.00047827125945	1.00024985568669	1.00068171860639	NA
0.999988205891264	1.00056557855841	1.00030379467281	0.999991953262506	1.00015483528994	0.999991995954259	NA
1.00016016528286	1.00054935949849	0.99966555984223	1.00002365936281	1.00026784667904	0.999715950327535	NA
1.0001539657154	1.00117167386051	1.00023808451847	1.00137357049738	1.00000481128007	1.00066119123098	NA
1.00123452562204	1.00072715117283	1.00022695190874	1.00086597510074	1.00052986310979	0.999858830415906	NA
1.00036448468469	1.00019881674868	1.00014883107857	0.999975164257959	1.00062163944801	1.00052703073062	NA
1.00032516835207	1.00011490005508	0.999794814664625	1.00139105361697	1.00005757355788	1.00046069085548	NA
1.00036227363843	1.00019658104625	0.999833198657426	1.00082199744033	1.00066525172052	1.00133905219697	NA
1.00000651293306	0.999918702737828	0.999904338156079	1.00028380736987	1.00028183604548	1.00004191511957	NA
1.00026226649475	1.00170735127266	1.00003699142952	1.00062976961338	1.00075852061924	1.00172760950264	NA
0.999831675565041	0.999792926173102	0.999928025229724	0.999884474530817	1.0002893805217	1.00027271191745	NA
1.00139297895714	1.00021266347211	0.999842389497558	1.00006709399341	0.999890422839868	1.00117566647298	NA
0.999951911600565	1.0004177510308	1.0000047057766	1.00005107717201	0.999859657848636	0.999947040040315	NA
1.00057242989528	1.00078548573365	0.999906954531928	1.00020563158881	1.0003742021838	1.00060262263651	NA
0.999921259113925	1.00070320675289	1.00014496837734	1.00045512890673	1.00023120631119	1.00011197651921	NA
1.00150816232655	1.00187090259364	1.00025729082391	1.0010385586599	1.00070015458351	1.00085865324679	NA
0.999937843462979	1.00035344679739	1.00023531863466	1.00053763197402	1.00078768971443	0.999723678022813	NA
1.00057993147541	1.00076920957199	1.00007130998274	1.00019709149318	0.999986067251563	0.999958068037057	NA
0.999801525589787	1.00017641591248	1.00020805542288	1.00034907791436	0.999983550512806	0.999982782273918	NA
0.999802756313439	1.00007457915768	0.999923449090817	1.00056841870807	1.00041064554432	1.00063589624718	NA
1.00013132062403	0.999965446663875	0.999916291587673	0.999944824897367	0.999707708113844	1.0004045348552	NA
1.00214837604683	1.00102964181999	0.999785312421985	1.00027946273668	1.00028485587677	1.00092347310191	NA
0.999815486550932	0.999733863052522	0.99993027953432	1.00015690023193	1.0001958173689	0.999967674005837	NA
1.00024145586268	1.00013221703349	1.00009220240158	0.999829713448425	0.999950584692485	0.999781689944429	NA
1.00058830488151	1.00011404105389	1.0000614360243	1.00029711433141	0.999813077257422	1.00075386481463	NA
1.00102031459404	1.0020216420836	1.00045111700169	0.999887286625871	1.00063731636084	1.00015657322721	NA
1.00047598236703	0.999908685454447	0.999731037312071	1.00033988336434	1.00016992098485	1.00006187422442	NA
0.999984472667322	1.00084157612767	0.99995681551948	1.0002199617605	1.00041343169351	1.00046776619566	NA
1.00036661023402	1.00008847591512	0.999907995764174	1.0013710518631	1.00025122693682	1.00051939854149	NA
1.00010540000941	1.00013857063981	1.00011247573205	1.00113924418657	0.999740264591882	1.0007848927149	NA
1.00149458541111	1.00200868862083	1.00025050812795	1.00021807549901	1.00092564165487	0.99981070771409	NA
1.00073022170855	1.00032521045743	0.999972215206058	1.00074579285059	0.999780405988081	1.0001096163419	NA
1.00073916596596	1.00078974295824	0.999845910108631	1.00073579996587	0.999678570451209	0.999782254636767	NA
0.999907693414027	1.00006786800435	1.00007776929688	1.00040413381509	0.999836505748223	1.00017424392368	NA
1.0005132404504	0.99997629990657	0.999678335831307	1.00002085440109	1.00042656048223	0.999969250478237	NA
1.00029836534257	1.00065022446709	0.999714715979278	1.00089632498223	1.00034823656533	1.00011164741045	NA
1.00087075444217	1.00044100947884	0.999742053467135	0.999995088339875	1.00082694023765	1.00058992815112	NA
1.0001177695004	0.999904909019643	0.999963218845628	1.00019042980923	1.00016320976222	1.00232446080822	NA
1.00068936907111	1.00015910421658	0.999920393541886	1.00009940458523	0.999720280450468	0.99998092842856	NA
0.999890864428389	1.00018984948123	1.00002735176863	1.00024729789078	1.0003859358633	1.00028458717188	NA
0.999903467530067	0.999981345155039	1.00025515283876	1.00125186830655	1.00004541137547	1.00040233896001	NA
1.00054192186052	1.00059209111006	1.00036983772081	1.00066825741284	1.00019951573031	1.00028196614081	NA
1.00026645642955	1.00034373120766	0.999873566499311	1.00015896216915	0.999978712094152	1.00040789785197	NA
1.00022559703314	1.00055032186488	1.00014000706712	0.999950764719346	0.999979072937968	1.00005313531517	NA
0.999902352909473	1.00050782069359	0.99994279790221	1.0004845045939	1.00016276074622	1.00018053797028	NA
0.999935174198468	0.999996480983477	0.999930175588263	1.00031036575077	0.999873258231765	0.999848749045712	NA
0.999865769389838	1.00010980578351	0.999806377555721	1.00092799974677	1.00053858188105	0.99995150055616	NA
1.00040817143828	1.00095605973891	0.99991207108415	1.00096438315237	1.00087498114096	1.00048586444936	NA
1.00009382296588	1.00045444288351	1.00062006263974	1.00061976384248	1.00031676158264	0.999919636586015	NA
1.00004208694216	1.00054735522807	0.999745735829577	1.00049539057407	1.00034285732412	1.00025374407102	NA
1.0001125011716	1.00076037443025	0.999885150739725	0.999993484980408	0.999824309451325	1.00000281511675	NA
1.00006706355896	0.999916491879275	0.999877110723466	1.00022515014442	1.00025162179271	1.00022310206832	NA
1.000054512573	1.00140385256578	1.00015648923496	1.00036482518625	1.00018856944817	1.00091590575374	NA
1.00061536291613	1.00010090391204	0.999857644606359	0.999879102192274	1.00122696828843	1.0001991124461	NA
1.0001180425729	0.99987920462963	0.999952754543889	1.00020614680295	1.00009604828114	1.00000879594957	NA
0.999908392486459	1.00015617688144	0.999883039382866	0.999754155428905	0.999868909861257	1.00022507168814	NA
1.0001090986827	1.00091009509001	1.00024981239814	1.00044557868495	1.00025350013456	0.999971421171033	NA
1.00010827588441	1.0001926312767	0.999922469561149	1.00007474250508	0.999986723127857	0.999988239425276	NA
1.00006841277625	1.00069460502887	0.999804435909268	1.00095893818354	1.00026047322261	0.999903237087183	NA
0.999783455848399	1.00066812437208	1.0001841125139	1.00013966796691	1.00007165446039	1.00058505206543	NA
1.00038288503015	1.00097170651258	1.00030694024826	0.999940323565	1.00081426645472	1.00056265104753	NA
1.0005607125893	1.00006153135059	0.999817097584371	0.999954285679839	1.00049587430924	1.00068789435167	NA
0.999975571850483	1.00070514535074	1.00014158079571	0.999885118463618	1.00097179913405	1.00017890085993	NA
1.00046865614025	0.999958087261026	1.0003818876074	0.999939182231019	0.999818944168123	1.00057518550858	NA
0.999846150248437	0.999815159653653	1.00021705797865	0.999801124625831	1.00044501838382	0.999971272449947	NA
1.00107328760465	1.00075704896731	1.00017419141808	1.00109162079809	1.00025693731717	1.00041571322555	NA
1.0015033918992	1.00071947619623	0.999862229966281	1.00077671064192	0.999987559942774	1.00038703234418	NA
1.00022158938814	1.00034715050671	1.00031476339728	1.00007526979607	1.00008235232687	1.00005315181375	NA
0.999921055422178	0.999969501782905	1.00056683362804	1.00009766338147	1.00012814241749	1.00024657527741	NA
1.00001837894443	1.00082468586777	1.00021301793571	1.00004371720735	1.00070560351527	1.00096652589534	NA
1.0012219391736	1.00066742628863	0.999931686250326	0.999970041660973	1.00027870329942	1.000807936896	NA
1.00043358036065	1.00109743430506	1.00018490864889	1.00028904960976	0.999939511638591	1.00043736486081	NA
1.00009417562098	1.00036745154844	1.00012845478088	0.999995389653232	1.0011913895075	1.00051932935284	NA
1.00045316609287	1.00002281676075	1.00012133073198	1.0001371104173	1.000377392465	1.00009700033424	NA
1.0000675041603	1.00027255253374	1.00081924744092	0.999974380155776	0.999740674184456	1.00059756308335	NA
0.99995712442687	1.00020756420178	1.00053233382197	1.00034604729815	1.00027109119668	1.00012445999925	NA
1.00001239062901	1.00000582838179	0.999952868507561	1.00034119229828	1.00031123343445	1.00016357173601	NA
0.999950132320977	0.999767729174559	0.999937473966239	1.00016363462222	1.00056548486275	1.00087224098153	NA
1.0002478836494	1.00023096081891	1.00051022770158	1.00070245303858	0.999955297259435	1.0001233836679	NA
1.00000923048071	1.00027245251344	0.999903188584388	0.999991319254655	0.99982921572773	1.0002434448603	NA
0.999878208301248	1.00018413361877	0.999871495677836	1.00015961500592	1.00037127728912	0.999994601997029	NA
0.999964240406812	0.999908115833769	1.00079195891188	1.00166509980992	1.00198020175452	0.999952603670887	NA
0.999943286934263	1.00018611721723	0.999923681448505	1.00099971521719	1.00091214828627	1.00021166730873	NA
0.999833462658786	1.0001944784021	0.999863273418314	1.00051339729668	0.999791405518239	1.00022951190625	NA
1.00265498033539	1.01105756216374	0.999951838335418	1.0002366831387	1.0001539369856	1.00042125716643	NA
0.99985002307766	0.999804067096381	1.00010541494355	1.00107106394334	1.00030407954245	1.00011945000422	NA
1.00023203780384	0.999977248910485	0.999859868663545	1.00013381177905	0.999963403147109	1.00045216783777	NA
1.00063569609761	1.00017845388975	0.999738694217586	1.00007873736837	1.00081499947538	1.00080980738438	NA
0.999834782994465	1.0002113627174	0.999929687204888	1.00161557311598	1.00014046306562	1.00047752707143	NA
0.999719410236944	1.00012125677063	1.00002857792195	0.999817540753758	1.00005954965791	0.999934412740414	NA
1.00016034204041	0.999948070447931	1.00007592084904	0.99980422555572	1.00006983419618	1.00032718898319	NA
0.99991137007407	1.00008602093355	0.99994308139521	1.0001086446568	1.00008759455273	0.999687064159564	NA
1.00022168540601	1.00006105915437	1.00014281669583	1.0008478534282	1.00075353520602	1.00013498752809	NA
1.00088755265302	1.00023495173882	1.00033926971848	1.00056811548349	1.00047531821266	1.00037980274284	NA
1.0000068444607	0.999937469834778	1.00023938073714	1.00001080938455	1.00088471253666	1.00005595918057	NA
1.00032471883285	1.00103742957588	0.999796066899175	1.00135066931402	1.00096154250321	0.99996212619223	NA
1.00020457888446	1.00020101301672	0.999851362944727	1.00042632958268	1.00077741423788	1.00054591068969	NA
1.00028545197426	0.999774531665042	0.999799749953246	1.00108251248115	1.00016461628246	1.0002049431103	NA
1.00068461598967	1.00056378078827	1.00015306316983	1.00037851269096	1.00077008228045	1.0003680020086	NA
0.999980204796041	0.999723816852415	1.00014602934106	1.00053549145331	0.999929981600232	1.00068836614809	NA
1.00067446839902	0.999694471317607	1.00025028556339	1.00094969354994	1.00023931396959	1.00010804437078	NA
1.00013441734583	1.00104535348693	1.00089570663143	1.00045038429918	1.00043813687618	1.00035626798088	NA
1.00068735804065	0.999784490743568	1.00014260708238	0.999833693651072	1.00050510218979	1.00047099524367	NA
1.00008822180702	0.999960869854976	1.00023383960726	0.999828963529888	1.00070037110103	1.0003507967265	NA
0.999955735560197	1.00094988138393	1.0001399805711	1.00053487042648	1.0004326258952	1.00054538058732	NA
1.00091992375945	1.00052348654332	1.00019145239605	1.00083262319452	0.999721927740004	1.00142759161066	NA
1.00009944508078	0.999926550679657	1.00000591273648	1.00043991590894	0.999959783495115	1.00004938377551	NA
1.00120597609192	1.00009522582167	0.999784111097063	0.999964964718169	1.00014329156112	1.0003970592555	NA
1.0000769331773	1.00014960304624	1.00001515649084	1.00006811910568	0.999756532960714	1.00068826441155	NA
1.00034675112745	1.00020708163951	1.00020137386301	0.999993343967323	1.00020963132437	1.0002256776295	NA
1.00039747315858	1.00028777209023	1.00030775792554	1.00113639858125	1.00035381863338	1.00065388822683	NA
1.00030825610746	1.00018612698652	0.999850262388222	0.999975613835602	0.999767963963427	1.00031937691871	NA
1.00031751515757	1.00003160354188	0.999983097998733	1.00012321666789	1.00001736992587	0.999905116835647	NA
1.00094969925097	1.00033122545708	1.00023488595155	1.00061206704559	1.0000350079635	1.00050274030295	NA
1.00010871992018	1.00048118301038	1.00023562133509	0.999771824893136	0.999849354868087	1.00002801075719	NA
1.00037040707327	0.999896396245068	1.00028136782433	1.00004812443053	1.00087990091449	1.00084014481979	NA
1.00007867290688	1.00032032991491	0.999827911455056	1.0000368564234	1.00020582025686	1.00052202016471	NA
1.00031761970227	1.00005843743278	1.00005012931158	1.00001255166352	1.00036952746761	1.00086512111808	NA
0.999747758668707	0.999916057240375	0.999939732952141	1.00023378643347	1.00025355333322	0.999810585794876	NA
1.00054025574321	1.00003129233135	1.00011495665033	1.00017396849532	1.00025450112466	1.00023596930957	NA
0.999759757039546	1.00044740583415	0.99978423026166	1.00065907700491	1.00083129653449	1.00079368485249	NA
0.999788437781199	1.00105839084827	0.999803148233574	1.00082534042348	1.00049491423454	1.00019232335201	NA
1.00037112452928	1.00045533994396	0.999995162487308	1.00030977437684	1.00024110201209	1.00038689482799	NA
0.999791838452102	1.00000797487736	1.00068481103016	0.999853400700724	1.00019095312928	1.00030538151447	NA
1.00000575805254	1.00082880642463	0.999745649007925	1.00009101161457	1.00051249678739	1.00050965186462	NA
0.999921045574927	1.00026767330984	1.00006385599315	1.0005204974219	1.0002148246244	1.00116918371635	NA
1.00028282252685	1.00038969749191	1.00033402139916	1.00029630921331	1.00031945038743	1.00057053982969	NA
1.00001951139388	1.00085881634147	1.00037384159951	1.00003638763738	0.999919031971634	0.999912098411133	NA
1.00039167571218	0.999866522285338	0.999985987750749	1.0006151826956	0.99984753005228	1.00054626225967	NA
1.00018502758766	0.999856524212797	0.999887203250175	1.00007530364879	1.00008519182335	0.999964702331063	NA
0.999925742628055	0.999852944135045	1.00007952836241	0.999993170959745	1.00090465285883	1.00001095731274	NA
0.999822630449898	1.0002310700444	1.00097580481952	1.00052721621093	1.00099367541306	0.999943742783247	NA
1.00056998181887	1.00022550544708	0.999860880911381	1.00005177072469	1.00007646209477	0.999934234312955	NA
1.0008061620807	0.999886490835468	0.999992182687624	1.00049368017652	1.00053467131491	1.00093290853572	NA
1.00028705273767	1.00042851941087	1.00007499072442	1.00009527915703	1.0002895435988	1.00033209359912	NA
1.00158966559897	1.00260351712761	0.999814105703762	1.0003408171445	1.00102753219736	1.00000893519411	NA
1.00015032669049	1.0001498859286	0.999682651667223	1.00060155125515	1.00015265534511	0.999946602795136	NA
1.00062355694932	0.999993015438317	1.00027375378046	1.00004460353004	1.00073136802763	1.00016990910333	NA
1.0001253583393	1.00092540001138	0.999793720920082	1.00019984403074	1.00033077168586	1.00198176715891	NA
1.00064689708275	1.00070854074202	0.999870051012063	1.00033828813586	1.00014485228043	1.00021385163536	NA
0.999944415483787	1.00004028494272	0.99982081300775	1.00075096968284	1.00026323736854	1.00010143181561	NA
1.00009980178257	1.00001316937954	0.999758124813564	0.999905079925805	1.00010631281944	1.00005520017985	NA
1.00000459513905	1.00101857292084	0.999904496871561	1.00051497295669	1.00071743710074	1.00083332476791	NA
0.999922503571978	1.00048412116058	1.00007915442538	1.0003349410109	0.999759803278731	1.00011836973813	NA
1.00234380624375	1.00280865318631	0.999799065082923	1.00021726261247	1.00066179800218	1.0002869302362	NA
1.00014809743524	1.00045388376246	1.00027277307134	1.0008338858201	1.00019522707881	0.999734626319829	NA
1.00068076752478	1.00062199143899	1.0001417397648	1.0001751375228	1.000236862873	1.00094451660683	NA
0.999700320696211	0.999918956917884	1.00038546050581	1.00055078013154	1.00102377925646	1.00004517616559	NA
1.00004872116933	1.00093266522593	1.00022191325917	1.00161099085277	1.00018152788241	1.00036656145798	NA
1.00044378314921	1.00083429654571	1.00026408236943	1.00086748314273	1.00045493438462	1.00035664364897	NA
1.00115989060792	1.00045580073445	1.00009641942105	1.00049127809528	1.00034659429994	1.0000440615801	NA
1.00081253717262	1.00200601152516	0.999799261190928	1.00039722039865	0.999748365115969	1.00035976904855	NA
1.00038866553929	1.0002318520331	1.00054620165804	1.0000601477135	1.00027953011154	1.00030020079877	NA
1.00023327358201	1.00106707781061	0.999996692868716	1.00107794566175	1.00153407529273	1.00017082070075	NA
1.00050338098813	1.00067801244284	1.00013422458481	1.00016385873563	1.00108409948741	1.00001947899488	NA
0.999883773761345	0.999862168065946	1.00011638603831	0.999865362070272	1.00015573246391	1.0002235169035	NA
1.00015910164349	1.00056386874518	1.00001643452829	1.00073542559472	1.00041401845505	1.00035141432267	NA
0.99989489538644	1.00002939224945	1.00013201530483	1.00067202435548	1.00074052960371	1.00031222742918	NA
0.999938582286631	1.00022360398905	1.00003391456043	1.00041763379557	0.999720886577766	1.00013405733738	NA
1.00020152338765	1.00042187235762	1.0016640700831	1.00017561462667	1.00036085078595	1.00182234231022	NA
0.999839628072195	1.00002201146591	1.00040428873011	1.00059953697555	1.00015274989663	0.999975053045513	NA
1.00009042265342	0.999895794465037	1.00004304768578	0.999896809433938	1.00072534669385	1.00001385234639	NA
1.00031472960722	0.999952107258814	0.999731742311485	0.999698979718928	0.999941278315721	1.00027436982076	NA
1.00378429637095	1.00102406613917	1.0002163111754	0.99981373521142	1.0011311715134	1.0004804679679	NA
1.00001519601114	1.00011251625334	1.00004011978095	1.00018840722951	1.00025422723873	1.00008586932912	NA
0.999869580711167	0.999903260492965	1.00046135330389	1.00026205113184	1.00051954085208	0.999719861737881	NA
1.00063786574359	1.00024998758648	0.999713010613425	1.00030083704919	1.00066588032734	1.00063150728911	NA
1.00046036613928	1.0003115259869	0.999981425792481	1.00058855585892	1.00042623002539	0.999995158579193	NA
1.00015168164878	1.00032025838504	1.00058582791184	1.00032045489136	1.00007210543873	0.999824787376366	NA
0.999934662371842	1.00110247921609	0.99980131377649	1.00056766180473	1.00064598633865	1.00066724208128	NA
1.00019414829777	0.999734730299776	0.999807899916063	1.0004852867192	1.00006055247036	1.00009533253036	NA
0.999944818176766	1.00006635643788	1.00034843929376	1.00000678278918	0.999929242437151	1.00019240154318	NA
1.00084402574492	1.00197393469013	1.00055881906745	1.00067731146559	1.00101247454929	1.00126352786055	NA
1.00004695909928	1.00031719848047	1.00033861486257	1.00012561800654	1.00019941029232	1.00004400409654	NA
1.00022372447863	1.00127123855602	1.00009288785996	1.00028140229238	0.999979776963355	1.00156600439805	NA
1.0005343745796	1.00067357820493	1.00017803341452	1.00069352499516	1.00000660230186	1.0004315328427	NA
0.999981510655785	0.999844533390621	0.999733882402735	0.999744294737371	0.999889626263512	1.00031841192182	NA
0.999849605503013	0.999825284689596	0.999757727549663	0.999845895591601	1.00034951258371	1.00026161449206	NA
1.00008777742174	1.00033546804289	0.999817617442222	1.00043098457678	1.00005078342618	1.00069734384479	NA
1.0000695577955	0.999905356250718	1.00033910180499	1.00052715762348	1.00048920869429	0.999995294311378	NA
1.00006940960689	0.999808568621132	1.00001374294578	0.99997020991535	0.999916266516284	1.00073157789233	NA
1.00057984487859	1.00096548233144	0.999941491700996	1.00013817592475	1.00040269850356	0.999965470796504	NA
1.00016323370011	0.999936969489728	1.00034338856052	1.00040012085826	1.00008301665754	1.00016400454664	NA
1.00000681739753	0.999897205553905	1.00013850842111	1.00054338854244	1.00018037388134	0.999982399201328	NA
1.00037635666496	1.00047124597272	0.999938087691262	1.0006428830067	0.999933776326053	1.00063018973792	NA
1.00108693022796	1.00004525989838	1.00003574797027	1.0002910752251	0.999966138702648	1.00048264517144	NA
1.00004953111396	1.00070646669329	1.00004332864374	1.00043370627725	1.00028842166469	1.00008583862277	NA
1.00020204903307	1.00019191355489	0.999882674950643	1.00042933790993	1.0003890781749	1.00060521166496	NA
0.999860124665929	1.00048106487418	1.00044227591378	0.999642877931116	1.00052262357023	0.999941047787228	NA
0.999943789208597	1.00000377009592	1.0001927908188	1.00083290062377	0.999866529227102	1.00127517474378	NA
1.0013766755151	1.00183460809286	0.999997407951795	0.999866169716026	1.00105859705132	1.00095859621204	NA
1.00029436445962	0.999961082698816	0.999837252157052	1.00032840395761	1.00033353947047	1.0005090675398	NA
1.00066354734862	1.00030720054613	1.00019998093462	1.00065850242594	1.0002371224413	1.0011074023107	NA
0.999959441512621	1.00043789247705	1.00048092826836	1.00032736421662	1.00080919685567	0.999664445439379	NA
1.00002069715727	1.0000240183172	0.999862021328603	1.00054098109196	1.00047828001759	1.00063599098786	NA
1.0002535632974	1.00039821278724	0.999763189647108	1.00104775425638	0.999868360973588	0.999632616491556	NA
1.00058920783204	1.00025714669682	1.00013210120252	1.00055433723154	0.999885383159489	0.999725147208179	NA
1.00030540202608	0.999934336449222	0.999950556707058	1.00028446085995	0.999804978431565	1.00024412144779	NA
1.00084089038321	1.00035355397511	0.999937950926276	0.999844778000864	1.00009030797032	1.00017531913946	NA
0.999922644464237	0.999995171823623	0.999982604527982	1.00017798903503	1.00022351028355	1.0000002737013	NA
1.00015792975371	1.0014992147606	0.999678936767623	1.0002444705906	1.000298252626	1.00058140434008	NA
1.00030390223422	0.99990419252892	0.999871346055012	0.99990789691307	1.00079611575181	1.00146315111302	NA
1.00032782771232	1.00029799120539	1.00130322012617	1.00005327311909	1.00009317011818	1.00001975522811	NA
1.00012061086029	0.999929151935024	1.00087759652821	1.00080510746671	1.00061517739104	1.00138979359297	NA
1.00002346673413	1.00021513194533	1.00010532051877	1.00011838330319	1.00005991178214	0.999987818229393	NA
0.999931852728724	0.999958529624817	1.00025648359441	1.00086200062997	1.00074949390052	1.00073829368235	NA
1.00001288789401	1.00161175288015	1.000588037196	0.999983113826706	1.00037462021207	1.00103416847878	NA
1.00032720427291	1.00013784451765	1.00007817347368	1.0009337700135	1.00062154458276	1.0000431621626	NA
0.999879518734508	0.999891018386801	0.999961348946873	1.0005413830982	1.00041705103766	1.00099149003294	NA
1.00003736234275	1.00040387548569	0.999750367524828	1.00006585596981	1.00039475624675	1.00009553731914	NA
1.00078815224724	1.00035193672936	1.00009371988609	1.00031162843046	1.00063102897307	1.00021157348469	NA
1.00023215098299	1.00035825021079	0.999948139369919	0.999746103561581	1.0001394482878	1.00042661522933	NA
1.00138253208221	1.00018023960717	1.00017549610461	1.0014933656021	1.00134489724727	1.00020037165967	NA
0.999950501450871	0.999982134399366	1.00030576823801	1.00012403027502	0.999917191543604	0.999703228244182	NA
1.00002424350056	1.00033231892965	1.00060890738445	0.999976343712435	0.999790890422641	1.00015867318987	NA
0.999965137490748	1.00028334361055	0.999992577997427	1.00004007441169	0.99995854680844	1.00029533202119	NA
0.999841604270641	1.00029928324102	1.00042821190762	1.00067539187509	0.999976995385213	1.0001864800696	NA
1.00004820219377	1.00160582120907	0.999719922827473	1.00004716924366	1.00041177967084	1.00006718072647	NA
1.00010094082421	1.00004366921	1.00072534018186	1.00004239920105	1.00040526709119	0.999988497133008	NA
1.00045072126469	0.999882533419074	1.00041296775922	0.99990141052713	0.999927455681641	0.999988120167053	NA
1.00023289978322	1.00026956911229	1.00003080837504	1.00011920576294	1.00095105714411	0.999752425658859	NA
0.99973347118215	1.00062787451163	0.999807712484791	1.00069509780242	1.00037233162295	0.999738113921105	NA
1.0002805992352	1.00029237148167	1.00037584650804	1.00037506665433	1.00002788660752	1.00001167305475	NA
1.00015273500347	0.999790384691866	0.99996675213304	1.00075769244023	0.999987442380243	0.999793425495722	NA
1.00025111367827	1.00015574607738	1.00018111242323	1.000270484762	0.999877622837957	1.00019883978959	NA
1.00050672480313	0.999843811938293	0.999842942422675	1.00012938087669	0.999858453908116	1.00031742579182	NA
1.00022186995894	1.00049017779338	1.00019835125925	1.00024111756221	1.00056424003923	1.0011522305394	NA
1.00143753523521	1.00106570264098	1.00081218462794	1.00048428493314	1.00148384165624	1.00153238618228	NA
1.00032267719374	1.00016537730502	0.999849223334186	1.00033084901591	1.00052180516324	1.00047341230183	NA
1.00026894007301	1.00022981145975	0.999900314357944	0.999933840905303	1.00003817312569	1.00015292973612	NA
1.00027969689193	1.00023774041099	0.999880751814977	0.999974617001357	1.00038972921935	0.99975259024536	NA
1.00016354127534	1.00025963037326	1.00007678912538	1.000608715663	1.0003920727247	1.00025564558239	NA
1.0002415151424	0.999987233678025	1.00069111371	1.00007493756076	0.99994374958782	0.999864465061318	NA
1.00007342960517	1.00030279189894	0.99987363518112	1.00059355459293	0.999986028162942	1.00004406843926	NA
1.00110699782126	1.00010808380448	0.999934148911535	0.999987378940385	0.999901488123846	1.00004274703271	NA
0.999958202947327	1.00020572210555	1.00013575934449	1.0002174204897	1.00027272470536	1.00015114568883	NA
0.999766237059609	1.00049322783536	0.999910782475612	1.00036802455855	1.00052813237061	1.00056435141814	NA
1.00045534830217	1.00114394271804	1.00014026326028	1.00063176454712	1.00023874643558	1.00050762263461	NA
0.999926322559325	0.999953827795486	0.999935063837274	1.00008767384496	0.999973798218896	1.0003671693835	NA
0.999999850802069	0.99979889913597	0.999856196817974	1.00104420235072	1.00008834831726	1.00028324160147	NA
1.00041177293081	1.00034596957891	1.00007782453097	0.999867391157661	1.00046100871255	0.99988467255805	NA
1.00102919555727	0.999765967709967	1.0000308008211	1.00028680990319	1.00004614394479	1.00024252624714	NA
0.999788721843375	1.00008384179664	1.00009515385982	0.999977837229457	1.00168282804821	0.999999602581662	NA
1.0005484311008	1.00010529433811	0.999737095512578	1.00072525181578	1.00057126915631	0.99969994018859	NA
1.00020278377122	1.00093119179136	1.00042531863224	1.00174021753615	1.00030571149581	1.00101590528527	NA
1.00019404336974	1.00004273605848	1.00028476691421	1.00053269484477	1.00054571117541	0.999841678622473	NA
0.999834318055152	1.00154850971901	0.999718712910746	1.0001779602779	0.999897687038083	1.00031902656782	NA
0.999984299491177	0.999886224426194	1.00017467990528	1.00034138039117	1.00056757820028	1.00015068836252	NA
1.00001678432923	1.00036081000584	1.00019210762457	1.00098074580434	0.999786787959847	0.999979648250219	NA
1.00024062509611	0.999845729003806	1.00041014267214	0.999857648975301	1.00084109226967	0.999982166649491	NA
1.00013499812169	0.999878509374045	0.999817084506529	1.00005920370799	1.00058928729284	1.00051080219926	NA
1.00002232936891	1.00089039262246	1.00025906585901	1.00053368950692	1.00080213255843	1.00037658651533	NA
0.999983209831519	1.0000190993031	1.00028477853484	1.00015002218319	0.999993873570779	1.0002478840987	NA
1.00026474877201	1.00018138425911	1.00010315608676	0.999862252211291	1.00044251847191	0.999931279209554	NA
1.0009680441251	0.999962688886196	0.999917294077324	1.00015566497817	1.00064406305066	1.00010636074474	NA
1.00007246253552	1.00031925825756	1.00020162078513	1.00130685653881	1.00015991786411	1.00054439886491	NA
0.999918953499447	1.00017137807584	1.00033261209719	0.999968941535272	1.000057792021	1.0008178562762	NA
1.00013003428863	1.00021236102608	0.999914913994293	1.00067352886401	1.00006334865519	1.00043227809076	NA
1.00000367514146	1.0000767242423	1.00043101625074	1.0003169134718	1.00007678309418	1.00008186651541	NA
0.999778991489267	0.999899495632714	1.00025024486896	1.00028526959393	1.00038391861458	0.999917788771981	NA
1.00008977430309	0.999835306745148	0.999973349092272	1.00021105594176	1.00068466836643	1.00030036252603	NA
1.00014457019472	1.00028739949828	1.00056648350422	1.00009420988021	1.00012843107661	1.00040295753107	NA
1.00160322282277	0.999848300555291	0.999876409021587	1.00075436052209	1.00077886143451	1.00006553359723	NA
1.00029609310528	1.00176819271813	1.00023175226002	1.00022143920778	0.999928513442278	1.00019016482627	NA
0.999851561347789	1.00032964721015	0.99981654259253	1.00026718863142	1.00014697828341	1.00099951412812	NA
1.00040322443802	0.999842267178004	1.00001556539248	0.999973383407281	1.00031385033899	0.999884782504559	NA
0.999799404064163	1.00067031564836	1.00018474240065	1.00045693904513	1.00024253639829	1.00056673490175	NA
0.999906568614109	1.00009264891202	1.00024087613436	0.999824644756085	1.00012576745074	1.00008563746841	NA
1.00003451549834	1.00027514246532	0.999952769667997	1.00069300096998	1.00107839481689	1.00021231203997	NA
1.00019599351293	0.9998593375283	0.999681747766081	1.00018440480968	1.00012043490737	0.999891754523585	NA
1.00033222270198	0.999757489876048	1.00020760185896	1.00003150158158	0.999959496922868	1.00075555155933	NA
1.00028285563262	0.999794253856461	0.999687729603696	0.999966836766542	0.999934195908201	1.00031828238807	NA
1.00051501881789	0.999813158212523	1.00055972314394	1.0002031842972	0.999869265216632	0.999994461276719	NA
1.00050700205652	1.00040165712351	1.00034263145038	1.00025801562834	1.00082469924108	1.00066348467554	NA
1.00019733265159	1.00004048004412	1.00012831301564	0.999774072770682	1.00033983114375	0.999928799348496	NA
1.00028302477618	1.00006026473257	1.00001961662494	1.00005296782013	1.00081298518281	1.00053170589758	NA
1.00017155678221	1.00036887622851	0.999975619535516	1.00033607553019	1.00015775419534	0.999655468504098	NA
1.00068345322511	1.00090497632077	1.00000234833487	0.999913628396624	1.00006696349325	0.999704169038198	NA
0.999879198979572	1.00063565681465	0.999881561323492	1.00026378826664	1.00015669136878	0.999775519865986	NA
1.00125452435991	1.00064647854306	1.00005408511954	1.00052908005688	1.00009190004485	1.00007159099038	NA
1.000969811145	1.00041463665073	0.999940845295828	1.00032759900166	1.00067620799956	1.00034630442596	NA
1.00004677631543	0.999947058091077	1.0001715704603	1.00110242711263	1.00189221029543	1.0005276785264	NA
0.999882608175103	1.00000005918878	0.999986835013329	1.00035218391381	1.00054812700127	0.999949411922633	NA
1.00039989624319	1.00095258954611	0.999831536147186	1.00056059968388	1.00014175093808	1.00018772688413	NA
1.00012475220306	1.00010593493105	1.00010706822627	0.999974244553414	1.00018814746967	1.00005503598418	NA
1.00082837196993	1.00064967228568	1.00013554359555	1.00008226908191	1.00006473702937	0.999914329639745	NA
1.0017495331013	1.00014659999233	1.00000333900549	1.0005940676719	1.00047235881795	1.00049019484295	NA
0.999810310441263	1.00048144422051	0.999915190982568	1.00023692697375	1.00006872157168	1.00010167046696	NA
0.999848363707294	1.00033814285858	1.00024898601816	1.00019725711146	1.00035889338477	0.999784570456351	NA
1.00007268928384	1.00019309618091	0.99982749416751	1.00065208804476	1.0002215820131	1.00000646740912	NA
1.0006882385756	1.00017703017727	0.999946253141313	1.00069999401972	1.00034019038474	1.00077396846065	NA
1.00116142722921	1.00004519670358	1.00043585020857	1.00048292364434	0.999774306034427	1.0002409143417	NA
1.00269275585028	1.00178190649841	1.00024221707901	1.00070505416132	1.00050105506028	1.00009238799926	NA
1.00002924150357	1.00033709602475	1.00018491621041	1.00010245805371	1.0002217637183	1.00013728112413	NA
1.00021544944285	1.00013733075193	1.00000029327929	1.00018309834495	1.00088464319625	1.00058939573424	NA
1.00151366650063	1.00124010354184	1.00077366088463	0.99997119049856	1.00130876909403	1.00004889186349	NA
0.999681073351847	1.00011603993287	1.00009324729848	0.999771042409435	1.00034906217191	1.00001508390069	NA
1.00028298285931	1.00077950831421	1.00045364222445	1.0001917100136	1.0003298080613	1.00004165415024	NA
1.00015108240584	1.00037916226659	0.999813706238827	0.999734919057134	1.00045838751656	0.999973614309162	NA
1.00005952304378	1.00072353033094	1.00014559459499	1.00021323158434	0.999963566693614	1.00071347676888	NA
1.00005039003207	1.00106129989635	1.00013227727405	1.00078191364558	1.0010954945829	0.999985914633574	NA
1.00049277360163	1.00115485891269	1.00024046946992	0.999855183225081	1.000448623515	1.00014628030062	NA
1.00006970138022	1.00055317641978	1.00033934849704	1.00068674501878	1.00028676695793	1.00048353856468	NA
1.00011397600206	1.0005123608279	1.0002246508722	0.999906448936545	1.00023397371132	1.00016297924568	NA
1.00190467842403	1.00002538485662	0.999917514160009	1.00040861588386	1.00053475912134	1.00032681541554	NA
1.0011768521004	1.00081676636944	0.999720024151262	1.00165194445914	1.00033339507861	1.00011944089113	NA
1.00030346965161	1.00059987967478	0.999909095699621	1.00007441237429	1.00008670946816	0.999918792018072	NA
0.999830696287915	0.999875157553065	0.999841458547209	0.999714378736606	1.00025159114847	1.00160898963473	NA
1.00036590913277	1.00045809071083	1.00033537056797	1.00029729560505	1.00073605084758	0.999994162784794	NA
1.00048469371514	1.00118912471387	0.999698579043425	1.00081119551681	1.0000237104399	1.00012172539791	NA
1.00025531337618	1.00035402085582	1.00004077516718	1.000129978162	0.999841498521208	1.00038162965349	NA
1.0000594219207	1.00151907316639	1.0000489820173	1.00099152109705	1.0008837887455	1.00008055019313	NA
1.00028160144298	0.999798334602522	1.00012259281044	0.999849642700172	0.999760498669086	0.999860152531829	NA
0.99987256304654	1.00007509275255	1.00039947072829	1.00025099831736	1.00011753789495	0.999776369197716	NA
0.999756841342834	1.00003213289917	1.00012514868807	0.999734344449952	1.00042670839562	1.00037495114723	NA
0.99984795287724	1.00005248084134	0.999757314296493	0.999781182723381	1.00042277540579	1.00112282960872	NA
1.00005317664285	1.00039796851455	1.00068978260482	1.00084788210661	1.00003028543008	1.00023897723655	NA
0.999936937932277	1.00184510740325	0.999943264588609	1.00007968801096	1.00100644480359	1.00007679935696	NA
1.00009871053323	1.00005845848077	0.999926794225261	0.999844720474865	1.00014233894914	1.0002600180927	NA
1.00007505596891	0.999991575974251	1.00028544764126	1.00030135364412	1.00000390505691	1.00011143228676	NA
0.999894223333807	1.00005944561128	0.999840355041155	1.00019332609317	1.00023895410895	0.999852079448102	NA
1.0009939579811	1.00102048405681	1.00038121411164	1.00013432767079	0.999791047670647	1.00044360106839	NA
1.00074014833869	1.00021491305162	1.00026961883617	1.0006173941896	1.00055041571022	1.00018112292379	NA
1.0030529604268	1.00063598848922	0.999877046337787	1.00219183889695	1.00091851529834	0.99994360580025	NA
1.00032991881745	1.00029850866268	0.999928433383767	0.999911486868774	0.999956563062543	1.00007389405818	NA
1.00002554332485	0.999800438220247	0.999890581114769	1.00020649710614	0.999922480134581	1.00050508767138	NA
1.00022199492708	0.999807634781476	0.999966170727063	0.999811437202485	1.00024217701946	1.00049238469574	NA
1.00035673307982	1.00030798211604	1.00057440820502	1.00058467853324	1.00031375473572	1.00040957777341	NA
1.00016520868352	1.00054222619804	1.00010087311266	1.00003082658347	0.999916231168813	1.0000816934615	NA
1.00012487413563	1.00042108238705	0.999722664752024	1.00029430003993	1.00067282000154	0.999954660738721	NA
1.00032439793696	0.999929613107055	0.999911159624143	1.00075865467748	1.0002520889466	1.00018901620458	NA
1.00025365459909	0.999966701577669	0.999859656280659	0.999747313914932	1.00022046387779	1.00022610244025	NA
1.0004974404459	1.00016632151163	1.00025337921333	0.999916840503378	0.9997701123629	1.00016566657611	NA
0.999910412314783	1.00022707572049	1.00000149655824	1.00015667184016	1.00028837067494	0.999782528374127	NA
0.999904308652816	1.00040326071914	1.00036760638589	1.00062061273735	1.00022130654783	1.00030030214981	NA
1.00151417291892	0.999979370523443	0.999728743315861	1.00025021152312	1.0012028892664	1.00133412489009	NA
1.00060323984679	1.00063024643367	0.999903541077618	0.999905848146827	1.00067144220526	1.00019387270802	NA
0.999782495272742	1.00028867595322	1.00031767347612	0.999950864700359	1.00040731908764	1.00099434792229	NA
0.999864176413007	0.999800227172862	0.999956744953424	1.00041186623814	1.00011850959953	1.00031176489314	NA
1.00003304184563	0.999865251871273	1.0000347242774	1.00097397849255	1.00047790673044	1.00006661628613	NA
1.00007289278289	0.99995951304447	0.999889977765339	1.00051305954577	1.00102182572224	1.00031975617056	NA
1.00009414582929	0.999962395034343	1.0000107628663	1.00053908571605	1.00011519544076	1.00040890024374	NA
1.0008549821679	1.00099664109714	0.999886622015026	1.00062224185821	1.00126044095779	1.00051561384995	NA
1.0058731027344	1.00323262909297	0.999781810791499	1.00018516615902	1.0010875237727	1.00072309924038	NA
0.999894701449601	0.999943385936659	0.999937169081905	1.00185497908964	1.0002912826514	1.00007953225087	NA
1.00336685884521	0.999941271723935	1.0000398541417	1.00015111501303	1.00076788747518	1.00016400842931	NA
0.999903341698911	1.00003892898642	1.00028596519505	1.00025108776511	1.00001580887966	0.999861258945794	NA
1.00011973199217	1.00019823235253	1.00011710288512	1.0001838751017	0.999942158156543	1.00077422292774	NA
1.00095324087195	1.0010989079803	1.00037408748967	1.0000582751667	1.00105040999224	1.00030987555486	NA
1.00029382920607	1.00035169159314	1.00063142456321	0.999815268515974	1.00007446661567	0.999953753362099	NA
1.00034521052807	0.999781165772253	1.00012653877447	1.00042385306452	1.00040129965477	0.999911279881303	NA
0.999662918065108	1.00048592141404	1.00045175471598	1.0007012735978	0.999848949747307	0.999907991405831	NA
1.00092422353412	1.00001720035217	0.999936198931702	1.00049218568502	0.99993521884873	1.00022517268826	NA
0.99995969736715	1.00008455879072	0.999984681035613	1.00022496416231	1.00014186404085	1.00096353248345	NA
1.00012462342544	0.999961545296156	0.999833930593698	0.999854750865544	0.999905284294442	1.00041945937746	NA
1.00008635370107	1.00137071225365	1.00016971171596	1.00012050022216	0.999965940392193	1.00037062389537	NA
1.00031576955806	0.999750345600028	1.00007690352135	1.0002289107665	1.00055186174938	1.00018816089665	NA
1.00067311862146	1.00085868084788	0.999842304279053	1.00013847897742	1.00141272084727	1.00043800030779	NA
1.00044100683248	1.0004118853517	1.00003891585602	1.00015785995926	0.999964498389436	1.0001943315726	NA
1.00026820381152	0.999934662243276	1.00002060256606	1.00003173823167	1.00065539841244	1.00047981579041	NA
1.00042433643002	1.00096477957458	1.00238272770217	1.000571697178	1.0001294017251	1.00110128051022	NA
0.999918634516669	1.0002299857933	0.999876157342219	0.999802788226342	1.00041287162008	0.999731000944935	NA
1.00079377276156	0.999958558945205	1.00029153532424	1.00022728706052	1.00027779727875	1.00067969708871	NA
0.99989525731207	1.00012304371713	1.00080589995516	1.00001042388818	1.00020307098763	0.999846625689426	NA
1.00001024288327	1.00026193643755	1.00045923509163	1.00010083497662	1.00020957043043	1.00008047879853	NA
1.00107035094991	1.00105697174765	0.999764760201438	1.00160279151639	1.00053035079471	1.00008968206122	NA
1.00015139318638	0.999853612152039	1.00029106409871	1.00054483674347	1.00024638240435	1.00008962465379	NA
1.00044502701242	1.0003239087898	0.999994851745813	1.0005944439082	0.999819252866853	1.00032993601886	NA
1.001830663904	1.00159726895816	0.999872850301936	1.0000339291123	1.00129521742083	1.00006836511333	NA
1.00049002745758	0.999945861737982	1.00005544937578	1.00051985876559	1.00067585764436	1.00051266797409	NA
0.999881447162647	1.00071268719502	1.00071993526503	0.999716452425642	1.00053018856435	0.999947246465017	NA
1.00017389936661	0.999883911273658	1.00013870157393	1.00053943132518	0.999930030132864	1.00002064106823	NA
1.00019981310687	1.00227207934849	0.99969818263607	1.00051969701644	1.00019719124779	0.99985566090393	NA
1.00020322502736	0.999995379301501	0.999764845256492	1.0006491232024	0.999649631361349	0.999999881953965	NA
1.0002967034981	0.999772030025033	0.999921742427029	1.00064851814968	0.999973819771685	0.999914603256377	NA
0.999947927486899	1.00017815111813	0.999882902233745	1.00001480538816	0.99976295734021	1.00004865742632	NA
1.00005665188517	1.00017078873639	0.999832506101182	1.00022031227121	1.00069049871527	0.999814118087196	NA
1.00018267085603	1.00087009442914	0.999916316168474	1.00099357439531	0.999826161459902	1.00010218547297	NA
1.00090830947581	0.999749894067072	1.00008843487703	0.9998944478029	0.999955831334019	1.00053272713489	NA
1.000352366066	1.00012738702531	1.00022463128275	1.00057093534255	1.00052478534405	0.999936160575986	NA
1.00036942983143	1.00001525214881	1.00051359965266	1.00022844353789	1.00036493267424	1.00094763171591	NA
0.999961917151485	1.00015719902096	0.999808832687377	1.00013590726756	0.99986821801323	1.00002324417078	NA
0.999977437938074	1.00012172923651	0.999882193257132	1.00095154888261	1.00030730899695	1.00077165314331	NA
0.99980328219238	1.00023000265675	1.00047223412977	1.00112029334809	1.00043541840876	0.999913997375843	NA
0.999782919919252	0.999902440530044	1.0000239871692	1.00008350651066	1.00064150296942	0.999956832721728	NA
0.999815728041692	1.00014880322695	1.00010696056276	0.999931747280167	1.00036199977756	0.999884926365205	NA
0.999747580405852	1.00062719292714	1.00003340094937	1.00011029561633	1.00006142540528	1.0000673059541	NA
1.00060312812872	1.00028478505824	0.999883808389645	0.999717837742329	1.00025009179685	1.00108494675333	NA
1.0004144075925	1.00021915308764	1.0008368975138	1.00031602097665	1.00057401278961	0.999941664794784	NA
1.00025551166983	1.00041611927456	0.999875734715615	1.00005332050158	0.999865317551643	1.0005590144233	NA
0.999984797641118	0.999772636656927	0.999923875275307	1.00062111403198	1.00009709573527	0.999913154494703	NA
1.00002438223721	1.00050298208515	1.00013703913439	1.00101189380261	1.00040369495872	0.999924547906055	NA
1.00038687908777	1.00037582139112	1.00005668400963	1.00028088975482	1.00162660245262	1.00014571462315	NA
0.999943966471975	1.00048657303402	0.999824236655505	1.00026332231859	0.999961161909084	0.999774056459755	NA
1.0000022022874	0.999853845593873	1.00007963345981	1.00029419542542	1.00006714092021	1.00053524614871	NA
1.00008378958163	0.999852124548515	1.00006287546663	1.00033575980734	1.00013310824174	1.00024569988456	NA
1.00044731484307	1.00002902291229	1.00007234167978	1.00006798005377	1.00046358457448	0.999980874594272	NA
1.00009120315088	0.999833442655168	1.00005557567953	0.999886982200014	1.00047523491046	1.00029550666087	NA
1.00062467076166	0.999821462305296	1.0001110825846	1.00055214569565	1.00005365209534	1.00077300185033	NA
1.00032659667177	1.00016469199684	1.00008700895342	1.00121523388106	0.999866722080346	0.999949781114883	NA
1.000423639556	1.00073509394591	1.00022791702414	1.00027541775456	0.999937197710387	1.00178572119108	NA
1.00076798989439	1.00001229657221	0.999793208767124	1.00048135376089	1.00001606467105	1.00084982366997	NA
1.0000133707932	1.00179657552714	1.00013601331653	1.00058452830699	1.00033995532921	1.00121576282107	NA
0.999994715856945	1.0001425437261	1.0002055215422	1.00051904312002	0.999851299567504	1.00079345873424	NA
1.00091126461345	1.00039227793216	1.00105060208297	1.0001201499371	0.999936439596355	1.00038162614392	NA
0.999979301525963	1.00020755936123	1.00020134309352	1.00031529344156	1.00036307277361	1.00095960324789	NA
1.00015560524111	1.00067255238841	1.00045089090439	1.00015217292183	1.00026593135605	1.00089259970332	NA
1.00140650798463	1.00158756292038	1.00022444906071	1.0008154207242	1.00087665725913	1.00021284551321	NA
1.00039974208395	1.00080186301524	0.999727433666073	1.00232393410488	1.00016722871537	1.00055983612947	NA
1.00113086933	1.00363935668724	1.00010774018007	1.00012474808466	1.00015010092066	1.0006740966987	NA
1.00052906281388	1.0002996331537	0.999828250886554	1.00008019484994	1.00018752602007	1.00015738871658	NA
1.00000774668916	1.00001291192117	0.999788728435061	1.00131957035071	1.00025114058522	0.999793821386716	NA
0.999915105766095	1.00021686207209	1.00001956437039	0.99996295992939	1.00128958340373	1.00004281935177	NA
1.00084927781387	1.00134427631708	0.999813164535911	1.00102576179213	0.999796590862519	1.00034797436903	NA
1.00077636291872	0.999703802145158	1.00010100965957	1.00036500668105	1.00047576199229	1.00012022803245	NA
1.00027399493923	1.00002107185165	0.999948638404473	1.00095064664544	1.00014443152921	1.00080193117682	NA
1.00042067717941	1.0007367852101	1.00093023713594	1.00071950144819	1.00005603582568	1.00120930965816	NA
0.999892872010623	1.00017435125221	0.999968807195425	1.00012944814485	1.00036821625935	1.00001094744304	NA
1.00062344249364	1.00019872965843	1.00089262342135	1.00019449271346	1.00011944630832	0.999725839355989	NA
0.999974078079352	1.00040645503397	1.00000509442923	0.999730919484327	1.00003109453567	1.00006029744356	NA
1.00045476847792	1.00063474707949	0.999961829497654	1.00002096183589	1.00078673481312	0.999952397126829	NA
1.00043553059117	0.999865175777009	0.999701281835931	1.00039595712201	1.00036395308059	1.00093786738525	NA
1.00008938914059	0.999831838248891	1.00022156565196	0.999798675882805	1.00004479252949	1.00055765318442	NA
1.00035830406252	1.00041916530116	1.00018478316955	0.999899100304701	1.00082239440323	0.999924613088918	NA
1.00071458216316	1.00056108253224	1.00012639053945	1.00050371807862	1.00143419719777	0.999778660585101	NA
0.999812000720815	0.999987972000985	0.999725452609382	1.00000244956689	1.00055023859525	1.00115908549669	NA
1.00001741931297	1.00002996548693	0.999840245622981	1.00113460348355	1.00062809525511	0.999938967446283	NA
1.0001521684057	1.00049834756229	0.999926125565677	1.00076091694502	1.00015767902248	1.00042798867257	NA
1.00020905325377	1.00033723626939	0.99974899039622	1.00060222633768	1.0002569631656	1.00081293293119	NA
1.00063559189816	0.99998763478325	0.999970831344519	0.999946289649106	0.999992360132566	0.999877692601225	NA
0.999848755525947	1.0000443842882	0.999884018273425	1.00015649080658	1.00009891328787	0.999857451665158	NA
1.00037806229313	1.00047049788814	1.00000616006526	1.00061697669922	1.00018987809681	1.00043454680492	NA
1.00012548522766	1.00012973220787	0.999956555268519	1.00005114357068	0.999934965437371	0.999990738350906	NA
1.00007936976482	1.00092679342975	0.999931668433084	1.00044699235664	1.00051620833725	1.00019222098471	NA
1.00040487362151	1.00033765211551	1.00022952168942	1.00035907454393	1.00017842256807	1.00036944577165	NA
1.00036680143115	1.00014243681584	1.000684977937	0.999849578795989	1.00046368237995	1.00000752431675	NA
1.00055577024267	1.00019127882015	1.00022239688821	1.00070963638237	0.999790204387849	1.00001607267151	NA
1.00014290779425	1.00012197705911	0.999921161750686	0.999900362262997	1.00004648402286	1.00001256167095	NA
1.00067646376313	1.00035807639453	1.00002904482283	0.999939109175313	0.999935285444033	1.0005387753118	NA
0.999995786021409	1.00011192088849	1.00009595290821	0.999896190976798	1.00020768681018	1.00033799073825	NA
1.00020254749882	0.999784513752267	0.999828670083513	1.0003094804554	1.00015718718153	1.00038988300664	NA
0.999801556121972	1.00042317628708	0.99985569256991	1.00024680129153	1.00047403634031	1.00017383915294	NA
1.00064359571926	0.999788982090828	1.00014812184729	1.00037122857841	1.0001864183327	1.00013767146885	NA
1.00011020059216	1.00090293827242	1.00067820853002	1.00081182115492	0.999963435738127	0.999821319253929	NA
1.0002915241959	0.999963847516502	0.999696220050936	1.00008613906623	1.00020647032487	1.00069071506244	NA
1.00121661807091	1.00008037448287	0.999817800437311	1.00042263214602	1.00004202968819	1.00089625338875	NA
1.00023415067656	0.999862744492287	0.999912218751488	1.0004275165257	1.00019917668505	1.00088587043817	NA
1.00060678276979	0.999928263009729	1.00007446500862	0.999834410467564	1.00010099709552	0.99996162525344	NA
1.00010344081644	1.00089232207189	0.999730096930047	0.999922223240135	1.00055412672279	0.999946041949637	NA
1.00063976190154	0.999740407800634	1.00011157568888	1.00073146978371	0.999921719679384	1.00023488813587	NA
0.999820686966316	1.0003079542053	0.999858477803391	1.00005482041694	0.999898640191987	1.00010357290102	NA
0.999810301106459	0.999941497472848	1.00025463646012	1.00005674355892	1.0003126840104	0.999868865399518	NA
1.00011209504013	1.00016107030718	1.00016127352765	1.00016675071432	1.00016511935341	0.999978461655093	NA
1.00008276672425	1.00003722560759	0.999992466403276	1.00047793923541	1.00031829302777	1.00016322994768	NA
1.00025219540911	1.00008995391207	0.999867545342542	1.00013897815689	0.999963231954249	0.999793149246603	NA
1.00040138415181	1.00056129106416	0.999837229087258	0.999804808154141	1.00028100341832	1.00090005738261	NA
1.0009242890807	1.00045866612184	1.00029429819156	1.00019109726434	1.00044482775464	1.00016861882818	NA
1.0007361085312	1.00004226107292	0.999814568895871	1.00041905865598	1.00046696860341	0.999734130036087	NA
1.00006648406131	1.00067788082624	1.00045963698303	1.00068132568344	1.00040849467257	1.00022435507245	NA
1.00001038136957	1.00011614322605	0.999960061553105	1.00087612742316	1.00037420032244	1.00007416811869	NA
0.999919438107812	1.00035656950747	0.999705608193938	1.0001319335538	1.00032196231413	1.00031756276941	NA
1.00048659096148	1.00163803865807	0.999902416048903	1.00045732984638	1.00091709560765	1.00007643767276	NA
0.999874141470904	1.00052426800439	1.00004504683043	1.00165416998049	1.00013638044076	1.00007748832867	NA
0.999906504198312	1.00035814877398	0.999887034441398	0.999965685925091	1.00085649382884	1.00014400253855	NA
1.0006394921391	1.00010988088607	0.999780467620589	1.00072705403205	1.00004992351655	1.00072967141723	NA
1.00043868827522	1.00019152221305	1.00026733991404	1.00040208482554	0.999742970996779	0.999751062264969	NA
1.00034867649972	1.00028391225519	0.999943495522116	1.00061550773951	1.00029895746679	1.00050965027082	NA
1.00106152646184	1.00139108428048	1.00036767682841	1.0003226423271	1.00035552571412	1.00005513883707	NA
1.00069957384601	1.00048573205096	1.00007039710087	0.999891801999691	1.00028860471379	1.0001761536934	NA
1.00048302745898	0.999984144158034	1.00017240817524	1.00017478990189	1.00003386562711	1.00040644791807	NA
0.999912220653164	1.00111827626438	0.999962104584703	1.00090543258415	1.00085617611945	1.00024552165769	NA
1.00049420262336	1.00218198098614	1.00008829362761	1.00082237486156	1.00027737748451	1.00063348506365	NA
1.00414569857549	1.00404231420961	1.00070095122619	1.00035600409174	1.00087601603791	1.00001431156653	NA
1.00070466602439	1.00008928036829	1.00016123524602	1.00014988948316	1.00034988057697	1.00011171340266	NA
1.00016019839482	1.00034302963864	1.00013719682844	1.00026547919528	1.0000002794875	1.0002425314479	NA
1.00029887589915	1.00005920371244	1.00012229994001	0.999942842641271	1.00037269638454	1.00013472896902	NA
0.999948252215154	0.999824213301908	0.999816366202845	1.00006593635554	0.999915355997751	1.000725834607	NA
1.00162486098141	1.00624971505156	1.00004897736618	1.00054991640484	1.00048795481491	1.0001108089389	NA
0.999930058930378	1.00021112205141	0.999981579708393	1.00007761550007	1.00063713599374	1.0003513173397	NA
1.00029566608898	1.0003948509667	1.00000406715738	0.999994040252621	1.00037194757164	1.00052971640673	NA
1.00016134428958	1.0000183762356	1.00013812957126	1.00052390443478	1.00018734390383	1.00044912651859	NA
0.999963962612751	1.00049999857251	1.00022049290727	0.999977798261398	1.00008855939101	0.999966447995281	NA
1.00011645684777	0.999795440508063	0.999831999915955	0.999875984707612	1.00023789368642	1.00035940013403	NA
1.00044252931742	1.00083977221555	1.00021159116914	1.00173618359868	1.000324840188	1.00155896238734	NA
1.00002911736611	1.00035550837097	1.00039765300147	1.00013827429185	1.00019108537647	1.00033609674539	NA
1.00037052922699	1.00048547783465	1.00019844523358	1.00020300617651	1.00020283057121	1.00006007284437	NA
1.00019337960269	0.999990392668588	0.999862462606677	1.00041669410567	1.00045438108229	1.00035197708103	NA
1.0001063574135	1.00023465599774	1.00039416193597	1.00031982811564	1.0009488749343	1.00156869086062	NA
1.0011557277888	1.00005885177957	1.00015995755719	1.00052208445376	1.0005112672141	1.00020341482562	NA
0.999996813336726	1.00039990550968	1.00005692728074	1.00054650053965	1.00022509420787	1.0010979209238	NA
1.00057342546063	1.00093913091217	0.999931774960972	0.999668617198066	1.00004249152127	1.00068667795442	NA
1.00121702662884	1.00027316225691	0.999991480527933	1.00019971273891	1.0003477966966	1.00063049359894	NA
1.00060238510252	1.00278155579333	1.00028736713875	1.00022430824329	0.999971886297838	1.00030512645724	NA
1.00026719789061	0.999791026665354	0.999996860062789	0.999907730715674	1.00062457561598	0.999910317141682	NA
0.99992186672928	0.999832525633861	0.999966537463533	1.00002727749568	1.00011523349623	1.00038685221855	NA
1.00024426611486	1.00042161569648	1.0002303677338	1.00031254550988	1.00004344534556	1.00020103362551	NA
0.99985926390177	1.00023421136426	0.999917391190101	1.00000287097793	1.00052249695865	1.00001460236851	NA
0.999846675979349	0.999869889620976	0.999972154135678	1.00016312747514	0.999815127739328	0.999815884561394	NA
1.00001668287441	1.00082610004746	1.00024904410739	1.00071089023021	1.00060420804893	1.00051143797325	NA
1.00099211118286	1.00109317605361	1.00052955732761	1.00015779806519	1.00034061309595	1.00029693614352	NA
1.00019012690813	0.99999995516584	1.00035836975738	0.999897125411403	0.999896643445503	1.00012728768053	NA
0.99994853359155	1.0012560042238	1.00011212897017	1.00079250769715	1.00004948745666	0.99995772163557	NA
1.00011265357555	1.00013143583593	1.00020656240733	1.00023665958047	1.00012856438529	0.999947474425961	NA
1.00241563183183	1.0000075772194	0.999797160722776	1.00001559078646	1.00019234366312	1.00012028686779	NA
1.00088476446711	1.000204211667	1.00049099110693	1.00048311600909	1.00031839447695	1.00048123750214	NA
1.0008266718817	0.999938518244571	0.999856600798117	1.00052742086029	1.00002772960079	0.999805857663281	NA
0.999835917864016	1.00004557975505	1.00012468419589	1.00014682917356	1.00001754389356	1.00017829556031	NA
1.00011329009603	1.00006917359591	1.00071593887836	1.00009150118193	1.00020145580017	0.999892444930699	NA
1.00252033642593	1.00100686552389	1.0002121171091	1.00116186674483	1.00004519035155	1.00001776468296	NA
1.00101672181838	1.00006573165591	1.00027412819539	0.999947278719392	1.00026497501386	1.00018370376278	NA
1.00000219928641	1.0000075008251	1.0000139276264	0.999901154334129	0.999965441382552	0.99986566409472	NA
1.0000845798352	1.00005611079978	1.00036698958757	1.0000302160624	0.999911803125414	1.0001383612598	NA
1.00064111267845	1.00012233436483	0.999959564107813	1.00007914527436	0.999894930321514	0.999715108142938	NA
1.00004877057991	1.00063841661699	1.00035938521462	0.999875068782221	1.00062619856303	1.00055566016827	NA
0.999686563649243	0.999785574515391	0.99986906118566	1.00003898047428	1.00008764709124	1.00074610011509	NA
1.00180955576887	1.00074940790135	1.00019063184974	1.00149904229351	1.00073852662072	1.00114146526877	NA
0.999818952386904	1.00031517007515	1.00015772534873	1.00011477289317	0.999841304197085	1.00004758991733	NA
1.00004888183043	0.999879466045561	0.999782542873798	1.00064505083047	1.00008242142227	1.00013503631881	NA
1.00023457311723	1.00007584690522	1.00021359672322	1.00027430751865	0.999772452713985	1.00003736034968	NA
1.00058850278775	1.00052149351704	1.00009746795948	1.00104870786201	1.00045438916955	1.00164047119728	NA
1.00011237471444	1.00027780372003	1.00013845934318	1.00023587584474	1.00013283983885	1.00047815369058	NA
1.00039805858757	1.00007624101317	0.999858466971497	1.00018729212495	0.999971520189531	1.00069117670514	NA
0.999910177268609	1.00067691556833	0.999854523206058	1.00027915543885	1.00055437711416	1.00048379112777	NA
1.00045304165939	0.999867297200118	1.00018842376956	1.00041668994223	1.00037030769468	1.00073497492933	NA
0.999758860325368	1.00026192668651	1.00009042267431	1.00039407806908	0.999806396970762	0.999910623096075	NA
1.00001228062569	0.999925819011384	1.00013662854266	1.00086486485933	0.99989561305884	1.00011502232753	NA
1.00060620933548	1.00070695362467	1.0005290458115	1.00068761647303	1.00036995209871	1.00043643861604	NA
1.00009035541501	1.0002356561749	0.999788442602537	1.00041196181527	0.999746349032092	1.0006713877303	NA
1.00033883999235	1.00122313239764	0.999918742714101	1.00024891467699	1.00064853037723	1.00020056982254	NA
0.999866627350951	1.00028137805044	0.9999976842377	0.999983890085281	1.00020689838927	1.00043869722412	NA
1.00015471479163	0.999928454378487	0.999760897297413	1.00068528014273	0.999859523087286	0.999884162726636	NA
0.999841886941322	0.99989828618447	1.0002920730128	1.00029444057439	1.00009641349763	0.999810242038589	NA
1.00005414924991	0.999949918330604	1.00001197208152	1.00037087250903	1.00008841240071	1.00011380920498	NA
1.00043838546628	0.999826780868846	1.00009974727452	1.00005789179152	1.00008242664885	1.00016899016196	NA
1.00006964395164	1.00017340358588	0.999743400393601	1.00055984819285	0.999998122397112	1.0002333984404	NA
1.00274457945881	1.00025000285087	1.00034743962471	1.0001402238274	1.00008908003492	1.0010796773336	NA
1.00089407180913	1.00070209259184	1.00017982349667	1.00018359802326	0.99971409026029	0.999996630302402	NA
1.00065657883924	1.00006324342117	0.999796541550223	0.999936585720921	1.00088620846382	1.00043433893617	NA
1.00130615548732	0.999880158735815	1.00011295402419	1.00054030061272	1.00009754248083	0.999790282834162	NA
1.00441556772896	1.00121135605315	0.99986220467118	1.0010001226433	1.00043369388097	1.00026828205012	NA
1.00059430545089	1.00145012680614	1.00028525485572	0.999950283334684	1.0012496386924	1.00013273379141	NA
1.00086600165353	1.00283588817956	1.00010341379428	1.00069319088962	1.00068810739567	1.00034390731688	NA
1.00027641110584	1.00009795576455	0.999941106273338	0.999816834671074	1.00016205883663	1.00034740513152	NA
1.0011293032186	1.00008405210999	1.00015041740121	0.999937748742957	1.00021890736713	1.00066076996531	NA
0.999865769314144	0.999782554207108	1.00017628002551	1.00019024469782	1.00028321419015	1.00006997139392	NA
1.00011695388124	0.999989602869134	1.00022931146548	1.00028047534041	1.00008732303433	1.00067139991495	NA
1.00008777797181	1.00022855824279	0.999931883170327	1.00114764556298	1.00021876366875	1.00025898162811	NA
1.00012810911114	1.00002368183317	1.00059668211414	1.00013975257201	1.00025499643608	0.999701821748765	NA
1.00051121087244	0.99988318656835	1.00006353855807	1.00081793531268	0.99990604852612	1.00012538113761	NA
1.00048716129518	1.00307766728905	1.00014507898872	1.00031052456903	1.00011325954784	1.00018412491459	NA
0.99966945926679	1.0001601355333	0.999977274379307	1.00001619933424	1.00009000570477	1.00061982448513	NA
1.00025484450079	0.999945598694875	0.99982775296182	1.00005859975465	1.00004867447497	1.00050652267006	NA
1.00022447767201	0.999900708972156	1.00011473169998	1.00016399919246	1.00009836017538	0.999907336894068	NA
1.00002179754468	1.00002334029891	0.999826712138599	1.00056671889945	0.999986551447732	1.00033005730897	NA
1.00027879265048	0.999794607134673	1.00003915628962	1.00007312803329	1.00028228248292	1.00009274670574	NA
0.99980155067055	1.00023376660097	1.00025538023714	1.00024008642866	1.00055536634839	1.00116400055028	NA
1.00062840912347	1.00007689551619	0.999798273573333	1.00032637922542	0.999714684276619	1.00077862521912	NA
1.00013636200829	1.00013908814856	1.00000802657283	0.999769277685242	1.00164108854986	0.999689651774904	NA
0.999950490242937	1.00007759571183	1.00026431505475	1.00119056281132	1.00041427139198	1.00014745803607	NA
1.00016298978614	0.999740822683735	0.999896115161532	1.0002072715143	1.00066795684586	1.0001565386956	NA
1.00071393211995	0.99995639783354	0.999819268864444	1.00044949722082	1.00034767725364	0.999850336952668	NA
1.00055127870619	1.0008996362022	1.00018332441421	1.00043297174182	1.00010711677114	1.00058065019465	NA
1.00026283601351	1.0001709499982	1.00012054512788	1.00099061511174	1.0009596246167	1.00009962634923	NA
1.0001648368611	1.00027603702707	0.999803526596441	1.00033493410958	0.999993037903325	1.00133829534242	NA
1.00048104666566	1.00247117666629	1.00023354860922	1.0010688752903	1.00020786481293	1.00013549531968	NA
1.00013060881256	1.00110976027339	0.999910156709631	1.00050855240328	0.999967588964056	1.00002776019058	NA
0.999986692020479	0.999966082583435	1.00016502669319	1.00054604115805	1.00002691053906	1.00035807481213	NA
1.0010151258687	1.00032202465004	0.999875991925204	1.00061555383631	1.00005623406266	1.00006585585871	NA
1.0028438070839	1.00035093753735	1.00044542678237	1.00025545150765	1.00043562080221	1.00018786420167	NA
1.00069730011607	0.999731939118195	1.00031573174867	1.00000530278513	1.00015582919463	1.00024039354563	NA
1.00065471259768	1.00028824365469	0.999984544654652	1.00001413602061	1.00004834214521	1.00043533426756	NA
1.00031855586703	1.00034086449451	1.00016838719644	1.0005856810243	0.999825195270275	1.00025310677202	NA
1.00027232158237	1.00007427146849	0.999900499299623	1.00000683753042	0.999966492211257	0.999833730306929	NA
0.999853872776836	0.999962517354682	1.00018855120547	1.00127469528954	1.00063926991552	1.00044957201983	NA
1.00172679325717	0.99974418379609	0.999745247462299	1.00064003703533	1.00008171087542	1.00060554273577	NA
1.00259944229701	1.00089271671388	1.00010309932994	1.00008255885875	1.00039484929378	1.00060192067602	NA
1.00073318398206	1.00250985368899	1.00024658772092	1.00039062864581	1.00013259202646	0.999902434744725	NA
0.999901015238284	0.999682824072244	1.00109954132523	0.999992327848846	1.00093426889498	1.00023618876566	NA
1.00054513654041	1.00056904106277	1.00015840024889	1.0004352924599	1.00027930165311	1.00071788308389	NA
1.00092197494905	0.999807764023888	0.999794867561174	1.00009607339077	1.00007149687606	1.00012623991303	NA
1.00010673010964	0.999884861620618	0.999890581340636	1.00039333437683	1.00027033827597	1.00015456270684	NA
1.00020946533438	1.00052140752727	0.999855139156352	1.00102846181083	1.00058411167174	1.00045249344347	NA
1.00048530682403	0.99975459234917	0.99967315309031	1.00070852366842	0.999981471018324	1.00006030282753	NA
1.00035856020971	0.999901890932659	1.00027028093299	1.00000309242668	1.00016830056925	1.00034796081691	NA
1.00021631565619	0.999817986791961	1.00017788073363	0.999979869579535	1.00004263724257	1.00029667023549	NA
1.00053975224779	0.999941211933226	1.00008671430397	1.00018787552841	1.000939111363	1.00081523084139	NA
0.999933293884536	1.00021597028817	1.00022963002643	1.00052705563027	1.00006160498119	0.999943183180137	NA
0.999972405473599	1.00069573636516	1.00006179446989	0.999871938349585	0.999982927656508	1.00033064251887	NA
1.000764753814	1.00043467516948	0.999692181804657	1.00120528559009	1.00068137747326	1.0001962313813	NA
1.00020884118754	0.999958404896821	1.00026914999781	1.00032101132187	1.00013142040283	0.999873742589745	NA
0.99984828189519	1.00086538047972	0.999721662841062	0.999994614887493	0.999961885649333	1.00022142499638	NA
1.00019936001975	1.00019205453215	0.999823894311924	1.000631829872	1.00047157699087	1.0008333344724	NA
1.00053751852408	1.00006336431645	1.00017233702187	0.999944090656313	1.00010775883744	1.00113561155452	NA
1.00201306522363	1.00238861964431	0.999995697415409	1.00018539702668	1.00081856095537	1.00069487519624	NA
1.0013916332817	1.00004045624388	1.0000324859923	1.00065679117085	1.00050160009131	1.00014621071892	NA
1.00055299981783	1.00021062827389	0.999980087179072	0.999824257991373	1.00021411678897	1.00012825739613	NA
1.00052425295893	1.00018068928902	1.00022907227225	1.00093713335293	1.000425074988	0.999955729776206	NA
1.00006694301465	1.00047325961959	0.999796748184874	1.00007631773208	0.999924841581699	0.999945345396572	NA
1.00093998848468	1.00080066814394	1.00000952781304	1.00099863150463	1.00062084578202	1.00077044784637	NA
1.00046362498701	1.00044156724374	1.00065190133962	1.00017584197697	1.00112031740073	1.00071293667981	NA
1.00071003065103	1.00003304079503	1.00012312454802	0.999838782675047	1.00037305590862	1.00040716929633	NA
0.999909440508538	1.0011688932479	0.999868356444342	1.000906400799	0.999969477617924	1.00030064592694	NA
1.00061673120866	1.00144463070772	0.999975723754804	1.00072661844966	1.00003227599102	1.00071698825629	NA
1.00019618038407	1.00023356727753	0.999899968944306	1.00002222238521	1.00000594745448	1.00004377783333	NA
1.00031474020048	1.00080195048961	0.999905244185377	1.00010792897113	0.999930098274859	1.000720215685	NA
1.00004330948074	1.0003420163683	1.00022364085091	0.999863770585919	0.999867068660262	0.99981853987642	NA
0.999874582168937	0.999930748107782	0.999969504887018	1.00013184237277	0.999803421308437	1.00013305358224	NA
0.999917411767919	1.00013968339791	0.999683247664292	1.00027325520642	0.999760711670512	1.00016980770874	NA
1.00055769916752	1.00149656365631	1.00076125401685	1.00047482050886	1.00046262284972	0.99996089491397	NA
1.00207463770691	1.00212319459336	0.999923290932338	1.00049084552686	0.999671008441581	1.00107465046717	NA
1.00117365301852	1.00013598277836	1.00039990121622	1.0005674034892	1.00025284564174	1.00001168289107	NA
1.00001881159699	1.00006179509848	1.00017901430882	1.0006496304582	1.00036033157022	1.00003285187628	NA
1.00185102273982	1.00210417467521	1.00004638673992	1.00012197941929	1.00054682580678	1.00105361037746	NA
1.00056602836771	1.00027932576398	1.00033653352505	0.999921292994396	1.00002314939597	0.999800013670427	NA
1.00075118147403	1.00081127668336	0.999994165460025	1.00044047694601	1.00021996401552	1.00068686224078	NA
1.0001439662257	0.999916625555859	0.999998741915716	0.999971038997921	1.00010169415865	1.00009101553063	NA
1.00088476861267	1.00092804263762	0.999940684222982	1.00003663770966	1.00038195701559	1.00025246689909	NA
1.00008943049361	0.999863293094035	1.0000339020644	1.00061986579201	0.999847443649599	1.0004098995779	NA
0.999969070844718	1.00003397072497	1.00003319528098	1.0001597729231	1.00039501569569	1.00018694676141	NA
1.00010641818147	0.999929196766289	0.999779390917451	0.999826049939456	1.00050645509448	0.999804764409606	NA
0.999916809737561	1.00027695035637	0.999955838076468	1.0001952121607	1.00026709581372	1.00012739485375	NA
0.999882625832918	1.00020330357599	1.00014517854385	1.00014681512227	1.00012683606562	1.00041658351573	NA
1.00046459614215	1.00069304162528	0.999833091694174	1.00064228869083	1.00026984847482	1.00024146523244	NA
0.999777996107948	1.00012942946398	0.999887324040727	1.00016746232047	1.0002022614916	1.00023665771822	NA
0.999919158668257	0.999954078861109	1.00043554424116	1.00031162083301	0.99973656678369	1.00029042248571	NA
1.00110675115148	1.00133180451561	1.00003100827401	0.999804332555888	1.00031369560363	1.0001980596223	NA
