FMP	RMP	FPP	UPP	ANPP	NPP	ANCOVA
1.00034225473504	0.999729884860209	1.00057695717216	1.00058915269821	0.999948621402274	1.00001585451	NA
0.999901263632514	0.999819592792022	1.00012748963109	1.00032547396914	1.00006826080522	1.00015463219067	NA
0.999827186246362	1.00093395612856	0.999904722640945	1.00016929276932	0.999952685624214	0.999894269706128	NA
1.00009535611316	1.0003711911419	1.00007440453458	1.00005105306386	1.0004236814945	1.0000693399387	NA
1.0002688023452	0.99996603143069	1.00069364505925	1.00080410502383	1.00049463454914	1.00093876586834	NA
0.999752996348392	1.00042195261081	1.00011580859135	1.00075865991715	1.00018756466886	1.0001625664515	NA
1.00005711543269	1.00023084918974	0.999723943329672	1.00251778155372	1.00014864210657	0.999882729740548	NA
1.00029530550016	1.00015849473287	0.999827385067487	1.00040997282274	1.00014488662042	1.00074556655117	NA
1.00053687584962	1.00047566973259	1.00077096964514	1.00009731232726	0.999920872493112	1.00018268566858	NA
0.999748710714904	1.00034502534257	1.00007200595911	0.999970204730729	1.00024309301178	1.00070433245287	NA
1.00008555005572	1.00003611373267	0.999891529644963	1.00047838278763	1.00000744132919	1.00067853140383	NA
1.00038646436252	1.00046933897634	0.999858473080052	0.999892234778329	0.99996931405123	0.999940550350266	NA
1.00016308096759	1.00013752856477	1.00016591912076	0.999982257203419	1.00066734229359	1.00024804816166	NA
0.999854791228003	1.00001176357155	1.0001982159484	0.999849449509746	0.999841421270748	1.00019201567333	NA
0.999997848827369	1.00014162070504	1.00042346199841	1.00004630497422	0.999933962925063	1.00028866553134	NA
1.00022138835355	1.00014552894678	1.00023819647723	1.0002023672801	1.00051922837177	1.00038778887737	NA
0.999997517414549	1.00022358874116	1.00011931200668	1.00083669902279	1.000062108215	1.0002621685956	NA
0.999829035102236	1.00054207095039	1.00003469075704	1.00014695485773	1.00086106839436	1.00077211820533	NA
1.00001292896337	1.00090119218761	1.00004566351866	1.00025512583768	1.00043336591605	1.0004444010054	NA
0.999962130479761	0.999812638465912	1.00059538601077	1.00011824835075	1.00012934082419	1.00054396625522	NA
1.00085955553593	0.999949674267379	0.99992867331699	1.00018791025461	0.999849573211739	1.00105621402359	NA
1.00013297947564	1.00153109863122	1.00007732937646	1.00040516673798	1.00090710181138	1.00006661444559	NA
1.00019330639331	0.999958916792962	0.9999150991837	1.00074987026274	1.00095391675451	0.999958773317414	NA
1.00005285173077	0.999894992828576	0.999755250268524	1.00030516226051	1.00061118381826	1.00019516012365	NA
0.999664119122286	0.999763972799562	1.00025053593672	0.999961382216121	1.00007109253199	1.00010386047244	NA
1.00012873566092	1.00050625255865	1.00034853723546	0.999763020509625	1.00104781951106	1.00020627344695	NA
1.00007146981523	0.99983567058494	0.999979650834329	1.00152840373687	1.00052814722628	1.00036213413242	NA
1.00199477965362	1.00543381363189	1.00021147550406	1.00100733092087	1.0003803812638	1.00041933458156	NA
0.999764391288343	1.00100526886942	1.00019002305378	1.00060930177519	1.0003723111743	0.999838505710292	NA
0.999746987847752	0.999850547405066	0.999787362881693	1.00005361846232	1.00059911491317	0.999945515073555	NA
1.00024583250328	1.00018523556858	1.00007535701023	1.00058258727463	1.00003717876264	1.00010216714665	NA
1.0000976172226	0.999938058570671	1.00052681056561	1.00052318879578	0.999923106390819	1.00018194344661	NA
1.00060152240915	0.999695538864123	0.999924698211028	1.00069370001521	0.999999800652352	0.999955982711878	NA
0.999705887738932	1.00062587279494	0.99988879570833	1.00029266396215	1.00044134445621	1.00029686903619	NA
1.00049022973932	1.00045658349735	1.00013416562956	1.00019147253572	1.00013526304925	1.00013612999826	NA
1.00072241885562	1.00041654050173	1.00000224732927	1.00051940019059	0.999883761826449	0.999898086462287	NA
0.99972805921414	1.00045609733876	0.99977062306819	1.00029840673664	0.999678994641358	1.00008757353946	NA
1.00010581438105	1.00018290073751	1.00014414222023	1.00105301886006	1.00025995569452	0.999902241126823	NA
1.00009287042706	1.0005814108184	1.00078712780193	1.00027709292612	1.00025729908897	1.00039857688867	NA
1.0007736779984	1.00009778046465	0.999875327187946	1.0007862421316	0.999964818271977	1.00050158932236	NA
1.00004962530008	1.00010491408829	1.00012389047712	1.00034872947631	1.00023410377913	1.00049304593132	NA
0.999968484194035	1.00072208757278	1.00010976292969	1.00021977934127	1.00011324234299	1.00070110193265	NA
1.00061993994101	1.00021485193842	0.99970457889649	1.00145099343257	0.999950946576325	1.00062883631243	NA
0.999876424640079	1.0001274234272	1.00040386821255	1.00067823025838	1.00009356752097	1.00055098771912	NA
0.999826547855669	1.00057177749813	1.00017312827113	1.00020032409232	1.00031765305247	1.00055786650472	NA
1.00069754976643	1.00000153185633	0.999762779590377	0.999802921593514	0.999884661142023	1.00025503275748	NA
1.00105552212878	0.999858485816137	0.999810744127141	1.00096620660707	1.00046193908048	0.999705487067663	NA
1.0008698331495	1.00014622604149	1.00016426622923	1.00087778996603	1.00077327329771	1.00054656905414	NA
1.00050975973571	1.00051453706253	1.00000753516481	1.00007887913882	1.00021612793344	1.00094702163676	NA
1.00006749263447	0.999943991217436	0.999771625837037	0.999785551602155	0.999991524616703	0.999968224872947	NA
0.999798391030109	1.00051396111794	0.999957062193693	1.00029494585215	1.00059794842629	0.999797965837125	NA
1.00058700908611	1.00161520214028	1.0011272378623	0.999987230221451	1.00005385505605	1.00033391970548	NA
1.00003840162646	1.00073584374274	1.0000213473097	1.00011251238585	0.999897184574419	1.0004618347783	NA
0.99991320118179	1.00013922789334	0.999666536230693	1.00068295031009	0.999999033890949	1.00032863406608	NA
0.999851467351019	0.99984647137663	0.999942745614788	1.00069341212158	1.00011520444986	0.999921847411257	NA
0.999956232056868	0.999868640004304	1.00003541617701	1.00014760062535	1.00016755232519	1.00249762723867	NA
0.999943988926385	1.00104459300785	1.00030889820066	1.00006711124652	1.00004227524287	1.00050724804189	NA
0.999948540928179	1.00003730990275	1.00026249539488	1.0001596928997	0.999930804002794	1.00015894902942	NA
1.00003473595469	0.999886323595026	0.99980630265747	1.00026550117832	1.00024264175159	0.999919675485125	NA
1.00057881061899	0.99997608410257	0.999832746596365	1.00026683215449	1.00017962671426	1.00030056654123	NA
1.00012513815135	1.00032150958315	1.00038785359268	1.00097268177726	0.999899588454723	1.00028479497532	NA
0.999694166549983	0.99970231068248	1.00027253950636	1.00053465047269	1.00020662238602	1.00028147374799	NA
0.999897811331126	1.00012173919703	1.00029158881042	1.00056184954547	0.999906714598185	1.0005351812898	NA
1.00019896977664	0.99997812522155	1.00053211004942	1.00017335461122	0.999882593203801	0.999769893192913	NA
0.999915450196011	1.00016831325589	0.999886913236128	1.00052433108207	1.00059301383343	1.00016868234335	NA
0.99991124455317	0.999980587122037	1.00032315290962	1.00022868554619	1.00093855745875	1.00010051515369	NA
1.00055854478995	0.999970550280664	1.00020940097716	1.00046908164667	1.00005079049243	0.999930061568608	NA
1.00030466476644	0.999992472208114	1.00016489177485	0.999985669082076	1.00019317166197	1.00012121209122	NA
1.00076543195497	1.00072945848948	0.999844498914346	1.00070359556144	1.00098974526673	1.00013257331571	NA
1.0004336008333	1.00017215091658	0.999908137552158	1.00038880378129	0.999930894359782	1.00075696294331	NA
1.00065476487293	1.00149335465292	1.00055954724075	1.0005270953559	1.00085419678893	1.00068163747144	NA
1.00053461017373	1.00041431298002	1.00016598732571	1.00011685613908	1.00035698777037	0.999926190084413	NA
1.00041489356874	1.00000984447711	0.999751127146511	1.00024415693183	1.00013454956338	1.00043612962204	NA
0.999993672550444	1.00019274080118	1.00022170802997	0.999987071463056	1.00079888483417	1.00033403612693	NA
1.00089348269131	1.00016762143909	1.00061610489764	1.00090722298955	1.00022453574218	0.999931901140616	NA
1.00054473655203	0.99990988481409	0.999720215261703	0.999918477647508	1.0002398360199	0.999795645289684	NA
1.00084678464104	0.999878057954376	1.00070142189014	1.00051455842376	1.00091251621467	1.0007362240879	NA
1.00018306840698	0.999810023210466	1.00045069581229	1.00024381604861	0.999811949196031	0.999702106646731	NA
1.00077848093666	1.00002407576804	1.00006246790802	0.999791497102871	0.999978746927385	1.00035215834074	NA
1.00054025515284	1.00033013880699	0.999886929555799	1.00023269805247	0.999792829607004	1.00077578139934	NA
1.00012168177711	0.999962917802552	1.00166338214949	0.999823240312571	1.00076168483044	1.00045307108904	NA
1.00043869886603	0.999768033469355	1.00007191338194	0.999938099962296	1.00040760216981	1.00007753788836	NA
0.999997801978205	0.999651299888668	1.00008996809925	1.00038673372666	1.00118271034549	1.0006974229486	NA
1.00032658952244	0.999787026650553	1.00060250713738	1.0000745858977	1.00016973851322	1.00053524111624	NA
0.999677702513022	1.00002297138091	0.99986380406865	1.00087729346465	1.00032356072012	0.999750062336166	NA
1.00020309793794	0.999977987998677	0.999967993551036	0.999879760870446	0.999952506911388	1.00028355231071	NA
1.0002529061694	1.00051693841055	0.99979027803785	1.00005554767334	1.0005337478644	0.999964092326259	NA
0.999953478640522	1.00009197501691	0.999962629427197	1.00053943828142	1.00122532472556	1.00034933947931	NA
1.00017894221344	1.00046194722934	1.00045662878976	0.999809796251615	0.99982341571835	1.00006774714975	NA
1.00028984094916	1.0002115558894	1.00005268304167	0.999993847243874	0.999895789684356	1.00102945208825	NA
0.999990830389104	0.999965927999458	1.00005587570338	1.00034885517548	1.00008566507504	0.999826740999163	NA
1.00028226326992	1.00000610174496	1.00005001297021	0.99997035672931	1.00134243771136	0.999906827168905	NA
1.00025109947765	1.00000795613059	0.999953569039294	0.999896331825734	0.999998841797403	1.00031344361778	NA
0.999842550974314	1.00026354828396	1.00024163841957	1.00004323984522	1.00033849127685	0.999896992072741	NA
0.999991138116349	0.99986453326284	0.999906882529991	1.00003090153701	1.00010338949326	0.99994936836731	NA
1.00047203117536	1.00002054385116	0.99989567570089	0.999969800844198	0.999905254031234	1.00089252019941	NA
0.999921846996211	1.00037709337505	1.00045391763545	1.00045661601701	0.999909053849837	0.99981077067593	NA
1.00037517226302	0.999922409587953	1.00013365047025	1.00024256552412	1.00044292757715	1.00018965650954	NA
1.0001400615071	1.00003148147713	1.00040960519852	1.00007876098249	0.999984894557783	1.00022838760237	NA
1.00048781737907	0.999802070103362	1.00112242323172	1.0003668721725	1.00020271357645	0.999926193069435	NA
1.0002165571453	1.00070884746281	1.00008697447502	0.999899660707037	1.0000836039731	1.00016192559789	NA
1.00000727003341	1.00010113709317	0.999823742631264	1.0004415628351	1.00015691886989	1.00016660654907	NA
0.999939433177319	0.999878388946179	0.999953695165413	1.00010083367117	0.999683974261001	1.00033299099549	NA
0.999851448647083	0.999964693075178	0.999838297436477	1.00019440734153	1.00020503268952	1.00002308024956	NA
1.00016652986252	1.00021170834556	1.00003682243922	1.00035009197213	1.00007450938481	1.00008121321519	NA
1.00162580976322	1.00140819114973	1.00037474559262	1.00014138766735	1.00012111579918	1.00024091019226	NA
1.0002836427419	0.999962167691988	1.0001324147393	1.00003100311668	1.00065983815278	1.00080788027035	NA
1.00025731316519	0.999857242637819	1.00006564199872	1.00041724322684	0.999932587541825	0.999924563509423	NA
1.00126999820948	0.999733323535594	1.00010707898225	1.00045262391613	0.999969301144817	0.999943143938879	NA
0.999984686547138	1.00050313656263	0.99985306462864	1.00029916353202	1.00009381618136	1.00019953044719	NA
1.00016566710884	1.00045341445458	0.999966118364029	1.00026605475542	1.00045840732051	0.999871223122716	NA
1.00119807658414	1.00061500212303	1.00018583044384	0.999893516544864	1.00060793350903	1.0007309404629	NA
0.999953650813966	1.00021509977209	0.999800044470699	1.00144075844751	1.00025601278744	1.00002255656169	NA
1.00087621558862	1.00017894912164	1.00002833714231	1.00018393011931	1.00080375614778	1.00074864790893	NA
1.00049292695304	1.00032594032078	1.00017109919424	1.00001658098413	0.999686641908433	0.999864243765694	NA
0.999835363145188	1.00021249449958	1.00016032647327	0.99997739527394	0.999829351867114	0.999956628285713	NA
0.999913973438297	1.0000703074436	1.00015424930462	0.99994800671821	1.00037728069192	1.00030452434916	NA
0.999752630236335	1.00002018997729	1.00016982863693	1.00069815721222	0.999724310796119	1.00074347602289	NA
1.00025590491089	1.00070736276687	1.00078216129253	0.999947510065931	0.999997566533258	1.00008200844039	NA
0.99994575987992	1.00009888917187	0.999907652869556	1.00027112488442	1.00133373753083	0.999959472418026	NA
1.00052718119347	1.00044754558429	1.0000815859594	1.00067135191666	1.0004799947773	0.999734348856935	NA
1.00015105224447	1.00051217447612	0.999751239681759	1.00084622501708	1.00004975788741	1.00047522827593	NA
1.00039319054081	0.999747131320465	1.00021722516121	0.999856596771595	0.999955591243835	0.999872974267051	NA
0.999802039799007	1.00009910916562	0.999952988773923	1.00005431112625	1.0004352333542	0.999850514836511	NA
0.999898083265213	1.00006714874322	0.999900731857224	1.00143963027426	1.00170321108777	1.00098488785684	NA
0.999956950817537	0.999850275297136	1.00021387882833	1.0002457721804	1.00031981493463	1.00006067521601	NA
0.999754091564634	1.00016549043975	0.999928843614067	1.00034787279182	0.999974109929528	1.00007306560789	NA
0.999752618914262	0.999874024243489	1.00067876012778	0.999948509342574	1.00066037846694	1.00034312984607	NA
1.00018194272706	1.00001569156863	1.00002329811448	1.00152916414839	0.999833844158574	1.00036895898728	NA
1.00000276328397	1.00077638424768	0.999831035861055	0.999856719307218	0.999916682379378	1.00005967271896	NA
1.00015387956382	1.00003633947609	1.00023382154977	1.00098513958749	0.999816372181568	1.0004594840623	NA
1.00116172623473	0.999990264545785	1.00029797570966	0.999746299230481	1.0000531822934	1.00005645611139	NA
1.00025315496225	0.999695636508843	1.00013699443989	1.00008028362883	1.00055715899595	0.999817574709543	NA
1.00063738420178	1.00044030600928	1.00008477783926	0.999774920650229	1.00057590688656	1.00008587124352	NA
1.00009179292109	0.999923268006823	0.999946195987555	1.0008869853236	1.0001458525604	1.00022209742472	NA
1.00013997277457	0.999851163399187	0.999934078301566	1.00031342854948	0.999990322578225	1.00041549128232	NA
1.00018623604824	0.999785365660334	0.999628240533436	0.999832257668686	1.00011496599643	0.99984225753443	NA
1.00012657295559	0.999711377662913	1.00028200325297	1.00019767487052	1.00059064870344	1.00061876968384	NA
1.00005030283714	1.00026487597116	1.00021096482193	1.00068275469545	1.00006454923824	0.999796149978131	NA
0.999863806459445	1.00082207465723	1.00026228302295	1.00077897880003	1.000028391848	1.00009920785587	NA
1.00008269743427	1.00033911493093	1.00030459022324	0.999986316004549	1.00013004587266	1.00030258630338	NA
1.00035483546038	1.00051895920872	1.00045437436888	1.00022403257165	1.00029425672918	1.00013616525467	NA
0.999931517032738	1.00002646959249	1.00022735550398	1.00071929640494	0.999819879297238	0.999978474083174	NA
1.00051976795947	1.00003076140678	1.00025132185282	0.999886155818104	1.00028642225075	1.00009484860014	NA
0.999954864792156	1.00012875554829	1.00001971841278	1.00052030701947	1.00000278229026	1.00018194754097	NA
1.00016428156154	1.00045843935268	1.00056599384145	1.00002432042337	1.00036338834574	1.00033909112314	NA
1.00007623572596	0.99976886679627	0.999845229769	1.00052590771442	1.0000569403964	1.00061876525929	NA
1.00011569110837	1.00003358574069	0.999836333932606	1.00016817918438	0.999966199606707	1.0001018555405	NA
1.00003583574623	1.00054796514996	0.999976244568439	1.00031885065535	1.00004900653336	0.999769379399437	NA
1.00024128617428	1.0008604351803	1.00022106506287	1.00001592603851	0.999978719822626	1.00002134046691	NA
0.999797501458094	0.999820251969556	1.00061750602685	1.00029460549241	0.999851088339448	1.00013534854331	NA
1.00005418265016	1.00007991177924	1.00051953022371	1.0004091852822	1.00024522837689	1.00022566668496	NA
0.999868047602994	1.00050733485549	0.999785086257723	1.00015968159333	1.00010303392298	1.0002094765899	NA
0.99991101506365	0.999914389946035	1.00017400733446	1.00037231200993	1.00002157296395	1.00033798407705	NA
1.0000549380896	0.999866514523503	1.00003520199529	1.00062442454355	1.00019882811224	0.999821996049047	NA
1.00020017135837	1.00024052154953	0.999874006442998	1.0003587358151	1.00021905257374	1.00044650609651	NA
1.00004519702928	1.000556769973	0.999908640719669	1.00028515476072	1.00024575994881	1.0002733846184	NA
1.00022371790158	1.00010411981554	1.00056587737741	0.999923523099279	0.99994414626221	1.00027721658912	NA
1.00047057029472	1.00006337333788	1.00015129043185	1.00023290941862	0.999915137458855	1.00005082039926	NA
1.00074201632716	1.00067067141886	1.00010622583733	1.0002990615449	1.00012934979646	1.00060560608333	NA
0.999823857150534	1.00021625212605	0.99987615373585	1.00059933419551	1.000265298166	1.00006826741983	NA
0.99978790964491	0.999753907925463	1.00006787530627	0.999821415592077	0.999831760905787	1.00003211240386	NA
0.999950949372225	1.00131304277003	1.00043470024218	1.00085502674533	1.00057273331806	0.999910334191007	NA
0.999872281111378	0.999940346817361	1.00068478201542	1.0007776645711	0.99983931650806	1.00047969343391	NA
1.00005930781461	0.999956607604942	1.0002296274493	1.00044533408767	1.00022619187817	1.00004975846675	NA
0.999984016715581	0.999937196631467	1.00026781226956	0.999915838141789	0.999969075945769	1.00011019553393	NA
1.00069948770934	1.00018093944055	1.00006139627754	0.999868411863844	0.999925420248578	0.999844544904857	NA
1.00188516796627	1.0003311911178	0.999714699926608	1.0011634283671	1.00028458274525	1.00018956125252	NA
0.999840466640075	0.999817607420067	1.00001194232876	1.00031237342392	0.999916998547061	0.999937421155099	NA
1.00103783760424	1.00040343289687	1.00032374870705	1.000707593388	1.00034110934736	1.00018971574871	NA
1.00041900816009	1.00053291727056	0.999919098881741	0.999936901682829	0.999919250561401	1.00056765088068	NA
0.999755173730743	1.00045860123247	1.00062549952767	0.999921158227753	1.0002668330961	0.999683416025538	NA
0.999795554968787	0.999896533516849	1.00000006081236	1.00083224137394	0.999978185839288	0.999733448691048	NA
1.00016268778409	0.9998303550765	0.99993846648481	1.00031700862355	0.999845339043452	0.99977467172765	NA
0.999989423373667	1.00020402536179	1.00019428476192	0.999917985805974	1.00018009343177	1.00040798845075	NA
1.00022904205322	0.999929773521642	0.999963228036338	1.00015760935335	1.00045432064238	0.999862598250732	NA
1.00069792127069	0.999862046337266	0.999974842600425	1.00003818154814	1.00017167933369	1.00035487111772	NA
1.00016257696908	1.00001475586027	0.999833266139845	0.99996025672162	1.00030849978996	1.00010635965453	NA
1.00017621017572	1.00051812609791	0.999926169234706	1.00017117865184	1.00006977386337	0.999895353665396	NA
1.00030117701082	1.00007592094542	1.00008485055276	1.00013938948602	1.00012029244779	0.999910424630966	NA
1.00221124017379	1.00043568306922	0.999756586357128	0.999981248827983	1.00047242406815	0.999866516092924	NA
1.0000532080034	1.00037776510777	0.999650803023552	1.00029672394328	1.00021237075786	1.0001492827597	NA
1.00023110895843	1.00009245849279	1.00012257120838	1.000099351093	1.00029901779917	1.00045901123166	NA
1.00018044154579	1.0010136744249	1.0005883048587	1.00051078078238	0.999836278553423	0.999934525424189	NA
0.999914449466651	0.999946689884292	1.00053780926013	1.00011367123751	1.00001664857181	0.999787006961776	NA
1.00011487688494	1.00041462482057	1.00009723819254	1.00015172740412	0.999976489868023	0.999731172736335	NA
0.999760361078547	1.00017320968539	1.00009365399087	1.00052791778656	1.00056137322127	0.999969984804039	NA
1.00020691356998	1.00023252015997	1.00034726666149	1.00047746259942	1.00001110291228	1.00133357766449	NA
1.00010244172126	0.999898299908843	0.999806199506363	1.00008726061543	1.00048709216189	0.999896939914891	NA
1.00006542488859	0.999869325237466	1.00058969172376	1.00038762797377	0.999877915183622	1.00026243673074	NA
0.99989405928981	1.00040542971396	0.999808046479617	1.00013425777806	1.00016025963903	1.00101571423067	NA
1.00107285855321	1.00002654832215	0.999722395271025	0.999863310722008	1.00007273500483	0.999977182147871	NA
1.00045384452878	1.00064708591145	1.00006205190882	1.00006866043349	1.00041109374292	0.99997653788584	NA
0.999777786695932	0.999847774422065	1.00060872836882	1.00021916035461	0.999962082823938	1.00016144124203	NA
1.00012561611842	1.00093838313296	1.00006414019575	1.00069505350198	0.99979246370297	1.00028701258909	NA
1.0004934921476	1.00037028369887	1.001121363952	1.00000680018506	1.00028911453897	1.00033162349629	NA
1.00077493602734	0.999856225395995	0.999931955504271	0.999917207879038	1.00019176594196	1.00014990005479	NA
1.00010683314278	0.999970887132044	1.00000788447217	1.00070078377307	1.00021204791825	1.00092211599144	NA
1.00015880901986	0.999926395648558	0.999923609958534	1.00003896761288	0.999830197092061	0.999840699207386	NA
1.00012516122942	1.00058652249666	1.00037702848512	1.0002460914566	0.999961559173872	1.00093249362996	NA
1.00010347683004	0.999728316100039	0.999904340217095	1.00021834803419	1.0000790263118	1.00006348113264	NA
1.0001143956838	0.999948611456364	0.999971172556389	0.999785649503398	1.00001250840976	1.00044364791936	NA
1.00023517722388	1.00039377538657	0.999972801171199	0.999951479192669	1.00004482632974	0.999924866532805	NA
0.999950275691127	1.00034142089015	1.00019139236552	1.00023936031273	0.999984088668106	1.00086387545942	NA
1.00070625712296	1.0001976174665	0.999799159173173	1.00025318952007	1.00015475057187	0.999993187793912	NA
0.99990306435581	0.999908909917119	1.00029483863677	1.00021196448897	1.00024099970396	1.00057400052199	NA
1.00001130558408	0.99995351311544	1.00003004006432	1.0008715972397	0.99984017439246	1.00039259709367	NA
1.0004759496457	1.00017625006964	0.999879847132768	1.00044123773156	1.000324671424	1.00071468141772	NA
1.00012860247658	1.0002714002095	1.00056376190183	1.00026655169607	1.00028338657445	1.00073189774539	NA
1.00013412252667	1.00048166702691	1.00004423159445	1.00039148912692	1.0004361422866	0.99986640879594	NA
1.00066960769585	0.999837595532228	0.999921963432769	0.999735414411435	0.999851269246618	0.999991310267488	NA
1.00018549609956	0.999885942002298	1.00027299805012	0.999804957521584	1.00055468632533	1.00029637340958	NA
1.00010885425464	0.999998116896757	1.00018772627595	1.00043015367704	1.00046449776614	0.999912137987765	NA
0.999874859087868	1.00024555564123	1.0004196600088	0.99986547474621	1.00062970794503	1.00065147166404	NA
1.00003257000355	1.00061645124552	1.00000780942798	1.00019993150326	1.00045376535082	1.00018950631121	NA
1.00000409743416	1.00005877518898	1.00044620305915	1.0000087864009	1.00025055717405	1.00035117388383	NA
0.999891770798132	1.00030384305039	1.00000110883426	1.00012729002397	1.00039306451899	0.99988652749974	NA
1.00013638540298	1.00013818133429	1.00043134923305	1.00038953977421	0.999797884529441	1.00030682382196	NA
1.00051167527625	1.00034439596855	1.00001215848058	1.0000215554251	1.00095554844071	1.00096382189696	NA
0.999749522185634	1.00004948738221	0.999691521055505	1.00049229206116	1.0001050380642	0.999927399511918	NA
1.00006380901623	1.00027020314306	1.00013992931585	1.00001334517193	0.999939136327259	0.999984245918004	NA
0.99990849518594	1.00015048670193	0.999731861529726	1.00014273425838	0.999939885912873	1.00031782599253	NA
1.00056069082063	1.00029057186218	1.00016302136853	1.00063537477978	0.999886395014757	1.0000077016378	NA
1.00035035956717	1.00006550426972	1.00040297201449	1.00041092942412	0.999811567906825	1.00034228536427	NA
0.999947694323129	1.0001724235673	1.00007265383632	1.00022914830572	1.00013388844022	1.0001439701584	NA
1.00007179219855	0.99986355663565	1.0009939584204	1.00054292695017	1.00002024209935	0.999781433058874	NA
1.00033942266307	1.00031600631492	0.999954523184851	1.00041631709818	1.00018779866433	0.999931805096166	NA
1.00021987773283	0.999951416339145	0.999902507754573	1.00153392969087	1.00055298639995	1.00010839369327	NA
1.00008325319122	0.999952860642217	1.00015007063092	1.00003845810898	1.00059808990698	1.00035475937712	NA
1.00021329559818	0.999993965353894	0.999896110998765	1.0007445481028	1.0000499041568	0.999848665297	NA
0.999887573594495	1.0005188906919	0.999890558440561	1.00042647356105	1.00099604137242	1.00010745924907	NA
1.00007587555191	0.999699900622984	1.00001475060666	1.00032062570308	1.00017547702716	1.00011971391304	NA
1.00028650279709	1.00079798840832	1.00013927156494	1.00024724089036	1.00014597808616	1.00111648449383	NA
1.00131740247675	0.999980732770942	1.00024285412358	1.00061541663468	1.00020552122395	1.00034722753684	NA
1.0003470634085	1.00051617744095	0.999906307547662	0.999763352056219	1.00010943930441	1.00039277533108	NA
1.00002848650841	1.00009662174772	1.00019967255397	0.999863095855557	1.00027057737879	1.00021828109179	NA
0.999924706132629	1.00016843525798	1.00012743957169	1.000448567021	1.00014157793254	1.00080496432321	NA
1.00035587218808	1.00006114750766	0.999918059242097	1.00018820893034	1.00010844976515	1.00016788409429	NA
0.999781792170292	0.999788863612141	1.00007996165653	1.00031670001838	1.00004104184495	0.999788349254962	NA
0.999767886073558	0.999895174037356	0.999924669722022	1.0001727840965	1.00031873615986	1.00047998720442	NA
1.0014429351696	1.00182829456322	1.00038675557106	1.00027469234076	1.00113848223826	1.00210977064426	NA
1.00012061657076	1.00012343459074	1.00002207850801	1.00078090412043	1.00056253239212	1.00069908699772	NA
1.00066208197694	1.0019152660017	0.999694317970113	1.00109648737792	1.0000104966296	1.00046945509663	NA
0.999945311402779	1.00106284280323	0.999857544862536	1.00032728163394	1.00057880508342	1.00044412433667	NA
0.999775111756753	1.0007799721432	1.00033965210557	1.00021082015084	1.00023771974675	1.00024723936476	NA
1.00007584542811	0.999754614159501	0.999960801506409	1.00046190251822	0.999954148032445	0.999783660001641	NA
0.99978932750091	1.00023043325993	1.00011257240935	1.00034498553023	1.00009689169725	1.00029492942807	NA
1.00140195873668	1.00031254874336	0.999834984181945	1.00057949250642	0.999998937169115	0.99997147662642	NA
1.00020520308574	0.999933203858666	1.00029328688529	1.00014528329484	0.999866913365239	1.00080795483815	NA
0.9998333221246	1.00032131268449	0.999947105387417	1.00035196595804	1.00020516598984	0.999743987689079	NA
0.999963734056843	1.00012796633626	0.999947664532903	1.00071558972859	0.99993305244905	0.99996291442255	NA
1.00005085467418	1.0004274431797	1.00016088783639	1.00035866655739	1.00025682391063	1.00025411313962	NA
1.00005303978277	0.999877860419192	1.00027464939694	1.00032652873406	1.0001805589063	1.00052615998652	NA
1.00015690859057	1.00010473807269	1.00003384757207	1.00066128018824	1.00087926388807	1.00013105683431	NA
1.00038127281932	1.00012908643205	1.00032671732762	1.00006985006494	1.00064273181022	0.999986921340966	NA
1.00056099626777	0.999802569673608	1.00015412902574	1.00022699053709	1.00042743525041	1.00018115278757	NA
0.999973153885846	0.999993322843972	1.00067790852535	1.00129630285249	1.00020191628107	1.0007253767457	NA
1.0001129093567	1.00022503188398	1.0001275767975	1.00075767200595	0.999815473457537	0.999779943770307	NA
1.00045813705605	1.00002802517544	0.999981004210695	1.00048066685976	1.00011025221822	1.00054002684752	NA
1.00009245087241	0.999884848678153	0.999942776384294	1.00047962189112	1.00035914322268	1.00006573978507	NA
1.00010821074352	1.00019321314404	1.00054735597588	1.00053657360076	1.00049873897699	1.00015397600031	NA
1.00024477033737	1.0000997453378	1.00013993829133	1.00021333650213	0.999945791520904	1.00026975244261	NA
1.00015347125669	1.00019483248941	1.00005670152892	1.00045820501477	1.00001303905526	1.00025501662331	NA
1.00001196072056	1.00003064874774	0.999826743604887	0.999972432410901	1.00031225833342	0.999722033528035	NA
1.0000281754781	1.001049793324	1.00024322507499	1.00063646167406	0.999908789155333	1.00026235907781	NA
1.0001525303776	1.00009812788537	1.00079462834549	0.999968021043177	1.00061129687656	1.00032099750181	NA
1.00015940568191	1.00002290973513	0.999975516744991	1.00006537223351	1.00015475884356	0.99991443490756	NA
1.00080022856082	1.00022940436291	0.999978210120964	1.00064108436792	1.00015738381011	0.999912780938886	NA
1.00013508561852	1.00019510620974	0.99998676705728	1.00064921181688	1.00090953313072	1.00001169398408	NA
0.999828599868649	1.00001470051937	1.0003124199271	0.999913531471459	0.999876652398218	1.00007461748432	NA
0.999943177019562	0.999918401057992	0.999887452140041	1.0009413738827	1.00032428477347	0.999823044329782	NA
1.00120352070616	1.00161130854103	1.00002056764705	1.00011050270661	1.00039518582209	1.00040335274933	NA
1.00120612418264	1.00037215441648	0.999849912856584	1.00006528103481	0.999783013386744	0.99985191333198	NA
1.00039159727508	1.0004445549257	0.999946858678832	1.0002831762307	1.00011558527235	1.00148858323968	NA
1.00024310368532	1.00000563765522	1.00033667013649	0.999817797477647	1.00023446126625	0.999759341115714	NA
0.999942741426004	1.00016169585121	0.999718077368545	0.999935327944848	0.999952264683571	1.00020722196196	NA
1.00019218733773	1.00052857816273	0.999929063053946	1.0005317120626	1.00085729528412	1.00008958621436	NA
0.999936042030785	0.999969949961846	0.999785062508748	1.00102012526078	1.00008069372901	1.0001509810581	NA
1.00149149986134	1.00277681460592	1.00013319024739	1.00044685967574	1.00070022734377	1.00064308200569	NA
0.999930275930848	1.00025161645346	0.999956436074508	1.0001681393425	0.99970053296824	1.00006411006635	NA
1.0002459364632	1.00029836155149	1.00000304519509	0.999851432900371	0.999916079256485	0.999805360544404	NA
1.00090412409677	1.00049616748245	1.00068511363934	1.00026016374179	1.00029135003463	0.999810316967634	NA
0.999971935646325	0.999950694406689	0.999910754641812	1.00013408847012	1.00062697616997	1.00045983353679	NA
1.00007329156502	1.00033676239747	0.999994829319293	0.999976314439089	1.00041950132898	1.00013130299732	NA
1.00033002205801	1.00009521862269	0.999904936410032	1.00023536540289	1.00013978800477	1.00049833438243	NA
1.00008369088817	0.999940484775378	0.999883326819785	1.00007084338122	1.00005427416493	0.999911820353698	NA
1.00034730932061	1.00030565940257	0.999758420509999	0.999912609846794	0.999967186695532	0.999923773720798	NA
1.00054838179322	0.999936139650849	1.0003900651825	1.00026492822914	1.00011205072583	1.00093600488056	NA
1.00025609208541	1.00021529212839	0.999889028692588	0.99996544712958	1.00016269519992	1.00008880024961	NA
1.00133856930147	1.00011537961725	0.999858772895773	1.0010599677393	1.000872091072	0.999923232272545	NA
1.00061136903193	0.999844442133866	1.00063650392381	1.0002456182305	1.00021545604945	0.999835404834624	NA
1.00005872207302	1.00047133480239	1.00065684079375	0.99996765645184	1.0000539598289	1.00007022802452	NA
1.00087246385734	0.999859977321407	1.00016531558822	1.00037412088037	1.00041664157158	1.00020933683854	NA
1.00097976169941	1.00078852809657	1.00010242994004	1.00050382518412	1.00052280794058	1.00007347399032	NA
1.00014254737624	1.00148707870505	1.00015469642041	0.999947171263745	0.999971919960343	0.99996705449095	NA
1.00003028752671	1.0006405112357	1.00001211896611	1.00039152634395	1.00001210014163	0.99995003747116	NA
1.00015314527433	0.999783488703596	1.00055095481698	0.999992814411593	1.00047650276426	1.00055280590761	NA
1.00025666668346	1.00051375172658	1.00013605243254	0.999904538719886	1.00012983151907	1.00009067628482	NA
1.00003770856461	1.00010101455088	0.999996524051774	1.00005578139281	1.00017487034656	1.00004856646785	NA
1.00008919738498	1.0001563856398	1.00001434822069	1.00000939263347	1.00061112990243	1.0002327565034	NA
1.00079417021835	0.999852459161622	1.00034596421985	1.00045400154534	1.00025966555749	1.00005651893203	NA
0.999818395776798	1.00030251754386	0.999717282468009	1.00084877440792	1.00016038561875	1.00036703550136	NA
0.999858388797978	1.00013848162121	1.00006244469518	1.00034394147728	1.00024646533684	1.00022003928018	NA
0.999920455179742	0.999966336580817	0.999966690519569	0.999760096276179	0.999765123345659	0.999730241245515	NA
1.00027351288474	1.00047768322694	0.999783481142805	1.00111404276048	1.0001945842355	1.00051776123398	NA
1.00004148646323	1.00009979615869	1.00068901489709	1.00055549353602	1.00000721073057	0.999978399947413	NA
1.00016370168969	1.00003772689773	0.999727419880004	0.999933246930458	0.99994955218776	1.00083077432366	NA
0.999912147359978	1.00023980699832	0.99984593258604	0.999962770200614	1.00064111070526	0.999882203745665	NA
1.00019985034305	0.999854921815501	1.00046872794091	1.00025273959091	1.00022996271585	0.999946635159486	NA
1.00082221322405	1.00022463687201	1.00000781628253	1.00008952479994	1.00037194792798	1.00014137196296	NA
0.999804666051922	0.999947930726424	1.00041632945092	1.0010957405348	1.00041105402946	1.00010971848708	NA
1.00008351076524	1.00030408367175	1.00066256870987	1.00081405024602	1.00020046759296	0.999966219003766	NA
1.0001604002137	1.00001771395976	1.00030237911674	1.00042836898462	0.999798033983157	1.00032801164971	NA
0.999948059395057	0.999750780953314	1.00053266165888	1.00008060308914	1.00046436126586	1.00012364324205	NA
1.00023039065302	0.999736348712823	0.999937367358783	0.999742284085086	1.00031657946059	1.0000793508106	NA
1.0031453433884	1.00047378722491	1.00071175805545	1.00028132716449	1.00015947570375	0.999979970514103	NA
1.00013000675836	0.999839172929348	0.999936878330373	1.00041456337082	0.999929797311456	0.999788983271081	NA
0.999814514554118	1.00049888242073	1.00028754471221	1.00076487653182	1.00018744436297	1.000064546975	NA
1.00019090604696	1.00097035878114	1.00016980755411	0.999980343153688	1.00015426418268	1.00000830091235	NA
1.00030857799421	1.00000186455679	0.999779044070537	1.00043861256893	1.00016105672412	1.00087247986206	NA
1.00030221303916	0.999807572403203	1.00007669621485	1.0002348895131	1.00007270783387	1.00018068981607	NA
1.0001022887671	1.00050608242949	0.999943715747849	1.00023668090833	1.000947834995	1.00036378094854	NA
1.0002152554701	1.000296115338	0.9998928738442	1.00003027821202	0.999759201886171	1.00021212850316	NA
1.00019205812958	0.99996175440147	0.999743826819083	0.99991760638727	1.00037868671965	0.999997254156999	NA
0.999758403447468	1.00063518459222	1.00170435469472	0.999868489314634	1.00034157186651	1.00013378830137	NA
0.999980995324701	1.00030517295686	1.00029467604916	1.00124311650099	1.00040408903628	1.00001490642623	NA
1.00051968229954	1.00060784016097	1.00008415617328	1.00136410555846	1.00026682866737	1.00066506687227	NA
1.00035337251915	1.00015852093404	1.00095375095203	1.00165588219076	1.00073357440702	0.999793436675219	NA
0.999948422569133	1.00008144941141	1.00071292108804	0.999961293204423	0.999863903616485	1.00038812414303	NA
0.999805750482437	0.999835909360467	1.00004177645308	0.999930422331793	1.0001143618615	1.0008857227384	NA
1.00005862324279	0.999870665389073	0.999866831224168	1.00011198452893	1.000209298416	1.00028126228625	NA
0.999881912315588	0.99996614772733	1.0001991811939	0.999860813968039	1.00034830872917	0.999954072811321	NA
0.999894252248229	1.00035471701344	1.00001514923238	1.00024580823385	1.00004452561099	1.000013220141	NA
1.00090955476714	1.00008106370906	1.00020327270484	1.000156021365	1.00028221408668	1.00024340787496	NA
1.00046264974912	1.00013636845515	0.999945122736694	1.00001441622834	1.0003091328025	1.00002087136971	NA
1.0006980405841	1.00120697712741	1.00004206663373	0.999901410916309	1.00096030992833	1.00092859629633	NA
1.00059251201015	1.0005541392319	1.00018748539165	1.00038851792784	1.00005300893196	1.00016408885444	NA
1.00061693316204	1.00145567486723	0.999857327821877	1.00018441964418	1.00067699945824	1.0010868325991	NA
1.00044239381821	1.00044133295593	0.999718534286071	1.00018977151112	1.00041588238146	1.0005813467594	NA
1.00027312862815	1.00008008487853	1.00018764735695	1.0001376332423	1.00025896223474	1.00008264134038	NA
1.0000865911933	1.00027186826434	0.999807747422559	1.00032997031621	0.999964446058561	1.00026454933152	NA
1.00024781013087	1.00037086662539	1.00030477904393	1.00096067526322	0.999682752892395	1.00029013434986	NA
0.999974236644734	1.00025917576744	1.00073297172797	1.00077596807582	1.00026970967902	1.00027445462617	NA
0.999946744178925	1.0001364239251	1.00052976017531	1.00074782020017	0.999931261902335	0.999966700560124	NA
1.00012059665982	1.00010415372231	0.999893339352493	1.00031874543048	1.00034566228632	0.999827222606818	NA
1.00004732306598	0.999892206562238	1.00020644915605	1.00053990199619	1.00009201735706	1.00027838802565	NA
0.999934405202613	1.00002143271223	0.999985775867234	1.0001365942246	1.00009195123514	0.999776473534843	NA
0.99974893358082	1.00063357513758	0.999748584556532	1.0000733796645	1.00044654960792	0.999967452346202	NA
1.00001016884653	0.999927308864633	1.00039431893127	0.999998795225094	1.00010881718027	1.00122766184024	NA
1.00001791431891	1.00012127923502	0.999926227184619	0.999874905727497	0.999971002035748	1.00032672897714	NA
0.999972655131516	0.999939522807515	0.999978477489278	0.999818405570501	1.00030204362941	1.00025569172138	NA
1.0000742047288	1.00082502329856	1.0006759153777	1.00059149711743	1.00016304540691	0.999990954397772	NA
1.0006946747176	0.999876519361947	0.999759544794759	1.00078157397287	1.00004889475358	1.00040350599773	NA
1.00000495817277	0.999986613860037	0.999841968762872	0.999811403951717	0.999967761870372	1.00009057696595	NA
1.00014352448786	1.00058989656764	1.0001148448167	0.999994397925457	0.999755099928492	0.999720628859107	NA
1.00049512478645	1.00028192821684	1.00021385668847	0.999888231757365	1.00033058208848	1.00006648941724	NA
0.999850457743264	1.00037287387996	1.00005960755855	1.00131388306839	0.99996202827318	0.999969513677173	NA
0.999846552862254	0.999927793744382	0.999762382946637	1.0001483045564	1.00077977715093	1.00039431755655	NA
0.99997477860003	1.000002386503	1.0000954756455	1.00047838289576	0.9999375405078	1.00021039860635	NA
1.00007249907774	0.999879013259966	1.00062066198218	1.00044653480498	0.999935939247278	1.00053360751984	NA
0.999756199405847	1.00054775597573	1.00026430170042	1.00038987829502	1.00032995076247	1.00043490978861	NA
0.999783289715522	1.00052243098676	1.0005034098179	1.00012727334277	1.00026864075947	1.00097370397717	NA
0.999735915610098	1.00006055404315	0.999861817691744	1.00043582225963	1.00015862748688	0.99986820195652	NA
0.999924242073079	1.00044502724217	0.999686491975073	1.00038810671416	1.0000434288182	1.0000153253432	NA
0.999937914228722	0.999912361690272	1.00082756826187	1.00036940195952	1.00046180312354	0.999969405499091	NA
0.999953088039181	1.00007201528216	1.00036249301248	1.0009657941884	0.999868001308499	1.00005192784373	NA
0.999800392251533	1.00008817726035	1.00000885320596	1.00026986319428	1.00040866659838	0.999879385637833	NA
1.00035302157235	1.00013101983137	1.00090145736119	0.999961841596804	1.00014975360646	1.0007720625261	NA
0.99999006472945	0.99985527911287	0.99989448327771	1.00010121284805	1.0000920842072	1.00025789443531	NA
0.999725838879486	1.00005028776979	0.999972270488889	0.999915213685515	1.00016087611252	1.00018152052466	NA
1.00291035339402	1.0013800074019	1.00035389415406	1.00076412211526	1.00067325111156	1.00110674062067	NA
1.00006202600145	1.0010582515623	1.00008147596925	0.999925147141245	1.00001795026308	1.00082454105607	NA
1.00076924913229	1.00057363253362	0.999925110632811	1.00018631271339	0.999892449535449	0.999746862105985	NA
1.00032571441482	0.999872702768609	1.00005343196932	0.999982306213234	0.999807524892109	1.00003971512874	NA
0.999983154256608	1.00021770747367	0.999790386065214	1.00008638290279	0.999871604606341	1.00022353108936	NA
1.00012497004198	1.0000865097084	1.00010732388857	1.00029053779625	1.00007118554618	1.00025055234212	NA
1.00030604213468	1.00023010935813	1.00023123321109	1.00060821334817	0.999991047916387	1.00012313191426	NA
0.99984685181529	0.999775289692831	0.999907792954807	1.00012958942729	0.999860166820694	0.999947707819513	NA
1.00063708699569	1.00139919450181	1.00016360101282	1.00155689073647	1.00009229871924	0.999797266205579	NA
1.00033619423124	0.999895135148476	0.999891660045099	1.00009627155666	1.00027051519233	1.00048718797764	NA
1.00039034805581	0.999828145303023	0.999762649203318	1.0003484325649	1.00062883544374	1.00054458274954	NA
1.00030860049334	0.999821841548753	1.00016878629054	1.00019850161313	1.0003222842894	1.00067390254684	NA
1.00055277327674	1.00034817178268	1.00034598508542	1.00012611188162	0.999924252039753	1.00071872592788	NA
1.00003766516417	1.00015025828981	0.999898932240056	0.999772438225193	1.00006668535861	1.0000180849282	NA
0.999779355106891	1.00090268786416	0.999698631383544	0.999922874857043	1.00039799624158	1.00054381877454	NA
1.00000169766096	1.0000945182191	0.999902498487707	1.0012282660133	1.00042380831527	1.00002249339974	NA
1.00003127629138	0.999966940561793	1.00070187573286	1.00056334838039	0.999885289602809	1.0002194925444	NA
1.00012212471941	1.00047287518626	0.999898371671182	1.0008437398624	1.00061183192614	1.00025614679765	NA
0.999967153732295	0.999907086633403	1.000335603869	1.0003254188204	1.00026866430315	1.00030967617847	NA
1.00042822416563	1.0003565343984	1.00045318103925	0.999877592560649	1.00005559672775	1.0002266573514	NA
1.00185596153858	1.00096430953616	0.999752853030589	1.00059522196578	1.00004904759866	1.00006166662825	NA
0.999874161527679	1.00004690606335	1.00030687672028	1.00074970231849	0.999849488321002	0.999978597424429	NA
1.00023984420265	0.999861102054272	1.00007650629515	0.999894674919289	1.00078107363468	1.00059261897732	NA
1.00067455779276	1.00181380316388	0.999909190881458	1.00010072859912	1.0003707138608	1.00005938342299	NA
1.00042492927264	0.999870186187564	1.00008530787955	1.00102355168553	0.999912791237717	1.00057985960869	NA
0.999989222687047	0.999916013984525	1.00010856007114	0.999962670630467	1.00034852710173	1.00038705168497	NA
0.999997374825939	1.00052647617436	0.999941019920356	1.00098354129372	1.00011021459693	1.00008477492601	NA
0.999787062420433	1.00015996726448	0.999897775856322	1.00031909327576	1.00036675800067	1.00003512235718	NA
0.999972427052055	1.00049130055323	0.99972743270185	1.00006198639641	1.00028748636404	1.00117827956382	NA
0.999845957631733	0.999793601596994	1.00080062709038	1.00008452107242	1.00047186707111	1.00048590708136	NA
0.999654890784665	0.99979064889406	1.00012739706499	1.00059195286924	0.999974671332402	1.00010325423911	NA
1.00023645014519	1.00058689112973	0.999990103910879	1.00033060301794	1.00019445821533	1.00013722235331	NA
1.00105101350968	1.000058406854	0.999976234929261	1.00062344423657	1.00003615122329	1.00080899737746	NA
1.00005068426648	0.999781609317384	1.0002813594644	0.999743205889782	0.999986832463955	1.00037267306255	NA
1.00038324485058	1.00070667922586	1.00001064359397	0.999863169956301	0.999927132111132	1.0007920706513	NA
0.999825734539922	1.00014149637423	0.999964529721591	1.00037964102276	1.00046088118155	1.00017417256452	NA
1.00006062020423	1.0003405787477	1.00013740001826	1.00033975430593	1.00130026104505	1.00020635094048	NA
1.00000737088914	0.99999369183655	1.00037348901476	1.00036091613713	1.00116048722356	1.00024318072647	NA
1.00012226160912	0.999983652161795	0.999884039525491	1.00009437134583	0.999858034859427	0.999806147379468	NA
0.999685167817517	1.00031462428101	0.99995243403008	1.00015936382464	0.999992079185184	0.999786642394845	NA
1.00375788602524	1.00092214070963	0.999903779797604	1.00034062694873	1.00022724180972	1.00006869113248	NA
1.00008454663513	1.00000448413975	0.999972600355723	1.00035409038545	1.00029341620609	1.00018388580743	NA
1.00038176919196	0.99975144139894	1.00005617226042	0.999943959086048	1.00145456572733	0.999771684397469	NA
1.0003620917206	1.00016186768378	0.999961454968126	1.00044199541342	1.00025158093802	1.00013223324468	NA
1.00135023728731	1.00020647036564	1.00047412954647	1.00094199694436	1.00020305888497	1.00011461004832	NA
1.00016739153821	1.00015721755919	1.00004869793241	0.999810199958473	1.00054904788795	1.00028781493827	NA
0.999729026709684	0.999989713055255	1.00035835177327	1.00015174223884	1.00028291533208	1.00075272847617	NA
0.99996029682232	0.999935924324895	0.999993275223604	1.00014542097077	1.0002167957833	0.999861247423883	NA
1.00070703432202	1.00019110658445	1.00055394053824	1.00036130687501	1.00042059964955	1.00006987786529	NA
1.00024124676495	1.00030668620373	0.999884377497546	0.999958256367227	0.999762481127374	0.999831191884884	NA
1.0003230138832	1.00001110075134	0.99969222132076	0.999831852616532	0.999640637155559	0.999910296193709	NA
1.00010047171903	0.999912904556021	0.999951540497856	0.99994348205886	1.00112980883688	0.999839253859256	NA
1.00042940513323	1.00023277964446	1.00008573958115	1.00028446425377	1.00013468914772	1.00012823741746	NA
0.999807173161385	1.00028962473538	1.00005056749687	1.00130995830553	1.00076121217356	0.999794237611905	NA
1.00071975000716	1.00006426259243	1.00014553619818	1.00012332977658	1.00007683871031	1.00056172306049	NA
1.00020462019548	0.999901135733372	1.00034833975627	1.00013839925399	1.00009226217696	1.0004322605105	NA
0.999995485856919	0.999945812276164	1.00039902191492	1.00013249328212	1.00052126218424	1.0000037213111	NA
1.00063382628195	0.999819027511149	0.999795507849852	0.999939076233307	1.00073045240344	1.00038912521625	NA
0.999897555721315	0.999763669004018	0.999826210662783	1.00038271669213	1.000350550814	1.00044823954918	NA
0.999722530614169	0.999774539793689	1.00047068947113	1.00004123359383	0.99997353240098	1.00052867620973	NA
1.00052691259984	1.00054235090036	0.999939420965278	1.00038721749807	1.00042219453127	1.00124201535284	NA
1.00027657630941	1.0007429456802	1.00056072823328	1.0005817035348	0.999871321649251	1.00000948968009	NA
1.00015011770214	1.00049746547345	0.999995154442418	1.00072925432521	0.999809389878955	1.00064848211425	NA
1.00065910885333	1.00009839892002	1.00021342904796	1.00055872580461	1.00020815121982	1.00046494971872	NA
1.00005813545406	0.999888613113455	0.999880656837365	1.00008737046612	0.99985482374626	1.00038261644404	NA
1.00054797769411	1.00203156290817	1.00005676036735	1.00006458241787	1.00009704879433	1.0001411772276	NA
1.00039148492966	1.00026162187463	0.999929399547625	0.999940323351014	1.00051514539056	0.999989796522662	NA
1.00001114284339	1.00035157446885	0.999956336135114	1.00019722156786	1.00054538209424	1.00009826351714	NA
1.00023223533144	1.00074904913415	0.999909101080244	1.00021075982852	1.0002288517659	1.00014906936772	NA
0.999934346711319	1.00095805490638	1.0002102537918	1.00067976769562	1.00027372063693	1.00003400693091	NA
1.00039918673091	1.00022645478678	0.99991996270792	1.00065503154139	1.00065761401281	1.00063285226742	NA
0.99977990581108	1.0006457584336	1.00012754982553	1.00011300005033	0.99989177053692	1.00003190515683	NA
1.00031100971623	1.00036036457479	0.999971820735008	1.00012635446161	1.00004230330083	1.00016806925109	NA
0.999917691390538	1.00051763794787	1.00089963218466	1.00009751123195	0.999971700734929	1.00003372238113	NA
1.00003385268175	0.999804675017215	0.999735633648229	1.00042830396611	1.00008233692394	0.99988914974229	NA
0.999846556656958	1.00008281868924	1.00014175596736	1.00090636028501	1.00021420095331	1.00027464032016	NA
0.999883987927484	1.00030581830066	1.00018390026893	1.00059193170976	1.00039995986562	1.00060747007969	NA
1.00002535193501	0.999747991199268	1.0000058047016	0.999811321642715	1.00018491753497	1.00034294238851	NA
1.00019820606572	1.00055846549818	1.00111466526567	1.00003206803698	1.00027376772597	0.99996223034141	NA
1.00006290099402	1.00007538523106	1.0001629029264	1.00004787942363	1.00004133150518	1.00011268211494	NA
0.999959657171009	1.00065590794828	1.00018599017938	0.999859087306939	0.999913012615414	1.00079515630261	NA
0.99979292616762	1.00052001227068	0.999990221301685	1.00051215507218	0.9996432994895	1.00002115738456	NA
1.00039096835365	1.0006823703935	1.0003183288648	1.00025089709335	1.00000962065063	1.00042022718228	NA
0.999837223902115	1.00058494226328	0.999845234689283	0.9997980283134	1.00014930449449	0.999711204976222	NA
1.00143112851591	1.00012856609794	1.00054225149868	1.00155873702179	0.999885855734952	1.00033108988519	NA
1.00012084777089	1.00050282241255	0.9996952718257	1.00026498765716	1.00003984529599	1.00021637365322	NA
1.00006497116415	0.999859693748021	1.00018371795657	1.00068015849347	1.00001941707452	0.999834435165512	NA
1.00008808964052	1.00013373717991	1.00029188247743	1.00011387530251	1.00068128305547	0.999964221143342	NA
1.00022325313882	1.00058540176255	1.00004596815255	1.00024662086584	1.00027252947015	1.00016157462405	NA
1.0002084094807	0.999768364791343	1.00030260629451	0.999989737126357	1.00002606647024	1.0000640711056	NA
0.999881144148621	1.00045592324593	1.00051069006658	0.99983902816495	1.00031590293221	1.00060411497175	NA
1.00017411480502	1.0006366018829	0.999857489392606	1.00110940646512	0.999789436728142	1.00117814109976	NA
1.00056180502586	0.999837941768921	0.999904669948523	1.00012099103491	1.00017639209315	1.0003029477461	NA
1.00008354836292	0.999744624483488	0.999972466318293	0.99996506981955	0.999725770776354	1.00020580873189	NA
1.00060460776717	0.999775830467924	0.999753574236947	1.00035344525489	1.00023521455037	1.0001953198534	NA
1.0001981256484	1.0001109136698	1.00007852096213	1.00042994228193	1.00040575909733	1.0005742813546	NA
0.999973816531398	1.0008037013344	1.00053848806982	1.00009230694086	1.00010915615422	1.00024692424811	NA
1.0000394574083	1.00059763072839	0.999842232099864	1.00085940478212	0.999745610031093	0.999913468221541	NA
1.00038436041876	0.999911579361277	0.999886340058978	0.999996437074508	1.00050772714928	1.00011579281647	NA
0.999819464325032	0.999870480746407	1.00014307232243	1.00056610577843	1.00066946963417	0.999931787771494	NA
0.999741895149814	1.0005088567421	1.00054846704936	0.999963645051841	1.00026962903438	1.0000944398281	NA
1.00012108041261	1.00073139689495	0.999917063973122	1.00017320079679	1.00053322889125	1.00061465800729	NA
1.00054977817204	1.00010795781702	0.999978350494512	1.00075135697508	1.00001339827799	1.00027446188205	NA
1.00027042283895	0.999958460676614	0.999724769601895	0.999830045471051	1.00019754199631	0.999945429261319	NA
1.00003660347756	0.999862898375898	1.00009476966604	1.0005169661071	0.999711572967414	1.00002043340007	NA
1.00025094493923	1.00019052608994	1.0002269593423	1.00023203492773	1.00046545682722	0.999844414450915	NA
0.999896133114878	1.00016882381014	1.00001685236985	1.00007131726952	1.00043988369476	1.00066622828476	NA
0.99994690813537	1.00004113780977	1.00089771627039	1.00015183073975	1.00057967576901	1.00006551275752	NA
0.999688315401846	1.00000186657881	1.00040940600373	1.00014979537522	1.00075026074571	1.00005096293846	NA
0.999907867869224	1.00014106786713	1.00004694851428	0.999921307952642	1.00029557235223	1.00009072569203	NA
0.999918028950658	0.999878749965687	1.00006196467354	1.0004673076285	1.0001347137982	1.00008872575619	NA
0.9998339269232	0.999974941416007	1.00010639071922	1.00000490890458	1.00021821545902	0.999968911976432	NA
0.999983628207224	0.999971093537012	1.00019118905258	0.999995896861774	0.999850688741423	1.00024632181024	NA
1.00017619429981	0.999714499161917	0.999751347387363	1.00017189856674	0.999823638983486	1.00022766436048	NA
1.00026011195029	1.00049925790012	0.999905578072865	1.00021913832113	1.00013933197284	0.999978535043827	NA
0.999954891093219	0.999858333740995	1.00042159202077	1.00009001779305	1.00156380941042	1.00012164458555	NA
1.00012750481953	1.00053771666667	0.999825214301039	1.00042229685168	1.00028497404645	1.00104221910906	NA
0.999816532658343	0.999665513192426	1.00000293283634	1.00092993395005	1.00047843511704	0.999863812298501	NA
1.00004452305753	1.00066039982152	0.999735898186692	1.00025295716487	1.00070707848532	0.999698031169875	NA
0.999811147684697	1.00002397177798	1.00056015977818	1.00019335872423	0.999846156391414	1.00021317712252	NA
0.999793593802469	0.999725730879836	1.00022373998135	1.00018826812587	0.999838367208953	1.00031130897427	NA
1.00169117510379	1.00036881950968	1.00028524727359	1.00077205777104	1.00041284364354	1.00007067867861	NA
0.999825850131308	1.00075299880826	0.999779976368655	0.999864523079887	1.00022938384585	1.00014380750606	NA
1.00015486373321	1.00052656158754	1.00005615303654	0.999893098665514	1.00043350265239	1.00060353603419	NA
0.999886309018225	1.00027426478921	1.0002734678028	1.0000884694276	1.00076595203646	1.00018694107501	NA
1.00018270528578	0.999780875739559	1.00012305853058	1.00044244851943	1.00005756760653	1.00032420345981	NA
1.00036509167386	1.00073716611786	1.00013695290496	1.00025805170855	0.999907569122688	1.00018050979649	NA
1.00009911282446	0.999865639519796	0.999732548386477	1.00013150339974	1.00009314997023	1.00000066876802	NA
1.00018963436049	1.00009768519977	0.999990346139385	0.999781451639285	0.999782739634869	1.00058976431224	NA
1.00037157498137	1.00010412146894	1.00070001263125	1.00021096555758	1.00058134334264	0.999756626313808	NA
0.999874966176774	0.999916837910676	0.999987109094574	0.999783358888757	1.00058323373775	1.0001104230479	NA
1.00364377917122	1.00643655009978	0.999643267588142	1.00113656693916	1.00172249869594	0.999927572498376	NA
1.00012644503751	1.00002704767427	1.00005932578801	0.999977782745412	0.999840080949365	0.999825849523158	NA
1.00004038411064	1.00071741845985	1.00000274971839	1.00066248339333	1.00045854476949	0.999847290918004	NA
1.00018572920933	0.999903397182512	0.999926728422948	0.9998065728351	1.00014785128596	0.999856104046977	NA
1.00041822512788	1.00019138933194	1.00018183716218	1.00014858349956	1.00033332082593	1.00032739900959	NA
1.000159886126	1.00074521597853	0.999906930386586	1.00039771263328	1.00054506255295	0.999746420470313	NA
0.999825107668887	1.00038398814084	1.00006827638004	1.00047949658667	1.00024047973317	0.999994060414756	NA
0.999969559426374	0.999820761051766	1.00082597356525	0.999917359060802	1.00038584900619	0.99995119516448	NA
1.0000275398972	1.00000769084315	1.00059279141515	0.999997977868848	0.999988196381811	1.00013733966557	NA
1.00041147613327	1.00049005699303	1.00015019146492	1.00132151613622	1.00034877506384	1.00038400187673	NA
0.999819322328623	0.999962826005976	0.999746408570691	0.999834034869451	0.999953781127005	1.00051277578659	NA
0.999841129835147	1.00055126974816	0.999955427298458	1.00055843283938	1.0001193897875	1.00036120532819	NA
0.999806103736083	1.00027159980495	1.00024608702475	1.00007987920101	1.00012027177705	1.00030579107383	NA
1.00051735081764	1.00046594308002	1.00008855801746	1.00014125448123	1.00055609453005	1.00036887709028	NA
1.0001783908787	1.00028138569563	0.999881309553122	1.00045780757621	1.00032683220972	1.00002804136142	NA
1.00061689844135	1.00004082309411	1.00041781414355	1.00061867849069	0.999678191818049	0.999794904505555	NA
1.00047990429627	1.00017793473799	0.9997556678557	0.999892594361308	1.00049953773531	1.00040727946443	NA
1.00048412535775	1.00087446836123	0.999935003178968	1.00074392430541	1.00057251835839	1.0002539647607	NA
1.00007982588757	0.999764143375181	1.00015650650185	0.999823632232618	0.999921093511456	0.999914603740579	NA
1.00022803397577	0.999935736852093	1.00040844737037	1.00018677326254	0.999753080747616	0.999852056526734	NA
0.999769289969702	0.999748731842987	1.00024511896337	0.999816205041808	0.999966310705548	1.00000686535647	NA
0.999942291088168	0.999937305192121	1.00088709976387	0.999963044887969	1.00003979764313	1.00024599451093	NA
0.999848350243305	1.0001778989426	1.00124857743243	1.00069840091889	1.00021560280681	1.00015275529299	NA
1.00035820254097	1.00091083565467	0.9999525260388	1.00091721432692	1.00166427944159	0.999958334582528	NA
1.00023910654078	0.999927315875365	0.999970058560215	0.999810701235624	0.999933157057525	1.00011256772867	NA
1.0002259491443	1.00003506388262	1.00021996341147	1.00010236408314	1.00041595172204	0.999812603073542	NA
0.999892795720061	1.00006837007211	1.00023902234022	1.00054329661301	0.999926025509627	0.99986785882885	NA
1.00092435488278	1.00018083563695	1.00066181496945	1.00027146557288	1.00075817103032	0.999942649457073	NA
1.00033290145161	0.99996107551757	1.00006356899837	1.00023188925726	1.0001651887798	0.999991226660523	NA
1.00087918057949	1.00049407343406	1.00009401235084	1.00090230769872	1.00008769586721	0.999893831571022	NA
1.00042394060847	1.00007174526762	1.00028430140913	1.00044450840504	0.999881082348824	1.0001326057237	NA
1.00017788831431	1.00050645565944	0.999926199787779	1.00007022755365	1.00052380528608	1.00007412260005	NA
1.00049695153603	0.999975799012791	0.999726833476342	1.00024273518079	1.00151887579963	1.00048878135238	NA
1.00026468999639	1.00013287318086	0.999866058255236	1.0005177803019	1.00019028302187	1.00071187552894	NA
1.00028095565279	0.999876160764823	1.00036024191551	1.00028797730237	1.00011994905901	1.00034567625318	NA
0.99981554825002	1.00025675402284	1.00004058552672	0.999846340156672	0.999848788754202	1.00007378516349	NA
1.00015886713805	1.00021566719056	0.999916146302128	0.999938277563543	0.999724565694014	1.00034296828479	NA
1.00037235842185	0.999830726373293	1.00021130339064	1.00067736205241	1.00047059703008	0.999930761022608	NA
1.00047115437758	1.00009951504311	1.00014757010764	1.00012350940471	1.00018902530101	1.00045150679614	NA
1.00007000082866	0.999964341939208	1.00049929356861	1.00062274141429	1.00040133652756	0.999872791348227	NA
1.00005793394076	1.00024340503702	1.00023271234697	1.00002945707898	0.999927458922039	0.999920517980458	NA
1.00072174206758	1.00098487635538	1.00054534710361	1.0009379996987	0.999953596013659	1.00090846038137	NA
1.0003122740123	1.00037482189558	0.999830479665231	1.00029426662993	1.00038148902605	1.00088252467579	NA
1.00028447030674	1.00025823556645	1.00020301724754	1.00030776888802	1.00042881147811	1.0006023003082	NA
0.999984996732794	0.999667755311209	0.999936461534732	0.999771771631959	0.999763450658913	1.00005216177996	NA
1.00089971317442	1.00024758733488	1.00037370700578	1.00000619186901	1.00016517289125	0.999976876441032	NA
0.999876969470157	1.00235079018595	0.999808711811703	1.0001622610564	1.00082091346787	1.00002343659773	NA
1.00030557875811	0.999923811279189	1.00024575878526	1.0003654779353	0.999807887379821	1.00055153429885	NA
1.00042147747682	1.00023468857354	0.999893635378946	1.00005217690581	0.999923255256779	1.00025385213095	NA
1.0003970081978	0.999934562179664	1.00007283715078	1.000325708399	1.00122213606368	1.00075622241048	NA
1.00000019652286	1.00062730034063	0.999774702682215	0.999789159375429	1.000107846099	1.00026163941382	NA
1.00008475575316	1.00017785406928	1.0005317993927	0.999944480049868	0.999915960769207	1.00030500231553	NA
0.999742403782811	0.999998493282191	1.00022720789102	1.0005838055314	1.00039308630865	0.999965057900739	NA
1.00024608400851	1.0001763173949	0.999842930718746	0.999946652412957	1.00011324616579	0.999974662305116	NA
1.00018599915397	1.00171029696151	0.999689698460177	0.999938439759644	0.999820740232053	1.00047497179174	NA
0.999965283690379	0.999863497469808	0.999999542899408	0.999894245684068	1.00047965856441	0.999919892965028	NA
0.999983923012607	0.999954314172413	0.999879089804662	1.00068897944704	1.000059239976	0.999989459037041	NA
1.00012756088761	1.00010026702139	1.00038074211694	0.999925918269234	0.999761891268899	0.999731369875421	NA
1.00003929275164	1.00056350004028	1.00046887481444	1.00004709119109	1.00055941873597	1.00001837936877	NA
0.999733345092281	1.00004400219799	0.999980514975316	0.999916385104474	1.00045842812678	0.999859073185692	NA
1.00052348321252	1.00058386457598	1.00004326764612	1.00079336852727	1.00033654789492	1.00066732158659	NA
1.00005340791678	1.00017485179221	1.00007172858085	1.00028698369427	1.00025812764523	0.999916341194856	NA
1.00004505160158	1.00025444295249	1.00023191999549	1.00015152154307	1.00035064804049	0.999944793372219	NA
1.00033607823473	1.00002956116756	1.00004987892895	1.00009069092973	1.00040532795178	1.00085605890818	NA
1.00031930960781	0.999960061181931	1.00007180116359	0.999769582858105	1.00045135500809	0.999817370349235	NA
0.999891986049606	1.00005029885894	1.00011602926152	1.00017409902438	0.999956519154571	0.999802280575871	NA
1.00020099585851	1.00008088466726	1.00084994332486	0.99988350348539	1.00060405168288	1.00016561270254	NA
1.00059136704185	1.00053621524986	0.999724943308877	1.0001088452409	0.999721215703898	1.00016863110011	NA
1.0007209963221	1.00009611956627	0.999974080648501	1.00002035705384	0.999867623349838	1.00023310348577	NA
1.00007325309404	1.00006361606	1.00006358636083	1.00022272815357	0.999856005058599	1.00045143809276	NA
0.999905750479469	1.00028186774271	1.00005865246626	1.00094886777997	1.00050444492835	1.00032177885664	NA
0.999826612453186	1.00043419888502	0.999963938563048	0.999680772014346	1.00000551709054	1.00069374638137	NA
0.999894741930757	1.00032010517173	0.999897985786829	1.00006123088831	1.00093347163234	1.00129789676402	NA
1.00045593005457	1.00003688581061	1.00019593140173	1.00066984330887	0.999757418180879	1.00016257033548	NA
1.00053094956066	1.00066930349837	0.999864404278278	0.999983618934727	0.999784295987553	1.00005619213314	NA
1.00036243265194	1.00032824588517	1.00003861660048	0.999832288499187	1.00062665322868	0.999930905389553	NA
1.00024418661791	0.999732418046108	1.0009516344059	1.00039933990885	1.00024980194406	0.999920502587346	NA
0.99970584953361	1.00007859575394	0.999811429658629	0.999848085176759	1.00016453901889	1.00036720321212	NA
0.99978645378448	0.999969658360642	0.999968002584268	1.00102872333016	0.999992685969909	1.00033230046433	NA
1.0002307470835	0.999724267535143	0.999950091805051	1.00023609112303	1.00008261477937	1.00177562379605	NA
1.00001600575406	0.999924020185906	0.999902659816996	0.99988937055182	1.00001451013055	1.00007086673463	NA
1.00110293030327	1.00026374681557	1.00024878725389	1.00125062339441	1.00082761441375	1.0009474817493	NA
0.999941943769664	1.00003617822286	1.00050475810486	1.00056906351026	1.00098448657467	0.999980628284107	NA
1.00034106419785	1.00002402288915	0.999853107944805	1.00048453974508	1.00153321941665	1.00011550729583	NA
0.999853104573042	1.00040115445374	1.0002176505155	0.999958295266144	0.999778616537628	0.999880530427419	NA
1.00014736267589	1.00039618293861	0.999753167751981	1.00031825747702	1.00055185828736	1.00002565464458	NA
0.999988447603079	1.00014099504585	0.999875330823754	1.00047075353701	0.999858954024159	1.00033086679968	NA
1.00015889061741	1.00033272333699	1.00042695498078	1.00034378265449	1.00039598587071	1.00056658499416	NA
0.999824223167399	1.00060580628649	1.00014327024904	1.00032562907564	1.00034112871986	1.00034030042743	NA
1.00028494477908	1.00033454273374	1.00002147382615	1.00002142509552	1.00007987187975	0.999823855450591	NA
0.999691867983398	0.999871372189521	1.00026294651095	1.00035251440088	1.00106485971248	1.00027956406838	NA
1.00453369294383	1.00156216778163	0.999907515788404	1.00110515958626	0.999740230414017	0.999879165769403	NA
1.00010463580999	1.00023297366894	1.00000440998031	1.00021872369754	1.00076335002514	1.00004908191393	NA
1.00009535693263	1.00004682310723	1.00024749480344	1.00036851833251	1.00069396191952	1.00027590478014	NA
1.00016356165608	0.999760609762312	0.999902070970118	1.00024896972257	0.999777458886865	1.00061165094068	NA
1.00031937448219	1.00021759965238	0.999914162133561	0.999819494543893	1.00015908809944	1.00065846741033	NA
0.999969109726371	0.999985825536963	1.00002064828976	0.999861584878937	1.00031424398501	1.0003239513698	NA
1.00013432627917	0.999890651073622	1.0000743712882	1.00041070925709	1.00022364174593	1.00061892442966	NA
1.00027085578855	0.999991121736457	1.00025354761158	0.999860849889427	1.0010809747536	1.00025264288604	NA
1.00042820006505	1.00003281308423	1.00042981353991	0.999981780200496	1.00002024334207	0.99989619877078	NA
1.00001863133542	1.00019505004537	0.999954574698297	1.00007303785664	1.00037842226336	0.999872919441071	NA
1.00041381937622	1.00019593499587	0.999662248504709	1.00037547836154	0.999978413882996	1.00013207457687	NA
0.999870764605947	1.00071417750132	1.0001800831215	1.00053889475454	1.00057763133249	1.00029070444696	NA
1.00026252433423	0.999894858424712	0.999935038182746	1.0003319861292	1.00012333523005	1.00050206940944	NA
1.00081185447059	1.00088356191967	0.999699570944538	1.00010729464528	0.999837401900918	1.00008832017516	NA
1.00009670591226	1.00022678449221	0.999940700160662	1.00048843445567	1.00063404231683	1.0001283667896	NA
1.00020778598313	0.999932762587051	1.00026203821273	1.00053112818889	1.00043617388189	1.00085641245592	NA
0.999806078967611	1.00006888806287	0.999807994200803	1.00048451866402	1.00069661487577	1.00036381980495	NA
0.999895747990941	0.999827228622554	1.00005960793366	1.00054918647669	0.999892135012567	1.00009060274315	NA
1.0003089051247	1.00073292157866	0.999818282422004	0.999877981505115	1.00046724513912	1.0000740483882	NA
1.00003802496181	1.00127517015456	1.00023918289062	1.00056459172163	0.999742845771336	1.00017802174616	NA
1.00106200620531	1.00126809885252	1.00023309838264	1.00101507120941	0.999828771734483	1.00040008366012	NA
1.00110013748239	1.00057057093488	1.00018290497551	1.00090335571141	1.00004790358897	1.00038244329925	NA
0.99967286630203	1.00008809438111	1.00022104065831	1.00093334604578	1.00119849023109	1.00020849056021	NA
1.00012375337194	1.00098503750779	1.00044156879322	1.0001596054185	1.00041338388584	0.999955659039341	NA
0.999802832226554	0.999894724140778	1.00027534055897	1.00010370701092	0.999972761594411	0.999923362906049	NA
1.00087990602519	0.999855701777196	1.00036098101022	1.00094688854673	1.00033976289911	1.00011875510098	NA
1.00025759022909	1.00019699651225	1.0000009738596	1.00041312499852	0.999956304296156	1.00110366062549	NA
1.00033837467245	1.00025772994576	1.00060509403231	1.00035525036396	1.00005025572889	1.00017607634028	NA
1.00029529743152	1.0001299801798	0.999904122008736	0.999868650343685	0.999881000550962	1.0000428394476	NA
0.999942891706774	1.000025133843	1.00018349767512	1.00016277886486	1.00107064447628	1.00065008139493	NA
0.999896460514306	1.00038611361015	0.999964949326744	1.00041206642018	0.999994198623646	1.00020099109841	NA
1.00010011794483	1.00038987555481	0.999967201880721	0.999858519286782	1.00071648855077	1.00094220692481	NA
1.00008883487695	1.00009067857148	1.00002056909641	1.00028469810068	0.99969324179929	0.99986724503475	NA
1.00003945010683	0.999946156504216	1.00035748581253	1.00074519789351	1.0001169361875	1.00040723267754	NA
1.00039470445376	1.00011896787435	0.99982308023391	0.999950344194628	1.00056039262772	1.00000132908406	NA
0.999790612007852	1.0005480446788	0.999915063339538	1.00001073806916	1.00040802582725	0.999901869207968	NA
0.999971893506396	0.999720534700409	0.999745822648187	0.999811884154594	0.999920654571431	1.00002779679718	NA
1.00024301707283	1.00117097642742	0.99994335328934	1.00040514641266	1.0002674882401	1.00045791206245	NA
0.999925334229725	0.999767152039217	0.999761351758009	1.00004174561371	1.00042649074059	1.00092795405969	NA
0.999899398603889	1.00128365847628	1.00019115456669	1.00052902903333	1.00027033529707	1.00014010718781	NA
1.00033774424297	0.999912205754288	0.999987126257429	0.999979129333539	0.999831728827373	1.00053135611462	NA
1.00001210501361	1.00090258047414	1.00032679852382	1.00075787113036	0.999956407300962	1.0014365458206	NA
1.00045414306231	1.00028317930116	1.00005917372261	0.999845281327043	1.00007289837881	1.00038061884233	NA
0.999930791835969	0.99976551207348	0.99972937953092	1.00019888951901	1.0001664299998	0.999935693247176	NA
1.00037888534469	1.00031598794897	1.00024832741963	0.99990584266078	1.00090866975396	1.00003976684153	NA
1.00104010711118	1.00125932646711	0.999940801457334	0.999630684072826	1.00050366325654	1.00035139728965	NA
1.00049887574611	1.00006995448027	0.999937138892124	1.00031583468488	1.00039024137047	1.00035856183296	NA
0.999942871423515	1.0000487338183	0.999726635687997	0.999699404903896	1.00060117566227	1.00078968610923	NA
0.999902707489943	1.00084312865897	1.00032648652688	1.00116449754563	1.00037793575231	1.00021690053117	NA
1.00042126250025	1.00041158559576	1.00053693734929	0.999923378469596	0.999883003354729	0.999960935920149	NA
0.999882998868842	0.999755799243132	1.00073435298771	0.999755505046048	1.00045315226578	0.999810307071471	NA
1.00010302543426	1.00027393571242	1.00019449126041	0.999982211421338	1.00052452389178	0.999894223828144	NA
0.999800157546642	0.999720356626698	1.00005158751742	1.00019531758005	1.00038380855943	1.00014797547785	NA
1.00053399768199	1.00002543244955	1.00012202681554	1.00044615406135	0.999797612472059	0.999947421061899	NA
1.00033899992438	1.00019176961921	1.00020619813663	1.00053460582737	1.00020409603226	0.999980854826784	NA
0.999927986387882	0.999951203142327	0.999975327262083	1.00027768899076	0.99987090232887	0.999700809463136	NA
0.999922967796947	1.00015438814312	1.00022866519752	1.00015600737841	0.999991582344487	1.00025667682141	NA
1.0006367719981	0.99975761875642	1.00028928050785	1.00019760566001	1.00004575054998	0.999830598925996	NA
1.00055515916126	1.00017110100103	1.00026547489469	0.999997188679426	1.00075889736293	0.999946238810065	NA
1.00006755905889	0.99986019570822	0.999840360890718	1.00059855427895	1.00013253284331	0.999731119772868	NA
0.999814686613268	1.00010401851783	1.00003721714093	1.00031800558637	1.00002996483637	1.00004891729145	NA
1.00005089478459	0.999765880772476	1.00020921308633	1.0004486942216	1.00071170252608	1.00001067299698	NA
1.00016567852426	1.00068851263476	1.00009861559425	0.99993521298814	0.999964238811097	1.00006034672051	NA
1.00069311354821	1.00019291240193	1.00004797941043	1.00007517159972	0.999830083236263	0.999843428656803	NA
0.999801857976326	1.00004748884996	1.00041756179178	1.00041249729412	0.999984482823418	1.00072353798826	NA
0.999956936927197	1.0000258886279	0.999999453646842	1.00035681691404	1.00059569811848	1.00105012217177	NA
1.00028388427612	1.00015494339419	1.00034010862258	1.0003562365051	1.00005569614899	1.00022741369892	NA
0.999920890025116	0.999938297607632	1.00008668610465	1.0000248382612	0.999816378146013	1.00003574683953	NA
1.00029258434904	1.00014459501811	0.999919574842428	1.00110337895457	1.00013632300126	1.00098994523672	NA
1.00037680855968	0.999830328423455	1.0001422236474	1.00000304037151	0.99996036950803	0.999757482496734	NA
1.00043655318854	0.999760629960613	0.999859885837936	1.00002008408083	1.000033249662	1.00048283487365	NA
0.999928531229821	1.00021937479179	1.00008431177204	1.00014481813114	1.00082118537467	1.00018388652993	NA
1.00024347392493	0.999959796302382	1.00001034942318	1.00029604163441	1.0000662880628	1.0006832195064	NA
1.00011534202156	0.999869736401151	1.00064537981842	1.00023704085272	1.00082606369761	1.00001819743465	NA
0.999766922575209	0.999888527988727	1.00023092227939	1.0001845721162	1.00100634654614	1.00009694635913	NA
0.999981831349625	1.00018620464846	0.999945407625225	1.00036379847715	1.00004850999077	0.999865935370051	NA
0.999997231794886	0.9999770206601	1.00059294577893	1.00056046160172	1.00005990470298	1.00034742206417	NA
1.00004386402162	0.999954372768378	1.00027915973539	0.999826383690524	1.00055658756811	0.999878766376255	NA
1.00014440341084	0.999983076709575	0.999804309893741	1.00055638708219	0.99985331350706	0.999925220276261	NA
1.0003515591798	0.999995224036697	0.999757272041213	1.00076713645511	1.00019923868844	1.0003669414197	NA
0.999981048770058	0.999956189186042	0.999728856808285	0.999859697452105	1.00002924702206	0.999825071430869	NA
1.00022785540112	0.999934075493686	0.999968384671837	1.00056263932694	0.999834275801903	0.99994092594476	NA
1.00054437624321	1.00034578008145	1.0002701075226	0.999882738408569	1.00025799346632	1.00006966481596	NA
1.00028094638685	1.00004293805776	0.999876686736444	1.00044019678652	1.00112936242169	1.00059225943166	NA
1.00020485420891	1.00000335283596	1.00026340808842	0.999958097534553	1.00030247648466	1.00008424159031	NA
1.00017449403229	1.00015864041626	1.00025767596816	1.00006279718792	1.00071022857285	0.999880141502208	NA
1.00068271717402	0.999930285535787	1.0003786555947	1.00031786682116	0.999884186029772	1.00056436084206	NA
0.999943662910977	1.00033700434895	1.00023247882852	0.999914023653593	1.00009464046167	1.00084552670248	NA
1.00020887921763	1.00048192372251	1.00014333278851	1.00054191163817	0.99997421306836	1.00038602599002	NA
1.0001696819362	0.999922094932662	1.00030162319828	1.00030685838554	1.00040616908272	1.0000047850474	NA
1.00019988077779	0.999806223182621	1.00022532622509	0.999956207607105	1.00044720440553	1.00033927222381	NA
1.00016248032014	1.00000082310115	0.999946387229167	0.999932325953625	1.00010621044487	1.00025910805913	NA
1.00055080466698	0.999777856054419	0.999971638603332	1.00010783171986	1.00003447492925	1.00005053275299	NA
0.999861261509134	1.00015569092376	1.00009902283235	0.999756612401847	1.00015950960109	1.00004113969549	NA
1.00048424955218	1.00014440481341	1.00065713598166	1.00005349566234	1.00054781572826	1.00084954432595	NA
0.99987909660226	1.00053021980785	1.00039569656553	1.0004597008669	1.00040013399004	1.00026888445838	NA
1.00036688378812	1.00010965947348	0.999899502413801	1.00031687215427	1.0001449477091	1.00025307137014	NA
0.999803657828972	1.00020657569862	1.0000638318558	1.00054123002702	1.00019487080238	1.000024731642	NA
1.00044909717071	1.00068914641612	0.999982868068917	1.00022636102329	1.00078075091737	0.999758670255657	NA
0.999998443404265	1.00037886181491	1.00016760391668	0.999853421371452	1.00036607034685	1.0004143288307	NA
1.00003519957763	1.00031009377419	0.99985638104854	1.00003423856416	0.999732698927892	1.00083877470138	NA
0.999840918286219	1.00014883648938	1.00017770377535	1.00120710892618	0.999822036172506	0.9997734337804	NA
0.999815824468429	1.00027495871617	0.999929087412914	0.999900741891946	1.00030374149225	0.999968601300716	NA
1.00087343672387	1.00001690290617	1.00002881721628	1.0007258451025	1.00050848018745	1.00045977062964	NA
0.999804053669883	1.00040314591445	1.000667085305	1.00029895655627	1.00093267808931	1.00060115384495	NA
1.00077482072986	1.0001156529439	1.00011146457248	0.999981891380305	1.00016500514413	1.00004388972726	NA
1.00024341893671	0.999968118977114	0.999972444491116	1.00037842315837	0.999769269363284	1.00118722472706	NA
0.999881353142033	0.999993647808892	1.00024463735103	0.999857171670819	0.999959161255921	1.00050007051298	NA
1.00011914162982	1.00027401964857	1.0000650331923	0.99970078156702	0.999946511870041	1.00015227628451	NA
1.00014533251715	0.999800555525462	1.00001530129374	1.00030922344692	1.00061524018012	1.00009443812246	NA
1.00005692241501	1.00003689678507	1.00013411857236	1.0002557615776	1.0001974199598	0.999854076489233	NA
1.00029550816376	1.00027457603468	1.00008396160994	1.00036737700168	1.00126875704275	0.999982394176196	NA
0.999855291164678	0.999951862351145	1.00019313118997	1.00010501007204	1.00007283305255	1.00048593285696	NA
1.00106310256286	1.00085885379694	0.999833568666772	1.00004211162489	1.0008903613485	0.999987571682859	NA
1.00064385889899	0.999792086248311	0.999832813859655	1.00057601492661	1.00006549848373	1.00078354485086	NA
1.00007897598828	0.999990984971987	1.00021873220711	1.00022470215246	1.00020815142243	0.999938853365753	NA
1.00027732393094	1.00028785984948	0.999987881701544	1.00004080044537	1.0006209846869	1.00046908200117	NA
1.00058030750938	1.00024231445918	1.00000482543362	1.00036917242516	1.00089742268042	1.00025445587352	NA
1.00028347107329	0.999810405866277	1.00037735399997	1.00046882740418	0.999941914003242	0.999999107545563	NA
1.00033380212778	1.00015909323781	1.00042521001186	1.00057367681504	1.00027011027585	1.00065422405809	NA
1.00006257255763	1.00026248370925	1.00003340547399	1.00018794901303	1.00015606769862	1.00024152748805	NA
1.00041983699791	0.999935511140614	0.999839070787998	1.00033504368956	1.00026433066803	0.999892018535761	NA
1.00038534812745	1.00060010957261	1.00031292942219	1.00021435360605	1.00045095620538	1.00045631875828	NA
1.00005892057888	0.99973345893611	0.999819916093722	1.00047096407336	1.00027086237008	0.999850484664058	NA
1.0001153425357	1.00044173927924	0.999779643148097	1.00029796192201	1.00058999232668	1.0002914164959	NA
1.00026781665571	0.999951390973704	1.00006495056335	1.00086667094084	1.00021967752883	1.00026355302287	NA
0.999858126724365	1.00002734823079	1.00031636041643	1.00039567009909	1.00009174872921	1.00040713498583	NA
1.00001447781813	0.999930434280161	1.00000644840034	1.00035275439348	0.999730579536491	0.999779880994125	NA
1.00008386055421	1.00018094246107	1.00007935774035	1.0008569806377	1.00074994879528	1.00059741548285	NA
1.00013076255903	1.00026610746911	1.0005810110476	1.00074348094284	1.00075167961078	1.0001048369079	NA
0.999904814097112	0.999917329999352	0.999937385056204	1.00052865077408	1.00007056847537	1.00017602645125	NA
1.00009775024795	1.00031569405991	0.999960393552379	1.00000887455225	1.00023112441199	1.00031822700955	NA
1.00069162380751	1.00017868491742	0.999749419950998	1.000222936986	1.00029350692004	0.999773816171088	NA
1.00017047543744	1.00071955855572	1.000114663911	1.00009997082118	1.00059555624605	0.999934108275465	NA
1.00003094522794	1.00037542700665	0.999873580145963	1.00034014661054	0.999932775667465	1.0004748720471	NA
1.00016366712071	1.00063656564717	1.00032518884054	0.999930623561272	1.00103945335105	0.999905748087663	NA
1.00028733384712	0.999945316832599	1.00008601264064	0.999997291458049	0.999922352481541	1.0001460756738	NA
1.00223190994476	0.999845011899176	0.999934070494608	1.00014474530179	1.00073597666298	1.00018410461831	NA
0.999806114451503	0.99991555564182	0.999976341360037	1.00142979280882	1.00002028666367	0.999806576715658	NA
1.00004649829965	1.00068792892174	1.00003865089363	1.00029249909658	1.00089955498397	1.0006748748537	NA
0.999850152681484	0.999999746093223	1.00040329639538	1.00035318287321	1.00077498894528	0.999983487341546	NA
1.00012283044926	0.999819975795686	1.00005943918147	1.00050868074543	1.00072458154242	1.00016935014627	NA
0.999950426082677	1.0006534058589	0.999886476067636	1.00019077610448	0.99987458622227	0.999988070189406	NA
0.999895306469584	1.0005242037482	1.00006686671666	0.999814160860592	1.00007169308826	1.00016201856769	NA
1.00023495629399	0.999859800569565	1.00003963320788	1.00016942910714	1.00031775583723	1.00053771712592	NA
0.999721492484269	0.999727679967989	1.00013857727321	0.99994170826856	0.999980386821606	0.999905650166546	NA
0.999946889224799	0.999801644102341	0.999766827306461	1.00037948668463	1.00074772306613	1.00061756604466	NA
1.00054216772058	0.999756018973259	1.00079200294146	1.00056965564328	0.999824860677718	1.00072088268475	NA
1.00019657738104	1.00000699208887	1.00024138654117	0.999851069301238	1.00051293409277	1.00036119487233	NA
0.999733201111321	1.00031136655047	1.00021318568732	0.999626300076247	1.00046531740082	1.00002239886742	NA
1.0002043058251	1.0006250910014	0.999801480721234	1.00051924697771	1.00039187341279	1.00006997775138	NA
1.0000377867402	1.00021323673831	1.00017969303573	1.00064728680748	0.999742226144209	1.00003058515213	NA
0.999911605867845	1.00086277733204	1.0004784699026	0.999734153581842	0.999905287324314	1.00030132177751	NA
1.00077707403134	1.00001710500421	0.99989838540007	1.0004278341483	0.99984089431314	1.00045854685819	NA
1.00025400467522	1.00051356076451	1.00009818342528	1.00036401814018	1.0003763373754	1.00023176399802	NA
1.00019952675148	1.00048260450574	0.99986504888392	1.00062027764522	1.00015335745433	0.99973738181355	NA
1.0001033677474	1.00001991813903	0.999746912866652	1.00056889391068	1.00010733107208	0.999978145870468	NA
0.999884748260929	0.999817810927037	1.00013976500787	1.00052236234511	1.00064507551835	1.00030754311783	NA
1.00015388976334	1.00008408326076	0.999963697786753	1.00042244165507	1.00042471402442	1.00115039924111	NA
1.00004829405554	0.999902487653272	1.00071967430923	1.00007295127575	1.00113703686473	1.0002955678802	NA
1.00005389386371	1.00060440370838	1.00019458446394	0.999974879222262	0.999818834132664	1.00018009737823	NA
1.00058982419804	1.0001175276732	1.00072555425129	0.999691542857571	0.999826201704978	1.00004792881864	NA
1.00017403524379	0.999965498450525	1.00015822833428	1.00037646883379	1.00006763588206	1.00069463896463	NA
1.00066852680004	1.00016113485743	1.00017715573287	1.00061238759666	0.999951661927333	1.00026035143105	NA
1.0000879819312	1.00028119061847	1.00008807283698	1.00059662776174	1.00039492123008	1.00028283088791	NA
1.00033017664962	1.00001676771421	0.999954764823306	1.00007442629692	1.00008628574553	1.00027649836251	NA
1.00005048035059	1.00011189158564	1.00028616213448	1.00026194290141	1.00022050126819	1.00023563580579	NA
1.00069924900545	0.99990547928896	0.999761140976593	1.0001884121703	1.00007902035722	1.00031196669142	NA
1.0000611369449	0.999798813065116	1.0002009439284	1.00035009052728	1.00007508662239	1.00001333259141	NA
0.999955280370178	1.00117397566182	0.999838153065894	1.00007784438878	0.999856686370038	1.00025543055307	NA
1.0002599188097	1.00127977203926	1.00048731034067	0.999996622226299	0.999895474292525	1.00023679606396	NA
1.00070284072752	1.00164376658765	0.999907909267278	1.00037491221387	1.00016985347926	1.00070447457025	NA
0.999755130077603	0.999791674242384	1.00001716353823	1.00017284832893	1.00008178493248	1.00006206316891	NA
1.00037510851292	0.999790534664363	0.999845749306087	1.00037622535572	1.00035601037288	1.00017716893935	NA
0.999796574825888	1.00005291831928	1.0001046322585	1.00065958911801	1.00052453915314	0.999910767243181	NA
1.00008496212597	1.00022819826365	1.00001778465842	0.999863673235774	1.0010659839548	1.00033494751415	NA
0.999887079819922	1.00056216245754	0.999950971796862	1.00013574157387	1.00056873109303	0.999850667016992	NA
1.00039138505906	1.00054024623072	1.00039850941458	1.00025074433546	1.00002654900637	1.00008150274187	NA
1.00004512671908	1.00002955799166	1.00058629221614	1.00083568028432	1.00017659359456	1.00012022122145	NA
1.00024338792214	1.00020539208766	1.00020419916811	1.00038114532661	1.00006057215603	1.00026440019199	NA
1.00052728122553	1.00018596723253	1.00003864550317	1.00055683355936	1.00000182109785	1.00003078079933	NA
1.00005801625791	1.00034800396913	0.999852167557701	1.00025989166476	1.00019460708513	0.999760863739946	NA
0.999682344809818	0.999895256727138	1.00000311961742	1.00004767697384	1.00022082406223	1.00046663429769	NA
1.00006219137592	1.00015923714073	0.99989919748227	1.00010073762325	0.999706765148459	1.00047968126806	NA
0.999796127578403	0.999724534591156	0.999986808972109	0.999814364635242	1.00011743866946	1.00027873472023	NA
0.999709935900814	1.00053248334811	1.00034851203888	1.00009880791203	0.999891803013895	1.00009640874699	NA
1.0003969905537	1.00010224302624	1.0000208566539	0.999726876247424	1.00019111899006	1.00017957350017	NA
1.00011442093696	1.00003713316916	1.00004480287134	1.00066991787917	1.00051287227725	1.00047327718979	NA
1.00005626644704	1.00009129711658	0.999762471943781	1.00082434883189	1.00046184714474	1.00011075750622	NA
0.999925506918645	1.0003783025878	1.00073570178853	1.00058936105986	0.999950629408421	0.999836116180879	NA
0.999754503789935	1.00003936745566	1.00032657000729	0.999959710823151	1.00071046286808	1.0002483163019	NA
0.999811675355733	1.00074937191226	0.999884014625133	1.00002472754294	1.00004714968819	1.0004745449667	NA
1.00028223819831	1.00062729475378	0.999869538044228	1.00071490328043	1.00018991254702	0.999897651505034	NA
1.00063562130551	1.0001321383402	1.00055131200499	1.0002903908724	1.00031864580627	1.00061015012792	NA
1.00046406317645	1.00086044467619	0.999958070352525	1.00000313636115	1.001004631463	0.999928547498556	NA
1.00018014371738	0.999819813470741	1.00040317010354	1.00045434461164	1.00032517698151	1.00019348296728	NA
1.00004807176311	1.00066526183616	0.999990175794536	0.999825207249354	0.999842026053286	0.999852781639814	NA
1.00123641362043	1.00066264587492	1.00054759820135	1.00074216706709	1.00018634150346	0.999792804862059	NA
1.00020992241553	0.999964369381959	0.999863729211961	1.00037588339844	0.99979844683768	1.00036335305095	NA
1.00007815847075	1.00033865557573	1.00043290466613	1.00022851010374	1.00051721434787	1.00109597385721	NA
0.999985339300455	0.999882579979975	0.999916533616223	0.999835670275365	1.00019056838771	0.999924093056138	NA
0.999973817194901	0.999813852585034	1.00000174342044	0.999922657562594	1.00028580003809	0.999798962103562	NA
1.00004242138395	1.00102115335252	1.000158716646	1.00009789065545	0.999860757164962	0.999789701552749	NA
1.00008959326099	1.000304842472	1.00008235104664	1.00047753935794	1.00024633037594	1.00022141618771	NA
1.00000401356477	1.00018471025487	1.00015236200217	1.00047500789312	1.00031553663211	1.00034641527715	NA
1.00017152365819	1.00058103251198	1.00021996737872	1.00072391484155	0.999986245135422	0.999831310833488	NA
1.00032330470472	0.999922839282586	1.00035216755236	1.00020715073276	1.00073610177948	0.999912480913075	NA
0.999948554814903	0.999821887521656	0.999921332305141	1.00067724759193	1.00002012045717	1.00017920693849	NA
1.00077928617789	1.00008181056491	1.000042550587	1.00033220801948	0.999789791682293	1.00070884371001	NA
1.00006008057335	0.999985823836113	1.00050077099747	1.00012138661872	1.00015413544927	0.999969891700572	NA
0.999962490708763	0.999853918880631	0.999848551016799	1.00020129359977	1.00004641748657	1.00019412508831	NA
0.999896187904128	0.999776755739177	1.00068488775324	1.00025825160974	0.999907454575335	1.00002432739378	NA
1.00140800302803	0.99990322632324	0.999981910667419	1.0000012492749	1.0006223532565	1.00030933158184	NA
1.00006191435242	1.00016447260452	1.00026998764878	1.00022678725896	1.00000279774519	1.00126906889117	NA
0.999940475004108	0.999853630023168	1.00020029549695	1.00038768732577	0.999886454854262	1.00034704274909	NA
0.999663713600572	1.00003397981637	0.999862183508115	0.999701100685013	1.0006385617506	1.00044385811161	NA
1.00013134243594	1.00021711483253	1.00018819313694	1.00019009932812	1.0007586352953	1.00021821568664	NA
1.0000909567347	1.00010796912259	0.999805783469171	1.00031850278752	1.00033124718638	1.00043212493406	NA
1.00000498800076	0.999754491477522	0.999890402564876	1.00089161857432	1.00058417351444	1.00035480113225	NA
1.00262180155228	1.00098154068124	0.999860921958112	1.00183694833298	1.00106397928135	0.999903539177165	NA
1.00085581999253	1.00036408554581	1.0005096309138	1.00023832941236	1.0003697408865	1.0004420432187	NA
1.00033168248449	0.999676683682824	0.999902777040641	0.999659340702655	1.00057274200708	1.00060000060586	NA
1.00055989611141	1.00000852249962	1.00017865171099	0.999914864538702	1.00107351008439	1.00008023584031	NA
1.00085546641969	1.00031311301256	0.999810836235896	1.00020528917505	1.00034042396099	0.999790557571176	NA
1.00016390147367	1.00009653731518	0.999682667855117	0.999994520536658	1.00029040105731	1.00004257348287	NA
1.00032424064295	0.999991436643414	1.00026183335431	1.00076860326094	1.00027183668183	1.00019707850965	NA
1.00014904516705	1.00001230207318	1.00037354974862	0.999912055341477	0.999895178117913	1.00026040168478	NA
1.00021408827572	1.00009300828184	1.00016327850202	1.00036158734401	1.00013900183344	1.00122909274987	NA
0.999910061087121	1.0000457787347	1.00010270422061	1.00071199478058	1.00007042947701	1.00050712998031	NA
0.999888996645698	1.00006695301508	0.999923156027063	0.999724649348205	1.00010176534961	1.00025775221252	NA
1.00071421352925	1.00022830227921	1.0004609569574	1.00028839316019	1.00043149396543	0.9996619686046	NA
1.00008169072066	0.999924977133908	1.00005125336877	0.999971997256486	1.00042449991062	1.00049304879044	NA
1.00000152350675	1.00006610042148	1.00064853088041	0.999921031463635	1.00018674450229	1.00017782166359	NA
1.00009018944198	1.00105239875309	0.999876084236236	0.999894722337373	1.00000078832686	0.999907529244318	NA
1.00001461491619	1.00024408357823	0.999853212688175	1.00019679045697	1.00050988318937	0.999988370776758	NA
1.00044020841836	1.00014719809361	1.00006967209414	0.999945740507002	1.00055257568214	1.00137559174419	NA
0.999825319501692	1.00051507329526	1.00019552350263	0.999922345922158	1.00008983400398	1.0001988843006	NA
1.00034985046051	1.00043087222622	0.999988523686388	1.00005673176208	1.00003530804121	1.00015367683107	NA
1.00005706170618	1.0003796679705	0.999759702161427	1.00008925313949	0.9999039365713	0.9998114579735	NA
1.00091018968774	1.00092881947754	1.00015664828947	1.00009248200585	1.00024288719238	1.00013514278614	NA
0.999878191579206	0.999784139382333	0.99991749656577	1.00057896316908	0.999774585226182	1.00004096553727	NA
1.00017128202372	1.00014452568052	1.00020470467999	1.00022064725239	0.999930576012562	1.00056590276795	NA
1.00031390039473	1.00029027712402	1.00050373239132	1.00059080634934	0.999933238647244	1.00043868473901	NA
1.00088928592966	0.999934246810229	0.999973958263584	1.00021993017693	1.00027794083781	1.00057915224516	NA
1.00024383475394	1.00006437936449	1.00028969706998	0.999814319126368	0.999951827088489	1.00015142120556	NA
1.00036066430929	1.00002145531019	1.00036418436637	1.00035405628572	1.0002795903198	1.0000611392404	NA
0.99996769248181	0.999986336339138	1.00033928328938	1.00028584786278	1.00036455837754	0.999815919573519	NA
1.00002307097211	1.00000690889609	1.00002974627122	1.00054078191526	0.999983395589024	1.00009042015817	NA
1.00120475684186	0.999939243049484	0.999836435460094	1.0001572269822	1.00118134007594	0.999922218144049	NA
0.999891343535219	0.999788080736632	1.0000467620995	0.999890435638606	1.00002050952921	1.00014052183063	NA
1.00076629529483	0.99973375472934	0.999760696757932	1.00007335121356	1.00010726648143	0.999878957765109	NA
0.999876181116189	1.00037855355363	1.00010573745745	1.00001330303118	0.999990424127331	1.00041255853045	NA
1.00033887517659	1.00068209372292	1.00011169310679	1.0001191316184	1.00011697886083	1.00020123174788	NA
0.999931568467947	1.00105520644734	0.999974856863645	1.00204380997638	1.00075076474139	1.00098895331187	NA
1.00023726272445	1.00034282118749	0.999799013526685	0.999793018450098	0.999818009355158	1.00013178636778	NA
1.00007806164892	0.999757902785083	1.00028043279811	1.00015116285775	1.00014055908396	0.999876642556993	NA
1.00050931242537	1.00070403673592	0.999983022077711	1.0001288930143	1.0007811524047	1.00031582645178	NA
1.00014542168522	1.00016012942569	0.999784654612869	0.999838981613651	0.999994952145646	1.00040422149928	NA
0.99990013127075	0.999895747021442	1.00027431653646	1.00023702322447	0.999668410317478	0.999823793654861	NA
0.999888214797155	1.00065466069977	1.00017056547654	0.999863993031236	0.999981084347351	1.00001904165336	NA
0.999959850917585	0.999704907863022	1.00044421672252	1.0000505632706	1.00090103763272	0.999863605215384	NA
1.00051996098371	1.00019945087546	1.00006694116038	0.999917802143746	1.00024009118943	1.00022978125428	NA
0.999883845041378	1.00015527263546	1.00047113933417	1.00024873048743	0.999735838422364	1.00003757700383	NA
1.0002386151758	0.999845769723528	0.999994263641068	0.999938405949726	1.0002089611047	1.00044851081332	NA
0.999999506047505	1.00016665143699	0.999953064475466	1.00066105279712	0.999969160736637	1.00032042538724	NA
1.00052542049565	1.00110230252571	1.00049805835792	1.00080547359651	0.999887161468342	1.00041690660264	NA
1.00074697057179	1.00021965750372	0.999845994567318	0.999947380277216	1.00040985872951	1.00004670618524	NA
0.999953611698577	1.00030869663614	1.00054787423923	1.00024736851412	1.00001891703437	1.00040972973241	NA
1.00042078723315	0.999908338532081	1.00001169981872	1.00105451852782	0.999991020467722	1.00111808542185	NA
0.999924551220607	0.999988874656759	0.999923504136519	1.00040506139985	1.00016798134944	1.00009620914036	NA
1.00054531285859	0.999953939783747	1.00006938090009	1.00002399153833	0.999994820672372	0.999806497236049	NA
0.999892705043272	1.00040520040345	1.00008901725511	1.00040476454682	1.00011097218906	0.999796233234424	NA
1.00035122048358	1.00018245608332	1.00033517861112	1.00080144016644	1.00013715338849	0.999982252890326	NA
0.999800772358656	1.00027567148387	0.999902108859954	1.00002252994502	1.00023012556754	1.00069051885992	NA
0.999841408713467	0.999760994998187	1.00008148158931	0.999943626091117	0.999831431420439	1.00004170147584	NA
0.999992952918174	1.00013613028216	1.00002786350976	1.00157334793935	0.999891022618295	1.00021020259643	NA
1.00007315832417	1.00042535309783	1.00005260487761	1.00031611360888	1.00034484582527	1.00028119180987	NA
0.999967665675125	0.999777159371193	1.00035026731786	1.00066717314148	1.00069157662011	0.999980032974204	NA
0.999920032789739	1.00016980506778	1.00015311250747	0.999839983815213	1.0007162213876	0.999746089787147	NA
0.999752234715406	0.999761846592013	1.00049532929393	1.00012282796793	1.0002740177067	0.999931525550986	NA
1.00045127952354	1.00005656480279	1.00047540760936	1.00000034464745	1.00010482967386	1.00030383570553	NA
1.00008436472984	1.00046813965869	0.999884080500137	1.00102948119693	1.00034747397699	1.00005027389346	NA
1.0004758305386	1.00034469879658	0.999777907603318	1.00032116638194	1.00023617175326	1.00022192389496	NA
1.000203475954	1.00099199883965	0.999715786145665	1.0012493231341	1.0001789065	1.0003618356729	NA
1.00040070593297	0.999834198740445	1.00019657861543	0.999992736990688	0.999800638390403	1.00022099949692	NA
0.999935445403566	1.00025517362023	1.00050148783779	1.0002323934825	1.0002791136367	1.00053660125891	NA
1.00033931609389	0.99992597535075	0.999711324548146	1.00017613467839	1.00022213523723	1.00030678555363	NA
0.999774460643985	1.00033468405132	1.00018179889748	1.00042929227498	0.999898929345136	0.999851435147732	NA
1.00011496235981	1.0006989206961	0.999791706911421	0.999739919404579	1.00038769796942	1.00008913568354	NA
1.00005513500714	1.0006268174664	1.00051532829388	1.00048598941978	1.00059002573761	0.999959727966367	NA
0.999905104860838	1.0002044277541	1.00061456666837	1.00008460888639	0.999812235236115	1.00002132827275	NA
1.00038210954785	0.999852087665411	1.00043384445217	1.0004886252091	0.99978797073613	1.00011619144067	NA
0.999682689364303	0.999831449161433	1.00058180207814	1.00018439032524	1.00119739164003	1.00004267875733	NA
0.999804877234746	1.00006669209217	0.999864568340179	1.00069710292683	1.00035449910202	1.00029174138384	NA
1.00004988169981	1.00014522715502	0.999990806426668	1.00011898620232	1.00016510898183	0.999850079421144	NA
0.999890049443442	1.00103602942934	1.00030193802018	1.0002814155336	1.00008319284178	1.00036286949239	NA
1.00008652071398	0.999745830990474	1.00064729912551	0.999948421326011	1.00013801026457	0.999733300018466	NA
0.999962761297808	1.00031369774278	0.999930329250086	1.00022011658395	1.00016433968926	1.00001587013182	NA
0.99986496142346	1.00004419621611	1.00012884674229	1.00050832261979	1.00020899688335	1.00013147812898	NA
0.99981042380536	0.99985335336121	1.00012328506045	1.00003340706935	1.00006086226588	0.999889135668003	NA
1.00019254609569	1.000161464316	0.999916309140198	1.00017433300383	1.00023539533969	1.00068507895381	NA
1.00088062533752	1.00014947324161	0.99992734243422	0.999945429859415	1.00074860285758	1.00094807342065	NA
1.00009325054519	1.00029425489834	0.999968417531749	0.999957613504535	1.00025229801817	1.00021959071237	NA
0.999887825765315	0.999898764063655	1.00037841313014	1.0000400335492	1.00021573623958	0.999946356030029	NA
1.00077700848682	0.999942818356397	0.999935855723556	1.00086096632673	0.999799591094882	0.999796026140552	NA
1.00030827874897	0.99971051277614	1.00005818707445	1.00032967810071	1.00078567541744	1.00040777537415	NA
0.999860435387676	1.00009079656856	1.00023814603806	1.00005119295026	1.00014996150325	0.999936432276122	NA
1.00007528041889	1.00067260385547	1.00020846198936	1.00084574275949	1.00057979358943	0.999923810465368	NA
1.00025020137054	1.000774776195	1.00032598824775	1.00043922012706	1.00000096794868	1.00040471859648	NA
0.999971160876647	0.999756209940329	1.0000237327666	1.00025922943033	1.00066390283354	1.00022305408134	NA
1.00028382335312	0.999985252675452	1.00011080674144	1.00006424840877	1.00009443533705	0.999977689654703	NA
1.0001344513453	1.00292203540767	0.99977647365301	1.00053209268142	1.00047339619903	0.99978504112318	NA
0.999911475962294	1.0001969913531	0.999667250835573	1.00011776967084	0.999871611490386	1.00005161250868	NA
1.00026499051035	0.999916914335179	0.999759443463118	1.00051955644742	1.00004942640277	1.00030036284311	NA
0.999781497262484	1.00021845852088	1.00089101587109	1.00005933859001	1.00019688852372	1.00017802719612	NA
1.00087774521849	1.00011993770717	1.000165187481	0.999866084055311	1.00057774998391	1.00047035044985	NA
1.00017318582021	0.999897737610737	1.00017521475998	1.00096446183532	1.00054487277109	1.00011873349358	NA
1.00018749314014	0.999965992991535	1.00062882611919	1.00034440044054	0.999957681856479	1.00003354493996	NA
0.99980153013092	0.999921631002131	1.00034085417504	1.00045469716858	1.0001345272708	0.999697799035108	NA
1.00004961870954	1.001150709794	1.00010613696503	0.999924597410507	1.0003576703548	1.00068586190135	NA
1.0001421796518	0.999878600634327	0.999792524729675	1.00011213863064	1.0000156081456	0.999931438573498	NA
1.00045878874205	1.00012778488967	1.00026962920488	1.00008146738367	1.00051453311081	0.999935401271325	NA
1.00004699942951	1.00013678144385	0.999956807508644	1.00012849585393	1.00014009866563	1.00067810503067	NA
1.00050509246636	0.99983431777294	1.00022186107394	0.999972503550164	0.999997970087062	1.00046386213116	NA
1.00009369793238	0.999851649524866	1.00016070041097	0.999811681802813	0.999966944030962	1.00005776585362	NA
1.00106775615234	0.999937504262602	1.00022450336746	1.00048756875264	1.0009817131108	1.00057601865259	NA
1.00004464340335	1.00042145247457	1.00074365628522	1.00071934169786	1.00006012547279	1.00034402470861	NA
1.00114015900016	1.00029408458326	0.999835647273525	1.00024881895574	1.000445359953	1.00042624193316	NA
0.999828728332937	0.999932245137899	0.999804135864239	1.00120947662287	1.00039201001705	1.00002081092617	NA
1.0004264509139	1.00006799510528	0.999906796073114	1.00044834934926	1.0003214499281	0.999965931749335	NA
1.00016614440227	1.00101317347785	0.999944799017234	1.00011414765006	0.999648933226601	1.00009413447566	NA
1.00022801421824	0.999823056338469	0.999978248741377	1.00103945838616	1.00047115659728	1.0003850032109	NA
1.00142397624882	1.00087313656264	0.999838237745367	0.999864258129465	1.00011339886506	0.999889246322678	NA
1.00007440771795	1.00024724156136	0.999797231599037	1.00028540225681	1.00026433641107	0.999939903971888	NA
1.00012566855236	1.00024527447437	1.000108147169	1.0002562355886	1.00065930783723	1.00011860324381	NA
0.99971172770947	1.0003827618987	1.00052456791572	0.999778696570838	1.00017324302722	1.00044211262149	NA
0.999985593145886	1.00114370736876	0.999688769901597	1.00069882157876	1.00028720485298	0.99983554586028	NA
1.00001127979644	1.00033433918419	1.00106531870539	1.00020694208647	1.00042745856108	1.00016104835246	NA
0.999976009246132	1.00022859715164	0.999861557146644	0.999779494767264	1.00035506323624	1.00007585695528	NA
0.999746705980062	1.00004201363405	0.999856009701956	1.00019046705032	1.00005397115422	1.00037660057592	NA
1.00011389548009	1.00029880450279	1.000344411249	1.00071290544388	1.00005502064171	0.999866782493724	NA
1.00028074352241	1.00012446485555	1.00030005749311	1.00040355229528	1.00042746513025	0.999775975721575	NA
1.00029069757215	1.00012438747379	1.00038176899053	0.999922787249378	0.999866204408993	0.999991331388979	NA
1.00036668730021	1.00014399630186	0.999881462565598	0.999849043111023	0.999982337210748	0.999920981822988	NA
1.00062807658271	1.00018494160623	1.00050076592622	0.999859233808149	1.00069983772865	1.00030293216019	NA
0.999965155082278	0.999816179631345	0.999786472410006	1.00004945107657	1.00003774577063	0.999908285817833	NA
0.999990883996531	0.999744971697914	0.999837618327989	1.00014939443859	1.00045972098822	0.999656379915669	NA
1.00082424612549	1.00062687763831	1.00011842118174	1.00091086054626	1.00124838830982	1.00009223311693	NA
1.00014774385719	0.99979652327442	0.999762997149062	1.00023568098394	1.0004589743648	1.00024424824238	NA
1.00127695947475	1.0002223296298	1.00038988781032	1.00047189275537	0.999829884764246	1.00050289619758	NA
1.00008578233277	1.0000953375508	0.999764555836221	1.00029779016663	1.00024485124583	1.00014462184202	NA
1.00018665371484	0.999955906204394	0.999794358148387	1.00008784382828	1.00031974448997	0.999898653994704	NA
0.999897530300528	0.999749931084094	1.00022277314948	0.999935047723465	0.999974311321566	1.00107315820581	NA
0.999779618331045	0.9999259939724	1.00048410142243	1.00009613516614	1.00008430832274	0.999982395524549	NA
1.00005563950423	0.999814841399479	0.99969223235114	0.999999857855614	1.00004401344479	1.00045283760726	NA
0.999886292935934	0.999902892975625	0.999974251217836	1.00015028118658	1.00004723326908	1.0005368948754	NA
1.00025745276105	1.00033277809935	0.999803303044655	1.00057233591535	1.00084150273147	0.999882357671554	NA
0.999962459428005	1.00001579795457	0.999881786798177	1.00005864119154	1.00034303196981	0.999846132441423	NA
1.00033580280103	0.999994183172004	1.00017452522881	1.00008322149449	0.999817161564701	1.00000432159203	NA
1.00003240494233	1.00008198271751	1.00034469537419	0.99978013698517	1.00027940434816	1.00001584358123	NA
1.00041335787858	1.00051808521193	1.00026032810714	0.999747291636601	1.00047714195762	1.00033426990082	NA
1.00045743179336	0.999987246791353	0.999953074337735	1.00030012970734	0.999731641892595	0.999852756156419	NA
0.999872476323991	0.99981547330429	0.999947335746425	0.99999172749889	1.00076640936457	1.00029539069306	NA
1.00046859579431	1.00063330340756	0.99994339728882	1.00038193367094	0.999890907113726	1.00093302302676	NA
1.00055969751757	0.999884437740332	1.0002980567489	1.00005887384073	0.999967086363493	0.999823543337575	NA
0.999907436553649	1.00029436934889	1.00048338533169	1.00009417107979	1.00012035218323	1.00041193148232	NA
1.00060167972574	1.0009305460588	0.999926932306764	1.00066131911508	1.0001608099169	1.00005632846154	NA
1.00002880235898	0.999886140182436	0.999854755332573	1.00053676853792	1.00010353654169	1.00009731841239	NA
0.999936413732608	1.00064246016076	1.00009770465704	1.00065755340054	1.00048129010012	1.00053044200303	NA
1.00030749269486	0.999901761232186	1.0004569718878	1.00026166276529	1.0001390656291	0.99984226281781	NA
1.00044523398009	1.00007895433122	1.00027983145078	1.00051199667988	0.99969642543697	0.999941257627694	NA
1.00017105161203	1.00017694113702	0.999832678261481	0.999966653185474	1.00004097274174	0.999786475433841	NA
0.999827783001945	1.0002402973913	1.00018823763932	1.00033890955475	1.00002912076113	1.00027940901339	NA
1.00056006429927	1.00005207903216	1.00027928299121	1.00036580240911	0.99992294188796	1.00171183186644	NA
1.00028517785678	1.00027970986663	1.00018244423111	1.00011081797966	1.00026138437058	1.00055361584273	NA
1.00016093562508	0.999931589145773	0.99998986187366	0.99979735334207	1.00000131950267	0.999915671666735	NA
1.00017715163712	1.00041858343283	1.00003285251285	1.00038753583872	1.00055284264089	0.999904136300698	NA
1.00027185994811	1.00006030114533	0.999770439629472	0.999886705635193	0.999998585541787	1.00018315135309	NA
1.00035700101792	1.00021376118699	1.00003552912539	0.999870102210454	1.00023689175647	0.999950529754292	NA
0.999798906519815	1.0000409623801	0.999873870942361	0.999911749113212	1.00019410020711	1.00015258556819	NA
0.999923942319427	1.00010717003044	1.00012042672582	1.0003577502502	1.00026560355958	1.00080487082389	NA
1.00070626485547	0.999890782136122	0.999852558248361	0.999860535211011	1.0002602123392	1.00012766653337	NA
1.00002426934647	1.00000308733778	1.00032041322473	1.00079515170059	1.00060610402914	0.999863994815346	NA
1.00008654406551	1.00091004199779	1.00027498144444	1.00041188815288	1.00027820038895	1.000199380942	NA
1.00028282353166	1.00050199817781	1.00031968520676	1.00097192529581	0.999997962093327	1.0003731658172	NA
0.999972334382089	1.00113511874894	1.00030651534992	0.9999720895022	1.00041481238471	1.0013960568767	NA
1.0008240627124	1.00026129510371	0.999873443334376	1.00039863850823	0.999814911024858	1.00002208178214	NA
1.00021180022811	0.99966542241489	1.00010023128215	1.00022050014354	1.0003374946132	1.00039845382057	NA
1.0000800952501	1.00044894179092	1.00007830562271	1.00058911432213	1.00028547797486	0.999695279807326	NA
1.00051674018945	1.00057005356245	0.999987581156838	1.00052500896174	1.00049392084248	1.00098827345087	NA
1.00032731931489	0.999731073366076	1.00012960309695	0.999917337095172	1.00053142471985	1.00024480222197	NA
0.99977328806651	1.00000266632498	0.999834200599936	1.00017069004661	1.00069400092042	0.999924325651196	NA
0.999793891631362	0.999735784286672	0.999964082079483	1.00009209015829	1.00035340244842	1.00076475419377	NA
0.999992605909039	1.00025561161528	1.0001808819012	0.999937253315369	0.999850432680273	0.999959603135101	NA
1.00010173398616	1.00001545345666	1.00033039733861	0.99989477327064	0.999787786028493	1.00077081856404	NA
1.00000394814978	0.999882312381004	1.00017041471869	1.00035350455554	1.00002172272981	1.00014558644731	NA
1.00066953647288	1.00330788206699	1.00008470288713	1.00075731036278	1.00074092234711	0.999930852670461	NA
1.00093690676317	0.999824711390722	1.00006949060051	0.999848831046994	1.00145612687932	1.00034288830302	NA
0.999814430021371	1.0005344427611	1.00061357623423	1.00011202290008	1.00032834286923	1.00023986632058	NA
1.00052596398037	0.999791175320936	1.00084837907866	0.999871001895435	1.00007603785666	1.00051565399457	NA
1.00053114679706	1.00080131135588	0.999866080894126	1.00159733985944	1.00074227664013	1.000448563102	NA
1.00084565629649	1.0007282123715	0.999754552243457	1.00069431157951	0.999996701498108	1.00069135399609	NA
1.00021681974512	0.999922811391003	0.999995493523919	1.00037527091144	1.00093508727807	1.00068252631471	NA
0.999712838315794	0.999902195606464	1.00042062270296	1.00002695964385	1.00018511004131	1.00025546076194	NA
1.00020144496178	1.00053231447041	1.00058692102758	1.00251084709544	1.00034873519901	1.00018744332473	NA
0.999942831980115	0.999948961263387	0.999826174490041	0.999970989421774	1.00018513982929	1.00031612997195	NA
1.0006728635396	1.00050909895685	1.00037128411724	1.00076441095719	1.00085128114047	1.00063545874653	NA
1.00017127459791	1.00006987928912	0.999655118489604	1.00040138834754	1.00004761129168	0.999906260366586	NA
