FMP	RMP	FPP	UPP	ANPP	NPP	ANCOVA
-0.107351722749682	-0.106064864947078	0.185624515961205	-0.052812533511237	0.00629281123100849	0.0074835300150763	-0.131015944187975
0.0927367994949057	0.0921370771008715	0.321704483475074	0.111971362761127	0.194126273530203	0.193994835590092	0.0102396738009301
-0.270442157359492	-0.279307978613347	0.137003080248051	-0.220130597114345	-0.0984113665252526	-0.10284159155108	-0.357399333688884
-0.0352711593679027	-0.0331326234600217	0.247709707511899	0.00821656662644439	0.0855947836924002	0.0848205256194231	-0.084686265594266
0.0337047959554786	0.0348405596027095	0.256325755991435	0.0381077597273327	0.124862305892159	0.112594209588147	-0.07632466780716
-0.0121798674458799	-0.0121047656258519	0.258881432953631	0.0302450836626879	0.0975629603180276	0.090176143458354	-0.0550208733108262
0.346471273117454	0.344163233269561	0.304105387397777	0.218106877636581	0.266261589624125	0.262858865408337	0.0463732239612248
-0.232684254058319	-0.233157977216999	0.0538944989684096	-0.186461906963256	-0.116924912146563	-0.11181247734683	-0.27006615095766
0.0133982906470417	0.0325591264240036	0.242676045541037	-0.0225368947886614	0.102765946781184	0.10952150215472	-0.209889150786023
0.32356375851233	0.329188454636541	0.297882325316531	0.196448794639945	0.252855702530924	0.251160586149474	0.020478468179191
-0.169358432557174	-0.165468531190914	0.216702433692486	-0.113072968756001	-0.0592437510997009	-0.0556022984691431	-0.180792528057993
0.455516450917857	0.453277436054686	0.400961271051359	0.392322513280516	0.400048547007776	0.403557153916917	0.231298093034628
-0.0621421494956719	-0.0671627609105341	0.266279384954934	-0.027820845866843	0.0216195729377367	0.021051741421157	-0.0789539151946452
-0.180404782638541	-0.180032135173875	0.156391513480843	-0.124262506829498	-0.050536892095714	-0.0530836974094311	-0.212835666798064
0.266233903628893	0.256381214231672	0.240137034540156	0.155019657291547	0.196135198355003	0.191917879497391	0.0261444746157697
-0.0170664172309989	-0.00515882009262382	0.194769796480556	-0.0234554369474133	0.0663866357723415	0.0534934048971789	-0.146525085558047
-0.112720414551024	-0.119147323560694	0.193095032708297	-0.081674870419216	0.0143448723874779	0.0111197839707189	-0.195189967476788
0.565474539167325	0.567050679867826	0.560184580287936	0.550970772051463	0.55443183885316	0.554199233007368	0.524906291419871
0.378851402642842	0.375755240642969	0.310454642384981	0.260968701358987	0.291852809303668	0.292573603416832	0.0757016491233045
0.479354327404781	0.477307026128516	0.433859703530496	0.426427473889642	0.433944789383244	0.429522472021081	0.308425919925922
-0.0307733339257764	-0.0307530088216888	0.171989876251785	-0.00185975592889999	0.0523898651261119	0.0462024702129435	-0.0587320093811038
0.30345997220274	0.290221451959391	0.27234858493099	0.14396243421845	0.215962024027984	0.214385454725741	-0.0838485607811025
-0.194627494068393	-0.201341798119483	0.1432594217846	-0.146275882923093	-0.0610235412368153	-0.0552282289670111	-0.246913231986961
0.0708630021353959	0.057506914906698	0.236194771900773	0.0499826153029403	0.12273376931396	0.124371464441901	-0.0723570090860138
0.273300483320282	0.264193184982378	0.314559913945905	0.15773650854793	0.236890995847721	0.228536381177389	-0.0133930108951827
0.382012814731741	0.380208544036848	0.317834043284058	0.251113886157866	0.291166960287178	0.289433895315513	0.0471333394884285
0.290447949364179	0.293814938775254	0.247168879560653	0.155981400783839	0.203277347357614	0.20315843365334	-0.0162503413261718
0.517452576287539	0.51797118282122	0.486977673557303	0.483175564878799	0.48517645994731	0.486677586971509	0.386290284846445
0.117347534349695	0.113587871211105	0.297138768331521	0.13951336292735	0.190349588079156	0.186037183269186	0.0879341505613747
0.30561252454707	0.316824650869977	0.353567194464136	0.220330383794661	0.286644976527569	0.288793885819278	0.0835921888357494
0.487618644360944	0.488290999557267	0.45775161454768	0.415865411691099	0.442554691667641	0.438536295638293	0.296772114170446
-0.201452771121178	-0.200392228486219	0.233971082609669	-0.140100291336562	-0.0142249422840142	-0.0195804536627116	-0.257791470179985
0.0389172325154616	0.0256323146360256	0.22081446141037	0.0285993809988347	0.100778297393856	0.0967525832530073	-0.0843354775563835
0.335396044374336	0.337875953245169	0.287585897457893	0.210945235394258	0.251565647754061	0.247467110719326	0.0326361086913026
0.440287386429417	0.435963149945218	0.418267298646225	0.368131055317125	0.392262828822143	0.39263125610473	0.268490187447998
0.400941946200874	0.403833510839529	0.338148192912673	0.294743407940774	0.32802077037242	0.328042982073286	0.121073798839363
0.23357600912196	0.227707397672912	0.229217003804478	0.0756028605064195	0.159702767153168	0.149155270217108	-0.164957858024281
0.262705904452601	0.255927405935938	0.283305939008524	0.153236398682058	0.217468280946529	0.218744945666578	0.0135589109760383
0.320269740207405	0.317217259120739	0.402763359272402	0.298093717877608	0.34131547032977	0.338598554647572	0.23655803187363
0.490888798217894	0.496077201167754	0.449723453232775	0.438673692766032	0.449427229972746	0.449406765583923	0.286577872884844
0.300939505322621	0.304134853061226	0.275412628747005	0.168818550203436	0.226031816402018	0.222763719133348	-0.00807047999862103
0.378985182725335	0.384823259876877	0.346666425222604	0.265178610535017	0.30980264779989	0.314285831778887	0.0831744090923135
-0.340502736753432	-0.353026478142236	0.162410725983995	-0.266736242830343	-0.127694572546064	-0.133355757706436	-0.41524102853018
0.375481876664933	0.374627210948954	0.396228035626119	0.309428731553986	0.346221324442692	0.349004343461575	0.202018536638478
-0.166076530321615	-0.167874275812011	0.181513569528469	-0.108511362908261	-0.0268262114814144	-0.0229421264780332	-0.209899172701512
0.271232915146146	0.277808506510598	0.327835550798189	0.211385582296784	0.264933727311634	0.263237349690003	0.102168651497048
0.205212469218787	0.205717853353353	0.286013202940828	0.0988458845150533	0.187754223913743	0.183250091874564	-0.0785372964707303
0.36014321456844	0.357404719880306	0.306972756657109	0.235228298141502	0.277007078028015	0.276491165962745	0.064269202780969
0.478723314473295	0.481627615073116	0.446442474229933	0.411768415442075	0.433408091826453	0.433301202298325	0.301425891198628
-0.0950769497029116	-0.0991709828746537	0.187568259188537	-0.0763592142165848	0.0191384681846022	0.017866402110191	-0.197196584832412
0.423995018453336	0.423864783755067	0.399654151387333	0.320681518932473	0.366662743927039	0.365659995829361	0.134359017075193
0.306153748470433	0.310101232412166	0.340229283283904	0.220024456749308	0.276372659701612	0.276476493473807	0.0655254983914993
0.0902160962627896	0.0957926406405167	0.186538589553654	0.0407045201074586	0.100537829482561	0.098872227259937	-0.0722209104831987
0.365920965025017	0.367198445912173	0.310231904539726	0.229939246495749	0.277837729819514	0.27580294515819	0.00341736457736999
0.172991762070919	0.173403236912908	0.227049232976767	0.0712663031137667	0.13874952694261	0.143793933814553	-0.0851335165316094
0.428459968620464	0.427014375407701	0.372013560528428	0.343525485516104	0.368793457404795	0.363825911601151	0.195833296577473
0.319515135060961	0.326667807195679	0.260763937434625	0.164797611725751	0.220242813866672	0.216138988291217	-0.0890904940437062
0.256529328088447	0.264027431451439	0.235074563068672	0.103530412371126	0.169544778130092	0.171849956626741	-0.0889053499300009
0.333642654059382	0.334534855811596	0.315286845296702	0.194089190374833	0.263358500153308	0.260294801029148	-0.0238113862553444
0.389688401846168	0.394133078687708	0.344542601060607	0.293205752942897	0.320563066567814	0.323094057564064	0.149679310454283
0.401686529024243	0.400678768525311	0.333526827618334	0.284281743504385	0.316697204489042	0.307298012448632	0.0142549873986301
0.351525514754194	0.347768231005698	0.273947244154788	0.217527123231685	0.25708218489223	0.254121140433958	0.0147810606962933
0.111642289778777	0.0984337029397696	0.240643353150393	0.0582422177542122	0.135532520407007	0.132055378084943	-0.0793536968352493
0.0537677249252435	0.070219543229922	0.156826998346834	-0.046598046858888	0.044829959960697	0.0504167108463825	-0.22795366198273
-0.126501799238904	-0.127239810366583	0.210955934095449	-0.0991424809922076	0.0110182672344748	0.0129841058633203	-0.23478511181289
0.018004919755281	0.0149475117321321	0.249209696873193	0.0302217396563505	0.106466594760479	0.104452592831934	-0.0886075214568284
0.39961112114775	0.405258271760699	0.35894729281765	0.28171884979401	0.327005478624412	0.330204713984774	0.0655995133217574
0.466935020621672	0.462999839299217	0.403318914410434	0.387559545472853	0.402246512352174	0.402650352848191	0.162613964891875
0.369470809390888	0.372335962316623	0.326264734457861	0.238497570552482	0.290696649529641	0.291784960354079	0.0111346043968072
0.327364538644387	0.313600599825769	0.374147797998292	0.232835854956308	0.303187760529744	0.300168131812815	0.0457630453342016
0.307769205766221	0.306829412129312	0.255481478600883	0.158369533089946	0.211289609853978	0.21398873675822	-0.0694316784682342
0.516201413037205	0.512204410518057	0.515223297138346	0.489897760980737	0.499229711401241	0.50054151918597	0.455482544904981
0.334873529150943	0.338583402909363	0.357452568341922	0.24625195383143	0.306088126538757	0.302154474374589	0.111228036284172
0.160349950960711	0.161312972585515	0.365302813177484	0.196546414669001	0.235260460656673	0.240773270889698	0.141807037703403
-0.0632687600187931	-0.0603040381888373	0.132480026170876	-0.0723627126483346	0.00236640162271886	0.00122853193355396	-0.183533174400785
0.418069158715643	0.418361421822013	0.392560613716025	0.327113678895083	0.363897027136853	0.359695532454436	0.206887568385984
0.279512744777429	0.28747478751404	0.302428308717905	0.199554285235938	0.246926424546458	0.244811078850004	0.0770897645635688
0.35032875425685	0.350861893887163	0.27077043809731	0.230876252453952	0.256491836185493	0.254869179661424	0.0251234066075764
0.370501354997006	0.368212756144795	0.376077751235172	0.261549603668082	0.321525015993254	0.320846337446897	0.100115946854377
0.00669179035395559	0.0448527592368363	0.276188954813071	0.01640902994156	0.129823554386196	0.131447137414782	-0.143795713850325
0.102730111846337	0.110279342293194	0.199751311249478	0.0632896714650086	0.113199062369631	0.115873071284632	-0.0317773387527034
0.334281262101626	0.330391661547021	0.317201717935083	0.189911332843056	0.259735837012726	0.260955736049962	-0.0495015413726177
0.501403315788098	0.503890811477852	0.484277476847458	0.447425418000696	0.466037178439475	0.466502997043528	0.374754021929001
0.245620012723531	0.247877021530905	0.318126372517198	0.187162942050906	0.241344719915443	0.242669989280107	0.0830517043730584
0.243118586747429	0.23397221412064	0.231424485810918	0.0825088346901054	0.165892873606069	0.161580616441277	-0.163907895849481
0.355085201441914	0.351877801140634	0.325500746981117	0.229754232057486	0.285179459713852	0.280402415707113	0.0405776232677489
0.314478430632922	0.309175443957153	0.264678909851725	0.169170280882602	0.220063073297544	0.218189150472365	-0.0204868461402474
0.417963696637597	0.420944694383301	0.435766623868953	0.361239084228746	0.39737700157871	0.397122133686653	0.276591088255864
0.266811381102899	0.267043073992651	0.370813876979338	0.238429602763546	0.294276809398459	0.289281568600488	0.155672429526542
0.479968120342099	0.476741268942509	0.429396316646437	0.386743783366537	0.418899852152472	0.4167462284768	0.161155840948162
0.48863923345632	0.488702768990763	0.43972292392277	0.444373657540263	0.45112512191678	0.448833706536593	0.283172903891091
0.473368280464026	0.475706225306834	0.457573598355363	0.391336668765449	0.428232353697371	0.430377646725776	0.252694242776213
0.461411431924362	0.454058020371188	0.436210801487388	0.390801597382208	0.415554752585761	0.41570704886582	0.292525072392377
0.600234722569546	0.5951349170994	0.597665382982994	0.599470177137538	0.600186247335957	0.59780353299564	0.600439868371138
0.316067802090664	0.314172559336635	0.281259274305179	0.18882925356811	0.240442036514102	0.239527706511085	0.0186815674820801
0.408113082320998	0.407687531740182	0.36109899156289	0.30945035211241	0.335066196168928	0.337308482568557	0.169937256899175
0.0757586292286688	0.0962080922692611	0.261860883302796	0.00138243977913173	0.126396240028617	0.129748580190003	-0.2195989051462
-0.0429069881351449	-0.0457170741796304	0.168148234360887	-0.0391400484633022	0.0385441831690207	0.0366657368273025	-0.13192146062252
0.18458076587309	0.184201572780111	0.201822978150466	0.0478357596283163	0.127043967491409	0.123613253389776	-0.151068760725869
0.3523970430007	0.351922037551611	0.329237098810478	0.205704212011844	0.276584792531063	0.276010646858779	-0.0472638859774138
0.3631684150827	0.358048524248492	0.346067807825228	0.26886694100306	0.310942196571089	0.311397872442231	0.163747749339592
0.178233390483438	0.174931942450413	0.275335087183513	0.132116697981797	0.191876569427795	0.191953775195285	0.030837342705169
0.242532275759139	0.253040608560589	0.295603834649271	0.181924675923936	0.233495352373759	0.228492801554707	0.0785251418923734
0.152447880115701	0.145538485505699	0.273612302701092	0.076359633274405	0.16995404589486	0.164540136777839	-0.097990547075961
0.112695033540214	0.112935696560807	0.330559897662615	0.136174544906323	0.203005566554219	0.203831956142106	0.0562880611133646
0.333041552926124	0.328493021619855	0.279406237592716	0.192993700867639	0.241835874471675	0.23910059553805	0.000392361293329575
-0.565154759987619	-0.566000824321028	0.0454323953279129	-0.495506775382846	-0.41343510236726	-0.416335042856106	-0.593515561548835
0.420430823917573	0.417192079496902	0.352296420186774	0.32853728034282	0.349496393212909	0.343380292283836	0.133243074471033
-0.260862627633834	-0.26411620872556	0.190553190594576	-0.195571643189428	-0.121939141358528	-0.119187444465639	-0.28212099985823
0.407340057056309	0.410541555764473	0.349482119467137	0.319152131312779	0.338711095396228	0.337455408078516	0.178147131335549
0.205392212221194	0.20637631827364	0.31066038314911	0.158868166197698	0.228729668002375	0.226044371658493	0.0315709951331117
0.17587854908244	0.174585394121092	0.308751955751017	0.129392924355611	0.209721868095449	0.205331339715812	-0.0125417620591454
0.158051767403803	0.158055035371949	0.338469452157848	0.1588638081311	0.228393654849386	0.220874017902511	0.0748890975028661
-0.151776840019596	-0.141720749370161	0.200399964539656	-0.102808503712036	-0.00252567512313782	-0.00181752183090392	-0.21654285718743
-0.168796346404713	-0.166511047335875	0.178770077243605	-0.121329373171147	-0.0235966052001693	-0.0296451902583213	-0.227766319223367
0.258529685422001	0.270898161062522	0.291689980336862	0.186900022472815	0.232981692937536	0.233773702400734	0.0607291535463431
-0.331715617746652	-0.335743842767381	0.100943111193805	-0.265439258306213	-0.178180180988536	-0.177760556053846	-0.359721728647116
0.458444013779307	0.452529525196411	0.404503486177373	0.362379072162515	0.392695046596123	0.390197490798572	0.160498795504728
0.195738288535999	0.197277599098982	0.369368330733343	0.219679941928842	0.269211668403115	0.26540139226218	0.17455596821976
-0.000234586600394259	0.00456029000645263	0.207774086624495	-0.0339137158538829	0.0714844994437501	0.0658101146741341	-0.17789597291538
0.122085337875324	0.125788467461055	0.28410704915649	0.127147787816775	0.185197888168375	0.184885425477718	0.0457873236762335
-0.133678996064392	-0.131892290806899	0.126322355620945	-0.0911998185519876	-0.0301438878269305	-0.0280543548991752	-0.170831702860653
-0.0962952518279184	-0.0942816821012968	0.154036774460213	-0.0822890518444671	-0.00251227631949366	0.00471769914634099	-0.208035846019633
0.516630686501821	0.515542143771201	0.478728791986256	0.466574081566048	0.476228998417289	0.478859506119098	0.345332856941375
0.320460195131451	0.31058436095454	0.352748298276185	0.241933301846883	0.296131554501851	0.300013066833593	0.133387703763519
0.308184126966445	0.298998282469604	0.36257877907995	0.24669669361134	0.302658917623368	0.298946838497981	0.145383869919682
0.46785765248382	0.469980333508609	0.419188154570881	0.42219637943752	0.42748428636864	0.427606327139433	0.284561603884649
0.107560837664387	0.116834409715556	0.218084367475651	0.0838228354942663	0.135590583186778	0.130566147914385	-0.00806055985906139
0.445114100762774	0.447222199366623	0.394945485058626	0.356731679556834	0.382112682329652	0.379004107040899	0.198044347957958
0.351761538731729	0.350095188999901	0.276567100855428	0.212612982895571	0.254821455516634	0.253790654582867	-0.0256300964278368
0.136674143308123	0.148244379972998	0.168758613235227	0.0171964579460985	0.082547371520139	0.0895811281693687	-0.171931654633014
0.437571088731263	0.440399762990771	0.394052136711894	0.340514393915939	0.365888357376291	0.365584605908488	0.176702959428761
0.454561901279335	0.454805752148415	0.398274730016646	0.374976881511747	0.395884406846921	0.393813626596757	0.185026874838371
0.401456086924741	0.399297839718185	0.348852541997433	0.292602603559529	0.325031755146935	0.325192267101343	0.155691978562888
0.571728482226999	0.572401352603822	0.570664874438094	0.573884938563691	0.569979511954191	0.571226563813655	0.577341208473733
0.219966213421208	0.219698596166718	0.369001240728003	0.230274219724389	0.283484485660596	0.285070541478881	0.152638440587368
0.311647572363579	0.312498809459488	0.425118435019455	0.304579748501482	0.354146811074199	0.35482829845268	0.21995464861405
0.463045785178557	0.461921661282113	0.414674152026857	0.378553132270048	0.403576885284895	0.401937515763671	0.219696572194617
0.0604779057599085	0.062251731344113	0.296565103282479	0.0702797057879812	0.158557804315514	0.166720521460952	-0.051763992360196
0.542283811119669	0.541270155853507	0.518807659153063	0.51433657407681	0.517102376713522	0.51827428084871	0.461871792422272
0.430152093514375	0.432212324708414	0.373726962378212	0.366294565427192	0.373338337317356	0.374432080542611	0.226372026990256
0.515808127210953	0.515115758230783	0.482673610060149	0.476108338143739	0.482635296179407	0.481840910752262	0.403576986038556
0.478652649158215	0.477637287836119	0.499119290083881	0.46507359976717	0.478086091270505	0.477150718630225	0.433428702862831
-0.163111514363655	-0.16688683412725	0.12786405397443	-0.11397546967106	-0.0454798036788419	-0.0460519420589403	-0.195381413705959
0.413838499282387	0.413694564489023	0.350152359434171	0.341009270335894	0.352274182609495	0.350690624988719	0.188671092966484
0.347457262562151	0.336494089156835	0.314938516911348	0.223108535055357	0.275731569738694	0.272344780704358	0.0598949819584573
0.372643333717171	0.373947130683863	0.35618950300272	0.266766016336175	0.308621196366995	0.311974086479245	0.0935806178149206
0.332332439555315	0.323097916060847	0.3887179424821	0.267387434070798	0.326600168749843	0.325934090516813	0.145362707716065
-0.154717456734671	-0.147010820155756	0.147668370065066	-0.163941235857211	-0.0338267405453347	-0.0342753116628591	-0.343602339076348
0.352837433965097	0.350904218416336	0.358936733974852	0.249516436056815	0.306937642515683	0.30437598819724	0.103199440521238
-0.205068529035158	-0.205768511963503	0.200780682403259	-0.144610051760301	-0.0638068694784449	-0.0657442775095358	-0.22765781653314
0.29446596900994	0.288354780428638	0.290451357931797	0.161797766647479	0.232681762801548	0.228815482844995	-0.0211172881198773
0.392899021172601	0.385495725264102	0.327400002853121	0.260982754083858	0.301377830684455	0.300038580617723	0.0428564555856854
0.446749245849671	0.450265408407385	0.404447405519164	0.368706968128719	0.388061491794395	0.389371277654972	0.210648439188584
0.590251576855604	0.588582617005733	0.581523990747382	0.577869680283512	0.579198426086437	0.579498347610937	0.53348110850761
-0.317902752765656	-0.315186620936083	0.02244333910557	-0.264050519250769	-0.201392639658539	-0.195774210206055	-0.336583861056685
0.130616238232814	0.131255812727608	0.310526268891738	0.12078729399777	0.201995355622871	0.196696888098014	0.00509010321377267
0.401207570593945	0.405344206434363	0.436896181364238	0.353136826231306	0.396069814348873	0.390808466615241	0.274552691330287
0.559722149626073	0.554078270797415	0.564841693039644	0.542954653646723	0.554914935634856	0.554334710586037	0.517505640670922
0.234393440580943	0.240825543642617	0.235412903034534	0.0861108961205191	0.168645934650118	0.165221396376865	-0.127639713649013
0.412298639214482	0.416904471122179	0.451028356892131	0.373017064671499	0.410945087073452	0.411647082185245	0.307600475397407
0.225078484100992	0.219846896733898	0.368101212410312	0.24534280498513	0.277730517793715	0.275521888336162	0.211249821229853
0.247308431002297	0.248096561960238	0.394209448028337	0.25807253910934	0.308520989617596	0.304114156328064	0.193096263447236
0.542205772892623	0.541550261145492	0.513905592819328	0.515167935846902	0.517874568633821	0.515615155749339	0.424865438673628
0.455645850036762	0.463127624796721	0.435049383078325	0.362672597608059	0.406042259059623	0.408565593622741	0.194122237873676
0.244068275252968	0.247476706835387	0.311815646890549	0.206660940469321	0.243990027417208	0.246895702887282	0.111665489365023
0.305239599965573	0.314681862171703	0.334364868106866	0.222976000931171	0.280509732665555	0.275021604792479	0.0831719908733039
-0.2107456466849	-0.237395991128745	0.201016097616292	-0.156607346771183	-0.0364901418901388	-0.0416983535085069	-0.272402554830212
0.466733715446421	0.474141847600264	0.409091368931781	0.397911962544935	0.410722818758607	0.411901505022829	0.192775174338757
0.347942280111089	0.347526301559883	0.296661416975075	0.212177479728291	0.260882634771041	0.260002947528396	0.00123667732262018
0.525834000247586	0.524204939975118	0.502748471499543	0.475040280357275	0.494137231388048	0.495990088342998	0.390509938274632
0.351648230101628	0.357455368137524	0.279637470970251	0.212029504973068	0.257922243653347	0.256232007557896	-0.0187909999793793
0.47166084470649	0.472087065415657	0.426045997991861	0.417441585823182	0.428138556113092	0.428132253506353	0.289867909976335
0.491705313568287	0.494556984324931	0.482433648047006	0.462744581573316	0.473294893707489	0.473195648847095	0.433162951182375
0.50836498486725	0.500904054119584	0.483160474761083	0.452491968723677	0.467286116620783	0.471001811341953	0.352823526299818
0.355311429841079	0.353670592246883	0.312217932627658	0.212912123366543	0.268582498183078	0.265239008062774	-0.037293953530502
0.275998836932132	0.27610397398286	0.341372595581022	0.193779460795372	0.264315681567436	0.263057863697118	0.0407609942144189
0.446683058626553	0.445867641730834	0.430582891155536	0.374682244399573	0.405219303136953	0.404003119858871	0.28098584249683
0.487269304703732	0.483974699732964	0.446135328406124	0.426885365344298	0.440689100429061	0.438649279630113	0.301220731137703
0.38071572245668	0.378817984518633	0.309304943110762	0.26102967871535	0.291373261445681	0.289954810978271	0.0492986803656467
0.427593205091292	0.422532607611001	0.420657588920676	0.371826470222169	0.393632413004017	0.390790134564479	0.304842884175607
-0.0711279647676837	-0.0726590060108491	0.215847150248265	-0.0387050890536829	0.050950725817371	0.0457111575855149	-0.139676665541914
0.522595257501216	0.521181851771571	0.49002121922604	0.46801741217388	0.483969836763893	0.485832605196228	0.379622183122681
0.353042891146472	0.347677148544718	0.418381372579674	0.336833249072317	0.366689004883428	0.368343011134454	0.288440555980683
0.370655837171515	0.379075572809308	0.429373431511164	0.352035376431407	0.380705111730968	0.385656855606292	0.29327856709381
0.495233657022125	0.490489068866057	0.446967548982142	0.438902570259701	0.449529166176433	0.449324992592101	0.290548334551673
0.3912283592538	0.396710441121083	0.337040425528763	0.286343918084169	0.319328489107861	0.316850991567183	0.100220632477539
0.185446726130373	0.183393582556485	0.265489197683495	0.0736527203866612	0.172469876245899	0.160112644966833	-0.130689609905722
0.218805265352635	0.211771626368194	0.301073874454985	0.147601650427358	0.216692186936824	0.216566196623905	0.0283997371841477
0.784525887368372	0.791538247028293	0.744472646218843	0.838314018477552	0.790103574478374	0.793771753102812	0.936712141684986
-0.0143110294096729	-0.018606469638776	0.23331579413391	0.0110226590955518	0.0871044004292899	0.0899453089155953	-0.089009861363654
0.288821755762241	0.294243889716335	0.332791708989412	0.213424771878855	0.267126011455179	0.272694501324092	0.097127148315692
-0.0428906879158619	-0.0129334149016467	0.27486620710227	-0.0397581817321748	0.10323758158879	0.0962100528354603	-0.211895057363598
0.0105982708946183	0.0496600919148011	0.243680541709442	-0.00248546780453939	0.0961587279913348	0.109356304540323	-0.180686128758918
0.0330951195571815	0.0436981930816098	0.259432065495444	0.0671320495228516	0.13061684196352	0.135314320299522	-0.00950462990134053
-0.0265643831213011	-0.0306945157375162	0.186759674774542	0.00442899624037993	0.0566917268161324	0.0502932269084845	-0.0624450234637055
-0.0125731605549582	-0.00341776039702342	0.243778046588654	-0.00763814412779764	0.0930335859228648	0.0947122535729982	-0.158943452927459
-0.398977650009704	-0.379682204945615	0.163356307927104	-0.309031806892913	-0.152472443111093	-0.146117914059124	-0.451295315340371
0.304146063271754	0.306822314300419	0.30191040922305	0.181348300608999	0.244795774012076	0.236521399539655	0.0167793465274447
-0.00142982031285762	-0.0124521576222534	0.250960559842783	0.024114703114958	0.102489036468223	0.100343237628737	-0.075832073213557
-0.179967299168902	-0.176466031456426	0.16097025800069	-0.123475939358312	-0.044259695457405	-0.0461318052389729	-0.214133540367994
-0.0284720491636841	-0.0400319181809711	0.153151955380126	-0.0534903255989845	0.0220812625141478	0.0157958948350199	-0.192113119117934
-0.205559061656614	-0.2025067755511	0.142946997732565	-0.149823878568062	-0.0634268233133462	-0.0573852148409586	-0.25798758871299
0.408621560865865	0.415781627933781	0.394352156794718	0.308203845105648	0.361546142564579	0.352574310966744	0.163352081784983
0.340779492801534	0.332381722918141	0.266021797071999	0.213547750845967	0.248231503478453	0.241167082102829	0.0306068637512284
-0.158166508859496	-0.159172704939061	0.215064463629293	-0.100949931563354	-0.00522303025394993	-0.00338286132877793	-0.213466283536971
0.498664712912167	0.498870492286653	0.448632622926194	0.4327831281144	0.446345476377683	0.445739510747975	0.221533201908241
0.19521347128421	0.193614812148571	0.367537171338021	0.200568885989371	0.263618897435759	0.261351644136136	0.115470076192719
-0.214753712270763	-0.219135158410877	0.123575304573174	-0.167705416729192	-0.0812004920040518	-0.0789338277803153	-0.271096524836767
0.334876243869982	0.337923519365972	0.277012053323295	0.214254809388658	0.252864251782568	0.244320204203776	0.0545335943563832
0.215338004265444	0.216067114119496	0.291409567831336	0.133159575621183	0.203482220175352	0.206015143161139	-0.0104392213851915
0.360305609475832	0.356289096145117	0.312261524632753	0.212840775014331	0.274811476947735	0.275311140163753	0.000522608688782714
-0.292887078796452	-0.291251520404402	0.118835848749854	-0.222244194927381	-0.132108538119999	-0.137442577723313	-0.315778305751394
0.0569948838101745	0.0695996949828991	0.218723551642496	0.00353575976151023	0.0994299707192149	0.0978465065830809	-0.14873044182372
0.410098634663426	0.407789815225552	0.346839344897078	0.295217117086581	0.327760854778455	0.327926385441663	0.0688412914396968
0.376441729887317	0.376521304443079	0.330345510236727	0.260692493782919	0.296130089427509	0.30112946909741	0.0934640483040859
0.471125123232673	0.469730605949446	0.418845241834442	0.410490685419853	0.417061132027432	0.419288765999839	0.254886406509598
0.386365550520602	0.390454495108597	0.372088847878528	0.284344249494555	0.331209201083598	0.327306472751849	0.133380550379135
0.381622922994689	0.378461069658095	0.380456088400468	0.280795857202521	0.329717185440845	0.330941695166773	0.12490111875492
0.428298752128052	0.430786231822954	0.43419943229326	0.386060945960024	0.406385029880001	0.403704313598288	0.326332225802884
0.386979748023149	0.382812750995818	0.336557759174287	0.260469728135931	0.310076054620677	0.305202298476639	0.0417898284758216
0.318381697509558	0.324070439256649	0.333234990431087	0.212805283403173	0.277029294972509	0.27851296809199	0.0459951209479836
0.396795826871649	0.397964330992612	0.329665002497864	0.315506662575244	0.335061220651315	0.332077159370883	0.140622211587425
0.413791964032108	0.412612288894933	0.358551763473189	0.323724430993118	0.347674153293862	0.344829093401217	0.175912766043584
0.423383563154869	0.420794712134705	0.363796800132536	0.316675146752235	0.352454214010629	0.345878784569453	0.137547855938969
0.330886081750297	0.333485311925202	0.283763787212386	0.194212009458538	0.247218396702495	0.24191524408259	-0.00960627342728197
-0.0453847845311735	-0.0476904494488536	0.153809574989284	-0.0812383820124438	0.0206296407171821	0.0221667193636433	-0.231857248670876
0.0898163699203754	0.0902206760244987	0.282334557171614	0.117290206789927	0.164792662994226	0.167358693077446	0.0459543716875514
-0.10806595012602	-0.113535853656572	0.217924173201732	-0.0558105751395817	0.0293175408388697	0.0310645790970637	-0.159895553642065
0.412225695752906	0.408255668559314	0.422464671158909	0.337211335007755	0.385958488922328	0.380926909662239	0.231086452674376
-0.0295427163989446	-0.04006524751409	0.255639805205138	-0.0167917890978029	0.0908502205776778	0.0958169391955656	-0.165423249925042
0.395651401312618	0.394580035106887	0.351028418541712	0.277245264326753	0.321805638686504	0.324306066438716	0.10891942813352
0.144763231499645	0.16309811328898	0.315926551500691	0.143384370879539	0.212364446478213	0.213236241232775	0.0348843971241274
-0.0246944354444869	-0.0146111030876686	0.2716778055493	0.0126449099634857	0.103329900619364	0.100080614722894	-0.0897387374452672
-0.274892858646098	-0.280954283008123	0.10153394619513	-0.217951656745379	-0.12412104560408	-0.124017854521648	-0.328712552998608
0.041897359972023	0.0439207340083897	0.226171083699775	0.00260855166872503	0.0949675152442932	0.0948430388780845	-0.142263845609761
0.430352460261167	0.429442022603093	0.389451896983522	0.333361444629331	0.370029222192543	0.370896900761	0.175276414769151
0.320270766120658	0.313175685329532	0.263238620256545	0.18735274479319	0.230858023807975	0.225431679055522	-0.000965950638136718
0.162171753132746	0.154259691607699	0.351316588881338	0.148345366621872	0.235044823440968	0.237636997216592	0.0157479109188521
-0.262165974732686	-0.261242684817092	0.137579342760801	-0.211853194329504	-0.144075846182608	-0.146708975751527	-0.276137807387308
0.479232416739454	0.477502566502575	0.435563155274343	0.425945040026369	0.436717858788284	0.434594781372712	0.31484574773683
0.136701429426325	0.129388585955899	0.205629149973855	0.0291108250895547	0.10734172243825	0.113792453575505	-0.135361673323015
0.513775897810862	0.518286691629009	0.484179874096732	0.455644653215605	0.474401085670494	0.469977255931721	0.311321189423731
0.342657123238926	0.34539671117326	0.358094465918215	0.258065481404675	0.306694991145803	0.307521096563263	0.137995687108307
-0.132780702520968	-0.138470167740785	0.134926947344142	-0.120179584195247	-0.0371302972387055	-0.0333183515431047	-0.244742534291028
-0.0814033877744467	-0.0800219946395388	0.204127905212143	-0.0527091458569433	0.0377248305276876	0.0367721262769324	-0.159726570025397
0.460279205492279	0.462168533655123	0.410426249606005	0.380849296039913	0.400988822981674	0.402124325865607	0.223058777944018
0.296227985057161	0.307934149634691	0.372776182095749	0.242298479317846	0.304332384642828	0.306656518707392	0.121635067843687
0.489529799867621	0.494388131304344	0.455262841644188	0.452525018019981	0.457253922608011	0.457746213907645	0.369506761113136
0.127714262531587	0.129628361641857	0.310812090315694	0.139476918225747	0.204540527839446	0.198376128172986	0.0494980044504607
0.140493609854761	0.140768275125298	0.260346469499088	0.119222050730793	0.17354249407645	0.170922966137943	0.0334972587938123
0.0566301799823903	0.0517487812872145	0.257648766766483	0.0234212703470269	0.118774384623316	0.131059797169102	-0.135595780462483
0.474211780196339	0.47434118437384	0.44138723465455	0.406308113861327	0.430546718759341	0.432337146674392	0.295779781183664
-0.410014225766364	-0.407128162842831	0.19951809389605	-0.323657142717287	-0.187466812810316	-0.176398784198551	-0.463436614018839
0.357344300674537	0.361433894509533	0.304176844492278	0.236948787663378	0.273528449755284	0.275143388294165	0.0355719625673018
0.43193381731937	0.427114060977519	0.385171292618234	0.341039259629862	0.369258782360306	0.368358393120756	0.189158294998349
-0.464333677763164	-0.474581525886066	0.105111755777949	-0.367923869851481	-0.243762296050818	-0.245746052073724	-0.518766412195893
0.265924516327798	0.260779162101019	0.331567649938324	0.16895788330108	0.248679269931514	0.249399922085971	-0.0175432087602492
0.0757816919748733	0.0781428897819529	0.228169745005843	0.0355527903120967	0.108893724681429	0.108976670160341	-0.100962198515831
0.283930461138169	0.286602678934943	0.284568077686576	0.17816006324405	0.230973591112235	0.229960556405186	0.0391539948982658
0.485607015242702	0.4832277667966	0.437707733311776	0.417629530724951	0.429850749966516	0.429465606402069	0.237283502742648
0.0808196847989403	0.0759442999902992	0.296569192495777	0.0672514902691573	0.161181731693602	0.16404107845843	-0.0743475145709757
0.142928549547053	0.14318443164287	0.32108768094549	0.11829772122956	0.206331145116586	0.215175770487898	0.0017033288399655
0.24052600931472	0.243881154315853	0.311715775007227	0.167160633866919	0.234826673913714	0.235173009890252	0.0371556772461405
0.112121890571756	0.115020292630551	0.202890587955935	0.0233265451806398	0.106412121191561	0.105602207006379	-0.144179569481614
0.0742709304703339	0.114411040223221	0.191464025139963	-0.0187418106970438	0.07196650978246	0.0728141385051578	-0.211022453453579
0.47225810037109	0.473106708346282	0.42973313015258	0.398080298457889	0.418641398802795	0.415519522605081	0.248093388597177
0.478975694508499	0.479164741310047	0.422404101134425	0.405020766203126	0.419489261204084	0.420998317216993	0.196929768335886
0.348177596600928	0.350965345728573	0.294147605674615	0.221143127166484	0.259208485158486	0.258404122593636	0.0433970079557558
0.557845783134329	0.558977846679942	0.537288557904918	0.534942427699142	0.541182593293951	0.541047462628157	0.455510434893494
0.346945169434192	0.347733639700515	0.324242499515998	0.255566978557531	0.291169690461333	0.284621504865455	0.149100673033398
0.372438097048322	0.377025887264755	0.394531393683918	0.337740862418228	0.357789244563507	0.358437101532179	0.280233151730156
-0.04459952395486	-0.0328752985605667	0.267242145059361	0.000139962059454489	0.092028256962105	0.0945611757166629	-0.127357697857842
0.00339677050323404	0.0166985693052632	0.264417679317512	0.0121034225074483	0.113604635139608	0.112804362650819	-0.125232948136494
-0.0935965421349533	-0.0900025811989837	0.17321846526905	-0.0498704655275788	0.0109720394241512	0.0139770559113293	-0.136117299506687
0.379699544382245	0.384294958621438	0.321367165943677	0.243593204302762	0.290669051963988	0.293435729103656	-0.00361175266306968
0.186265843338842	0.189093113119685	0.316758935613208	0.129950247018096	0.222767355359637	0.220946173973546	-0.0286145638928062
0.436542309505334	0.429862702100401	0.479683053009635	0.41471270104283	0.445766242925301	0.445517808202833	0.360943856884212
0.506528954884695	0.506952273697091	0.480654052026172	0.465578602874237	0.474455876723789	0.472381799631322	0.388820771668913
0.411019297066744	0.403345974860776	0.383712881271095	0.296295304263663	0.347289062555705	0.344611921539059	0.107301372632099
0.280910492618963	0.279291347849807	0.26382799374515	0.141608407442948	0.204025177725583	0.19898681728603	-0.0599726081714824
0.22876041892489	0.236068948196304	0.319864908778965	0.120923658935009	0.226002519457733	0.226706059847298	-0.123050458622098
0.406285354292158	0.410955014151085	0.363854965932607	0.284024534485237	0.334786967001484	0.337211714238294	0.0630460406959588
0.268610631198853	0.279986281181267	0.342157557520059	0.207830716001944	0.275089915249406	0.26886116713153	0.098542611522974
0.466405274485037	0.467239457269026	0.472059142652639	0.41027321820144	0.439104292177421	0.441254430437046	0.318706222847283
0.384083839655353	0.381938240629443	0.33067653730439	0.27513177446765	0.307837311305463	0.307581404577685	0.1050065913149
0.423915028494967	0.426410105112636	0.390638417035966	0.324940770181852	0.35839865924114	0.363475642860147	0.152702234159058
0.516445603833105	0.517227514365968	0.5202134263874	0.477393269852846	0.502227726634699	0.505837177403022	0.409144705656606
0.383361518974985	0.386507959333254	0.327237620523065	0.273217246792822	0.311763357726803	0.305840423866645	0.116336575899182
0.32746109474681	0.333904129789688	0.335464808446716	0.253276733237608	0.287318524724456	0.286056818424674	0.140211504951485
0.273713542269448	0.263369911926055	0.287188021087654	0.1531080536881	0.222458974691641	0.219258706574492	-0.00627010945193347
0.404505172933207	0.405896288722413	0.355057588496633	0.305825074243615	0.339504255040343	0.340964815761573	0.150538167135627
0.20036176138613	0.20987870713103	0.252742152753128	0.140776782123506	0.187329237595638	0.188166348596408	0.0504397326645241
0.23475977115569	0.240672192815382	0.305789735072158	0.18833016335158	0.240078898976622	0.239724999257338	0.105303776231652
0.0864768543118315	0.089321675904793	0.269261031759932	0.0716335306825607	0.155257195835328	0.153125103580743	-0.0487223390062681
-0.313284655448836	-0.314262285629863	0.098582995258561	-0.255396896482499	-0.178624967405524	-0.18013543864476	-0.333640728357405
-0.27974919338451	-0.27793899087244	0.180734651207081	-0.210505600099516	-0.100584821262867	-0.101224992101972	-0.327604395864568
0.308989040815916	0.312767529327618	0.281185696201451	0.178156442313825	0.234401419092369	0.231431818884526	0.00748402445935391
0.0219919549143105	0.0173905954785639	0.324060979228317	0.0667052520110907	0.1444598230157	0.146568922364212	-0.0162044030492801
0.0611276522416638	0.0561304956178174	0.228640869458329	0.0089280364308327	0.101334198553522	0.100232357581839	-0.154431952556996
-0.155936725885791	-0.156636976272514	0.152091724578697	-0.103888643886866	-0.0349313402970417	-0.0344507851323743	-0.178603285763492
-0.269452373533315	-0.269386811940306	0.125121749151852	-0.207307899279783	-0.116978108078326	-0.112295254932317	-0.323178857183593
-0.0137552979275116	-0.0120319618638243	0.277706069828011	0.0239035141519127	0.11396305594956	0.112719081273821	-0.0821962563415761
0.242926192003435	0.244061044845982	0.268611981356283	0.1188055594902	0.194541998794614	0.188088924946399	-0.0844432432966815
0.215227927662855	0.214248764530072	0.267003266475576	0.176407322853236	0.212971799975801	0.210691586920338	0.107596129696055
0.474182155404153	0.476367714070002	0.425860963041816	0.404626193756194	0.415304960603217	0.420575028454623	0.255677285682753
0.366834201466292	0.372575297603762	0.313887580700397	0.23689323088379	0.289821051160763	0.28033007568227	0.0452827526231085
0.216895954748482	0.210863626277725	0.226281032915088	0.0697746747674279	0.146472557788672	0.141599546097554	-0.147076318421543
-0.117850653651781	-0.115470149123479	0.205924601353747	-0.0660581442900886	0.0106222726451344	0.0122587103319266	-0.155955766902487
0.363504018352137	0.363239158771883	0.387733259383708	0.279269819951649	0.334884496245655	0.338415883663286	0.146326238296893
0.324845604647256	0.318784609993325	0.272056509767504	0.184228406597138	0.226625057289712	0.232205154186353	-0.00208129711030566
-0.00181433847032261	-0.00527451494911624	0.243900258244491	0.0232503248314185	0.0530775182177804	0.0596930079575174	-0.0151648841695398
0.449326462863962	0.450533969996918	0.399339117819605	0.374527836409009	0.394969227476493	0.395159000608697	0.233715105267915
0.375433572459219	0.379996495233491	0.303614753999117	0.25910602925628	0.290014321702055	0.287112263197071	0.0115927471399324
0.333868955366101	0.327602159517802	0.322594671760032	0.243862841339828	0.281871652617563	0.28564729726142	0.133166877178619
0.431886426691651	0.420081350033961	0.450192633565656	0.357123008393108	0.40511338751903	0.40475246174031	0.223493306079697
0.261301194504548	0.265318023323722	0.389188211017934	0.248663920398786	0.305694837597876	0.3106287239974	0.166209098191798
0.222220695382679	0.221304580604486	0.209374311726674	0.090046244709852	0.149607150386099	0.145043853705748	-0.0775031245575795
0.259668315256561	0.264468599145988	0.309206816608805	0.198282049349179	0.248165554104012	0.240644814050217	0.0945325139107652
0.522113547575402	0.52229225839207	0.493716655329804	0.498573476918523	0.495844756237528	0.498729771634951	0.415699826637457
0.144995469721656	0.146161999068254	0.244456210587422	0.0366601987197348	0.139853418277574	0.138918649426745	-0.174996824813288
0.173225977504355	0.181093899127668	0.356243206327229	0.1937229138102	0.253838406807047	0.251777103549896	0.107961474223379
0.352095529863098	0.353891586042431	0.280721076368958	0.2298452268934	0.257072809011841	0.258798488806874	-0.00259911114757139
-0.0502720792257986	-0.0477990488254393	0.231159227286526	-0.00486813470508633	0.0661350196803689	0.0616058024339699	-0.0831984517663415
0.470123805097685	0.475142433339274	0.427146281743233	0.410756974212187	0.420265968299525	0.420694750519196	0.273561438792154
0.37731867147015	0.38071080430539	0.31786804741942	0.256526311452184	0.286785712032466	0.28774473116502	0.0519119399012335
0.227039643290066	0.229370055841979	0.244792448977606	0.130278613699275	0.183667055471144	0.176677200279182	0.0075455691966928
0.275738346441888	0.290414977768679	0.370663644606042	0.203633994785306	0.287546870765113	0.289089721542536	0.0248779698967374
0.356866136141283	0.359307188704002	0.381726844257296	0.275450983207054	0.324326921554605	0.3221618472872	0.132317433881123
-0.383968568697395	-0.384712441140251	0.160360539750149	-0.319680840884765	-0.242232772967508	-0.248619290855541	-0.406153810975936
0.375847983756731	0.373295262103103	0.471190011729818	0.386936191274602	0.401492970356391	0.395689918116907	0.370667922853859
-0.156538070709358	-0.156991488488094	0.18010351298883	-0.104244762340994	-0.0252287774200002	-0.0309247374718125	-0.180890813874014
-0.0406750012106875	-0.0372380320196086	0.17276688232624	-0.0304975582598169	0.0436701089851384	0.0361511363772984	-0.135237005273729
0.527554474883572	0.529675929864693	0.498627852161789	0.503088660459033	0.503867370754098	0.502336046076355	0.416432763084341
0.0410304199035626	0.0407941273739671	0.257815623536274	0.0798007764105809	0.117527123422223	0.122778171806718	0.0330497836604505
-0.292058558544055	-0.277242780476405	0.148052324418154	-0.215041972204012	-0.118194989091913	-0.109621310295216	-0.328967108461444
0.130558936126821	0.126229799871877	0.217118797398863	0.00146834098113453	0.102912422742761	0.107007559665364	-0.214659042418172
0.450399448435215	0.446178360699906	0.389048435967194	0.367907222009144	0.380046181087815	0.383559225313343	0.212442152149398
0.361022358464078	0.364835740452175	0.284424331595167	0.219548988085421	0.266818529979111	0.264988221236717	-0.0210805239654793
0.445898527758778	0.448401061867711	0.418970420425789	0.358487561082686	0.394023669241794	0.396257886266492	0.233497350584705
0.172613399211333	0.178089807459919	0.255503005753552	0.0718239175888596	0.154327424164388	0.160304991150801	-0.107629283025673
0.52288866917473	0.518449766769339	0.492987696857317	0.481683737589772	0.490787918289524	0.488497566425291	0.398240054309189
0.27880255242345	0.275022099614875	0.275893177424124	0.150461309898049	0.216250758731895	0.214205414651541	-0.0220732743560253
0.346811229274869	0.345775899484234	0.29447488873535	0.213941158170548	0.264727756365655	0.262043726702236	0.0167117568814689
0.276880535170595	0.284338045526823	0.314910681591928	0.205098869436643	0.262591015764412	0.258296455944039	0.0851475947410861
0.339715747950629	0.332434733976785	0.308059913720889	0.183251555383519	0.254430932771586	0.25252929612344	-0.0632598792131946
0.355674742417067	0.353533536603599	0.403768717843062	0.315509608527785	0.358321300237841	0.356001308730093	0.241366096910716
0.432169479339222	0.433575031668445	0.379535456697662	0.332918571599119	0.364315297289955	0.365563571937678	0.138342038849381
0.301049399694759	0.305422906509098	0.341140406489006	0.239384259905232	0.28061172478336	0.284466094772016	0.135257487843769
0.423973217996556	0.421443313770645	0.358149855525524	0.343886145093554	0.356178810696469	0.357001574974212	0.166581044696483
0.496134768400305	0.493754684825118	0.45337997128014	0.439967466420194	0.452597142715449	0.447222443093077	0.303958924633486
0.158083494629452	0.159714406286976	0.322665477186563	0.137821625227964	0.22334074703946	0.221873670134478	0.025761199943108
-0.281227328808777	-0.281059387981804	0.189449886238017	-0.219977314997608	-0.140743636908333	-0.143872502820268	-0.303183172764533
0.390722833324792	0.388949731173502	0.356820087333895	0.306396535175764	0.33226674700072	0.330804321785562	0.210336826277958
0.544272642177299	0.543870341590143	0.519424302761321	0.51527222681904	0.522103881914593	0.520109684904255	0.411031567372615
0.304371655670459	0.310189444051202	0.307263235338899	0.178681411081275	0.248157268225341	0.247924248408656	-0.0387169188667037
0.44823586649501	0.445047980732457	0.383776652646936	0.359314103665423	0.383119478491531	0.382483776597604	0.15380038498242
0.468127819468599	0.4645742679827	0.424763144011535	0.410701748740914	0.420972103465635	0.41771336851454	0.314697564728776
0.271246284755615	0.266045359699676	0.403415684341857	0.256242924377699	0.321874988875395	0.319175966184461	0.166645884890165
0.265881783036144	0.2698717792521	0.251928338213444	0.131131083362122	0.19691022262675	0.190733751006046	-0.0372673728469627
0.302236172877955	0.304070581642961	0.336654723984792	0.228948305939979	0.276493759726271	0.279484713756015	0.109218916274255
0.369984286239506	0.361633247422313	0.30534026761335	0.221705548905378	0.269164375226208	0.272917549867035	-0.0453021780442553
0.505928947532958	0.504264003983405	0.471200768802346	0.431260671695121	0.459743921152196	0.455970164945934	0.262511289318282
0.434625905880566	0.438337162741926	0.412457363024624	0.349742190502684	0.387570886805525	0.385646759734462	0.224688862268218
0.441473786542847	0.446971344224174	0.382430348370228	0.365930457386287	0.385999294937765	0.383403391930729	0.183456253757395
0.314329930451163	0.319798672647925	0.295840762368296	0.181937963855575	0.240542475195955	0.239283848857651	-0.022549650984913
0.37789035835607	0.376393408434557	0.34251614449442	0.252026525899263	0.303807428575284	0.307649795867117	0.0544106319488117
0.417040397954911	0.420461156141026	0.431254566028552	0.370162847126006	0.398424905669691	0.400457097689604	0.307656598625967
0.0290696186964292	0.0219146188629829	0.194493071906409	0.0226033854770139	0.082176873546167	0.0855067805251251	-0.075138980398282
0.369843682382665	0.365410217823334	0.353207515837164	0.283239103539265	0.315770142448479	0.314304734994847	0.168139693596734
-0.160941837851062	-0.161078331240729	0.205014433521242	-0.0981119661120304	-0.0155334743187017	-0.0139487105991882	-0.197147744806192
0.458050131622287	0.447942718655535	0.397011183147228	0.367506617228919	0.389323311072995	0.385488133820399	0.183843779653519
0.33497197885843	0.343680718636483	0.315057821814253	0.197815897035101	0.271347767945218	0.262510930740079	-0.000852301771292633
0.507023969059174	0.507866206674457	0.465146438237896	0.457836115039103	0.466586388962477	0.463514074248281	0.287327537158499
0.438212623047022	0.438722913292375	0.393666241256272	0.336174350379691	0.373125464454227	0.370260059682668	0.109752097431279
0.308117114566825	0.308017591242591	0.287703447115288	0.169652493527848	0.234153780372878	0.22985038040171	-0.0310834605713728
0.296259638740518	0.303861533431014	0.431021789909138	0.283627271498844	0.355016683906736	0.350984997158029	0.1917974832282
0.382423236657002	0.380481183732324	0.331390965839804	0.244749925087085	0.294793400865729	0.298058058843016	-0.0168777924162416
0.222211081585791	0.224290875179069	0.305546630055302	0.144088309766189	0.221449559089813	0.219321811000733	-0.0159205935170484
0.375149677028022	0.371718820052412	0.333066729949461	0.244848157977886	0.294163313309721	0.297453017330444	0.0565169675985595
0.201483334365187	0.195617368833358	0.207517870088542	0.0537958366897834	0.127925537097679	0.132357378189274	-0.147495005352359
0.202398699398772	0.207733011990715	0.321008110207249	0.145473702942399	0.222670515326643	0.22649035967425	-0.000420523657100569
0.462953760382576	0.457113213644331	0.429190795347327	0.383113006256046	0.41248657497405	0.407094120170787	0.263520162788916
0.417269200301311	0.418246477216828	0.346022020683127	0.320167448605094	0.335460965292471	0.340590511479614	0.0951489780676023
0.297135590087557	0.298305544862791	0.355652300882999	0.227329941798725	0.285804970349997	0.291514392740644	0.0973906273222592
0.205290982614202	0.203134030207733	0.303381684784836	0.137452515996453	0.212995793534136	0.218103650348973	-0.00543878271512995
-0.198486797858687	-0.193454688268979	0.19457284298085	-0.155518211576675	-0.0241009540436339	-0.0322322332356055	-0.311971946512978
-0.0535720711687256	-0.0736047023430636	0.234608984198673	-0.0353098090741219	0.0709538193695158	0.0610286221119774	-0.169179428048581
0.287181996992413	0.286807158517961	0.249663765395135	0.164134571433023	0.204627151658526	0.206391820717591	0.0225883111167348
0.308072444057736	0.310481804588959	0.289045164731304	0.205822302617759	0.245653763514476	0.244983993800264	0.0877360603345964
0.439800209132084	0.441522716325111	0.401516468342879	0.351163287603496	0.381929709232036	0.381912771950408	0.211544284845585
0.166468513241806	0.162602327217786	0.23118298107635	0.0395081900727463	0.130272061687354	0.135569219867309	-0.1678027574564
0.342457933419231	0.334844600518809	0.277612523440664	0.21848225294103	0.255875148984906	0.248138333009145	0.052606132459626
-0.117258908095536	-0.107490493360261	0.111272244876534	-0.148568098648666	-0.0409725099076956	-0.0473392058691515	-0.305630391469294
-0.132872642783361	-0.132665959623	0.196642875028121	-0.0845958327261846	-0.00393544866436529	-0.0155385234666862	-0.162374663984186
0.376634005548376	0.374858365609864	0.309908822025993	0.250534417521981	0.286781363838643	0.289081750895107	0.0459119774153355
0.236083347848513	0.24962843454146	0.285193146285574	0.13245163721536	0.206609263958559	0.209080402984005	-0.0330865230717562
0.0336058121755223	0.0383823439066718	0.205375476514243	0.020703092035229	0.0886798014393222	0.0879423038173677	-0.0944252708522166
0.0595762463046657	0.0568176701871739	0.236741828115415	0.0521112479953242	0.126742085795231	0.121166955590992	-0.0569887464511717
0.30964718094801	0.313179013554222	0.385968300240804	0.250490909981887	0.319788836635573	0.310213643706382	0.135503613789043
0.333522202159942	0.328789959994904	0.313683359380085	0.194129629247185	0.260079621138272	0.260079407915603	-0.0126735180090239
0.152564349932865	0.157704121893425	0.257172555028751	0.0951968529830163	0.166804621230287	0.167237469573706	-0.0364229690249733
0.0473538648681326	0.0517027953848985	0.242357283209101	-0.0396100856091422	0.113406103696747	0.118276894334348	-0.301124558820968
0.323974648748753	0.317185023976006	0.27964163555881	0.164941270892895	0.227333907115233	0.23222070066817	-0.0907882984637335
0.10670344079721	0.103698876807143	0.278052305786262	0.102593906095421	0.170514591976424	0.17524613587695	0.00551837348069625
0.033382692849913	0.0277559506127576	0.279507531255005	0.0320061183939457	0.127751317531467	0.131012512360063	-0.0943402067141593
0.37783475942398	0.382180044455088	0.378972565655927	0.326899536300005	0.349595445037948	0.348808232714	0.266351157137495
0.0386624417839241	0.0300275598921511	0.260386970978001	-0.0178119881199808	0.121238130221624	0.112484607383307	-0.217664213814831
0.450198336434178	0.450959186006639	0.405770404053364	0.389957906881411	0.403198437743166	0.401980381989016	0.285454934518419
0.114715476186182	0.114253471006553	0.282223914133126	0.0781151318641727	0.169375541450526	0.162117110503722	-0.0552511119784227
0.173145488742564	0.153712041030023	0.252911465560786	0.0730068356842363	0.157088838282939	0.153459106412931	-0.0922992460577361
0.279039567845781	0.277345062256371	0.230300972028401	0.132921577061742	0.18471899746676	0.185178523398423	-0.0342376839362295
0.206599682046242	0.200893806678888	0.334024637205781	0.180131531764834	0.248365132080464	0.243415868600723	0.0857843091337529
0.299901392846195	0.3014342661802	0.280682914733633	0.152856430720512	0.220506658882767	0.225555294344496	-0.0791021443808998
0.294244418648948	0.299701226301348	0.314442342684975	0.206193095094877	0.255319886427553	0.258732330324613	0.0789336941799903
0.439247743831851	0.439061189108744	0.371610966083793	0.356104953709706	0.371314411504975	0.372263224556078	0.143043925623679
0.434887428876761	0.436300936778511	0.375373081495499	0.35914300621434	0.377434656764449	0.376633610184796	0.177563304904963
-0.132837837577788	-0.130236632164619	0.247696333039556	-0.0743464844409399	0.0281798440262512	0.0209617651256443	-0.185593086979152
0.192387932350274	0.191124026959734	0.322313309237289	0.167096459116564	0.23923357012213	0.234594196270029	0.0783630624516465
0.427727786788391	0.430463538208703	0.376721766500302	0.336913521632232	0.360410513318524	0.362596521638659	0.20144843401432
0.415142073990597	0.414589672629094	0.377699946357531	0.326426743203025	0.358023101969694	0.355600979087558	0.197361998095141
0.422258587717785	0.426204717582812	0.368217006125373	0.343899782228384	0.358242336090061	0.359645711339636	0.211923181930581
0.459823217342232	0.457719820926742	0.40726812099073	0.353444361360273	0.388863520016167	0.395816783697535	0.0889405756750369
0.375041382412523	0.377936966487487	0.353656281492834	0.255012409612906	0.31233261080498	0.312934899901635	0.0759752834901595
0.141156361031059	0.14539883283526	0.258787640941076	0.0750761302558771	0.152820475637218	0.159360334911209	-0.0795647517192492
-0.0005853352966869	-0.000244393238316919	0.171968510310434	-0.0583183018610472	0.0378627902294308	0.044674773094755	-0.214484005924863
0.280903815072028	0.275275744165007	0.356194229613579	0.236413856809231	0.288278619304664	0.283768475634832	0.140145264104237
-0.249489109719445	-0.242721629970639	0.143750452302124	-0.185198993587788	-0.0940331398638118	-0.10132573248189	-0.273364333180473
0.0616775691565891	0.0601024773854621	0.224987022416675	0.0323471262521334	0.107892000699516	0.102391165971903	-0.0992107685865905
0.369281455322127	0.362483780802742	0.455812502073202	0.382191459144311	0.403450557036169	0.39927129911931	0.354011088993106
0.164402443071003	0.163069198354853	0.159004690408888	0.0385992426464514	0.0854496479945902	0.0938898760375147	-0.105136719793326
0.422123600380756	0.423788466479814	0.426060735575065	0.361858131521144	0.401216548267314	0.391045250471992	0.276464182949587
0.141193128664403	0.141006216448325	0.27268877683163	0.147415651266083	0.190257145026815	0.189326026311058	0.0874865265978532
0.380155439216761	0.380666068056822	0.307360653217069	0.247047994778065	0.287298200088758	0.293810596877663	-0.00614924920548761
-0.0916361888672461	-0.093410410015473	0.23016933430125	-0.0579293143178488	0.042378834167458	0.042724494047413	-0.186865640589518
0.241659357788098	0.258292741870375	0.331675997316914	0.169885081083627	0.249779788894335	0.248330603091778	0.000412535981947031
-0.101057026469416	-0.084845410240798	0.22062539353578	-0.082410402952785	0.0361773403087002	0.0284657725004321	-0.233306825176789
0.461207149446662	0.466311253468643	0.432084050878417	0.388203401957411	0.413299087290782	0.414174399198157	0.259424644140715
-0.0137143909718627	-0.0289045269426804	0.15875915209737	-0.0734098939126363	0.0238625184919317	0.0229734017091136	-0.240996768427731
0.493273819907162	0.496326140656728	0.450514211747549	0.426800974060611	0.442771353319317	0.449557678214578	0.27436787278531
0.263145188502302	0.269899303733196	0.258858858325915	0.12335730446502	0.195519065815189	0.198057833891609	-0.0752962326298908
0.413785957974419	0.408868047254738	0.350897970738791	0.315357133326159	0.341280906096435	0.339010476057809	0.154283537356103
0.495554303370705	0.496614586227405	0.461520001880922	0.431007174517012	0.452583444232589	0.450250666840743	0.310475256206437
0.467075470513739	0.467636300241718	0.42315580965114	0.400629231993979	0.417226724905887	0.413973423873663	0.259296970387493
0.261177991711212	0.264599476788657	0.312066904977983	0.172769914438998	0.234989824988111	0.233905091556071	0.0170127697977531
0.0252736680852797	0.0237477156799478	0.206073136499453	0.0175105352553001	0.0887968975356844	0.0865279283914399	-0.0935467736816716
0.087069367532938	0.0828435867986732	0.256352871239297	0.0525427950052304	0.135008809437241	0.145757965769144	-0.0694064498024375
0.530489911217668	0.53180575474264	0.498217588685723	0.502298051254275	0.499918166849078	0.504840191721212	0.389435436526205
0.403897309925884	0.407386514747432	0.331635833414706	0.316866202067306	0.329535449742645	0.335672985295924	0.130034857784308
-0.23515708892747	-0.242920441271231	0.172467982768997	-0.170537332745149	-0.0751051148189001	-0.078359936371813	-0.274652313378556
0.445299407417315	0.442602493377884	0.430614466035692	0.377492625951178	0.406569003525038	0.403652334219348	0.283685335054273
0.346084019272207	0.351501577763245	0.281092136791658	0.195129490176233	0.242829057561832	0.25178577285808	-0.0502048863552379
0.471458235076707	0.472435574655581	0.432002982472338	0.399437157149434	0.420492090937576	0.422210568906452	0.284592728264921
0.538729118808106	0.539186957914438	0.518214791569698	0.507600545637123	0.513413251056465	0.512855474825698	0.442794921679662
0.47034517605222	0.470929796976699	0.481630430096359	0.429813854336122	0.455546684127887	0.452696574886437	0.383638658315365
0.498419919488237	0.498620663147478	0.454892210184025	0.457142020474587	0.463856075002813	0.459392899840423	0.338249873332029
0.499808924309478	0.497717464628963	0.463463095008548	0.42748877325259	0.448637832665097	0.447193445289511	0.289056098672019
0.0201682420484507	0.0220944239222425	0.243270496812752	0.0415723279151532	0.113316063042088	0.109464156455887	-0.0536168612559431
0.114329167292509	0.0985118249531336	0.249888850704887	0.0887792200249133	0.148064925821543	0.146391763863212	-0.00274019491956124
0.388308382442537	0.382697539240886	0.350009984042537	0.246821379165567	0.312782631138667	0.306961875451636	0.0345985456660712
0.337839502710925	0.339144059441061	0.338899742820847	0.256480390700068	0.293925864119417	0.293805160547944	0.149754808653822
0.499386088861012	0.499502692902558	0.459299581429656	0.449972525365408	0.458323564074672	0.461865410524558	0.337982402697668
0.476875507295351	0.477144630807587	0.500144692864738	0.454786563508591	0.472683542796408	0.473578490088485	0.420377429996691
-0.431212357544363	-0.430498491979284	0.0566848442361933	-0.372354412072849	-0.307257603365059	-0.301190715109532	-0.447271161954367
0.371316361860784	0.370632808353774	0.352368212820408	0.268941287675347	0.314949595108815	0.319559676145445	0.132425895589624
0.539189672352244	0.535408791598892	0.510103290067716	0.499488113989222	0.508519181927538	0.508579731258565	0.403170639703148
0.383435535316065	0.371413695853974	0.370478521836188	0.285691843952006	0.329666023270004	0.328313321128921	0.154105825283841
0.505713818304661	0.507595364578041	0.460061421701088	0.465536916030071	0.470518174299913	0.469172471426509	0.315961530212438
0.461661074882823	0.454725084796969	0.415758940610563	0.371317112751224	0.392668666291562	0.398075082223433	0.179876727728524
0.387041181311722	0.394775982750277	0.390983526255432	0.320458269751639	0.355427059531258	0.358385184184962	0.222395428560663
0.336941986026708	0.334250576471777	0.258949159939834	0.208045577936283	0.238416813648326	0.235924343596101	0.00620602539461844
0.155543543753253	0.150983594246914	0.293952045834388	0.177519732947837	0.206525793994052	0.201024841287064	0.140352940757681
0.180881797442801	0.177857995310112	0.327491596008592	0.116865947991528	0.218527502584914	0.212915235684487	-0.0548827938124969
0.128016322725928	0.140030053789474	0.263581139212195	0.0477746553257383	0.159758264743531	0.149495020722772	-0.179257209025592
-0.215580923644788	-0.21716998946922	0.189083315327313	-0.150011089749957	-0.0779201669155929	-0.0798460413489732	-0.238936038082508
0.399532119924944	0.402295703606166	0.385750201707417	0.303999499979489	0.346356144044304	0.353151643431286	0.175184719619738
0.465977583941838	0.468376435386826	0.465598397289383	0.40935740571286	0.43729412550469	0.436414340839182	0.318915651717165
0.396480490850521	0.397806346831623	0.334440799031325	0.309565267939384	0.326570626368476	0.328774427851375	0.164345345190191
0.145977563487371	0.15538885195836	0.228923912141171	0.0845121680474952	0.147073674092945	0.145054685252869	-0.0329161560571962
0.261828639671734	0.268612162499118	0.250761646768877	0.146874958785253	0.197442411458629	0.197118375859944	0.00977910970283009
0.441455529659796	0.441433796055927	0.386189263974427	0.367845910068467	0.383358085212406	0.381810730204172	0.213082837751416
0.0839280164946839	0.0897821784225012	0.269541393378197	0.106558970087155	0.160358900972787	0.161364620658021	0.030828389543568
0.472583668065096	0.475707361597886	0.425484440646083	0.418393286537691	0.429210070745063	0.428914521865521	0.281328997212883
0.469438325216677	0.471961842620747	0.434937049511992	0.398991435046639	0.417532552290852	0.420405865078802	0.288226051298747
-0.18099412528022	-0.177391868262796	0.122730609029244	-0.135243447978765	-0.0522335233801715	-0.0526579584301507	-0.237519411847965
0.466491144311864	0.466615001038147	0.425292257320655	0.392995754292795	0.41546511635006	0.413403666394587	0.273559530848548
0.366707626965884	0.365365705884406	0.407848891993368	0.306584785987059	0.350812396243046	0.353581508116702	0.210730793586349
-0.301375999110176	-0.300892549678637	0.105549745658502	-0.239045108607064	-0.155122148773954	-0.156551182080692	-0.323890662575067
0.455033294556672	0.450938361239703	0.440235475355849	0.382525210879864	0.41436659513663	0.415517960794547	0.296245020236888
0.577065404979948	0.581039585783888	0.566710746839076	0.556045376450356	0.562191718730294	0.563992886216737	0.497847587778184
0.161262859809819	0.169504440281584	0.351127280305087	0.154857988516966	0.239411335308845	0.238239241788785	0.0433797895584249
0.248584309002769	0.24113895753329	0.337000129318668	0.207671617845473	0.260871150454059	0.264030209730386	0.0976300072851786
0.390469806878597	0.39159916111433	0.318711783145815	0.287823490425502	0.307749496248103	0.312520419922032	0.104896950835042
-0.143864169202043	-0.14434208172775	0.15876990867891	-0.0911360943687207	-0.0157625605070713	-0.0206819367511841	-0.184803474387441
0.193232364156223	0.199108432298696	0.301612948615749	0.183768598225117	0.227181314791074	0.225825114408039	0.113975020022414
0.471827087648191	0.473050253407639	0.41870805827645	0.412559534474598	0.421381880254854	0.418237733775123	0.232934180977157
0.137306019620452	0.130611142300599	0.249469856269743	0.0183643048754981	0.135095275003834	0.13660899856913	-0.227444575049094
0.0106292461240737	0.00166633941526657	0.196282100137218	-0.0352427502282975	0.0665096782230873	0.0657039460623915	-0.184505036946736
0.423282626252378	0.424306621913218	0.365008418843056	0.323364079124583	0.349548056689432	0.347100135952876	0.157220427308458
0.336892267795954	0.331746414389401	0.386344059696109	0.292624300126959	0.330575648535064	0.332089426375421	0.211542914626064
0.33326246096432	0.331178880216989	0.294012017408866	0.200434481666039	0.255023088404332	0.251845296470585	0.0353306785655486
0.195584066357358	0.202103092575257	0.331301805706836	0.140524974714508	0.229700972460954	0.229832012690553	-0.011754635854727
0.35080475160925	0.35799562428623	0.366806111240244	0.233026103769143	0.309181939582994	0.304052094829993	0.0632027617285952
0.342885721220343	0.33255957130743	0.362601719684745	0.230993735231992	0.300469341879214	0.295263858806991	0.0601623181838127
-0.12698377662914	-0.121815720813467	0.217317667458621	-0.072865360701985	0.0228045565250709	0.0184061239412696	-0.162783440314553
0.393102026306358	0.39605263835478	0.462098208183971	0.387619514099944	0.419134307558323	0.413709571780455	0.341441722157774
0.219927816538881	0.2267127436599	0.266381080123001	0.0860029516801514	0.182808913469746	0.180581104853429	-0.151827745702036
-0.0095296704820144	-0.00465836982431979	0.330065530690492	0.0453929726680762	0.151473292384964	0.140656140339898	-0.0616820181505737
0.307106005968141	0.313706425845609	0.25357611540573	0.146263192146829	0.204002936022779	0.206906135875369	-0.107000588916455
0.51997626532932	0.52206598552783	0.48801834487501	0.481767407837007	0.488380451075482	0.486646602394641	0.383672214283317
0.52031139312095	0.514802603140857	0.498783999429244	0.472059565171491	0.490743103176547	0.489642859630777	0.407065463581291
0.230772642849886	0.225870249248502	0.24208057709486	0.0996225542166111	0.166734131568076	0.172159625253717	-0.0737197494605007
0.172255685384966	0.181329739293392	0.286232705359635	0.108827226093596	0.194515548483052	0.192531431044718	-0.0347114136235944
0.352663917435556	0.363060553467226	0.307112210207976	0.24740626270175	0.282704472208547	0.281354453826931	0.0881248805769893
0.0310733174525899	0.0406206891134698	0.28169675656075	0.0630733205001551	0.137502251279011	0.141871233898772	-0.0448468334384343
0.28884886977595	0.293859433468785	0.326612078070314	0.214391495580696	0.26974371523118	0.26025086451708	0.104942705060969
0.0517486339079289	0.0570516803975591	0.325388438588282	0.0887931418115376	0.171650719414461	0.173934360337084	-0.00718237427635946
0.0585204938205565	0.0528656715155087	0.271788539495601	0.0687802291247256	0.139952607165953	0.144015910581693	-0.0146427721423635
0.220292914693123	0.21086954086685	0.257418878862245	0.113709924188194	0.18235763697965	0.182268231711865	-0.0422719166825904
0.336115075339184	0.334957825039774	0.286925110412887	0.184180529989708	0.245872590569003	0.2453434348797	-0.0444004421410334
0.268273061906795	0.2634683710441	0.312621367840535	0.120642630629897	0.227911190275596	0.225791427752032	-0.122535320938858
0.0157429574310688	0.00968773196788517	0.278496364096403	0.0491336744938744	0.125914362262505	0.12449115682013	-0.035310847200451
-0.035374741333094	-0.025153464920536	0.284212198141181	0.0254349314899745	0.0986353755964195	0.0930453045805146	-0.0548376459302024
0.229183019368397	0.226338585443719	0.285524319850237	0.140657435143501	0.200827272508725	0.202600517566256	-0.000309623611152057
0.247886072151301	0.24127048353526	0.246566430588968	0.104064329519971	0.173275027552806	0.177325407161823	-0.10861891235119
0.436215461062563	0.442096978405226	0.413644951767415	0.368974189227686	0.392443551927787	0.396926264115245	0.287011477660963
0.37415078285773	0.379458413320741	0.303919480709581	0.265613569428414	0.290549143936813	0.290014750170777	0.0717903838604893
0.456826349183109	0.457578639447205	0.406898456331189	0.381709127296759	0.399191781323844	0.397955845877705	0.221449238190846
-0.0581119739780894	-0.0642365860248641	0.245686947296914	-0.0117369754570874	0.0652795219762295	0.0629741296285753	-0.0998274746040137
0.381857890142488	0.379433513118482	0.464890802836507	0.338819698642389	0.402833734792796	0.404313265879818	0.215910748243082
0.103371855061108	0.108290502099368	0.294971661934173	0.0974845668001499	0.178827573428231	0.177358774951979	-0.0130223243070143
0.360776547447898	0.365902367334662	0.283868429890337	0.230763772361508	0.265876384972212	0.262527193407877	-0.0024147127814743
0.41527282768908	0.415503658197332	0.465935582369312	0.36111362978474	0.420111296960631	0.419834564334311	0.260151115469404
0.23435730845278	0.217523196216728	0.346575475586408	0.179033429952569	0.262097222918354	0.253949276919121	0.0628673878710918
0.329622422312761	0.319626986926715	0.45881699843155	0.344850745277939	0.389541375854371	0.385191541683897	0.290057774886396
0.275763679196875	0.266339379324198	0.31172153100077	0.194549956885052	0.25120922279391	0.25048897073964	0.0635680217112763
0.246437458700746	0.249353288231762	0.274467642391497	0.171611812841106	0.216763427271186	0.215539315493488	0.0745972176235699
0.0571589875350582	0.0425550531468973	0.214786098707008	0.030490316015847	0.0945455452205047	0.103213513739597	-0.0928945654460362
0.0347801274184967	0.0332660108829436	0.299219215593854	0.0810047735387498	0.133502881150443	0.135399887052161	0.0137224383076802
0.282464067226526	0.285701174566962	0.226305064294067	0.101595465341963	0.167729902068667	0.173677367260233	-0.12612188779139
0.417965813312347	0.419588874116028	0.371897960087779	0.323951225360071	0.355669677342105	0.353637906902375	0.195676028188716
0.234085046726054	0.226456572407035	0.257417433942422	0.124316558102468	0.192860785357911	0.188677635787773	-0.0285908023874202
-0.385108650271501	-0.380206331698304	0.14548380470345	-0.297023980381337	-0.183069110499421	-0.185520326422601	-0.418060308538155
0.365997388102814	0.365875795248497	0.358387215359056	0.248479289070708	0.308813902575519	0.307907487429928	0.0853573099123497
0.394171594545495	0.384810950932927	0.375880059403639	0.281059544030923	0.330858816895853	0.32697821520922	0.111008757747302
0.0959852554385557	0.0982848698890642	0.242266871422968	0.0199716744443869	0.12301443907023	0.125768155472492	-0.154065894734492
-0.0701549180720067	-0.0663201067790534	0.21817362645732	-0.0285426260326298	0.0463209547597175	0.0495376763968642	-0.121430487921459
0.492075125073681	0.491849273078315	0.446612280158552	0.43584318583812	0.448023063181179	0.44666197011629	0.316418429532638
0.295953560399145	0.292631985611184	0.305120682471671	0.191378651906205	0.248305460845544	0.246344492258559	0.0517982941344626
0.239208229755762	0.23199964914295	0.343989631068222	0.206530638262625	0.263175975975149	0.264889792876389	0.117908158882264
0.458187529407016	0.456816539518065	0.435817681452222	0.387919799663331	0.412856550576892	0.411232899761371	0.293704901713306
-0.149473423501773	-0.154131046490477	0.187258104543736	-0.0961789631081507	-0.0188331352062739	-0.0177619144060262	-0.187076673871796
-0.255350915141721	-0.258610742617239	0.120370680548839	-0.191612199649539	-0.111811839655592	-0.110097420240025	-0.295256509747835
0.470716809568956	0.472136877625425	0.427663539870241	0.41489224205042	0.425253400315	0.422835395034963	0.283215339261041
0.218282135487197	0.212916916794942	0.325117208116689	0.15354004647768	0.231899230103891	0.229255958869442	0.0195355224756222
0.314208078527155	0.32159384066454	0.315602083826234	0.22139767730869	0.26911073074858	0.264695625667787	0.101204639446322
0.464208829925985	0.466106808206212	0.416417847725254	0.419129261781623	0.420230661245929	0.425008617308949	0.299497385164609
-0.358634379025017	-0.37390954606562	0.139694545171008	-0.288884791799467	-0.139689251511198	-0.145422304996412	-0.451180394951189
0.434404423224445	0.428318288071309	0.387466970713634	0.327439772197866	0.365559867722443	0.363402705379246	0.116244387171718
-0.133536476188758	-0.139011580050022	0.194851992032757	-0.114102703148291	0.00164325580381746	0.00402795224540024	-0.267505179331709
0.379189067985792	0.365537349183422	0.331173851163063	0.231334344155067	0.291430610961701	0.289580710999675	0.00599502208787464
0.218956129802544	0.218155360540261	0.224700651956172	0.0887282460669013	0.151654822605209	0.154971178357357	-0.0846375567036562
0.144342325513095	0.135179351646484	0.25191273864916	0.0746105873333952	0.160160051350906	0.155418850370995	-0.0662006433762186
0.141931070845506	0.139120048811677	0.315517030222749	0.164645298371572	0.210143292641201	0.205404184477989	0.121222092895449
0.233334623873892	0.22071075010668	0.254987954024774	0.0823550030420091	0.175034486063059	0.167039466713956	-0.136922759346446
0.507922040111823	0.509832069950993	0.471693622056575	0.44816255383883	0.466815856867059	0.46652218863942	0.317653293396572
0.503895057638745	0.507441652207536	0.478862535762501	0.455644019304946	0.471261699930913	0.472017697477042	0.375147966073857
0.502527935324617	0.506808056126885	0.463971249311771	0.46505817457046	0.46860523880078	0.469011564413056	0.342331007523055
0.0677169309703294	0.0917969119894206	0.261196822802575	0.00861898994984778	0.125345665117594	0.123006530712196	-0.213500629841014
0.406783651785294	0.412230308374557	0.382852584038813	0.295338840953824	0.342724843652077	0.339128740079804	0.10844577794119
0.392165440222339	0.395466172978146	0.403512746231128	0.310821148761226	0.365614117798486	0.361617478759261	0.195902352081413
0.0451551834636237	0.0425503831114516	0.303700617497559	0.0879646895854399	0.149828231050534	0.146604664144914	0.00671113734842142
0.404744804597839	0.413367736907183	0.363751375328909	0.310631668483053	0.339232942035734	0.337885814295916	0.16146802626961
0.157846824448646	0.162239738558972	0.331390226089711	0.146473335817834	0.222127463531152	0.218708292774946	0.0378125813502654
0.0878662984321686	0.0855822145643552	0.304531421767629	0.0968857269559687	0.179102818034178	0.172775249174021	-0.0105241628266152
0.0708046807890622	0.0773366563963003	0.271987395621758	0.0354592782243827	0.146508541713709	0.136920328710037	-0.138952930013159
0.512000974941757	0.516515864790349	0.495977630961823	0.477074481230866	0.487525307081968	0.489529755204529	0.41694634851198
0.204665718467642	0.20485155427603	0.329324110755812	0.195270593989197	0.246434141904866	0.244283326730956	0.124959800182258
0.0334065059977138	0.0165923474666979	0.227595105325039	-0.0399850703302078	0.0814657039862588	0.0841642073536319	-0.239252880120127
0.465943436394993	0.465824815418342	0.439591108768984	0.387579221839037	0.41833043712931	0.41731046413202	0.253985522477484
0.557610676274241	0.557155843843288	0.534101840076284	0.530988231145017	0.539630925259259	0.54013521421805	0.465073711633792
0.36675310244671	0.368317316401193	0.357818501960747	0.286243269074676	0.322611120040578	0.326675879448385	0.206163089241702
0.448325885783818	0.449626661932037	0.423148644956183	0.351257306018842	0.398714651197571	0.391938644602538	0.191875516420518
0.564363846950978	0.561831814491682	0.549397598550792	0.556863051882036	0.554435107532585	0.554200765853584	0.523775498276485
-0.183899470952981	-0.182805941714924	0.196160833240087	-0.125475874971653	-0.039622209891498	-0.0396878075202216	-0.210549653438232
0.0100919858172563	0.0186371597253945	0.155270627758083	-0.0192805269359354	0.044958601744109	0.0484740041362389	-0.132663039486632
-0.137517963513762	-0.130711410402111	0.167600542417088	-0.123820736537775	-0.0186422677719899	-0.0170243217680051	-0.255856956376
-0.304200148077242	-0.306178256611739	0.112949163684826	-0.241417579433668	-0.155991081484622	-0.160234669626803	-0.329842151173198
0.231993025486581	0.225135535784682	0.334911961159252	0.21253740327332	0.258643089334346	0.259214957837208	0.135081444597829
0.0133473941538	0.0149839949802229	0.232513714272709	0.0229933814871516	0.0992381087654739	0.0977728427600559	-0.075663626486589
0.394816763188397	0.39577936519699	0.422374363241916	0.339196786142842	0.377926976060306	0.376787486875495	0.247774783144429
0.402514785497934	0.404934535429353	0.454490908591653	0.365072696567909	0.404308803799147	0.407667707891381	0.293790874924018
-0.191997821532654	-0.201145883715319	0.257100041065599	-0.131912115613495	-0.0434720092399218	-0.0473895991358579	-0.225863704883669
0.315161088031651	0.316538700941104	0.258060814194102	0.189156780379613	0.221492657704901	0.221652253819653	0.0123544451278692
-0.186871070672782	-0.193044073094426	0.109530081766841	-0.15235013854814	-0.0674381809912599	-0.069888271823791	-0.262797250073128
0.347629658486868	0.339739406800226	0.320175335486254	0.203864798861488	0.274583026247766	0.273130252071678	-0.00764374595321587
0.409187070283269	0.406914758527491	0.371623576654165	0.323820641857735	0.350378538749244	0.349386033201741	0.208924377345839
0.07466942663564	0.0833830083371618	0.21820686460186	0.0410659055843313	0.112055426071777	0.113426370808468	-0.0775105700122847
-0.0763551712652741	-0.0824854236101528	0.185138228525793	-0.0734395869301461	0.0255619548435558	0.0246884474034542	-0.209320639780916
0.396697167752906	0.402602120805859	0.378277479391556	0.31144667049237	0.346613020681153	0.344152958882602	0.187904174261677
0.486115225660864	0.486215389897875	0.512533163417968	0.470706247242342	0.489902917187943	0.488690130289519	0.438518288613641
0.318959975019111	0.321870226190264	0.40139626482115	0.278021899214104	0.327680721406877	0.337900158423956	0.186959719089361
0.386299822267561	0.389216891237281	0.322891923554505	0.266926082505754	0.298987799946319	0.301268600116353	0.0474632426939045
0.562425050984922	0.560839200094737	0.544965729052201	0.542337026923403	0.544874925859736	0.546551052791943	0.489899303794127
0.344183089204896	0.342653828399619	0.309611292601433	0.204128717371623	0.257721729531287	0.262413892670795	0.00133146874695702
0.439718143392249	0.43715661406387	0.474708901501736	0.414735152646218	0.435599148419909	0.438596204990971	0.367973524020168
-0.205002380046546	-0.200556721800036	0.158294110380605	-0.148156711212705	-0.0728597076933	-0.0692428264839641	-0.229220682225816
0.221151305237807	0.216369106061939	0.236408329788451	0.110171208872199	0.170746313280408	0.167704387084604	-0.0334214802372793
0.502485872577751	0.505657508073259	0.473016133265286	0.456275787134062	0.471026074244032	0.472324831605486	0.386735407318827
0.0205816327894615	0.0100460067542606	0.211129916739273	0.00580736221361103	0.0843088045101715	0.0843421331872027	-0.104868505978325
0.461722130429039	0.458057206432681	0.424557120020776	0.365293562710912	0.402133374530989	0.400940123980956	0.205259500783993
0.419295549603325	0.423672313561536	0.354433143254347	0.316968449505629	0.342184663279284	0.342091624821091	0.0995202916156357
0.120685127754307	0.118790230017619	0.212719342174249	0.0456888031281333	0.119818256886484	0.124472543222337	-0.0813620601445301
-0.173083066886472	-0.152859280259448	0.154095243884053	-0.16944676475816	-0.0271172059064031	-0.0321005470371249	-0.339156653177716
-0.0848764864192467	-0.0915765272391328	0.200172285344574	-0.0549182606725743	0.0384321874117552	0.0319655194657084	-0.1744297137125
0.247879678889997	0.259289570238266	0.358673540620695	0.204081362247807	0.273665618016312	0.2731656303257	0.0827527992285406
0.255125223612748	0.233323933515353	0.243378482519085	0.0926787522876552	0.172604794611921	0.169918780213926	-0.138748707198693
0.50434920558375	0.504406169684427	0.471796135464054	0.45118804067467	0.468986104948749	0.46940272616266	0.34268791475147
0.360422877042632	0.36640339541346	0.316814066809188	0.22564410933832	0.275818228643382	0.277147493027133	-0.0023333994286576
0.156309564730852	0.156274869581162	0.226800539122526	0.0811783900841581	0.142888230508063	0.143790607450785	-0.0465140057457358
-0.230352164538205	-0.232857317870645	0.111392047270808	-0.186609448681648	-0.133279249420955	-0.135675770602746	-0.244910949801148
0.315964970793675	0.316343074558611	0.292598937991302	0.183642231304487	0.238980007980624	0.240614587102761	0.00707507936239909
0.540672882427078	0.538588732889311	0.564897983185667	0.532893990193077	0.543866111177084	0.548452486440524	0.498731618496354
-0.0769885696496422	-0.075012551547161	0.193339690676262	-0.0271013088899445	0.021507507441987	0.0248649689171153	-0.090697603617253
0.336866671960954	0.338494764064943	0.298526445056127	0.223272549161363	0.266982422515679	0.260009938252946	0.0962545018434043
0.242418850503584	0.250681799934985	0.3816387498551	0.26414010491952	0.302260785609121	0.295663739009689	0.211053844082482
-0.0273909176435599	-0.0254091597308815	0.188311931810594	-0.0391379273779684	0.0483168960179548	0.046152297308186	-0.16478173309195
-0.321613483923649	-0.319437745381982	0.0924760993798924	-0.249682920114582	-0.15614842727989	-0.159888048151467	-0.35958394718905
0.373211985471181	0.373208312686817	0.330405715569811	0.242524800279511	0.294408898275291	0.291430146378245	0.049424322991329
0.375772142109805	0.369323152014669	0.316555831800528	0.224509919156575	0.276525261186326	0.284992455289807	-0.0579769046253114
-0.0752005730197663	-0.0862184108288228	0.218289241034582	-0.0316768112339601	0.0457000810410869	0.0442029163751221	-0.115827894387667
-0.248792304247326	-0.248977924194054	0.178242280727621	-0.183778584273835	-0.0949295441184747	-0.0914437039966318	-0.274598587191912
0.407482271058483	0.403051592013947	0.339129363466223	0.300939622761104	0.324884394758456	0.322719018867517	0.0697729566403648
0.437269491532941	0.437407328513389	0.377367206177238	0.359997082498215	0.372774185389418	0.372723508446027	0.188944968381332
-0.110434950365859	-0.108240820887622	0.216084686683851	-0.0611348791350013	0.00554109937380449	0.00885030385981292	-0.130820729691172
0.315907118271375	0.316989436071414	0.327926155869164	0.214803477061846	0.271857531562702	0.27054311846132	0.0779797973525383
0.530807040343204	0.53065889024593	0.50722995332122	0.498124553126498	0.504352229729334	0.504083621278269	0.425243040502429
0.242013399537927	0.244743910436975	0.342698216875097	0.204203218674892	0.265627834318523	0.261876485615632	0.09874767282675
0.514035374588649	0.514823115009909	0.482447505040851	0.465780384236802	0.479971409267005	0.477057145819675	0.356120026979351
0.39789028408207	0.393887805323997	0.338621499472694	0.324938841071259	0.336891057045754	0.334402065517574	0.202962997373457
0.455867721467141	0.452005936269484	0.420273397037391	0.356410518319889	0.392081975963912	0.392449016951643	0.184013531105177
0.498234394182827	0.494889546470331	0.451747204699008	0.447839872145581	0.457184721970005	0.452007152298409	0.315938708469074
0.499497170944166	0.502047691574436	0.482876747534117	0.447406216913756	0.469137062373206	0.469744493264685	0.350988933395069
0.371616024225048	0.378280132709839	0.386370053639215	0.29054402117604	0.343617768997091	0.341978244861	0.170970102858681
-0.229847441667588	-0.228079807932258	0.135512197617222	-0.169045663326467	-0.0938788617576551	-0.0895160725108819	-0.254691364065018
0.303920360886071	0.292052257447194	0.431474868775677	0.289127399404838	0.351742004103427	0.351117044431574	0.203589212725236
0.403777448226877	0.40098496655969	0.427891876655854	0.350263736119722	0.387872162644145	0.386360336851566	0.277000892683233
0.0784321892084555	0.0906899957744032	0.292929425329197	0.07241712987435	0.161108624689488	0.161517785804767	-0.0618041153023839
-0.238189049053767	-0.234616591706263	0.171657509478453	-0.171011091419653	-0.0714786225614033	-0.0699475849439697	-0.28348045590988
0.104282059904492	0.100487046231195	0.392941688030771	0.145924556345214	0.196272719263711	0.195764027469475	0.0874288216956879
0.512979474916447	0.51354064345235	0.478304046650272	0.45833419885669	0.467090621720299	0.467317651544063	0.330087900522876
0.492875593516975	0.488296114897952	0.461802985341101	0.444612188354962	0.459796891375862	0.458356052602109	0.383568176631304
0.314232177151665	0.322272102213186	0.35971520432459	0.22902101808155	0.292228640627069	0.295368008516091	0.0729419103529446
0.364401108757203	0.361945062994804	0.330000892608139	0.258885863050183	0.295329939561983	0.294055206393479	0.131673125811927
0.436148816659092	0.440397262085908	0.431848022703809	0.383541381726133	0.402324671952551	0.406844648044811	0.311330070457688
0.526628465751516	0.528948810170126	0.498536533243859	0.488509188423183	0.499197308531168	0.494472923009085	0.401677777099365
0.341941976644883	0.342508347690864	0.290162202963744	0.239345885352481	0.265362829097961	0.266272614826473	0.109308240553999
0.461358750542682	0.468390690138075	0.443381208768942	0.392086764771912	0.418394483839848	0.41773707366416	0.276479731187342
0.248513611097237	0.250821194739377	0.2613250323758	0.132223476313241	0.191675212474552	0.19687544523114	-0.0341310334392504
0.3748395566714	0.380847218758674	0.317743141922565	0.261073294842515	0.296109998724121	0.29496848599009	0.0799563607749702
0.427053960025351	0.425354875681374	0.38230824027986	0.324776510651168	0.361513182836098	0.355198127258731	0.162237489428241
0.151056687839855	0.158935597882263	0.22366856990552	0.0340881869926738	0.127377700935754	0.124420029966479	-0.157281773654066
-0.0778076615781269	-0.0766336162164127	0.225222459167043	-0.0417349791983593	0.00718852900231403	0.00570401614588044	-0.0885996410709875
0.245543676546772	0.256444130095484	0.313312513882089	0.149699581719991	0.232470610520322	0.232703323334749	-0.0424532613522299
0.43185708195644	0.430343915654832	0.380763087906405	0.318934147779923	0.352451255085642	0.354499164440927	0.0962093146924794
0.352496944255444	0.36252471737041	0.302126630296521	0.204831603923467	0.264684692328257	0.258728240017943	-0.0572861941268686
-0.234348716103312	-0.24905438177474	0.0719994175806259	-0.215195978583925	-0.108854789947365	-0.109790588928305	-0.355736521679632
0.171932727942058	0.180409284932998	0.340638565105504	0.180712151250167	0.244626788353963	0.244732975096767	0.0945408337215256
0.308304049621317	0.302032394500504	0.301346777817564	0.186946219556318	0.251648966163349	0.245573244101119	0.0351586238914882
0.207813077381519	0.201964282927814	0.383460553916415	0.235346344044784	0.28077508606772	0.281462111006792	0.179053384032443
0.240091588743775	0.250457915935029	0.216179070219006	0.0938009054982499	0.154885445550999	0.157580576410602	-0.109013140320467
-0.145211997909004	-0.159348323890208	0.177992656671514	-0.123356449511599	-0.0126215580441065	-0.0133318968816849	-0.254761045948438
0.0130470454485807	0.00845553332979271	0.237918649189313	-0.0192757606867751	0.0943917406304557	0.0900111406722121	-0.190436294839069
-0.00486671459838705	-0.0103901212425394	0.259559881380441	0.0269068414353046	0.111385380734104	0.105028096796739	-0.0649059046000992
-0.0566124887503635	-0.0788405339159689	0.211337036187124	-0.0582229205818432	0.0456893667869931	0.0441565142369822	-0.193132689466431
0.460284880259948	0.461745133184914	0.402227476314942	0.38408592903361	0.39910788135692	0.39968170983449	0.187642417490628
0.430679623667538	0.429161140619276	0.407560332540914	0.349638311267466	0.385792715434444	0.380281715510358	0.254859519119775
0.282028056295393	0.27466791481304	0.270437501489419	0.154575790512764	0.213491337035234	0.210675737756789	-0.0076406939136946
0.179181588247526	0.179137690184865	0.25906911698059	0.0692420397210229	0.165788180852791	0.160775920060805	-0.122188973696711
0.1395961420425	0.136190714581572	0.294158884155504	0.0818637585898749	0.178485144208413	0.181652614019461	-0.0705964945864694
0.0205390654444578	0.0297367819503243	0.292641059633811	0.0562303829651956	0.141239175891097	0.141308340627595	-0.0415037988365749
-0.0459957161991541	-0.0454082613165123	0.266956296631859	0.00573416718231777	0.0694993564207126	0.0719978199913088	-0.0666257142420771
-0.105820972719486	-0.0991918777432542	0.232739496281726	-0.0516867938313259	0.0426752919484188	0.0436340603051296	-0.161520341630147
0.347836037655417	0.346017268416269	0.42712097807387	0.333367700833617	0.37242626658312	0.370962903867804	0.271675666652223
-0.0756696522409183	-0.0704070977078484	0.226801042448719	-0.0235276358025587	0.0518952993153686	0.0480946201485924	-0.112391131846561
0.242718715564697	0.242407255680679	0.266049937900566	0.139662591987964	0.199041571819103	0.196025120488278	0.00210077786160466
-0.162790294894271	-0.154969077913717	0.194131791450101	-0.11909754968391	-0.00827386802555189	-0.0142398594958883	-0.263202421756281
-0.639509221855161	-0.643408196069927	-0.203089658630574	-0.609748863928158	-0.567378923020288	-0.567563122000541	-0.656431335216269
0.358792861461127	0.360883828674608	0.29694782093157	0.227632990689188	0.271341330067638	0.269463597856071	0.00213415591119719
0.0115389268202331	0.0072051325483179	0.278685440071603	0.0570457869635249	0.124186621888452	0.116555128194011	-0.0310842901882718
0.38330095565756	0.38791855288765	0.380293738211595	0.314056553771317	0.345104768120977	0.347562015479846	0.234141293915205
0.30004902342074	0.306256752496444	0.377176028669542	0.279565484380072	0.318653988891703	0.316736808453834	0.207958221048329
0.0171942270695615	0.0200396180316314	0.208751610650901	0.0412836059359471	0.0955874320309099	0.0983285726728292	-0.0339086084916019
0.33553636207427	0.333627703042333	0.352448074119487	0.249707231374219	0.299440275078674	0.2998798021999	0.126340806824748
0.369619901233793	0.368975719560123	0.293815859185146	0.258907986477909	0.283423610156205	0.279671272923004	0.0590763932789292
-0.0939184273804751	-0.101567282833294	0.160769260288608	-0.0759796870978542	0.00998067278998809	0.00553184149262369	-0.182750848256143
0.156711331949887	0.162213672138956	0.231887490077089	0.0679673648369163	0.140874437708931	0.138937649237217	-0.0794980132208929
-0.426933600578272	-0.425606225144337	0.0573875753326688	-0.360569938653821	-0.298445674420474	-0.294999303249202	-0.443112237819592
-0.545711651520075	-0.552338266507048	0.098514704786522	-0.478658717883879	-0.367072181978293	-0.376342408247755	-0.584539258453428
0.120678347742113	0.120979930814095	0.246941683449609	0.0964419889328623	0.15841726253997	0.157500354980717	-0.00270882442112806
0.0562359695071993	0.0480576216273207	0.233999827549309	0.0739159503924549	0.121863924219413	0.119287278584232	0.00103042259362333
0.218249814214657	0.209453022663575	0.261966929749198	0.10578681071609	0.186521060219303	0.174989159923599	-0.0685512874608561
0.374866560086337	0.377006904103373	0.320231014376872	0.245101626250973	0.289206919618212	0.291292267596001	0.0364083140108813
0.239406031106535	0.238154435508069	0.251970602272735	0.128483408267094	0.186702143157959	0.190854080099968	-0.0115682495693302
0.34741835211602	0.346402722800542	0.342495336707927	0.227865901228367	0.285054602628308	0.292241775011545	0.0563168783131759
0.397225702258995	0.39378985999694	0.367263422516092	0.264624693818805	0.324770197686948	0.32722234124842	0.0386001669081482
0.314299905465455	0.309484886450762	0.265224071038943	0.177046710761235	0.227371496017039	0.226710594394847	0.000919090972164085
-0.0477543523378588	-0.043945888580267	0.195073394525804	-0.0294515987929958	0.0516289496512908	0.0468790581059212	-0.144361636406818
0.089563248251089	0.0967302083298386	0.288080739879456	0.0685597393376061	0.172578957629399	0.16497298704383	-0.0668671939535055
0.420401227984823	0.418708912306645	0.383263064917809	0.311696101708085	0.355751210377069	0.352804704292777	0.157111508358835
-0.139932761392473	-0.149214722620643	0.210638513603212	-0.092248417361746	0.00263105767700518	0.00367063406925045	-0.200210414692054
0.476977331457965	0.477273961850522	0.426006119935613	0.419660589344979	0.429077027089505	0.426377744271471	0.281257034299447
0.389108379912237	0.388994457152356	0.328649737216902	0.271063055295947	0.303499488722833	0.311064861536052	0.0649694905312499
0.442222240098549	0.443089667585366	0.400279361688344	0.359551880581177	0.382375391871766	0.383596739436183	0.208363722439017
0.480759970075799	0.477326142707988	0.458309565024272	0.42470330427402	0.4430083803493	0.443926896365104	0.345593169690479
-0.140242529046758	-0.135513987216975	0.224887196749011	-0.0896826703982472	0.0163586982052155	0.0110014445516173	-0.212015508706189
0.446469916990407	0.442417901104297	0.387040053631243	0.361019344830376	0.37912658647576	0.378615174025026	0.191371737061059
0.456879280119652	0.463500749753165	0.427135413882322	0.360890363851743	0.398305667437707	0.402093819113967	0.176368026021595
-0.376669687901892	-0.379726259781252	0.131053581875721	-0.296549701256678	-0.198187517912862	-0.196341720872728	-0.410572283636213
0.329768437959514	0.333184831389948	0.265471730323377	0.208817666508159	0.240787884708204	0.239548391546191	0.0195427608495961
0.334788947923546	0.341732785347366	0.388228578385867	0.289681871079714	0.329813296754026	0.335708975619357	0.197691641714713
0.545042078161709	0.544782545147574	0.523343179318745	0.511533352354343	0.51941122479818	0.517477222806241	0.452484252806174
0.555547344147259	0.557329014734079	0.540220917161	0.53808528605893	0.541453488623859	0.539165622873299	0.485608485161501
0.424464709916429	0.42893035100658	0.377875589794695	0.335466318184972	0.359978249110124	0.358182757563154	0.183608903317138
0.265909022243841	0.267463767875706	0.28744923002264	0.148631428337435	0.223310943734678	0.21814586147484	-0.00149293631198066
0.414503399804047	0.412812141870417	0.355837163576658	0.317622019540772	0.343197338285858	0.341511853258087	0.134915603341189
0.342089247970344	0.341768554948627	0.291802677180044	0.190125410120818	0.248168265167336	0.242869362323627	-0.0637085962256287
-0.168101965764097	-0.167867327811778	0.135148951645003	-0.121920990993195	-0.0460095741999831	-0.0488473352973907	-0.226370618043327
0.437650611562027	0.436974428956958	0.394164818634106	0.34074467945388	0.374039646130979	0.370622370012353	0.183770547723608
-0.17529721238664	-0.179064775865064	0.160980367289166	-0.12963252365508	-0.0369971023232517	-0.0347453669527452	-0.245396107044837
-0.043477743192073	-0.0412210041621933	0.15942116266489	-0.0604447169498702	0.0246494556062101	0.020558938794677	-0.191268960645307
0.439641227860277	0.437144309503007	0.382830086346758	0.367672583714824	0.376981952808056	0.380459249113519	0.22238155910793
0.228945623308436	0.239410583453168	0.279234281581858	0.195625202787696	0.230718327404643	0.225868388995744	0.137023814127633
0.425663327924988	0.424238156349134	0.370386074342575	0.32952517702366	0.358405344747616	0.352153164532626	0.141156102060292
0.429071159093522	0.425728603111507	0.363859796300542	0.344662796655923	0.361240512174165	0.357321122847573	0.182423426131705
0.288142334050252	0.293205472948742	0.244155493459393	0.146978264099378	0.199409434181936	0.199342220923206	-0.0388441582864061
0.0205376152989165	0.0245784503043103	0.231582377794383	0.000867645561368065	0.0968783348295963	0.096440768322339	-0.142850134583778
0.115359102901407	0.125809873740511	0.300899354683572	0.109423296522228	0.189335544363074	0.186806403617308	-0.0108472538908929
0.39243979274535	0.392963667396396	0.443823841379214	0.363905091538984	0.397095989471733	0.398342661400995	0.291008362103809
0.401971168872336	0.394502465464332	0.34435917457311	0.292350017512424	0.326025609681948	0.324999031835906	0.137708688903353
0.348946624326304	0.339291679240772	0.274689918474391	0.205736008980669	0.248019898628488	0.244728593020211	-0.0272353730683176
0.50885688845754	0.507220178951493	0.472921353375566	0.460795526287338	0.467193192965605	0.466368925495353	0.355967258280939
0.277929756767051	0.276834917640775	0.265143213972374	0.157466632831811	0.212765985477536	0.208123295419823	-0.00847515332254857
0.304479076193321	0.286260705401703	0.310959629557096	0.167142876358084	0.246089253797797	0.242543416604219	-0.0198879374050533
0.196093287033832	0.209070480280007	0.268726659801528	0.116725368399758	0.191264650168703	0.185558655634757	-0.0197822601802679
0.367124634929507	0.365707352550803	0.302470369261153	0.233273951646203	0.277292039377848	0.279639256869011	0.0364009593405571
0.122242705274302	0.127586162077396	0.176950174366066	0.0186012061675977	0.0849789335840513	0.0872137844419279	-0.15045296160075
0.207213678392739	0.205523502889489	0.183069284458555	0.0478305196018962	0.116853137219978	0.117150219450011	-0.146736916451913
-0.123293813961051	-0.121276635017069	0.124660720282534	-0.0789767680983245	-0.0242451968387475	-0.0220402281540336	-0.139665955986816
0.589931112798637	0.59358744755112	0.586159272589701	0.591997831732413	0.590290993969321	0.591371430100922	0.596715278400465
0.421982172039088	0.422421248290251	0.366943827102882	0.322982568737155	0.353424271174124	0.352179795504254	0.153387651128353
0.544017425479373	0.541122600157094	0.541274193906787	0.520274338715205	0.528337244124107	0.528376370195257	0.479923941917231
0.136583502071778	0.137042229557659	0.352504799078169	0.174614940951324	0.223195389908358	0.225826691236957	0.110926075340053
0.313452639607468	0.31230037313713	0.367692292650795	0.264703387248857	0.310975539208646	0.314812368419072	0.1898403106361
0.334929687503338	0.329030996445522	0.26846047617307	0.182460768849179	0.232356175987111	0.231314696322968	-0.0703230200045635
0.0403044633250194	0.0429399572441846	0.242957655337632	-0.000876143294246293	0.105261970075328	0.100148153078272	-0.164054249434493
0.341044108689573	0.340416608955443	0.293638556308291	0.212885786656028	0.255733701780545	0.250912398435766	0.0439575363136646
0.484856702569969	0.477919525967414	0.49905593585661	0.425205730553317	0.463601720804291	0.466733034589386	0.301141622820361
0.375624724219037	0.378346316616495	0.336525667246626	0.266097240732647	0.304080202889736	0.301345937022581	0.136298624386881
0.126777494661741	0.133545711818777	0.261061669868225	0.10597685365505	0.171180540093799	0.165025965028741	0.00876878609330211
0.503412772867738	0.499313380866995	0.48056405143248	0.451625035473996	0.468971530520435	0.46762784951678	0.347762502559951
0.436108757219541	0.433172715840544	0.438183570036778	0.386086208667428	0.411150885384698	0.409889485405177	0.30959334197724
0.304904708507631	0.301177474870325	0.275704023941503	0.145153450667898	0.212153468369005	0.212626520983461	-0.101202946413697
0.221973627861108	0.217889072043049	0.240622045181805	0.0842810595711636	0.160934137743032	0.164702782819893	-0.11230211169249
0.173014945067619	0.175546288945683	0.267716729385726	0.118682786326832	0.180549866591881	0.182279190931689	-0.00778596981641808
0.377776564666284	0.370262190015868	0.438616431555319	0.356775793508297	0.391000240227173	0.394101581411743	0.300745246032284
0.492466954029267	0.493435483886283	0.465443771384334	0.441287093114436	0.455462125652019	0.459637956905853	0.381091880696474
0.352087971450773	0.353386070834722	0.318790750528435	0.23631394236395	0.28016703883416	0.279210039909362	0.0709282386603298
0.234569269897457	0.230023208715739	0.402713709075385	0.25025443331952	0.307652350707101	0.305017352873393	0.176148546575392
0.369226560262845	0.368027689839789	0.298195062014864	0.230946485503198	0.272373326984488	0.27251283811069	-0.0414757542758636
0.329980440647331	0.329553549448805	0.319913112774849	0.200791043999712	0.262841328584252	0.263223615395808	0.0316096912062245
0.332456637645682	0.336681788430854	0.353911156771405	0.250613870371427	0.299917699952464	0.300173118484789	0.123279314359642
0.46298725445588	0.464280753156665	0.418121450702572	0.37506674991713	0.402746583367938	0.403396692734679	0.185089641184087
0.463639674291817	0.467863466443069	0.414463367354792	0.381151727948145	0.401029511375718	0.402632430729968	0.176477016093604
0.385809605283518	0.389981171297096	0.375519199070979	0.290513880185261	0.332830584030078	0.333315077161712	0.132964158550008
0.166979094708407	0.156363370251515	0.224671516888808	0.0281577206831919	0.127269657313137	0.121477971436612	-0.206044387121963
-0.220893551150124	-0.220692960848752	0.155221853884701	-0.169007242025299	-0.115268128492165	-0.116557303354401	-0.232458726827571
0.0772576545627728	0.0812975338131109	0.214529653331197	-0.0184622687738055	0.0916285728186492	0.0823482638762791	-0.23460831666287
0.531387018483412	0.534059471187071	0.538896906752789	0.512403017364189	0.525259059415991	0.5286314199307	0.487154274390838
0.458369796086498	0.457689420539094	0.402471813970064	0.371399018524672	0.389497873064013	0.392226507334661	0.186174206762415
0.340637462163806	0.342393352589585	0.310152326045246	0.210599775935241	0.266085882968463	0.268680533627689	0.0133333179050454
0.537387472153059	0.534260036623642	0.516094922070873	0.500066965085043	0.508459855134352	0.50696883218509	0.427747571131211
0.319243951160215	0.317536771385806	0.269532227777718	0.155400575520148	0.223775153137334	0.226758772911686	-0.112188639636666
0.322685692712352	0.326357220896282	0.30826307171132	0.233001050991892	0.268714343539109	0.267151009135152	0.127029351754015
0.489258476783436	0.489248446985032	0.466838940664846	0.4381397909217	0.455561455582263	0.454619132831126	0.373832452856304
-0.00184549273512026	0.00785499708846878	0.291778714614386	0.0362893194382527	0.12626626759783	0.129054133733794	-0.0679468363166131
0.386776672251997	0.383122077491699	0.370478145244656	0.304672886293947	0.339054607823059	0.336275127491398	0.202868079654171
0.20800532171301	0.213864732335986	0.247123748174125	0.141738402530999	0.186082231242668	0.185780421265418	0.0439217844578762
0.455463743146394	0.459480276127141	0.407128121664444	0.391245875644792	0.406404896199978	0.404188289118893	0.27833331208094
0.422542679754317	0.420634425228682	0.360513953087944	0.326229406467862	0.347915707506765	0.349502006598192	0.1626602199505
-0.200230136913769	-0.203112402720553	0.199292244350425	-0.151491834560491	-0.088939663837251	-0.0855202550245901	-0.214737596679719
-0.161664188351155	-0.162342160263408	0.175384031036818	-0.116189268802279	-0.0136693312258241	-0.0213871302875409	-0.239629300923236
0.538962623177446	0.537909255240761	0.518510204676542	0.51379804991951	0.51817476720555	0.520411497490373	0.47015589950694
0.23401135114481	0.24731151138724	0.35842976689823	0.203076258057982	0.273325236032847	0.276785950799809	0.0969054407376148
-0.26426244866354	-0.262956446020591	0.176490141038795	-0.197682338026842	-0.114683297415408	-0.111812090029055	-0.290231303349274
0.367713998560704	0.375586261618725	0.38881599824611	0.290760676215384	0.340403790671147	0.340654335365616	0.168372938550181
0.309927352316525	0.308068578739899	0.252120108518073	0.166692130563207	0.212277817523287	0.213057237584101	-0.0393880762128457
0.551471778735861	0.5494461144298	0.527726616138342	0.529567134340918	0.529095715608833	0.530836362499505	0.450789001249771
0.333545694072115	0.336072025502585	0.268292630074764	0.197187963876795	0.239669937706851	0.234081244141722	-0.0116062109664255
0.406607541376357	0.403634123025669	0.343333098012856	0.304124699366422	0.333356515948851	0.336466294693429	0.136946779915355
0.399945628427273	0.397464444691207	0.353522794621113	0.282875205364298	0.325684314065945	0.325509274513797	0.111588652763344
-0.125304883204176	-0.133176582649716	0.242345608676031	-0.0750755922811048	0.0302289206131124	0.0220302498284932	-0.184360512757961
0.41878537425481	0.418399990533405	0.39327150480694	0.342995320369278	0.367799684731944	0.36949196458294	0.239349842327751
0.52156943300578	0.51640896479426	0.480350531674903	0.47318691899869	0.48538959132187	0.479190328634201	0.322661983596638
-0.129314081263054	-0.13891676759656	0.22945602413717	-0.083470849644731	-0.0132728625844705	-0.0132389615832167	-0.152947806908187
0.388324350339115	0.389580061131358	0.340244929520022	0.27602524584891	0.312690873605761	0.309765199812247	0.0710196093931083
0.423166894732095	0.424362739548417	0.391194740058356	0.332245470817376	0.368145968283233	0.367477553366537	0.20995733450824
-0.127436000660271	-0.127589199132289	0.24188320048836	-0.0618008637836165	0.0187722264916989	0.010133920698386	-0.155207342715572
-0.116220200273342	-0.1247515623031	0.146758131632788	-0.108271580483329	-0.0223192912818991	-0.0159186948374616	-0.235811499947826
0.0514388209672377	0.0530778912215736	0.279764872961997	0.0872391713571534	0.148464013830144	0.145545483939903	0.0138016122772137
0.00263870167256553	0.0155355438860761	0.237504972695875	0.00299413528764767	0.0948599068072143	0.0926563401261005	-0.142223708002388
0.0489714559614375	0.0621195727016643	0.218104547131194	0.000518126068528641	0.101275948220896	0.0907291435565174	-0.15101920031458
0.485850732849337	0.484582213648856	0.446560492777374	0.434925965180961	0.443300249759452	0.443153720887665	0.320714653302654
0.342639469994329	0.346160447261705	0.298861344062086	0.228560040829124	0.269007796626878	0.268539543103304	0.0580342415143233
0.377369708950998	0.379515592378352	0.328622770667188	0.250818190358066	0.29492823343293	0.298276051866831	0.0550686943093659
0.415772699126241	0.411072070397438	0.468808549855473	0.389876019900942	0.427804366503696	0.425076428190586	0.333957523255582
0.410978650974284	0.410938310407487	0.349196673628286	0.312123087480626	0.332779702321891	0.336728770412206	0.137199880369695
-0.168417721035685	-0.164355730073681	0.157406712742249	-0.113169572143228	-0.0430451084932481	-0.0375870063896509	-0.189298107754085
0.336050082195911	0.342645792055107	0.317740902112917	0.253028673590741	0.284836446544652	0.280423235271362	0.154944416074156
0.37854861427371	0.378429990625414	0.33659182152217	0.224088011297671	0.289536839187202	0.291861239777023	-0.0388659476421133
-0.0981907577978945	-0.106722121159603	0.224410941689631	-0.0876969944196462	0.0373004571321914	0.0352563626885737	-0.252744723035663
0.226843025400481	0.226012896864404	0.329623390908354	0.193334555188915	0.250398098846931	0.254289191674822	0.0929343973563852
0.33126022750851	0.332936965953703	0.302315673952132	0.211296806281249	0.263414469798637	0.260792178280046	0.0779844315258634
0.473767288324097	0.475053394637318	0.43547456878323	0.416235964860669	0.428135543735187	0.427521728502126	0.314704295795853
0.110354828195356	0.112785222221356	0.212111556544038	-0.00126558760636551	0.0970166711653872	0.107346488802637	-0.228777117408884
-0.316145391852105	-0.327595939979762	0.1883459593235	-0.231135498033928	-0.101723383925642	-0.104883283865347	-0.36089096381888
0.117952988083911	0.127566711777532	0.302190218640731	0.102164394264591	0.18626053622772	0.181745511852229	-0.0420136492404118
0.325769119765135	0.320416092276885	0.245665441613034	0.192292930871012	0.22560586453163	0.219949107586566	-0.00664033820223353
0.479757126640848	0.477648372687776	0.440577612125842	0.426968792078993	0.438482537226592	0.437772496286007	0.343503292315989
0.384633732759321	0.380756575795216	0.327994342457016	0.258775083910174	0.296986007949622	0.299432408551009	0.0832403700825013
0.0365515940061873	0.0273310228929099	0.263016530581029	0.0515821199186741	0.127939699395993	0.125169065496006	-0.0468145228679398
0.494837008681912	0.495319495569668	0.462202584838149	0.431264164774395	0.449785647148744	0.450517507645781	0.327521019348633
0.375322993422745	0.373798319069662	0.302046136011557	0.269751726305254	0.291771435779975	0.288733985175987	0.0645648754472872
0.423565933419679	0.419258517031411	0.359175716339906	0.312226533464354	0.342514061373915	0.34860730088996	0.088290136073632
0.373010214460488	0.377580872497461	0.383966302423586	0.290244182863788	0.338156040209135	0.333932299991045	0.153815722531997
0.222017286609935	0.221565357284038	0.227016271700532	0.115076716219635	0.169731884839509	0.165327587351234	-0.0275315403895952
0.241388843010505	0.228828483506701	0.246863652717079	0.0806614432862998	0.165647267321175	0.161615120994227	-0.175453998355538
-0.1236353108767	-0.131124703290021	0.177036493067421	-0.0939225344012014	0.00578463518356329	-0.00436915756406637	-0.232667372496625
0.444802204781788	0.444335860235206	0.403413775548485	0.351133212186639	0.379152651124681	0.383637069951321	0.190125688817677
0.0143654050366128	0.0123140833571735	0.265354601489429	0.0187861099253045	0.117251390469523	0.117435574890083	-0.107236166562214
0.42067150429254	0.408722768960906	0.355745960549918	0.289595782986954	0.334383413368688	0.328029776086712	0.048708752391808
0.403162553608144	0.401044979835677	0.362853632718866	0.301337262387049	0.335823007703884	0.337602585968265	0.15753812811135
-0.0404800687928973	-0.0399104355806179	0.228375898175234	-0.0462700885201229	0.0688648517620697	0.0645023880780433	-0.184071166534429
-0.468595956697465	-0.47123084092787	0.0773666650950763	-0.38384899796099	-0.273121657215074	-0.270681449747157	-0.503042983651798
0.105656429567984	0.104902191866785	0.250616303264528	0.0435871073869159	0.134991073558638	0.132932661918588	-0.0993366017897437
-0.130044644909643	-0.13124803640768	0.177708478209766	-0.123016861372234	-0.00324254508265113	-0.0116731111145443	-0.287596095499549
0.250347223721512	0.251935100313701	0.282336116851188	0.160825878307263	0.216104144275896	0.217620497944332	0.034488617767249
0.208652990310002	0.218159997064584	0.234111120260124	0.0977326098433807	0.162276049132534	0.16323886791333	-0.0393996014799897
0.371482649816924	0.368362072226	0.333450965527092	0.227664617166849	0.290662418758245	0.293859357276202	-0.004693657621819
0.311545796568289	0.306266737742672	0.395557464945048	0.284178024980452	0.3317850005779	0.330653066348738	0.19753453947332
0.212315823270112	0.211559751156256	0.336290882567519	0.200393957797011	0.249749720748711	0.253926939245071	0.115517197256346
0.529053107394846	0.526282494482307	0.498501409803738	0.471896920845439	0.493737481481103	0.490656185866661	0.35672634396691
0.39539240962787	0.396458751058953	0.450828831566448	0.338810289472246	0.390944077079781	0.400493740361608	0.222102964258216
0.329152037220661	0.317519592133252	0.295524420517554	0.194982148158066	0.248330585113542	0.243396887804169	0.0121774806258152
-0.319009259211407	-0.317258975174211	0.0851435511397053	-0.255013122722276	-0.156347740178045	-0.157049264453506	-0.377862870093219
0.439294730434069	0.437421222575181	0.404412400502417	0.367964051925229	0.385624235341525	0.387304841727941	0.266339168138321
0.0898966934641825	0.0817684290862786	0.306677132584807	0.0740427805773155	0.176856615857069	0.171958918849131	-0.0458804563166998
0.294196355106229	0.293145563016571	0.34578474577825	0.203632229924338	0.274780405233491	0.266553543708877	0.0537801375084546
0.157937978189225	0.148420581971999	0.308628549626637	0.098566754302039	0.194195554517091	0.207057499431675	-0.0535367182073742
0.500770147824118	0.496969947893039	0.458404325397389	0.438514954093826	0.455249829575869	0.454013844771081	0.298632994714499
0.332300652687601	0.331467612116009	0.305634271651646	0.197722641057204	0.25690914286429	0.252581940167896	0.00426629007041953
0.295567098945518	0.279920895740544	0.341091582497554	0.215606592027391	0.268359192307611	0.274119444522695	0.0840090574861483
0.40767396774784	0.418335529238956	0.406093555915673	0.328906425931933	0.366531986880404	0.370196776556396	0.196546394775069
0.270550453871906	0.265767903192743	0.321490544289645	0.182789679225026	0.247460628568017	0.244365809764129	0.025010118137757
0.0784652686725479	0.0841277519696641	0.224284066314244	0.0428706262348221	0.115783306937812	0.112078322352601	-0.0884998789217118
0.367565194157069	0.362274512886821	0.354083580462767	0.274509372003768	0.315297055911456	0.31469402389791	0.163628838220164
0.331361915816178	0.335156564377813	0.27231864315506	0.189187254925502	0.2392880242512	0.237710561765451	-0.0180362061810495
0.188830148455538	0.185722642603396	0.28353685463696	0.123358130922768	0.195137182487826	0.194853129855386	0.00483342091432094
0.479565080390439	0.481061627867993	0.431364367095867	0.436093068434388	0.438709351179712	0.440967388398779	0.28577450912776
0.408126152292309	0.409924932647504	0.41094608988384	0.339776546542099	0.376981451616011	0.375660598905627	0.260002960917191
-0.0859699909912226	-0.0935409967564422	0.260550289341856	-0.0356105447719198	0.0493615615837413	0.0523247399372283	-0.125063088973538
0.433132025871091	0.434529315264365	0.378868751902244	0.336806899461388	0.359024663812276	0.358776003797397	0.168505366472021
0.191163262519352	0.178013572737259	0.312011216623362	0.135824730500146	0.209203491801526	0.210016928274779	-0.0134827706801029
0.0934232804027324	0.104735999757506	0.336931154807187	0.139054573403058	0.20006274352822	0.197402782747161	0.0631515602981113
0.367433644646151	0.36692295706665	0.316735264658326	0.254362261917879	0.290286673784221	0.288507318306875	0.0934901353679564
0.435078293689248	0.434670287406119	0.426296276969327	0.374097085200209	0.400053118848122	0.395723536062253	0.292211107946893
0.470535172752821	0.472784796834897	0.442099532649378	0.407834802913331	0.42127118705057	0.425853257368786	0.317474067818053
0.155816918642089	0.148054808501557	0.178407005820405	0.0248567099497016	0.0999280215418751	0.096411746427159	-0.14451734027121
0.352330394595136	0.357551522458542	0.33251893631061	0.243423169373718	0.290513713072687	0.291481114502086	0.0743388427781683
0.132913226223104	0.133072662081533	0.241741575447472	0.111468132457656	0.158476784726908	0.159834603267225	0.0301258820891323
-0.291258590833156	-0.286756130468608	0.158404668047253	-0.221090119839716	-0.114432040130907	-0.110068797087878	-0.332854951388802
0.262142205900763	0.255545450545949	0.297332418005798	0.158517817947496	0.223643952766163	0.228479552118866	0.010612653671259
0.222218074152334	0.228425870263607	0.277416713810236	0.129056158571386	0.200855736874188	0.199000185505598	-0.0315710759524995
0.303825055391025	0.311297707759856	0.25593471456051	0.14269590801866	0.204881585384692	0.199871810784405	-0.126527223579558
0.44111603487075	0.445308920612596	0.381402939709746	0.363335257074091	0.378266206358173	0.375383713395964	0.168786853194396
0.271940851662203	0.276740669381311	0.335924801128233	0.220167875167631	0.27183153464448	0.271351886773367	0.122950786521654
0.249086049934369	0.251194942540335	0.344249806506503	0.206521661279097	0.262110104569963	0.265868521014269	0.0957345804241624
0.374784626277735	0.368716989266382	0.455794373102033	0.36500683228868	0.399972550098561	0.40207709730667	0.304742036423201
-0.167806686039331	-0.172950705298259	0.127913244270105	-0.137222263580995	-0.0546076060495179	-0.0582274440769573	-0.258816831784922
0.290761869246563	0.303430310759711	0.407603323745736	0.290367582531783	0.339875720502988	0.338218363276375	0.219387855693026
0.48516775571243	0.488387675451946	0.440221336296912	0.440515554484422	0.445178753722826	0.448537694969364	0.309510369667375
-0.283641558550907	-0.2824946411601	0.136784333744851	-0.22223888458058	-0.111826663721687	-0.107982598774555	-0.337174228153623
0.201802933057787	0.198274672431182	0.262501315982102	0.101611701706991	0.177319651725244	0.1792041037404	-0.073878702896719
0.025576866699984	0.0301834376334405	0.186995115433831	0.0154310457792342	0.0775397419439494	0.0806587128035118	-0.0768231773197986
0.389081756804158	0.391107926397392	0.412847596051112	0.332933284578623	0.372782358559911	0.371965344854244	0.241481961233747
0.323257624735723	0.331521750267777	0.31291405240857	0.219977594847377	0.263629628010043	0.267334665973968	0.0817376786483542
0.351655334028409	0.353154737506614	0.340347378391185	0.258608018292751	0.2995176688301	0.301730391295647	0.128519044277837
-0.0394763904707689	-0.0283710375121544	0.165131655540099	-0.0730586017623495	0.0273219770812387	0.0277814397976897	-0.233274643439278
0.174487714007291	0.168023406910386	0.265036356512575	0.103384634290209	0.175531063283286	0.172011605033749	-0.0278425171105534
-0.111568747990598	-0.115835847892515	0.233066076741832	-0.0794157259732959	-0.0335622012965929	-0.0304036373540493	-0.125238552412727
0.191693597190687	0.195451432797216	0.199371456568648	0.0425518741127937	0.120623385651253	0.124299254090208	-0.171082796758147
0.449495963110009	0.453238727954666	0.467586797263599	0.392357035192249	0.431516795624363	0.433217461415155	0.282737904248661
0.593029305757603	0.59051395368186	0.591601792368555	0.590599067156272	0.591721583032583	0.588492153860419	0.595958358120377
-0.133160816937482	-0.128665015734522	0.181461245811643	-0.10712075565824	-0.00124649126746298	-0.00255451899506221	-0.235823604723648
-0.0445385123571492	-0.0465843317352785	0.179437035177946	-0.0709623186411735	0.0415504599632715	0.0234210041549793	-0.232714316900832
0.403520255288546	0.400263489977332	0.327906164818684	0.296741544013618	0.320899552800965	0.311693590211881	0.0692316796678713
-0.0193489208990371	-0.0235560954393719	0.287522766460527	0.0269301079570908	0.100017494638915	0.0983294901265059	-0.0571927889241105
0.548786677743754	0.548505195187729	0.528488432421255	0.506419994237614	0.521876489720886	0.520874229281207	0.383797048379462
0.206938939933708	0.201757819139021	0.237823809230212	0.104784327208538	0.167428291316053	0.163289019345051	-0.0406390569041283
0.0242370552917824	0.0179486588464444	0.221949742492977	0.00848557504379805	0.0956485237200928	0.0938641639677081	-0.120513972018967
0.113057661510024	0.109166809318597	0.285583685682712	0.0721059127353215	0.165961661238667	0.167341083377052	-0.0723374469316376
-0.00383728014302947	-0.00478715907042252	0.239846947050569	-0.0243991744567811	0.0866378618347278	0.0857472930088036	-0.175347815157556
0.483457037982262	0.481894800871936	0.436328617016842	0.420206141812771	0.429303746673074	0.429835026381029	0.269070720684703
0.332773815932573	0.328888482674606	0.275618802374785	0.194007624342241	0.235417916818003	0.240634881857358	-0.014118718424948
-0.314247079549057	-0.327918076327666	0.111639262464013	-0.266892641607756	-0.13890058235482	-0.134755229193683	-0.412797271721599
0.479251380298312	0.487517143171219	0.47567352333414	0.437851403614166	0.453820097650589	0.456802719649833	0.370805283985943
0.230461812003172	0.242090225664996	0.284587782427985	0.146008581258153	0.208672696072259	0.214735973658194	0.0168420411615791
-0.0248235161089678	-0.0333267674365332	0.203156690881966	-0.0164092151914613	0.0599350697206073	0.0618178607143487	-0.119782813912553
-0.270484933573601	-0.274428551501096	0.0583533899094129	-0.223550569721288	-0.144884478273213	-0.141718578214431	-0.315892964396949
0.528689366150152	0.525659175784435	0.499478533561111	0.488522851714292	0.493930557452242	0.496120270706716	0.401463878134108
0.502876595457503	0.502955482473303	0.512812924536772	0.479535649449107	0.500168359745805	0.498066948709125	0.455419023523219
0.2950637902294	0.293232497295895	0.301351526590773	0.178744619947385	0.238145331030809	0.238077176251525	0.0109261136130428
0.150012881768119	0.147921563262992	0.229427528006858	0.0482780851225821	0.129975522182798	0.124246458461021	-0.141236052753695
0.293366103691756	0.296071120874681	0.244814077482219	0.14061359397457	0.195672786159397	0.19616168417051	-0.07385426678168
0.448436689674987	0.447787384028323	0.391267605920552	0.365976576098923	0.389377909081986	0.386021639751898	0.214186931528438
0.400883171463001	0.399332118131883	0.351050562743862	0.277024611973828	0.319476951912853	0.324369204357156	0.0632700368430127
0.179155583093679	0.177107673308818	0.261926643845558	0.0756889716424527	0.16523002187542	0.166197773515531	-0.112307778549801
0.301352931162255	0.29871010230806	0.245570330288247	0.148728555966175	0.200923300056503	0.201729303590682	-0.0677602241239527
0.323419295248513	0.323073042552596	0.311838700384964	0.198511848177711	0.258586535711274	0.258096632304392	0.0232121646099004
-0.600597242506513	-0.591787042988566	-0.0153365864579923	-0.518387101708705	-0.434858760489045	-0.431340430935399	-0.615857586402999
0.492005652749219	0.491740956862805	0.442453359339386	0.426381402257068	0.443832464789317	0.438308348806624	0.252766933270276
-0.00967593602376211	-0.031677123909251	0.213418185453671	-0.0347285077974885	0.0677640701843377	0.0702232928475052	-0.173774371146048
0.52862480465702	0.528815051870124	0.4975350677038	0.498863764702245	0.502464466302644	0.500516603464133	0.414023875668707
0.273317607514343	0.275191887546342	0.288811658062698	0.182984951729357	0.227726993459078	0.231180876267325	0.067593122992574
-0.169982054720977	-0.163759553206727	0.202704410021326	-0.114028814954584	-0.0112071321891692	-0.021685640622432	-0.238954833036852
-0.38453637943821	-0.38960174428301	0.121494936965182	-0.304807009442777	-0.182025691926598	-0.171167740034649	-0.437882197893316
-0.0243234253221733	-0.0153369507553171	0.255798652813889	0.0218727643389044	0.0878430415875314	0.0928631362568104	-0.0573584310075681
0.442857590675642	0.443011398150631	0.44467604522969	0.387114660665776	0.418093433391993	0.414303079964441	0.309238398750953
0.0550734868373497	0.0754808549462209	0.286376683642751	0.0674388777627938	0.158308415669747	0.15455740046398	-0.0810358265622916
0.439202416920923	0.438606663465959	0.458760740883153	0.394140819658848	0.431705024769193	0.430314477159966	0.336999511244757
-0.0272711727283295	-0.0383977072624447	0.244472884102678	-0.0447271184708913	0.0745176923046559	0.0818551248186139	-0.204000006385482
0.282274635646917	0.294699411343588	0.405625262340295	0.259962104776287	0.329555405920557	0.325549236408935	0.160938344634654
0.481803055204501	0.481197514025369	0.497875471151321	0.445972765691278	0.472012400044239	0.471137010132266	0.388283260347951
0.274567835810662	0.266906459414922	0.244326345497742	0.134604608466472	0.192307961636857	0.193208734224121	-0.0380326039941657
0.32598698800823	0.319150937681732	0.454278264620415	0.335452809126041	0.381346640060049	0.383135970255443	0.275937371170031
0.303169114167634	0.307764994079442	0.314557010040901	0.207641326901262	0.258756669602007	0.257823405166772	0.077205917412371
0.115937994844825	0.110007161801614	0.263840275747939	0.113661006178842	0.162526774847031	0.162296783898429	0.0370977536087686
0.0498333801501851	0.051810852056251	0.230614758709901	0.0188426542112155	0.103546105359662	0.105941504934822	-0.106647033926928
0.25025082517219	0.257072266846557	0.332534978327018	0.200566474351614	0.256172772776027	0.256753761566395	0.101210983597026
0.401252583193624	0.393522046573432	0.344011284731967	0.283221558850635	0.316128382890724	0.320489201462075	0.0681614507528064
0.455805161044724	0.458765912182794	0.453874073328092	0.414367556662912	0.438459511707652	0.437090749177568	0.370930015679794
0.418099244564179	0.415969022442602	0.395811329902845	0.321414713296268	0.36101688625354	0.362344685632263	0.161225213898601
0.48520202718413	0.485588939318964	0.452745984250027	0.429722256941236	0.447531578155657	0.445980621054704	0.345014268170408
0.126070453959682	0.120225611901721	0.283375426268566	0.101267049758555	0.177877884088773	0.179189256904218	-0.0178634923192116
0.212347098333595	0.218899531858971	0.199444442683599	0.0511072928453948	0.126794060792368	0.130949378826104	-0.177895967467467
0.0831680105426085	0.0877877191496359	0.276034620586265	0.0509728954387023	0.150847859390726	0.145708839606916	-0.0765895477462014
0.364365967971109	0.365238716369967	0.321526506914526	0.251943836685957	0.292669058558201	0.290746634981702	0.0963508889323009
0.441060344637195	0.448846155378504	0.466193708066611	0.388942581689111	0.428104160233166	0.42343229924942	0.283926413518367
0.315938578565619	0.316860439335719	0.346514045706638	0.218670976604562	0.277682434427213	0.280969137959855	0.0646749620384546
-0.0200888362790193	-0.0164808915105766	0.238726514130152	0.0163486585722836	0.0593662942580956	0.0638805492184172	-0.0320905031288885
0.27036008289616	0.276747997507751	0.251447150258539	0.140340223383042	0.191452238826838	0.199990663294583	-0.021897410994824
0.396753822731462	0.396850491495106	0.414515462906197	0.344562097933134	0.37820530892613	0.377066034996207	0.280784406116514
0.331629969505787	0.339518992024096	0.386773559103619	0.270939486892652	0.332242706113241	0.328466830017283	0.157799339041221
0.128785197509873	0.162600854544293	0.231577192741818	0.0321945089303858	0.120873382133526	0.12167358169805	-0.181815741477624
0.253468451836528	0.250093807712335	0.39510530313017	0.256665879133738	0.307546550920616	0.308111669978351	0.184965194418431
0.258017350038717	0.269605033705502	0.387827276959969	0.227147061795681	0.300559446083778	0.293968604167801	0.107262758080969
0.493225322048012	0.493478952006101	0.453925478382441	0.436198093733983	0.449387569714492	0.448601495317178	0.327166887088262
0.462934368143835	0.462422605121031	0.439801370283852	0.418061160286884	0.428343397370894	0.430841747640045	0.368462561326175
0.459916650701255	0.462093301361331	0.418754889443531	0.384637557394143	0.409885598593477	0.40500197201841	0.26633112689533
-0.0125715697112779	-0.0197859872383684	0.239868831405403	-0.00209667987129217	0.0909302684083544	0.0905041071604791	-0.113932546082761
0.0284817797627393	0.0249044797970624	0.218447154225368	-0.00457313411575953	0.0929761593541164	0.0906575872338077	-0.141918389160048
0.0332815395180628	0.039642156307631	0.209589578016481	-0.0540025062616692	0.0649682250939152	0.0718806996715379	-0.263647053158112
0.456931748170638	0.45995779355057	0.408876246017854	0.379383125465494	0.400631706078921	0.400333564942112	0.23318389792283
0.173434901806193	0.160695470129134	0.323098340471129	0.119240217705269	0.218170969671255	0.212733256805771	-0.0286248348840612
0.249598390757402	0.249507923298303	0.239357200997722	0.115660128502724	0.177328800871232	0.176464325241186	-0.0707244630112243
0.145894906019322	0.131503600539613	0.316882420038881	0.158397849062013	0.211392237139774	0.213026132718473	0.0960262202624839
0.374733084867181	0.375458691045371	0.312435884127273	0.266549615629178	0.292669718354576	0.297227963917279	0.115343918594055
0.416676457747219	0.425906317794035	0.373783449850485	0.322612601690481	0.354045008687784	0.35466098932061	0.175773755262529
0.43355388126112	0.429670713179649	0.37313756602755	0.338913955705522	0.36341572948832	0.358685876181532	0.151924737227414
0.474439061813566	0.479457779273591	0.497929511425536	0.438274527656168	0.463314980374608	0.464347196153015	0.37605630419
0.521395304819819	0.51950300532999	0.488669144081953	0.486793000322164	0.492100432733875	0.491317820611911	0.390227200726621
0.351389790538738	0.351864369290443	0.315911189537793	0.214418802970646	0.269287940376427	0.265588983066142	-0.016528078747802
-0.0107099994618433	-0.0102340221428106	0.195150913897183	-0.0140534023483467	0.0664261671420615	0.061382338746274	-0.121298617772115
0.0573097058631521	0.0580871815874724	0.222726557915682	0.069478993227469	0.12354988451733	0.119199467554827	-0.00365309142303863
0.164719390239623	0.154706774535799	0.398989351048351	0.196261459708556	0.261503723816863	0.266376635210419	0.106760760297328
0.451251472518095	0.448135626008455	0.41954543910035	0.356535911735141	0.393496464438474	0.393144450066202	0.206367512978566
0.208757577918516	0.205614537125652	0.376264656178483	0.222558385140246	0.280251423823255	0.280421179227734	0.151421434191601
0.0473769308037492	0.0484593793107986	0.224826506004629	0.0242169166026824	0.101928520126767	0.106752097640618	-0.0911100683983524
0.416926243028649	0.416094744023306	0.384228073592355	0.315854216478076	0.356963075689988	0.357320092196573	0.143482461020524
-0.475859627667037	-0.479217932227778	0.0539012529981427	-0.415847616039264	-0.345906608495549	-0.338504570184539	-0.498591412822606
0.566047243756806	0.569835047823919	0.555255149341862	0.534481811392724	0.549395621868874	0.54662847085546	0.474751393326374
0.443276494024715	0.442224003539932	0.393214431269684	0.365875703956727	0.38692190409271	0.38412148825668	0.231747656083615
0.000401765015065433	-0.0186812832240933	0.228930056896755	-0.0331003961933603	0.0783289299286038	0.0815079308449042	-0.210589818303064
0.115386596695576	0.115571777070975	0.291859636710921	0.139194845642228	0.190734457229343	0.187199316122048	0.0769667207776228
0.216281588790799	0.222001431803301	0.342824684725034	0.189679300684885	0.255140997075533	0.251419289264078	0.0805738108450173
0.397473913034671	0.398153825449114	0.344959849697211	0.288509259322093	0.320387569941039	0.321467410503239	0.12738603586587
0.432641846498835	0.434062765611368	0.37115694257623	0.324376877382262	0.358660150409687	0.358000613201361	0.101086052075913
0.356397879737915	0.353179922284731	0.300527291654451	0.214091081577024	0.268693671487487	0.260382731268841	-0.0023760958695223
0.0286119171850366	0.0293903116794652	0.230326314116873	0.0198088467950158	0.103219315349165	0.0989758466105597	-0.10022260514166
0.394758645028795	0.393142398984175	0.367008561066908	0.291619468278439	0.332376049391105	0.33035489187875	0.131326171389087
