FMP	RMP	FPP	UPP	ANPP	NPP	ANCOVA
1.00003993591304	1.00030639996841	0.999880425904691	1.00091195268992	1.00010506709464	1.00091457543512	NA
1.00003848476484	1.00008801629653	0.999965762752312	1.00079041468179	0.99994716712873	1.00035931109537	NA
0.999934749590434	1.00059419560176	0.999842180782534	1.00017291896113	0.999980271923659	1.00065430645492	NA
1.0000625493495	1.00048974338603	0.999910577071068	1.0003245056522	1.00005767250803	1.00019785053971	NA
1.00009178425761	1.00029741015155	0.999758388262851	1.00084387543179	1.00020233911135	1.00046019710486	NA
1.00005012774195	1.00004790771726	1.00007025256381	1.00022118233498	1.00020010244333	1.00157469771728	NA
1.00007873033695	1.000878405208	0.999905855513863	0.999848403754319	1.00050151253621	1.00023269054532	NA
1.00008991557213	1.00045638646654	1.00012648593081	1.00022230693189	1.00032640938991	1.00069874934607	NA
1.00019395316568	0.999912089184965	0.999971470768321	1.00007340509342	1.00006094307538	0.999951720221993	NA
1.00011737424727	1.0002444394839	0.999926257464542	1.00079813998836	0.999806996007915	1.00019033509805	NA
0.999793385842177	1.00010058946421	1.0000934681505	1.00166190736814	1.00063020258624	1.00168657776484	NA
1.00116524109778	0.999882572368442	0.999945053197012	0.999879384272056	1.0002032358833	1.00090700614058	NA
1.00079076427813	1.00013192541362	1.00005622200295	1.00076829047405	0.999972112853357	1.00030137053896	NA
1.00059805415571	1.00059317891759	1.00007225722622	1.00068114717461	1.00000763151547	1.00088929321654	NA
0.999954131725205	1.00166786470482	0.999952209217387	1.00027223436374	1.00009473252003	1.00042796511087	NA
1.00041033875245	1.00034281294996	0.999906455345193	1.00144293105527	1.00036136121105	0.999723412419364	NA
1.00001782063684	1.00086024201802	1.00009356129712	0.999963822510593	1.00030463248832	1.00002879154322	NA
0.999899278352421	1.00077135167526	1.00007508945387	1.00029573109953	1.0007123235274	0.999898406725147	NA
0.999917643139106	1.00061658843058	0.999885915153662	1.00042584074034	1.00005058102013	1.00082799220139	NA
1.00054485991408	1.00026277817437	1.00026976844783	1.00007012132985	1.00036275231946	1.00019692001718	NA
1.00042471206778	1.00032890370649	1.00011220765008	1.00002835618911	0.999881709438174	0.99980936593619	NA
1.00002222781355	1.00015450451928	1.00023628817344	1.00109290987537	0.999872734734461	1.00060975199313	NA
0.999997644545038	1.00014913012439	0.999877058526557	1.00141101904564	1.00024481031897	1.00074595084436	NA
1.00020860347572	1.00102966455617	1.00002817449905	1.0004930010284	1.00050323193959	0.999901646664958	NA
0.999902094680808	1.00033278382965	1.0003202474465	1.00031778718499	0.999993650842987	1.00002754694821	NA
1.00020145958841	1.00017388504728	0.999901380120691	1.00036223616622	1.00048936529486	1.00125510692192	NA
1.00026843429303	1.00128242828771	1.00004578513179	0.999910357557714	1.00051812947527	1.00035275626183	NA
1.00012707657599	1.00106453870241	1.00003629480959	0.999910616111071	0.9999683150814	1.0004239452381	NA
0.99997728060753	0.999983458773484	1.00006694994633	1.00040449340693	1.00125752736613	0.999973439871182	NA
1.00020677238319	1.00050603693417	1.0001146912292	1.00066933390173	1.00003589302081	1.00029012350781	NA
1.0006468934918	0.999713903262883	1.00004483583977	1.00021305274109	1.00013355818856	0.99990311028414	NA
1.00059258539603	1.00035887935845	1.0000423078916	0.999889611072922	1.00030283638557	1.00158658419461	NA
1.00001806154301	1.00102952958415	1.00029624433389	0.999867267741367	1.00073131067503	1.0002037739802	NA
1.00074443177568	1.00073420330832	1.00004213502559	1.00005807582017	1.0001382762911	0.999966115367772	NA
1.00016990906365	1.00055488374179	1.00015420049108	1.00022694550992	1.00036694463422	0.999919695761289	NA
0.999971679004276	1.00090548548495	1.00055270873328	1.00168857542061	1.00015697768282	1.00021056369264	NA
1.00022776897657	1.00164495297852	0.999839657412496	1.00145020826446	0.999991961269202	1.00096628960415	NA
1.0002950997055	1.00032193448649	1.00017173327684	0.999953163331715	0.999967556193959	1.00048134905858	NA
0.999839383568342	0.999972168677064	0.999838248777672	1.0007878447918	1.00175757080447	1.00025707430632	NA
1.00111712117915	1.0008583856356	1.00011684023239	0.999940827149014	1.00088743652414	1.00000604989136	NA
1.00058930625877	1.00155530855024	0.999785503995845	1.00014069846849	0.999952690815974	1.00012857336114	NA
1.00027141291127	1.00038648950357	0.999986607038867	1.00083922078788	1.0003320458305	1.0012254400425	NA
1.0007318329777	1.00042048653188	1.00041560522147	1.00074338949992	0.999857488360736	0.999787115834062	NA
1.00046283839318	1.00139119082067	0.999871564965763	1.00166467562841	1.00016543655811	1.00060731250949	NA
1.00046281268574	0.999830170239333	1.00011241245572	0.999982630888825	1.00059519230677	1.00028679002064	NA
1.00098923796195	1.00151926068981	1.00110927817979	1.00085893614374	0.999777396973185	1.00115300690782	NA
1.00015944802453	1.00031668133979	1.00018993616276	0.999771329306567	0.999902795625793	1.00177478912546	NA
1.00112970530516	0.999776126493419	1.00015722331703	1.00084708345059	1.00021162564134	0.999879219824224	NA
0.999776633178877	1.00143883752863	1.00039919992278	0.999948777493781	1.00023534937356	1.00066510747947	NA
1.00075897573717	0.99986211059303	1.00013594276504	1.00021222395918	1.00033382653231	1.00093906803945	NA
1.00006720343459	1.00115348422126	0.999823387760519	1.00045853948011	1.00042570469315	1.00131360970458	NA
1.00013062442218	1.00010793231625	1.00036771519142	1.00019378083271	1.00031675183056	1.00003100797236	NA
0.999968605596112	1.000090336637	0.999959146235124	1.00016680051927	1.00029139428357	1.00015108770072	NA
1.00004225347643	0.999962303747455	1.00029176434538	0.999751553176213	1.0004325336059	1.00039403390964	NA
1.00055381944148	1.00024861959321	1.00018583846862	1.0003977361441	1.00010507967873	1.0002063904447	NA
1.00045274872828	1.00034668639753	1.0004621021824	1.00047359290336	1.0005590412426	0.999811609930715	NA
1.00005363609394	1.00000810842269	1.00013050162285	1.00139299245216	1.00009776726797	1.00003181084498	NA
0.999997333879749	0.999882388525544	1.0000959567654	0.999985565340319	1.00067615516909	0.999909508467147	NA
1.00085135522185	1.00087203685273	0.999903173917898	1.00088201497719	1.00041972510794	1.00071044206625	NA
0.999927032597233	1.00079555970721	1.00003469123932	1.00031615300176	1.00027528043832	1.00094598258341	NA
1.00054435822875	1.00014821319209	0.999839581399817	1.00056469061433	1.0007387515451	1.00092502060836	NA
1.00008883744632	1.00022332388683	0.999971848012122	0.99995444627836	1.00112393816405	1.00022304706154	NA
1.00092125739547	1.00045546179564	1.00081241433053	1.00065931656448	0.99993152739922	1.00048255338348	NA
1.00021929844555	1.00059238869518	0.99981321036563	1.00082226951232	1.00091078997194	1.00039422848401	NA
1.00029901640089	1.00024421725451	1.00009693271544	0.999947209079301	1.00067455350115	0.999873950215669	NA
1.00076944900163	1.00015630760193	0.999808392690345	1.0010996574724	1.00023684999003	1.00044929522794	NA
1.00094306028966	0.999853361410314	1.00021422708069	1.00010202351765	1.00105245743323	0.999879914543093	NA
1.00008525460819	1.00065688851869	0.999918911387676	1.00033109370127	1.00030476232291	1.00044132513789	NA
1.00065933362962	1.00074943763844	0.999978587646927	0.999816241655763	1.00070438701477	1.00006266164052	NA
1.00126273040344	1.00027645680261	1.00009716489396	1.00026246348396	1.00042217786118	1.00020226544588	NA
0.999968938212424	1.00014243234172	1.00000837283262	1.00037567310809	1.000064957168	0.99974259315444	NA
1.0011591142816	1.00111213778239	1.00033876707011	1.00088812356021	1.00015583046949	1.00097400149988	NA
1.00036452185397	1.00008451282376	1.00007492900345	1.00190224023044	1.00047169085443	1.0011019149681	NA
1.00026059238905	1.0002377035566	1.00019228277261	1.00039641439183	1.00016599918079	0.999986595037134	NA
0.999987466865107	1.00032168813965	1.00004236877079	1.00012404231768	1.00040142403543	0.999882353887694	NA
1.00060089768846	0.999897422565264	0.999981847885338	1.00030691985674	1.00068249539655	1.00079680465966	NA
0.999885604883028	1.00046574856877	1.0002205451059	1.00064459679576	1.00049278266745	1.00062296233141	NA
1.00007082072272	1.00008408152214	0.99988271325329	0.999956284224688	1.00030856028945	1.00049754105033	NA
1.00019524540409	0.999953991772072	1.00008786490873	1.00025528324426	1.00004071730672	1.000721483596	NA
1.00046091523462	0.999872873438694	0.999934821868127	1.00000623703253	1.00010479190884	0.99990402839293	NA
1.00013208171674	1.00020059028756	0.999932984531958	0.999746579184542	1.00032575697289	1.00014661921371	NA
0.999834759547388	1.0003069123371	1.00006457145493	1.00120883558058	1.00021895233833	1.00012451472358	NA
1.00023097267631	1.00007409086711	1.00009640811832	0.999808806953888	1.00010092527528	1.00068869712808	NA
1.00079929669906	0.999778366254136	1.00003580782097	1.00025659489943	1.00006077785017	1.00044711724021	NA
0.999813466195249	1.00013025768464	1.00072320080024	1.00049681521905	0.999884944614022	1.00038138740752	NA
0.999972295032469	1.00087425972812	1.00030935050421	1.00075498109308	1.00051381933518	1.00035710956689	NA
0.999821784997696	0.999994184670335	1.00008573319239	1.00032520957476	0.999890726958723	1.00039656910121	NA
1.00001851784381	1.00041921953015	1.00007221056143	1.00038898926053	1.00012024236784	1.00106326936627	NA
1.00137183118735	1.00010509113648	0.999856516173114	1.00041342357238	1.00028286369919	0.999901389771054	NA
1.00000061841208	1.00046141714598	1.00031210985783	1.00017323149251	1.00111331335425	1.00106758258393	NA
1.00011600883821	1.000698541524	1.00025773443711	0.999956667299243	1.00070819086637	0.999886313759969	NA
1.00117219506769	1.00007864870721	1.00077534650752	1.00034909935792	1.00004444076188	1.00048838340331	NA
0.999853266517863	1.00031318702845	0.999939628567387	1.00031757275216	1.00064497367779	1.00002560759996	NA
1.00023249528545	1.00006678642542	1.00040834362638	0.999880872821549	1.00137747002488	1.00180983273671	NA
1.00101253235559	1.00110796461233	1.00051995227088	1.00058106587087	0.999743244023276	1.00069957366448	NA
1.00023260986519	0.999797506152511	0.999932551634918	1.0002930944972	1.00049931005475	1.00023400805548	NA
0.999791153360229	1.00038554392875	0.999871784998014	1.00066347644577	0.999813140936679	0.999903969036468	NA
1.00055417862902	1.00021582995753	1.00002572488557	1.00023532382098	1.00027566874161	1.00030682377909	NA
1.00058032876687	1.00034063507684	1.00023090324878	1.00050679463595	0.999977405640656	1.00012585959879	NA
0.999784722546618	1.0009077872238	1.00025780930236	1.00009880195251	1.00091531656654	0.999916121681319	NA
0.999884088985446	1.00041572267855	1.00039285329812	1.00032435562336	1.0002928299458	1.00011315523517	NA
0.999709268733103	0.999970405695034	1.00033609885307	1.00051711798386	1.000163369924	1.00067885956208	NA
1.00034072299148	0.999853706930299	0.999994044660562	0.999683232518823	1.00092988228854	1.00027222665394	NA
1.00043383984172	0.999925458615173	1.00009350161569	1.00094296258961	1.00012375713901	0.999993686986868	NA
1.00108114669682	1.00028974637947	1.00008138415748	1.00147405954106	1.00013510557418	1.00023305455361	NA
1.00033189023145	1.00070459079778	1.00007042364736	1.00064396918613	1.00060809803784	1.00028913550184	NA
1.00080620335045	1.00016259043339	1.00077828026793	1.00110744797234	1.00003001483901	1.00036871115703	NA
1.00067928124236	1.00028891132693	1.00013240337902	1.00039078678636	0.999835380071159	1.00048514844544	NA
1.00004336891704	1.00037715734966	0.999970685415631	1.00026069241287	1.00037966115947	1.00041169764756	NA
0.99994341478207	1.00015108127241	1.00104536483388	1.0001898809346	1.00005697491311	1.00049885538682	NA
1.00021987759128	1.00020740875001	0.999982741755971	1.00007903523541	1.00135044250815	0.999962374110471	NA
0.999853153234418	1.00028895117493	1.00027616030656	1.00082814772692	1.00016994969425	1.00012681214133	NA
1.00102039434084	1.00047498154784	1.00004819025558	1.00020440002605	1.00047507287218	0.999953704675878	NA
1.00058925580839	1.00035401488876	0.999790573568647	0.999751677179691	1.00028577121805	1.00046982151773	NA
1.00050544338573	0.999936229114785	0.999761521662553	1.00104705346626	0.999969100325573	0.999996179396351	NA
1.0013405985869	1.0002082241492	1.0002203305626	1.00040721633719	1.00072073971097	0.999879786028561	NA
1.00097191245123	1.0014317753943	1.00043527612676	1.00010649700788	1.00099515340589	1.00099523637026	NA
1.00059871311557	1.00114204356224	0.999955143685718	1.0002287772103	0.999934520805222	0.999720113848947	NA
0.999880984775713	1.00088794793094	1.00017331145198	0.999949002330562	1.00073566734831	1.00049972281931	NA
1.00050605228564	1.00118557934261	0.999953279131422	1.00087164948825	1.00085277326516	1.00047675618775	NA
1.00070249273892	1.00151429124473	1.00022492246271	1.00021265555643	1.00025470373593	1.00015527183095	NA
1.0005914984549	1.00149268919401	0.999914431957694	1.00022578038274	1.00091722991265	1.00025420536244	NA
1.0004469861131	1.0013727618449	0.999900309038804	1.00130085464039	1.00116056334333	0.99982457683576	NA
1.00089987460858	1.00049479246683	1.00055012314807	1.00039418486904	1.00073646071025	0.99985569198433	NA
1.00036092560792	1.00057063617908	0.999950783757829	1.00019139147962	1.00026112166736	1.00029904552249	NA
1.00046814589637	1.00002231517507	1.00023561257012	1.00030641623582	1.00013106835425	1.00070867059718	NA
1.00001966509024	1.00018517336722	0.999993700050769	1.00034757536912	1.00036330320722	0.999805386415976	NA
1.00069792752028	0.99972322098114	1.00062344890537	1.00057203860882	0.999832855801446	1.00000579992962	NA
1.00040735884831	1.00190592844963	1.00017827917327	1.00022618703191	1.00039862555713	1.00004411604203	NA
1.00098023220459	1.000253119453	0.999773785174369	1.0010673697333	1.00104419080815	1.00014061374019	NA
1.00000004649839	1.00091556397599	0.999798085477449	1.00040589749311	1.00012669170257	0.999955704016513	NA
1.0004442102853	1.00075708726347	1.00002465274556	1.00062632217975	0.999983626325781	1.00088688373418	NA
1.00020743690556	1.00019469039988	1.00041673832228	1.0005821181332	1.00067689075071	0.999945926460834	NA
1.0008863717254	1.00035208025971	1.0001345190217	1.00014536540601	1.00055488839079	1.00002418323987	NA
1.00075789778476	1.00022712894562	0.999905539293025	1.00007072232591	1.00103580218822	0.999818277948794	NA
0.999931813761981	1.00053756619491	1.00030087877952	0.99999683546085	1.00032380294118	0.999809850570455	NA
1.00027493118446	1.00056536038646	0.999952837496672	1.00002642395092	1.00060293663258	1.00003680715088	NA
0.999796270097759	1.00022385909584	1.00027006655547	0.999873391738485	0.999938957546067	0.999939687240692	NA
1.00131657099597	0.999894014748093	0.999745078784305	0.999997719420424	1.00079523569389	1.00001849180757	NA
1.00060308609452	1.00134416040646	1.00010312795268	1.00032822767247	1.00037115851447	1.00079276083493	NA
1.00000767178099	1.00060239023769	0.999876627016685	1.00003858993318	1.00100489294612	1.00073565354424	NA
1.00002590333544	0.999995609288326	0.999783118857774	1.00010312236399	1.00094115345551	1.00009496923499	NA
0.999751408912428	1.0001290890868	0.999944221215164	1.00077163807838	1.00063282010461	1.00007071663363	NA
1.00048181346554	1.00016650342684	0.999921007692815	0.999975600222926	0.999940504094869	1.00033091074504	NA
0.999910581570118	0.999975365456999	0.999884200207807	1.00106779728256	1.00110364320377	1.00089358178548	NA
1.00011938378093	1.00005377206724	1.00047434832576	1.00029369746394	1.00005359484456	1.00060190638068	NA
1.00003852075975	1.00041989829737	0.999760524130727	1.0000259272292	1.00030926672695	1.00041461244715	NA
1.00065799262375	1.00095853749508	1.00005957588447	0.999764601814905	1.00059027955278	1.00055981640199	NA
0.999927710369528	1.00160425159566	1.00005763865674	1.00103859343491	1.00157988226793	1.00060742570787	NA
1.00125754560964	1.00078599150066	0.999891478455099	1.00013856207398	1.00117277630433	1.00078555626833	NA
1.0006824037815	1.00002637422356	1.00027213472704	1.00024034685854	1.00021541416726	1.00010105512395	NA
0.999816820069041	1.00086780099909	1.00016760769674	1.00061481646238	1.00041002726924	1.0008682049051	NA
1.00005334707277	1.00079101532822	0.999723850532143	0.999926484037199	1.00067618775431	1.00075299267684	NA
1.00026013331313	1.00049821675785	1.00020401269238	1.00031753743219	1.00036792703461	1.00073888963045	NA
0.999674493309547	1.00074435899489	0.999927413394056	1.00011830410371	0.999851526840576	0.999898301194579	NA
1.00072401794471	1.00023077696177	1.00020997580237	1.00029214948913	1.00021415033672	1.00019936653437	NA
1.00007419835289	1.00085897800281	1.00006234330091	1.00001228592559	0.999958268550991	1.00005434364608	NA
1.0004654373661	0.999831310571218	0.999789564668449	1.000123556201	1.00002909405058	1.0002273230453	NA
1.00044008784848	1.00082269719148	1.00012535335801	0.999916710985626	0.999941246945534	1.00126068654493	NA
1.00033765874849	1.00219651151732	1.00027043657295	1.00122406471641	0.999939911176748	1.00002574530183	NA
1.00103202260953	1.00025919028777	0.999907383715211	1.00055543048271	1.00037043048683	1.00024067724651	NA
1.00012318954837	1.00022449577471	0.999862473563607	1.00053558595062	1.00010528522574	1.00077972161028	NA
0.999815004063938	1.0004490400723	1.00007997602033	1.00009655965256	1.00010659729683	1.00103850039159	NA
1.00008736623074	0.999951320821792	0.999761694930235	1.00040072603232	1.00009325736271	1.00104429534727	NA
1.0003421291165	1.00100951603486	1.00063490198769	1.00059249117211	1.0005532335549	1.00009959879525	NA
1.00039683456796	1.00029283475116	0.999941225379994	1.00027459594983	1.00057903201877	1.00102011621647	NA
0.999965372278999	1.00013505622468	1.00044014479365	0.999890284804377	1.00091713927356	1.00071316517754	NA
1.00038395970114	0.999973241092276	0.999925879373062	1.00016143024423	1.00133074756866	1.00053532809092	NA
1.00055005465671	1.00082183236292	0.999879334755297	1.00039755896472	1.00074363052683	1.00033385325583	NA
1.00228373319214	1.0003213418815	0.999929393076151	0.999827161987534	0.999910441857148	1.00048155158462	NA
1.00108701100188	1.00076428001204	0.999964213014084	1.00001538033078	1.0013633237664	1.00093381528466	NA
1.00063405335685	1.00001236880421	1.00030523725235	0.99992547913357	1.00014896059617	0.999898554565899	NA
1.00032855312474	1.00117255694939	1.00006118137845	0.999936651334684	1.00072658232289	1.00116117689209	NA
0.999895885189953	1.00009188090047	1.00048668497848	1.00026540631944	1.00139177612155	1.0003347701899	NA
1.00029546876704	0.999835970297175	1.00015077699827	1.00068682554401	1.00048400803221	1.00089873209178	NA
0.999987412495499	1.00208059925116	1.00040223039393	1.00003710269871	1.00023483314674	0.999976722498492	NA
0.999915254973168	1.00078205874498	1.00053418779624	1.00056749426539	1.00049128355196	1.00032190740478	NA
1.00052799472686	1.00028128810252	1.00011019773478	1.00028816803763	1.00028417409077	1.00015431442674	NA
1.00022898450862	1.0004172782977	1.00040963803534	1.000409472337	1.00016596099026	1.0001019923831	NA
0.999917856405083	1.00029751937133	0.999907491725318	1.00048793539807	1.00002655377479	0.999961901187976	NA
0.999915108090541	1.00038088886421	0.999840334730387	1.00023926594083	1.00065035891553	0.999849894150262	NA
1.0000799713457	1.00009475608777	0.999727824216878	1.00006149341934	1.00028660544271	1.00109469085086	NA
1.00035661654858	1.00056665196403	0.999972342631286	1.0000367701832	1.00010731428448	1.00026295305411	NA
1.00029381965836	1.00031878428006	0.999930761874376	1.00057370790779	1.0002060846358	1.00008468032946	NA
1.00117649929608	1.00044915273362	1.00038970323626	0.999792822231842	0.9999142619546	1.00073365102733	NA
1.00121536535872	0.999943152965988	1.00031353088244	0.999814051730988	1.00071950016343	1.00111740180079	NA
1.00020682674426	1.00156403025142	0.999784033822754	1.00032481110733	1.00084683432987	1.00069981174871	NA
1.00063673547327	1.00018308422223	1.00049462121715	1.00020545845242	1.00113901154245	0.999866794773384	NA
1.00131041239369	1.00026964053712	1.00048641824938	1.0001031063053	1.00015208500641	1.00005214602019	NA
0.999752391272753	1.00068385908426	1.00061658718972	1.00084708452687	0.999907053802118	0.999617519183853	NA
1.00055791631729	1.00119721063294	1.00057049203195	1.00000990888247	1.00102331815462	0.999930539654221	NA
1.0018087370398	0.999991885856165	1.00083543841641	1.00068147347687	1.00012853598791	1.00052496252105	NA
1.00016528247516	0.999980791485556	1.00053919491909	1.00033215143155	1.0007616079226	0.999718166077519	NA
0.999912307703767	1.00119454566476	1.00036808047431	1.00009851013832	1.00002741752389	1.00014025805897	NA
1.00054627959617	0.999976226632779	1.00069408016562	1.00018571575295	1.00025363213569	0.999889942353442	NA
1.00102935241248	0.99975781047047	0.999786321658982	1.00019434293096	1.00005485999217	1.00088962629569	NA
1.00015358405865	1.00020840777054	1.00015482583043	1.00056811701416	0.999992434873665	1.00050540109883	NA
1.00020023617652	1.00070936406316	0.999745763594501	1.00055847603999	1.00061513064217	1.00021104579259	NA
1.00001340096317	1.00012712615928	1.00011012166721	1.00126184130868	1.00071621698568	1.0003989508415	NA
1.00059623867569	0.999953435685192	0.999788113281935	0.999954742883001	1.00039955204086	1.00048396870315	NA
1.00053174366334	1.00082200718027	0.999841556052938	1.00089379906051	0.999934330229518	1.00068765114286	NA
1.00114170287095	0.999842281268097	0.999668065257241	1.00056693937531	1.00195875347226	1.00197192993814	NA
1.00013478243996	1.00028912424339	1.00006866768413	1.00054874662094	0.999842131432762	0.999856847932911	NA
0.999866043419768	0.999925367978001	0.999782181279158	1.00028060942666	1.00095982870473	1.00050020180983	NA
1.00102169264948	1.00051328863752	0.999901166848456	1.0006225536108	0.999966602157625	1.00116376274074	NA
1.00070247160592	1.00042098537384	0.999983331991865	1.0003936658597	1.00014880932044	0.999953038068844	NA
1.00095282007019	1.00143265667033	1.00057616877458	1.00044438869593	1.00043116233174	1.00063216772085	NA
1.00097788449834	1.00021728426794	0.999973679071063	1.00017008067473	1.0003077650593	1.00122874415327	NA
0.999885359905899	1.00037717211833	0.999874204405554	1.00026879649209	1.00059473698177	0.999917593721937	NA
0.999907116674992	1.00025603734702	1.00019827174003	1.00039137283861	1.00059742280655	1.00099379099503	NA
0.999873407416437	0.999926046959051	0.999978462660756	1.00163218972273	1.00058728118059	1.00014121737382	NA
1.00019633372347	1.00009806165975	1.00026761547918	1.00062427215628	0.999715064524678	1.00043396001748	NA
0.999900015585343	0.99973015026197	1.00092818999065	1.00014102170363	1.00067187771639	1.00109574646241	NA
1.00030502615008	1.00021581804307	0.999807426750697	1.00060647665027	1.00016172497662	1.00009264771671	NA
1.00013995389722	1.0003467955479	1.00050298935324	1.00025889363457	1.00028647169854	0.999667714781381	NA
1.00125872596978	1.00008247302631	1.00013162005424	1.00091595360862	1.0008685999492	1.00024723908923	NA
0.999881573634467	0.999938821201613	1.00010690267531	1.00016346527288	1.00026372613159	1.0001426925486	NA
1.00101774155464	1.00076234386037	1.00023735830282	0.999878749723918	1.0017709840709	0.999940906023393	NA
1.00028197282908	1.00000778260749	0.999961738831595	1.00055860120857	1.00127603091195	0.999970085860025	NA
0.999950965928018	1.00108583298164	0.99983863510901	1.0007029218959	1.00018244043247	1.00049079850166	NA
0.999723987006805	1.00051173224229	1.00024782525741	1.00012631162889	1.00041200018025	1.00015668774031	NA
1.00013565838606	1.0002572727312	0.999895454602807	1.00038089550009	1.00004863738628	1.00042145483086	NA
0.999910012964605	1.00103926616702	1.00104008960004	0.999715796810607	1.00105357953067	1.00061696091975	NA
1.00132008298192	1.00141992925447	1.00026175409573	1.00001357365492	1.00082887131484	1.00008345141995	NA
1.00059143334652	0.999868917158839	1.00020745547956	1.00019100970883	1.00037223737401	1.0003663924232	NA
1.00072096925966	0.999737335039969	0.999864986800696	1.00036434687249	0.999853096509155	1.00022166806774	NA
1.0007961036651	1.00067150751089	1.00039314055188	1.00078975686338	0.999761868395855	1.00063682557886	NA
0.999950926983097	1.00140929978169	1.00031079204034	1.00003515606469	1.00062910411344	1.00058832301728	NA
1.00094693648859	1.00117873643526	1.00006395944347	1.00055274011614	1.00028165244715	1.00013916912049	NA
1.00084581799868	1.00072471445626	1.00017913428466	1.00034425535516	1.00043457068756	1.00084747641368	NA
1.00002488843423	1.0003552988941	1.00050051791068	1.00040555694961	0.999799671948177	1.00024747121756	NA
0.999872491827199	0.999835710066974	1.00017094116604	1.00006476473075	1.00002199247029	0.999901951195563	NA
0.999933395486292	1.00090859176311	1.00030263591282	1.00035777015979	1.00036283029739	1.00049392478727	NA
1.00002557134781	1.00100078639346	0.999906591960796	1.00039179265802	1.00086384217929	0.999865011026062	NA
0.999821326653269	1.00051185547088	0.999945198812782	0.999761168277886	1.00010997510255	1.000915433884	NA
0.999817663200841	1.00050756790623	1.0002145330748	1.00067322372521	1.00050639027359	1.00005545433493	NA
1.00011193589572	1.00136559075684	0.999916140372843	1.00022567207109	1.00134514671859	1.00020208176848	NA
0.999817917787154	1.00040796648651	1.00040922006734	0.999950139246105	1.00060147824675	1.00119082585853	NA
1.00062425604144	1.00046199406172	1.00010815590225	1.0004584525013	1.00029677647729	1.00052291396666	NA
1.00015236023369	1.00118103878739	1.00049330257105	1.00060049813753	1.00036842631118	1.00000280212628	NA
1.00077707156793	0.999991133994791	0.999969319151179	1.00046224455669	1.00060674137154	1.001190424097	NA
1.00029908204418	1.00023897696808	1.00074847085582	1.00061819199033	1.00100847870611	1.00069683528427	NA
1.00013358768788	0.999991011834871	1.00048778701652	1.00117746980636	1.00101964580494	1.00015413340507	NA
1.00019898971796	1.00111034099202	1.00054002421877	1.00009916742372	1.00038864204924	0.999996136939942	NA
1.00075117137401	1.00078991254503	1.00030932228858	1.00021841326393	1.00103479051743	1.00089999234449	NA
1.00054769669442	1.00062953350304	1.00025263657398	1.00066486265166	0.999770851842718	0.999856793842975	NA
0.999976421258188	1.00088213987755	0.999939317040836	0.999940807493124	1.00043670738851	1.00004486982328	NA
1.00005837802803	0.999957306573535	0.999976405725788	1.00057681547464	1.00023598098913	1.00110792954726	NA
1.00011863610477	1.0001749387837	1.00026790142018	1.00049882539608	1.00023759019317	1.00012849959971	NA
1.0007685154393	0.999826714933493	1.00002668427319	1.00106585222133	1.00044855291102	1.00083184231112	NA
1.0008335513797	1.00152568908732	1.00002158745351	0.999781109096474	1.00082092113658	1.00053591065987	NA
1.00037478298291	1.00004665567055	1.00005243095651	1.00047879209939	1.00082240086721	1.00020208685111	NA
1.00086422129827	1.00000909408293	0.999798362949722	0.99998984230567	1.00018202702846	1.00012875942578	NA
0.999899303288775	1.00015243965622	1.00114043088475	1.00054867475399	0.999885590852776	1.00058149692686	NA
0.999926555850169	0.999922960058711	1.00000977849509	1.00024269897603	1.00031616916801	1.00039083733133	NA
1.00056264863931	1.00035233936672	1.00034942214316	1.00055558218834	1.00006450430167	1.00058262044733	NA
1.00003910057352	1.0005347537842	0.9998337492244	1.00008499988013	0.999868559871803	1.00006740539512	NA
1.00069249594757	1.00061466956299	1.00091513919975	1.00033929732793	1.00021369979576	1.00076816481966	NA
1.00062186598489	1.00147620964914	0.999991187004015	1.00022562085451	1.00019319136426	1.00102342711624	NA
1.000620622831	1.00035830326996	1.0004178332015	1.00019111444604	1.00068586238204	1.00050181473902	NA
1.00028717135039	1.0000309635742	0.999740405183488	1.00060255257263	0.999897086376655	1.00078458989204	NA
1.000881158202	1.00127094798103	1.00029374124505	1.00010149192114	1.00094115502544	1.00076686979413	NA
1.00008289986781	1.00068510857903	1.00088570076255	1.00122540482846	0.999850167872282	0.999896681400553	NA
0.999927870197055	0.999789919895429	1.00052560078404	1.00080892478941	1.00028348964548	1.00156444590043	NA
0.999889977539256	1.00008485258723	1.00047289726386	1.00068587046461	1.00036769347911	1.00084592518282	NA
1.00070064323062	1.00065404983744	1.00010435341402	1.00031590170254	1.00013943680704	1.00040006440494	NA
1.0004645479714	1.00021266097102	0.999954275103499	1.00002852311157	0.999774105459851	1.00038888748526	NA
1.00153984569503	1.0007395296236	1.00028988558564	1.00003514137537	1.00075764876234	1.00107205335585	NA
1.00004144933331	1.00139378677766	1.00095035046464	0.999805248316598	0.999908166036634	1.00018668868813	NA
1.00014973595685	1.00023183378751	1.00031587943003	0.999914049600164	1.00021749789539	1.00029098590602	NA
1.00010190443024	1.00017434139953	1.00013430622909	1.00051366668585	1.00013697604939	0.999969446187824	NA
1.00090123917759	1.00061541620682	1.00018518810905	1.00108929602631	1.00022785234615	1.00040915549845	NA
1.00018265293219	1.00042649810199	1.00003187831312	1.00073152183752	1.00005977690311	1.00060220662994	NA
1.00116214876324	1.00044864329273	1.00038606586472	1.0003902469489	1.00174896777647	1.00013096938329	NA
1.00051798442945	1.00137008179312	1.0001050285821	1.00048616941293	0.999984982834558	1.00038180252184	NA
1.00012564796835	0.999970600295046	0.999880322630638	0.999760683033378	1.00050124199801	1.00020279299047	NA
1.00002056029994	1.00024408432104	1.00026430073987	1.00019755569286	1.00088704753967	1.00015607323708	NA
0.999833584970848	0.999842402753481	1.00048675349852	1.00101370594437	1.00023464686946	1.00006482266333	NA
0.999787252349233	1.00135031741924	1.00010137941124	1.00123528654297	1.00037582195759	1.00008338616735	NA
0.999866110113196	1.00043804506602	1.00023809613319	1.00091382149151	1.00056192898334	1.00023958816209	NA
1.00043920617348	1.00045546850624	1.00007052261939	1.00035920118972	1.00018197463429	1.00029275024213	NA
1.00073671682774	1.00046851031387	1.00044363418238	1.0002190765756	1.00000222180132	1.00020993895023	NA
0.999870006698395	1.00088262202486	0.999870711897704	0.999735859877054	1.00021846760046	1.00039396191987	NA
0.999803147613267	1.00081011757257	1.00022712904348	1.00121923618547	1.00053813570448	1.00060152015806	NA
1.00053983509272	1.00096024030875	1.00055724643232	1.00029663139007	1.00069242224317	1.00014116134319	NA
1.00025144552822	1.0012533022101	1.00004984361734	1.00026857006807	1.00110561385042	0.999932105240857	NA
1.0010880039579	1.00025408874451	0.999786884089058	0.999985202152899	0.99993059514867	1.00069839290797	NA
1.00037871032879	1.00034794159929	1.00030462668696	1.00060030663767	0.999854344977575	1.00032666197766	NA
1.00022898875985	1.00139572257951	1.00070531448538	1.00027601397692	1.00192413592157	0.999820735851183	NA
1.00029402874524	1.00007402089598	0.999765877417635	1.00048144519609	1.00009285053801	1.0005511414674	NA
1.00034960640012	0.999882825074553	1.00045564730456	1.0010664904108	1.0007643789978	0.999915952196368	NA
1.00000527707658	0.999652466913371	1.00016602700907	1.00003458891392	1.00080851365491	1.00036677870027	NA
1.0003507263365	1.00021430069073	1.00045750198759	1.00015183801774	0.999859392926278	1.00024229455537	NA
1.000275183131	1.0005407942772	1.00025887440111	1.00140940734621	1.00122242986073	1.00127341803559	NA
1.00032880678479	1.00073693139938	1.0003229095356	1.00082454453486	1.00098786152747	0.999877464510165	NA
1.00033053792015	1.00030093865347	1.00012569483793	1.00019915554537	1.00027641928609	1.00117996940045	NA
1.00039705032819	1.00091272211731	0.999909115171192	0.999848502690818	1.00047059930826	1.000834574158	NA
1.00073107799259	1.00085250532889	1.00005908710672	0.999916481217371	1.00066556057583	1.00007032031995	NA
0.999988882301962	1.00016800391776	1.00038671932969	1.00073449159337	1.0003467189558	0.99976497217924	NA
1.00085305771435	1.00075903347515	1.00012197185105	0.99996864353464	1.00041538299101	1.00071091900024	NA
1.00087530606256	1.00018972926643	1.00018265021038	1.00017414358776	0.999848957643583	1.00032455951867	NA
1.00080451358082	0.999941646324461	1.00026840294746	1.0001049761711	1.00074114093259	1.00032051036738	NA
0.999854438227709	1.00080976898008	0.999804930724415	1.00041606155578	1.00053356259138	1.00004275723077	NA
0.999977621798084	1.00078358309709	0.99994127352578	1.00008212553891	1.00066969589494	1.00023124023943	NA
1.00050399174716	1.00080378120355	1.00072666435163	1.00005239661141	1.00068225900206	1.00027243517338	NA
1.00046485757029	0.999745821443248	1.0006731724009	1.00029146568575	0.999815149071196	1.00022830039234	NA
1.00002100162573	1.00252446557817	0.999942070976609	1.00027297179552	1.00080470290613	0.999902800285398	NA
1.00034084382277	1.0000217478039	1.0003938980619	1.00045615915903	1.00031156899656	1.00175632133612	NA
1.00085036986701	1.00049849056501	1.00036537768805	0.999966421608797	1.00031635138449	1.00006042207637	NA
1.00019716279403	1.00100818666158	0.99997863695403	1.00076020068268	1.00002246007382	1.00028675572381	NA
1.00018185381776	1.00111038116149	1.00009325231228	1.00065272715749	1.00014540422483	1.00015989931024	NA
1.0001915648036	1.00037099244668	0.999970375054203	0.999836361271583	1.00066969351978	1.00005595872058	NA
0.999837747616886	1.00136333106002	0.99995068118504	1.00004709505807	1.00003285197341	1.00066199741938	NA
1.00167824724882	1.0014017055014	1.00043117226566	1.00052869653688	1.00015292125347	1.00004735473307	NA
0.999846046642744	1.00044894939775	0.999944617395723	1.00044083020683	0.999918703527082	1.00019451186633	NA
1.00032715358714	0.999742450187326	1.00158844351303	1.00005633173149	1.0000426910284	0.99990979351043	NA
0.999986947760028	1.00175697334175	1.00021501080183	1.00046481762854	1.00055761706803	1.00060508258961	NA
1.0000597235686	1.00039583672897	1.00020544705746	1.00004566881512	1.00031336754716	1.00039231764996	NA
1.00120171201163	1.00116580831054	1.00080982692116	1.00044246652566	1.0011590084785	0.9998947897338	NA
1.00056420234282	1.00014151081579	1.00011565403591	1.00005938983151	1.00079406204622	1.00076783472813	NA
1.00014606474224	1.00034768184032	1.00049860967465	1.00033090475415	1.00030296045093	0.999945363486847	NA
1.00020296042398	1.00032938613682	0.999898275104047	1.00026553913753	1.00086339914733	1.00063566178983	NA
1.00010466580671	1.00021899010915	1.0002931479686	1.00007702223398	1.00123728296149	0.999740404220182	NA
1.00093746402345	1.00098176141237	1.00029762238217	1.00068994759979	1.00058829964934	1.00105703312736	NA
1.00025453111101	1.00042593211577	1.00013212892583	1.00045065220716	1.00031676099556	1.00031822409996	NA
1.00063149506673	1.00006136241435	0.999912149965967	0.999943159600094	1.00119591710409	1.0003837202206	NA
1.00057634662044	1.00126108138952	0.999823904792863	1.00057097963983	1.00011543667659	1.00002209704142	NA
1.00060376246395	0.999794174099694	0.999794294113179	1.00017429111272	1.00056236148953	1.0002757389893	NA
1.00041334281336	1.00085508879749	0.99994456633957	1.00039124626936	1.00013266122878	0.999691805656068	NA
1.00036123572502	1.00066044142998	1.00062421176617	0.999944066470493	1.00039160596524	1.0001855061628	NA
1.00045803074177	0.999946429930021	1.0007992612289	1.00088013832421	0.999961590737093	1.00072885943416	NA
1.00037395690598	1.00030668625926	1.00001861374089	1.00001356295169	1.00033578284047	1.00011798171429	NA
1.0003808892115	1.00010276726029	1.00012997733666	1.00025275265715	1.00019351621154	1.00051360311432	NA
1.00018571703569	0.999942595354016	1.00013397574912	0.999869374319223	1.00017806581089	1.00057802386549	NA
1.00049779596818	1.00003959514827	1.00097570922315	1.00021115787475	0.999844661108768	1.00020922903184	NA
0.999736790445018	1.00030272586524	0.999988671522634	1.00081819906706	1.00057876340018	1.00054210386746	NA
1.00153189063537	1.00089222614238	0.999798945634332	0.99987224065804	1.00013492648042	1.0005061808729	NA
1.00079591143771	1.00113702314507	1.0003364798569	1.00057285376554	1.0003949347836	0.999929701742048	NA
1.00013103570213	1.0010983622268	1.0006159026345	1.00083902233804	1.00068566815092	1.00055159958309	NA
1.0000172747015	1.00028905062686	1.0001526123223	1.0006532175424	1.00042173606553	1.00001557800077	NA
1.00092399208545	1.00068124229303	0.999947685132552	1.00026974039681	0.999940585022371	1.00041433947928	NA
1.0004247096784	0.999963513532879	1.00038957231245	0.999902628605662	0.999980351722445	1.00029692729031	NA
1.00002816729279	1.00121105439074	1.0000783779547	1.00039553607352	1.00008652489567	1.00041621060205	NA
1.00005142118144	1.00024581240848	1.00022560731874	1.00027957349221	1.00070094360009	0.999925973727859	NA
1.00009864339964	1.00071332123912	1.00012637706667	1.00028879523286	0.999708985452308	1.00019222838084	NA
1.0007970692365	1.00057876147342	0.999911007523792	1.00171716683738	1.00000282946878	0.999765196091819	NA
1.00064007528002	1.00049697433364	1.00028232604225	1.00112206444632	1.00034199408905	1.00045902139541	NA
1.00041966254519	1.00101207552198	0.999868255210979	1.00091317058892	1.00003886507712	1.00087930520454	NA
1.00061148695323	1.000092076435	0.999742560528251	1.00004404145602	1.00067017895165	1.00009307538989	NA
0.999944325237829	1.00004164199199	0.999673043753452	1.00013046209199	1.00049419143704	0.999968512656807	NA
1.00021862387879	0.999878214147157	0.999912333034125	1.00055904947455	1.00013640665508	1.00038495643886	NA
1.00032783954322	1.00024993683186	0.9998226464201	1.00074064680053	1.00032734289897	1.00051541798242	NA
0.99989635179658	1.00030445374535	0.999962312891995	1.00005835566933	1.00031739671422	0.999965583034933	NA
1.0006042508686	1.0016412585068	1.00008352252985	1.00021368757634	0.999990082055577	0.99999119838143	NA
1.00051225875264	1.0005389405181	1.00069455923557	1.00064529341183	1.0000215707345	0.999901638159874	NA
1.00044655323338	1.00029918731322	0.999745262833485	1.00038262135772	1.00012047048519	1.00074689084309	NA
1.00041495496229	1.00056938159888	1.00009504327051	1.00043792509301	1.00175530341363	1.00071955600403	NA
1.00017394404605	1.00029674770037	1.00045520785755	1.000494721411	1.00016919282621	1.00029839492799	NA
1.00103275206043	1.00041245692798	0.999967317478426	0.999809823161706	0.999746033370879	1.00012231111717	NA
1.00021860839163	0.999874910089113	1.00004558199868	1.00019001627826	1.00048865111136	1.0002530044662	NA
1.00008175115589	1.00106794369563	1.0005318351371	0.999991770380557	1.00011968922407	1.0010870364674	NA
1.00065567551188	1.00015194631703	0.999956278584219	0.9998446901968	1.00012290432515	1.00023146090739	NA
1.0006160269126	1.00035207390384	1.00028420587098	1.0015736008111	1.0004190316165	1.00027455661031	NA
1.00014259732744	1.00044209073072	0.999933686356665	1.00090090526539	1.00022775021499	0.999824124432694	NA
0.999931503807259	1.00066630751837	1.0001815212152	1.00023526537813	1.00018148679714	0.999801910186344	NA
1.00015407565411	1.00063195149222	0.99982410766407	0.999976012867107	1.0007597666476	1.00038295202626	NA
0.999873601696878	1.00026204603049	0.999896370192141	1.00055743140344	1.00029170843678	1.00033690496227	NA
0.999863939493104	0.999958937303624	0.999898798201286	1.00063919434027	1.00007494088086	0.999920466922913	NA
1.00031906809481	1.00096719647545	0.999798687528372	1.00024428912231	1.00141542870513	1.00082544221519	NA
1.00107041735394	1.00050717408529	1.00002174192215	1.00019334327425	1.00065960113177	1.00020551707156	NA
1.00053567064795	1.00106258858602	0.99973028346848	0.999980287148894	0.999982959349549	1.00145216324293	NA
1.00044920115045	1.00057478401237	1.00041082754916	0.999907677858151	0.99997779155931	1.00051257643083	NA
1.00008307924297	1.00017554480899	1.0007380702914	1.0001698537653	1.00052657248595	1.00049904374127	NA
1.00062758418157	1.00024282048261	1.00046867270575	1.00024684542425	1.00028677505471	1.0004855761865	NA
1.00040390111914	1.00084017349935	0.999832695272148	1.00172696975544	1.000021918792	1.00014445343122	NA
1.00141103903748	1.00005262805766	1.00013585411962	0.999987634352815	1.00020750759209	0.999983418899058	NA
1.00013988104232	1.00033168872799	0.999767962083159	1.00036423869358	1.00014678076097	1.00150978295132	NA
1.00006239891243	1.00085574670887	0.999979565263383	1.00079734517394	1.00001506432142	1.00042235906254	NA
1.00002865538105	1.00017127482045	1.00045766768784	0.999998726307107	1.00046451313567	1.00048818070721	NA
1.00019486297529	1.00035245846077	0.99999400003913	1.00056417792442	1.00007111802676	1.00011674009164	NA
0.999692050889958	1.00062798747033	1.00006296902618	1.00003603756334	1.00025139658454	1.00048128259479	NA
0.999831466810315	1.0006130893005	1.00028049462848	1.00042667695322	1.00136909534873	1.00122752740181	NA
1.00104129879031	1.00073634530215	0.999889873849429	0.999790664437224	1.00042079542527	0.999953358092595	NA
1.00009282766922	1.00014461276994	1.00007399617375	0.999957134001387	1.00079384559294	1.00043476319777	NA
1.00019733649387	1.0007937075952	1.0003313556127	1.00011428829768	1.00100800338726	1.00032710227553	NA
1.00033332807319	1.00279520583257	1.00003843666136	1.00046684392717	1.00004949309212	0.999770953851838	NA
1.00026365024635	0.999993581293112	1.00032268601467	1.00026953649517	1.00102238279011	1.0001764368829	NA
1.00013036885416	1.00002479057447	1.00019597900324	1.00042865992188	1.00071822892729	1.00065167773942	NA
0.999860181376758	1.00177554749048	0.999768602150922	0.99994167798453	1.00039411974575	1.00150763957047	NA
1.00015574232984	1.00020632658337	1.00010491575756	1.00027677659535	1.00045889948029	1.00096202076016	NA
1.00042888460001	1.00087121864999	1.00004005989173	1.00035329971478	0.999791258735179	0.999987803479955	NA
0.999707046395387	0.999927358231531	0.999999867681684	1.000256780524	1.00017916473436	1.0003004494852	NA
1.0001203694855	1.000167083747	0.999806452440385	0.999764221097004	1.00040699644809	1.00015358896547	NA
1.00031485263573	0.999954342207821	1.00037790983832	1.00078591153529	1.00023968355662	1.00150373976298	NA
1.00021597781341	1.00032477753724	0.999895082143841	1.00041284931447	1.00139860874507	1.00005650836884	NA
1.00013903338846	1.00043478231003	0.999959058086747	1.00001402853789	0.999920201917294	0.999863191092183	NA
1.00058681238307	1.00071049896327	1.0004372926661	1.00017873307018	1.00051231042973	1.00084044596626	NA
1.00042321835071	1.00001249413148	1.00012947161346	0.999908981016893	1.00047019142289	1.00041741436851	NA
1.00124084622587	1.00093811464177	0.999980184283537	1.00066150325458	1.00099996783478	0.999862672377643	NA
1.00099649593005	1.00088136168286	1.00006377525909	1.00000093218973	1.00066695736103	1.00092848048185	NA
1.00016237368885	0.999751149010527	1.00049764581745	0.999767350033578	1.00122707471412	0.99992317500638	NA
1.00012373019035	1.00003009773919	0.999968487574185	0.999772971927344	0.999977359332427	0.999991297279827	NA
1.00133121560302	1.00026405551323	1.00052711808929	1.00052029019228	1.00151058481269	1.00098528008782	NA
1.00098066168358	1.00187776332916	0.999885544274758	0.999752757861165	1.00104406097337	1.00283276857041	NA
1.00099270537674	1.00036693936851	0.999957488284228	1.00048698823077	1.00142183255158	1.00012538173408	NA
1.00001446996195	1.00045517461002	1.0000434391235	0.999718534867201	1.00000857369546	1.00030932812461	NA
1.00061239291501	1.00004855924604	1.0006892212982	1.00008769048329	1.00011529731514	1.00105494719538	NA
1.00101009018103	1.00018807354455	0.999858842794803	0.999784345731902	1.00013656244856	0.999747895355023	NA
1.00019277657391	1.00028786466729	1.00017187121077	1.00135117257959	1.00022201785229	1.00017453687551	NA
0.999799584116844	1.0004961397642	1.00012539805301	1.00046588087006	1.00083754190366	1.00010996258958	NA
1.00074310181008	1.00128354025967	1.00015531487029	1.00021840388443	1.00029804015708	0.999828647793896	NA
1.00036720708599	1.00043192771392	1.00007707269929	0.999973255677484	1.00076692913198	1.00069768799503	NA
0.999674293025843	1.00095579756448	0.999913374308255	0.999842117384295	1.00078064275222	1.00029102396717	NA
1.0002554276911	1.00002933698645	0.999941049549905	1.0001197132601	1.00004529019841	1.00037044477734	NA
0.999990978533425	1.00090694783585	1.0002514683514	1.00039253252641	1.00000848460263	1.00104795978932	NA
1.00072773384947	1.00091889459217	1.00104065743589	1.00031565063382	1.00034452438674	1.00073195993981	NA
1.00070376867615	1.00041143890094	0.999962417203242	1.00029060855558	0.999995508580713	1.00082781209341	NA
1.00082592231503	1.00010142704813	1.00027040697769	1.00062531908487	1.0003527497206	1.00051015196109	NA
1.00051208376417	1.00080946819642	1.00001455725504	1.0009257576575	1.00014241616364	1.00069629359536	NA
0.999751161799186	1.00039185930067	0.999992222071785	1.00009091037008	1.00014902111184	0.999834237024535	NA
1.00024975956553	1.00027985857416	1.00022215966372	1.00013574960383	1.00038104157301	1.00012973299691	NA
1.00071834543875	1.00035087243039	0.99987586498916	1.00017958399433	1.00100848030783	0.999907829164067	NA
1.00037782791579	1.00062679790098	0.999923370827099	1.00034357213942	1.00016738239851	0.999956335275503	NA
1.00000634708629	1.00046617795407	1.0000430356583	1.0002938789575	1.000311145755	0.999860191267645	NA
1.00023013933724	1.00068562831066	0.999928199318533	0.999846494912484	1.00191183459651	1.00057411275884	NA
0.999800051517329	1.00018228166473	1.00004014198993	1.0004939561074	1.00000737004942	1.00017155307299	NA
1.00052007427396	1.00052551016071	1.0004911222576	1.00035466679104	1.00065525631189	1.00035947292245	NA
0.999906698197285	1.00067921431037	1.00027364769835	1.00078395514659	1.00029589736036	1.00017177538056	NA
1.0001348675151	1.00102904570686	1.00043912573675	0.999884672758913	1.00032367226549	1.0004048411783	NA
1.00043724211304	0.999917632815877	1.00040009626003	1.00004196544621	1.00063208004794	0.999973970155392	NA
1.00007749524227	1.00008873194779	1.00025138199283	1.00003514218208	0.99982327481159	1.00028363330276	NA
1.00053278235268	1.00190870167506	1.0001371087196	1.00056008412443	1.00061788117562	1.00041599417669	NA
0.999820534258021	1.00036156143843	0.99989182821532	1.00027526346308	0.999948564068301	1.00003987347971	NA
1.00037554705142	1.00037954237401	0.9997805190174	0.99989729473652	1.00092329918932	0.999889948005909	NA
1.00052513504934	1.00063129748511	1.00017471534681	1.00001641397083	1.00072978200814	1.00035879195639	NA
0.999934065832861	1.0011020694752	0.999951620707002	1.00056756657689	1.00164588550653	0.999726015484809	NA
1.00011604731314	1.00022628185345	1.00023212567773	1.00082255803715	0.999751863704772	1.00104567171628	NA
1.00038829735253	0.999934984377172	1.00007121130666	1.00025449697577	1.0001180827412	1.00076694286875	NA
1.00009262439116	1.0007223051307	0.999998391205968	1.0006991633208	1.00048231868584	1.00089916474174	NA
1.00068786131266	1.00063019374278	1.00032163342511	0.999854328166781	1.001726223642	1.00034610233827	NA
1.00011708085731	1.00015032231473	0.999868356412033	1.00073701982538	1.0001748542057	0.999857783890032	NA
1.00013294337806	1.00150824405415	0.99997550079557	0.999786309391511	1.00066577687298	0.999756545735342	NA
1.00019043178645	1.00026835414081	1.00037044507296	1.00050206220286	1.00123399900587	0.999904630812782	NA
0.999872258426154	1.00029104946185	1.00015660985604	1.00095628526189	1.00046552256741	0.999932451688603	NA
1.00052716832859	0.999967148639164	1.00009083858173	0.999803272885914	1.00065386268484	1.00019104061369	NA
1.00109885582401	1.00051976080438	1.00051292039777	1.00014906746739	0.999838870642577	0.999740029538564	NA
1.00008115241759	1.00097787741368	0.999926141550109	1.00045623300066	1.00129764241709	1.00008038191609	NA
1.00032627077911	1.00131190581136	1.00058705401312	1.00131487229292	1.00050526257194	0.999955136327269	NA
1.00019252763374	1.00036150222629	0.999833427879406	1.00023916494144	0.999883749936464	0.999823535196487	NA
1.00028135785095	1.00061058458125	1.00025911791646	1.00093972240122	1.00005282918361	1.00092568292691	NA
1.00016394481479	0.999890668391071	0.999953310415619	1.00059448326058	1.00073079075218	1.00086614362437	NA
0.999763868430412	1.00021746664627	0.999729564230836	1.00133029722926	1.00011014081499	1.00006599806521	NA
1.00055425381493	1.00005641893154	1.00042893365059	1.00014313339954	1.00022541461363	1.00018855260033	NA
1.00032705525665	0.999983213103369	1.0001785195304	1.00008410933267	1.00001391978499	1.00044850983999	NA
1.00063150357883	0.999954784022182	1.00010765875005	1.00041745259583	1.00034146172601	1.00013736523397	NA
1.00082556192413	0.99998824576841	0.99991844017947	1.00062478362144	1.00005075878686	1.0000674449768	NA
1.00029944735177	1.00018882391361	0.999863402699087	1.00012091858713	1.00042043432866	1.00015128921676	NA
1.00032542555826	1.00034867985391	0.99978371164506	1.00029169079172	0.999973468287765	1.00013330408479	NA
0.999988461885258	1.00056078012691	1.00035370970588	1.00229047717792	1.0004536416305	1.00023934297546	NA
0.999922126327073	1.00110258904984	1.00061294129737	0.999836559405771	1.00038617522619	1.00007659022454	NA
1.00019622428715	1.00035343567488	1.00000056771116	1.00032533308816	1.00044238254703	1.00058401713476	NA
1.00061371882092	1.00124075532567	1.00002306784157	1.00104460058215	1.00155007958189	1.00179300658651	NA
1.00014681800766	1.00032925001276	1.00034919230958	1.0005349730761	0.999978817736744	1.00058148100861	NA
1.00021493041369	1.00135168932943	1.00093316397468	1.00061408373276	1.00087498614041	1.00001401410779	NA
1.00022276354189	1.00011198760743	0.999954108344714	1.0005416325323	1.00035171988147	1.00115824684914	NA
1.00004436430902	1.00086641345668	1.00034886765782	1.0001055645881	1.00038116267862	1.00023917047956	NA
1.00054486025273	1.00038800546217	1.0000064008354	1.00068705039941	1.00021906310467	1.00035631536429	NA
1.00017101852776	1.00080630147499	0.999996326122423	1.00048173848523	1.00054963080412	1.00217358647531	NA
1.00087367084065	1.00034270063684	1.00026408872893	1.00029912300148	1.00028953046795	1.00043767662621	NA
1.00018645145396	1.00194528907109	0.999982160996317	1.00006732452388	1.0003511292938	0.999682634097537	NA
1.00079423922101	0.999984857100209	0.999948282590423	0.999753789541355	1.00027347225876	0.999916297007837	NA
1.00096294961124	0.999951557497686	1.00018063607181	1.00009719050864	1.00024875877493	1.00025051947758	NA
0.99992022560803	1.00165472051353	0.999929928251891	1.00000640727544	1.0007200802589	0.999953142949076	NA
0.999888718413465	1.00146823353235	0.999880674718782	0.999979178875864	1.00064726716463	1.00046832881888	NA
1.00004051746557	1.00002267046616	1.00017479867605	1.00084781437011	0.999872556672998	1.00023458943955	NA
1.00056094118354	1.00066407552367	1.00066286623496	0.999880470050222	1.00029769508088	1.00048387059437	NA
1.00070686612833	1.00030990760008	1.00010518159423	1.00031572048066	1.000518753387	1.00035917874888	NA
0.999995137932182	1.00025281235975	1.0000018416128	0.99967209406465	1.00127041357022	1.00004626774593	NA
1.00020317230393	0.999894678461764	0.999790470341906	1.00135622072172	1.00033446314462	1.00020608064526	NA
0.999813692675239	1.00141984368197	1.00015657314858	1.00057605298539	1.00001558152974	1.00006332747457	NA
0.99992113462146	1.000348747777	1.00058231659026	1.00024978203541	1.00024301986159	1.00011288048969	NA
1.00007362548093	1.00013481178693	1.00037413643937	1.00005247180571	0.999821459626405	0.999871762653032	NA
1.0010518281886	1.0010644651996	0.999927668905449	1.00085282615047	1.0007312724714	1.00081661833613	NA
1.00018105941806	1.00051944768231	0.999766707761243	0.999945112129888	1.00066822547978	1.00157504252542	NA
1.00028154169555	1.00007046117502	1.00009442723523	1.000013211097	1.00024675438774	1.0012926697471	NA
1.00013552778612	0.9999697999006	0.999946411267452	1.00040782126433	1.00052404082972	0.999874525822972	NA
1.00020984180778	1.00027267563979	1.00012142201697	0.999896225767867	1.00051662208407	1.00080153737577	NA
1.00036507713589	1.00053007515334	1.00036560356317	0.999867533056805	0.999892883559014	1.00030177032195	NA
1.00027311794217	1.00057631687099	1.00030833762264	1.00027354741823	1.00018840540757	1.00056607644051	NA
1.00002426522956	1.00014419667182	1.00062864950974	1.00112286775031	1.00090295306952	1.00023907452482	NA
1.0001609475993	1.00070924107775	1.00071042405568	1.00037520478666	1.00088582902192	0.999802277364525	NA
1.00099492109426	1.00179282343338	0.999917164052711	1.00009436139239	1.00062160285549	1.00043256594944	NA
0.999924034825207	1.00026886899589	0.999945995384386	1.00051817925868	1.00003018833353	1.00082595308684	NA
1.00036683551234	0.999928544187846	1.00007979648839	1.00027911124814	0.999710142711165	1.00053207901484	NA
1.00031414779963	1.00013716483107	1.00076224443828	0.999968854555926	1.00017673819455	1.0004748407907	NA
1.00102471317972	1.0000919314182	1.00004429259361	1.00041190862228	1.00077542133863	1.00070762599154	NA
0.999726435445093	1.00033650672607	1.00000732770182	1.00054186869581	1.00044696773825	1.00017745580769	NA
0.999947982511308	1.00179070612346	1.000517317784	1.00016806134145	1.0010309840655	0.999991211216717	NA
1.00137619668434	1.00061755476619	1.00000852412842	0.999696633806958	0.999844168441637	1.00022083132282	NA
0.999992878808743	1.00000920906328	1.00001327213193	1.00014334745103	0.999872114295487	1.00067949210426	NA
1.00062555304255	1.00016569139442	0.999892200106965	1.00042549083514	1.00080796072696	1.00017715128848	NA
0.999859783296115	1.00162592110673	0.999930059505406	1.00010578460783	0.999958845330793	1.00038108703343	NA
1.00044608649476	1.00098880076755	0.99994328821009	1.00090392532107	1.00039707635981	1.00041625161642	NA
0.999873005234267	1.00155158726335	0.999791294271547	1.0001018175606	0.999798748268077	1.00051470470453	NA
1.00022428013552	1.0007474995486	0.999780870257972	0.999833877025704	1.00110766792675	1.00080445106234	NA
1.00120394984002	1.00249877286409	1.00020986845582	0.999999407015618	1.00094854820868	0.999930439279518	NA
1.00027690916329	1.0003882861782	1.00023895397584	1.00028532101793	1.00064144979611	1.00088392631806	NA
1.00002043586798	0.999854067728777	1.00000776399465	1.00105136023457	0.999807740888978	1.00009121872131	NA
1.00038808121497	1.00036976093879	1.00000094761083	1.00004309842312	1.00147023449821	1.00078771652883	NA
1.0003588317448	1.00010912964239	0.999827381438316	1.00060183357078	1.0001435293366	0.999883000127161	NA
1.00025009724526	1.00051681477256	1.00035717494966	1.00016631171342	1.00175528214623	1.00035564109222	NA
1.00000566338782	1.00040871567782	1.0003450707304	1.00028514642873	1.00045031899122	1.00060528380811	NA
1.00016297096185	1.00113925358776	1.00061291103586	1.00022207749531	1.0001183585139	1.00033186190025	NA
1.00039421703678	0.999991287771788	0.999860283920012	1.00143728353688	1.00012270574297	1.00040492879911	NA
1.00015696230181	1.00001433776286	0.999781604309637	0.999934670408661	1.00005303344396	1.00092143335137	NA
1.00149937131738	1.00010757017881	0.999735385360643	1.0010082413116	1.00026699633518	0.99997533713684	NA
0.999945887759879	0.99997592365983	1.00012972535194	1.00067326759234	1.00021049795704	1.00043950578562	NA
1.00038366703727	1.00097377470298	1.00013946437239	1.0002952307143	1.00010955731154	0.999859517165757	NA
1.00039607477679	1.00152538475013	1.00049020601551	0.999775392798022	1.00026940154438	1.00103474265777	NA
1.00036519103394	1.00058391741959	1.00003003906966	1.00052112239691	1.00009252094308	1.00029608538701	NA
0.999985562950628	1.0004726089135	1.00007873756243	0.999960827272508	0.999972118096295	1.00033215083224	NA
1.00012327459528	1.00021621591662	1.00033352257175	1.00045270800093	1.00086271727584	0.999895351496489	NA
1.00000085013198	1.00012031215167	0.999908325788967	1.00124003730543	1.00001025017554	1.00068949904221	NA
0.999938297221811	1.00025395696893	1.00021182668822	1.00083580671933	0.999939223772131	1.00033748088106	NA
1.00061705839209	1.00131286098657	0.999749108280839	1.00034053463752	1.00021432466812	0.999987540738173	NA
1.00033564136419	1.00048860244642	1.00052793177314	1.00066787043399	1.00044854344185	1.00060144811978	NA
1.00098879368097	0.999902766242036	1.00016351905426	1.0003769788646	0.999808194816475	1.00035102311649	NA
1.00014153327143	1.00002296086969	0.999814937608839	1.0001417094585	1.00006620662235	0.999810363458515	NA
0.999922242305525	1.00020875278889	0.999794386336947	1.00070366630503	1.00036989645727	1.00035138961139	NA
0.99980343027084	1.00198004455254	0.99981381178374	0.999977643693332	0.999776665629434	0.999904959927919	NA
1.00025981875989	1.00140974780099	1.00000751407175	1.0003975635174	1.00095310255014	1.0010057165369	NA
1.00031447935456	1.00014686966793	0.999822635481469	0.999912238186286	0.999752502933471	1.00076453478565	NA
1.00008367882955	0.999915640544438	1.00032218297017	1.00060335530316	1.00065233735409	1.00056265186386	NA
1.00038596450846	1.00033318991637	1.0008012222791	1.00122437690168	1.00098049790113	0.999803916870924	NA
1.00098244434179	1.00070471657929	1.00009721641752	1.00038003919343	0.999872105521938	1.00048468355537	NA
1.00012532848975	0.999848938218585	0.999745183175931	1.00052127679754	0.999922623812382	0.999849298174699	NA
0.999650751844125	1.00006663338243	0.99990068429126	1.00112854482073	1.00019664231034	0.999898682959393	NA
1.00009254434058	1.00018866385916	0.999658305275283	1.00045802020773	1.00018827339389	1.00038454605578	NA
1.00033012148987	1.00021297897158	0.999906838173014	1.00086489647538	1.00047691082385	0.999897970568916	NA
1.00000722504578	1.00018204440485	1.00036997529463	1.00035626391198	1.00014997963234	1.0011219151106	NA
0.99984954528113	1.00132522469932	1.00041327809366	1.0000909424762	1.00087961254446	0.999930330285906	NA
0.999684410184356	1.00047803587784	0.999903013832559	1.00005932832779	1.00084757535473	1.0011025187845	NA
1.00019336663019	1.00064658247982	1.00018593877337	1.00039540944514	1.0000094917219	1.00050058351935	NA
1.00181332397987	1.00041500246053	1.00006733234446	1.00006810995987	1.00015580560789	0.999931118566391	NA
1.00007051631706	0.999847991850157	1.00017635431084	1.00026549648529	1.00039117965286	1.00025243618743	NA
1.00009715858897	1.00025996179945	1.00028834655665	1.00072184522467	1.0002520158411	1.00028622992937	NA
1.00086550785686	1.0006030070856	0.999992224290026	1.00084336682661	1.00015375760207	1.00009428579681	NA
1.00060824156273	0.999837777565771	0.99983111380778	0.999675470778542	0.999882107044965	1.000264155774	NA
1.00079843905368	1.00107925887951	1.00053515012049	0.999933292933015	1.00060309894685	1.00048396803196	NA
1.0002416759994	1.00064747034614	1.00027080565862	1.00080222471212	1.00078151578313	0.999951188466305	NA
1.00061581234517	1.00004122915077	1.0004071734149	1.00028236858258	1.00015012963134	1.00018327676242	NA
1.00025551369559	1.00097472135355	0.999712056235266	1.00051364150514	1.00056495585043	0.999791827035999	NA
1.00042857033087	1.00028876096909	1.00001143957297	1.00066437999384	1.00041883361158	1.00056101483567	NA
1.00048328110751	1.00036015671738	0.999845407139035	1.00013077781007	0.999860826365923	0.999947170652271	NA
1.00002927882548	0.999793648131546	1.00124165808062	1.00014741361786	0.999783362510738	1.00008510654309	NA
1.00051480967413	0.999908113327406	0.999819340065558	0.999840950020118	1.0000472681681	1.00023703541775	NA
1.00033640900772	0.999845996829199	0.99987055676095	1.00053537677275	1.0001227348944	1.00136403803975	NA
1.00011870825351	1.00107379070326	0.999790274922614	1.0014244786782	1.00012085778221	1.00132153043154	NA
1.00001393333928	1.00056697882919	0.999973029213922	1.00005288854662	1.00034886183474	1.00018222161071	NA
1.00079894126768	1.0000120325485	0.999813106519231	1.00098741214596	0.999775093842732	1.00052346759851	NA
1.00126846625367	1.0007191978491	1.0004347595394	1.00146974664217	1.00027263224034	0.999992227136391	NA
1.00006456639896	0.999932834624056	1.00016150758704	1.00071187972359	0.999849340356369	1.0001278962308	NA
1.00111668480137	1.0005887049516	1.00017619110929	1.00012354422032	1.00027135518933	1.00086924268556	NA
1.00120659315242	0.999894080602746	1.00062891595105	1.00021201575277	1.0001585466204	1.0000384594261	NA
1.00043922613023	0.999852397003403	0.999887372504117	1.00014696522166	1.00007120142769	1.00050594780648	NA
1.00053863707727	1.00099490032826	1.00023616056051	1.00057312797517	1.00004624590567	1.00065735871461	NA
1.0012394370493	1.00017875993882	1.00041637269679	0.999786942205064	0.999859944351017	1.00043403123605	NA
1.00024622257413	1.00123030575291	0.999896933680072	1.00019638447414	1.00130439107277	0.99990763331328	NA
1.00045611490344	1.00099882873343	1.00003888198792	1.00009735348744	0.999947401251946	1.00039430900705	NA
1.0001041459097	1.00043766463343	1.00049169265587	1.00007217042172	0.999981692476291	1.00005486480905	NA
1.00015255588866	1.00150136923943	0.999782817939454	1.00083316045484	0.999955565201901	1.00092501632518	NA
1.00026077221995	1.00004912843817	1.00028588720015	0.999858247983023	1.00033769177866	1.00076781258128	NA
1.00077412489024	1.00043091403242	1.0001208823117	1.00017944469046	1.00055667501525	1.00023970644801	NA
1.00040468662274	1.00051533947034	1.00032366284214	1.00013865659392	1.00020110992695	1.00019362012968	NA
1.00006461880785	1.00061150189157	1.00089010760696	1.00066191813919	1.00022122693405	1.00030908663174	NA
1.00062079288859	1.00071528267409	1.00065320032462	1.00107101244214	1.00048468751468	1.00043212141391	NA
0.999842605133863	1.00020926882702	1.0005838452485	1.00038890265847	1.00057180710909	1.00035368866038	NA
1.00082227524947	1.00133472285478	1.00015998327539	1.00022597831143	1.00032213961515	1.00042065223042	NA
1.00099307355756	1.00039113897606	1.00016786225351	1.0002756204535	1.00046097655922	1.00028102459722	NA
1.00071876029769	1.00067607933903	0.999812060208948	1.00020528761162	0.999792715048858	0.99968986061738	NA
1.00005958662225	1.00054045248556	0.999960332337918	1.00048025387704	1.00000502609382	0.999997750653814	NA
1.00008645195019	1.00093164376743	1.00006250910445	1.00045603246809	1.00030215853524	1.00108802947327	NA
1.00042473982471	1.00027728082279	1.00028165737397	1.00089908553269	1.00126610485989	1.00023526759966	NA
1.00019719335871	1.00073631045746	1.00010869005749	1.00007408043503	1.00030154732093	1.00048302814653	NA
1.00000096049631	1.00019305669629	1.00017100006135	1.00009662019058	0.999855739887143	1.00001690818565	NA
1.0002328846503	1.00051061937625	1.00046289176217	1.00003801919237	1.00034366272389	1.0006883156709	NA
1.00028007858096	1.00017586661922	1.00012366755316	0.999886956432159	0.999884650153644	1.00062587973853	NA
1.00037399394298	0.99980395561728	1.00015603659925	1.00028444293636	0.999915498141988	1.00071919691599	NA
1.00036108222704	1.00065222443349	1.00013913962951	1.0005270386066	1.00068591102147	1.00088425121854	NA
1.00110089278559	1.00061917791952	0.999977296989965	1.00132983338391	1.0006460176151	1.0006281844122	NA
1.00029808202832	1.00023975548591	1.0001997668044	1.00030983622663	1.000519059682	1.00055053118718	NA
1.000049378471	1.00038945122987	1.00015650930439	1.00009041891062	1.00063698917497	1.00001378272864	NA
0.999968197366072	1.00003571485704	1.00035159775288	0.999846312183625	1.00018503416456	1.00083305084638	NA
0.999909518730168	0.999785231690678	1.00029341386018	0.999765351962489	1.0003129772838	1.00006214397263	NA
1.00065499111409	1.00088539582975	0.999904376088032	1.00026119589308	1.0002414693906	0.999833707589615	NA
1.00036693736998	1.0001567424382	1.00006792834575	1.00021734845078	1.00121311367069	1.00020624697057	NA
1.00003351832674	1.0017981974358	0.999840957397899	0.999953429767445	1.0004788339346	0.99966126063238	NA
1.0004715842928	1.00107094236539	0.999877138718062	1.00015066969535	1.00001186586865	1.00131952295256	NA
0.999987603799323	1.00038890122583	1.00099162133628	1.00022736275704	0.999948354510097	1.00077138133089	NA
1.00049685824418	1.0004370695563	1.00009810933694	1.00037649012852	1.00078676756307	0.999988679259274	NA
1.00031909875238	0.999973227209024	1.00003519670254	1.00014824323772	1.00003504428551	0.999962464935763	NA
1.00070718543806	1.00039533510577	1.00003871973949	0.999981005445185	1.00154543677553	1.00011993007558	NA
1.00048161393205	1.0002541731331	1.0008216917119	0.999879076393762	1.00058857068992	1.00048610966032	NA
0.999945581759732	1.00114331538571	0.999840474322607	1.00005919974602	0.999975303642533	1.00016297944258	NA
1.00046694863337	1.0001141824342	0.999881148416985	1.0005723524921	1.00004860752969	1.0006200940352	NA
1.00000297875733	1.00104299926516	1.0005137068192	0.999903778321495	1.00089955115952	0.999733725734582	NA
1.00004662407276	1.00012781873091	1.00061235377268	1.00025338070082	1.0000861964085	0.999937086572001	NA
1.00040660922089	1.00048120648289	1.00020448255007	1.0002358752986	1.00006842524014	0.999879825349828	NA
1.00126562526391	1.00064253918546	1.00020115153156	1.00049497482753	1.00067435176011	0.999973277996332	NA
1.00003525040269	1.00036783506452	0.999950387530947	1.00057108958868	1.0010453098298	1.00022258780504	NA
1.00051215904605	1.00115890509339	1.00044857624141	1.00025178716768	0.999909714738927	0.999787241467712	NA
1.00005058463351	1.00043442836903	0.999999970656979	1.00121250863921	1.00050516757609	1.00007859336763	NA
1.00020143936582	1.00051814155313	1.00009568059017	1.00022803931341	1.00087988305136	1.00001318452065	NA
0.999973171174513	1.00132152942385	1.00010953613666	1.00006469609751	0.999871705400602	0.999903333123562	NA
1.00018022780981	1.00052379288243	1.00018059729017	1.00029397519846	1.0002505481017	1.00024967074029	NA
1.00075026303682	1.00027883766019	1.00041568601339	0.999889542993432	0.999933157805904	1.00018125493965	NA
1.00116305522677	1.00015962336472	1.00029190649122	0.999798760126754	1.00068305890764	0.999890282338558	NA
0.999831389901683	1.0006525872948	0.999819371109592	1.00114169083412	0.999911813160059	1.00018704805268	NA
1.00029404120207	1.00076030836428	1.00020656882869	1.00007570483256	0.999890693301304	1.0001556108493	NA
1.00095972164075	1.00016129697579	0.999935507689342	1.00068959882222	1.00038430538383	1.00015472514264	NA
1.00005271612702	1.00020416464415	1.00009444533119	1.00063343628908	1.00065845413698	1.00018039221486	NA
1.0009086487785	1.0010827923747	1.00040850583279	1.00013273226443	1.00014585197085	0.999813427313727	NA
0.999861435952754	1.00052467648902	0.999799579069194	1.0002447979497	0.99992265757913	1.00050114258088	NA
0.999841555609603	1.00134181740789	1.00028071504008	1.00065074534847	1.00095039573553	1.00025121448423	NA
0.999749742831135	1.00063231284516	1.00110432368626	1.00046446855169	1.00073407920252	1.00033494910929	NA
1.00008209919075	0.99986726550142	1.00127534084398	1.00071359215744	0.999819784934664	1.0012291209446	NA
1.0003524759862	1.00016505233472	1.00022762603558	1.00107304016043	1.00132200673515	1.00063697274924	NA
1.00086345759867	1.00082150125916	1.00030599139768	1.00076149521945	1.00064321908624	1.00127897342756	NA
1.00021088310358	1.00009367335004	1.00001377399534	1.00020302612856	1.00071704637917	1.00008385451088	NA
1.00214243567487	1.00093941086292	1.00030154515165	1.00082987075695	1.00010355887087	0.999829587036482	NA
1.00034511042391	1.00004188984663	1.00043458408603	1.00066092824492	1.00080160312867	1.00047215980746	NA
1.00056215457536	1.00128977445577	1.0004125527399	1.00022700980092	1.00058713231017	1.00046250747741	NA
1.00027814111935	1.00019843731515	1.00061825097918	1.00004161313425	1.00029377396035	1.00014395507356	NA
0.99998165103486	0.99977549140005	0.999736459906285	1.00004091337188	1.00027092635962	1.00006052102134	NA
1.00001004402414	1.00087546888619	0.999965161972353	1.00144567670946	1.00069349306072	1.00121597073232	NA
0.999790955551227	1.00059045976178	1.00071479719892	1.00003397350039	1.00032409303152	1.00077262950928	NA
1.00025876414325	1.00028711980163	1.00001343230087	1.00031631488816	1.00038919606962	1.00040008065479	NA
1.00005572170296	0.999835160782295	1.00068177561833	1.00056135070522	1.00007141390004	1.00073684081978	NA
1.00022017828408	1.00026263219021	0.999955295119638	1.00001879240937	1.00138564148408	1.00036474028702	NA
0.99998712767965	0.999825663148248	0.999727149241776	1.00233043922824	1.00069517969151	1.00042878318832	NA
1.0005747399862	1.00010790314235	1.0002740307723	1.00008002744635	1.00037139884666	1.00002376748772	NA
1.00028153689651	1.00040031218871	1.00027310814328	1.00068437867054	0.999889785307672	1.00039969446067	NA
0.999961147078705	1.00030965423454	1.00045161009028	1.00021696591365	1.00030245802678	0.999793451916827	NA
0.999761426232727	1.0007529964725	0.999743160699734	0.99994511536221	1.0006465026641	1.00085381088483	NA
1.00031008910612	0.999856349029794	0.999904607703478	1.00007168268806	1.00085696507621	1.00049528082265	NA
1.00008330986065	1.00090412856944	1.00053317349816	0.999983533719345	1.00129252545243	1.0005054103996	NA
1.00017276289265	1.00023256221137	1.0005535377208	1.00045714862118	0.999845058128052	1.0005653709081	NA
1.00056756619433	1.00173736679121	1.00021445904726	1.0012717879653	1.0006783350998	1.00010056125223	NA
1.00025616318487	1.00011860910578	0.999902843090374	1.00063849135977	1.00046807029322	1.00045489867481	NA
1.00000681181504	1.00038559350831	1.00003389376826	1.00195880779115	1.00076430819113	1.00071979024937	NA
1.00031642934239	1.00011262554093	1.00067778942746	1.00028198885202	1.00062445855981	0.999714267754301	NA
1.00006790507245	1.00012249699111	1.00149380841564	1.00011206281937	0.999727567160791	1.0007029736204	NA
1.00020916296968	1.00092742302094	1.0002134469697	1.00002108820384	0.999839747220737	1.00103014736052	NA
1.00076739393434	1.00014604110889	0.999797916719655	1.00036604031182	1.00000618130307	1.00090804048159	NA
1.0014211607581	1.00063035341119	1.00012788272548	1.00043524416477	0.999696127662485	1.00076910362952	NA
1.00055901306433	1.00010057684	1.00029957774189	1.00036212244993	1.00061675703002	1.00043202766645	NA
0.999896935024902	0.999972561281774	0.999992994146585	1.00091168114852	1.0009152528061	1.00059328391657	NA
1.00017913943311	1.00060781645592	1.00056424774773	1.00054896096956	1.00149436010125	1.00029948296945	NA
1.00036459031324	0.999715475835435	1.0000040189246	1.00000457640047	1.00033591001336	0.999801361153093	NA
1.00010695233364	0.999779998467285	0.999943257643951	1.00041256609437	1.00009189553726	1.00025705157234	NA
1.00027665418951	1.00012910073844	1.00009810068873	1.00074145283156	1.00015985199096	0.999987204025126	NA
0.999811018115332	1.00130758546673	1.00026885024702	1.00000075951171	1.00031874362432	1.0005223295869	NA
1.00026896339904	0.999857125519637	0.999868652006543	0.999944404247391	1.00048878714844	1.00048871055536	NA
1.00044385615728	1.00032828207909	0.999926443717361	1.00045755165778	1.00007026768433	1.00002047381513	NA
1.00084103327402	1.00008376276732	1.00007231923535	1.00006655209325	1.00009961569184	1.00044799503882	NA
1.00019923630829	1.00120457515808	1.00026542126432	1.00001730149	1.000337364957	1.0000394746812	NA
1.0003586989469	1.00028042039617	1.00008297734612	1.00117253087955	1.00040615959408	1.0007878821801	NA
1.00002377764128	0.999942061786453	1.00024096302407	0.999924092275491	1.00031507719457	1.00062670652165	NA
0.999950010241292	0.999901683237863	1.00003241272637	1.00057711278595	1.00023603833962	1.00056241335074	NA
1.00056559576803	1.00056361443679	0.999869378144174	1.00056712935727	1.00048307551196	1.00056516506094	NA
1.00045458657679	0.999894142200371	1.0000629217883	1.00002139423599	1.00046932257182	1.00000321206461	NA
0.999881408185854	1.00045949816173	1.00010415786041	1.00105010965205	1.00083120491943	0.999951662906292	NA
0.999837982168134	1.00088118243746	1.00014774599454	1.00030121017455	1.00098421993022	1.00036350261787	NA
1.00010054376226	0.999874592356586	1.00016782241178	1.00071206151746	1.00017704847506	1.00050736023362	NA
1.00038177180278	0.999878851802365	1.00005017256464	1.00034296491198	1.00076258494055	0.999821040242452	NA
0.999922023120973	1.00014115263491	1.00038669070647	1.00002714901602	1.00070764365194	1.00013899431204	NA
1.00014227817127	1.00035642041682	1.00016061772354	1.00057296303657	1.0004429174148	1.00063046436429	NA
0.999934748718145	1.00137402541763	1.00002924674386	0.999730198717843	1.00025219329329	0.999715320899964	NA
1.00013774739829	1.00015006855498	1.00044839802415	1.00045793259064	1.00008151000899	1.00017812524115	NA
1.00119938208248	1.00003341694904	0.999797812994332	1.00111297496474	1.0004145142596	1.00079252982051	NA
1.00019022692847	1.00061955441575	1.00009104792298	1.00004004816138	1.00010345804536	1.00088952377214	NA
0.999955100341928	1.00054979727018	0.999721593652415	1.00043472951285	1.00001017092998	1.0007148534898	NA
1.0000443502922	1.00031867874339	1.00000798987623	1.00043639741008	1.00000289403103	1.00071718390931	NA
1.00013272642381	1.00123881823237	0.999942380376587	1.00007696483312	1.00001348346283	1.00097319257333	NA
1.00080064273386	0.999889189868078	0.999847517920162	1.00046351716756	1.00022029514735	1.00049447658925	NA
1.00105076410731	1.00075178601484	1.00012789932701	1.00075418724496	1.0002794366086	1.00009627282242	NA
1.00023891525498	1.00026761925878	1.00061619680352	0.99980584639366	1.00031272299106	1.00083588320405	NA
0.999952481768659	1.00108445056893	1.00023731983794	1.00036654398119	1.00091953644925	1.00086537974576	NA
1.00008971773048	1.00132060950691	1.00013888007509	1.00061685743896	1.00116116829333	1.00060617007662	NA
1.00046649828701	0.999888664732328	1.0000300944888	1.00016725533734	1.00014824145032	1.0004870172915	NA
1.00145108074458	1.00129190009306	1.00012851010715	1.00059805100396	1.00047560165831	1.0004766630883	NA
0.999998190989054	1.00043471206115	0.999787225900458	1.00080261670431	1.0020838017672	1.00039495594293	NA
1.00018141090497	1.00008966519211	1.00075615528	1.00077403315552	1.00107035138871	1.00084777358109	NA
0.99999593327807	1.0001132312207	0.999943353559479	1.00080023057883	1.00006487220175	1.00012023460562	NA
1.00110176292184	1.0004839245481	0.999775431135427	1.00009114172199	0.999814001323232	0.999933548460908	NA
1.00109550053721	1.00011295629606	1.00066328559449	1.00043555440713	1.00038966329141	1.00010946259797	NA
1.00007647328471	1.00147974647272	0.999919491225821	1.00044179178365	0.999978295279816	1.00041074227731	NA
1.0002344459268	1.00085917381502	1.00010401935704	1.00011184272397	1.00111029181147	1.0004559922716	NA
1.00029893176115	1.00024938531202	0.999872094835778	1.00039206997715	1.00006973152345	1.00114765370949	NA
1.00034872061036	1.00067827569006	0.999969492369741	1.00051527430375	1.00028382018597	1.00017257246365	NA
0.999964192855125	1.00003344398855	0.99974260839486	1.00067669038182	0.999909155542011	1.00071833750633	NA
1.00060530449543	1.00070615515778	1.00017622283817	1.00032237066429	1.00022425843686	1.00098784294726	NA
1.00027107963551	1.00034673522281	1.00032895984165	1.00066143273818	1.00180138796055	1.0011348324045	NA
1.00156357407018	1.00010261678835	0.999843186526439	1.00038967587646	1.00027590765084	1.0002251339231	NA
1.00002865432498	1.00137145988675	1.00027363159176	1.00028609042204	1.000779753219	1.00158509548047	NA
1.00035288251242	1.0008611626768	0.999915692856257	1.00075370235692	0.99998467243564	1.00039088447617	NA
1.00116744587242	1.00117319202817	0.999909087309482	1.00143828878278	1.00011620659154	1.00026592585329	NA
1.00051874632822	1.00062795775807	0.999914827355385	0.999746467806645	1.00229484405371	1.00010489449938	NA
1.00026536657303	1.00042416328508	0.999894132012211	1.00073455747904	1.00051757608344	0.999810914241366	NA
1.00058570698762	1.00081383208248	0.999842072816109	1.00079734593578	1.00075003234444	1.00008672596356	NA
1.00124356506841	1.00010030880812	0.999963153799964	1.00041175487234	0.999740020864747	1.00032725620114	NA
1.00149767340006	0.99988847641426	1.00053789613694	1.00036880175681	1.00087677554789	1.00003702397334	NA
1.00012118160807	1.00022076047688	0.999854226070947	1.00036984416513	1.00054043934648	1.0001946085383	NA
1.00057793721302	1.00077986822606	1.0003875697441	0.999854388196351	0.999870110806432	1.00092124132423	NA
0.999805219588842	1.00063109260684	1.00005179215141	1.00049817044483	0.999920217519858	1.00056400881251	NA
0.999999826784401	1.00074997613055	1.00044793794183	1.00055188573892	1.00069292832158	0.999935230251308	NA
1.00014427520589	1.0003046040055	0.999718260016599	1.00024770521538	1.00064677499906	1.00034569170406	NA
1.00051236000933	1.00013413651879	1.00024367433478	1.00006828405616	1.0006018693895	1.00017361445569	NA
1.00007923316	1.00103933126302	1.00038782884197	1.00054108888987	1.00036342490822	1.00048403717479	NA
1.00097605085325	1.00060294184535	1.00008737541906	1.00117720399545	1.00014015680739	0.999998110126808	NA
1.00011768073794	1.00037463840497	1.00032749278855	1.00034986919176	1.00071646037793	0.999902099962711	NA
0.999955987767494	0.999929743850837	1.0003548837939	1.00025246282765	1.0002648333124	0.999859247513347	NA
1.00177854892401	0.9997235605611	1.0001109467402	0.999879893435251	1.00025677621716	1.00037183218715	NA
1.00023204688827	1.00016527361676	1.00005076381644	1.00105152136728	0.99985943971296	1.00037546925475	NA
1.00088055615521	1.0004933991426	1.00011886380565	1.0001312217343	1.00024568207035	0.999818008374584	NA
0.999928465881235	1.00104193694402	0.999971434770375	1.00016758794919	1.00050937726309	1.00060067344202	NA
1.00013637680711	1.0006898731495	1.00084694088888	0.999889773877637	1.0004065872775	1.00000846769678	NA
1.00050248566628	1.00037587056436	1.00000269362188	1.00009927176571	1.00096010127626	0.999946359505725	NA
1.00016028873516	1.00001662749135	1.00022765954651	0.999854485138557	1.00026881148395	1.00102876252273	NA
1.000601008938	1.00038916497462	0.999924692817391	1.00087067997859	1.00011663745281	1.00018453316365	NA
1.00047365139843	1.00013298315025	0.999994848679728	0.999851572468503	1.00067232933009	1.00020251001058	NA
1.00022648708247	1.00185491427339	1.00007157056687	1.00001748967394	1.00010844362382	1.00000926595369	NA
0.999852579003134	0.999954231721873	0.999900223390798	1.00075718455539	1.00157934307433	1.00010777780665	NA
1.00150858456854	1.00008866179961	1.00003325675805	0.999955469818002	1.00016107745061	1.00136382757997	NA
1.00052467805604	1.00057377884259	1.00025032003791	1.00209385336555	0.999926085918575	1.00097413630584	NA
1.00005808645008	1.0004962854036	1.00040090264027	1.00016397136598	1.00036129819895	0.999878258134061	NA
0.99980803168475	1.00081008709789	1.00006248301451	1.00048394263303	1.00031395142898	1.00031174953338	NA
0.999853888417375	0.999963973229964	0.999882740711023	0.999929828624528	1.00000518390101	1.0000300093889	NA
1.00106130964359	0.999707192250539	1.00004012714763	1.00160300845844	1.00099376845149	1.00042954826376	NA
1.00003027886631	0.999695123887392	0.999939384955845	0.999938685895906	1.00032799745143	1.00000453165167	NA
1.00015820005757	1.00045694613367	1.00010981066684	1.00055723369998	1.00020612416877	0.999789703505086	NA
0.99996621147209	1.00096187306261	1.00086274934723	1.00023186540726	1.00022987274671	1.00084227100062	NA
1.00076548659094	1.00026749559991	1.00121153144549	1.00035940688192	1.00049142150385	1.00011288241672	NA
1.00061469798351	1.00081187423558	1.00000749964727	1.00003350515844	1.00036897263149	1.00003972487379	NA
0.999741872440379	1.0002175953841	0.999829325143888	1.00043964948146	1.00035196899443	1.00104931322017	NA
1.00016888698856	1.00109433651759	0.999924780409275	0.999961947728856	1.0003782801896	1.0010752015379	NA
1.00033680921382	1.0001812897726	1.00004486026598	1.00039427855657	1.00002532136457	1.00117439418542	NA
1.00002979807886	1.00027911048525	0.999982196893039	0.999888058816412	1.0000053625166	1.00052594028588	NA
1.00015218159182	1.00024339104877	1.00015370729885	1.00016897891756	0.999943102948493	0.999823567750955	NA
1.00017694527654	1.00013541542814	1.00016042029917	0.999896821536597	1.00090288693019	1.00009150358078	NA
1.00010824299631	1.00010444684157	1.0010691229808	1.00026411965793	0.999903684143072	1.00034938017236	NA
0.99996173281726	1.00028532437617	1.00011569389822	1.0002159778572	0.999740919038668	1.00015086229142	NA
1.00014746803802	1.00010864431976	1.00056956633809	1.00003156564412	1.00023811197284	1.00047662650536	NA
1.00070167092483	1.00123970176933	0.999986031546585	1.00091672585183	1.00017193981359	1.00145622639323	NA
1.00014086489068	1.0005268127167	1.00005599272314	1.00008118891377	0.99996442544986	1.00002204634809	NA
0.999808522010745	1.00000332459161	0.999758974130216	1.00093928680244	1.00095678328445	1.00044600508677	NA
1.00025866866883	1.00009230094402	1.00002492804925	1.00060908515658	1.00033700680862	1.00018534177956	NA
1.00071031006844	1.00035712524797	0.999749894238741	1.00009587543656	1.00019432346662	1.00081883227063	NA
1.00026055635529	1.00060310204828	1.00014931075697	1.00005929362664	1.00063451879726	1.00026346632998	NA
0.999899740587918	1.00085284446798	0.999716002162241	0.99994842506706	1.00066215236758	1.00035386638448	NA
1.00066388630615	0.999926087439828	1.00000273274048	1.00060420975245	1.00013044018759	1.0001162212237	NA
1.00097244217416	1.00048985230628	0.999972094208756	1.00067450530162	1.00022157345376	0.999980502585271	NA
1.0000973170596	1.00077602005886	1.000252047025	1.00067763296656	1.00066342090216	1.00049230816298	NA
0.999936885222113	1.00097390482504	1.00020388260033	1.0003925317283	0.999843660357432	0.999896116225816	NA
1.00023349685715	0.999955663594272	1.00005310607086	1.00058478554933	1.00000186447474	1.00045926412849	NA
0.999796462518688	1.00070384504099	0.999905879799495	0.999932795217736	1.00101681508636	1.00011425981472	NA
1.00111625885811	1.00002980681734	0.999849351980962	1.00092438183308	0.999878035372256	1.00025485562114	NA
1.00027551340788	1.00076298021916	1.00008611470597	0.999944581118489	1.00075252622224	1.00014145366932	NA
1.00014084633513	1.00157436612812	0.999895498496032	1.00030387323533	1.00020867742792	1.0002461620745	NA
1.00014884721101	1.00001326114088	0.999996251833696	0.999833181388225	1.0002546148209	1.0006327214099	NA
1.00008583528946	1.00101007581432	1.00014069101461	0.999839296424387	1.00080173872224	1.00049242259912	NA
0.999994838415672	1.00025379509807	0.999801277964726	1.00058887542515	1.00036969174129	1.00033536906889	NA
0.999857857791574	1.00023469030453	0.999796617570562	1.00049730456414	1.00101212946024	0.999932351502981	NA
1.0002751423212	1.00017340314955	1.00036202009054	1.00021472759308	1.00035939404693	1.00035660330642	NA
1.00079626118844	1.00088042902848	1.00114941680124	1.00022988480748	0.999845061120106	1.00047241998137	NA
1.00011684025416	1.00044670446894	0.999961693504065	1.0006622662525	1.0013783867763	0.999900293182436	NA
1.00033533573219	1.00053209126074	1.00015697343068	1.00135553364172	1.00030378494401	0.999820282309404	NA
1.00072058340842	1.00004692802056	0.999785160236334	1.00031864304262	0.999849009409278	1.00039207149406	NA
1.00086651871929	1.00054222709219	0.999863715894747	1.00013696121499	0.999925866949184	1.00030487667961	NA
0.99984358852762	1.00011257185537	1.00004145233883	1.00081035512653	1.00046197786696	1.00026404289131	NA
1.00020352527327	1.00013930388812	1.00003238870119	0.999908424934154	0.999929084741626	1.00030927835953	NA
1.00065548128927	1.0008804562158	1.00024167439603	1.00055952669455	0.999773275246668	1.00013880679324	NA
0.999975670147691	1.00060369704806	1.00015589465818	1.00076215601013	0.999968771395007	1.00094428880588	NA
1.0005804711163	1.00166391766805	1.00016135435219	1.00051031744692	1.00035780076111	1.00071385963159	NA
1.00013272153895	1.00158689237942	1.00004428395854	1.00002352762655	1.00060991066295	0.999934974341969	NA
1.0002497844892	1.00068573811128	1.00101756015673	1.0005376958726	1.00069465457553	1.00020331628818	NA
1.00080270677144	1.0001690409102	1.00004589363215	0.999927913632214	1.00015037749711	1.00054879587085	NA
1.00076508527243	0.999727800315626	0.999804594588608	1.00015891299844	0.999933411169637	0.999870602187746	NA
1.00066873243983	1.00021233922934	1.00030165425401	0.999993192394282	1.00137753225579	1.00021267955687	NA
1.00077233933775	1.00016459758315	1.00061269985686	1.00010685690279	1.00020356230472	1.00150466554826	NA
1.00021227648315	0.999883327238099	1.00009674619044	1.0007835179194	1.0002699720075	1.00108052037191	NA
1.00094689860967	1.00068356459844	1.00005376623486	1.00059369174465	1.00008832691426	1.00140124330773	NA
0.999843502176683	1.00027843397573	1.00057527837868	1.00092212129806	1.00015693802063	0.999894355613282	NA
0.999992506204483	1.00020992200391	0.99982865113541	1.00018640249724	1.00082008725508	1.00062587043108	NA
1.00037347568221	1.00026691301111	1.00034921961426	1.00042534730092	1.00001821611658	0.99981634654427	NA
1.0005249221814	1.00174007740965	0.999854065354898	1.00031810104411	0.99996525088594	1.0009522698256	NA
1.00029334232268	1.00023250845469	1.00019679559209	0.999851661444357	1.00096143298231	1.00175739381517	NA
1.00032414419307	1.00014659498117	0.999674364634248	1.00060093063782	1.00021153239936	1.000756565162	NA
0.999728154726848	1.00022550572511	0.999993737929865	1.00021270827001	0.99981314131492	1.00056707526037	NA
0.999903133249872	1.00067337641414	0.999758271190535	1.00028944457258	1.00034455971957	0.999866732223304	NA
1.00012006618011	1.00213468825997	1.00005526478934	0.99997908446442	1.00033311015308	1.0011002704474	NA
1.00089094003446	1.00062176362776	1.00016890785341	0.999997168753112	1.00001052870073	1.00098724101125	NA
1.00058681553134	1.00006773307359	1.00013673315578	1.0000424257004	1.00050820359353	1.0001543755399	NA
1.00015505790457	1.00054181918961	1.00089918448434	1.00064174118356	1.00136609579145	0.999780825031695	NA
1.00072831733044	1.00021746161602	1.00043067963347	1.00084203094239	1.00016367208088	1.00026438656345	NA
1.00006427525348	1.00110304698875	0.999882320680994	1.00044048642874	1.00059754840456	1.0005771443281	NA
0.999743577375783	0.999970793728704	1.00002990953928	1.0005335539616	1.00009769642547	1.00022859553272	NA
1.00014217643408	1.00000879578855	0.999988114055569	1.00053590248732	0.999967903266449	1.0003753656886	NA
1.00013293324861	1.00002368569693	1.00063643157899	1.00062885999197	1.00027757572746	1.00087275108314	NA
1.0004279922092	1.00079696853356	1.0002873582656	1.00050373117727	1.00020954143313	1.00079172761447	NA
1.00031073171368	1.00060047157215	1.00005474968569	1.00022120579742	0.999975344996027	1.00102315928621	NA
1.00018786493641	1.00040715718292	1.00051625765588	0.999805546307091	1.00018299788407	1.00020940919073	NA
1.00050125320586	0.999909137363569	0.999934739268813	1.00030365996657	1.00036222209144	1.00017642672039	NA
1.00022750368738	1.00004166755633	0.999922796489957	1.00024512731979	1.0002199244588	1.00008405738035	NA
1.00002551454153	1.00072858231865	1.00053555549348	1.00142785432112	1.00110231443527	0.999748104173224	NA
1.00108164745776	0.999887488064989	1.00036992741223	1.00054410888449	1.00006688347068	1.00152239044101	NA
1.00033805309839	1.00179780578961	0.999729869635478	1.00016891581958	1.00009043458231	1.00061663841754	NA
0.999939304148484	1.00053090267072	0.999815163066	1.00066341751183	1.00024822435698	1.00050585452702	NA
1.00098771722272	0.999849247278416	1.00011073442455	1.00000389281327	0.999917690665723	1.00042591667007	NA
0.99973819372954	1.00018298074388	1.00026884725683	1.00048279370001	1.00025521676902	1.00003420519269	NA
1.00061176295783	1.0001367392231	0.999965412172501	1.00011347497391	1.00060396949866	1.00081135564113	NA
1.00027360073757	1.00056803585407	0.999858926102343	1.00136054049912	1.00018144635423	1.0003538175402	NA
1.00022431888752	1.00150228528624	1.00019269676431	1.00009096459061	1.00073021684643	1.00131463549726	NA
1.00010711353163	1.00152383470623	1.000849989518	1.00034796926946	1.00034403966937	1.00045844114402	NA
1.00044627741068	0.999838978181743	1.0003146416353	1.00022902122484	1.00070846365089	0.999938540599914	NA
1.00042826275277	1.00036401651846	1.00051172586149	1.00018489013997	1.00061292066563	1.00006325977395	NA
1.00020246840691	1.00076395270628	1.00004513218176	1.00044121720251	0.999950966954866	1.0012897921414	NA
1.00017463540585	0.999630637511547	0.999803287225325	1.00022918351324	1.00010062227908	1.00093960261886	NA
0.999987162814018	1.00084802415172	0.999939671510276	1.00011151842508	1.00052643516902	1.00088542248299	NA
1.00015870937211	1.0001254613849	0.999917388365498	0.999980631875087	1.00016064334848	1.0000857409713	NA
1.00051528796042	1.00098218931461	1.00075393066119	1.00000694430844	0.999695432163236	1.00041071749101	NA
1.00025200136022	0.999813792884419	1.00011882370946	1.00015420462708	0.999992709878154	0.999873649737479	NA
1.00042057336657	1.00068041287031	1.00043376056899	1.00043335015829	1.00090368764874	1.00100144988518	NA
1.00005722314532	1.00052490841403	1.00038724363887	1.00105844416288	1.00068599347406	1.00030330527096	NA
0.999933726010027	1.00039919962383	1.00056443996396	1.00003934982918	1.00057380034063	0.999987537831276	NA
0.999948891778043	1.0004095421969	1.00027452473205	1.00077617772054	1.00098479260339	0.999858232321117	NA
1.00002589678513	1.00028932816275	1.0004662279423	1.00011275139806	1.00028576034322	1.0005066122563	NA
1.00054805064066	1.00032982695354	0.999731685497957	1.00030609900703	1.00010624753958	1.0004336973256	NA
1.00015077913827	1.00007769480108	0.999869607521108	1.00012825648	1.00019390006108	1.00026452045535	NA
1.00068527126243	0.999788971967277	1.00050708758334	1.0009770897583	1.00111183075979	1.00005102374248	NA
1.0015997965072	1.00138065092235	0.999845401881457	1.00082496438267	1.00021266213194	0.999772642413433	NA
0.999708914012985	0.999987788627785	1.00041335030404	1.00033418130134	1.00061010357725	1.00106833058634	NA
0.999741333519895	1.00037280481395	0.999784238640225	1.00102422025006	1.0000765988234	1.00035631467152	NA
1.00024612047038	1.00052141497143	1.00033356558503	1.00040661753239	1.00030633445082	0.999635659643045	NA
1.00018533643332	1.00010669066141	0.99978412783409	1.00039180771691	1.00068987515703	1.00014049934541	NA
1.00015398986769	1.00025346305392	1.00035685178506	1.00125589694189	0.999766424624584	1.00091510759554	NA
1.00122579315981	1.00106900914542	1.00089947495925	0.999889789712009	0.999967183240878	1.00083867614224	NA
1.00009249750449	1.00093860684947	1.00030335305035	1.00000677470429	1.0008046006773	1.00040067458992	NA
1.00052113057841	1.00054687667828	0.999759493997018	1.00079341874567	1.0002134708657	1.00044079149491	NA
1.00022194251535	0.999933909758205	1.00048698768236	1.00092469052953	1.0000185865824	1.00026394090128	NA
0.999857709142754	0.999856872803247	1.00065436976381	0.999949842252888	0.99993893124125	1.00085558217258	NA
1.00053201111433	1.00033147960461	1.00056720399578	1.00003064368599	0.99992270457214	1.00092770705878	NA
1.00011382719636	1.00005950216248	0.999904366561234	1.000590834912	1.00053252765156	1.00037113587434	NA
1.00021565470237	1.00081880523179	1.00076237555125	1.00072361948148	0.999997276979652	1.00066601363863	NA
1.00088259452875	1.0005099050919	0.99995679935358	0.999754468115555	1.00028541426104	1.00055575201887	NA
0.999849375080776	1.00075005374492	1.00080167835403	1.00022595639459	1.00034003097503	1.00061739160852	NA
1.00083038716377	1.00065885876792	1.00018068413873	1.0014106016425	1.00014281927023	1.00125216579104	NA
1.00007039971765	1.0005085305557	1.00036607407485	1.00083487428985	1.00151148553924	0.999766553114182	NA
1.00026193973949	1.00069822729454	1.00030871984202	1.00024475947342	1.00037134902551	0.999774327841931	NA
1.00021148555328	1.00055956533579	1.00009621742698	0.999787809453198	1.00017093656953	1.00019630390203	NA
1.00088884455148	1.00056926999245	1.00055408675455	1.00098217915535	1.00101425142264	1.00054784153924	NA
1.0003253544314	1.0007885705923	1.00064386931941	1.0004623360336	1.00009968397463	1.00044564512611	NA
1.00034620189996	1.00009050937577	1.0000743049308	0.999734944064822	1.00059228570287	1.00084087908524	NA
1.00060485231554	1.00004733770723	1.00010525500371	1.00004350332743	1.00025405051458	1.00077751202676	NA
1.0004589498591	0.999796585920704	0.999942550381725	1.00030244288488	1.00022338094592	1.00066041680057	NA
1.00112039113884	1.00046310344911	1.00063602405604	1.00010417249673	1.00069834538721	1.00098439152309	NA
1.00012059295889	1.00022823131506	0.999936086524444	1.00030804844498	1.00062128969358	1.00111074202743	NA
1.00042976245744	0.999821552992859	1.00009509173506	1.00031745425561	1.00180047415389	0.999848463407147	NA
0.999897062000691	1.00070772846379	1.00027378020074	1.00032746114054	1.00061575309806	1.0002348841228	NA
1.00001239536063	1.00070677695927	1.00024887660115	1.00021196568474	1.00027342156892	0.999848416049701	NA
1.00072549919244	1.00021025045896	1.00022343985604	1.00169561644171	1.00004716200809	1.00092349734473	NA
1.00056258175244	1.00034908746791	1.0005194761816	1.00102689837027	1.00020108730463	1.00022098691158	NA
1.00003623063889	1.00052428283619	0.999985546413288	1.00064086543367	1.00087887386407	1.00002186525231	NA
0.999817017399003	1.00051455208498	1.00007386532543	0.999968068639378	0.999815294937538	1.00045703784474	NA
1.00086516400737	1.00058808188705	0.999962623559826	1.00009390850462	1.00014503527749	1.00064890362759	NA
0.999895183876472	0.999904098524361	0.999987856916731	1.00117071624152	1.00138025787224	1.00041031179883	NA
1.00034394387291	1.00019769146996	1.00017072495642	0.999764705195171	1.00006993294462	1.00059078084174	NA
1.00057943009429	1.00141360575022	0.999894394539466	0.999853561451901	1.00015235545194	1.00038138394957	NA
1.00028872961179	1.00148472625498	1.00032406833439	1.0008488327391	0.999988337118322	1.00021680839311	NA
1.00034439314868	0.999874613870728	1.00098791929711	1.00210612320049	1.00017682195699	1.00032840934221	NA
0.999957330870359	0.999882544064454	0.999975611037133	1.00024446890738	0.999855709869894	1.00033402685082	NA
1.00004762716838	1.00015506722675	1.00024050316166	0.999997773433073	0.999971207616845	1.00048305339381	NA
0.999803785738853	1.00069853071025	1.00010322828086	0.999994244078475	0.999850890313036	1.0001729848383	NA
1.0010968193545	1.00004456541094	1.00015652017117	1.00015003003327	1.00023959116559	1.00009078786707	NA
1.00016462182529	1.0003224586397	1.00011980012983	1.00066987598258	1.00096205597372	1.00021249534081	NA
1.00031646500771	1.00032996389954	1.00008634153615	1.00038848607385	1.00026317678807	1.00045480466086	NA
1.00012366399428	1.00073652912231	0.999936222590434	1.00010195414404	1.000874247835	0.999904014504082	NA
1.00084279032604	1.00024326300423	0.999895836338844	1.00042054510289	0.999889918035529	1.00007461730139	NA
0.999851015109764	1.00079731116064	1.0000815031038	1.00029184360769	0.999793025605594	1.00065927747451	NA
1.0009108047087	1.00022315984663	0.999872483301553	1.00016493592952	1.00084914390389	1.00075450826377	NA
1.00047747559163	0.999946481225113	1.00023060310931	1.00012915408271	0.999927824587205	0.999708025122811	NA
1.00007597569552	1.0000359112402	0.999898024178149	1.00030118976539	0.999841277739833	1.00077062185719	NA
1.00098981800386	1.00036892992046	1.00012633947655	0.999882310511516	0.999971673123107	0.99971455902079	NA
0.99977799191581	0.99994423224742	0.999984057713679	1.00006795491555	1.00014374375582	1.00073988715308	NA
1.00025093237157	0.999989418448828	1.00036597366226	1.00017323293278	1.00052118139464	0.999744592661065	NA
1.00032486462153	0.999768916110613	1.00049042597634	1.00103034085135	1.00031477839801	1.00116144047141	NA
1.00034789020551	1.00023801506303	1.0002883464582	1.00108525617316	1.00070947045871	1.00042709717709	NA
1.0005155739489	1.00083729575118	0.999938360342445	1.00123705244582	1.00098527780452	1.00010177767109	NA
0.999999077949184	1.00115898714743	1.00021729567051	1.0004313958	1.0008199957153	1.00064621556847	NA
1.00085907314145	1.00022849904828	1.00031462001317	0.999919261263647	1.0003802244839	1.00029267231206	NA
0.999751163175489	0.999881643405701	1.0007987649884	1.00032449470655	1.00010836834324	1.00094580889262	NA
0.999963656024475	1.00081723319758	1.0001256899123	1.00074440917636	0.999822529664146	1.00092793504799	NA
0.999864187675847	0.999874725065633	0.999951759633062	1.00034485427855	1.00113751181209	1.00043194706084	NA
1.00015906700696	1.0005121400333	1.00031502422239	1.0000590498219	1.00080634088563	1.00049763888971	NA
1.00035450931196	1.00027445373252	0.999843412827179	1.00039408578683	1.00007922508344	0.999917685496063	NA
1.0007904843941	1.0001755418828	1.00037014113653	1.000655227064	1.00060704032276	1.00047236255687	NA
0.999664348192575	1.00028644807903	1.00023649236868	1.00038075646922	1.00046938137035	1.00043428468972	NA
1.00024949645755	1.00107562064686	1.0001853823248	1.00009766621775	1.00108122820706	0.999858449053089	NA
0.999803885673081	1.00051450344484	1.00056236877244	0.99997777938209	1.0005039870534	1.00043351799278	NA
1.00012017420306	1.00000266998481	1.00001881962412	1.00054746538537	1.00071079660432	1.00025598358684	NA
0.999847242260772	1.00011993013094	1.00013575312262	1.00023523002052	1.000176904737	1.00001253874943	NA
1.00052524988977	1.00089456268327	1.00021580927047	1.0004864451264	1.00171923711997	1.00036983029106	NA
1.00007522043284	1.00009308338449	1.00035894548993	1.00033313926	1.00038399715481	1.00066021057395	NA
0.999997629868862	1.00072312354462	1.00023716686958	1.00068575834704	1.00016863106143	1.00133043562658	NA
1.00015740628008	1.0011156133523	0.999641262004407	0.999838897962112	0.999902524850248	0.999956686130538	NA
1.00022493232658	1.00204536565657	1.00012160905817	1.00018729948002	1.00075464129326	1.00040077672893	NA
0.999790493707001	1.0000534248539	1.00058303395153	1.00142617121978	1.0002502855379	0.999939425577586	NA
1.00041246164934	1.00034329192605	1.0002333887379	1.00138747050449	1.00023343741137	0.999903209331316	NA
1.00021334773159	1.00096470338417	1.00012394441496	1.0003681874322	1.00007871473951	1.00070710841625	NA
1.00006351240968	1.00113015528945	0.999702956760337	1.00052161638992	1.00098774332864	0.999994081616109	NA
1.0006050423861	1.00103575697093	1.00037981279004	1.00005771763944	1.00023001740339	1.00131721305104	NA
1.00018355946361	0.999982937772599	1.00013526320935	1.00036786546587	1.00001244378409	1.00085165590686	NA
0.999700095967298	1.00144452260548	1.00073387668028	0.999987097015034	1.00067999316288	1.00079342074673	NA
0.999720857626126	1.00064227828392	1.00035327226788	1.00102907487995	1.00056768728848	1.00100207202041	NA
1.00114179815721	1.00147266621487	0.999984073531168	1.00021721158383	1.00027838675128	1.00057122193903	NA
0.999921832177578	1.00062919564347	0.999803368282009	0.999863584546183	1.00050987615229	1.00018442218409	NA
1.00107801474417	0.999872179656299	1.00029899180551	0.999831277142483	0.999846689390731	0.999988761535159	NA
0.999947248085117	1.00038988118085	1.00020497709563	1.00012136432695	1.00008221149042	1.00014018400603	NA
1.00004024302086	1.0002591614541	1.00003221349528	0.999977370066519	1.0000610484965	0.999801245040197	NA
0.999842897687922	1.00013636627377	1.00015193792361	1.00013978676471	1.00055169800122	1.00013833988646	NA
1.00042539829942	1.00034171503923	0.999729736549678	1.00044379111251	1.00040307876751	1.00084554579931	NA
1.000130493187	1.00034182655	1.00046419905497	1.00024114599219	1.00088655091358	1.00094077022913	NA
1.00019735946561	1.00150463026418	1.00043772073625	1.00003137915963	1.00011227591927	1.00021382587087	NA
1.00035852388837	1.00190408236548	1.00004771027607	1.00055940453967	1.00000843354249	1.00024161261013	NA
1.00001050029115	1.00060605440853	0.999915349259204	1.00047245713122	1.00124046400486	0.999749680851034	NA
1.00069428298032	1.00041027704364	1.00060995971318	1.00005719759316	1.00048326874931	1.0007157440933	NA
1.00017341431723	1.00071198901219	1.00051264394834	0.999907311180431	1.00006652738812	0.999845560221819	NA
1.00064704485328	1.00003460678414	1.00025190160202	1.00056018598565	1.00098143624862	1.00073547726554	NA
1.00032165910253	0.999819815438505	0.999925983801279	1.00004897918672	1.00031756713512	1.00082449952056	NA
1.00026826760249	1.00037527004896	0.999833912212459	0.999865065209606	0.999861813014559	0.999953890102167	NA
0.999992315774727	1.00037246186735	1.00025823247688	0.999978084021988	1.00010318114287	1.00000289067286	NA
1.0002273743453	1.00040103264953	0.999778996205808	1.0017035308781	1.00094686659816	1.00096033796181	NA
1.00071522933539	1.00075846689419	1.00015602434833	1.00025692561826	0.999791580563962	0.999765101789015	NA
0.999918856724253	1.000319231336	1.00066364819484	1.00022864516943	1.00010180088075	0.999866893431825	NA
1.00011063060434	1.00015175380989	1.00007948928925	0.999965149873514	1.00020504963136	1.00093972762845	NA
1.00004274785416	1.00073946545941	0.999618858131462	1.00078584333269	1.0007402974869	1.00033540097249	NA
1.00039927086517	1.00076170577196	1.00003595648243	1.00015249020099	1.00014745624744	1.00047578845787	NA
0.999896615970484	1.00137915017623	0.999997190278955	1.00059429925196	0.999913529217086	1.00118464674663	NA
0.999900790408665	1.00013308590365	1.00119724415253	1.00079868747945	1.00004167981878	1.00106354037455	NA
1.00057593068174	1.000195818104	0.999984264475873	1.00021368082114	0.999919699226875	0.999703854354669	NA
1.00063866183529	1.0007999478969	1.00037775026226	1.00011195470677	1.00109460962956	0.99973483590079	NA
1.00025535574004	1.0005074169518	1.00029882787996	1.00054660605522	1.0006548507552	1.00082378873985	NA
1.00008200103962	1.0006442536986	1.00019296171432	1.00016862861109	1.00052759562372	1.00013903620581	NA
1.00043375007873	1.00186281869506	1.00037108402767	1.00051650504344	1.00105107592841	0.999942073103194	NA
0.99981227584996	1.00045502870734	1.00023734492817	0.999960197378355	1.00039051851503	1.0009099128379	NA
1.00088723149435	1.00072161757515	1.00016714957446	1.00053259702475	1.00038720273923	1.00006521147303	NA
0.999948945837613	1.000736888079	0.9999168820657	1.00054438299594	0.999861306991227	1.00005025814021	NA
0.999998788379647	1.00044849019844	0.999941609576886	1.00107104183613	0.999967925981056	1.00007439813138	NA
1.00006741094203	0.999884784406854	1.00009278639457	1.00090771333574	1.00066445898976	1.00064722603468	NA
0.999888981191519	1.00044949303088	0.999979470587726	1.00042087573048	0.999886401349927	1.000052916811	NA
1.00008541232542	1.00001910719681	1.00099266909963	1.00015040826856	1.0002146431421	1.0001560297404	NA
1.00136327563894	1.0002789841489	1.00084260641505	1.00057350741667	1.00070829582306	1.00003919451961	NA
0.999685849411741	1.00021509570305	0.999904348297092	1.00135167313781	1.00107446067051	0.999966751631427	NA
1.00135482012376	1.00121768778752	0.999733586767988	0.9999543986182	1.00032427180685	1.00075681147089	NA
0.999876788468284	1.00056532217721	1.00083391082752	0.999986240559134	1.00027482728242	0.999914450094488	NA
0.999970890916697	1.00140117907811	1.00056762145168	1.00038842393344	1.00102042538336	1.00036829613558	NA
1.00052080328509	1.00057124640497	1.000173081128	1.00048996198818	1.00092873755501	1.00018122878286	NA
1.00071179061425	1.00018741022106	1.00019614086475	1.00011970962944	0.99993841025763	1.0000936527538	NA
0.999952255106024	1.00016712033554	1.00006593693837	0.999831091473385	1.00015716683925	1.0001793666352	NA
0.99996960829656	1.00017432297106	1.00002865931246	1.00013869155227	0.99980585707233	1.00041615775876	NA
1.00014196921607	0.999770572338888	1.00002356066073	1.00031093201862	0.999952109059602	1.00019962074795	NA
1.00053370697147	1.00168083909089	1.0002523638136	1.00077650735787	1.0008811652554	0.999922453794076	NA
1.00005487012925	1.00104801418469	1.00028715273397	1.00090042407528	1.0004562938804	1.00095328630574	NA
0.999926668429789	1.00072393751079	1.00038676751674	0.999883577042977	1.00166749330723	1.00030398671313	NA
1.00142923582443	1.00017767370883	1.00017844392245	1.00136785662619	1.00009475322092	1.00001613993216	NA
1.00111936346939	0.999748152281663	1.00001568092082	1.0004614678909	1.00048733611244	1.00008726432679	NA
1.0001082663274	1.00072378589692	0.999896870580489	1.00029892698368	1.0001999560515	1.00065867606071	NA
1.00002999972446	0.99989474198959	1.00007831363986	1.00072970269809	1.00001429626868	1.00071381823305	NA
0.999887536591045	1.00008819376675	0.999815393507159	1.00030129414043	0.999862264032072	1.00035825539726	NA
0.999848124969098	1.00013313848196	1.00008106405664	1.0004853669693	1.00023389003499	1.00059534985535	NA
1.00177374116955	1.00103606432305	1.00022381559432	1.00045965859199	1.00074996083614	1.00133272604661	NA
0.999930481557407	1.00058707188781	1.00053568791561	1.00023583321832	0.999900147511513	0.999810533346143	NA
1.00060258019264	1.00004737039735	1.00043877830702	1.00047365123712	1.00047485108651	0.999760405831442	NA
1.00014125145954	1.00044731736598	0.999804145932067	1.00043233569786	1.00094385054104	0.99997133115505	NA
1.00024555941947	1.0007714714217	1.00010778814261	0.999850156167533	1.00006384991026	1.0003037148006	NA
1.00031885045745	0.999926392052647	1.00047439890599	1.00042433174852	1.00097489403497	1.00022833132059	NA
1.00096772209263	1.00020350869221	1.00000742240229	1.00033956537042	1.00018091426813	0.999975937122746	NA
0.999780777167715	0.999997616726551	1.00024372886582	1.00043567025031	1.00094805796338	1.00027148772166	NA
1.00040712532572	1.00066765603861	0.999749951508617	1.00079976146801	1.00147940885675	1.00071122877101	NA
1.00033341588018	1.00053213478955	1.00065551820111	1.00109131526387	1.00142797010824	1.00031993854383	NA
1.00089591519209	1.00046121773173	1.00034154814297	1.00023687319524	0.999905877628864	1.00184999362003	NA
1.00112710276453	1.00048447671274	0.999959349008193	1.00083364817336	1.00057518589375	0.999931634230005	NA
1.00028303830071	1.00036011276174	0.99996301431865	1.00046223611751	0.999971461766458	1.00018360768516	NA
1.00024100582536	1.00185385678892	1.00021348610024	1.0003052222088	1.00089385552135	0.999894503820004	NA
1.00000411011886	1.00053203509966	1.00004457420228	1.00028340852816	1.00012203392873	1.00117066753183	NA
1.00037166049877	0.999926417837439	1.00009816623532	1.00016278661422	1.00030065193027	1.00002606378297	NA
1.00018808458221	1.00026645252984	1.00019464892715	1.00021277753195	1.00056724421935	1.00014300566792	NA
1.00097585639162	1.00024763682931	1.0013236945156	1.00049540147485	1.00132211039901	1.00048557852002	NA
1.0001676029475	1.00043159637777	1.00005560745729	0.999981893916789	1.00052752885716	0.99987081161056	NA
1.00041906449562	1.00178766922591	1.00020444951508	0.999946500385692	1.00004058577451	1.00040687227365	NA
