FMP	RMP	FPP	UPP	ANPP	NPP	ANCOVA
1.00063790002322	0.999856178687348	1.00032846541476	0.999941768809064	1.00026123418572	1.00022237068698	NA
1.00153950174778	1.00136792796042	1.00009217839007	1.00009475478476	0.999839927934425	0.999766341000728	NA
0.999686241080367	1.00034233750253	1.00015964888095	1.00064845458589	1.00026091403759	1.00073502658781	NA
1.00058820764732	1.00169010394598	1.00005020262368	1.00148795077112	1.00000048354588	1.00111491810246	NA
1.00010967471958	1.00018677275258	1.00046471831933	1.00042515016318	1.00037148703884	0.999873237053095	NA
1.00057592347636	1.00091369974115	1.00004637403571	1.00084951425419	1.00051691424159	1.00001213346319	NA
1.00235648479006	1.00135189810114	1.00027223422977	1.00051424045073	1.0003024327738	0.999695428687607	NA
1.00077924946457	1.0008595202444	0.999871339671604	0.999866009742713	1.0007941046213	1.0000341390038	NA
1.00234698117781	1.00314348295729	1.0009071462766	1.00076274147555	1.00021647928999	1.00010256975584	NA
1.00004648231374	1.00112399643149	1.00018891770529	1.00032353385576	1.00055739001393	0.999922665669295	NA
1.00018030695752	1.00113583842876	1.00006939290551	1.0003429175616	1.00032516829466	1.00004500391695	NA
1.00111489283932	1.00003658244101	1.00024631571229	1.00025360417369	1.00013464969462	1.00028579908666	NA
1.0015462127577	1.00598239851477	0.99994636694366	0.999745719551359	1.00041137047535	1.00029807610319	NA
1.00391389522876	1.00560121638738	0.999886571580504	1.00026483969127	1.00012718900173	1.00080368749205	NA
1.000318365319	1.00050665307018	1.000004154196	1.00062282672278	1.00079402830229	1.00007015494315	NA
1.00006529462055	1.00020786619335	0.999866343706942	1.00008101883033	1.00083119721972	1.00038040885146	NA
1.00030531158585	0.999861510441759	1.0000983998449	1.00086922684588	1.00019327203984	0.999730335298151	NA
1.00010579570586	1.00044034803603	0.999708891526094	1.00019377528939	1.00037461283328	1.00033597824228	NA
1.00242113221401	1.00160778077084	0.999980301677404	0.999787954238111	1.00028464524612	0.999724329969109	NA
1.00080172703859	1.00266122377463	0.999831635462238	1.00036570784074	0.999965172311187	1.00024644131739	NA
1.00027436565268	1.00087753016172	1.00001043120285	1.00087529914627	1.00046671175785	1.00051382082049	NA
1.000386203771	0.999935373300329	1.00006474917306	1.00025422611859	0.999845741044974	1.00022079270305	NA
1.00033038620853	0.999934733007301	0.999918911187456	1.00008485515704	1.00022609487935	1.00045260240869	NA
1.00218730601522	1.00099733099028	0.999855347320785	1.00027183768497	1.00059547176323	1.00087461372076	NA
1.00017487973677	1.00075150827123	1.00012206410819	1.0002982526618	0.999841330636552	0.999910018412042	NA
1.00073413237983	0.9998979817274	1.00032317794268	1.00086513636174	1.00019400393053	1.00014349363496	NA
1.000454968782	1.0014009726782	1.00003068821463	1.00047730175106	1.00128691474675	0.999732708709146	NA
1.00044361759638	1.00028123511516	1.00035590362592	1.00235064022807	1.00010748647801	1.00049480811646	NA
1.00050094506725	1.00039653622657	1.0003373266869	0.9998897693313	1.00003314680145	1.00039428578436	NA
1.00018424314807	1.00019941592911	0.999936297500579	1.00131017306889	1.00019544490633	0.999868373600048	NA
0.999798414488576	1.00002056021369	1.00021518287698	1.00025617719739	0.999945954881953	1.00017023717619	NA
0.999892124105719	1.00079740632367	1.00057292161474	1.00073511084591	1.00014502102313	1.00043652335946	NA
1.00019627196187	1.00018299039271	0.999968625847553	1.00040846567102	1.00062948200576	1.00123806667446	NA
1.00085932626742	1.00125404709637	0.999863553062681	1.00031168986226	1.00091924976054	1.00044750443538	NA
0.999870403472103	1.00016148264108	1.00027947944244	1.00188239142292	0.999947353297537	0.999981733719035	NA
1.00022660222656	1.00031105532395	1.00107114701658	1.00083060689311	0.999769420486034	1.00020246511108	NA
1.003510127226	1.00133397991209	1.00048370265371	1.00082086873945	1.00045708480238	1.00006691807107	NA
0.999777408280779	1.0003032610084	1.00002312412712	1.00004127368499	1.00018310810862	1.00051649362553	NA
1.00013600542847	1.00129390590855	0.999919617239207	1.0001208957356	1.00045481365441	1.00033905748191	NA
0.999997657542745	1.00059968797236	1.00049919498355	1.00011944718036	1.00028761384314	0.999966134551835	NA
1.00032077405667	1.00018717399686	0.999946336622895	1.00048580755153	1.00001288002347	1.00012523039819	NA
1.00009672757	1.00116758382052	0.999933860827463	0.999956868440403	1.00005160847871	1.00076220295451	NA
1.00043164295501	0.999794845863624	0.999923351357867	0.999888026663453	1.00051622314679	1.00009846410783	NA
0.999932177946204	0.999907257415251	0.999947764805164	1.00038267038053	0.999868143000572	1.00057121884502	NA
0.99991409373224	1.00014619976411	1.0007329004716	1.000501778258	1.00022848365775	1.0000678775314	NA
0.99989987662372	1.00114976066314	1.00016675159306	1.0001616233286	1.00033989847336	0.99993246452406	NA
0.999872157865902	1.00043441874429	0.999871353321868	1.00013661161146	1.00062910567707	1.00017190038531	NA
0.999909301646196	1.00038719499238	1.0005618185502	1.00044107057586	1.00034045813534	1.00053408620283	NA
1.00006171164751	1.00007909180215	0.999956399207877	1.00039627510938	1.00014472101305	1.00009838899738	NA
1.00030133987545	1.00024570808818	0.999921485602795	1.00039847121219	1.00024159916032	1.00145761345601	NA
1.00011892287027	1.00064630837752	1.00015489663024	0.999944782538481	1.0005185962739	1.00083537301229	NA
1.00086763747702	1.00083022109557	1.00044369959852	1.00001338745937	1.00061107873609	1.00088308206525	NA
1.00242076874741	1.00019095122248	1.00044706096903	1.00003103655741	1.00152418534889	1.00087323374758	NA
1.00157802983111	1.00056062097198	1.00024071200152	1.00011065817929	0.999894643311067	1.00009729224487	NA
1.00014458166027	1.00084112362176	1.00013068059863	1.00063693752792	1.00020788361012	1.00023286667905	NA
1.00211296265896	1.00123918865016	1.00009720294184	1.00000640669914	1.00068082238614	1.00111805116538	NA
1.00033005544733	1.00106848243277	1.0002869987758	1.00249674811838	1.00043340294497	0.999954670955023	NA
1.0003594581224	1.00007855899594	1.00061534134762	1.0001137993751	1.00080608552366	1.00023011999172	NA
1.00077654690722	1.0009427184028	1.0001011319153	1.00061469105067	1.00069389120666	1.00052174291612	NA
1.00035918997932	1.00039529286461	1.00034830594212	1.0007726116311	1.00037516384732	1.00044618665737	NA
0.999968772532857	1.00066155475375	1.00039883529468	0.999763615946393	1.00045869926521	0.999935359338743	NA
1.0002614242432	1.00034292251421	1.00008559050456	1.00043774936679	1.00021310257726	0.999808873113177	NA
1.00096513768241	1.00121010304267	1.00000774363137	1.00058220577609	1.00028473348445	1.00058998493238	NA
1.00026404736181	1.00074370191473	0.999823654284423	1.00040206997261	1.00047587958082	0.999977977048055	NA
1.00213941226414	1.00204088776536	1.00035915879484	1.00033866646326	1.00062341523083	1.00020586845672	NA
0.999977265440632	0.999973193304299	0.999821877918466	0.999797872637469	1.00023682958486	1.0005156364462	NA
1.00087118737591	1.00068372132241	0.999957791495361	1.0013179123926	1.00041461892939	1.00034628932544	NA
1.00069203981508	1.0004929266308	1.00021687818642	1.0001189642659	1.00023353258854	1.00058479244775	NA
1.000131620038	1.00028389163369	1.00071959585776	1.00045522655057	1.00051730122067	1.0004264411997	NA
1.00010719443148	1.00092985900958	1.00022806571096	1.000221208099	1.00057686433409	1.00070757001374	NA
1.00085280237694	1.00059663812034	1.00080945814968	1.00266177221889	1.00041608400565	1.00016197331374	NA
1.00013737243425	1.0001282578255	0.999895671363155	1.00064551395675	1.00044847974594	1.00005889661981	NA
1.00063378985882	1.00032569979651	1.00007172238969	1.00008542427286	1.00014660714887	0.999866003715091	NA
0.999868717426173	1.00076988190489	1.00010540111219	1.00004993440091	0.999705385586515	1.00011170279038	NA
1.00035360867996	1.00032148757991	0.999803866561308	1.00079924872545	0.999753029845215	1.00013599107456	NA
1.00019814526057	1.00042161849362	0.999697291146261	1.00017199210003	1.0002479847412	1.00001730513364	NA
1.00015339344291	1.00036127453672	0.99993296646971	1.00082173077778	1.00050494492598	1.00053031411865	NA
0.999745380318509	1.00022112324374	1.00006527296481	1.00006681757418	1.00033895678634	1.00032019108473	NA
1.00097795372925	1.00121278351172	1.00016178747673	1.0008452017245	1.00042996688948	1.00030162426667	NA
1.00099672743347	1.00059664899639	0.999914309560535	1.00042882608833	1.00122878511578	1.00002245709096	NA
1.00037074033096	1.00053108142297	1.00009729525937	1.00012590365866	1.00126564246407	1.00068847750987	NA
0.999856733304996	1.00039043385701	1.00083960785577	1.00044788142701	0.999864623973061	1.00001338756144	NA
1.00425097210721	1.00334300098165	1.00063458415047	1.00052568847029	1.00031292165555	1.00070436471059	NA
1.00145666385042	1.0010617137335	1.00009557062082	1.00029082280205	1.00043313630089	1.00236608982186	NA
1.0006659394574	1.00046737088209	1.00022552982373	0.999963136830414	1.00015457606599	1.00039757891184	NA
1.00021429821886	1.00036292107419	0.999677935103058	1.00066835195481	0.999942988247556	0.999720920998949	NA
1.00027094303132	0.999954751454966	0.999670323420912	0.999948385900868	1.00033576083987	1.0004176305638	NA
1.00000817770949	0.999681593157638	1.00048207559593	1.00041076154211	1.0002024706606	1.00001272342161	NA
1.00030924355407	0.999821556442676	0.999820254912716	1.00014275615203	1.00041912287781	1.00031337352788	NA
1.00025999470454	1.00035856379588	1.00024906131191	1.00102913223037	0.999782780893234	0.999920297678013	NA
1.00076597514177	0.999778973772685	1.00014329229843	1.0009667740797	1.00023942325124	1.00020973874593	NA
1.0000591428272	0.999898179476476	1.00002702510391	1.00046113996484	1.00007933413619	1.0009890222788	NA
1.00025459094429	1.00083579870142	1.00031383944293	1.00012398780829	0.999829120644348	1.0000296623859	NA
1.00079729543554	1.00201378116203	1.00021084766876	1.0011686649676	1.00007483404645	1.00129962754989	NA
1.00028698987114	1.00015924369142	1.00021969024497	1.0002901202892	1.00024979115796	0.99987497420387	NA
1.00110217431261	1.00106795253777	1.00023965254009	1.00028618077174	1.00041090149729	1.00060882209224	NA
1.00062828213828	1.00035870049297	1.00053767651987	1.00146762968513	1.00108802097766	1.00039098622701	NA
0.999921220393926	1.00076997328063	0.999860031735204	1.00087774036916	1.00047023405252	1.00054123927106	NA
1.000616305903	1.00021977740084	1.00020417497902	1.00087338111901	1.00017956040501	0.999965427403394	NA
1.00112993022608	1.00055206438758	1.00004000887739	1.00041129209958	1.00044938778193	1.00012729446255	NA
1.00033366943671	1.00180420355257	1.00008045413612	1.00069203855607	0.999759674458184	0.999889108150247	NA
1.00134847308779	1.00272424397899	0.999871223975202	0.999843512820111	1.00050613170103	0.99997266077129	NA
1.00004375722341	1.0018948073631	1.00028496707203	0.999899206361436	1.00076007333693	1.00025462467385	NA
0.999736038339378	1.00094985611036	0.999817798046829	1.00148942497876	0.999733917334611	0.999888103409629	NA
1.000627817475	1.00089667259469	0.999939982780965	1.00021785447878	0.999989626092321	0.99999416701247	NA
1.00220811893318	1.0022692607549	0.999946232206113	0.999850746858901	1.00176427738733	1.00094246995956	NA
1.00020141511	1.00066853678455	0.999767721524561	1.00058532301943	0.999736471359634	1.00048343700116	NA
1.00009909223646	1.00141467946618	0.999907935985226	1.00052267307438	1.00024292399972	1.0004918037412	NA
1.00023413808993	1.00083708236483	1.00040373796443	1.00027984670559	1.00090658682153	1.00068813193107	NA
1.000254185211	1.00309251771534	1.00059174043095	1.00025439975497	0.999768294168623	0.999937330660402	NA
1.00156565232518	1.00114799991518	1.00019014892617	1.00007718942475	0.999910524333783	1.00027626856066	NA
1.00005369145552	1.00026665688263	0.999911317366713	1.00186873150584	1.00000030690466	1.0002084117595	NA
1.00055453619721	0.99993858209715	1.00008760699519	1.001626201071	0.999897964897398	0.999777540470669	NA
1.00077482043957	1.00154641705662	1.00043003760827	1.00043271827992	1.00032406729811	1.00049570313482	NA
0.999778852038808	0.99984031085917	1.00028765897054	0.999969776375466	1.0006307414968	0.999845761366317	NA
1.00159662734579	1.00092713291226	0.999941070705233	1.00029870060737	1.00035853873102	1.00019754483478	NA
1.00025275640053	1.00046193744424	1.00010369430531	1.00038269699626	1.00043849870097	1.00000819937761	NA
1.00079193217433	1.00022084524424	1.00016413301846	1.00013419052939	1.00010290361583	1.0001925955903	NA
1.00047504089474	1.0008412599787	1.00011990096582	1.00046606302618	0.999957987220712	1.00023891197963	NA
1.00242211880024	1.00102771385479	1.00015234058286	1.00101846266293	1.00044694650929	1.00008068408093	NA
1.00046813101328	1.00074236751968	1.0001997334794	1.00016914261278	0.999943408966083	1.00049132422008	NA
1.000000408754	1.0000125646591	1.00020409337483	0.999966813462366	1.00030571846638	1.00127410266994	NA
1.00117264510517	0.999901340205021	1.00025542869404	1.00050651966027	1.00033055952417	1.00021632277576	NA
1.00197684314519	1.00129806243666	0.999875150035656	1.00028645080248	0.999727803346083	0.999800085956411	NA
1.00078495758461	1.00161342083939	1.00009248164766	1.0007825397396	1.00036902914555	1.00112724041172	NA
1.0001994115141	1.00033736136252	1.00047389368945	1.00075062078997	1.00062289673662	0.999999360663902	NA
1.00086847674251	1.00018254809301	1.00033258366558	1.00043208865413	1.00038648826299	1.00040846744499	NA
1.00014831603851	1.0006392256319	0.999954417286474	1.00105250715819	1.00028176054424	1.00094966428417	NA
1.00179388925871	1.00040399247772	1.00043634758966	1.00006949171034	1.0009915674974	0.999926675041759	NA
1.0010269228444	1.00240388493021	0.999806161823574	1.00053806939656	0.999805683911332	1.00053643128847	NA
1.00003418225931	1.00026528106707	1.00050214038616	1.00026053842548	1.00023379706317	1.00037840411042	NA
1.00043225516065	1.00128587622219	1.00024757232091	1.00003823574806	1.00043698377146	1.00029516973052	NA
1.00054456568791	1.00154346601415	1.00039873464188	1.00032000961228	1.00039658225302	1.00039333429967	NA
1.0009469873967	1.00068828058696	0.999838561395894	1.00139823254447	1.0007188809186	1.00014978927596	NA
1.00292356514406	1.00123329588786	1.00039819436068	1.00033067297869	1.00014174241051	0.999987801986954	NA
1.00165278261586	1.00108576693796	1.00076423320731	1.00144007494336	1.00096641392339	1.00038518482534	NA
1.00064404103292	1.00011663193951	1.00020888337847	1.00086101595939	1.0002326559166	0.999803613485691	NA
1.0010506360699	1.00205522378279	1.0000125361262	1.000311914645	1.00028475708588	1.00079418469276	NA
1.00042182985317	1.00031205713396	0.999871515502086	1.00049330846811	1.00095954516223	0.99990206720991	NA
0.999984800152312	1.00084933757832	1.00013015415062	1.00016430739839	1.00016384734277	0.999955939352733	NA
1.00054336060316	1.00088154939498	0.999851390055533	1.00059877669518	1.00039079554867	1.00034151915658	NA
1.00025243910818	1.00010590082935	0.999834214985906	1.0003665323194	1.00040121632809	0.999827605095844	NA
1.00509209778194	1.00194424494925	1.00013021873767	1.00173643206231	1.00074049941499	1.00007512526382	NA
1.00031182511323	1.00076053828927	1.00001855801172	0.999933555530287	1.00034428791325	1.00039674047473	NA
0.999889247238557	0.999734758772846	1.0002193476851	1.000095932055	1.00053023780691	1.00018760507929	NA
1.00088494578923	1.00069953961011	0.999854457367478	1.00014603524861	1.00025013802662	0.999904788397995	NA
1.000882807305	1.00114687198628	0.999876592687707	1.00062847148997	0.999823490004092	1.00003951247071	NA
1.0001995940294	1.0004522495532	1.00015128651027	1.00010638185307	1.00078772808983	1.00007315026069	NA
1.00022556374046	1.00114095900546	0.999877553170534	0.999922565877743	0.999742967478298	0.999900503526605	NA
1.00043990941476	0.999905512357579	0.999821016981964	0.999783916357507	1.00020136133704	1.00034829942528	NA
1.00030978985089	0.999678898144429	0.999907362924155	1.00034929393405	0.999883725725939	1.00015688347303	NA
1.00076148383891	1.00042029293664	1.00008660176979	0.99993754905348	1.00036488225026	1.00012404160295	NA
1.0011493985224	1.00083607789761	0.999951610636597	1.0003388253541	1.00096765895341	1.00006276714362	NA
1.00118123379993	1.00358177266119	1.00001869954881	1.0003836710387	1.00065472311844	1.00194183288762	NA
0.999800496722805	1.00038343117177	0.999699051709066	1.00052855592307	1.00020616833375	1.0004540731251	NA
1.00069481465302	1.00059426137406	1.00066585050593	1.00000866703592	1.00048010007352	0.999921647717735	NA
1.00016481095659	1.00035801380965	1.00011571665942	1.00009103680072	1.00015555970347	1.00045064448688	NA
1.00118161905899	1.00003864021475	0.999922227463739	1.00063477092979	0.999755993556486	1.00074144196603	NA
1.00011342003525	1.00083271321071	0.999833155387477	1.00053956368695	1.00077784358468	1.00035289689585	NA
1.00175835177603	1.00090771192334	0.999944005161688	1.00060226916697	1.00044042649657	1.00021076034432	NA
1.00325313937932	1.00075569734382	1.00016687625705	1.00065915110103	1.00076080824741	1.00083781065477	NA
1.00189739582376	1.00056994126426	1.00038515371453	1.00076085608285	1.00012753734952	0.99991257765614	NA
1.00050892090473	1.00095143059254	0.999706253678965	1.0000631127807	1.00032799943444	0.999958505490869	NA
1.00091555498669	1.00331726333159	1.00066964719291	1.00036546928157	1.00048888264822	1.00019264616891	NA
1.00030288232959	1.00028962887296	1.00064216607848	1.00058759727724	1.00000159531329	1.00038159983524	NA
1.000648529605	1.00045772809083	1.00020698163168	1.00113220394196	1.00049092879261	1.000400698854	NA
1.00002471812912	1.00132889548611	1.00005545050594	1.00112599633333	1.00043347457815	1.00095271976982	NA
0.999847308743295	1.00047603308993	0.999962761986599	1.00135234379446	1.00024385728562	1.0003808377877	NA
1.00017361474551	1.00016881909158	1.00007346980399	1.0018428352559	0.99995803626959	1.00033614402832	NA
1.00277480370948	1.00091146619607	1.00008310411984	1.00144163663436	1.00129431428643	1.000026384114	NA
1.00043925322197	1.00134468423212	1.00060532693593	0.999991016001141	1.00032697434154	0.999961334080073	NA
1.00047651858145	1.00033211021151	0.999937491338538	1.00067630528108	1.00042147744244	1.00054407506432	NA
0.999707316261792	1.00063801503676	1.00077467186378	1.00028671763458	1.00016379940334	1.00049501628356	NA
1.00085399383508	1.00015897208807	0.999719536364901	1.00056993500617	1.00015080691696	0.999967146559432	NA
0.999868144353912	1.00036719983723	1.00046282819686	1.00069017209019	1.00033805027443	1.00092172465248	NA
1.0010527063047	1.00059702797599	1.00000642049012	0.99990586337949	1.00027385254947	1.00003405441316	NA
1.00006101778674	1.00052170706581	1.000263057274	0.99990374667183	1.00029693684553	0.999951543225084	NA
1.00080106599468	0.999868803225641	0.999885445126167	1.00133229010199	1.00043465927937	0.99975681714137	NA
1.00111461136521	1.00034533230918	1.00054026796579	0.999960318227307	1.00055048368254	1.00006587489508	NA
1.00018759995258	1.00021029679765	1.00044308301775	0.999974886284468	0.999891275332517	1.00028398883102	NA
0.999908707309954	1.00016679668829	1.0000602479729	1.00150661830592	0.999720265849185	1.00045390138632	NA
1.00063215010563	1.00053366206211	1.00039039340753	1.00040834272666	1.00045499771294	1.00056159404556	NA
1.00025761461883	1.0007970064366	1.00003832189877	1.00043903247057	1.0000749747349	1.00020533113768	NA
0.999702374230904	0.999838074754863	1.00030363237705	1.00043328245444	1.00031621006389	0.999820264386144	NA
1.00027363122484	1.00088790821836	1.00037419804311	0.99991254282902	1.00031349880516	0.999887693909412	NA
1.00056297007798	1.00079818716012	0.999791178540005	1.00036569464738	1.00054943234937	1.00043031269328	NA
1.00129365558342	1.00072829078696	1.000091318615	1.00057041568713	1.00031355755904	1.00048836786912	NA
1.0002630742801	0.999724210923648	0.9999014847707	0.99989218138321	0.999964685319703	1.00084536979415	NA
0.999966129271156	1.00019383220309	0.999878417620833	1.00104055227895	1.00162463920122	1.00066665366834	NA
1.00148065431096	1.00217456997044	1.000095641966	0.999853846814988	1.00009882649831	1.00004196514012	NA
1.00083304388096	1.00078426880735	1.00013122581583	1.00022691592587	1.00064133828054	1.00023775933746	NA
1.00000021613012	0.999846160196825	0.999801348952946	1.00051033846032	0.999711948741129	0.999872191471002	NA
1.0007516853574	1.00018679189694	1.00021268630305	1.00100109773059	0.999974677034651	1.00020004464692	NA
1.00107899955265	1.00649724246608	1.00000101188565	1.00048003907079	1.00051566631429	1.00004292421493	NA
1.00025111634107	1.00301235126718	1.00057168990348	1.00080545639541	1.000039515559	1.00029333797077	NA
1.00191619002518	1.00086199372338	0.999937334712597	1.00034539298059	1.00005743135014	1.00038874926707	NA
1.00048497778213	1.00021630559546	1.00001017712245	1.00048471138397	1.00022006356207	1.00073592144952	NA
0.999807371488245	0.999847926559153	0.999934015755577	1.00003162777404	1.00041112568505	1.00005641856741	NA
1.00011356609655	1.00033837763541	1.00034669741481	0.99983570035155	1.00002192389548	0.999851649169071	NA
0.999913942834541	1.00009164793483	1.00007724416091	1.00019876295421	1.00019819793263	1.00003901406534	NA
1.00461858250449	1.00885875916145	1.00037841724286	1.0003171228394	1.00172258762478	1.00087317927146	NA
1.00129603668139	1.0012921060288	1.00028887925947	1.00074396686496	0.999971812271282	1.00029912890821	NA
1.000539459833	1.00446893754544	1.00003718376986	1.00043055855029	1.00035973235653	1.00061467430276	NA
0.999761230292631	0.99997154160411	1.00021792459668	1.00023962766874	1.00007593166594	1.00012423295015	NA
1.0009670137431	1.00165978376692	1.00007929501832	1.00055733122776	1.00038290005065	1.00053447867265	NA
1.00087918789796	1.00171818157077	1.00030842360887	1.00017247931945	1.00024456415526	0.999854348510196	NA
0.999829689246393	1.0001698900999	0.999875211559886	1.00027589155556	1.0004855476139	0.999881705764464	NA
1.00035373548556	1.00001818693699	1.00008020080588	1.00027664983842	1.00057668660507	1.00050514416881	NA
0.99999519284833	0.999925553460135	0.999989479286403	0.9999747212321	1.00049112408111	1.00051378076096	NA
1.00040528268216	1.0007918052135	1.00028657673788	1.00042469243458	1.00021765702754	1.00006652740857	NA
1.00184988891027	1.00412514407526	0.999843128239901	1.00093759426526	1.0003591497308	1.00026204180987	NA
1.00053411803688	1.00344030459523	1.00041258518961	1.00056724595279	1.00017631809827	1.00028039411957	NA
1.00132756617881	1.00085256624932	0.999942161647629	1.00085238255022	1.00006431319033	1.00123929279197	NA
1.00070014699609	1.00000049831222	1.00038289128432	1.00011521681406	1.00030073878448	1.00006675781986	NA
1.00103176051695	1.00053984321926	1.00004217992013	1.00079671992488	0.99988914060816	1.00016616272412	NA
1.00042845659537	1.00013032721471	1.00039656249865	1.00019576745024	1.00019332725901	1.0003475771597	NA
1.00181941842431	1.00048070138658	0.999918014694779	1.00049525813965	1.00067727217791	1.00010351182662	NA
0.999886505933313	1.00074556994225	1.00016112587103	1.00043015186027	1.00024115696057	1.000492883211	NA
1.00205732614797	1.00020344804725	1.00028301335037	1.0006817502619	1.00049334173589	0.999950680721587	NA
1.00162385558103	1.00095570756882	1.00030704516534	1.00105713191458	1.00000017754954	1.00053605393691	NA
0.999966077532236	0.999858863931321	0.999780535839969	1.00017453127527	1.00043874500724	1.00059899371191	NA
1.00005151969786	0.999939129986027	0.999961981801994	0.999816685236938	0.999889123488417	1.00035632527119	NA
1.00040336443286	0.999868687371879	0.999712648171469	0.999749012470124	1.00035664886221	1.00017192403172	NA
1.00102528405262	1.00129444790035	0.999943202743234	1.00121334917075	1.00016906192325	1.00065706186336	NA
1.00042222873674	1.00019264863963	1.00056620658934	0.999823053239379	1.00072093876087	1.00011615067997	NA
1.00069486791188	1.0004359244677	1.00013050882204	1.00005634615785	1.00186588169251	1.00018335105459	NA
1.00046498918251	1.00007825384935	1.0002218945128	1.00064823047583	1.00076611532948	1.00054795476935	NA
1.00047060694316	0.99986877392493	1.00051878553934	1.00064563088552	1.00061662103767	1.00083217027139	NA
1.00066049821572	1.00034709217576	1.00026821002822	1.00020420286151	1.000178448338	1.00049223122236	NA
1.00021698603529	1.00075472899828	0.999819360516319	1.00018898202018	1.00030306496415	1.00012173998418	NA
1.00015931973536	1.00134006768303	1.00020152211523	1.00167755869495	1.00006937108215	0.999970729540316	NA
1.00050506207008	1.00010454833499	1.00017623153771	1.0000658500916	1.00025468297528	1.00051817498832	NA
1.00047416803724	1.00069583258073	1.00035624904709	1.00058852192463	1.00149748369778	1.00074712554807	NA
1.00740723642559	1.00742142041153	1.00024654477909	1.0007730181679	1.001317396784	1.00055411671823	NA
1.00272530660598	1.00026212927137	1.00064088179209	1.00022665276623	1.00025603925008	0.999965864217995	NA
0.999777971905392	1.00021469116209	0.999936965239856	1.00104824818677	0.999872139793381	0.999988511335142	NA
1.00016614502707	0.99994381924792	1.00006680268925	1.00015810267487	1.00072487546979	0.999965765018791	NA
0.999993072814051	1.000723355017	1.0001452075999	1.00107766382187	0.999947270629086	1.00045660069761	NA
1.00024222213373	1.00010639367099	1.00010445833833	1.00032537158782	1.00031561994125	0.999775695536858	NA
1.00004501360746	1.00080343007451	1.00037124515618	1.00033192397761	1.0000764810709	0.999978802691477	NA
1.00041112624382	1.00132050034995	1.0001933224177	1.00116221576561	1.00043821141914	1.00034045106704	NA
0.999924937585676	1.00173666854005	1.00037115722532	1.00037905864247	0.999956587017442	0.999871750116614	NA
0.999915887762609	1.00034135385157	0.999798507357373	1.00022179794441	1.00008155815599	1.00065839657466	NA
0.999748604483207	1.00002552962819	1.00081755688	1.00020384970104	1.00016236362868	1.00042805240034	NA
1.00052770630989	1.00143990834865	1.00049632731901	1.00044122313124	1.000509543592	1.00015878306541	NA
0.999840401958768	0.999990838130078	0.999739948677814	1.00021939583837	1.00056925432233	1.00138885602575	NA
0.999954332902338	1.00052537612147	1.00063605402049	1.00089650724195	1.00033493030419	1.0004439360492	NA
1.00069297665509	0.999921048747503	1.00011356266695	1.00086598733321	1.00049951729031	1.00036022420427	NA
1.00008685528414	0.999710924274377	1.00038792157034	0.999994412951108	1.00023836896382	1.00008291220718	NA
1.00090404993672	1.00041390611916	1.00056411775244	1.00043763434212	0.999819545779991	1.00125446828752	NA
1.00039704795422	1.00119674840882	0.999979801843768	1.00092114791324	1.00049009424479	1.00076399154702	NA
1.00140833223808	0.999856721304167	1.00001499750627	1.00050725929841	0.999999749137751	1.00003520941217	NA
1.00142956238308	1.0005157107551	1.00000278330164	0.999913577211501	1.00052833166063	1.00041779752127	NA
1.00106640116362	1.00155678460503	1.00025026936224	1.00219240900949	1.00062470918913	1.00000469909379	NA
0.999668774386305	1.00055509336569	0.999722411996538	1.00029619442885	1.00022084648301	1.00040343338128	NA
1.00464248773148	1.00350873064777	0.999708481177349	1.00212922560167	1.00048349649414	1.00062574020398	NA
1.0023794304975	1.00116539862332	1.00068054389857	1.00026403725094	0.999913266075535	0.999889530912984	NA
1.00124179507523	1.00072323872711	1.00035220806341	1.00131263654035	1.00067895000536	1.00061601876384	NA
1.00028260849066	1.00077455105779	0.999732483550942	1.00091393014012	1.00054201861712	1.0001932689591	NA
1.00063702434805	1.00169716770813	1.00014790211761	0.99979393238642	1.00036972119615	0.999829755835027	NA
1.00072180998021	1.00000298552227	0.999989201378494	1.00031588660059	1.00040423358322	1.00039653180172	NA
1.00000647429765	1.00050942723227	0.999965297071037	0.999858370120012	1.00061074407271	1.00214148972159	NA
1.00077496910341	1.00166678322767	1.00039257351167	1.00086531051454	1.00074289044856	1.00020996164715	NA
1.00054476347603	1.00024017904919	0.999854579188895	1.00022277730762	1.0002878184333	0.99999153396161	NA
1.00003531494687	0.999688435279896	0.999949713202114	0.999989414001219	1.00036285807831	0.999811638231683	NA
1.0001526002645	1.0005309904672	1.00076227762946	0.999705828813029	1.00028419925936	0.999903721932115	NA
1.00048885716353	1.00143247736266	0.999694566194329	1.00067062175329	1.00033150437094	0.999947435720294	NA
1.00103409485896	1.00091231529813	0.999763823017225	0.999924641559689	1.00008872393639	1.00062015309733	NA
1.00063214198983	0.999843723324965	0.999966688531738	0.999938292566704	0.99990171680373	1.00090717920127	NA
1.0010999110593	1.00085221444451	1.00002979605403	1.00039717949838	1.00029119814489	0.999884858372978	NA
1.00434868296198	1.00139762290865	0.999931040458208	1.00022849193269	1.00094569948852	0.99978324180539	NA
1.00027316012803	1.00022362937219	1.00012219764294	1.00011692436566	1.00022291426374	0.999951961857337	NA
1.00064382303763	1.0006167543078	0.999822296828735	0.999946735655247	0.999911163867528	0.999890551019779	NA
1.00002979942707	0.999801045603602	1.00005643592725	1.00079812275647	1.00125147508826	1.00075910368683	NA
1.00019572670518	0.999829540215599	1.0001495284462	1.00043970911905	0.999992884205481	1.00011574256544	NA
1.00016083412467	1.00022226267834	0.99984790750418	0.999808029995847	1.00097201584508	1.00037258135998	NA
1.00026190059448	0.999908756908649	1.00016131107524	1.00015809474174	1.0003028800629	1.000776918555	NA
1.00026065253543	1.00003514563794	1.00065890338547	1.00021702140549	1.00026032461257	0.999880197640392	NA
0.999979390888933	0.999891410592701	0.999994320038828	1.00045696273848	0.999750358639487	0.999990904162003	NA
1.00127267533506	1.00107074025541	1.00025701798918	1.0004153046648	1.00090097525293	1.00080364153117	NA
1.00002424792226	0.999877012644587	0.999703359702099	0.999975080137998	1.00037455096169	0.999837325647148	NA
1.00024949385969	1.00017569729728	0.999955220899145	0.999833895145466	0.999886332919704	1.00010879402746	NA
1.00011462000438	1.00140274156538	1.00009857552857	1.00037857596179	0.999955186042477	1.00058026480535	NA
1.00114633036057	1.00111683630561	1.00002348873726	1.00068052853191	1.00055216397555	0.999895015695506	NA
0.999830294966718	0.999895216501084	1.00011425125313	1.00025502742498	0.99982647792752	1.00074949100415	NA
0.999989618814081	1.00013964582165	0.999838618932764	1.00001467216459	0.999823609261036	1.00035210459778	NA
1.00034144674406	1.00014168632534	1.0001460148632	1.00074801281568	1.000365362396	0.999856388727314	NA
0.999826445335313	1.00046615755678	1.00068078839736	1.00128122901125	0.999920317059882	1.0008762128623	NA
1.00077212099492	1.00066684605563	1.00009757539235	0.999992155125382	1.00016322199627	1.00025309228034	NA
1.0012660716978	1.00131338643517	0.999760328236983	1.00024737701971	1.00006747813616	0.999897314873882	NA
1.00018330191112	1.00029046515556	1.00020895015501	1.00085443088289	1.00054996984934	1.00004650477959	NA
1.0002797606394	0.999810241370746	0.999964658962082	1.00155394485499	1.00053681107921	1.00041227549279	NA
1.00097599373016	1.0033629578551	0.999882552946379	1.00099164255999	1.00004620915042	1.00060136300249	NA
0.999806808192874	0.999931401474914	1.00065719921119	0.999898460435021	1.00033357794232	0.999863643358101	NA
1.00015062767155	1.00162375479758	1.00013432497765	1.00214034163138	1.00033795689168	1.0005979576176	NA
1.00062083080877	1.00019784991405	1.00033688855435	1.00021512511615	1.00069531350362	1.00087117867052	NA
1.00018064449451	1.00134858383344	1.00064327164959	1.00005083283437	1.00025200983416	1.00018760181959	NA
1.00051732304037	0.999914476049309	1.00022111110115	1.00080250058533	1.00021253266022	0.999827107143009	NA
0.99990334912415	1.00006566001167	1.00040309730902	1.00028347394378	1.0003874890838	1.00052850282334	NA
0.99986246000106	1.00082705284428	1.00041887818017	1.00030419084467	1.00012702458217	0.999898940372929	NA
0.999928960315467	1.00010040628727	0.999901362861213	1.00058115796931	0.999863913045977	0.999892913934681	NA
1.00063267261737	1.00060504687063	1.000104015511	1.00015230368704	1.00091492138463	1.00079324101636	NA
1.00010568900435	1.000079044336	0.999818227633258	1.00000790447266	1.00014883331552	1.00005034940899	NA
1.00033103331756	1.00031885356752	1.00040943692494	1.00109273201852	1.00026108562523	0.999999104647864	NA
1.00046598188625	0.999887811329291	1.0002200059061	0.999938310752205	1.00118066199817	1.00000278293082	NA
1.00093437010842	0.999876689786765	1.00026738752298	1.00014342903161	1.00086741371473	1.00025785244453	NA
0.999771832488063	0.999731488566859	0.999999002979352	1.00017249528375	0.999979330203862	1.00086752636329	NA
1.00095592615114	1.00086718700788	1.00029488324612	1.00016064664922	1.00047724488477	1.00061504561481	NA
1.00144910582035	0.999935102702116	0.999993785777753	1.0001210501715	1.00041773573328	1.00141526653323	NA
1.00039987722665	1.00017738995673	1.00057070638846	1.00104080535612	1.00010689423032	1.0006920036637	NA
1.00036078837702	0.999927979857426	1.00030293196451	1.00041196297722	1.00006969271994	1.00026676628955	NA
1.00025325411322	1.00228077021692	1.00049751647218	1.00058281398967	1.00072452862358	1.0003805322611	NA
0.999813401947655	1.00051521894899	1.00004975516377	1.00084362879853	0.999828293926602	1.00079173011637	NA
1.00259696957913	1.00113300234821	1.00024309948102	1.0003569721292	1.000021678639	1.00058907411338	NA
1.00027663164491	1.00136286078836	0.999911055692537	1.00079855584635	1.00067335257414	0.999837942675132	NA
1.00083112947823	0.999917084711377	1.00036163458721	1.00105997374196	1.00070187629145	1.00026921160286	NA
1.00042606819742	1.00187945334171	1.0003590127615	1.00027411438053	1.00000827248722	1.00011702381656	NA
1.00012551313913	1.00031969828802	1.00002689547631	1.00121424184387	1.00155215540412	1.00028342110951	NA
0.999962135861906	1.0003043348114	1.00009468950548	1.00178485079401	1.00000369255721	1.0001927947335	NA
1.00081757029967	1.00017125526467	1.00028754731396	1.00026807592321	1.00102258404737	1.00028862587567	NA
1.00068498843238	1.00010323035378	1.00053305005265	1.00003148783525	1.00029367069109	1.00075297034335	NA
1.0012981420764	1.00096931027197	1.00001819467215	1.00123384872149	1.00113555739942	1.00022272691121	NA
1.00042489685975	1.00115999106284	0.999955101638284	1.00059655352961	0.999892704400474	1.00075258672071	NA
1.00099568961364	1.00156812359605	1.00128266151069	1.00037632860494	1.00081821759821	1.00012049325098	NA
1.00009079935664	1.00044255622643	0.999791923338559	1.00064838156751	1.00088673360943	1.00004931732346	NA
1.00036134943356	1.000664804685	1.00037198284184	1.00085493652398	0.999822740043061	1.00049458646588	NA
1.0004327113927	1.0002630345534	1.00001671091549	1.00024573487088	1.00013515464237	1.00012813044113	NA
1.00074680029447	0.999926550562855	1.00012350901625	1.00094790980484	0.999851350292847	1.00058828636631	NA
1.00023005082134	0.999854105188337	1.00041867480622	0.999865352973933	1.00026021594941	0.999968469465736	NA
0.999780626984909	0.999786107478968	1.00005880499584	0.99988955441583	1.00060874552385	1.00040510585966	NA
1.00133415232221	1.00018362687348	0.999951840924859	1.00119027462406	1.00018802251469	0.999979125767313	NA
1.00055375655552	0.999841202236594	0.999857969833353	1.0002031352815	1.00026514769431	1.00024226449384	NA
1.00118365181182	1.00135032747005	1.00057357914923	1.00013741573168	0.999975755287961	1.00073919639871	NA
1.00003889491496	1.00006944747305	1.00031017036906	1.00088247435641	1.00016816694745	1.00037615583464	NA
0.999817726516127	1.00052685494143	0.999777581345869	1.00004472373493	1.00044010321031	0.999962482775363	NA
1.00003124536106	1.00102525334156	0.999964913335112	1.00131433410122	1.00062218820842	1.00039411736291	NA
0.999989340724829	1.00049372695222	1.00027073418911	0.999842287871502	0.999969514340917	1.0006964019545	NA
1.00017837700649	1.00095743343839	1.00012534831284	1.00037876366167	1.00019210957663	1.00019750035872	NA
1.00210393967898	1.00093928325817	1.00022872030859	1.00042620901483	1.00089108460973	1.00032051649234	NA
1.00068745326288	1.00083618266536	0.9999727987814	1.00052657066744	1.00039497346181	1.00074426833999	NA
1.00014821999409	1.00026728218994	1.00017226853929	1.00053518412493	0.999938784070504	1.00073490193132	NA
1.00009631399384	1.0000241808684	1.00051997660322	1.00054134589571	1.0013256062511	1.00009647085691	NA
1.00034771638791	1.00047204212211	1.00064095395261	1.00000020446166	0.999960074077992	1.00077804957393	NA
1.00020305448451	1.00161747791061	1.00020596586903	0.999661593361912	0.999810642339448	1.00060274521563	NA
1.00085461336374	1.0001285123643	0.999808604297078	1.00029181931654	1.00027263893951	1.00147349081666	NA
1.00130625273106	1.00093884339066	0.999824628491163	1.00074257071961	1.00018708176442	1.00020442958182	NA
1.00040525849342	1.00034568267753	0.999906001419991	1.00115617416883	0.999909882827685	1.00003208948921	NA
1.00632519435524	1.00251925396672	1.00051186241762	1.00039712747901	1.00066985941491	1.00156696907961	NA
1.00074973329797	1.00060628698749	0.999862789226308	0.999961627628908	1.0003348568136	0.999983177682918	NA
1.00014238507204	1.00102081979002	1.00022271236942	1.00017718551085	1.00117833236032	1.00039269637342	NA
0.999951866451342	1.00028554401141	1.00135062659863	1.00108543134526	1.00051584098375	1.00031571935532	NA
1.00151983018639	1.00439860642649	0.999915860296631	1.00131710327343	1.00034651920585	1.00039961545361	NA
1.0005113249939	1.00076234630327	1.00084739581668	1.00086139213662	1.00043401706168	0.999817102270602	NA
0.999777786652425	1.00018081889777	1.00000412254816	1.00003655927724	0.999866231941642	1.0001082919705	NA
1.00028553144516	1.00003856711864	0.999855876953643	1.00080293487836	0.999812779672413	0.999997573573808	NA
1.000156767201	1.00084846416025	0.99991766353997	1.00010993245882	0.999715128170008	1.00027791291819	NA
1.00197712278587	1.00333222682273	0.999978904288451	1.00050461983225	0.999929678151781	1.00083449698164	NA
1.00191843385501	1.00421975063762	1.00002011832638	1.00035168176094	1.00114141741891	1.00030781174672	NA
1.0020576365006	1.00101100745535	1.00024492430547	1.00110767226059	1.00015555708537	1.0004310642757	NA
1.00025684027956	1.00206754670629	0.999865291309038	1.00035673170545	1.00033386388677	1.00110154255923	NA
1.00183865081522	1.00714079083276	1.0005815812767	1.00010232039138	1.0008050931458	1.00020043246348	NA
1.0001656024779	1.00051749149839	0.999876924212906	0.999946879035815	0.999899442955867	0.9997739403102	NA
1.00051252568792	1.00058510704955	1.00039028668401	0.999870965788094	1.00036751841072	1.00127360225019	NA
0.999778599658979	1.00031695441954	0.999811400988494	1.00006683996332	0.999779251471698	0.99996242214285	NA
0.999847534719497	1.00072029008674	1.00010925030874	1.00038859142807	0.999873732531323	1.00004068785358	NA
1.00081262748625	1.00064775422814	1.00017295376882	1.0002640825809	0.999825435889591	1.0007082424518	NA
1.00010881497251	1.00020108742565	1.0001403089882	1.00042046361999	1.00058114222878	1.00146621328193	NA
1.00278922219648	1.00008573946417	0.99981794284014	1.00043015726994	1.00056190102188	1.00032864144929	NA
0.999720509434537	1.00014953440018	1.0000515163615	0.999986613596301	1.00041929259477	1.00121067265875	NA
1.00032875752445	1.00013415083198	1.00047754698145	0.999986625134823	1.0003737400131	1.00072531778567	NA
1.00029323168483	1.00027608402203	0.999787838256353	0.99987741446113	0.999742835556684	1.00024320221396	NA
1.00024704123137	0.999963730034459	0.999756263649507	1.00152623003554	1.00002998547108	1.00099814549143	NA
1.00014066762001	1.00137344670512	1.00008787985232	1.00036675204234	0.99996889410678	1.00035526166923	NA
1.0020565179599	1.00165203343719	1.0005367185368	1.00242753460499	1.00106006282012	0.999961752756692	NA
1.00100373865837	1.00507186431933	1.00047494540916	1.00059809223467	1.00063888925979	1.00056649393266	NA
1.0006201713475	1.00028080739845	1.00004643671355	1.00054032017393	1.00131121541588	1.00054995868568	NA
0.999944059002333	1.00001039390535	1.00039000682155	1.00018551670654	1.00005703689535	1.00014445516819	NA
1.00030081631899	1.0004136427792	1.00040042053057	1.00069910478255	1.00006725494591	1.00065962864679	NA
0.999941190192802	0.999818389244682	1.00037531713823	1.00045439870578	1.00024942512155	1.00031757724572	NA
1.00074564577691	1.00105796203207	0.999836428021411	1.0002230019447	1.0012974188751	1.00041518933993	NA
1.00007016890681	1.0030775353174	1.0000933143539	1.00120134745207	1.00043618217237	1.00039180043819	NA
1.00076971216018	1.00101294840605	0.999715071981024	1.00045559058449	0.999895810750399	0.999906638793385	NA
0.99990417539205	1.00090852970785	1.00035614667563	0.999994972387155	1.00016671698112	1.00065380745726	NA
1.00044702696264	1.00013217381059	1.00018875565568	1.00130257027894	1.00017229940444	1.00014902084814	NA
1.00162607818297	1.0004408569083	0.999798085985556	1.00064100757951	1.00106855787901	1.00012326385292	NA
0.99985124398936	1.00078543761927	0.999826802231963	1.0005943954657	1.0003514885645	1.00065864248395	NA
1.00008175324566	1.0013738515809	1.00024145705914	1.00033961544834	1.00069876893589	1.0002577093059	NA
1.00164755969612	1.00006765274082	0.999867737995495	1.00006649292346	1.00014933253446	1.00016862279126	NA
0.999984303059159	0.999936973785604	0.999786732441476	1.00008268892762	1.00160741607977	1.00035623302857	NA
1.00049640642624	1.00061828150838	1.00003152538314	0.999967788140228	1.00062542625738	1.00047883399347	NA
1.00080498807502	1.0002381071987	1.00010407118455	0.999815214822013	1.00065524340267	0.999874457786156	NA
1.00102311578423	1.0008729779394	1.00064354007551	0.999877340527236	1.00143675346226	1.00013770287362	NA
0.999930228291669	1.00025486040636	1.00050095547544	1.00005476407269	0.999985972257723	0.999759907478184	NA
1.00033751186158	1.00098875971132	1.00024062588754	1.00062593974006	1.00050196124293	1.00038677424911	NA
1.00304283013509	1.00177757895946	0.999872771709699	1.00042412541357	1.00035989218596	1.00001919772647	NA
1.00088199694827	1.00207286745285	1.00056010980691	1.00005703296389	1.00045543865558	1.00020299181749	NA
0.999809614629135	0.999841530535932	1.00010800440752	1.0003167023184	1.00042985106202	1.00012416575279	NA
1.00035713588369	1.00159860115107	1.00035391943814	1.0002816955142	1.0004633147773	1.00008488852985	NA
1.00088318854316	1.00092217159443	0.999824755752366	1.0001135661019	1.00038336902881	1.00087458393238	NA
1.0000613516483	1.00095412545678	1.00015003874262	1.00005645890012	1.0007441701826	1.00081436630325	NA
1.00058835620872	1.00040540437237	1.00009907109682	1.00139188167591	1.00012073324559	1.0001137031032	NA
0.999856432947349	1.00033546057593	0.999905841947172	1.00033212730972	1.00043037368602	1.00109102101582	NA
1.0005522893524	1.00049595692899	1.00024068751266	1.00085499653895	0.999917013990661	1.00020391354238	NA
1.00083468990061	1.0037991903513	1.00150524826396	1.0000130725964	1.00012664848355	1.00040551500836	NA
1.00107905899221	1.00162686296772	0.99979769953846	1.00056750208953	1.00057675577308	1.0004669137308	NA
1.00015886038425	1.00011285370938	1.00023534254978	1.00035039305164	0.999819030639443	1.00015740266614	NA
1.00036797514249	1.00106381840239	0.999726180237033	1.0012193074499	1.00032239466578	0.999654366717172	NA
1.00338904504212	1.00151957466473	1.00012326308468	1.001095395498	1.00030247645807	1.00056667004727	NA
1.0020685946078	1.00085327217973	1.00005474181979	1.00050228207054	1.00023328218963	1.00010301397453	NA
0.999780643718328	1.00065890907046	1.00000793538553	0.999926541928723	0.99986322681811	0.999892524228591	NA
1.00156534193461	1.00060522168606	1.00007888818449	1.00160745781001	1.00020525410291	0.999952195086444	NA
1.00002653189234	1.00046797515604	1.00022809237135	1.00020555771912	1.00002711551763	1.0002129507297	NA
1.00031536018235	1.00265840704844	1.00037250072486	0.999966043397305	1.00035844278685	1.00006434303448	NA
1.00031709581689	1.00078537607547	1.00018114009012	1.00011273411094	0.999727839119187	0.999984195877725	NA
1.00113959627078	1.00292938743221	0.999898243262273	1.00113961558902	0.999909987770544	1.00040667689458	NA
1.00148524348006	1.00062093565365	0.999853229297604	1.00080755601138	1.00096765551646	1.00099532529193	NA
1.00187354091332	1.00183459406617	0.999856404164412	0.999727072474339	1.00083540240776	1.000447976965	NA
1.00143883352911	1.0000279481662	1.00018910579025	1.00000244366812	1.00021239499933	0.999948350248662	NA
1.00012860073107	1.00074075731285	1.00018893432144	1.00001847423005	0.999780089892402	1.00030943728759	NA
1.00066011539495	1.00061322693806	1.00040372475789	1.0006276163876	1.00032034348731	1.00032204109898	NA
1.00100110765523	1.00257612080221	1.00053355420082	1.00241008665305	1.00009385683523	1.00022441285814	NA
1.00031404874225	0.999703301753913	0.999887581646796	1.00051971295059	1.00036984664101	1.00015654656727	NA
1.00053323765231	1.00047186887145	0.999978424960527	1.00043217029776	1.00165997166452	1.00025509048738	NA
1.0000316678529	1.00035677508308	1.00001496505756	1.00045277814174	1.00061439509975	1.00033530394506	NA
1.00071672021369	1.00012939304247	0.999991293883648	1.00023123974963	1.00014208130683	0.999802058970504	NA
1.00052993938905	1.00004132573066	0.999994882656363	1.0007190787857	1.00027653541786	0.999849890575113	NA
1.00214885712081	1.0024031512456	1.00031004067356	1.00090572028915	1.00033442884502	0.99990803534123	NA
1.00298757970034	1.00080731338695	0.999884167247994	1.00017442773915	1.00049054532671	1.00088146950556	NA
1.00030929894721	1.00046370307947	1.00059487456455	1.00065063484048	1.0000030298236	1.00038233060071	NA
0.999824146469189	0.999747577719761	1.00099046120216	1.00070269022951	1.00073109548714	1.00015588475252	NA
0.999899795893912	1.00028131280018	1.000573227314	0.999960360955346	1.00013587391147	0.999868687469059	NA
0.99994377710915	1.00006777040904	1.00038720929244	1.00032199383662	1.00122601849363	1.00031721141658	NA
1.00151167085297	1.00055181891009	1.00044347059233	1.00004346401143	1.0010031551888	0.999922115919499	NA
1.0003856518757	1.00101794974204	0.999928838107823	1.00064099950832	1.0023045317684	1.00012510282933	NA
0.999824448320638	0.999800466425261	1.00066236126415	1.00025040982858	0.999870460612628	1.00002134736697	NA
1.00049750094637	1.00007287726992	1.0005965011559	1.00100477760133	0.999985272135082	1.0001345203369	NA
1.00027400841311	1.00046382635713	0.999948060531728	1.00059237092597	1.00022702507046	1.0007005943312	NA
0.999940208368638	1.00011251398712	1.00004094858436	1.00011731224652	1.00035552280864	1.0010347707691	NA
1.00193280981498	1.00061201982828	1.00052631490768	1.0013793306991	1.0006869592427	1.0004336439554	NA
0.999865569956683	0.999882146021437	1.00009397230747	1.00026536087458	0.999760186660256	1.0009321226518	NA
1.00007571460764	1.00085663260293	0.999927656599147	1.00146936256329	1.00054231656657	1.00045169553917	NA
1.00076195375879	1.00299164059634	0.999713696784034	1.00205744357194	1.00058905308362	1.00042104091611	NA
1.00043266270397	0.999941933768428	1.00045715933554	1.00125574907882	0.999992465416985	1.00007814044776	NA
0.999962255520562	1.00025026315029	1.00029955747407	1.00010833954192	1.00010754130808	1.00058808129059	NA
1.00123058043442	1.00026482036535	1.00010818741006	0.999892034810645	0.99983396747169	1.00077126731999	NA
0.999900643219834	1.00033873453706	1.00046301263376	1.00082530382476	1.00007613321479	0.999985666975284	NA
1.00344674420723	1.00105743504655	1.0000137556917	1.00169566276375	1.00083878853534	1.00107649868947	NA
1.00061401711994	1.00003756978177	0.999981091608261	1.00079816933078	1.000140864069	1.00018356276244	NA
1.00042820028329	1.00013537348895	1.00038143781304	0.999993806786608	1.00079441700004	1.00027212474808	NA
1.00282167329462	1.00097255441914	0.999922006511078	1.00055791474897	1.0003285526609	1.00139049447455	NA
1.00017438487302	0.99985278334065	1.00001182987094	1.000384101356	1.00002479037987	1.00001430117319	NA
0.999860911520555	0.999974068904037	1.00020389975135	1.00116748265315	1.00021684901685	0.999926023345725	NA
1.00058592646563	1.00186904592526	1.0001929733752	1.00016026543697	1.00007038533255	1.00078184434585	NA
1.000619034443	0.99985756750134	1.00093042170258	1.00083709276874	1.00059263620489	1.00089982244951	NA
1.00044254669912	1.00125103777001	0.999798224783229	1.00133298496377	1.00031557841532	1.00015616324464	NA
1.00054969693342	1.00217078827846	1.00144747638931	1.00016305374248	1.00094909870678	1.00029008156003	NA
1.00040623507558	1.00085047493275	0.999835348538472	0.999918441381459	0.999954311093704	1.00066314261189	NA
1.00077408770363	1.00150820360953	1.00000782729962	1.00042216268823	1.00003838687152	1.00001716956209	NA
1.00067866252863	1.0007559009425	1.00023800731731	1.0009334751908	1.00052328397365	1.0022317642836	NA
1.00040770281657	1.0000072698143	1.000278532497	1.00111181771245	1.00002353242773	1.00035973258177	NA
0.999837098739068	1.00026019270347	0.999712519300496	0.999929926399814	0.999836751154056	1.00021868539559	NA
1.00154358299495	1.00032446366661	1.00033706765665	1.00004702908718	1.00043476248591	1.00035491445626	NA
1.00069348878246	1.00057215130587	1.00021873277172	1.00084065398595	1.00047660130696	1.00093634941269	NA
1.00229932918523	1.00130718993077	1.00026432213276	1.0017157097712	1.00012533452988	1.00118131467871	NA
0.99967476878004	0.999863605392457	1.00031845998151	1.00011434942592	1.00009581042501	1.00050832718527	NA
1.00035171660971	1.00151749858319	0.9999463235467	0.999966838518734	1.00144585467077	1.000312927655	NA
0.999741863427644	1.00025818747239	0.999793438421415	1.0005640783063	1.00047441934685	1.00037911647076	NA
1.00055615485904	1.00024849449668	0.999894043582949	0.99990379481883	1.00030364055346	1.00096670162764	NA
1.00254544138287	1.00377233278133	1.00035076376516	1.00002444926965	1.00155601280584	1.00014408441015	NA
1.00042978154819	1.00129925078549	1.00001928987098	1.00113133129079	1.00000315158347	0.99992838019185	NA
1.00086317386747	1.0005088318594	0.999730932817829	1.00038410145073	1.00100148441462	1.0006804602361	NA
1.00087956561076	1.00187684840376	0.999736737588082	1.00077657307588	1.0003750253304	1.00028796982419	NA
1.00304111916564	1.00323145475725	1.00059929486962	1.0009331124634	1.00071392882576	1.00034099860084	NA
0.9999446354613	1.0002002370471	1.00013705799589	1.00096314904922	1.0002661537494	1.00032228722992	NA
0.999814162292422	1.00047111334551	0.999947906596422	1.00018281054886	0.999916156554317	1.00008326455761	NA
1.00002942349924	0.999940418313263	1.00010416404294	0.999790415680244	1.00157614599532	0.999833071619336	NA
1.00024310228521	0.999867589265644	1.00005043237182	1.0011472491806	0.999785814063865	1.00019553942922	NA
1.00020035311364	1.00002483231327	1.00024684363489	1.00017852399776	0.999960577412007	0.999853031871849	NA
1.00048920888896	1.00008287601722	1.00000987991387	1.00065935149555	0.999930512774656	1.00003141139346	NA
1.0006808617243	1.00011645822818	1.00036677915425	0.999720163101804	1.00037515916159	1.00045663500474	NA
1.00070832065312	1.00113967583116	1.00062127818065	1.00064891177197	1.00043537408922	1.00016591949923	NA
1.00150391246087	0.999938293358607	0.99995595500693	1.0006027312123	1.00045840436049	1.0004844485423	NA
1.00019131660285	1.00077688860262	0.999951951124475	0.999862251912799	1.00001919595297	1.00005989913523	NA
1.00095484848477	1.00383177756305	1.00005350356085	1.00007166993413	1.00021763802806	1.00030855383573	NA
1.00067171229556	1.00046069638413	0.999797068603524	1.00111907219166	1.00025858097333	1.00055415022573	NA
1.00050817702844	1.00010696318161	1.00011069547309	1.00004013642947	1.00023632710222	0.999974702034428	NA
0.999793281445002	1.00007615840057	0.999888578146495	1.00004589477994	1.00051366902059	1.00016676612373	NA
1.00088273749142	0.999891365168185	1.00009880814268	1.00017023534038	1.00070176317953	1.00029245911702	NA
1.00046558600733	1.00084830941769	1.00000378790139	1.00051003609415	1.00033593555328	1.00034299498627	NA
1.00028432532505	1.00027185495073	0.999983172442668	1.00023632182636	1.00015919073936	1.00016567435016	NA
1.00005914686949	1.00251052777791	1.0008878887822	1.0003780971331	1.0001511536535	1.00034243822913	NA
1.00051223722209	1.00086423850186	1.00039380608239	0.99996935915531	0.999957225043453	0.999660516484076	NA
1.00093998697625	1.00226393630796	1.00044344600573	1.00071153384524	1.00100921849092	1.0000624904263	NA
0.999717896321881	1.00071314470315	1.00010419991379	1.00007950397402	1.00069984865592	0.999993013887648	NA
1.00518191172632	1.00186439960335	0.999672803160785	0.999916743423751	0.999988777938247	1.00007997515936	NA
1.00013119141011	1.00028097036165	0.999883668201487	1.0003464641933	1.00008641587432	1.00035307120028	NA
1.00127542961447	0.99983787826481	1.00014492184209	1.00019946928585	1.00002844257932	0.999935571946099	NA
1.00007892491739	1.0000900743602	1.00038511077697	1.00119704799026	0.999763254482086	1.00049342841484	NA
1.00117381972632	1.00000142946024	1.00037779620188	0.999868517510024	1.0003159947627	1.00020480969877	NA
1.00054614116294	1.00169825495827	1.0001760348924	0.999964242592638	0.999771173480788	1.00072493690273	NA
1.00061806312579	1.00071967214611	0.999989079116584	1.00008988563856	0.999695719436686	1.00082705086135	NA
0.999975450245788	1.00044767834688	0.999920999482125	1.00011022963594	1.00128231150798	0.99990015893788	NA
1.00199269624405	1.0011761297677	1.00020748019079	0.999933808765038	0.999981493188779	0.999889293555913	NA
1.00037428282134	1.00345619969209	1.0004860327308	1.00125279743146	1.00154765416991	1.00015562702508	NA
0.999999186604869	1.00080302305666	1.00009595184995	1.00059823974368	1.00131557591063	1.00001920452517	NA
1.00292088680645	1.00022119829026	0.999876349053772	1.0003746978515	1.00105463449854	0.999857462963573	NA
1.00088459832049	1.00027976584102	0.999875545703344	1.00004117113892	1.00056041050504	1.00005646851776	NA
0.99993662854285	1.00048011776405	1.00007047467448	1.00047341149058	0.999856634763885	1.00059593287941	NA
1.00027946655568	1.00002015039912	1.00002862761622	1.00193761448999	1.00064828380937	1.00051223086066	NA
1.00533053861306	1.00075819322411	0.999764149126337	1.00066978364647	0.999870683238558	1.00108184809461	NA
1.0000192239942	1.00012891570025	1.00023163174121	1.00008186834976	0.999951632520805	1.00081023296225	NA
1.00049554917145	0.999804187297129	1.0003437718608	1.00027235711354	1.00009919818669	1.0006456750676	NA
1.00036887909086	1.00097403982151	1.00049384858839	1.00035776853855	1.00042855913762	1.00040667053257	NA
1.00110099130464	1.0005112462251	1.0000217374349	1.00044989937443	1.0005111923356	1.00080447769283	NA
1.00128414455192	1.00023748055773	1.00026845825108	1.00053546506849	1.00063544788479	1.00031070399241	NA
1.00139778655039	1.00081166190579	0.999973839019053	0.999941464697108	1.00047040220034	1.00124345589787	NA
1.00074049372671	1.00074100495764	1.00133673745392	1.00076909857759	1.00080581328977	1.00081869265944	NA
1.00016970523878	1.00102779354907	1.0000719632079	1.00016646942925	1.00026201900841	0.999787385852159	NA
1.0006116639442	1.00027536755435	1.00010857325395	1.00080583587932	1.00050314206187	1.00095446951857	NA
0.999892786595639	1.00014707877949	0.999806637764191	1.00120638963079	1.00027725812032	1.00028648851371	NA
1.00002401760055	0.999930071666587	0.99996809376815	1.00018296813686	1.00018361177652	1.00020778924591	NA
0.999762693934906	1.00021472583511	1.00000477903425	1.0001182394147	1.00007519228591	1.00074882612946	NA
1.00199380834998	1.00530733280361	0.999931220678262	1.00091940823455	1.00074713818964	1.00117718798706	NA
1.00022219024694	0.999881861846386	1.00004290257378	1.00022814664034	1.00022660047569	1.00035127367179	NA
1.00028613584207	1.00034320828342	0.999915434139431	1.00121055343584	1.00055524312379	1.00014643905003	NA
1.00040700840119	1.0007150329822	1.00009840495153	1.00038523323774	0.999794492022275	0.999817165741042	NA
1.00031932909614	1.00052416514949	1.00037843223493	0.999907920763658	1.00052675686385	0.999785996742622	NA
0.999909436880541	1.00004126849147	0.999991706596253	0.999977591898105	1.00034574584608	1.00079198633335	NA
1.00036277125432	0.999831756125278	0.999774178509947	1.00020789676419	1.00113196801378	1.00008947038396	NA
1.00027120483805	1.00052616815083	1.00030533911799	1.0002375760994	1.00051770412558	1.00151830147751	NA
1.00170583426275	1.00594218990744	0.999818612066391	1.0002557933233	0.999862136900617	1.00034414183215	NA
1.00114905643977	1.00092989057793	1.00006426888968	0.999752139956988	1.00035913982594	1.00055336632635	NA
0.999893107559958	1.00199466169768	1.00006380132195	0.999971350172484	1.00053159767879	1.00092779151147	NA
0.999902364256046	1.00069155334663	0.999858679890151	1.00043491691137	1.00017002927367	1.00051342766304	NA
1.00057582876166	1.00029211754179	1.0000821462996	1.00081337885198	1.00012095879011	0.999904497465874	NA
1.00066110107263	1.00033328149479	1.000543601469	1.00082119112904	1.00009486003597	1.00036939009528	NA
1.00022801916188	1.00071374932952	1.00027308975405	0.999931376908313	1.00014235812356	1.00057808922566	NA
1.00169345074252	1.00056164985132	1.00014993688197	1.00017961938659	1.00007136102301	1.00090443499515	NA
1.00017208932794	0.999982130585937	1.00067502290523	0.99977441782348	0.999896359910082	0.999952234761814	NA
0.999994465982029	1.00040187790958	0.999854923211335	1.00054230542692	1.00033665660335	1.00032848352579	NA
1.0007398069194	1.0001250490147	0.999857782326082	1.00070074144081	0.999997065263271	1.00030332234537	NA
1.00035901739287	1.00125940062497	0.999813428435325	1.00055277536265	1.00051777836897	1.00031165411649	NA
1.00017146652901	1.00037034114867	0.999946337637567	0.999711469142002	1.00103852765678	1.00059559990992	NA
1.00005586535519	1.00081454466683	0.999958659330503	0.99996896151141	1.00085408751756	1.00018991622596	NA
1.00011237238625	1.00075167053889	1.00017605356226	0.99993447372479	1.00022327823418	1.00047906379863	NA
1.00044996229419	1.00194174836849	0.999960212773054	1.00021374622666	1.00024351102625	1.00007863185523	NA
1.00014170512948	1.00118185763542	1.00003827552378	1.00216241243668	1.0000890271449	1.00002579498441	NA
1.0002158949577	1.00026168854144	0.999782748185502	0.99975062140909	1.00093632117375	0.999855813991124	NA
1.0001179154074	1.00079987806259	1.00036443412434	1.00013325371944	1.00010108179199	1.00001443828259	NA
1.00129881196603	1.00178204573786	0.99974254339294	0.999871193258007	1.00036777056405	1.00073139811552	NA
1.00024829732994	0.999839934204657	1.00024666878703	1.00051348873547	0.999827227112018	0.999977100119172	NA
1.00078962636256	1.0000027463825	1.00113660862691	0.999946249081921	1.00025801650881	0.999773738880446	NA
1.00051845837845	1.00040447933629	1.00048143000489	0.999972859131248	1.00005838882488	0.999816337306076	NA
1.00028775231103	1.00040835954267	0.999907886356996	1.00084500355866	1.00040933277348	1.00017118729694	NA
1.00089081755693	1.0025292601654	1.00016461017161	1.00025887360314	1.00052222131945	0.999846458104201	NA
1.00110564698348	1.00095670214696	0.999915363732718	1.00073342009964	1.00098326487341	1.00063664363208	NA
1.00072870676756	1.00104980312564	0.999881386056051	1.00045788931886	1.00041021214863	1.00009408469988	NA
1.00013271862608	1.00012233515722	1.00008445152046	1.00061607535331	1.00057670846873	1.00006500402852	NA
1.00075417323881	1.00148011934238	1.00011781849596	1.00043692132623	1.00003484209013	1.00059853060202	NA
1.00116060780042	1.00300255134264	1.00044507071913	1.00033354883257	0.999751494348123	1.00026959423525	NA
1.00034550523063	1.00040704277708	1.00030758938533	1.0002809833002	0.999826647655068	1.00035017363022	NA
1.0001448446943	1.00053653305251	1.00009755155726	1.00044894522275	1.00053723959066	1.00006625115681	NA
1.00248689049232	1.00166378827999	0.999869828766521	1.000398822201	1.00043042536428	1.00020976955008	NA
1.00038708093696	1.0054947669089	1.00068477147972	1.00000093040446	1.00071817958986	1.00034051355799	NA
0.999960901656976	0.999715775842086	0.999924677089341	0.999814314303779	1.00019668856962	0.999872037962746	NA
1.00005137587378	1.00042561502998	1.00047249902464	1.00044230153633	1.00050174723286	1.00027925204843	NA
1.00023721978625	0.999984667176391	1.0001250389832	1.00033068305431	1.0002506578158	1.0002975902447	NA
1.00037488406795	1.00254862640814	0.999722244093718	1.0001697910755	1.00004661881375	1.00014101295694	NA
1.00041782586274	1.00052709208739	0.999763478399196	0.999826988242165	1.00022659663011	1.00109339237611	NA
1.00045086081138	1.000181227227	0.999807080678629	1.00006186224473	1.00012746696732	0.999945339844234	NA
1.00103847658144	0.999990343125497	1.00020596130122	1.00030180557013	1.00072471791077	1.00037778312499	NA
0.999889431549876	1.00073640927075	0.999930808753665	1.00048460635482	0.999835061340561	1.00011902793027	NA
1.00102266190963	1.00068650509474	0.999716216623841	0.999888011788229	1.00102937099607	0.999988580399894	NA
1.00032781712377	0.999911859203384	1.00031853898153	1.00014096303296	1.00036675122364	1.00000084459435	NA
1.00014557852431	1.00039044449586	0.999876498007956	1.00034708864586	0.99991478045622	1.00012966258432	NA
1.00189323656577	1.00044670530478	1.00082788418574	0.999897355042871	1.00059022366494	1.00041534838907	NA
1.00026313940536	1.00011163243225	1.00050127961422	1.00053083898937	1.00012145442521	1.000640090238	NA
0.999900599613321	1.00062053811794	1.00045161441692	1.00061273996431	1.00005671992554	1.00035565329533	NA
1.00002192001226	0.999962454934172	1.00027946599981	0.999897083574071	1.00018974652891	1.00004041504853	NA
1.00051742312139	1.00003140387764	0.999892422272443	0.999895790617139	1.00086164873323	0.999812521644078	NA
1.00002323678591	1.00030755951786	0.999936871754889	1.0001135778086	1.00029232385417	1.00011818997266	NA
1.00084639634539	1.00318168023636	0.999892834622072	1.0005340058493	1.00006886050362	1.00112657082644	NA
1.00131129227408	1.00115011452212	1.0001349923561	1.00120243727008	1.0007571144271	1.00078852227411	NA
1.00022043661427	1.00129774575767	0.999727091418329	0.999907069437645	1.00021303717393	1.00062785782834	NA
0.99984055459474	0.999793637535229	1.00021976754173	1.00069715383673	1.00035746046014	1.00089026827887	NA
1.00000085073772	1.00030273520921	0.999929264185942	1.00003577820071	1.00014103843258	1.00054208143999	NA
1.00003589951218	1.00055033226182	1.00045735542836	1.00027551281749	1.00108978782031	1.00055054429897	NA
0.999810700167226	1.00002830512422	1.00078262411908	1.00017044605922	0.999925683096568	1.00010868675491	NA
1.00016790390633	1.00100053347334	0.999797035181119	1.00025393855194	1.0000535945045	1.00025510492249	NA
1.00072418405574	1.00047976392362	1.00004564587032	1.00076036842594	1.00008156047376	1.00028706090647	NA
1.00002348058265	0.999777720371385	1.00025705237691	1.00110850133157	1.00117581234357	1.00032403464861	NA
1.00104549300423	1.00182102458358	1.00010722714243	1.00021792158503	1.00158769364772	1.00011739894707	NA
1.0012929060589	1.00141925626706	0.99986666716452	1.00031812036199	0.999915955163491	0.999904931419105	NA
1.00027956594925	1.00119104417417	1.00020996500377	1.00026672995807	1.00009788751489	0.999993244344357	NA
1.00180594195734	1.00280687386518	1.00020443854508	1.00046410707736	0.999853048108727	1.00045218541615	NA
1.00044844884144	1.00112725538111	0.999715751242659	1.00042451895412	1.00040818145333	0.999966649906481	NA
0.999914714030314	1.00062641425756	1.00032409633791	1.00065421570272	1.00033540384398	0.999638296860784	NA
1.00166934272215	1.00058999939184	1.00021298494411	0.999938208768781	1.00046488428276	1.00104052558477	NA
1.00127298026629	1.00003750953192	0.999901620045959	0.999969715419802	1.00064962214794	0.999917240390509	NA
0.999991018692072	0.999957537439146	1.00001265791027	1.00040016597423	1.00052444475431	1.00008521223272	NA
0.999957077553845	1.00010057606663	0.999728615419539	1.00006232463088	1.00072601316878	1.00077382073687	NA
1.00106603601611	1.00069882334327	1.0001981012623	0.999833979988937	1.0003302618732	0.999829444605426	NA
1.00177508824236	1.0005725628921	0.999848397942051	1.00083683253302	1.00084967958931	1.00006268140287	NA
0.999978881124159	1.00056439662002	1.00008385442557	1.00031145840544	1.00051450777805	1.0005236841977	NA
1.00047244267407	0.999727612633625	0.999918783832837	1.00071184512011	0.99999271144896	0.999897957241537	NA
1.00015746113182	1.00034656360792	1.00026235253291	1.00048777022298	1.00034434210614	1.00004012185968	NA
1.00065070535609	1.0005111350407	0.999825592140295	1.00077544101644	1.00013829404361	1.00069001927434	NA
1.00487343923414	1.00127337908073	1.00076425290778	1.00032633398267	1.00028713820264	1.00018495904287	NA
1.00003580727022	1.00002280184431	0.9998358404353	1.00014754780126	1.0003055430429	0.999931514491081	NA
1.00039628869125	0.999858982058172	1.00074476879761	1.0004491796711	1.00071141320007	1.00045933097686	NA
0.999704205546659	1.00027762298742	0.999902741975728	0.999980389802188	1.00037142532436	0.999787146027787	NA
1.00119102520204	1.00060696840724	0.999699402827657	1.00125095522171	1.00109283629357	1.00152421687449	NA
1.00028093364855	1.00120490185436	1.00022016056906	1.00032251318763	1.00042757241065	1.0001351978118	NA
1.00080298438225	1.00083081990089	1.00037712049112	1.00045598241749	1.00060541984789	1.00040941922192	NA
1.00073336380688	1.00259041455247	1.00038122552855	1.00021506970901	1.00061694894548	1.00040376913008	NA
0.999780348175372	0.999869150933873	0.999830714525309	1.00040675646976	1.00002546176588	0.999820061531276	NA
1.00136102163256	1.00094181272466	1.00007316300944	1.00067575153907	0.999837769867209	1.00070009205623	NA
1.00035091617115	1.00041455618284	1.00011136857106	0.999983670803735	1.00023791431782	1.00036643256685	NA
1.00126542575822	1.00055604080949	1.00009222323352	1.00112490515576	1.00008066981205	1.00027177228636	NA
1.00122160427694	1.00080524596029	0.999750232750091	0.999890608803823	1.00041267002491	1.0012447996291	NA
1.00161880230851	1.00023499048473	0.999993238556558	1.00056676926156	1.00027608203876	1.00114104754111	NA
1.00039765121815	1.00083457276113	0.999955491338917	1.00037236410376	1.00031825972699	1.00046765406082	NA
1.00067794246893	0.999810512085902	1.00032609924785	1.00055294226996	1.00009414775687	1.00003857763364	NA
1.00020419471124	1.00013430170739	0.999965244859557	1.00007361082823	1.00116953886249	1.00010117726811	NA
1.00050402113339	0.999794490802914	1.0005192726396	1.00027321784648	1.00012097389837	1.00077910906744	NA
1.00000721649106	1.00049370886461	0.99986506007275	1.00036204538781	1.00061789233459	1.00014914112928	NA
1.00007699176388	1.00032971131726	1.00011555027655	1.00074898672093	1.00043913972941	1.00028263086574	NA
1.00143769875677	1.00743737503501	1.00035946792577	1.00037250364114	1.00021094720446	1.00039030232439	NA
1.0015746559085	1.00018103879594	1.0001990826315	1.00078729213645	1.00009007771194	1.00007948392722	NA
1.0016085151181	1.00286092230788	1.00045260754161	1.00024696938353	1.0002122625599	0.99999535095018	NA
1.00030486070347	1.00125561533125	1.00064372528253	1.00019322121506	1.00040361781316	0.999862032696086	NA
1.00015903710421	0.999975464620935	1.00001502608555	1.00025281594771	1.00037506807851	1.00027905921935	NA
1.00050389203724	0.999860796182499	0.999819375856434	1.00047501245155	1.00015622061727	1.00018487796617	NA
1.00006744258661	1.00038226336792	1.00019610701138	0.999898396929929	0.999909339967213	0.999760755307867	NA
1.0006143473574	0.999929767597366	1.00004948144877	0.999822230716714	1.00005136769197	1.00023086287658	NA
1.00043151927448	1.00003967493475	1.00049082508277	1.00035553288114	1.00032093518789	1.00059473093106	NA
1.00013859823015	1.00089282058526	1.00005902849283	1.00105119955036	1.0002207257586	0.999971105010886	NA
1.00013471950937	1.00705921193508	1.00067202081319	1.00009831783575	1.00021596630585	1.00036659048702	NA
1.00318000400351	1.00344802951599	0.999947001550581	1.00024213669637	1.00001550473087	0.999973670179957	NA
1.00067477784449	1.0004605561866	0.999820913100723	1.00020599919476	1.00008169188612	1.00114325034813	NA
1.00070361692308	1.00067730326869	0.999933889305027	1.00129044842734	1.00021984704106	0.999924283779286	NA
1.00027127524352	0.999827758102202	0.999947762624533	1.00080152629939	1.00104290192986	1.00072772745453	NA
1.00033416119305	1.00190100312807	1.00003447189309	1.00008490313264	0.999880850838354	1.0010257455738	NA
1.00121713434013	1.00186169777374	0.99995506744279	1.00044074935884	1.00116191437833	0.99993659940146	NA
1.00013102054886	0.999790117382564	0.999786817822608	1.00106365913861	1.00093042659208	1.0002678689724	NA
1.00008032652106	0.999734686065046	1.00058038099055	1.00088726581688	1.00022816498216	0.999913704442699	NA
1.00051883879715	1.00018059829729	1.0003608561186	1.00002557175069	1.00053509458264	0.999908128150172	NA
1.0006137168483	1.00097220100182	1.00008661468329	0.999856694415724	1.00035209116298	1.00007787570413	NA
1.00009989459058	0.999876516125108	0.999849937299895	1.00043252317244	1.00058626022532	1.000682754552	NA
1.00057106453675	1.00026381062157	0.999956354677732	0.999973355908947	1.00019178346263	0.999817030631742	NA
1.00050708701474	1.0000784815986	0.999903429941751	1.00003014201805	1.0007591563224	0.999807742322441	NA
1.00018292279268	1.00042657677092	1.00047407782934	1.00028027292397	1.00006812700552	0.999909518766755	NA
1.00099088149082	1.00086776136901	1.00015425579268	1.00235391879481	1.00007653357803	1.00056105009459	NA
1.00001752341947	1.00049377183044	1.0001885806587	0.99989072343066	1.00037146187672	0.999770527853782	NA
1.00086748017462	1.00054031586846	0.999790329666467	1.00041970409201	1.00013816243987	1.00060974579543	NA
1.00002660473251	0.999894477892784	0.999978934137158	1.00001817409659	0.999933388118895	1.00059901615498	NA
1.00061796889306	1.00039969511738	0.999963276143552	1.00077600540348	1.00094657247908	1.0001380700972	NA
1.00019235710325	1.00061092116373	0.99975023512648	1.0008554258994	1.00025741113447	1.00015136017219	NA
1.000502824886	1.00051528815431	0.999855521241704	1.00037591903118	1.00034379998449	1.00025239794955	NA
1.00006919884557	1.00046534774079	1.00004711762052	0.99990981988773	0.999987783388155	1.00013307935051	NA
0.999890465020198	1.0006112086982	1.00007924815108	0.999869570284447	1.00053649635968	1.00055475932958	NA
0.999820816307109	1.00045869060474	0.999676961398181	1.00082208888529	0.99993716625634	1.00012650733072	NA
1.00008938848788	1.00118546975868	1.00060606872132	1.00006387889867	1.00009047656717	0.999939724052388	NA
0.999853810978111	1.0004235395688	1.00016041897843	1.00016971130763	0.999993540724438	1.00023989160673	NA
1.00021062227975	1.00226186636311	1.00035854573649	1.00136790963862	1.00017548661552	1.00233039286669	NA
1.00025790383456	1.00013596137693	0.99979189105475	1.00099974963536	1.00000836142817	1.00041137726571	NA
1.00094533341582	1.00176706887281	0.999853857982491	1.00054198546262	1.00022289385776	1.00031337483545	NA
1.00047266088056	1.00155162330655	0.999969442402406	1.00083710321372	1.00021419053438	1.00044247290385	NA
1.0002801740436	1.00038003038506	0.999736361898949	1.00045467095711	1.00097403900395	1.00027765613836	NA
0.999928063794774	1.00123134800398	0.999889578320847	1.0002287087182	1.00040745040333	1.00033668053428	NA
0.999832747679702	1.00001415670662	1.00038472242789	1.00053757153001	1.00042463583488	1.00057199557242	NA
1.00115180000161	1.00207850961465	1.00067757977656	1.00105227587407	0.999890536150085	1.00013079772045	NA
1.00014900269391	0.999965512530984	1.00001182089078	1.00006213490626	1.00050610332597	0.999822161038346	NA
1.00121344180307	1.00031029357958	1.00003088626336	0.999926802675892	1.00020734021809	1.00003667935773	NA
1.00202606024567	1.00002401680699	0.999901703487834	1.00028133338176	1.00039161210194	1.00000275199727	NA
1.00068516886931	1.00101666216852	0.999790871422973	0.999722573492819	1.00066901254498	1.00056970798476	NA
1.00042560321937	1.00001078945136	0.999891566245892	1.00015259221857	0.999975105222399	1.00032006040241	NA
0.999899519185651	0.999895838486868	1.00026101332352	1.00092772864926	1.00066040487903	1.0002770617233	NA
1.00012160533801	0.999947494366697	0.999919558372475	1.00031899930608	1.00031105604159	0.999937743244835	NA
0.999911404000394	1.00046759775101	1.00013444516528	1.00047831198513	1.00005674458532	1.00009784159712	NA
1.00036609065298	0.999953802987468	1.00097314158856	0.999661366548209	1.00125424291503	1.00027761315277	NA
1.00011192745422	1.00082874235409	0.999800770687395	1.00021021042236	1.00014958028905	1.00067408762408	NA
1.0006663318656	1.00099281853611	0.999771661496159	1.00016983486338	1.00009949976829	1.00150938784693	NA
1.00097955130245	1.00025377859494	0.999923984655059	1.00072521393882	1.00036150598088	1.00017766025336	NA
1.00121535183912	1.00124464865723	1.00035123960251	1.00067787103857	1.00043902252516	1.00135596581861	NA
1.00077346089389	0.999862456052192	1.00004641911261	1.00002192496504	1.00020371782685	0.999731823104582	NA
1.00013130287693	0.999791745433045	1.00045049430977	1.00004395433263	1.00038728312509	1.00032639462369	NA
1.00008996631831	0.999975583299556	1.0001924003834	1.00029875746515	1.00024512675567	1.00015300940429	NA
0.99990871303744	1.00005522617967	0.999785030527956	1.00011118387053	1.00029836950684	1.00006064799592	NA
0.999785128171505	1.00110572494008	0.999904352001655	1.00031811104932	1.00014578718796	1.00077151362091	NA
1.00089907165681	1.00184517659887	0.999837441730787	1.00117296811527	1.00047055167634	1.00107158657705	NA
1.00020076494597	0.9999531248545	1.00018711218004	1.00074475868825	1.00006890780952	0.999924456657672	NA
1.00026350694327	1.00006762175389	1.00037944904508	1.00057824284064	1.00061684203946	1.00034679113115	NA
1.00053783635932	1.00209723279239	0.999847051637568	0.999937503817871	1.00001138094169	1.00037332472718	NA
0.999875157184535	0.999840568322814	0.999972577706789	1.00089837573212	1.00123391904294	1.00047401765535	NA
1.00048038394035	1.00144137887747	1.00031219175282	1.00097224995792	1.00066241745872	1.00038908498762	NA
1.00029726688808	1.00000595406633	1.0001336150812	1.0003588894052	1.00030905713236	1.00017391255288	NA
1.00104805163968	1.00045366150577	1.00005726847651	1.00073283628027	1.00071096189238	1.00079927194117	NA
1.00051983300367	1.00126345923271	1.00024157220893	1.00149929733725	1.00064549471151	1.00000788415617	NA
0.999781326217665	0.999697901148109	1.00016931721538	0.999937517204633	1.00048083360892	1.00033222132249	NA
1.0009941325409	1.00065121439253	1.00057097095239	1.00025242380829	1.00092551365855	0.99990481543881	NA
1.00033729137317	1.00006513866579	1.00047156747377	1.0004588873733	0.999832185995885	0.999934591518164	NA
1.00126323440307	1.00081022812124	1.00022925621732	1.0011497534784	1.00119167852947	1.00066389040488	NA
1.00017163121827	1.00030277597407	1.00008223193536	1.00084086797862	1.00023355062192	1.00035548599396	NA
1.00059314611854	0.999924399400548	1.0002420713601	1.00059949543247	0.999856441078418	1.00055690901062	NA
1.00134962955267	1.00151265679405	1.0002033645998	1.00025168635933	1.00055691656255	1.00042640217054	NA
1.00312986031479	1.00393465176623	1.00009439840149	1.00050961762093	1.00018984375741	0.999698132470333	NA
1.00100434270869	1.00243551264375	1.00011895345093	1.00160409062412	1.0006885551734	1.00014977461111	NA
1.00076901094256	1.00081981714025	1.00080376027456	1.00097646065053	1.0003060979152	1.00066708688793	NA
1.0002715929887	1.00094859686135	1.00019097340342	1.0002509196138	1.00011172777481	1.00108885116656	NA
1.00032856172722	1.00003713576437	1.00010205656536	1.00053733244148	1.00037818446288	1.00043011990681	NA
1.00000053273554	1.00077782694597	1.00010485594563	1.00069337811465	1.00000034413022	1.00080565238589	NA
1.00038951784675	1.00058399643817	1.00036163322709	0.999827426963623	1.00015500834995	1.00008417728257	NA
1.00004176689706	1.00010970600785	1.00000915169091	0.999759488811621	1.00005565976681	1.00007198435864	NA
1.00200594468391	1.00131524224131	1.00016239493245	1.00013553667212	1.00076622693578	1.00047450633854	NA
1.00086386750877	1.00026167410213	0.999913630273469	1.00047450617892	1.00012869163662	1.00011195117441	NA
0.999860190908594	0.999753937573793	1.00061146763391	1.00017244681005	0.999976125910818	1.00057994090605	NA
1.00042617873824	1.00022950109458	0.999927044431824	1.00080617357417	1.00017544913783	1.00047624334406	NA
1.00012879903912	1.00111377555457	0.999853032910621	1.00071811750682	0.999945253045648	0.99997755357762	NA
1.00038504133439	1.00026061349224	0.999860346717592	1.00134258711451	1.00007065533632	1.0000051691529	NA
1.00035841524507	1.00069531894698	1.0001449697403	1.00089970209892	0.999802596441364	0.999815484514357	NA
1.00091874143496	1.00251606018478	1.00040815543553	1.0001993164209	1.00052391903622	1.00015708372816	NA
1.00048074210623	1.0006406602574	1.00000895096059	1.00076530942859	1.00052110264846	0.999961384523521	NA
1.00074528336706	1.00014786476856	1.00000580170444	1.00069801947911	1.00048390799805	1.00071597462294	NA
1.00011253484456	1.0009455138356	1.00009696329906	1.00057179292612	1.00000781696503	1.00035404883917	NA
1.000955964645	1.00110546526489	1.00048496216981	1.00039842867541	1.00029698389918	1.00070916836098	NA
1.0000390865499	1.00031395365485	1.00044243665444	1.00026866363901	1.00030629936025	0.999902522749555	NA
1.00047897874159	0.999796897891192	1.00022577461413	0.999764488194348	1.00009352095835	1.0006442490516	NA
1.00055071423005	1.00066668129411	1.00009142939646	0.999955252753845	1.00015611891738	1.00013166639555	NA
1.0001754232438	1.00065126119423	0.999982317962283	1.00024608684815	1.00049102027248	0.999706879159225	NA
1.0012154700929	1.00153814423286	1.0002058479149	1.00163878896227	1.00044760626418	1.0004297122617	NA
1.00109075141312	1.0000720666792	1.00071178046284	0.999971364756777	1.0006956708013	1.00037344649666	NA
0.99993148660033	0.999966910238212	0.999869305055292	1.00096878874828	1.00028977281043	1.00063576244347	NA
1.00023811769501	1.00029640697468	0.999950888764011	1.00055543888424	1.00021302505985	1.00019417457243	NA
0.999810521604478	0.99988052117238	1.00047440897312	0.999842348699357	0.999974113173585	0.999994187539927	NA
1.00014824310137	1.00039847712519	1.00030075871228	1.00027897887916	1.00096749524027	1.00010872596913	NA
1.00042990597414	0.999979146419003	0.999689301971831	1.0003882714717	1.00030672003464	1.00069610002888	NA
1.00009525360167	1.00194653620287	1.00007654699422	1.00134285369399	1.00106875973973	0.999926425261532	NA
1.00111166688811	1.00190792077682	1.00024717745527	1.00032077028568	0.999691566551183	1.00037709383645	NA
1.00081935920873	1.00049911726525	1.00013823175987	1.00064690564623	1.00013339227933	1.00000679774626	NA
1.00128156786603	1.00357517469266	1.00076250025287	1.00120135233997	1.00024040627325	1.0003714548466	NA
1.00113847225003	1.0013609422568	1.00002483417369	1.00060746425826	0.999986856558493	1.00066524560026	NA
0.999956848811874	1.0018922213592	1.00030801144448	1.00082830426702	1.00208146339095	1.00057578830779	NA
0.999931074735856	1.00087860959528	1.00059213253176	1.00054074577199	1.00097110328758	0.999974752734892	NA
0.999921687704897	1.00024044845259	1.00017214050943	0.999824414564781	0.99973543317459	1.0000102899662	NA
1.00010645138061	1.0015665710231	0.999881436384733	1.00073647216882	1.00033926042426	1.00010781280037	NA
1.00259478250439	1.00210834494691	1.00040866958466	1.00047377729271	1.00016712311319	1.00018304876063	NA
1.00072271958863	1.00221851944058	1.00064489074454	1.00113970714592	1.00036678685819	1.00069688623583	NA
1.0008065533251	1.00029997746875	0.99979447901427	1.00022326139945	1.00032725486564	0.999831509524919	NA
0.999856636144004	1.00081664536474	1.00011743621715	1.00028013772299	1.00074607314598	1.00039134533654	NA
1.00060241130877	1.00130253028333	1.00006319983734	1.00017877958482	1.00059270776765	0.999987187288622	NA
1.00007742409285	1.00059247244953	1.0002614916282	1.00018133988208	0.999722617877794	0.999787921058108	NA
1.00008935112974	0.99998157878878	1.00053879298155	1.00029153144823	1.00035513510407	1.00038302849592	NA
1.00047590151536	1.00019383186611	1.0000575411401	1.00020674267636	0.999642435216833	1.00013567827978	NA
1.00078307439824	1.00120637538838	0.999760973712646	1.00048993558783	1.00065009593171	0.999962587120142	NA
1.00034417903269	1.00027481118143	0.999894455954812	1.00061914549807	1.00029306282176	1.00008962336873	NA
1.00023127147504	1.00094143010562	0.999927750004063	1.0006034455686	1.00054084888344	0.99984618732455	NA
1.00220082437946	1.00133662263292	1.00027078533545	1.00021296875409	1.00029442522464	1.00053287008155	NA
0.999854263092847	1.00180348345163	0.999992138217713	1.00086575372351	0.999954625257823	1.00198025553847	NA
1.00034882055974	1.00255426586817	0.999647551376965	1.00045282396986	1.00045178105876	0.999914535269758	NA
1.00273896002442	1.0006706754973	1.00027750939845	1.00067718904536	1.00013125251122	1.00039160646417	NA
1.00075226125454	1.00041552774422	0.999994785116364	1.00034715619483	1.00005506051961	1.00001060231821	NA
1.00070427886963	0.999996881935207	1.00151400372009	1.00086340573934	0.999980906333018	1.00023033197997	NA
1.00066706478221	1.00013920901552	0.999752589803139	1.00000235407693	1.0008893596585	1.00016871108728	NA
1.00019142012772	0.999787918167652	0.999904721904972	1.00082435601759	1.00023659794322	1.00008049678589	NA
1.00158194349899	1.00175011010117	0.999999344133901	1.00037242647276	1.00041042048424	0.999988571644475	NA
1.00096124167923	1.0003274092805	1.00033630416623	1.00092570812041	1.0008883589656	1.00051006003341	NA
1.00051407535754	1.00400108832173	0.999950369969226	1.0000206811482	1.00080767468342	1.00053913046345	NA
1.00041693442411	1.00145439828241	0.999897149736317	1.00063629855941	0.99993332309951	1.00223089608458	NA
1.00163304879198	1.00320860706744	1.00038335341348	1.00007431029602	1.00026314231346	1.00018023093869	NA
1.00155231195777	1.00211286214605	1.00024536981562	1.00194708027459	1.0002541871067	1.0002070551145	NA
1.0010760221259	1.00154793568824	1.00011234122034	1.00126245759581	1.00056356248758	0.999942418619763	NA
1.00016612468391	1.00198747391797	1.00045576428336	1.00088065833704	1.00176820523944	1.00025556490135	NA
1.00125396155427	1.00061141424266	1.00001192524985	1.00018005675185	1.0000596588766	1.00069418749472	NA
1.00057822757889	1.00002940852798	1.00024690558836	1.00035776610655	1.0000270816896	0.999834153756164	NA
1.00013326108537	1.00064601945021	0.999774602580725	1.00105172709147	1.00028863683468	1.00086299810895	NA
0.999882688963341	1.00100803750503	0.999859346047787	1.00150931676497	1.00100433632247	1.0001745805834	NA
1.00004670798258	1.0016853122805	1.0000069580886	1.00101886798095	1.00086817081989	1.00040511490926	NA
1.00044253506072	1.00001884925232	1.00013426287607	1.00005212270348	1.00047817550506	0.999933749796689	NA
1.00095381458713	1.00072054854036	1.00109732789698	1.00047215080643	1.00042369287071	1.00014984937094	NA
1.00055324223137	1.00013228548916	0.999767144947297	1.00099501556454	1.00021217792133	1.00015313786066	NA
0.999698324570071	0.999797742742057	1.00034339188785	1.0003980794845	0.999839296486245	1.0002222353611	NA
1.00005247608053	0.999777594832993	0.999985028211935	0.999883667190139	0.999944955832693	0.999884469080719	NA
1.00165881989464	1.00171096734751	1.00025577050619	0.999929373338857	1.00040830239329	1.00029889900433	NA
1.00018852423032	1.00076894176133	1.00014363476319	1.00111355411849	0.999796031650886	1.00035998739527	NA
1.00087268389794	1.00042440290924	0.999973323695871	1.00061070933008	1.00014547023744	1.00013184367568	NA
1.00009720760725	0.999967729778699	1.0002151056236	1.00052037223717	1.00036501138866	1.00014744477161	NA
1.00034248262844	0.999971187445651	0.999943715884991	1.00005122342375	0.999771121785748	1.00025475236425	NA
1.00049332625302	1.00030627779042	1.00025852157893	1.00026204438185	1.00064798459001	1.00035744829467	NA
1.00040112663855	1.00007105883717	0.999760127400551	0.999902169753091	1.00027483780579	0.999778724953419	NA
1.00049996606894	0.999904348283899	0.999827006309289	1.00019657832949	1.00007939539963	0.999945433019301	NA
1.00027982801583	1.00076134952771	1.00078969861217	1.00011094870714	0.99999535611114	1.00015624106998	NA
1.00012673606167	1.00033196809929	1.0004743233475	1.00050888071055	1.00033771522184	1.00011773478083	NA
0.999735762308958	1.00011285460294	1.00038453021848	1.00030793246711	1.00041726561781	1.00092622000426	NA
1.00436107469022	1.00201768087529	0.999786534204967	1.0003768358277	0.999934273592007	1.00022163898033	NA
1.00005355041511	1.00002993721073	1.00053452332751	0.999774554510325	1.00058992781419	0.9999754654361	NA
1.00006166015518	1.00013936603651	0.99995548596109	1.00007273282856	1.0002296241972	1.00022927087068	NA
1.00007099902204	1.00200654716676	1.00014508000467	1.00019437862826	1.00003620564717	1.00037298512358	NA
1.00239536211442	1.00202873177341	1.00040742376157	1.00018545667768	1.00172558728213	1.00032490776231	NA
1.00043705603048	1.00012424717989	1.00052925794102	0.999946485620111	1.00097259827596	1.00012161127248	NA
1.00082990930902	1.00039921138061	1.00048660566699	1.00008813376362	1.00025201894976	1.00020042672851	NA
1.00116775290942	1.00030144009009	1.00005754324907	1.00009739791928	0.999766774007528	1.00029371201131	NA
1.00098671644545	1.00223873302434	1.00057814139719	1.00130815529549	1.00126396316513	1.00078073520842	NA
1.00062793213022	1.00045933177898	1.00123570996192	1.00025627950238	1.00004344598444	1.00013705163819	NA
1.00085168689303	1.00082771771571	1.00055638661239	1.00061574636441	1.00069916811562	1.00072641394165	NA
1.00020638291099	1.00049814767414	1.00012545810516	1.00101297533081	1.00015272648075	1.00106392950605	NA
0.999907369067344	1.00113023295969	1.00062970330119	1.00059847733964	0.999874313041208	1.00045707526172	NA
1.00055070087438	1.00226928211686	0.999974755462804	1.00176930121182	1.00030497237058	1.00055326550981	NA
0.999987018472714	1.00019162953161	0.999812819039446	1.0005111030159	1.00024236538046	0.999727009333062	NA
1.00045618237404	1.00103848376574	1.00056985200222	1.00109038309339	1.00022416275566	0.99980656276487	NA
0.999958471672072	1.00148562531816	0.999984444003135	1.00034763582037	0.999988377743877	1.0006852531082	NA
1.00084308802745	1.00007254758525	1.00022437364697	0.999983885128429	1.00114299323503	1.0003768937098	NA
1.00531539757977	1.00316795476231	1.00016982484936	1.00071343315408	1.00056363941704	1.00145762472519	NA
1.00017407901374	1.00037209065667	1.00020239182792	1.00005903010347	0.999973366460296	0.999766729964275	NA
1.00001508342176	1.00026661249486	0.999841035340359	0.999936464104387	1.00021304229068	1.0002434073299	NA
1.00017881394287	1.00004981164275	1.00056699409893	0.999782815638042	1.00024187522764	0.999843336887802	NA
0.999965748652093	0.999980993593386	1.00010107959711	0.999973963516191	1.00040134204855	0.999798915524686	NA
1.00277099459494	1.00241823283611	0.999942010162164	1.00046853763864	1.00135077686536	1.00063047540048	NA
1.00144936451696	1.00143654793285	1.00003523014202	1.00029445750365	1.0014407090185	0.999824222688821	NA
1.00011161678627	1.00014772604579	0.999996821342676	1.00004078405984	1.00015141255642	1.0005658637967	NA
0.999756163838072	1.00008024527329	1.00008312668532	1.00064408599786	1.00022105291141	1.00058151282598	NA
1.00078259428964	0.999968113105815	1.00051927522561	1.00004817730784	0.999839890696048	1.00085078291687	NA
1.00159822501777	1.00057645479498	0.999894397359466	1.00066848742609	1.00027944055345	1.00004254763001	NA
0.999754400108586	1.00010092523429	1.00031939126917	1.00030972418451	1.00008846581016	0.9999086907775	NA
1.00049465408249	1.00059778089027	1.00019796508029	1.0007309093327	0.999996420101869	1.00027652783551	NA
1.00011558717267	1.00198449405041	0.999875823049341	1.00119764419289	1.00031623392898	1.00012334449201	NA
1.00324127607305	1.0020973217692	1.00006604408698	1.00119444540491	1.00054001995651	1.00040486397874	NA
1.00140828099592	1.00674231197184	1.00002859860544	1.0003906403072	1.00078783843736	1.00041323914277	NA
1.0003586191082	1.0018317625626	1.00074846313164	1.00041093471376	1.00052526164844	1.00036119729956	NA
1.00052458375494	0.999978691295365	1.00011752154372	1.0005373839754	0.999802182295765	0.999831984163559	NA
0.999888590296362	1.00121717250808	0.999965195006599	1.00040792905817	1.00007140487205	1.00103285620384	NA
1.00064940682722	1.00047335504612	1.00014740529414	1.00023182904616	0.999716745182164	1.00175410894234	NA
1.001189575343	1.0002055088867	1.00027923304177	0.999791177704683	1.00063522277453	1.00109519078002	NA
1.00080049090606	1.00047834674776	0.999967596467242	1.00040074959966	1.00072037704043	1.00021045744235	NA
1.00158074071824	1.00051404241284	1.00060361216144	1.00075626152628	1.00021526507449	1.00033999549863	NA
1.00013760218285	1.00051945110779	1.00070591798012	1.00038092286203	1.00063257442873	1.00002160242462	NA
0.99997549977041	1.00170097901799	1.00038399489697	1.00027553655217	1.00004161098169	1.00038291444772	NA
1.00042548567217	1.00349001774144	1.00038323528975	1.00166879575244	1.00097421160467	1.00029497298187	NA
1.0008420121078	1.00051333557566	0.999798210639014	1.00030433344552	1.00071935809327	0.999793052530558	NA
1.00011350223879	1.00048229575741	1.0004112359008	0.999915403142955	0.999970809887769	1.00040517658586	NA
1.00197435262136	1.00386610546902	0.999851054112252	1.00107489423869	1.00041297010322	1.00010956055381	NA
1.00006566068253	1.00016579542488	0.999972141887345	1.00007972203712	1.00017116276884	0.999794495895852	NA
1.00074978035443	1.00136608225837	1.00010377329888	1.00046766903501	1.00064662253531	1.00041430095479	NA
1.00021902743793	1.00082074106212	0.99996800237125	1.00041766602012	1.00077554007543	0.999774554961666	NA
1.00152378649349	1.00000637148697	1.00012516212565	1.00021344649843	1.00035111635835	1.00030717942785	NA
1.00077638911018	1.00087141136232	0.99977480660823	1.00041227473182	1.0011660150958	1.00088554271436	NA
1.00833015982216	1.00194298245508	0.999870213618308	1.00001018257238	1.00032617317917	1.00058709310227	NA
1.00043313016686	1.00051038734287	0.999792788019568	1.00027641370031	0.999814915254442	0.99972331216458	NA
1.00013725384822	1.00009443339849	1.0001274595922	0.999975912794669	1.00134408618059	1.00005403225697	NA
0.999974851379385	1.00018060602264	0.999778270810389	1.00026316485734	1.00108540554049	1.00099692913611	NA
1.00005891421921	1.00161682804117	1.00038676396089	0.999813290424016	1.00072931233964	0.999937128897272	NA
1.00516284726604	1.00200701766845	1.00036934068797	1.00060582816173	0.999972630907343	1.00009950251422	NA
1.00030365241366	1.00004674427696	0.999869401952218	0.999987326358453	0.999692815097117	0.999858924484904	NA
0.999931192443728	1.00041872076029	1.00019311516756	0.99993690393266	1.00125647972212	1.00080044832071	NA
1.00062032670818	1.00033278210703	1.00030797138477	1.00044018456432	1.00099356980423	1.00019233784998	NA
1.00025362990938	1.00073318266436	1.00004448308439	1.00007885506237	0.999871442793615	1.00112114292917	NA
0.999682153159654	0.999850683972777	1.00007813738684	1.00024636107606	1.00037568404345	1.00015109712605	NA
0.999755104378408	1.00000415411467	0.999841344543151	1.00028982336925	1.00076652077686	1.00032711014325	NA
0.999918494602533	1.00012839395817	1.00035177417769	0.999769670453095	0.999847499978645	0.999894815766955	NA
1.00081374796166	1.00050761198071	0.999839190397207	0.999985773851084	0.999714898623892	1.00014292184973	NA
1.00065622975531	1.00036815831868	0.999998945355895	1.00116804689379	0.99984277510093	1.00031848092677	NA
1.00049783390883	1.00063822773744	1.00002292427489	1.00112757740752	1.00027660987727	1.00056974639259	NA
1.00080239255281	1.00129895980393	1.00046841895867	1.00012342162626	0.999904656427723	1.00071836650663	NA
1.0052963803576	1.0022457401355	1.00016131931942	1.00054416125553	1.00001012935389	1.00011659026936	NA
0.999956388604758	1.00044545055085	1.00095366975661	1.00028854233581	0.999735303291821	1.00097649060004	NA
1.00094683937307	1.00034890265992	0.999943659901722	1.00158223960082	1.00000345373308	1.00102843336182	NA
1.00027148876308	1.00364096084422	1.00003342705764	0.999913593016323	1.00067678831904	1.00038654145849	NA
1.00049830300066	1.0001625473506	1.00000601123129	0.999984533454212	1.00021420011751	1.00029863880378	NA
1.00267712458771	1.00038585050423	1.00016071283563	1.00160277957136	1.00054744958966	1.00043272808569	NA
1.00164917140453	1.00032193282423	1.0002066147609	1.00040236549995	1.00108143505493	1.0014828007118	NA
1.00057722824476	1.00078190474838	1.00009444557359	1.00011410470587	0.999858577820687	1.00086142626884	NA
1.00018717265629	1.00041316330197	0.999818239688583	1.00002306435345	1.00055915436972	1.00021451944442	NA
1.00020868972042	1.00136148681348	1.000381689849	1.00083213527103	1.00005909809627	1.00032202469248	NA
1.00002555418092	1.0008633499603	1.00031361226956	1.00024044183986	1.00044252480608	1.00006569985552	NA
1.00014374285797	1.00032496820752	0.999920899831009	1.00015221770224	1.00008009976364	0.999833223124851	NA
0.999832409078157	1.0009150650587	1.00044299311267	1.00039916889228	1.00084232320967	1.00000188186017	NA
1.00124413490712	1.0009731689631	1.00056229354522	1.00025450949734	1.0005377755234	1.00026899071721	NA
1.00039893885522	0.999861074215457	1.00011780584913	1.00088628181174	1.00002887279113	1.0005817167351	NA
0.999870088406402	0.999964629555375	1.00036679415598	1.00042208707022	0.999904135668247	1.00002362466668	NA
1.00043581457996	1.00167762305305	1.00093859672254	1.00047014864761	1.00066777933262	1.00025565893504	NA
0.99974769583583	1.00021476725826	1.00051387706016	1.00106792718147	1.00078396974274	1.00003672699677	NA
1.00202569521179	1.00358445486291	1.00017055434612	1.00028622775456	1.00030297575145	1.00058359387653	NA
1.00012513237468	0.999981011684496	1.00017497453373	1.00078844212558	1.0002718063736	1.00013240021718	NA
1.00014086077779	1.00164663651385	1.00005096601047	1.0012837280552	1.00004563260829	0.999943517684547	NA
1.00025298799715	1.0000685493451	1.00046392569405	1.00023845895384	1.00083121462711	1.00025205082901	NA
1.00033014131365	1.00003660552938	0.99980438894585	0.999889493433913	0.999870502075365	1.00002649164092	NA
0.999960831367337	1.00082636361481	1.00018609750257	1.00007839885893	1.00040096839903	1.00046923245706	NA
0.999906897798204	1.00078568732047	0.999958228243426	1.00055509323667	1.00009341930784	1.00031298620296	NA
1.00023797632365	1.00029009610222	1.00043141937553	1.00021668343897	0.999958927108673	0.999938983964558	NA
0.999962644003929	1.00343649766347	1.00025280072302	1.00062349642138	1.00087095948438	1.00017464794722	NA
1.00012494852798	1.00017525926115	1.00026513188197	1.00054171128989	0.999767587246987	1.0003717331466	NA
1.00045060744178	1.0000218718008	1.00007928592257	1.0002851054633	1.00028792365315	1.00036665068851	NA
1.00006460318915	1.00049637662235	0.999840525862645	1.00020533598766	1.00013948356528	1.00055422580768	NA
1.00110043490699	1.00029513824694	0.99994731694233	1.00046831679241	1.00024335838464	1.00042687351363	NA
1.00011020054086	1.00019392267859	0.999791032699887	1.00010013957971	1.00029945132145	1.00100041753584	NA
1.000215042925	1.00117656669746	0.999815274695659	1.00032486285127	1.00041631051333	1.00167275032433	NA
0.999848474318442	1.00045836784628	0.999946727477542	1.0002619639705	1.00036053270592	1.00062043413412	NA
1.00131018550454	1.00137630372834	1.00034912827529	1.00008080148472	1.00045950670628	0.99984772404268	NA
1.00089887441575	1.00032932160674	0.999971853077306	1.00040779187209	0.999771067006329	1.00049955691876	NA
1.00027597945199	1.00013355267301	0.999641854899299	1.00049623042777	0.99982158563728	1.00094779591241	NA
0.999698801179841	1.0003531489838	1.00080699032413	1.00040028261017	0.999982406603253	1.00014423651305	NA
0.99996484293231	1.00036172042579	1.00052956349581	1.00040200877917	1.00031902649056	1.00054186441571	NA
1.00180174530117	0.999931269798717	0.999912179379463	1.00085974291541	1.00083659179081	0.99977067421452	NA
1.0000475384383	1.00101972499512	1.00016201090393	1.00011032030067	1.00030846733345	1.00069304158744	NA
1.00086509338392	1.00124206561613	1.00046626322131	1.00047494905589	1.00041009352522	0.999856268714019	NA
1.00046349071677	1.00159192090655	1.00011512457792	1.00018953439646	1.00027974310756	1.00026951038291	NA
1.00054883364554	0.999882767414153	1.00044165944694	1.00088926323083	1.00029621505013	1.00000626060329	NA
1.00033632075072	1.00092246428182	0.999911816089712	1.00015374325134	1.00007383907964	1.0007356341759	NA
1.0009518311823	1.00023984707907	1.00015048401808	1.00033853742639	1.00015788310577	1.00086436766507	NA
1.00076347667932	1.00297616949806	1.00016320723382	1.00045521024474	1.00071037759328	1.00078128673738	NA
0.999986006706827	1.00080899368452	1.00052703114103	1.00024662099927	0.999938678635047	1.00027949696875	NA
1.00008003967524	1.00091708328311	1.00035584473653	1.00000109947231	1.00044330377937	1.00021325222288	NA
1.0007496062139	1.00836088816769	1.00047027144577	1.00155009150805	1.00025899487374	0.999860566658842	NA
0.999941761807438	1.00079720769663	1.00051702789993	1.00057869893776	1.0005179585954	1.00031130008446	NA
0.99995345555843	1.00073579687501	1.00001499164896	0.999996702232327	0.999829846468777	1.00005280800505	NA
0.999979315491266	1.00004783081557	0.99985623489959	0.999843053299059	1.00018052149836	1.00046953537938	NA
1.00027952933946	0.999980068246449	0.999850144910438	1.00014776087571	1.00090466609327	1.00025771652593	NA
1.00104406710505	1.00043323610685	0.999865662371394	1.00087414904918	1.00081111597216	1.00015803342019	NA
1.00065377525856	1.00009553514457	1.00002227403903	1.000284528271	1.00100601454248	1.00013760952284	NA
1.00092221441739	1.00027679157347	1.000288277844	1.00080832321903	1.00058276761913	0.999817611107931	NA
1.00138352205097	1.00173217327024	0.999815590833589	1.00096703723171	1.00078800014792	0.999970223446949	NA
1.00149274909466	1.00042346374676	0.999765829159444	1.00023446744246	1.00044641366448	1.00050597162585	NA
1.00097476371605	1.0003744074968	1.00036750110272	1.00008770374112	1.00041437625379	1.00039861043962	NA
1.00060801191985	1.00318351860057	0.999989805645293	1.00004555267945	0.999924761541979	1.0001212898376	NA
1.00010456709377	1.00021472341577	1.00024051868847	1.00006518048711	0.999906452266119	1.00014097639109	NA
0.999802645882359	1.00077522869446	0.999995342210599	1.00025614948203	1.00023875640236	1.0000555091117	NA
1.00098146728315	1.00108500091654	1.00067881846046	1.00090561214053	1.00064858918565	1.00085656959491	NA
1.00067630864627	1.00008613903741	1.00019808302876	1.00017158778557	1.00010572314733	1.00025930770418	NA
1.01249833918913	1.00714417398645	0.99983217323268	1.00035062826609	1.00025637319542	1.00050468001957	NA
1.0001795449737	1.00015378908573	1.00021070747883	0.999714446156128	1.00055344257927	0.999973792102368	NA
1.0004758936138	1.00173029225516	1.00030513052262	1.00108579903369	1.0004679887583	1.0005566763913	NA
1.0027488676126	1.00101182406081	1.00069167088503	1.0011937705829	0.999981864120642	1.00082646657659	NA
1.00082155290913	1.00042364029291	0.999988651249687	1.0016430877451	0.999723978818178	1.00073054376712	NA
1.00114886730043	1.00115004074246	0.999740739526781	1.00041128519187	1.00184934420958	1.00022896501797	NA
1.00032057770651	0.999891768213079	0.999972231511185	0.999969488327126	0.999893742964747	1.00012892031835	NA
1.00004486495757	1.00028331673594	1.00008207399221	1.0001873988266	1.00038606345529	1.00067525869951	NA
1.00065289686361	1.00074738332039	1.00058705074871	0.999909216326835	1.000028325435	1.00011191277281	NA
1.0005336607805	1.00027278263305	1.00007788929134	0.99987479471026	0.999906846643793	1.00003722434823	NA
1.00061534004946	0.99983421123447	0.999837478491049	1.00026533045085	0.999967449698342	1.00026506001471	NA
1.00050336683659	1.00142534748288	1.00008449972934	1.00005127268509	1.00057553136504	0.999877953910822	NA
0.99993529961325	0.999889249490991	0.999768215435424	1.00001631962132	1.00074200975267	0.999970056732129	NA
1.00220675849697	1.00108263826028	0.999952643588263	1.00077220503222	1.0003487313985	1.00052658563347	NA
0.999960863779131	1.00011291358833	1.0002992285313	1.00019496654428	1.00004622531168	1.00011038123513	NA
1.00139356868833	1.00006472035951	1.00028661674247	1.00023461907219	0.999776374172471	1.00021618096254	NA
1.00038571657013	1.00019269847153	0.999914186927832	1.00073952300831	1.00123618999646	1.00027812713514	NA
1.00034271750048	1.00056794262502	1.00104323346712	1.00094944404373	1.00010603693668	1.00087593504111	NA
1.00114920973384	1.00272136718727	1.00005871644951	1.00020172146646	1.00037405853702	1.00033395285024	NA
1.00144327857455	1.00052084377718	1.00032408437983	1.00040317809248	0.999975609580737	1.00012738212191	NA
1.00085074081777	1.00101159944634	0.999809748712323	0.999895788559381	0.999831939910809	1.00034300863557	NA
1.00149529381395	1.00066221115126	1.00021976021183	1.00077476143345	1.00096820145557	1.00099168714928	NA
1.00358529715762	1.00764869160302	1.00022890365044	1.00088288685986	1.00082520330046	1.00096122035552	NA
0.999957607211915	1.0004750875717	1.0000519116638	1.00000800421372	1.00007861660964	1.00012660860729	NA
0.999864568400753	1.00063618669734	1.00061907692192	0.999986416146549	0.999668271991256	1.00016328907781	NA
0.999798986273555	1.00021165921416	0.999791823252541	0.999791116688821	0.999978336085944	0.999820371560438	NA
1.00117328821283	1.00005430550382	1.00036637120509	1.00040904716758	1.00027106542337	1.0000078249808	NA
1.00022482324554	0.999935066899717	1.00009630106758	1.0001162696841	0.999838419545437	0.99977963893338	NA
0.99998256145707	0.999971016358183	1.00020753026707	1.0000028416061	1.00027668618428	1.00124268523621	NA
1.00069534691587	1.00082735536879	0.999934257586458	1.00035659872637	1.00005050436176	1.00021709822801	NA
1.00014035534034	0.999975246233013	1.00024483670186	0.999832927537375	1.00088765609416	1.00005156878344	NA
1.00139038217044	1.00063965059479	1.00006568700833	1.00163975277229	1.00012876271246	0.999988844050536	NA
1.00145451091518	1.00146927989717	1.00012090774584	1.0000384377939	1.00052898835824	1.00076075776288	NA
0.999859345068101	1.00044463155882	1.00035618509559	0.999820996907019	0.999995594555731	0.999976136727129	NA
0.999890324660965	1.00002495094942	1.00026508413322	1.00000615075452	1.00061246337442	0.999956225369716	NA
1.00038138242203	1.00017142090652	0.999994801233729	0.999993238154418	0.99990825077779	1.00003179425939	NA
1.00060722214821	1.00051575370852	1.00049253315341	1.00027148401614	1.00122375579671	1.00029213828796	NA
1.00027821023996	1.00067688257035	0.99981667341094	1.00034563499884	1.00007061030102	1.00049678460893	NA
1.00064232002366	1.00075307701654	1.00080877425867	1.00045847360741	1.00024315623486	1.00023124328073	NA
1.0002956628342	1.00013414679277	1.00018015682534	0.999919618171345	1.00054543503259	0.999953842679021	NA
1.00048347790147	1.0010645178168	0.999723761886603	0.999831523946811	1.00089155005415	0.99984872776827	NA
1.0011311942859	1.001226250636	0.999965329930554	0.999964596711389	1.00065699053782	0.999881183045956	NA
1.00291722228026	1.00143433952713	1.0011962549045	1.00034178155338	0.999930299345691	1.00089902330671	NA
1.00032420048348	1.00060651460317	0.999924208178582	0.999911757769179	1.00053155731234	1.00002949260198	NA
1.00049073073631	1.00013521632095	0.999797424419666	1.00060081689841	1.00025948364681	1.00032605581832	NA
1.00066023393947	1.00063377869669	1.0002417047563	1.0002799102852	0.999981010585211	1.00045703496912	NA
1.00271155383965	1.0016012617569	0.999752420835849	1.00095003614339	1.00035865925284	1.00030710507219	NA
1.00084573995653	1.00057667279214	1.00003121789428	1.00058256260799	1.00056270433	1.0003682730883	NA
0.999941949032581	1.00020674519176	1.00054196478985	1.00025290150708	1.00000284355988	1.00070093098491	NA
0.999967640212333	1.00034241699305	1.00082358612272	1.0007010718301	1.00021192304147	1.00155965226954	NA
1.0008617959258	1.00096492975565	1.00001610290792	1.00038578384032	0.99995982456228	1.00042141520924	NA
1.00132222704883	1.00313784164935	0.999925643065209	1.00180733471605	1.00072307384319	1.00113887844957	NA
1.00009901394899	1.00090115516615	0.999943171855942	1.00028002887857	1.00025982946754	0.999954361293263	NA
0.999917387249611	1.00035402502616	1.00022929119166	0.999854910803229	1.00014462524479	0.999805992288435	NA
1.00225531078477	1.00279586104677	1.00018245344831	1.00043969307119	1.00041286427691	0.999923897504721	NA
0.999812377459253	1.00020321463245	1.00018702551295	0.999894530101989	1.00037117264354	1.00008247459577	NA
1.00016199302687	0.999979180098378	1.00008350983203	1.00034188183691	1.00031011407736	1.00061918711378	NA
0.99995629750195	0.999986145965214	1.00037347044844	1.0003853765996	1.00004766688132	1.00003839297551	NA
1.0003475104902	0.999881175412185	1.00023179961108	0.999955322447942	1.00085963759319	0.999822030206985	NA
1.00016961502993	1.00113845661248	1.00005728774069	1.00034285493961	1.00146034344126	1.0000817222295	NA
1.00131050222916	1.00014403680576	0.999932166661948	0.999710362464381	1.00040809845385	0.999821093927439	NA
1.0013277857521	1.00107652966877	1.00011057985235	1.00000651581733	1.00078056445229	1.00092127653225	NA
1.00071866008553	1.00037487677255	1.00001818510112	1.00036030779168	1.00111044722709	0.999821556058416	NA
1.00046764223403	1.00188753608828	0.999958146048692	1.00041236801491	1.00004625394933	1.00058963853943	NA
0.999854738898383	1.00031374678077	0.999785520642191	1.00021874809675	0.999866587940128	1.00013863693678	NA
1.00106197143214	1.0015760279053	1.00055583471714	1.00186695769873	1.0006180854952	1.00024952047617	NA
1.00060604469081	1.00097300801291	1.000091361973	0.999856263180526	1.0002798708379	1.0002987997587	NA
1.00087747954456	1.00081337864808	1.00036574317153	1.00130361194618	1.00033090691963	0.999956059190879	NA
1.00022534244292	1.00026113710859	1.00000641199518	1.00059339453872	1.0006757536671	1.00041012075679	NA
1.00035581858475	1.00086160044363	0.999966508678281	1.00045127101836	1.00019246390835	1.00126862807202	NA
0.999967788148029	1.00039783358621	0.999770047218942	1.0000877076792	1.00019014342593	1.00032667123249	NA
1.00027943600348	1.00061474570209	1.00034672292198	1.0013724965795	0.999992496828588	0.999768591537734	NA
