FMP	RMP	FPP	UPP	ANPP	NPP	ANCOVA
0.494013379548245	0.494568248559899	0.593711564775313	0.589530370966958	0.570513509233095	0.597789105364142	0.808432816637536
0.510507711640193	0.502960951366081	0.58801389289759	0.628098764304099	0.618011908045151	0.601359859975829	0.798640717666658
0.524319286136359	0.526372555172191	0.627135111529844	0.701143699378946	0.657666310130142	0.634906128465146	0.868545200555604
0.561601688369791	0.551638028751835	0.593561952934798	0.701143264807948	0.641383617594767	0.635149538491304	0.828286338314724
0.507382910123976	0.507604294932726	0.608014755487927	0.638063262889918	0.637015327017847	0.600067023225379	0.829055403736249
0.499296097472625	0.523772998348412	0.606020932551014	0.668433241835538	0.637084084922331	0.639326503077313	0.841749614249268
0.516236061198871	0.529811469107921	0.606803026724723	0.669199615011083	0.622009430120304	0.650135636584225	0.843752282723348
0.703481887113668	0.713731662089082	0.592583840035423	0.743208835369024	0.697340013916916	0.693589805418878	0.766632471912582
0.523046735976538	0.529802397366135	0.606528873907129	0.678564084663733	0.637751410110108	0.627840501574082	0.817368539209868
0.958777195730537	0.967646658281646	0.605086471948006	0.816850019901801	0.79658609994502	0.799645254409941	0.753279126194412
0.556343237185266	0.55100694766903	0.650488870377784	0.734870730094413	0.699022280858475	0.698573116523305	0.964189247030847
0.509715843322652	0.504730732194626	0.617192611105347	0.602341290178484	0.594473636089032	0.600259998865235	0.87010816657631
1.07554101480668	1.08321200957326	0.610106208403963	0.912506448672887	0.85083342759633	0.847708453287128	0.817996529995683
0.524298663486746	0.528905536936247	0.62879126676481	0.693835656422057	0.653421213853871	0.65127738090955	0.896302072396046
0.622074572765015	0.638510411345465	0.593192927261716	0.717030537223182	0.664648180615058	0.665722035707682	0.8219909102553
0.543452686100538	0.538362357582323	0.613061952514996	0.710069725297307	0.668581401136266	0.68423039109487	0.894462984756353
0.500721325896105	0.492646324888546	0.585538478494198	0.618867325828591	0.600505323861093	0.57755852422005	0.780792110733598
0.503570604237982	0.511711650562146	0.576427472844167	0.610825855939344	0.616926712690397	0.598281814390675	0.786882611223155
0.937017453256199	0.924749439996304	0.61523362372955	0.868071833822116	0.796300052951936	0.813715321455379	0.887734102723429
0.507942558807721	0.495209035730044	0.546699031846806	0.589334353485826	0.586446602004249	0.592988075380084	0.701143407897131
0.578514170511787	0.586303854844954	0.589849504108847	0.749252620749415	0.684537028780901	0.66673728395051	0.814657889629736
0.920846783519706	0.929472976430418	0.647698547518835	0.916131807648272	0.810337803461441	0.787221368029334	0.89572674445147
0.691835031430882	0.707191368591736	0.603179501337727	0.731175103589301	0.678488146601758	0.694267988410916	0.806984834126485
0.527417055256104	0.52778020363473	0.63903158959822	0.688368086639311	0.652871218130561	0.664459668021644	0.922658917154461
0.996854856018122	1.0093465702339	0.614012265985782	0.854537290023372	0.810842312151019	0.801977178092498	0.76816408122258
0.806833836249346	0.811512554148816	0.629698161014456	0.841298723785266	0.762930076481755	0.749501522755516	0.890901151369926
1.10267014606248	1.09682258534096	0.614444643391704	0.894293485810115	0.87182962929241	0.880744219840853	0.796156190099828
0.859247159083056	0.824412105784658	0.641559669466425	0.844329848178557	0.765566724303151	0.734494918833189	0.868667795122569
0.85442258815979	0.856123345758206	0.632015596461855	0.8484291016296	0.769518108330009	0.763255669059188	0.865740293447697
0.639456561332124	0.660281811573013	0.619028862201773	0.76835362758988	0.704235066638463	0.698129826496595	0.824188395862033
0.59712633128112	0.558559904606563	0.634060195700798	0.738759602891022	0.677230649228313	0.676828788728067	0.901094537517812
0.861045011347337	0.88052257905899	0.607703213423042	0.833232865711236	0.771258545483535	0.765291568608391	0.818314413060339
0.501004066398853	0.518444017890633	0.587894328418909	0.631998646922437	0.630569404358732	0.607430353127896	0.809636858012526
0.825216987719402	0.826494766694586	0.615070254062318	0.777891530708574	0.712610703251907	0.719532097218493	0.806793934125811
0.934510073203636	0.941606721111828	0.631741108782852	0.904899116182561	0.811261590084026	0.800796578424622	0.894659560628901
0.55686673526829	0.55539065330616	0.60059493887898	0.714391164699877	0.661175330579404	0.681259598557893	0.851928191245734
0.665781724153757	0.668743606126613	0.59116258918849	0.740112404705465	0.662614375781443	0.677061050069964	0.795888188584731
0.649879519516124	0.615333163319701	0.648556505853899	0.835672527027501	0.752402600792253	0.752285544613679	0.995815420065435
0.512213844338194	0.507251781030716	0.604027807594464	0.631732113377469	0.600272989615956	0.617743906056353	0.843180364974582
0.529439259094664	0.533995870297593	0.597090179507587	0.710338974323759	0.653192389887558	0.659170595786026	0.803317666245083
0.762933552028954	0.776865533275144	0.591822878612305	0.760340140631009	0.698659360490431	0.690522824422467	0.758227723209974
0.668670895263758	0.687106770929722	0.583211888413117	0.732022913602428	0.676695375750323	0.676578446582719	0.774849636450495
0.516235415497666	0.515681054907855	0.549502046924354	0.600687964660047	0.573976276103297	0.588612247800217	0.706934162652227
0.508663012554781	0.505510416223498	0.612592368938938	0.643529097699254	0.616653838812403	0.616718705537267	0.843506810101693
0.714491537384453	0.684181889241713	0.542617867466189	0.686003517124067	0.636540145442159	0.64591690648179	0.694716239877695
0.518682639788951	0.52197179652231	0.591728663080584	0.694532738197633	0.614917163022419	0.61979164096276	0.801229422437032
1.07169144828741	1.07059950777649	0.641903604031613	0.926324309067559	0.877556807324215	0.885448854016559	0.858214120853684
1.16925619592345	1.14142760413477	0.631258167839119	0.925985948765003	0.907646587367008	0.899024237972024	0.796226443585593
0.830461598438171	0.813064450073195	0.631046946836615	0.883028317289657	0.767525173284322	0.762162405875724	0.883270020956786
0.762372440303285	0.784955632264641	0.623771166316895	0.835095277416939	0.739615686968113	0.749602085079902	0.848773945624503
0.887035825256214	0.868175508683528	0.657446844931935	0.889787679903616	0.791939511528762	0.819362617386247	0.964160269774308
0.810230671377668	0.817066704929001	0.591687167231599	0.779368752676212	0.712050136133911	0.722200877945201	0.807737573001385
0.539615071005746	0.524446884413853	0.640472573657546	0.691993215111343	0.676832079051746	0.677793412322975	0.992829004120684
0.63293441826902	0.627211848167139	0.612629345081986	0.727361556603518	0.677517769709746	0.670757355360901	0.841379707425797
0.501158379836582	0.493811985914891	0.594018120744298	0.600666964463998	0.588091500968744	0.581862445948769	0.816362004166739
0.528052174106157	0.51590908130553	0.613357110420252	0.6659509395819	0.627102913652357	0.622838396926012	0.885214123888055
0.877870340430747	0.840825289378568	0.594190806123897	0.758096345075804	0.771700142572311	0.761132816590677	0.730780226586173
0.498675000442259	0.487339083102944	0.564337586417409	0.603144361135322	0.576626267659343	0.587252886152237	0.765471041385895
0.866235072576226	0.86505908035013	0.594621355225856	0.802846082058762	0.738269796421895	0.734812459926731	0.792270852695826
0.526854667125232	0.528999977533124	0.623222068326258	0.714315506648776	0.674519675972939	0.654605429314009	0.881877640519038
0.549628562297686	0.550036776185873	0.627309960769151	0.724210930759754	0.661636074411459	0.666144397755972	0.874979958937565
0.539035162681143	0.543846295763824	0.622773709684201	0.718169729927728	0.664145570793625	0.658535158126206	0.8819286659187
0.51049238112847	0.503077542905592	0.625579763058314	0.596991152126546	0.599168659337052	0.610176540187453	0.889392106186345
0.56673945076128	0.566567057130071	0.643472004585683	0.770546705881929	0.723912694488697	0.697268147990821	0.901282080737971
0.476024360061518	0.493199322718607	0.562037112366013	0.578011801538481	0.564332981179897	0.567516959856399	0.720218535078375
0.537366874196964	0.541461697780678	0.609278400538501	0.703824792801824	0.64439988818126	0.658473075212201	0.800116278444573
1.06831485348932	1.05439539141581	0.61917718329077	0.923729742276871	0.861717897547156	0.85465230849861	0.827177413912787
0.526870052831317	0.546463766166083	0.582398855018351	0.664741357869591	0.634980766781634	0.625168709115864	0.751985781636119
0.894637866358469	0.903229190533038	0.607005940953107	0.811859825435341	0.753901130719228	0.761999119074536	0.815219599735619
0.848605111855923	0.837458495149222	0.613390760770651	0.792314746547149	0.730096864141584	0.725554670338509	0.801543360513407
0.471099468944334	0.454149540820833	0.513577362409725	0.56384306999191	0.523986251087233	0.548902611627457	0.623767039021496
0.995462818842826	0.979123076529719	0.607249362381528	0.903573473229305	0.820565960277515	0.806000218860609	0.815637494847199
0.51412555089112	0.525263011695499	0.616273450812165	0.644916623616348	0.63757562653044	0.635159322180192	0.885898359581298
0.492269092009997	0.471429901632979	0.577818178530621	0.591249551206	0.559320272344477	0.564164196802424	0.764537799246798
0.505204254261887	0.500485048438402	0.607898291197955	0.61269393951921	0.621814452909784	0.618301615301037	0.840810161105012
0.488349648692544	0.488682931075362	0.56369601413873	0.586163592102408	0.572411592829669	0.569521956794056	0.749998855596191
0.586510110005634	0.596619219126031	0.622997751818096	0.725637166917815	0.674423197815085	0.674899939357243	0.858558672151042
0.719838498606237	0.721134369521641	0.583692968955613	0.708925821669693	0.667918599206367	0.679392149200957	0.755211707703198
0.567856650866837	0.591631154508318	0.604164331591755	0.75494836629695	0.661253838775989	0.695670076203852	0.854716872936368
0.758812305251665	0.745358199727178	0.540756782492849	0.680559248029368	0.628917733844662	0.625369011345704	0.639272476976625
0.477091293090843	0.479699036274996	0.561826386130915	0.58342637316898	0.561304557696777	0.56870388731583	0.738215598361027
0.588734654412589	0.580059012393032	0.623905832114193	0.72410751504221	0.668092726218783	0.662607623022002	0.888323171050752
0.897190746614217	0.8904757218873	0.648784528769816	0.836520734444699	0.82166350293594	0.811861259877766	0.870769985308373
0.53781353743272	0.547459293308481	0.660512937264838	0.696746455516906	0.666563213957373	0.69035920556997	1.02519657942181
0.611495994003042	0.626538195845322	0.646228351801362	0.761593046516463	0.693196616433499	0.695046942181605	0.95102888026972
0.60917408368602	0.618089260975985	0.567846471764954	0.712778926453333	0.649858990263714	0.635551691561558	0.715299145950353
0.60129906500642	0.624499568811305	0.621759806838326	0.736203461283779	0.680709630200091	0.673495672409671	0.872906043256569
0.510694979646547	0.519682633273092	0.584932587624211	0.6503814739358	0.617487347548861	0.628605670595601	0.775868687730609
0.61974464253115	0.670246277638881	0.617869255129036	0.774677595703254	0.701545501937827	0.694034736180836	0.85544479057146
0.489862395126987	0.48478672530871	0.581214307130646	0.592199096037714	0.581013239328142	0.569937944331956	0.790611828010877
0.908446777407133	0.930669840839375	0.602859990802624	0.790132902436622	0.813083400105558	0.820584842021725	0.724197232996082
0.565942405617774	0.601498658676118	0.620708081964637	0.806131268439814	0.707880113373478	0.713885351764769	0.882690218098897
0.792970973209781	0.807327607289618	0.621919146220593	0.847545761716037	0.738477367560842	0.749539755237795	0.8804948408389
1.32412136230678	1.29819063685197	0.670763710306191	1.10620098727854	1.03890670907738	1.06082514664044	0.95298548670369
0.753070267108267	0.770581462641589	0.611645700284811	0.780485899235569	0.693504644108823	0.687960120939093	0.816928359344365
0.820258368288381	0.820099060184532	0.673658335178393	0.90122607861345	0.825721159507195	0.799515502181438	1.01029623406657
0.553055053704215	0.533213131328143	0.634880214500348	0.717089692063158	0.672411294520678	0.69545685150006	0.899178729597317
0.543236785200105	0.52589888081275	0.638366155721768	0.658517782018689	0.652828965399413	0.636812975990853	0.931665771137205
0.820547466523957	0.832563963929253	0.597616717102339	0.791129180288568	0.721494912792056	0.747415483284027	0.806064484164502
0.865182173394345	0.88297711218429	0.645681313677145	0.862527920647127	0.770348656089992	0.760982027331757	0.913081679213507
0.94874756429577	0.952722762819113	0.620515144804954	0.891444027255765	0.822304984183299	0.791648716293372	0.866989218769837
0.953585344800072	0.970984373596522	0.591673542761044	0.824620416781098	0.776232516314195	0.778320506722458	0.730322591313654
0.931806522177283	0.91716255499971	0.578591059752819	0.801368164373592	0.724906035254863	0.742494963248651	0.717294957772009
0.486162328324329	0.491913334956708	0.602759774758904	0.583453928661258	0.565579358465618	0.571240430314248	0.798264677627542
0.965709523037809	0.978212682706481	0.619954314890107	0.891791119228272	0.819413058597681	0.815225845126727	0.878723012853573
0.592207059748053	0.594724286960268	0.643215993630257	0.757364783737299	0.70404103488544	0.690807642888547	0.912091536975061
0.749879275276741	0.708404466836031	0.617385490948972	0.80194921787676	0.726101533770357	0.728723946779041	0.84068667879823
0.944125508235875	0.959283731336971	0.605009477425591	0.819040436809887	0.769018614771661	0.773907058330932	0.792459498353757
0.520902543806583	0.51607867471512	0.589355325271731	0.681192115116914	0.632178576479219	0.630388667249574	0.798995351932302
0.942245142453148	0.934784568217583	0.590788699323958	0.827537317751655	0.75805635514862	0.781402805097136	0.761171718970042
0.655082620468306	0.659444588564788	0.57891501869373	0.745741037695651	0.671982708329507	0.67887639295627	0.771582638667468
1.05686955471199	1.077062091609	0.613448516578959	0.904876415040043	0.852897288699318	0.832404791938439	0.81280758283432
0.496029022827665	0.505076077624799	0.567186551734919	0.614740208984906	0.576317272785025	0.587483001069429	0.719007103961609
0.54264225711042	0.557219148381866	0.634189617183345	0.738576822367578	0.685031436423047	0.674125825500884	0.91516341330801
0.510689603658226	0.507429482359294	0.606622914674204	0.639834322442145	0.6082789925328	0.617169623487688	0.861722238856421
0.465578331308663	0.479656008830252	0.546048036269762	0.578059586650022	0.569844353796561	0.571092959093681	0.712263123086652
0.534890620745109	0.515158048453197	0.616001823879034	0.699061541672071	0.652235532011223	0.648375068488761	0.879648472907154
0.86023632773001	0.879929573421948	0.552308370432596	0.743093319567864	0.694331862486795	0.708496061762164	0.686032253803467
0.780073034867209	0.790356342904438	0.586337995408261	0.7887890465566	0.713797563518927	0.70607963834704	0.754089686010683
0.523507649926268	0.533883230798818	0.570183836352388	0.644203140992838	0.610979538404003	0.603181559144636	0.755963124759552
0.535313862578857	0.535371629426156	0.601150002861077	0.67959160878217	0.629069198666525	0.638766636216045	0.8134519573496
0.880679515561823	0.892387215451636	0.607197072696088	0.806872830499509	0.780162803153117	0.788902287457085	0.810483012087969
0.481554042863504	0.502906458053508	0.577728143038835	0.649632577663794	0.609911843746618	0.59568953211758	0.7841297139915
0.778623378477883	0.763071374194085	0.564314120303581	0.731783302307249	0.692391764247529	0.679360619511541	0.740941466526845
0.600625262431909	0.600336066958029	0.614621242889815	0.763842168381357	0.678202050455404	0.676194682455861	0.82449918397358
0.692240771559022	0.701292741741176	0.612884492432071	0.761290422045151	0.694558650343075	0.700907907957057	0.841779387407078
0.497386108060541	0.500268380879156	0.582123348530875	0.592025170152465	0.590848781988553	0.575129545108635	0.792418147243132
0.505708868468525	0.51807662499585	0.601579007491111	0.628891950769319	0.613625839579462	0.600127979936206	0.851038162164983
1.01494351919046	1.02536125321484	0.651799391533258	0.972945190695082	0.860132296906238	0.857564225952435	0.949177076233574
0.811892321199329	0.777496717050541	0.613626045992691	0.820837914853598	0.732497955135385	0.73820168889255	0.845586048187204
0.490305859012188	0.486934586876099	0.575408822345896	0.59915441745674	0.580753660404903	0.587746529488717	0.780065820586343
0.507958052021006	0.4836888689728	0.554572343074653	0.587282702172568	0.574281670320145	0.575135190853034	0.750716097948822
0.784553465188745	0.748208785367177	0.619105363417332	0.781008360311712	0.73207880126591	0.727583672925409	0.827669578787239
0.559230092567654	0.550497196200578	0.64241590238279	0.760277750981341	0.695855788246082	0.691699675447653	0.912206518304351
0.693468940203903	0.644640872724442	0.619806060933941	0.780034603240801	0.710625869905517	0.707201308865481	0.848646463858941
0.567928714061092	0.557686081238228	0.622963819281694	0.758940918120917	0.657685862313064	0.648485042908665	0.864461566908756
0.503784727843845	0.495722566672404	0.553771042193334	0.610754972165079	0.577595938277346	0.570562521891796	0.709823676536395
0.517885705018372	0.532975857468003	0.607711189013443	0.662990801291183	0.623484026396573	0.623656491164036	0.878407646916032
0.968001794413186	0.97343131907944	0.61564433680086	0.861091341053523	0.797010192659955	0.816025642187493	0.825533384504751
0.590613703916486	0.6016427049286	0.64457526445684	0.776282504778719	0.703876368582388	0.73407595792194	0.93577994870045
0.57541938398831	0.556985755229438	0.59441817889106	0.682570406083875	0.648019316938671	0.63604076057055	0.817303966457198
0.527245208814599	0.523069119095735	0.580937124120814	0.673380364975613	0.626771146880172	0.625771757218486	0.769476265725503
0.527040585068332	0.522610196790993	0.630480058002373	0.631475961793486	0.622436132451015	0.654175882459703	0.928083773708392
0.564163088634032	0.579842379067708	0.608882258040031	0.734934764175714	0.672597163861594	0.677224471511151	0.849197387208892
0.557878180604615	0.550254551921655	0.635796274519634	0.736719563131111	0.662723064383908	0.662138566486857	0.888069496294469
1.13084546009689	1.13520093538088	0.6408525667304	0.958284684149643	0.907679546360989	0.900442015228685	0.89144561878979
0.869611052742832	0.889255246068293	0.640410972333509	0.879666513094339	0.775778822307975	0.791444714354176	0.83440615305087
0.507874718327918	0.516038348147789	0.613773814355848	0.685404381859987	0.636702767071456	0.661965730263168	0.81887547825568
1.04624886769676	1.045564165202	0.618209988216381	0.859867064893284	0.831800802951818	0.832216626190783	0.780649497023291
0.603180315150237	0.584013476101029	0.615074636268341	0.787524270523341	0.701146159844327	0.678163936806556	0.832051434744777
0.663216695689225	0.654871103768422	0.618918326725671	0.727096741771155	0.679036334958352	0.680681380703984	0.834487940357064
1.07870880439837	1.06996288836235	0.648682232656665	0.957658309597631	0.888007023519004	0.866954751824488	0.900088624501779
0.595264178868594	0.602555296147491	0.628773252601691	0.795536354535326	0.705361713689723	0.715006879977456	0.858610772396742
0.723782289649853	0.73071754757852	0.602665803964148	0.756945876566217	0.681210158576596	0.697262955057539	0.811188185802967
0.603331551084924	0.572229722301235	0.545612390269849	0.650986065723483	0.608772642105806	0.609431159226208	0.685236912201805
0.857233300232092	0.875656952714827	0.604528037603742	0.832818745816231	0.761739485276192	0.748690743690946	0.804378129398731
0.482959353017669	0.478463396120994	0.544647584104832	0.608046050307577	0.577788923016636	0.568470492443966	0.695363818682414
0.582378284663542	0.591102545681875	0.637387586040749	0.735280136424926	0.668362375148919	0.67611505410057	0.893870330357849
0.677179826951114	0.705143905513776	0.586423535328154	0.755893973675899	0.688982172707484	0.706366578249828	0.782476230987394
0.774008168906993	0.770548941623235	0.590666644724785	0.75293827361492	0.695538540969325	0.680927289997379	0.771267274637568
1.00967616040621	1.01835043583765	0.632726890338674	0.855811467809696	0.780398698787036	0.824006253354247	0.789547421630384
0.619157115047517	0.620197670800233	0.597226233501613	0.71609452257292	0.660063581406697	0.651733720468235	0.829790148867342
0.480195258971331	0.478538978914413	0.564274793998788	0.592318036712573	0.566716244739625	0.566143789738414	0.760653649120284
0.786693219114484	0.811070145718304	0.625532059260318	0.795921004250252	0.733692423908146	0.729963985228324	0.876704028550742
0.52076518856669	0.518511565495376	0.61254169912026	0.675025712256145	0.640228242403373	0.640364158837871	0.828403210701772
0.846862132857125	0.866210493206491	0.620613569331504	0.792854180004936	0.759579383689519	0.742477057336298	0.823432661383639
1.05080649986928	1.04842751793424	0.622735896431822	0.926666603809383	0.83934280331796	0.8405489630872	0.837189793484152
0.531651910954661	0.517155630929486	0.582383708546717	0.656608297917235	0.623246644467832	0.628052403501271	0.812119699895175
0.549474644236923	0.551683334388933	0.645153181362432	0.778906059722556	0.71199792483896	0.726586524219397	0.941372664835553
0.705309162726041	0.677873295841082	0.620036784748315	0.760857802407567	0.715914888930085	0.707696653637248	0.830450969169087
0.579137760958193	0.622973518719972	0.607591798009563	0.759814057338411	0.701323179352842	0.716957157488159	0.836065046852275
0.60662774347197	0.599549391306295	0.579903398240561	0.69817297986958	0.654463696571053	0.646473268115713	0.797808409899976
0.49371611436784	0.48847236996551	0.549320358828438	0.597814303981739	0.574291042634666	0.574283798699736	0.696426172540262
0.524337592310407	0.519966213735728	0.635420890351792	0.652824231745343	0.624726268994521	0.626871915113739	0.928047991078004
0.517658939543859	0.522243317191109	0.624402439557814	0.67802442475217	0.647752566406345	0.639255461696446	0.902886924000927
0.759247715334134	0.751804468599071	0.607680742833237	0.777263644329885	0.677840917353369	0.706105849188592	0.809761822700264
0.9645294361477	0.955525171364604	0.618877803143839	0.865558240716654	0.769202405376744	0.772530133673464	0.794440887879797
0.578859958175522	0.555029015883253	0.635750420621505	0.752623319435437	0.685836391317191	0.682720979965479	0.902371955363197
0.56092893462594	0.569031395583666	0.629453637946697	0.743748505209481	0.67946457070805	0.674823863875649	0.896446625800919
0.467720700111508	0.455130847235245	0.54664426023091	0.554143541893517	0.545154255336964	0.538930486209565	0.716976882750914
0.779270962680388	0.76644787579673	0.570083158743125	0.763623979938377	0.699353392898034	0.704239702822317	0.738562463147816
0.468174998716237	0.483156447889655	0.54739198186127	0.581461980019599	0.553265392479034	0.571406060809123	0.703569327559891
0.723124052784801	0.724588930277731	0.569400495514669	0.682719985104581	0.664320473364981	0.665395238446766	0.720648972082865
0.49645815954108	0.50182568104823	0.603657918341129	0.613614870043714	0.593513570077821	0.602929876915436	0.825751007602402
0.502986883024472	0.514612484793948	0.563706113875675	0.646272034910069	0.592154484959102	0.611463128201293	0.724771785279829
0.510363158336771	0.518571600115241	0.574445694785645	0.669206802661893	0.625328569037772	0.622190400543816	0.748566584933609
0.504015003686378	0.501102039046219	0.59651728801417	0.658057739369668	0.607852073761693	0.6152793291136	0.820531994739855
0.746716636784426	0.772585679078971	0.588570065879137	0.746927486820797	0.730149013884587	0.724518672211568	0.746413747098546
0.869732018325855	0.844383279781471	0.628939312610045	0.842884982342197	0.746805660232156	0.778560015286185	0.88184269844582
0.814346578280598	0.792782798666129	0.600281455641307	0.780996204392468	0.71681123990412	0.705372440982992	0.782967316472919
0.97046875347053	0.974501727958096	0.626891054062809	0.86229834531274	0.795830653806005	0.806974313196937	0.803442872821111
0.569667926994601	0.561514272419173	0.57894101250035	0.675813619450872	0.639333236767144	0.62198558602333	0.742351593973824
0.508547950852837	0.493369271271868	0.603162425949349	0.606110198693865	0.603710937023226	0.600150772086411	0.84811709238501
0.840486113189338	0.800260788443573	0.59143581432635	0.77815216505084	0.702924904149695	0.723636263757145	0.734023958574145
0.867143814675235	0.89103329253926	0.58774979347303	0.775008715049089	0.723838459004236	0.731561673843919	0.758687440064557
0.996341878450878	0.992176982944621	0.667921485712371	0.98990129449845	0.867691012837088	0.862200216843171	0.954564788395106
0.587154822682729	0.583669259141517	0.623560376421915	0.817983765925802	0.710757737920142	0.728520044958486	0.906996983538188
0.797421316310638	0.78613274641756	0.619092275447027	0.795729732916503	0.717352492509651	0.72040287246126	0.845582368088278
0.675689627552123	0.64687196097999	0.613530440021596	0.764081369055695	0.697118999267816	0.686581473285834	0.874847407201642
0.867406603489542	0.884813211175365	0.593523541306514	0.808051300388415	0.75342912754193	0.743265941284597	0.78438269472578
0.683220812648581	0.677437414804259	0.628737744659134	0.744321073436818	0.701519391528973	0.701736913019497	0.889934833605435
0.752173640676273	0.743909004767023	0.645171396080363	0.844204660647409	0.723342106331106	0.761994788502622	0.92698812324906
0.912795425950352	0.931203213071174	0.623198949632764	0.813401328164238	0.765275416623523	0.771570756809996	0.824650301166092
0.597099887512163	0.61838801220683	0.600155423740349	0.736865923618278	0.652516994059042	0.672974510437723	0.846379244002601
0.558777467796914	0.563366998312145	0.645986784125894	0.737964500904049	0.706205072857916	0.673024782848443	0.920057408358507
0.637834021581597	0.635413791272322	0.577944678048239	0.747217813777264	0.690179080721851	0.683753375443909	0.769955149647556
0.646157317427756	0.599210463657236	0.632884034622196	0.80763168508398	0.743058722788661	0.71897467149549	0.90749355068664
1.14930163724617	1.14946267966091	0.615151944710818	0.94809382259504	0.911787003332815	0.910589069777554	0.796561288521454
0.550220166293892	0.590824883224798	0.627929898265175	0.760455380631852	0.684561720617114	0.681370597342076	0.89575182523685
0.591827673438345	0.590534128271319	0.56979908448515	0.675228051598172	0.623364108491987	0.62944808875819	0.736780778291934
0.585984861471684	0.594143218408485	0.663995343221997	0.833221273254424	0.732814674029906	0.726304612933628	0.993104987365351
0.480280405373364	0.478887328483444	0.597905068919039	0.585800801723652	0.562335903429841	0.570758775549695	0.773113192608797
0.509908004423532	0.508906111455581	0.607286474711692	0.62242375542351	0.610719996108334	0.601594478172455	0.814393587942846
0.842342169033708	0.819025029564979	0.608440934319426	0.80038133844625	0.758286142412502	0.736149730781398	0.861242154916294
0.488823852402446	0.493320916158398	0.575956746695176	0.585623793695531	0.574018349579401	0.57596345097051	0.748547387735914
0.535652465953566	0.541437570133713	0.624723232558517	0.73074162109751	0.674765715397772	0.676729837887732	0.878139555218439
0.593063295079264	0.612281671092576	0.58523703752678	0.7536338739346	0.698944980514334	0.706436472266195	0.787606657812105
0.735137911357904	0.74221558242899	0.658080604298873	0.863675855935294	0.750870921383887	0.767476093372645	0.973372238472175
0.821005153439956	0.837241639905991	0.579233335272188	0.737590157970373	0.713425900793751	0.74389030574457	0.71930185071664
1.04577044669008	1.06626874267153	0.640408955342277	0.973495274564948	0.882665919775829	0.875294705287651	0.873839732763904
0.494515962439375	0.485246481659919	0.54661953185531	0.601319739635315	0.571921023497102	0.591856037831233	0.686185542123926
0.541889118440254	0.542749202213557	0.654689804021188	0.707762351531342	0.669305866759675	0.678800902913555	0.938494431719115
0.573750183837798	0.570294369717875	0.61415426395349	0.731035257863537	0.658985543852208	0.690302157454405	0.855811826140832
0.87327564860352	0.855458784441991	0.604095563693378	0.836066490768834	0.730907112176168	0.751896082975397	0.805252887785112
0.6734727223512	0.664453964044332	0.566853256870219	0.723341164272115	0.663088203765354	0.660412362261299	0.735853141603677
0.92245209628136	0.924796132770983	0.623141553203742	0.865766650952336	0.787470196468172	0.792015524766447	0.832471087015869
0.518595078375135	0.507259191622101	0.608359942856324	0.610336101508458	0.593428958034563	0.597206079084412	0.853461991069506
0.634113774197178	0.612616571334408	0.64444176690491	0.776125988815676	0.708887969427098	0.725299329634449	0.945826021527111
0.869386020342677	0.878115065670381	0.561947561142188	0.792085357594146	0.736327850027625	0.728482228447811	0.719827727213115
0.770431891609335	0.769504911654931	0.64462385799305	0.856855359919881	0.738284856578449	0.768974109249375	0.93909951464096
1.10444319387509	1.08360524569196	0.637732964574071	0.904655168488394	0.90243120878925	0.908615769753231	0.832054900701913
0.643229190173752	0.648098169028777	0.560006601158087	0.711741708358525	0.646314814726753	0.649245570875359	0.738461949558952
1.05477550417135	1.03872737125214	0.643170634533203	0.964683155304159	0.856303661799668	0.855457970402858	0.853304612297861
0.692768411464084	0.727497000553551	0.616479951128732	0.800018732574876	0.733110210717992	0.707398111923784	0.82454936763338
0.505228992715619	0.509343811292712	0.609906457416338	0.622436201694923	0.613251430675817	0.602186201550487	0.892573161665658
0.887946763118445	0.866877694831222	0.606373994936817	0.800598331771583	0.73737637037213	0.730328167526883	0.799656322055389
0.579031274745024	0.563255045797976	0.581331420094511	0.69470507121379	0.637666473695852	0.655216083574093	0.806675273871307
1.02048976198804	1.04475008221671	0.647090932588462	0.887570466745057	0.867633755647635	0.855497416671195	0.838552791831003
0.931724660915726	0.937125183892164	0.602661548109106	0.845996766070783	0.765486528682999	0.764117535905119	0.794659093042102
0.538863369604448	0.535934044904275	0.633663415075894	0.753664224064158	0.67375905165265	0.693769890620289	0.892601985872004
0.563633554387826	0.575246629239465	0.682987339849178	0.763361693232245	0.715778784017617	0.71223381551051	1.03470217549493
0.510324627953504	0.499305844875399	0.561220745333234	0.625329617961886	0.592491739319401	0.593696839800624	0.735251525906634
0.870530125966434	0.869390670054885	0.633211806760002	0.85731059560005	0.772312204673619	0.779267740576746	0.877402925314255
0.872928516604206	0.893731626422328	0.608970612938394	0.787020729290241	0.746091788501037	0.748803827749382	0.770702055153523
0.771912224674413	0.753965103140336	0.596426312324587	0.711138452810484	0.690170948740859	0.692935853798361	0.754782605308962
0.50358654654506	0.51963943288991	0.613779729003936	0.655468566236794	0.628740565648808	0.640890394670293	0.878816510389677
0.971770795288474	0.951735902824295	0.637454684832588	0.872665663006079	0.800941947869479	0.793916196467204	0.889950120471701
0.574178625043519	0.570301285773213	0.595176263223854	0.738653303624998	0.681033142434857	0.677267165712035	0.800483112558323
0.502138969645473	0.502476748454016	0.5928197909621	0.638284224197078	0.606393817976326	0.603137506635441	0.8062353713321
0.851121323158324	0.852164541499922	0.591864669808499	0.788739936482012	0.735995416669378	0.718285461676778	0.775005555781303
0.558231438148238	0.527440953819644	0.64585031831715	0.759152840562368	0.709897821263147	0.718534088504761	0.915747270653571
0.541664074471043	0.508999223987167	0.593362326841323	0.642063180303173	0.624929879971938	0.616238348392886	0.770262516755615
0.487698293583937	0.49513570415601	0.562129796445926	0.621572833727686	0.590011950878443	0.587506615422934	0.740151152109519
0.652216809316158	0.675796300188529	0.594031767945125	0.722421508301521	0.677060108303284	0.670178001899443	0.821276845702876
0.952224841138791	0.947360780006905	0.633696323861419	0.843012680872053	0.826400032726412	0.812956570960278	0.859767914051282
0.507375109119142	0.52213091159768	0.560582755810417	0.619267711201322	0.579566542369455	0.570801444353807	0.706549426783178
0.523058190033553	0.50864984707853	0.599584781127785	0.636326038755915	0.614873389530099	0.634282008657295	0.861567881295838
0.663252538610139	0.701583922521721	0.585583473931277	0.710369425422505	0.652679797483012	0.645328039808173	0.740920200097008
0.510937175237261	0.524262872141888	0.624772800053282	0.641044293786264	0.620286745112149	0.629988702090418	0.863048208082224
0.520624106307994	0.522765177796921	0.591658010551752	0.685959496293912	0.643760390105594	0.631460282870964	0.799160620445386
0.526219915697219	0.523297945659678	0.576815479472638	0.642895646206444	0.601213763457446	0.606039945415428	0.748159551335336
0.51951197033695	0.523462368687705	0.586345385657002	0.6474742089992	0.60840398645419	0.616051633810458	0.78339873074915
0.722340439355807	0.738941567350928	0.589723471705284	0.79862646894439	0.707354806500871	0.714418619511035	0.788819264765531
0.517604890802144	0.506101252320339	0.55560665466992	0.660907344724718	0.623663696812943	0.611852963347585	0.71087116272001
0.517735877164268	0.522276995367004	0.635668874782711	0.662822099376244	0.635719220919454	0.628735270446995	0.867297932794476
0.672067657532785	0.65910660023997	0.645364542131838	0.813446599617661	0.726389271648987	0.726223119046157	0.915955949189653
0.60966529481419	0.620397054372643	0.577423420968142	0.66226894190546	0.616767188013083	0.636514113760262	0.750641694003074
0.494635074161162	0.497477661199487	0.591196968616869	0.611777961999259	0.602980565989227	0.600315345287829	0.824892793164388
0.548417009087798	0.557885887186472	0.60070183918175	0.673800144216479	0.635400126106815	0.645480783635857	0.797075069251005
0.498869028854411	0.490079936929748	0.54738477145513	0.630970731912814	0.583626436681969	0.584172520786468	0.714500703646553
0.544396653017288	0.564739453389593	0.64625524064947	0.74052688391557	0.695898005712844	0.675459037461887	0.949799833808637
0.572190211210972	0.622383504246992	0.655107144717579	0.891471384375868	0.744431497253915	0.753855950379728	0.9948939798186
0.665798257227204	0.629266169574829	0.600430913919124	0.73991634212226	0.674602339010231	0.665712731967126	0.808643947608789
0.489758389311113	0.478631715052061	0.587415288360441	0.591560398028201	0.578444798814337	0.569986516009547	0.775206828559496
0.725552392714259	0.739432244018972	0.613163597296825	0.813663095107833	0.73235842577544	0.72971604908814	0.846766697394358
0.659108567280195	0.659030443247674	0.647587566471392	0.847021581746885	0.741465622789986	0.751494453671447	0.924618733814197
0.994242976174649	1.03901684895561	0.665639527109434	0.926410908274502	0.84961031724887	0.855938145311623	0.947722627688869
0.874284093740312	0.873981071205532	0.607869002019711	0.856155564562106	0.76096170547321	0.788992735941987	0.824094566743531
0.478786977664472	0.470154208955686	0.535450940776753	0.567047741215539	0.560400817190819	0.544145222118973	0.681918637465703
1.15750412937447	1.1447708283294	0.63598613382062	0.951313871981124	0.885504149616249	0.895449210817041	0.826878609397414
0.519026967153916	0.509929845366881	0.607151233439727	0.641694633821222	0.624799507185224	0.619486092322834	0.834064476675815
0.523970828180591	0.521388726512036	0.599672319185084	0.691674557817961	0.62653298077274	0.648445962776437	0.78255147964693
0.52636555130944	0.517116005825706	0.579972570996033	0.661972265964672	0.614790491401962	0.61278129890359	0.747610064864114
0.547972189805567	0.55607225676166	0.643548494374107	0.713531882959993	0.668515518069504	0.667539264409773	0.939966059522854
0.763183135651778	0.785552257832439	0.603436811058599	0.816096386617755	0.731775440833833	0.72080361496896	0.821525718097901
0.624226443097477	0.58477252254296	0.580711613712195	0.732672915813561	0.685295670801076	0.68650499921049	0.754933710616749
0.628285390459774	0.60241336576386	0.60240051825052	0.715540810231322	0.658249650706164	0.654206113070706	0.808966342032018
0.553313376765347	0.53605429206604	0.567327576242103	0.68752102898195	0.641701876193106	0.636810296706647	0.743574711360453
0.977419133613564	0.957657813374542	0.685879733390505	0.954128895602012	0.823344572763007	0.843591835931681	1.02641371624787
0.648882370808116	0.650064039029975	0.577445459262609	0.684019341161049	0.630665690458413	0.628176457904497	0.747257122251266
0.951475357060419	0.962846014003041	0.621956399224478	0.896432793039863	0.796376829898147	0.816390224400887	0.852790580185083
0.866513398738663	0.866864716832279	0.570779942670376	0.756753179179561	0.722444870951657	0.721112696057933	0.742802049787165
0.707206188578282	0.683316411628656	0.641335914693711	0.769424888968509	0.709263173606419	0.69409223577981	0.910076507577072
0.521810823985321	0.526296211354568	0.617387053220011	0.652419811718869	0.62692724125284	0.621428850136485	0.862049907749345
0.595355573969158	0.593482648741009	0.562646462859522	0.659721205051622	0.630454261210979	0.60874685342953	0.723205698823648
0.810650320269467	0.805652237381523	0.630035409611235	0.835010646562059	0.757104904940455	0.756730339153186	0.895727291510623
0.945820167825956	0.942403468890782	0.633137151642175	0.899080423578751	0.800910301020494	0.805466610803139	0.912953210004109
1.03142283192846	1.06588283564337	0.636307657417575	0.885174222358086	0.869609906419365	0.882327835092968	0.824280915548895
0.891661813252202	0.916579614906448	0.606915963384897	0.799164241863575	0.746736398818733	0.767679953501861	0.796925247337469
0.557303427583167	0.581255522064851	0.610002997867811	0.728488371105915	0.65872990979193	0.662153080541788	0.826884671190455
0.74947435997538	0.743709454126327	0.60113210187687	0.805890753258278	0.7249521365677	0.742433004608378	0.809751461932453
0.924518424042146	0.906091683551477	0.632204236911816	0.896326040046927	0.802790059435178	0.799419628988886	0.887793639356796
0.518760156157256	0.542074882522527	0.592403788829081	0.678049474913359	0.642189856970776	0.622335283541677	0.817708507453857
0.611559194031382	0.610175451996952	0.564535655077935	0.697509943752191	0.637976722520469	0.630256237665605	0.753665405899115
0.680085878805699	0.618335606782735	0.652891745100496	0.82699361876419	0.736470326796657	0.713021069758969	0.925904315266913
0.542912687766121	0.513572686940229	0.606758359617358	0.679077752699867	0.620444091840072	0.647346638025294	0.826372313936693
0.957309124967227	0.969180822696384	0.623941189671558	0.85121493884651	0.802514843617127	0.809280193487121	0.8439636310468
0.751841100923864	0.7527131396645	0.58375149620981	0.748303263607353	0.674601162813717	0.674419371961502	0.721616822957066
1.05733978058175	1.06623235814724	0.646277756929255	0.911999361747332	0.907037869376827	0.921264791515977	0.868346014784046
0.488141921274074	0.491920708113624	0.601112325914008	0.607708420355609	0.597064394876002	0.581103801885777	0.788612861308029
0.507945763240705	0.516653632609322	0.611291404504734	0.642003835135145	0.619766233249477	0.603489051026861	0.904539684481589
0.668953183709091	0.647661763306914	0.677595523613522	0.847744658037995	0.751132376334304	0.740636973313759	0.978746159733793
0.514731485493462	0.509854806483448	0.637484883031195	0.658820824799653	0.622889797519018	0.626248812211427	0.908253576607332
0.76402230169973	0.767686713289945	0.628213712080224	0.808595664898133	0.716965049247884	0.746842473527055	0.865164515465372
0.975332313156053	0.975335210785314	0.657740076441467	0.952524226202386	0.862606702868929	0.828318365846054	0.958933282669515
0.570830518517706	0.584732968812051	0.599171213473287	0.690979770499432	0.652458278150007	0.644842530434796	0.817994666835299
0.57156632310939	0.574727062967919	0.580886089270544	0.699307243128959	0.664011935722584	0.653637232038607	0.792591945090321
0.531473601016369	0.550977609535927	0.597689037691449	0.660251336233048	0.621187968254531	0.660971364578366	0.794175491178327
0.858474974663375	0.845379504624026	0.628518037375253	0.879811151881653	0.763574746741182	0.775248379049932	0.888942314401314
0.678736015600048	0.653701091996334	0.630678199083595	0.799920313908802	0.727582789113606	0.726781964469884	0.898466969628579
0.927770595372227	0.885577820284492	0.663123359575143	0.883785701503267	0.802646179672666	0.801001369757428	0.966354030543661
0.560045584947646	0.593410175697118	0.62917998735612	0.784497194032147	0.693750898778222	0.689111380283361	0.897095642749728
0.613875804744698	0.619966301818784	0.638171956718206	0.784945504114159	0.710383666857566	0.699650488149527	0.978213798216342
0.488527491741572	0.487019352894467	0.584271942552764	0.59084715295935	0.577253692185201	0.580212675338572	0.765473082458765
0.690102154567219	0.676038225244332	0.588437314347692	0.711021613373117	0.65853072208837	0.682031061046067	0.763956107616752
0.756863360962482	0.744450556595667	0.657034323661003	0.861828636715935	0.774776792652291	0.77853833727703	0.936746150662887
0.576874743084915	0.567323982872746	0.53876626214349	0.624684087659313	0.569971770784433	0.569678790282802	0.657586195676508
0.531736756442877	0.532628099389492	0.620226002496761	0.719080264103469	0.667977604789569	0.669505384407224	0.890705886720426
0.524271512476058	0.502888553859254	0.627493690487194	0.661996047746098	0.622866529401524	0.634594904998276	0.901473387967665
0.500124110756728	0.514576827239549	0.599720640097374	0.618973196590078	0.589160460527626	0.599767435912675	0.824808528550231
1.181133443636	1.19090892263315	0.668399813071493	0.970246563517645	0.956795133495889	0.953056098621951	0.873049289917384
0.885138905777734	0.876031439073046	0.587022002841885	0.775415617755991	0.727797386937451	0.733856836392158	0.760935569940843
0.860353451502456	0.861953759477628	0.600841483687477	0.790149943654423	0.737726561308414	0.749366885909565	0.774248179388079
0.907337577154977	0.910431930922476	0.654097899750331	0.884363717888589	0.804112499029437	0.823692349147924	0.959905024073892
0.924283771709282	0.947419674727089	0.622411216592905	0.886743397608823	0.781693380224788	0.785625556164891	0.845393372512593
1.14088122242798	1.11718360192722	0.659245800243055	0.999904403670938	0.916533692904309	0.911028837927596	0.939460424838498
0.694593080452938	0.693013291839164	0.640765158284029	0.795573108910117	0.725201623337975	0.751974695188489	0.924209655833314
0.820898955254654	0.811774720241803	0.583844359880244	0.756945049544503	0.710366555220302	0.704911531165292	0.749545278014808
0.700998306265543	0.706436763018984	0.566649990729632	0.68889592853602	0.699589611681376	0.706880017661379	0.662719588495107
0.746862268373631	0.742421268451699	0.5905979669442	0.754072157357505	0.691372961469341	0.701772560609427	0.767936722831222
0.782380869327473	0.767503722716904	0.56015110517787	0.718246102989258	0.66960141599627	0.654862539414678	0.71884554224751
0.511862242009467	0.524478679202895	0.583245844562979	0.665598269569149	0.602481532661178	0.620434033644073	0.762303497077816
0.517148576151208	0.516423860228343	0.620955283260409	0.644852619483006	0.631442964186738	0.630731120338601	0.906073605921731
0.842802629849297	0.840048582353736	0.622479159710176	0.816762886755419	0.745965127989268	0.764210965008601	0.865125009608682
0.650914977703996	0.6029818096519	0.641265568026273	0.823418001270923	0.741722361954553	0.73935565985759	0.947704074744382
1.1836732012554	1.18913268007771	0.652822610788732	1.00287606421052	0.926292749040468	0.956943640243573	0.866115073172706
1.08795704570724	1.09957053435183	0.632888055269615	0.959666535431467	0.864289726160669	0.881413997216597	0.869373232997535
0.711767598645385	0.737088974802672	0.61099814776996	0.797319396480506	0.715203508495334	0.731371898537141	0.847880361483189
0.986478862080683	0.969057811803707	0.634657180271691	0.900948718493896	0.841703226852533	0.835581267626695	0.850054270776819
0.680120306448629	0.681019565825515	0.557019664376742	0.677859222179804	0.626813444403852	0.626734196843705	0.714348107468954
0.512053561583859	0.505553701139181	0.587104815938659	0.630259990842724	0.588302564003661	0.616669292095678	0.798970982875034
0.591385134764987	0.576749589289675	0.606449547627455	0.706696428442892	0.644651289690111	0.660301446388784	0.82503261613966
0.71381851172984	0.728514608649894	0.672417305266061	0.869485765924598	0.777113229010069	0.781285623575867	1.00238407503278
0.95743851732806	0.918748035501108	0.623033893919163	0.888593163275365	0.79757432803531	0.804743004434259	0.883629412835951
0.609074983024224	0.607273519853512	0.650622117205723	0.849710459826212	0.737493196327075	0.734871764723052	1.02093204114604
0.813445672906961	0.827382512439922	0.546971317325126	0.720884405471383	0.669629902153121	0.665572752415065	0.677707216202487
0.581579422450127	0.562507087375629	0.563733682209583	0.693742651216115	0.644960988016507	0.651596657963587	0.725297117729363
1.03874543699447	1.04293741277271	0.624240061981102	0.872604428449223	0.824869440326888	0.839590355080502	0.786501728573663
0.514755028277151	0.50682122012067	0.594898026909451	0.653811617124181	0.628253471470282	0.636742278536073	0.807186101727716
0.521435081938763	0.509292262816466	0.597760625244794	0.65328029211766	0.618454276217284	0.624415117059192	0.826855384917275
0.763659138167852	0.744802358327362	0.588036466556378	0.757809897789392	0.688440708851959	0.688659182202466	0.756472669340832
0.558909824240021	0.572734244080218	0.583863873543401	0.685298178405376	0.627367142962338	0.636164167357165	0.757390980819022
0.502847993710789	0.50498359837516	0.546771021067029	0.607597554716751	0.603974051038028	0.583070678838158	0.726341335044312
0.594696711559616	0.617300076812402	0.591239743941031	0.732391652685923	0.677588496418272	0.684877281951384	0.81431300778065
0.943818872216968	0.946054633145936	0.622228988450317	0.83496498439026	0.787215282386522	0.782283786422578	0.811024068741171
0.857001307887446	0.845660613066221	0.605567642551658	0.823735412866823	0.738001731479591	0.727508826508367	0.795603869340927
0.516575214743029	0.516208033063572	0.626115453365911	0.647763360667346	0.631933960526375	0.624605293159	0.897052818144037
0.537094556689821	0.543667982031918	0.632975222547541	0.724580600136334	0.644157612478383	0.670289981925663	0.922392729003643
0.605269462531337	0.577948772729662	0.632267705030358	0.796763633153104	0.699520840933609	0.700238679504711	0.887976041441875
0.500552458988352	0.504175563057954	0.544224574850569	0.62663003084233	0.591738559178988	0.57951143561162	0.680473039350167
0.550036382731213	0.52856123198283	0.547158515938565	0.636590124889859	0.602334613367571	0.587021307692472	0.693240989545866
0.624670425327821	0.628011977132248	0.606962589075457	0.716019119499656	0.656449461704357	0.64718965923258	0.81548323934994
0.746402399568837	0.754985997062705	0.653926524826778	0.860214272014016	0.805381791873079	0.77173528451405	0.966277990188062
0.88239150290568	0.878234037067234	0.618710333546007	0.853745872959107	0.774902573615119	0.780612623886667	0.908730113416274
0.787229033994372	0.761112500962433	0.572457294858778	0.739761409517891	0.690046489064833	0.685343176451099	0.732751742691639
0.738967216600164	0.727304916202423	0.640238690554786	0.798984987659465	0.739830986711281	0.728265347355982	0.90173153656522
1.03825828502212	1.0522992673337	0.678444370303624	1.01530995750529	0.869002957978506	0.886068493004457	1.04860666403521
0.791004731127663	0.786730626831981	0.641709498658942	0.855836561362842	0.753086407673468	0.774263609824195	0.910243566790969
0.987498324202131	0.982299130763602	0.632420718574597	0.903048502731208	0.83147199636075	0.834702329207111	0.887810354116639
0.754983162728292	0.743857992574257	0.665791784967021	0.875179431111853	0.761969078616832	0.762645591070654	0.965398500311114
0.678210145120646	0.669128830522145	0.618872112122519	0.749043981914309	0.694929621425515	0.705918194919721	0.810873446636414
0.501759368272367	0.490631668624786	0.570462374405375	0.586159920279372	0.578830409022669	0.562366404830543	0.776881522063974
0.521361484811183	0.530164176508861	0.59137922310249	0.684308505540765	0.658465748741612	0.644716384588613	0.800493993247881
0.739527868781315	0.679922771488933	0.63478242728816	0.811224139278452	0.739902341858059	0.741674627857164	0.924404371671737
0.724514348892579	0.742365516835607	0.637618994738835	0.811642935050308	0.725906319357104	0.721736732618184	0.895365619469102
0.910502407744233	0.918431922047943	0.583568600517978	0.785428503167264	0.734113429123164	0.736423892388684	0.74692049435882
0.5167949315414	0.535445518913828	0.600095343231437	0.68152277481004	0.642672631435028	0.643776577660174	0.8302345229007
1.05037549351391	1.0509348051397	0.619015597737978	0.879770216076092	0.843793855825521	0.845714713249783	0.80752784713634
0.854950716640976	0.86216693207838	0.664578525286069	0.884449226468997	0.957692147538993	0.963491366847554	0.824267733663859
0.53152554094935	0.542653241928086	0.579616598705444	0.639636320324287	0.613573265495322	0.592807430688215	0.738812652190706
1.02190351724471	1.02809719197935	0.640484689158013	0.858235307835878	0.829275572531639	0.848636201304574	0.819902905066449
0.586184670160828	0.60071424306516	0.611786868027507	0.728167486403404	0.652717475348383	0.656868370341239	0.848334914365218
0.478729841263193	0.484122519004933	0.565489214886876	0.593234496091873	0.564445383441611	0.572638114955233	0.742925877959683
0.661917005221483	0.675548436559406	0.625268681482097	0.821603371920564	0.735304413851752	0.735720393932309	0.87196693874264
0.64999679017413	0.653630158590755	0.638367709746967	0.795942997956468	0.705345720859448	0.727872541216769	0.940805815663949
0.533061065423755	0.518534803924417	0.614668636255359	0.668742430896868	0.620461705463986	0.614245277635209	0.857886149272127
0.507274584421475	0.512584921515435	0.596634982237294	0.601674803351589	0.582881917108607	0.597271135718089	0.84149856304745
0.499456377272117	0.505348706002596	0.595798614689839	0.588047124240508	0.568663680397068	0.589400024209952	0.816493217755841
0.487043287640708	0.480506895414881	0.577521456783341	0.56273256540643	0.569913937962618	0.564982780823052	0.763955753606011
0.500041281799355	0.498244898895027	0.607030846749833	0.601824786063996	0.580726610899568	0.595788126449066	0.840584234708251
0.800418064359865	0.780768043913883	0.621196948434766	0.784840343016422	0.722823799559095	0.721035540735141	0.823266256662017
0.518469102637257	0.527162303777215	0.611243769477815	0.685977435680658	0.656233531797517	0.655880046920625	0.826069188931275
0.887888851833802	0.874178386027131	0.582922010961422	0.779023106470692	0.725591825426064	0.724446702140594	0.741351479652138
1.00152556393265	1.00461792701932	0.61815192895801	0.867924826847067	0.819818743776867	0.821227572602099	0.827896568688831
0.519498289083342	0.539573815778262	0.603213682373848	0.665979450249103	0.626152031624533	0.642666666423381	0.882875356171128
0.903105533662767	0.9250448566718	0.610738412954214	0.845892022572463	0.772356331707742	0.793742473591095	0.837257365429337
0.73978593095388	0.756223364420961	0.635360916149406	0.791215466309276	0.729938014886851	0.722390244674848	0.895404842228412
0.70048052077782	0.720698007615268	0.571647028924943	0.683967260781184	0.652644511436205	0.667197008474104	0.726814512110305
0.654057352595168	0.648458366672978	0.553060513401359	0.724875422477748	0.637147805908022	0.650120021893492	0.708007779733267
0.494129440015989	0.498083069552168	0.574977731046508	0.586874882721371	0.56160760160402	0.564309428009494	0.787941628526186
0.511781296851756	0.509563682380629	0.596908457628886	0.656262227861992	0.609512786682896	0.60922075985176	0.806236772902565
0.657590941416889	0.712945015328721	0.612984364053678	0.788100842514302	0.716289616992458	0.711971915870449	0.849409001758647
0.546592495932495	0.554067186607321	0.651822025507412	0.764724149042323	0.68482452454824	0.692927908347678	0.90378482126124
0.912120630649663	0.925806906504788	0.600556629725166	0.831065221066216	0.773163831934569	0.783581785662164	0.795646137931414
0.979720277950782	0.974161049979422	0.623491894558585	0.89828872650319	0.791863004706461	0.815232070110248	0.859358965806805
0.499668207520351	0.523303127323442	0.592379141660282	0.649613012355235	0.633516766272832	0.609389525872321	0.813761919287528
0.775393710853812	0.7505004917157	0.598425184720667	0.78385842061325	0.698930918215532	0.710060972075641	0.837322491144934
0.487236616325299	0.488789233090181	0.579156130603321	0.580849423661962	0.576789441682109	0.548744802028764	0.78669216204743
0.514881510491683	0.492754518632271	0.5989973413439	0.616105798445754	0.590563764888355	0.594055258412123	0.785284355949821
0.731972708811609	0.728529232362498	0.605290545212058	0.763761856077228	0.684604333345342	0.716523527700673	0.844560869074541
0.530435059758552	0.543233726666913	0.624352010696829	0.68069428394193	0.641837212280531	0.657872917131541	0.920767405649144
0.512187580196671	0.501878388554531	0.57452690492025	0.621969492341653	0.607931048085846	0.609805516147395	0.783880821885045
0.955399834744025	0.958299416778479	0.622630455329017	0.856980438771609	0.792768650387486	0.795686467459652	0.8547189084213
0.53477080652936	0.550125518968717	0.632453532326152	0.705667770034462	0.660092910674052	0.669713901380071	0.924558541379018
1.35827050826587	1.37463006135475	0.710155019242913	1.15191575175503	1.09496823093037	1.09692728595334	1.01512892380898
0.483431120042103	0.487068396976749	0.579186629919499	0.57785721198207	0.570142255434573	0.564952065169126	0.782649125311455
0.498706387506884	0.519062126629682	0.598256222926862	0.608806010596668	0.585786448284771	0.59193515488476	0.822497093345111
0.518775098155142	0.522838465012703	0.615976457063274	0.671441765430346	0.622194626019902	0.619174917620046	0.812771666329533
0.518496064316997	0.521440052987533	0.601396410380949	0.645268677634379	0.598251065752438	0.621946149620097	0.801375618392818
0.603735543552039	0.604526632561132	0.592845889976458	0.717914229900891	0.669781453594278	0.679431485187952	0.788057567699357
0.586755979005195	0.637468383086087	0.637849357414351	0.837637777358473	0.714909093152682	0.766650543328744	0.917975490383535
0.543877334643582	0.558328892216979	0.647343114795635	0.731687458480909	0.696619083062328	0.665679690385221	0.973201551059639
0.522124021407767	0.505258794306921	0.617674686647438	0.636283894896327	0.602218721995081	0.613405847699172	0.825395114466892
0.634728985036788	0.655936884737716	0.606766520713148	0.736932559331079	0.682310241592843	0.69159020120145	0.870415275739867
0.998059323255425	1.00218198737816	0.595486490384916	0.863731594470985	0.801669768193509	0.787623927981001	0.808271036656722
0.529526690305208	0.54308825978389	0.636280582469161	0.676812039117707	0.66082000110453	0.641108896580394	0.954306739919758
0.818450312285463	0.803640508980139	0.593620755270948	0.789297299172321	0.807330164526977	0.803897100483936	0.743705164747134
0.868172647827622	0.931764189422676	0.655154605888198	0.890636000799915	0.9573870810655	0.9475614096576	0.838519941884382
0.530147869152817	0.501334573378152	0.552232875716464	0.624107683095062	0.606917332094485	0.57006120965287	0.71282784726853
0.946956576900965	0.969336129440082	0.637515772342249	0.924697005503342	0.837600421820464	0.818560145861857	0.926254583022072
0.813086173385201	0.8198748665964	0.638430798237531	0.854996069277365	0.756244875253551	0.753034328535117	0.90062969186354
0.554971660493116	0.571093298692364	0.661794391294643	0.763992146937577	0.683326364059395	0.703633920579018	1.0317491510497
0.53461587382563	0.544353734649808	0.55717094972138	0.626714910365098	0.587283178483526	0.601405854768784	0.730962356347773
0.975995023867269	0.974711229135999	0.619725766612036	0.86615861868758	0.826175756963321	0.831102511366858	0.839774721386351
0.508910411720262	0.509421388498055	0.612653258760701	0.655740265010391	0.623364056538458	0.627576494060949	0.809908610145611
0.472266352233391	0.469619866170061	0.541356154937373	0.572113808811794	0.554100576255525	0.536846261444208	0.687814474808435
1.05477466999166	1.04892078536552	0.62019940071384	0.907797935572908	0.83728760153084	0.848035676707121	0.823163086907037
0.87405973572642	0.860350292093586	0.574357262864292	0.805672251275128	0.745623407249557	0.721101198683667	0.741892816923014
0.518026294364748	0.498393634901938	0.578960048867284	0.647390572317289	0.592602139533016	0.586937106030744	0.730283889277461
0.812727803319208	0.792454869935986	0.618190294222661	0.830604677625678	0.731213904129482	0.729493809027271	0.868740373594604
0.510184616497439	0.50746592800879	0.605910554646013	0.675929303650126	0.641696776534338	0.640193311308395	0.83312884916325
0.803134719827282	0.799532422129951	0.595890248677879	0.75350339489484	0.713228945974808	0.721377677298244	0.781555002137417
0.902872887121953	0.897612338292608	0.627481934512639	0.887963517825108	0.785802626415207	0.785616987421248	0.880684944841416
0.539412622626466	0.547275322077942	0.656331797846395	0.753199697385364	0.691675840958469	0.682462206397814	0.975153125993102
0.556929439661107	0.524883418506089	0.575406555185977	0.635757787479327	0.598181297246427	0.617589167791033	0.761116527207072
0.535330810145026	0.522543265768171	0.599180072931151	0.677207636554608	0.629317462630473	0.648869935121796	0.796175989748064
0.482492765273695	0.481286632724493	0.576261896085183	0.609244541007593	0.582253221259631	0.576649516904317	0.749542215094388
0.98937638058066	0.995692755028135	0.617684123132488	0.87816819349056	0.830105093244874	0.829313833922765	0.84068850548018
0.954486097887393	0.972848936800795	0.629586212679077	0.837271400182748	0.814073037405926	0.833379501295636	0.824013674780785
0.556862955093418	0.56493930658687	0.678456429363967	0.71898291721062	0.686878199738223	0.687774566960588	1.06963666837326
0.703273477636762	0.706530952348316	0.582590346891511	0.761423164696494	0.688278126746995	0.696334391018545	0.749359407496207
0.600632281437164	0.638128176447328	0.661054711803641	0.824681000570848	0.735655642471482	0.72176082623076	0.971181517009794
0.478679808852937	0.483956937745515	0.5828469929053	0.589503953535297	0.572179420418247	0.582489421611221	0.764137762852028
1.02761173333136	1.02490103293131	0.628910948053207	0.907559267174297	0.812662493719208	0.841034531379847	0.826261040902691
1.05906095634216	1.04213852900092	0.646315210004982	0.963303483990011	0.869008497544024	0.852820916286809	0.903691429110031
0.514830452639255	0.525056404076456	0.603462364974984	0.685993311132995	0.643836950728795	0.6440964372395	0.79486754755612
0.940332422137601	0.934077768656249	0.643591839409687	0.920659387190515	0.802676663649247	0.818492436796605	0.92842223723794
0.77641924365871	0.787744339069827	0.550215533847483	0.701891417596053	0.664731030955548	0.666072805700915	0.674419732471239
0.81846035822823	0.816737477995649	0.647181573788683	0.870994130256612	0.778921484623592	0.775172619603611	0.945214887963957
0.745502713762305	0.725953880612578	0.583763906210877	0.746059680156247	0.671502962613606	0.667338813018327	0.769987506898219
0.630028585272054	0.674571557855679	0.609742421875236	0.774031047958965	0.690235138492608	0.681497740909365	0.847946881696513
0.873923364220308	0.851982204883556	0.618314449603507	0.840837112591239	0.747397167667547	0.742215669170319	0.839002602967534
0.550706091237068	0.526602078006628	0.621258224512548	0.722632467461885	0.662444186533549	0.669877534770634	0.945055901512977
0.736355450491268	0.703085190020664	0.570342724568099	0.72154989540896	0.659020363796856	0.663775953150944	0.737638606909201
0.511206534969578	0.505964934142403	0.602786049465643	0.624719456170474	0.611244893888765	0.600893436149815	0.829499445510249
0.947156655561634	0.93317574625217	0.611130081931398	0.811258324532045	0.784422806890445	0.764576038152988	0.795146629401557
0.583860144458678	0.606805079624814	0.556723835915738	0.664816540159425	0.636114250602666	0.620610088039835	0.701512047981345
0.945498561118898	0.972403863376247	0.606150134183026	0.847187714594666	0.782537298524598	0.797630691392496	0.790373717864811
0.779772181765218	0.757774606038798	0.619541772144042	0.80284978172611	0.733211908559396	0.729207909669799	0.858312001373672
0.491220329083611	0.481943501859416	0.585192981757161	0.602793769552184	0.600187094163187	0.580899659678313	0.790884795094345
0.559753606605914	0.53784383589084	0.619656250354259	0.725545341429348	0.666842127765243	0.664685078405727	0.847624118308182
0.563856199836499	0.586371074106518	0.628475119775831	0.724807975420622	0.681858384275183	0.700102260935653	0.876119230045028
0.523517934991811	0.507866967098915	0.59459285524736	0.613939913850542	0.615862174246312	0.604839608340089	0.815688714598563
0.69855560246066	0.70595525305757	0.554121267744944	0.649506909580965	0.626385028914782	0.612660606600894	0.678476142686863
0.789832678991714	0.781436284688875	0.668307900345245	0.865131898622506	0.789286398838778	0.784122571824903	0.980673068439429
0.516671277954377	0.511709106880931	0.612693037816506	0.61287579860016	0.607627102876039	0.596401965950504	0.881192839970068
0.461985873854713	0.463672720600177	0.526990855843709	0.537892247565918	0.537763817866669	0.522375541475368	0.682096396521378
0.982370291710087	1.00207018126194	0.660671262745924	0.93540459509117	0.837603117761806	0.833469163032786	0.906434840039652
0.907848437657731	0.901932070020776	0.619870667593707	0.848669554465127	0.771465133232779	0.766160205621276	0.823105995010995
0.904841770366275	0.909182469918733	0.603563370732548	0.813693579331283	0.758377530392148	0.754215793287266	0.79468388740535
0.523823938907815	0.503854915904093	0.598172112681116	0.641135479046236	0.612114352188693	0.614063736047927	0.825999807584952
0.914917525686849	0.90349021847576	0.605022610348157	0.821380898688325	0.756202022631674	0.750376612351648	0.8023700321798
0.539228633387731	0.541709900403358	0.636453087568332	0.689674635235291	0.652180680350989	0.671920239599802	0.896708414831634
0.475976568328136	0.467700523117801	0.537437220835376	0.577440636958184	0.546275001985988	0.549539821793368	0.659889486032221
0.580134068987197	0.584697679212232	0.621754477677675	0.778226209499826	0.694266098656569	0.689866374854796	0.910356479880955
0.809435537306759	0.800503201144345	0.612085128221539	0.776709118153407	0.709091480924811	0.699093651565057	0.831424127251543
0.957596743894002	0.935695939080253	0.608381164663712	0.837773073946138	0.805927084322905	0.828045970792657	0.768431559221035
1.0450479715336	1.03022634635056	0.669850004898858	0.992275621726377	0.869531941227035	0.870795150647799	0.977346288485997
0.752800172658538	0.736117523083369	0.636155892382762	0.81990150970277	0.747594672161321	0.730552161470272	0.880003253536285
0.510547867068356	0.499507670885516	0.586604353517417	0.654221957234022	0.61800263935993	0.61238863929934	0.798051714731713
0.915928754245361	0.908483917601837	0.617747518880711	0.833958634991092	0.784995658375221	0.771793093178518	0.851870183883876
0.564775761390939	0.563134210267483	0.64821828948189	0.792381778610665	0.711991299947285	0.680996078928484	0.951419007501491
0.548533238062511	0.538719882230095	0.625174180095009	0.694390519587187	0.652923748591906	0.675799732132798	0.854630097100332
0.563517992318292	0.573930310605113	0.629351538108947	0.750698317513661	0.691296298021499	0.701288467397123	0.955018402538893
0.4976265987443	0.516662005190071	0.620800542434465	0.606535841001913	0.60298151778572	0.611080603224702	0.870579696027816
0.923028057102663	0.917742275716457	0.604398262424303	0.794701428368134	0.759804829460359	0.768628628013188	0.773855964820956
0.64928688706531	0.653907568487677	0.614187463012472	0.768862653695027	0.686321517212368	0.706322563704468	0.844127814550355
0.575381720711329	0.56316636073791	0.591469472303454	0.666585067185113	0.652086883463345	0.642493720677916	0.812418903608935
0.474370555222159	0.474354358252621	0.549696606136702	0.584490011166579	0.5664903760727	0.562636395817578	0.701522433756589
0.858764543649924	0.857888110547874	0.624833465377826	0.868918985928223	0.766903501329458	0.766650299007263	0.88134403179717
0.913367498740099	0.887596777877431	0.60449180530456	0.806550129598928	0.811446959552208	0.786082435740911	0.747925877244821
0.479636201963074	0.474406178242622	0.548392560583507	0.551230553132295	0.554526735821909	0.551947019105466	0.697020660095578
0.58862861455251	0.591141485982585	0.564829662637397	0.667130572523944	0.621778615244719	0.608974990419708	0.716057919928444
0.703130959150397	0.703143393140464	0.59291740103978	0.697205021073783	0.657433972714946	0.664509668884847	0.759395043863669
0.507985030930251	0.510272436617012	0.617393898331302	0.637085787286855	0.611653007790713	0.601304259102609	0.843579358336569
0.750512163775376	0.727720194966981	0.601423510120243	0.776772615700707	0.695109960753611	0.69372519649375	0.808674195074954
0.553910666757037	0.56677440430022	0.565392574538899	0.635099298184594	0.600593147759554	0.592596867846338	0.717346629710245
0.527058198729835	0.542685044689658	0.616607035754739	0.772012104912277	0.701383921604995	0.693639531240796	0.901675549469854
0.510927346088144	0.504588417437467	0.609852512748463	0.629169554068638	0.602342992846616	0.60416682585605	0.839240442630234
0.820379873254822	0.805369871053193	0.582204656709202	0.739107809382249	0.718266176646616	0.738705917357132	0.732641064326646
0.936006280261295	0.951310247629619	0.612804099520938	0.813297418707017	0.78199980810606	0.769695101367962	0.789045356055729
0.556314481885862	0.53917135585355	0.59678061137877	0.705394325279838	0.644589096009748	0.637516473554747	0.824431520382243
0.528181725933669	0.538605766768548	0.620815511328204	0.703982569566744	0.656870261989225	0.648709944740992	0.906557606074453
0.525995239142503	0.527420901387608	0.587484756706976	0.641340507459187	0.624651363109387	0.626783805135088	0.816228418847089
0.522371066478668	0.529606453192778	0.629582356547847	0.668205233271254	0.641835477102923	0.626773912363046	0.90292083416293
0.882610501316092	0.879390119521456	0.58813211918769	0.787276657017085	0.712072139614232	0.719897246974906	0.727545718539715
0.522156729991742	0.523195995343857	0.602267085413008	0.689542101752392	0.629274237500507	0.62443092972857	0.859024414882728
0.715837681117774	0.763322992299062	0.648032908128162	0.843031989433987	0.762059232927489	0.756333303861499	0.925475472759661
0.544418812385948	0.54512008284519	0.5914113146193	0.678517548588046	0.642624716602863	0.637915705654051	0.813669539709591
0.455329849524761	0.452427494753784	0.54191184524266	0.54824748237206	0.554850354340091	0.528860046119054	0.647585172335205
0.68786026998842	0.686491942493479	0.579983429859738	0.725582905048959	0.655401822998038	0.653014913901363	0.780565116615285
0.564728634845683	0.581026549135985	0.544740264695449	0.666660830216709	0.617100568874906	0.622457135924236	0.667197189362965
0.541119769164675	0.531297861690767	0.556419681300197	0.674905145545095	0.606964388535281	0.586767807843426	0.727162567584821
0.900443747885552	0.896126673975451	0.58356362293435	0.754824983205937	0.733812708354809	0.742510990265089	0.692910720777784
0.797415670602143	0.811440176298308	0.628063879652491	0.789015755786206	0.745047797765415	0.73303984691578	0.854718071719344
0.580736826129144	0.569967571921766	0.631860873797927	0.731387168078782	0.663582918006267	0.673261045911955	0.91533761205505
0.542938620505005	0.51766033447303	0.597831865922147	0.719531341333477	0.66556917771272	0.654067775861952	0.801903030738653
0.618031937626854	0.629558120110724	0.63444643380508	0.768250678468548	0.707561624292325	0.693343018968143	0.907246545117554
0.511320414079222	0.520524021780446	0.591305655150871	0.643610853235319	0.626811817769936	0.623340467485894	0.795897432344291
0.523742473722825	0.497708338498611	0.550464371281859	0.615271301063137	0.57600851651025	0.576365249836943	0.691967128753074
0.489701325490164	0.517929986239383	0.59095818997684	0.643097937244489	0.628198563692422	0.618672687852734	0.815741560646553
0.454008029037629	0.455071302600665	0.516281410633278	0.530242326603961	0.535926321967915	0.524536746839762	0.654289010128783
0.541692261447772	0.553316718588295	0.622755751254574	0.694790737368945	0.655519667332196	0.654259366190135	0.905635248874919
0.929573756678107	0.945154808770286	0.61131668019559	0.817107972634092	0.772541018313686	0.744898861138132	0.779237773862536
0.583219671982712	0.603276684104153	0.5670927532419	0.69444111747287	0.648911007910123	0.635476969015429	0.737251197855828
0.572213895512014	0.587104888689613	0.58625547992716	0.720763304281238	0.661333522252689	0.639688833893639	0.807590041122574
0.59803747640868	0.575281921278889	0.645403399343943	0.760033599021468	0.688407302774818	0.71873888496188	0.884848538502411
0.843004191256093	0.87675601768828	0.613643322968626	0.815396955108409	0.741294587122198	0.765586363259536	0.835181502198516
0.503162281023383	0.525256211351558	0.595546643206364	0.689667690301667	0.630912937202604	0.647531670392983	0.829391050463736
0.736271392099683	0.764480387099912	0.615655149864417	0.784104628677265	0.705351499887665	0.697664518209223	0.829306760441943
0.828507748026757	0.864199179017997	0.61427367872335	0.846487693359466	0.75877793333264	0.748777246504959	0.825828437246275
1.12236116569923	1.09401070324686	0.63969811174629	0.978392127938586	0.875704039010555	0.86615495342791	0.843458867379988
0.558358664317857	0.550818875744046	0.634893499657605	0.712985160353992	0.6761229643388	0.675980580974239	0.908897341787359
0.532456216519349	0.52300701821961	0.61032751590298	0.653954248717652	0.634840461246556	0.627827885428373	0.850889002113661
0.976990258492168	0.993474613694793	0.630703893617886	0.891879530891536	0.808704560009923	0.825090970774854	0.828031498634562
0.432208868625216	0.434249825467514	0.482223718766745	0.508429930933229	0.490673722612536	0.504939409699012	0.573646735901952
0.534572411185615	0.548198608980372	0.596139024069525	0.690546688843209	0.628949836170427	0.635224354524954	0.815923001289735
0.562046127922598	0.601233730558797	0.607160819605132	0.77419309474599	0.70023111886241	0.708356173788081	0.836191483994843
0.529026260510416	0.519052058673284	0.602711925619865	0.67979864194685	0.641497203896403	0.653699664367182	0.868271070465257
0.630997164569355	0.62688046122149	0.544044659530491	0.669985612398156	0.626174237658119	0.627210400483258	0.687614083150871
0.585209037316162	0.571079109856211	0.584175460960904	0.718747318749532	0.677537109196424	0.66534552595669	0.797438005611702
0.880167248819842	0.885607767458835	0.6466731035266	0.881917743880327	0.785279117010079	0.794283895792351	0.899130890971171
0.69752939172236	0.709846029672699	0.595334079953592	0.699549325959778	0.673013457463046	0.668639237637026	0.760156658220702
0.589389579021833	0.588665380338041	0.677270744191056	0.878314505436909	0.755387509276602	0.757583743859619	1.04619229744251
0.581028004202931	0.583238916793278	0.600204127560346	0.720992224670849	0.646668420000946	0.659279373950298	0.863819292492152
0.560114443569539	0.518025450271843	0.594783488746915	0.699774085653229	0.646495830667397	0.634142335986067	0.785209292722048
0.965973675764296	0.975314528434321	0.628093924863658	0.89192233617174	0.806350666226322	0.80309905721978	0.888642561098733
0.802128708044068	0.766817220504351	0.584705505330719	0.749661214664737	0.684011716954754	0.692543325971046	0.77204486831141
0.726118841435011	0.710167951038288	0.58938233253783	0.775705653348061	0.700733360155858	0.684090169749324	0.760884108775654
1.04202699796094	1.04980608588566	0.61790067669445	0.870165215290805	0.827918842569327	0.815235528109394	0.782634635669451
0.512772958884318	0.513143814783874	0.624001918902114	0.645248511229175	0.615125251703553	0.622056526426725	0.87612139396321
0.508988098604382	0.489967866984511	0.583570769118241	0.612753650458777	0.607661576244368	0.598002386040984	0.759349109156587
0.668897373865518	0.687125447353157	0.575621252978919	0.672391283392937	0.640506760863379	0.64127071659031	0.722856523658406
0.597077530305339	0.583043988768133	0.656521960424929	0.811404178396311	0.709342074424171	0.731187641266389	0.96985654826059
0.738181323220244	0.779540827227799	0.546902239905889	0.687957882217538	0.642089360321315	0.675302816232535	0.694718050897849
0.678450838520671	0.688937060073972	0.63260569218197	0.830399101695829	0.730127934336111	0.718763202701323	0.871284678978077
0.568345581256383	0.550997816945401	0.616230236764069	0.715843777503642	0.667897674459914	0.671496474746988	0.855153671267831
0.677322460824952	0.665051920889411	0.533468146233696	0.645687348349483	0.626518615844112	0.627023405618892	0.640547417959611
0.54137914846582	0.535286273798653	0.593450912415738	0.699846816140835	0.643663148649456	0.648852054000617	0.801890700310526
0.757008533820395	0.746158770520005	0.608845252031007	0.839756103810396	0.728302024816664	0.742441083517514	0.82305668896333
0.490969732563639	0.489288449339245	0.573515896358032	0.607234485372638	0.577325416464104	0.601093257117138	0.757539208102628
0.648588209652873	0.637426901513412	0.60230680755859	0.7396775484904	0.669770594276864	0.673152438665626	0.822890234667696
0.514661836477751	0.544123828502583	0.63805878275077	0.652547139288384	0.635271273441368	0.628694220898975	0.872563066034462
0.717170162586221	0.78791414482364	0.67221079228527	0.926175499001379	0.810401611798913	0.782407960976315	0.988818928496761
0.510375156947378	0.517489225766945	0.592759106223144	0.667504180671971	0.612054479132973	0.636422654489157	0.841211616997124
0.577213818574099	0.578874266005135	0.651025360018321	0.796150848923159	0.746851700921712	0.71456634267635	1.01347434353325
0.533085314534139	0.524870130117903	0.638211341884545	0.682169050427197	0.65452523316681	0.654664277148279	0.896382312333388
0.938919077419932	0.930116713494154	0.647916585396054	0.860737494900704	0.799242149735684	0.803894096547936	0.90688141228099
0.687191404758388	0.669649663035629	0.6327797417434	0.808363453789331	0.730046356182092	0.730259345396105	0.93629618229967
0.513341112890437	0.524942898022768	0.617458120261854	0.656173577092869	0.611721391708343	0.621537189939292	0.88065028739102
0.522312464067654	0.529369377733096	0.594998780501475	0.691156312380483	0.654146544481581	0.639385146879477	0.818223074624171
0.7171754338049	0.733559236089489	0.598318327391934	0.702676233024822	0.675746947034436	0.664799796631698	0.754230717054105
0.679246682483143	0.714145230791583	0.591918855643166	0.763499365517114	0.695286614508843	0.697376718471237	0.758724635165408
0.644132970464627	0.652915937683878	0.646794718022126	0.847942391962772	0.747135920046623	0.743408359904793	0.963501763625935
0.480759837452434	0.485285800304912	0.589426839279471	0.571584091472073	0.570286404489898	0.560468983218127	0.771925599249188
0.567956167258688	0.562165131097002	0.573464022284675	0.695370714591483	0.612583844142352	0.645097674654574	0.736305791333237
0.864068859882382	0.857914919341585	0.599419049551203	0.79673274211278	0.729290667376808	0.741230372940634	0.804918520689288
0.469339273768283	0.457625736106033	0.523371942327468	0.562206421602247	0.555548340676342	0.545625508533802	0.660320816275973
0.962410216336496	0.985802083301241	0.633224729783181	0.867533165475611	0.814782866148534	0.812149154968534	0.866838506077509
0.893973717685137	0.898876502887886	0.591925953219623	0.771433518092384	0.738004052190748	0.747149160039492	0.734403144908885
0.467485877870532	0.495839658402338	0.568139519372226	0.561583398870356	0.556181232306141	0.564105423641239	0.751933035998912
0.618816608779324	0.618772439739599	0.62712468532287	0.738685787536095	0.686758735359959	0.677698452221872	0.864786864370306
1.02464847290238	1.01806520966531	0.609486717827681	0.863044052917542	0.822568508894057	0.823604849969577	0.823804057073739
0.848038651931438	0.857257921483644	0.573847918636692	0.760800535665352	0.707949874277242	0.696245961817451	0.70034505462647
0.507741096184039	0.518230361817419	0.558645758242667	0.624405688187393	0.589868625275188	0.590130456476404	0.70404601300048
0.759407564305564	0.747574507292232	0.666783577195175	0.912519961351694	0.782854460667378	0.777711064057585	1.02930227448098
0.875706324987806	0.86577261798732	0.575011252849095	0.786710700609418	0.719354605773276	0.71024479209546	0.721960249300533
0.507700633990718	0.507961743360119	0.590681734580207	0.642593513148094	0.613348815295138	0.622261484808207	0.801713490814158
1.02765768480506	0.988723382461379	0.624935224773848	0.86794130972229	0.844922704614865	0.862878513176418	0.850988824025775
0.686256004531041	0.687992985067556	0.564031376917226	0.680716252147205	0.638877935751984	0.639761029397664	0.733733770637873
1.07752810809067	1.06920714473801	0.667642655735418	0.967639816434794	0.921596498088752	0.930337555885891	0.938595063353312
0.577387594864183	0.582734475369954	0.612542182629914	0.70818215288397	0.652034751631322	0.675072929375363	0.823606188569702
0.488577615561699	0.4852206751641	0.572466042186991	0.57405954650704	0.567850061648495	0.569188108450236	0.77554445079832
0.902984875057711	0.885082310796288	0.562059736614424	0.702924603879804	0.701738656645127	0.711702257348303	0.644838745975451
0.553196222996971	0.548501770239621	0.580884327157477	0.672744090024634	0.617267762940213	0.620484294032401	0.730793492131185
0.755390280265672	0.742087955722378	0.551385626330338	0.700392284765011	0.667528199135929	0.657705757251533	0.706598905874197
0.723222904793458	0.752056806101201	0.61035314689285	0.793424407368299	0.723656851700398	0.728689301217006	0.818074452841688
0.587828842281675	0.594254031207091	0.662113353961204	0.755364028887079	0.70595892905076	0.696296379602984	1.0054818776062
0.598954012155711	0.583111934860158	0.59246621855795	0.763004354193225	0.682629856367263	0.695897861625047	0.814869006198723
0.532880247703577	0.54684483035873	0.561080184832831	0.687072551415322	0.621280841873475	0.624331214155253	0.727429104788628
0.498480448004876	0.505938175566208	0.572014956574063	0.619077594720467	0.598489983708162	0.588826781081813	0.769558046365121
0.481019040831064	0.489029862100729	0.551266085991866	0.585011397174378	0.555997364150839	0.568123063061993	0.684282546559186
0.49560607093216	0.493769320883041	0.602756350813196	0.607778206392112	0.593246505157459	0.595999227535141	0.793582879156204
0.502319164511462	0.508915559714335	0.598391725360744	0.650218530029448	0.637425958402262	0.620429882469767	0.846504044461942
0.559109521075898	0.559500524990216	0.60183962637871	0.73128486186291	0.66536256883213	0.663136524857565	0.834676675066422
0.61805004659686	0.596056685383951	0.640275497945644	0.814575935404391	0.728268172189705	0.716406986453694	0.893504677630883
0.510012980530689	0.509332859207823	0.608799471240708	0.64886118958923	0.61117501163261	0.613546151180727	0.817080687946086
1.07774334814053	1.07680023202924	0.604493291508845	0.895232515557999	0.828215753507055	0.842150512025497	0.770579721832032
0.887193603913382	0.875824188608182	0.6211613917951	0.808997345391401	0.748082090865028	0.757944455300798	0.882816196544567
0.489699981829189	0.474902380979742	0.571248002781986	0.572857806709621	0.563323812076928	0.580504828005268	0.758811944234616
0.869768804034345	0.876738833471799	0.627129289539107	0.845995785073777	0.76322171075253	0.753515266472846	0.8751150761548
0.756744632564791	0.772482081135242	0.588440590142062	0.757663632874164	0.687163473310368	0.706473121035898	0.757188847684852
0.520535055438955	0.543326286273093	0.57366846559014	0.6625577693459	0.61930748307185	0.612389430178775	0.743993780719153
0.504042730421483	0.494611639884901	0.582270553431251	0.619919722918896	0.581495112491145	0.622940048356288	0.75726272436339
1.00309083306075	0.998566582263341	0.629680911739243	0.864464539639625	0.822057684627248	0.831176519807198	0.823429080526831
0.704706456132911	0.698136129852293	0.615525720810023	0.756333684571743	0.69400176581152	0.709278500417819	0.836852798276185
0.965548611739994	0.942583394021251	0.605722298600392	0.815845842177447	0.832173557809937	0.848064429920875	0.73828668293848
0.609274956162333	0.602534111949257	0.592389557353995	0.752406214942727	0.674474140160145	0.674041071738302	0.788249250963773
0.782395254116415	0.776705185352242	0.55556239744612	0.730210858490657	0.664309255156939	0.672587028175061	0.737640771710076
0.546352358459349	0.550462148220379	0.591556612182213	0.683761415091106	0.62966313407127	0.630549616364296	0.781933784553743
0.480563393485639	0.487990198964379	0.583785047896981	0.581360026353387	0.56539371335061	0.56812805974681	0.762367590565896
0.532792981513537	0.544365874714135	0.546785561385998	0.654802213625182	0.599700179175388	0.588511284390555	0.690072186298948
0.942097709238543	0.937503440032782	0.596129632993843	0.823561386078821	0.757233254570323	0.75971068719327	0.737346653384604
0.523648940626523	0.528555347103263	0.584712513701188	0.663749172789619	0.617459944883032	0.616601339480801	0.775360793152861
0.484991978119788	0.498652775197124	0.596130153668588	0.5922952910386	0.584554309394059	0.584393663230498	0.816283597416928
0.986790149603719	0.987994572396339	0.604230335773503	0.832632044014624	0.784629539418867	0.791501632820644	0.756875425194163
0.522023205231235	0.520372193129325	0.622543090967753	0.662420701275586	0.646746478804704	0.630943380434398	0.883658001277317
0.585626162040923	0.587677678711695	0.607873089822229	0.758041411175563	0.698641158858312	0.68861653488126	0.853101167163342
0.512740588296253	0.523163826762829	0.605536094235782	0.690179194452628	0.626869465840897	0.640650289956532	0.849522345190701
0.958926290096768	0.944245616632846	0.645661435412972	0.892639649647536	0.805568857747465	0.806284249219044	0.937437090421642
0.549165228815143	0.549075385965841	0.559232512123562	0.622790442960245	0.595316979198514	0.609836775478647	0.707089722795198
0.740275109861136	0.720527438988747	0.598189437468378	0.792470985103392	0.715708606656687	0.698142044213436	0.818144916606324
0.482804405959581	0.475132928686482	0.570911381667676	0.558573667314844	0.560978858269781	0.551071376926839	0.754473007927973
0.60241294826828	0.617504777920072	0.619109257940677	0.767160209100832	0.695176695046699	0.678592283764824	0.829706581822262
0.718509177442663	0.719716326664674	0.602780299100889	0.745188328980706	0.69231474731593	0.682623684849315	0.784384610399877
0.866919287840968	0.846206994386831	0.642114081749626	0.864037329878324	0.779586192212489	0.775396023025747	0.901180046158099
0.824803722743485	0.82882487974228	0.644963554878234	0.861769020289317	0.752242511142381	0.758741410230508	0.898229357568029
0.70698934997497	0.703742563785875	0.632813902504216	0.781874385813498	0.710764593291114	0.716161941457078	0.904376804569917
0.880780902694409	0.873744848216522	0.598282761904016	0.813351624941981	0.772123588683867	0.767587747194584	0.779734681310856
0.838657619364439	0.860129326476581	0.597443770533994	0.803630351073115	0.751424621438578	0.757700114135146	0.807040674307272
0.915319570936014	0.890414238809059	0.589320995415837	0.792871973143279	0.750933133029543	0.751774014284864	0.713812337865648
0.544081658922367	0.55696835139624	0.660380319225002	0.759382022450006	0.697907517683427	0.700049075752867	1.00854841213695
0.507340018014673	0.508400249050083	0.587541219672203	0.670898207908349	0.625704478928018	0.612955867977287	0.780465458572722
1.12159556062489	1.11851447285213	0.619600199092257	0.898610874784223	0.862174721143713	0.843370694206604	0.812231351301711
1.18459691525565	1.18238070061342	0.671623369735457	1.01046833343089	0.950785815174533	0.956163367201262	0.901123236674333
0.474771809452402	0.497140928228331	0.546790209366082	0.57565650792683	0.561447070781683	0.572271475057367	0.739897886927809
0.703703885455874	0.710762457468074	0.585404690365301	0.741544086610459	0.684799019886623	0.678649023132784	0.785155341024726
0.687323339703509	0.678725656820947	0.58374868759534	0.750587994298804	0.682942346672452	0.68053639167699	0.776441447722846
0.953783567393613	0.952216773423428	0.616313743090924	0.870107886724155	0.788996430302301	0.797021002695558	0.830130503887331
0.479425405809619	0.474894057235548	0.586769252597673	0.585718685368883	0.572970794630621	0.578689708820229	0.780899668683787
0.638147285150932	0.647295131769839	0.614414141243145	0.755734751779333	0.67820972362072	0.687432097902626	0.830407365855819
0.671679323601006	0.729328155889782	0.633347770504439	0.849767565282018	0.760468930408692	0.763439918679905	0.914862523647027
0.962456886280196	0.979121182999542	0.624917463797165	0.915762889093707	0.816932182292855	0.831928601940011	0.875249655291199
0.662758261590778	0.649952302842709	0.568267750315016	0.716326718427909	0.659049284274137	0.638769026020034	0.75705228114135
0.457144586867829	0.451115613301127	0.503211060269376	0.539367719761507	0.518505604207352	0.509000731459255	0.612532315222548
0.507316070694138	0.501258638269479	0.597912360001979	0.586483217520059	0.589320838464207	0.591899844564458	0.835599638589064
0.538002568562616	0.524856431808036	0.652456801088349	0.715194202032008	0.663713753961663	0.672772865704859	0.91086568207496
0.919087008497058	0.946989228703956	0.634779015108705	0.861049639261355	0.812505613979682	0.825001728696097	0.871280699464476
0.544563763327409	0.539981938544238	0.657041559311307	0.692731308497375	0.658922692530402	0.667266442475366	0.974934908693005
0.69205314734435	0.646185412406651	0.602865834142941	0.771466265936806	0.686939181298654	0.68589631417499	0.823084363804885
0.536311653854695	0.553847203389284	0.615361509007034	0.738421295244025	0.671146734500004	0.666295364355585	0.856676231917204
1.0242487435508	1.01518659848415	0.628687683265681	0.921740169596352	0.828723194040084	0.822516274569832	0.849693391988503
0.525483030356698	0.520933478239872	0.610022253068088	0.670824726346461	0.640592702018475	0.63991060701885	0.853779251818318
0.934997844004384	0.958262682919412	0.579743441690128	0.813771490719821	0.748511515023513	0.759162326721718	0.711209297482859
0.97168223912548	1.03088355957756	0.627056232872462	0.849929640883744	0.893848308894406	0.900511516152643	0.783020122749552
0.85510501175074	0.873824844945825	0.64364502440907	0.886020621139108	0.804102858984742	0.812941744715476	0.930729865822027
1.04394159273764	1.05877617694371	0.633724784273172	0.903270402031595	0.862990513449046	0.857402121695463	0.842696014072353
0.582313190493021	0.59040634598121	0.621681736707714	0.747735933545754	0.695058771630925	0.689994111297238	0.865705534462479
0.520317670180148	0.510655419724042	0.597045620288673	0.645996815143886	0.600430146654667	0.616049981640893	0.811148128640241
1.13833302622582	1.1308883299066	0.650432559857345	0.964331788480826	0.896087645061546	0.893968527185913	0.894285294387299
0.671562293705507	0.696320794971872	0.554851514858246	0.680543203179361	0.635751788368828	0.645272154704775	0.701959190793476
0.482561723948582	0.493577654669588	0.59820788109784	0.57908489547945	0.569735049294946	0.582241454698238	0.805651062557943
0.529799669538688	0.549051983720451	0.567760604562854	0.679279194015444	0.630340056399856	0.637108228995757	0.746001105794104
0.761507173266579	0.748862073705381	0.605506845205573	0.760323468992861	0.688490955049007	0.702584881827082	0.79835174074706
0.686230580640567	0.6979748527185	0.612687240878099	0.794550382899037	0.727983879467115	0.744520621357607	0.843762484774235
0.934616608235967	0.93932058053223	0.595270240470812	0.809298585152036	0.75619509457034	0.769529468059731	0.74061709003237
0.918276369970341	0.935435329720165	0.642768295390818	0.8776900460169	0.79411929050792	0.79395671755377	0.901153694564921
0.503481113505737	0.501152785693757	0.593179128033238	0.613538030843881	0.596726548306288	0.595057237054105	0.843314270134794
0.488077543196227	0.505799275221134	0.558581523955438	0.627941122250003	0.587050683222438	0.580327605680959	0.737773302680374
0.666970751197887	0.6202534539848	0.581827946280265	0.713209958831446	0.649717262160082	0.659103891952805	0.744667177575593
0.822024235391047	0.820257630126148	0.584290182727663	0.749732530152677	0.706690499702571	0.699581347708203	0.755571461900857
0.991695673128787	0.994546261530494	0.643874120929776	0.942887461881552	0.835976330577139	0.84774653268912	0.908508205298173
0.557620639881324	0.58451702028519	0.65919476825606	0.78360683135517	0.707537542214766	0.716190811917332	1.00381466561673
0.490581932271328	0.498027554412502	0.573160125307395	0.631876288330147	0.599800495454607	0.588854443625141	0.725342970275504
0.499180777103595	0.486296066419062	0.572420185872161	0.607672581839235	0.583109159797539	0.587391491056746	0.781615771803963
0.503721355849023	0.501886347709846	0.595298333421244	0.636308280021145	0.613693992108642	0.610355054670855	0.791893563656944
0.672161192238553	0.661182409219386	0.614508101062643	0.727457823050809	0.684887363087125	0.696184533764319	0.812707928438865
0.839221333034601	0.830253122711408	0.647765399335347	0.864178977014023	0.776051396346469	0.76792662761863	0.950328391301047
0.790740950691959	0.799105082666029	0.593902188376847	0.774605700667442	0.743140839100619	0.73421173617354	0.77896758205839
0.487701773805686	0.500100518946019	0.599919082034327	0.596946334959777	0.590236834715308	0.589834474864585	0.81429837681558
0.50882911380316	0.512988252922326	0.610934259565308	0.641476349616312	0.61310572291	0.610968293053714	0.84753187255094
0.497537810235	0.508549558269191	0.586110697443967	0.58411948410057	0.569079253452149	0.578586221643039	0.817297950138121
0.538560393359583	0.553400946794076	0.610500566095813	0.718425041153367	0.674725943112077	0.671500037036229	0.904928616097504
0.469413143162596	0.46421241774977	0.524552862806231	0.543400611384238	0.525190031099689	0.536403178192415	0.65999084994269
0.481702857828149	0.491603532242059	0.55792702911962	0.577484078816895	0.562610272194989	0.5486813505794	0.742668443052472
0.497443924931885	0.509993621112753	0.58594580303576	0.64122187748544	0.607363878039011	0.616302855614703	0.779883222913211
0.501149818129471	0.517555301489702	0.61871217590299	0.609150003222644	0.600453261288075	0.595018850648064	0.868058187128311
0.494303808722788	0.490054957375046	0.571705704627053	0.582627886597969	0.565995285823623	0.5692489147809	0.77696280290439
1.04026881065775	1.05397627908604	0.621715071130396	0.893459034868522	0.845788888571414	0.841502846406593	0.842943956316086
0.531067099695344	0.521334755663549	0.645038715384497	0.650422022928357	0.625565778090953	0.642245896695229	0.938679090170114
0.49131157720479	0.490808344265047	0.562813055312613	0.606541683608016	0.576757845842149	0.591185930878672	0.752616431710258
0.572805754228286	0.576311277347395	0.642005579671893	0.75977684671139	0.699985254130642	0.691703650021206	0.912921196322459
0.515354543898012	0.508821273062942	0.624010559779209	0.620276537453062	0.610315178189655	0.611939316168305	0.909454302769207
0.712770633994796	0.700125536782649	0.613863763205425	0.793058635228053	0.72097463470967	0.74782820489829	0.859390850238721
0.727105259872245	0.715794616354208	0.58344552047588	0.760536580069809	0.722434146758396	0.710510755610843	0.767691334268708
0.620210682966262	0.634441481054809	0.639026048290576	0.773107106668811	0.692547927239933	0.719877318536802	0.906239580656204
0.491541354570334	0.499990513885821	0.583714242307685	0.590966808778205	0.575794108376261	0.598536709148224	0.810581423497678
0.540368174981701	0.538115993008756	0.63827801353409	0.698832738926085	0.653526118731278	0.659846492022616	0.959824481778178
0.520271436181077	0.516610908866104	0.606995964581498	0.659251520526163	0.615323661263606	0.624252414568895	0.844292777930634
0.871622546085823	0.867922311482238	0.56034267876574	0.761863523798856	0.711699733669849	0.71712985829293	0.708155553320659
1.0573227428174	1.03326416278306	0.679082265400514	1.01657349632521	0.87975058443259	0.883939042324963	1.04999459364941
1.0062961523219	1.01185423936326	0.636328415146949	0.913850290829702	0.816553624430597	0.845152306070171	0.891288915466624
0.638142160849639	0.677105905419245	0.648509249302396	0.827211995121301	0.739608626847322	0.74563363693931	0.934604309753426
0.504193584806586	0.497351990583289	0.591661920013895	0.613008335343693	0.605699354712717	0.594887713162743	0.788829498092811
0.517808890320841	0.526122687176594	0.569469111733244	0.649190713086382	0.604264582628845	0.607552640256597	0.759447076511306
0.880878797044779	0.893739133788961	0.639576708627544	0.859612634183338	0.794436605413447	0.775014128491284	0.896637199942225
0.950365389547724	0.940296406381717	0.596565836769605	0.799272848295436	0.761484914556483	0.772802014104948	0.757164541493971
0.820013198593626	0.807587803922007	0.575014157706559	0.738046771818795	0.688498601273646	0.696631490543231	0.721433043192242
0.490433484719658	0.486901916680112	0.572803416764598	0.615711620448192	0.571069859474082	0.587474488831099	0.747711547666088
0.548553966316133	0.562062893493087	0.614377904299421	0.731519031236421	0.656131913983315	0.662864390696014	0.842181676835094
0.889912857656932	0.884411245658938	0.640539204463209	0.842183543005484	0.751881795366736	0.771951860082695	0.879591945101903
0.587559414795282	0.573135608894461	0.651588982414552	0.777493105275482	0.722834777739655	0.742309474337055	0.947822374688756
0.699855275142952	0.712388310496493	0.637610248110554	0.772120254236056	0.727482269982706	0.72267071053008	0.891105231694719
0.552926652297936	0.588740732922631	0.596176525953457	0.690277979614024	0.627565464296891	0.635814993651891	0.774310193549214
0.5200188398094	0.539179508384057	0.575857603399844	0.673633650639774	0.619826052288177	0.61448588485861	0.752208418794041
0.536201524932159	0.526941139553489	0.545073633089842	0.61531255334498	0.591395254030567	0.589354431964285	0.706339324795861
1.01411130723373	1.05521161050626	0.616461247571014	0.913738541916898	0.849917283262385	0.846745173054494	0.825926673241549
0.519509251711642	0.527700691615635	0.595733163698311	0.685769499754222	0.643990636413518	0.642748418409442	0.817761443985131
0.787427305216683	0.77457084698467	0.560723286074948	0.701035748553535	0.66961119043878	0.64933798356721	0.695732504936582
0.505960368650515	0.489573168680876	0.599603268879776	0.613853125451545	0.601162667335301	0.57301901558017	0.822077615660215
0.5089714710309	0.516025435460437	0.561414272509008	0.666199283886152	0.60717763550887	0.624405586442848	0.736694401078694
0.59269837207308	0.576387374100003	0.613462862987919	0.757163832142865	0.695173997746928	0.70922363413936	0.877262005536628
0.520780293017641	0.533504026207664	0.58332528356635	0.632848754902782	0.603073789298596	0.596164452057113	0.753489785991251
0.550096426808556	0.574978728561863	0.637373557483611	0.738482593428797	0.709138187942766	0.696568032947221	0.928653957811895
0.824318196078034	0.827603164077592	0.589064912064704	0.80494818396702	0.716212207205941	0.709651675527031	0.752228570044961
0.512009223306808	0.547738000814601	0.610617739648008	0.67648542127745	0.640139043004394	0.63976140320099	0.833961763129176
0.528322929133153	0.523688410242543	0.608358697804602	0.681369407816469	0.650759498586648	0.64295114413238	0.871021095555563
0.511084207943589	0.547174638154137	0.627341034514152	0.705952357614334	0.64512738107744	0.661845662071733	0.955024726499149
0.587100440001056	0.592059936767912	0.606515126510949	0.714667193685128	0.665900407526475	0.666239542966312	0.846011999932225
0.536757106504386	0.541591213065794	0.611045463471619	0.72553098077823	0.654848703366677	0.66431713963807	0.840732444390577
0.546086098012673	0.533167478479418	0.622275640857973	0.682919901525116	0.638001504913467	0.642158140990923	0.907720586550204
0.476868422886703	0.475483763688888	0.563529564311193	0.549452651499663	0.542900104610677	0.536657519482628	0.749352066367309
0.905701770706211	0.937721526426259	0.618426494888458	0.851362056114501	0.787496015417345	0.78322593172767	0.85782786144309
0.940908999361099	0.915216016430866	0.620051397409623	0.845937291510611	0.772259819990395	0.785173730826607	0.828043429238832
0.523443572518578	0.524796386734142	0.590589183737439	0.657546933676529	0.615173089963392	0.613516508303156	0.773731402800403
0.574717105194207	0.573063846522947	0.574202394066923	0.668559834411356	0.631005103749179	0.630649999596385	0.743038165779977
0.589448322226517	0.612825232432408	0.600491304817884	0.751001693217051	0.688969701810403	0.693178515157016	0.783091430021624
0.483649878200018	0.488977774448143	0.577855720631111	0.570205467671134	0.58344056658194	0.581714873423078	0.794618062234043
0.514516242346985	0.531410140982156	0.608676027038022	0.674049177308927	0.656708667365626	0.647603850194315	0.8448075733482
0.558049434655944	0.576775874989959	0.62720679843242	0.754765281848163	0.709817169071798	0.676311778364955	0.855573102866727
0.494920456000974	0.506083265587832	0.619313329948887	0.60065836206053	0.584833138066511	0.592851074626159	0.854535384890336
0.552253610700782	0.546086846632199	0.612365523071284	0.72542122795568	0.661551094293012	0.673305288398232	0.867290870109598
0.822154311831588	0.844030576679552	0.626643218755555	0.889463052439317	0.784425217877086	0.763724547226466	0.877687916689829
0.526781885034384	0.539495132502757	0.541362091535015	0.611081148663682	0.5964047596487	0.594614652698044	0.72844963759733
0.778483821828199	0.784078954544114	0.574918510033636	0.742862872538047	0.727691682128954	0.722992196418167	0.724735121192791
0.631606182223792	0.606106374340611	0.606890475375568	0.731635861441898	0.664775617069233	0.683302978570752	0.821113205484134
0.780508251085768	0.789192558985403	0.589243876639057	0.727363836668346	0.70003122788808	0.685624649227388	0.749758413876359
0.550134230653946	0.537884227967308	0.589321470461304	0.662533008631113	0.615113486265136	0.627936747965154	0.777808041332472
0.662421279845888	0.629812134517462	0.626799756721383	0.808351595016277	0.72986758426414	0.714756939636647	0.883601357058679
1.18834543576639	1.21831247627222	0.671705359974719	1.04068725517466	0.964207745503681	0.965699507674433	0.968025997291927
0.536853652900641	0.530562782156783	0.649292282320636	0.725918658008628	0.671340834367124	0.676142893329486	0.922072162397935
0.595113273253007	0.58159263241654	0.603545765020096	0.759268249961452	0.690917064136857	0.686879056663774	0.801491475732374
0.555541699932492	0.548416515717661	0.634730019489658	0.745915495314687	0.694106323012146	0.653797286822324	0.957184773012736
0.499712961212249	0.515934265195177	0.579694248477668	0.625396393376477	0.615330090593379	0.616643684407398	0.793419559665515
0.667651033041307	0.626080940297972	0.649051996985684	0.797780624206699	0.71603349580468	0.726947458420348	0.938546418374953
0.740544467720814	0.744304097995121	0.629540308773926	0.782547689311977	0.707775860526198	0.70483931779521	0.872147097097737
0.566732949765657	0.579965261482225	0.592133333985298	0.718119939333695	0.663877889232513	0.681485413129107	0.788518954415966
1.05613266237979	1.06846930147423	0.692226964555642	1.02129697149039	0.887376510438021	0.853366974505033	0.990092129319092
0.850282748711454	0.869869649914036	0.606098839436772	0.816429464452021	0.815486211885612	0.82566827533215	0.734465736612001
0.742023565412617	0.727440986610936	0.583853435914909	0.729544123417679	0.682825009737706	0.677568829051319	0.754585009934931
0.559397406347652	0.557248163836155	0.64447167376513	0.722103007878264	0.679313666761809	0.673883336138986	0.928835717808249
0.665687636018987	0.683256726055123	0.613629205606583	0.790613559957301	0.701305085268017	0.710216640687851	0.856420344291407
0.618995836379949	0.587621585136427	0.604596704382925	0.725512034126581	0.670587988421499	0.664326172819416	0.821688814076586
0.523586550026508	0.511434050935351	0.593629333573105	0.660803874605064	0.623725434910889	0.621920307144581	0.815354172421502
0.533994722373154	0.517058244145164	0.60809015822872	0.689043523856571	0.646276058125606	0.650899992233024	0.854421362782872
1.08760932481028	1.0984000197789	0.655170570219101	1.02116662979183	0.893171459814402	0.910007731706733	0.937291116136151
0.670052276979233	0.664244407000733	0.610122610054129	0.734347812195729	0.652006587178967	0.672021639222563	0.782586182090201
0.709021405177933	0.692835412933131	0.614958187102924	0.794373560925591	0.709327732947184	0.716794383514277	0.826281405982102
0.530504550604436	0.549892411489598	0.604046303177209	0.704324283835162	0.633350204852731	0.662280633210186	0.810320110982774
0.565289475385007	0.563232496636938	0.64886192036802	0.746869465722943	0.677195997044503	0.688081391737187	0.974896661192195
0.595649643485587	0.578250145325646	0.613408510520907	0.72453730952625	0.667095614392636	0.666940274853765	0.881811626149373
0.513708735006072	0.518339617160754	0.615599683413162	0.673262024291558	0.636209602833357	0.656613917021502	0.889589497325603
0.673880582458808	0.690995931917761	0.600669370827219	0.74267447974485	0.704340037064876	0.692310470873416	0.790681684565725
0.529953972321517	0.540877533226736	0.60475049165409	0.72656036885571	0.655204990021159	0.658050484176393	0.816880546066092
0.878381143953914	0.894931779889457	0.607607680618819	0.805840984113318	0.756445998495206	0.741912597556512	0.802472108295664
0.515706963332405	0.512026729124702	0.621734505366548	0.652154313481545	0.611507777340056	0.610091509339829	0.823950613820017
0.536429955754171	0.527306676320058	0.632813736572627	0.71653592661473	0.681088592672065	0.679879674243501	0.867651756892932
0.891535723639782	0.911536429201207	0.59861158073428	0.78709779576168	0.747754948953413	0.754616231823986	0.77566939998806
1.04549945080525	1.03596901430396	0.640375857921557	0.913461958087948	0.846179267295303	0.849440504416972	0.86919437579384
0.673684295855771	0.689107898548363	0.621226753123547	0.78485586444692	0.70691800720405	0.72378138061412	0.875989911792296
0.556005654345086	0.546462085362351	0.630351131369677	0.743593877543007	0.687065824594714	0.692241626616547	0.921361725750907
0.754766287443661	0.719847645451584	0.610599107833787	0.782112551190943	0.712177906199329	0.69518275849016	0.834253790384747
0.505049178224835	0.487071196445304	0.582274646763143	0.621530290812732	0.619611508004897	0.585556251041859	0.798978573734032
0.5285701763067	0.513400626404884	0.594052792684677	0.664996763011851	0.630923527937215	0.608672859431197	0.824893916288002
0.815635162284272	0.811521920767862	0.612113616056281	0.806651701241671	0.74343999087498	0.723055226049132	0.787476909051716
0.476701425126933	0.480720362962934	0.55795439764753	0.585029633607133	0.571657130127586	0.572064827730767	0.728831667209592
0.47262345463243	0.474049258724199	0.541555408373956	0.555053908234395	0.53438512553517	0.551395478515397	0.671804809576228
0.580661148241926	0.564657706257553	0.563064537068023	0.673466160394856	0.623341152429651	0.643887357175733	0.746617916462169
0.662977092391243	0.690793853902082	0.535528952978163	0.681289497422967	0.619570391689761	0.63517869121136	0.641763685982994
0.668810724143305	0.688903624745304	0.584846286634127	0.760606293797117	0.694081041248464	0.693094008994323	0.740239281467289
0.709092714787254	0.681472140418307	0.632067406859752	0.792637624916286	0.71996684199336	0.706688307051912	0.896021819219651
0.487615908517896	0.510631648770882	0.587398821224284	0.59969915483666	0.601882086075051	0.598927431898473	0.796508237273439
0.461633013597006	0.466637383711426	0.544047729912851	0.557282575667024	0.528243499235823	0.543416521344877	0.67475432687312
0.501278177462027	0.472952060147383	0.557684213555093	0.604488972089027	0.563494779476908	0.580843037561151	0.71709974137196
0.529666537445019	0.550505326510071	0.647662399015878	0.688726457207368	0.658928450703758	0.661487441348329	0.922235588174352
0.816631592448918	0.790444061695323	0.64472653195059	0.843106390906748	0.760021186768648	0.750954657272838	0.913636137842194
0.48858299455274	0.501562311544719	0.577868692250893	0.588737911649773	0.572433942350172	0.582463739063431	0.797955954427723
0.787585906650941	0.791992960516347	0.628356239985429	0.823201598267649	0.757010322359284	0.734150946274646	0.885116442495431
0.546192883088335	0.538271533999184	0.608452608405762	0.693583622756732	0.65257198693111	0.664365889688286	0.878571066746936
0.722958457558067	0.709081631301003	0.622097398214885	0.795148784464812	0.73317403932898	0.753599832971231	0.876808187103389
0.797950430145624	0.83946712363598	0.596985800899099	0.799521174240968	0.716068310416482	0.720586102320006	0.760425352819264
0.748511125041513	0.75570018353784	0.621731881400008	0.766899687605262	0.714347159134341	0.704664864339943	0.850188272133831
0.547870092369761	0.543762528583305	0.644568409655661	0.787159704135831	0.693154036303918	0.707388826934112	0.950822846116503
0.49948220598505	0.501803696214159	0.573345599278668	0.642030440489597	0.615489627465854	0.591659566835853	0.782887309104096
0.514851700627932	0.541770141475318	0.593786753497732	0.654795735068038	0.610240031358966	0.600233859847874	0.785388821703169
0.693443779584728	0.675069402067835	0.605110804311724	0.744047887155544	0.682090547917919	0.695345049125635	0.829503752243063
0.5155928635061	0.522022229049302	0.618998863995924	0.648769867228936	0.620359677083017	0.639458470828539	0.863335727131863
0.488007076322406	0.488596687684019	0.580073861322271	0.547545044435555	0.554767177936224	0.557102916619799	0.766059925411059
0.725808952824698	0.738698531156072	0.555073440356816	0.70525535365195	0.677791700240077	0.670538177582889	0.723440339430484
0.550716413223239	0.529992744858532	0.588498841106469	0.685588718026782	0.639278743805893	0.641779507852511	0.772255015998767
0.488849212192137	0.482214138797197	0.572970523699961	0.567441186545595	0.584041514407211	0.580493073878558	0.785985768979661
0.970178076381496	0.955374620398248	0.629681368709164	0.887185815007744	0.802349987556322	0.799899940195607	0.826779285791559
0.824735141010259	0.825767775683855	0.615396317900322	0.780895144857275	0.726809286359827	0.724648093243488	0.83632109456273
0.565137317896655	0.589737246437174	0.596943717324622	0.704058451307043	0.650225147841068	0.649885078550813	0.814106898615533
0.518778581095271	0.497949482964523	0.608807119666569	0.63477518915429	0.623537162595811	0.608987078244457	0.840182662796651
0.504380908950554	0.492696578450948	0.612068617360937	0.614735116362696	0.593495114459113	0.581877722796533	0.845558705324732
0.519541636228265	0.518039260849356	0.613539684055217	0.663742385126859	0.635115055136342	0.619605804917477	0.884837070978692
0.976677051591879	0.996987437537317	0.624990220806641	0.892406447204787	0.828841687995687	0.809459725551256	0.870517768733628
0.63513330912096	0.596447500140772	0.611021458926548	0.705700433273849	0.665428703100037	0.664808889376368	0.823901032929571
0.524511374919498	0.522065310659687	0.612698639874976	0.694224050200087	0.669602529915437	0.660804459518235	0.893344412328985
0.485393562145916	0.49911603975709	0.548562516610006	0.580983249249483	0.565673542712553	0.557720762232232	0.729871221826373
0.525821670112449	0.528567789697129	0.607143328712967	0.653791285108066	0.645529316731592	0.637894241937147	0.859758357813152
0.759405574520045	0.7576368541547	0.535803528995927	0.683920558450936	0.640890080944446	0.63496121171873	0.640855355111356
0.631261672994852	0.611584761990193	0.611077573409613	0.769898090677869	0.693099266157346	0.662735419663847	0.828035063228819
0.470678422841232	0.457670013826791	0.528623704048423	0.520630176451689	0.529563394148863	0.517775554558093	0.685608391341415
0.688321196555276	0.685104694217779	0.571244846157445	0.741308976884933	0.653128170493665	0.657722239137833	0.744848742575864
0.984509041136778	0.9654530446429	0.603720057694253	0.823729203599892	0.785507495485995	0.791722157127353	0.786694868016515
0.513839324406397	0.514992502966955	0.604291352550471	0.672408311201683	0.620165412390079	0.648591254217913	0.828023819444642
0.487383254577711	0.480385035099614	0.568908097342036	0.598918187767813	0.572021882701852	0.574033846124255	0.764362411455063
0.740951483485748	0.723256987016688	0.640491755125521	0.806761902471927	0.716702053344867	0.726857173208453	0.874116729461947
0.50191980508644	0.491546171324362	0.597898393465259	0.633643780251752	0.609239056896982	0.610272764134487	0.808845076861744
1.0762975472744	1.08350175845197	0.656669410718579	0.985026992444511	0.887752740374156	0.90234200756526	0.923683192453385
1.0719313357292	1.08082632559651	0.633938681440049	0.915194883546407	0.857134590925387	0.864355931602204	0.837714965833145
0.573024327164841	0.578946439943109	0.627721516641688	0.729573346408952	0.666891008281346	0.670201524124431	0.872382197207292
1.04831943989888	1.05697601903324	0.613956951276384	0.874277260574604	0.825056476185317	0.830444689916777	0.78748343941345
1.10488031506275	1.11060635042729	0.61839940721079	0.944275195924243	0.859645804571495	0.877050931300407	0.832259015806757
0.796639006893335	0.818443473245175	0.631874576162469	0.832229976266673	0.763296014547691	0.741004117714958	0.87693455593641
0.764279014431824	0.734826438585941	0.573131776415525	0.705252590789397	0.654865818125492	0.655395807646953	0.72510702616319
0.648509073535113	0.680765490752001	0.628442593485042	0.819825119029938	0.720979911734583	0.748852796890076	0.938757189058656
0.656274141654949	0.651085913968184	0.61210918394237	0.740495842734344	0.673304436697889	0.681865786438874	0.827741455269816
0.547714355054416	0.565339352427544	0.560600330963743	0.651346276589691	0.605399450942883	0.606148825993944	0.701154454594911
0.59699086930892	0.618008591837291	0.587997479864629	0.722482914077446	0.649896514726082	0.642636051191586	0.794270749892897
0.511072110994255	0.519670094155189	0.614136635833679	0.637678903538563	0.610668922318918	0.61551695264068	0.883056641561537
0.488035735735682	0.488267034382853	0.601446614524654	0.603831287765475	0.582038188406615	0.586614980464597	0.817577155606055
0.64250231697627	0.675558465997904	0.565882614333261	0.717910551663916	0.654385574123903	0.658155863296149	0.693141929993807
0.758073029438116	0.766121905359329	0.635657646108696	0.83795223517846	0.734634783075359	0.726077356384229	0.928179215561898
0.526815428709035	0.51741497023027	0.641780340998179	0.632938327591982	0.610146482747189	0.616535201823914	0.933218725836776
0.94214341122258	0.936400668151798	0.623427143154016	0.848157983153875	0.801863117537139	0.780308813084232	0.799389764106967
0.500416964677515	0.498341946757239	0.614707621622388	0.642218662877187	0.622364678106915	0.611591353334108	0.86638082574716
0.482137615619475	0.50177319177792	0.572683868901314	0.611425031977889	0.592540066159883	0.579224407800026	0.757027080707173
0.54175739132084	0.536268324040192	0.614258628807878	0.747449830354897	0.659713631472941	0.661976780624385	0.830963612736229
0.692848748064514	0.674420552554681	0.613008410338378	0.720200780556407	0.66083853911204	0.682695174647223	0.801103054929338
0.603076721783212	0.608562605464683	0.604620257445449	0.713253585028913	0.648086498953156	0.663193090266384	0.82910219447604
0.50948123612758	0.518777674969394	0.624877056984963	0.635083559955756	0.626486044271948	0.628875286994795	0.887670520034149
0.511222234756353	0.517065351904641	0.595848617859907	0.652171603367475	0.633858031605722	0.623963015662288	0.787363439400277
0.864722842932443	0.848004964502515	0.646754156552407	0.877399023469523	0.778625886494178	0.787706951212203	0.905818674659283
0.579866536185961	0.589153054482271	0.587327389643842	0.71135124452463	0.668132157520458	0.657780879237955	0.805572488529394
1.12697256826219	1.08830090988926	0.665658830710666	0.986878859116595	0.907934330280884	0.871316261365261	0.978911833758087
0.819550204533525	0.799373155097757	0.631957971355044	0.824390386680728	0.758274755125146	0.74670342959243	0.878890278025337
0.499936755573546	0.501310875732061	0.573079533364544	0.608111805397579	0.589585986652836	0.594930137519885	0.791365138299671
0.636558227359343	0.620903762446575	0.621011634756054	0.802831803525787	0.707387653902943	0.701707658998239	0.877692117600389
0.924929837658649	0.896129285837593	0.624170539264426	0.830714469029943	0.832821670109282	0.830478350905607	0.818642634147196
0.717465075945357	0.683383478933986	0.613763817906846	0.754705002084843	0.688256840954321	0.701946751277065	0.849842172199762
0.508791159979352	0.508274658855502	0.61099841405663	0.622813943580103	0.613851865304427	0.591006948460758	0.864223719438973
0.909337394050256	0.894500708083297	0.628410715605352	0.845900927041801	0.778996912105645	0.773527880207311	0.869112490244705
0.672372432689604	0.687601762508572	0.637825865929181	0.774491536665222	0.688951249332895	0.724458428813931	0.869911582907682
0.501769828199685	0.498212416218666	0.589480965320251	0.604091189678355	0.58758866570718	0.580402510100161	0.775708134288765
0.60997823159298	0.62544902541392	0.603966543515094	0.733090586212565	0.671105263783234	0.703403998084521	0.780171295959837
0.52610963451032	0.530182463503911	0.580955940666003	0.67371811582274	0.638357644146293	0.624601141183464	0.782245970048913
0.866609864527757	0.868163612605372	0.610663488481435	0.805631822852905	0.747830902223209	0.75941989274588	0.846489070755688
1.01465622937746	1.01041059471113	0.671732601065418	0.997643857684352	0.882199366754053	0.858963320019681	1.00686453927408
0.570135335999702	0.570699644600549	0.560537717555708	0.683668231070417	0.624304894171971	0.641611632187894	0.755143149359758
0.49152092415705	0.503977872470048	0.578226369813799	0.645556007070714	0.603688411279024	0.596835140260886	0.757236345404992
0.944538731481245	0.975735480094565	0.636595567081054	0.93559958845057	0.808096822652565	0.815052318193447	0.863461121886865
1.02470351343385	1.03798442641146	0.642457755893168	0.938164231024436	0.830062805044514	0.848473963564941	0.870475801134292
0.538292106364252	0.567081990813916	0.576328594826732	0.663821317909555	0.61486479652902	0.606710884944697	0.782253374797216
0.496098531266649	0.519272615191706	0.538515244305392	0.598269538349807	0.576112128290629	0.569947948713824	0.64437019249511
0.530850883501879	0.518992329671252	0.611325036104234	0.639270281787566	0.618635445166836	0.626301400644707	0.905512233228772
0.680118790490579	0.647323843618511	0.592232097105345	0.739230087811758	0.665023629411516	0.65561675369047	0.796378530728253
0.526909460203571	0.537019655075555	0.581600402250969	0.652460635418358	0.599161514213032	0.59600353299444	0.764172561608393
0.577363668549308	0.578381726955559	0.589860817737133	0.694024827406959	0.645386602386597	0.636135492443846	0.802357089562379
0.9127230078945	0.829645567847205	0.659788329587992	0.896004510249471	0.775439400545868	0.793296647828476	0.907584434625401
0.910656954838581	0.934455615810602	0.549153072218776	0.751635435921347	0.719005017900288	0.718611253735332	0.66741324740891
1.19589208269376	1.1919143123759	0.657186615121711	1.03748959445803	0.955967485409016	0.952444124073914	0.915983502477074
0.667170940185319	0.662241759727166	0.611835679438822	0.769885171933323	0.701910290669037	0.693796192750005	0.829420285767418
0.577056808117545	0.583460011268445	0.642253010664112	0.759729898737474	0.690114854440583	0.692346189181552	0.93163354336268
0.48039575795557	0.483923185583328	0.567646065541596	0.582470159444003	0.586864291875145	0.568545469053546	0.744558601213822
0.555734377756268	0.54142427676984	0.617113223370416	0.766164230373801	0.674361642571231	0.697350158473896	0.849077998644329
0.957601027453746	0.949688884836617	0.60005944240961	0.817617754402189	0.75822225914908	0.758518533624245	0.724327423306135
0.525805639435348	0.528945150298464	0.633907178801777	0.652157001936615	0.62673695215597	0.624938472288954	0.969570578026726
0.502748144166012	0.514213323605532	0.609022204381524	0.603792129812686	0.585931059439581	0.599272420514519	0.855599330024892
0.697457417536839	0.747031324128064	0.676062178078161	0.860656799224093	0.736399852444666	0.752435639086652	0.987837160769642
0.730395304191563	0.763891298889574	0.622513011244847	0.829986811940976	0.746817948540219	0.767196032318248	0.86090536117064
0.487935617487883	0.491668069353944	0.573449581949522	0.584393780541957	0.581708845414245	0.564879211977615	0.77190500932178
0.613015519511665	0.639856423297505	0.570921589648926	0.727353615714716	0.660324439657753	0.67634020477155	0.732100514277622
0.544877848256947	0.530583458645152	0.593168439548117	0.69114762453622	0.65721800903271	0.637874775091942	0.817742711045728
0.791697082642006	0.80519560103785	0.62570311801292	0.812526211060636	0.747552839840148	0.737252161948582	0.819178363762878
0.572765961443045	0.604954971526634	0.601380697461506	0.698061071646234	0.642276626742225	0.666676296755771	0.803132397194686
0.762384393127561	0.768373065872692	0.615858703839772	0.781566560573999	0.713396977173786	0.690047791908875	0.813546428562966
0.491685141265456	0.489249721533152	0.537803324986013	0.607811499338038	0.588731103272427	0.574261924292208	0.705284408951814
0.715684340389732	0.754140017970833	0.640180891444323	0.807403909967035	0.720396001729274	0.741848658947594	0.919783721014725
0.530529394493489	0.547608646908108	0.637251988240458	0.710022615326286	0.682225910459958	0.668487375282143	0.95625011149
0.521535832710139	0.530795250889845	0.612025608675276	0.634528441601466	0.613553040537642	0.610647186890943	0.900982090320419
0.661477398623667	0.660810592457292	0.59160899399535	0.717178535652465	0.671877197209317	0.658384009470937	0.778261066426274
0.475541998871586	0.473172711650802	0.533437813602503	0.56932243040433	0.542580149112669	0.547204976945944	0.660475160791282
0.523287493911533	0.527464886309285	0.639564742217724	0.649709897457327	0.63880167620678	0.651747690036612	0.992623841612859
0.458941518719034	0.457778529943315	0.532038560697111	0.525855162742123	0.527798400801077	0.534376893999663	0.667459425969131
0.760493856601023	0.76348182761814	0.625575771684238	0.84497076804197	0.748450070672798	0.749443008641576	0.875963019646935
0.532310512686219	0.535563713633976	0.646953011872524	0.686570358738327	0.642441335906555	0.662610799191724	0.957597582819043
0.509243750710397	0.516221055060022	0.587899897551221	0.662445303452707	0.62711475142888	0.63517378836268	0.815973279769786
0.49180433516981	0.514316178087873	0.613032997211863	0.597217837483511	0.586514691410471	0.589935296862539	0.848825085847807
0.730215925310592	0.712923629745063	0.541954835113491	0.701577263709631	0.658589178104242	0.652621954695463	0.664864328762635
0.635985616425385	0.646894244679495	0.602069273927659	0.730663143783362	0.66008407964236	0.682182453565672	0.816657975115269
0.946839153379125	0.971124378310862	0.609770941517986	0.918115174966532	0.800678442219305	0.81576230988901	0.834098054348155
1.12353044710907	1.14460633666311	0.632574941218509	0.938860956078676	0.944949281792997	0.940391852263082	0.829628411088566
0.486317057892058	0.479931490642986	0.533715967690608	0.618174168244945	0.577808073021795	0.569974321771353	0.67205548059952
0.683624517661211	0.68106675789172	0.624055615716103	0.769223044642066	0.708609618426236	0.711155818741908	0.842721377130102
0.634149762592536	0.671777831640421	0.566083224279409	0.714306305447481	0.658114353722852	0.673505651861994	0.729269729645514
0.542787060674766	0.545697631452497	0.651534470358818	0.734801669105596	0.670827606991198	0.670513053665037	0.980335140698626
1.05586609286902	1.05221048960196	0.647310315175996	0.906697085379231	0.887433921534199	0.905938177150839	0.879060078290288
0.561077484861445	0.557906361857306	0.572132222902799	0.665024737238585	0.617581835517003	0.603380267147224	0.701611842295563
0.547866951700556	0.551216668365941	0.635878113627239	0.701777747055048	0.645726466892445	0.657223736073355	0.878978160616165
0.612743355705306	0.624127427929109	0.587945112410865	0.691794725134661	0.660366417704291	0.66775114631332	0.792252807286402
0.907139347900844	0.892481874237965	0.578332819141563	0.78109067743981	0.723692813891677	0.735566663982881	0.743693143217632
0.728973321941877	0.711282789891053	0.652199965464616	0.877763381291398	0.770974475328365	0.760379365641189	0.942719006970486
0.506663293986209	0.499501709261131	0.595826798572433	0.62674883207353	0.623916996710021	0.614584204920408	0.815251673469395
0.592505205078329	0.585515743134465	0.604888015687474	0.720653067616184	0.659679223520685	0.658148527733597	0.851106981892477
0.678810108216874	0.692897871034923	0.617595505733733	0.765264297484721	0.685404872865694	0.691747175582835	0.838181398572893
0.505655514427246	0.521826971058115	0.579074296227782	0.666207531596154	0.629620165129589	0.625467743578036	0.741633074313493
0.560522579240987	0.577473530818012	0.660621960026845	0.777350552733647	0.717724236400126	0.702010756828477	1.01827314493159
0.759356109100283	0.742820023809188	0.588339116662384	0.783857150931637	0.700618891678659	0.712463265685625	0.784769410484918
0.488989385757326	0.483890488132033	0.566376386034108	0.584291602616739	0.577013436428833	0.55928839777593	0.756257780707028
0.858866365213998	0.855377691638532	0.557826873165268	0.743450333831526	0.700649339848707	0.703439236818498	0.689852081822756
0.818774731658244	0.790554688008071	0.640256014152354	0.83317759678676	0.762397724492016	0.762362420267525	0.889330679511133
0.962252429685654	0.951058550254079	0.5909951064861	0.835923683534454	0.7700087734872	0.778556951747424	0.784535836989286
0.642316550408297	0.603318114909543	0.578661098201187	0.720591657378268	0.67370506937584	0.676195824733065	0.737086014373806
0.707804577515381	0.730534371722497	0.59362122818367	0.73202859384296	0.674797074987932	0.671598835215808	0.76943058126839
0.865044661831556	0.873622621509258	0.575703191480193	0.785467794314067	0.70846467357641	0.731977960489457	0.75919757552755
0.53827726217763	0.52162565092329	0.595666351911739	0.686973787511363	0.649315016106562	0.641997986939431	0.789725139780519
0.621416984627268	0.642515238235154	0.593852056476722	0.719922744975077	0.67494192676062	0.664104784534501	0.791787483854668
0.673896005874666	0.704832921280957	0.61529789924181	0.764268607703018	0.69581566890509	0.698496262613721	0.828779052927936
0.479376719487281	0.475155283229083	0.573702089106837	0.581816374345848	0.567834101042846	0.555663328362551	0.768386631024876
0.529813554889911	0.5248608179649	0.620283431059674	0.709652615455812	0.632745763421152	0.646854795480103	0.87002789263479
0.533909165941975	0.528911056491368	0.621903307516717	0.670219608023791	0.653445439863369	0.625500118664887	0.8897177078294
0.480565158237056	0.482379805915333	0.56869968552568	0.575613455013952	0.567117635992878	0.562233857092577	0.74799038080569
0.484375137924436	0.485823515450668	0.585983490416126	0.593394144544026	0.570920403443559	0.578407940562171	0.774217965146921
0.602261276707814	0.593606723310926	0.521115737060935	0.60930117717715	0.581764636600756	0.584675521290968	0.620967210804953
0.841501604506728	0.83071669897739	0.587268136041518	0.78008857362788	0.71521503754794	0.710279035240272	0.738590659591606
0.838584632056209	0.815181511543892	0.605632628609086	0.805686235686491	0.72133096588022	0.737679541683228	0.763595664980443
0.555329326494552	0.551740271285055	0.612415207951113	0.709554172325468	0.65376897150789	0.643281849338806	0.832198802277428
0.57731858134342	0.589047603847412	0.595015647215673	0.713092717336057	0.66409862325896	0.674346101464191	0.823149178528637
1.04244447253468	1.05270123178533	0.650541028195856	0.950358452470458	0.860681824088911	0.868593338905597	0.899541689685475
0.484604107448007	0.487537273187603	0.563293594659966	0.580852665051564	0.571091187883651	0.578512635406843	0.762309402584887
0.488119316403681	0.497190398255298	0.600723283733745	0.584105668596332	0.579880709536988	0.579729408719573	0.821948023730104
0.86894345152844	0.868218599581456	0.592395566203435	0.781305004592276	0.713258986292076	0.740050734964015	0.787516421405923
0.80908765047041	0.774657153877952	0.564810491597416	0.778768841304299	0.704075093531189	0.705449188420087	0.757709567700036
0.537005236041313	0.543609504487037	0.631969417902558	0.744159278470217	0.700001374838579	0.65515308970102	0.916519373349456
0.530012100388694	0.523894241104901	0.615357466331248	0.689212800482236	0.655414176220939	0.639623434660863	0.888865046660495
0.569481085139708	0.558398958662757	0.612411376474051	0.718078849417309	0.655780872787472	0.667574697238027	0.856579375772591
0.553824418720389	0.5566143686695	0.604227153173075	0.695765310875857	0.653918447226667	0.639720609239929	0.808145738705459
0.525316752047238	0.511419779748302	0.615329337012659	0.68986234400018	0.638528203132857	0.651611309672118	0.914475620379746
1.02920416397823	1.02014964129298	0.627775333689645	0.898031859001065	0.872305623970201	0.837661670192846	0.8215172003841
0.863051330029957	0.862433286787069	0.667642265506265	0.897621218039277	0.798414586012746	0.820320719925168	0.965630693888702
0.663284607425265	0.683841271831418	0.564695728530481	0.709234529929073	0.664022881682906	0.66982344627218	0.718472262944438
0.528608946073639	0.539660323035438	0.613381574268983	0.686070488928247	0.650045130689899	0.642024227335885	0.802656528782903
0.479669471310908	0.480634814450074	0.561329842918341	0.557094759868046	0.5548472025927	0.55536650871482	0.726000196744637
0.771072298457481	0.760286523735437	0.58528626216576	0.720977720502923	0.681203164031535	0.695103411152514	0.740864019219771
0.917051650650138	0.927779129019627	0.577057694118019	0.80861536216803	0.750790370811147	0.754773357619609	0.775597101905237
0.728761449140096	0.72174057723181	0.599906675409949	0.776870357376922	0.692167746735393	0.69630207152878	0.805137537103094
0.56781508523545	0.612633512217523	0.564471039996902	0.689774629622829	0.629419548234345	0.646015489351115	0.724854494139936
