FMP	RMP	FPP	UPP	ANPP	NPP	ANCOVA
1.00031056890446	1.00027543295855	1.0000600697063	1.00084858077243	0.999965435459585	1.00131578236036	NA
1.00019008217059	0.999951678391624	1.00027050907383	1.00092094400839	0.999918141336765	1.00030639741721	NA
0.999876906809963	1.00022154036829	0.999878230599899	0.999905268248217	1.00019886101079	0.999821118384254	NA
1.00043221347041	0.999791324360406	1.00028063563102	1.00040502746302	1.00003502733556	1.00015624780991	NA
1.00022761193664	1.00053021602315	1.00004160804822	0.999919336263811	1.00015867511652	0.999864999929982	NA
0.999914718462581	1.00129387275085	0.99977296393256	1.00005245018491	1.00022223220056	1.00019757108739	NA
1.0000461233402	1.00060955465489	0.999727039067571	1.0001705671927	1.00082876809821	1.00042011397725	NA
1.00013112228767	1.00105462681337	1.00018562010719	1.00050933767527	0.999894389886106	1.00001598958546	NA
1.00026469807078	1.00049977629432	0.999997704604118	0.999990119836268	0.999790590103173	1.00001089594885	NA
1.00050959964645	1.00028281809685	0.999770460672927	1.0010897817946	0.999955254615589	1.00032179332413	NA
1.00091791783505	1.00065656659034	1.00007213006519	1.0008701097476	1.00019461989695	1.00068367919618	NA
0.999926021145213	0.999995989704932	1.00009763544234	1.00002867098961	1.00025575435516	1.00020699532268	NA
1.00093971997143	1.00014070667145	1.00012264792379	0.999955672190248	1.00061790987597	1.00001091502695	NA
0.999883158202893	1.00111447046618	0.999717634324161	1.0004305353559	0.999743594704994	1.00000220356411	NA
1.00002685257559	1.00104372294652	1.00043614746995	1.00080114071448	1.00021989961435	1.0010048309987	NA
1.00038979685448	1.00069451116169	1.00035423672085	1.00020645181909	0.999988866746523	1.00031851028631	NA
1.00011970666368	1.00003908586328	0.999691559907104	1.00053974136628	1.00085074897875	1.0003583889875	NA
0.999922522517542	1.00009295257859	0.999766104135367	1.00060570236974	1.00030107008808	1.00017299192686	NA
0.999715723352133	1.00067982586336	1.00002432568491	1.0002405758784	0.999799624367388	1.00033481404561	NA
0.999966828325412	1.00068094237157	1.00091316736643	1.00035471803197	0.999945684402165	0.999891831445412	NA
1.00051297038593	1.00063622857879	0.999918796497693	1.00010777559385	1.00106802203274	1.00011107130874	NA
0.999842739345338	1.00057622656468	0.999800211078957	1.00046870714998	1.00066520718686	1.00055444179301	NA
0.999869328688323	1.00109632437442	1.00066284040435	1.00049447137709	0.999779773394438	1.0001076935343	NA
0.999972348038868	1.00079861814168	1.00021553423394	1.00114923228417	1.00020031204465	0.999833178106909	NA
1.00073331472806	1.00000636291043	0.999778927181787	1.00024566189813	0.999997184045007	1.00002133923506	NA
1.00038084690688	0.999902775969572	0.999972115910285	1.00025339227301	1.00026616212966	1.00004718068143	NA
1.00008337792141	1.00052803291973	0.999805932694002	1.00009132095127	1.00034037649687	1.00012480869014	NA
0.999868945839066	0.999802256248188	1.00019087259172	1.00050954868113	1.00040368147647	1.00007808015315	NA
1.00045429688475	1.001359765404	0.999984925304438	0.999760312204578	1.00099006810527	1.00059776050289	NA
0.999799243077873	1.00035756113904	1.0000977237923	1.00029554313318	1.00029861046844	0.999938907030537	NA
1.00036751122591	1.00022725944686	1.00031737839935	1.00044510612373	1.00027212217794	0.999892412199166	NA
1.00079382239683	1.00070583001906	1.00000996315273	1.00018547985074	1.00004119824152	1.00019080969094	NA
0.999658122530366	1.00022845673081	1.00014848460058	1.00054155366563	1.00009900366375	1.00046160828019	NA
1.00110857275264	1.00037551216955	1.00030573868861	0.999947404745539	1.00026026849442	1.0009506444488	NA
1.00010861762727	1.00073993264017	0.999756368696998	0.999715458631253	0.999658127398073	0.999993003761579	NA
0.999828811321971	1.00056760206311	0.99989012867564	1.00073607457467	0.999936231632236	1.00005785081839	NA
1.00027593104991	1.00066224009607	1.00020130624085	1.00018517985282	1.00028926522561	1.0002103824286	NA
1.00008010977655	1.00024459699938	1.0000961830222	0.999661467420899	1.00117245720173	0.999936452042859	NA
1.00006150698314	1.00009358195397	1.00010801357487	0.999970245185241	1.00009039627699	1.00024749979297	NA
1.00010237201715	1.00016487486729	0.999825505117221	1.0003619790696	1.00066174464622	1.00059539017928	NA
1.00020161977092	1.00004733771024	0.999929657413171	0.999750454187469	1.00042131255992	1.0004889410961	NA
0.999961006498423	1.00008562074712	1.00034644178175	1.00007499445661	1.00010300006386	1.00035778996398	NA
1.00075437331374	1.00018512934977	0.999781263264686	1.00071502083185	1.00030624720337	1.0001787852469	NA
1.00093283350769	1.00037965467764	0.999752610257986	1.0003688208563	1.00010395833448	1.00041559799302	NA
1.00002424238117	1.00150200293784	1.00021339242186	1.00058326297937	0.999796772906871	1.00067300825646	NA
0.999964523956638	0.999725481716457	1.00041186749824	1.00078382936479	1.0001904949488	1.00048989186398	NA
0.999783300109918	1.00002021594781	0.999727292577436	1.00072109022194	1.00039376372944	1.00059253678246	NA
0.999831401006387	0.999874512967641	1.00014680494588	1.00170178250511	1.00023667385346	1.00116743325073	NA
1.00024794170102	1.00030674920246	0.999745933825194	0.999910042844332	1.00021209744041	1.00065476542306	NA
1.00116953906589	1.00040181090628	0.999866417053892	1.00038133456826	1.00006064727495	1.00023735211233	NA
1.00047438314332	1.00105184735709	1.00010477475489	0.999862922920529	0.999795232006453	1.00013471963298	NA
1.000941378694	1.00107107078319	1.00033846160545	0.999987839442242	1.00036458129051	1.00065138895437	NA
1.00027294501513	1.00015680959458	1.00024567130859	1.00087085024805	1.00021048112578	0.999933626170487	NA
1.00047623803996	1.00084087530225	1.00046614984637	1.00054678294257	1.00004578239076	1.00004272481816	NA
1.00002292730419	1.00017004206196	1.00037595574627	1.00036986411722	1.00005964154343	1.00060977193667	NA
1.00018112976447	1.00015130693588	0.999949036494891	1.00095266008824	1.0000408262931	1.00020441436572	NA
1.00049139482838	0.99991206175907	1.00004606263288	1.00063926829369	0.999856696940303	1.00070711467867	NA
1.00037757178016	1.00021851805367	1.00022607808897	1.00006060453849	0.999805270155733	1.00038929623679	NA
1.00026178729755	1.00093476479828	1.00025024796109	1.00023269329048	1.00026930388382	1.00084836388243	NA
1.00055564278606	1.00057935303483	1.0001218626445	1.00041330061317	1.00035961306636	1.00075976116114	NA
1.00063558739627	0.999964790595853	1.00048103847746	1.00064538576748	1.00012076402681	1.00008373130038	NA
1.00016304319581	1.00018298846134	0.999927119146669	1.00068688580773	1.00030902776129	1.00076814633598	NA
1.00069693526583	1.0004566879687	1.00035974105912	0.999918332046122	1.00095769931162	1.00005134538212	NA
0.999738669835461	0.99979061027163	1.00018206402328	0.999780171831651	1.00024434638492	0.999865697640141	NA
0.999983154995787	0.999727604429962	1.00044262400249	1.00003387650484	1.00045435585851	1.00011414311893	NA
1.00002197018524	1.00028342317175	0.999757401327059	1.00024872545567	0.999939728843525	1.00041098494912	NA
1.00031219787595	1.00040119695822	1.00035924986194	1.00039234877497	1.00020944030001	1.0002018613338	NA
0.999807576651943	0.999940239290728	0.999983466096136	0.999966654895839	1.0007252647117	1.00049231696353	NA
1.00010812126664	1.0003260979385	0.999731503055608	1.00046438114381	1.00101181436992	1.00007348340996	NA
1.00024151428203	1.00008053919015	0.999888346823272	1.00001380957429	1.00059483902458	1.00008166388324	NA
1.00022742891162	0.999781379480917	1.00010073421171	1.00041812740016	1.00032779957846	0.999981727999889	NA
1.00100318814137	1.000767526354	1.00001032699678	0.99996396708142	1.00057553568697	1.00030842856303	NA
0.999853801447698	1.00026454024491	0.999779392643425	0.999997053127209	0.999909461476365	0.99999591835632	NA
1.00006081323031	1.00043884931123	1.00033159643665	0.999941050402448	1.00015444035381	0.999946018738632	NA
1.00016820224254	0.999929907210427	0.999874340828533	0.999777150994045	0.999904407218905	1.00065177539738	NA
1.00004143693381	1.00038832213447	1.00063107084112	1.00087499356564	0.999957431043255	1.00062659679617	NA
1.00031334640038	1.00015474045474	1.00033888935013	1.00006859250323	1.00030213733255	0.999833680436688	NA
1.00012643868887	1.00051855036375	1.00024443923918	1.00027131910124	0.999863424348694	1.0000232672562	NA
1.00077177858361	0.999893147010956	1.00065542804372	1.00094517349556	0.999860869980783	1.00096146572589	NA
0.999893939248131	0.999742733400235	0.999960037148383	1.00019769404189	1.00028165517632	1.00035702053921	NA
0.999971028262381	0.999913143024278	1.00034250295543	1.00099392842807	1.00020279816576	1.00037087576695	NA
0.999724762884728	1.00083628976177	1.00010009412978	0.999804204813414	1.00006271510866	0.999994961817774	NA
1.00010298411207	1.00084157207092	1.00036291471785	1.00096090846698	1.00008976785651	0.999865644437663	NA
1.0005170605938	1.00038495121196	1.00009264211986	1.00029454279993	1.00031973897819	0.999773728280346	NA
1.00006698609731	1.00015525927007	0.999868590038178	0.999820174796009	0.999980864784145	1.00072772232458	NA
1.00017731417668	1.00037689842449	0.999775107484531	1.0005962251582	0.99998248898712	0.999877849216656	NA
0.999879617136438	1.00089985155876	1.00082357999366	1.00051703917711	1.00017088012722	1.00018174146858	NA
1.00068196143653	1.00043277474556	0.999822675377984	1.00051194876777	1.00045344027166	1.00057757746727	NA
1.00069606048395	1.00196089944085	1.00083276609734	0.999774544986814	1.0001621920325	1.00075700925081	NA
1.00003637060076	1.00008636496183	0.999791596372512	1.00043611109453	1.00014513077833	1.00034058385638	NA
0.999831248189136	1.0001363637213	0.99998246787305	1.0002653108201	0.999882444872065	0.999928272592568	NA
1.00076131876172	1.00013363959947	0.9999774686339	1.00041513188954	1.00080412828691	1.00008412233575	NA
0.999981291921915	0.999918599507484	1.00060542871518	1.00069534652818	0.999993980578034	0.999641493845548	NA
1.00012545263634	1.00064632392425	1.0001439864239	1.0008667341845	1.00032890429726	1.00060835202734	NA
1.00066448928812	1.00009253749536	1.00022583276916	1.00008702894734	1.00022922332089	1.00000956403193	NA
1.00041604238898	0.999986148572212	1.00055457252799	1.00036101661055	1.00041860453072	1.00020385161772	NA
1.00007251403331	1.00081626502122	1.00061216745313	1.00002739863229	0.999905708813744	0.999705003105894	NA
1.00027794122246	1.00075303996379	1.00011321069978	0.999740044775783	0.999882424537962	1.00070194310872	NA
1.00107029152561	1.00127224550802	0.99993053745267	1.00009386776926	1.00040805623065	1.00026843720755	NA
1.00031202492411	0.999777731170952	1.00003622465278	1.00073325437082	1.00021527153699	1.00008900813737	NA
1.00041371781997	1.00040916617721	1.00031482980729	1.00160837789002	1.00018387841532	1.00068010876303	NA
1.00105079735437	1.00027877854751	0.999753334711516	1.0001575258759	0.999919469532654	1.00043358142036	NA
1.0004412631323	1.00190770755333	1.00049491865721	1.00001836599691	1.00010261031581	1.00054388810333	NA
1.00074376359878	1.00177747915016	1.00023717201398	1.00051185935398	1.0014258288606	1.0006836613715	NA
1.0001132668772	0.999994524950828	0.999977907528651	1.00040814106135	1.00001957552289	0.999835917086798	NA
1.00068387811978	1.00042199895389	1.00052512166381	1.00016170104369	1.00048428008354	0.999859117592569	NA
1.00001585300562	1.00009749486749	1.00040799380696	1.00019013746334	0.999990776702748	0.999997790903253	NA
1.00108083530487	1.00014219569008	0.99969102053325	1.00082043836526	1.00062376866858	0.999808730186967	NA
1.00107681566677	1.00033122197196	0.999814144283986	1.00018678630607	1.00057943985556	0.999899588378093	NA
1.00069708805393	1.00163182279695	1.00018662587473	1.00100582058258	0.999776375850058	0.999768665981352	NA
1.00057427163737	1.00049860821651	0.99983183135233	1.00007912685408	1.00106458869672	1.00024425344771	NA
0.999982054504193	1.00069455459781	0.999893310981203	1.0005410583324	1.00028005369509	0.999877984304599	NA
0.999908899492193	1.00162927986894	1.00023130674477	1.0001845014418	1.00041983792529	1.00003850314758	NA
1.00120404381864	1.00044303588876	1.00020886324727	1.00147273645173	0.999884026275713	1.0001274449822	NA
0.999819406829937	1.00044273933697	1.00005647101743	1.00049776082556	1.00035934836725	0.999966541443179	NA
1.00019172170544	0.999828818255186	0.99985649314521	1.00032838420219	1.00043806598492	1.00011606234827	NA
1.0002189393201	1.00037910610436	0.999949946071142	0.999775738853368	1.00019105192538	1.00112525548411	NA
1.00019791611072	1.00003798509802	1.00010762313024	1.00015351783031	1.00096751461723	1.00003334122032	NA
1.00027168461397	1.00016501310487	0.999883500245037	1.00003550230458	1.0002797976941	1.0000109280552	NA
1.00194388255416	1.00015982691065	1.00018547310832	1.00002989992121	1.00005855369556	0.999799110153316	NA
1.00000654351106	1.00134917479829	0.99993783785523	1.00022315557128	1.00004957037412	1.00077676817934	NA
1.00013390759197	1.00075944363606	0.999824102652756	0.999958484441817	1.00007317788711	0.999826681070767	NA
1.0005840801637	1.00057285323668	0.999858728925098	1.00012000381165	1.00046918439506	1.0002284401895	NA
1.00008483886475	1.00043106291016	1.00015314442269	1.00021876969127	1.00065982987288	1.00101487742061	NA
1.00064300661467	1.00028947077911	1.00014645905582	0.999913552669151	1.0008600945191	0.999907351770352	NA
1.0004151205113	1.00113020156864	0.99995810567447	1.00001971815632	1.00027306144656	1.00052100442543	NA
1.00170248049508	1.00044527640837	1.00030035561163	1.00009488320478	1.00040444574473	1.00005773757411	NA
1.00119566141215	0.999839836497881	0.999833383082633	1.00115897127994	1.0000181118359	1.0000231315027	NA
1.00042566807652	1.00027615384868	1.00048573854408	1.00078873609383	1.00027982424258	1.00144462066125	NA
1.00006922554936	1.00080203516138	0.999865476956598	0.999817442352152	1.00080545350542	1.00017213410522	NA
1.00019781696947	1.00053928297001	0.99998497752168	0.999910444432353	1.0001882149973	1.00016736069174	NA
0.999898241070659	1.00040979610541	1.00039584887648	1.00011352968513	1.00008155718105	1.00008064593844	NA
1.00051506238089	1.00023391835695	1.00053671922097	0.999867870940226	0.999988953467595	1.0012119033264	NA
1.00036763412737	0.999880792746038	0.999727024642196	1.00032572005283	1.00054696864174	0.999790778964496	NA
0.999820508203673	1.00022282169472	0.999964910339693	1.00071170509304	0.999854766055092	1.00067072729511	NA
0.999827834705188	1.00021879713719	0.999995302719527	1.00021383949974	0.999963898550969	1.00006512223236	NA
1.00094153856284	1.00012769367588	0.999822650654133	1.00050652220023	0.999932829535396	1.0003850683856	NA
0.999850236077773	1.00058932946709	0.999953686616958	0.999949147422899	1.00022442371867	1.00016021151808	NA
1.00032767271148	1.00017822734165	1.00024528286612	1.00042868313624	1.00042540962783	1.00065061874519	NA
1.00011413629992	0.999892928949302	1.00003568951057	1.00019334854096	0.999823240144497	1.00039642393155	NA
1.00004856740951	1.00097649840022	1.00001636860979	1.00077784619297	1.00090163665413	1.00053367664419	NA
1.00053908127063	0.999863165443293	0.999874727595668	1.00022650417115	1.00034588680685	0.999925237923952	NA
1.00002642529331	0.999993455041459	0.999798141018197	1.00103305504451	0.99981981736168	1.00080965670089	NA
1.00010631274057	1.00054588244195	1.00009846989186	1.0001621670621	1.00008035106293	1.00079809802294	NA
1.0008428576854	1.00004916583519	1.00045803481418	1.0003114972996	1.00022738271608	1.00093016116884	NA
1.00109069665158	1.00083200396841	0.99989204597581	0.999969514927	0.999869256305932	1.00035836810261	NA
1.00000322426501	1.00031029006756	0.999917060965053	1.00027329302498	1.00014277526702	1.00136142141028	NA
1.00072305586188	1.00271513605427	1.00038124337163	1.00018523237603	0.999703331016548	1.00031675443225	NA
1.00018668967105	0.999757681615022	0.999869085135558	0.999814623218084	1.00007444808536	1.00016582685385	NA
0.999816705607985	1.00008417746011	1.0002975672167	0.999846559625935	1.00003290204537	1.00013813010179	NA
0.999935034734488	0.999995847580879	1.00000424677363	1.00026299517913	1.00018538798727	1.00029385793519	NA
1.00025014944085	1.00053148514621	1.00073707996272	1.00020398718908	1.00006250903839	0.999896317532194	NA
1.00026696310506	1.00006912126965	1.00003397462871	1.00026961859316	0.999748949024329	1.00017883999354	NA
0.999951377421139	1.00014130316254	1.00018739546576	1.00034590488438	0.99995652644776	1.00025517604265	NA
1.0000434222333	1.00063305105487	1.00026194414944	1.00014823932584	1.00009705030905	1.00018053877588	NA
1.00015556074146	1.00043778297615	1.00083739873109	1.00032371244998	1.00049864158111	1.00014508375457	NA
1.00083228122834	0.999913072596416	0.99968376714656	1.00014506464505	0.999759687481266	0.99971390726698	NA
0.999972324181804	1.00028060691534	1.00028176651359	0.999811462312845	1.00041696556442	0.999988495874237	NA
1.00034353446695	1.00064755554767	1.00004993537754	1.00004996769845	0.999893350974016	0.999821687462702	NA
1.00012203131202	1.00063320776884	1.00053611845117	0.999843250765056	0.999955105990969	0.999870539317718	NA
1.00017007575023	1.0000533936556	0.999987178708735	0.999775506563406	0.999731952912296	1.00012898887694	NA
1.00014923164024	1.00109755866625	1.0003181051608	1.00046352070039	1.00077418890579	1.00005460187761	NA
1.00020656302054	1.0000840772995	0.999727606844387	1.00001811308843	1.0005204078659	1.00007745505869	NA
1.00012073036581	1.00039183525569	0.999789239504833	1.00047721004233	1.00137215684796	1.00022633655175	NA
1.00026082974113	1.0003416438747	1.0000757800308	1.00061483758604	1.00035439834869	1.00065988066323	NA
0.999877942396628	1.00042213640627	0.999845653159441	0.999968618474137	1.00053874397819	1.00055752354871	NA
1.00012618919512	1.00009363614598	1.00007482445735	1.00059229834968	1.00033766364613	1.00000944761751	NA
1.0000080106644	1.00084525228042	0.999889460299251	1.00004703099262	1.00033549189631	1.00044015923145	NA
1.00053312805801	1.00001198738688	1.00019464430512	1.00035998235728	1.00037123352549	1.00065543483384	NA
1.00083455254189	1.00113033649078	0.999854150299239	1.00008548163026	0.999987343155181	1.00084529223682	NA
1.00004821713663	1.00000815232429	0.999745786080892	1.00171277143587	1.00038080209703	1.00036769699447	NA
1.00108237804361	1.00070643217231	0.999974265631104	1.00077706099698	1.00062759376656	1.00164142541231	NA
1.00013934847623	1.00019160549339	0.999849020996131	1.00053815641026	1.00049507004991	1.00029429264638	NA
1.0004473321096	1.00056221602209	1.00006141571323	1.00086151824544	1.00014198871895	0.999758298219741	NA
1.00024882280434	1.00078926744826	0.999954721901848	1.00013595970243	1.00017784820223	1.00000259010783	NA
1.00010794246747	1.00045558132018	1.00026293690398	1.00024832021481	1.0002600272662	1.00002167913166	NA
1.00069185764275	1.00026102870593	0.999898356144223	1.00021254386601	1.00048651509764	1.00025213002156	NA
0.999720712130096	1.00027526886133	1.00009170023316	1.00025260922025	1.00027134190144	0.99995624100503	NA
1.00004400961898	1.00063526937234	1.00017757889132	1.00035064320718	1.00022343535099	1.00014149865087	NA
1.00001199793513	0.999966933456865	1.0002191186622	1.00003998068045	1.00011593673157	1.00065834724968	NA
0.999835529269793	1.00008182898367	1.00012871846175	1.0001970732928	0.999992580689207	1.00001279990411	NA
0.999914534999064	1.00015357835667	0.999912073014421	1.00013572014741	1.0004362671905	1.00006604746364	NA
1.00015303296464	1.00044515604142	1.0000155132854	1.00027800125884	1.00047604478248	1.00027691120621	NA
0.999807613179266	0.999932960968917	0.999810348108269	1.00018334210987	1.00030563272622	1.00018662198838	NA
1.00013725407519	1.00116174432673	1.00048186706344	1.00042821671851	1.00029446044061	0.999931588410676	NA
1.00029379653198	1.00025248252715	1.0001191096973	1.00028796892547	1.00037156598617	1.0002412403534	NA
1.00010613642622	1.00083464072806	1.00058650675727	1.00033480210824	1.00003417074925	1.00035717070408	NA
1.0003121497634	0.999891226257967	1.00053016388974	1.00053151360659	1.00030961659587	0.999665270101643	NA
1.00066893161456	1.00062049265767	1.00019837989807	1.00009228566569	1.00031375744895	1.00078456325567	NA
1.00017411175473	1.00023056285761	0.999969620007912	1.00031661828798	0.999699717596754	1.00020022245485	NA
1.00048989843368	0.99964794849168	1.00044731530224	1.00008061805561	1.00006409859367	0.999908466694932	NA
1.00040844684581	1.00027002952159	0.999839369850457	1.00100207773834	1.00052330609313	1.00047437957147	NA
0.99963999146711	1.00043830913954	1.00031690786749	1.00008200416046	1.00094284603611	1.00090667716642	NA
1.00000068907023	1.00028534169941	1.00028300717004	1.00054299746722	1.00032337612472	0.999825154165199	NA
1.00008463105499	1.0003523171613	1.00037432434389	1.0002999694492	1.00007600189654	1.00028293004453	NA
1.00019203401426	0.999788820167333	1.00004749037476	1.00027175901163	1.00097061838414	0.99992356113437	NA
1.00006255813298	1.00009514423421	1.00029654076362	1.00001862951638	0.999938799035958	1.00078722451982	NA
0.999961225286865	1.00092781575347	1.00035309199686	1.00017958973683	1.00063927639957	1.00057376444176	NA
1.00033054016605	1.00052943486297	1.00017588576643	1.00076470785382	1.00040444046825	0.999921421466949	NA
0.999973128620141	1.00100881237105	1.00007528342294	1.00044166389687	1.00098493815805	1.00022161404254	NA
1.00012932706074	1.00082872778153	1.00007546474889	1.00004331698838	1.00096290946871	0.999887643284573	NA
1.00020534968956	1.00022371246139	1.00002743993612	1.00038697359332	1.00247714154314	1.00073144789872	NA
0.999941171131825	1.00082750694931	1.00010001767013	1.00033382110699	1.00010697047948	0.999942595048328	NA
0.999945012433076	1.00014519879285	0.999995428639077	0.999943490838203	1.00021167847079	1.00000609960482	NA
1.00035157924571	1.0001037381552	0.99994267070473	1.00035598218456	1.00004049400687	1.00050402153435	NA
0.99996044631645	1.00096914193581	1.00013134147014	1.00024318297954	1.00080199739128	0.99986022864482	NA
1.00006602231337	1.00096750713368	0.99995327446238	0.999997324093854	1.00030828837778	1.00070286679386	NA
0.999943805108106	1.00047706896311	1.00001455189243	1.00033721318589	1.00026011436051	1.00030597996888	NA
1.00020014847542	1.00117474104223	1.00067708350964	1.00002609890382	1.00012822413008	1.00118582753747	NA
0.999929111088316	1.00003363713493	0.999746294137348	1.00018668236746	1.0008023284377	0.99998939012963	NA
1.00007741315284	0.999957313004414	0.999663485898082	1.0003887265298	0.999995482729029	1.00015925827034	NA
1.00103511584873	0.999907009631111	1.00000840812702	0.999900632608776	1.00002643033844	1.00048395809709	NA
0.99989500933703	1.00004505963366	1.00010440416579	1.00035245077888	1.00086804193834	0.999983422295363	NA
0.99989626261789	1.00033803765657	1.00008978694027	1.00013160355292	1.00008056055189	0.999995538412119	NA
1.00083635778852	1.00084090712888	1.00062640347758	1.00086623339606	1.00018189431542	1.0005263093604	NA
1.00015661945576	1.00015130405223	1.00019933414405	1.00031938973759	1.00038257973454	0.999704970189918	NA
0.999988397689895	1.00197334567663	1.00007069319902	1.00088421411135	1.00060959517376	1.00019791158526	NA
1.00161001482698	1.00010460298428	1.0001155776258	1.00014133879048	0.999857435168583	1.00056745716233	NA
1.00036782593168	1.00007248965225	1.00030072474042	1.00054876997681	1.00016700916237	1.00043416932477	NA
1.00066222992396	1.00027539235094	1.00010358235969	0.999819957587555	0.999902002887774	1.00091788695418	NA
1.00034655916037	1.00013645372007	1.00003422192398	1.00051651268476	1.0001639666678	1.00093582650385	NA
0.999985438982504	1.00111047411461	1.00008206958743	1.00084414100291	1.0014060829156	1.00088058271726	NA
1.00007861215201	1.00085047256933	1.00023935177305	1.00011688793674	0.999863876620403	1.00082645130757	NA
1.00019966418788	1.00018407103989	0.999779903219905	0.999875052350398	0.999804400515578	1.00028809679779	NA
1.00006484650011	1.00108828212169	0.999963400406218	0.999946083664168	1.00051586301172	1.00000750272546	NA
1.00007339804086	1.00046787389255	1.00011250297476	1.00016559023596	1.00024527481458	0.99996002265232	NA
1.00013605311855	0.999907211791324	1.00006916408187	1.00062628417386	1.00051727722485	1.00060246456548	NA
1.00071906801328	1.00041730468629	1.00013108314455	1.00002487174516	1.00011903925164	1.00055355150783	NA
1.00000579280485	0.999946279120527	1.00014349551742	1.00045757661016	1.00001517433932	1.00022478194274	NA
1.00110522862356	1.00042762925094	1.00012622453712	1.00048464050889	1.0002671179474	0.999907070805735	NA
1.00026072003019	0.999868165302082	0.999727091525378	1.0000058389951	1.00069005707048	1.0005475579089	NA
1.00003277500541	1.00014731303193	0.999792125337934	0.999963429409179	1.00038817491663	1.00073218928772	NA
1.00064827508264	1.00023882248193	1.00043944130946	1.0002472532947	0.999926831334195	1.00003119455482	NA
1.00005579114652	1.00063327165075	1.00024379579472	1.00016378561558	1.00084301304837	0.999661439720179	NA
1.00055342494261	1.00014067644175	0.999837582756747	1.0003932155566	1.00038960208108	1.00003678743746	NA
0.999967241712963	1.00007350669879	0.999919231990293	1.00043106289911	1.00022274007172	0.999795820166259	NA
1.0003291281531	1.0000119442696	1.00034448550914	1.00103580827884	1.00030985776599	0.999774735250111	NA
1.00002344237234	1.00051267169057	0.999766834548846	1.00096075526187	1.00028499629999	1.0002296263471	NA
1.00019499661995	1.00146316926437	1.00020862539227	1.00060112149392	1.00003139413536	1.00102308447006	NA
1.00007980505992	1.00064123890864	0.99990637122337	0.999814500347249	1.00004604205595	0.999928572806016	NA
1.00020012309865	1.00073918883022	1.00026352578063	1.00039347694562	0.999999886816406	1.00013130478286	NA
1.0002624003877	1.000592792811	1.00020132962213	0.999866262053566	1.00056961454154	0.999985617551885	NA
0.999959737494237	1.00095772262978	1.0001991714079	1.00051893221739	1.00022744205022	1.00031477453225	NA
1.00009408189156	1.00044357046858	0.99981147547566	0.999874354753665	1.00039786252826	1.00167757796335	NA
1.00002965255999	1.00091046019044	1.00084046592547	1.00175063404206	0.999784957427374	1.00038971615764	NA
1.00185853040471	1.00186268076743	1.00029650747376	1.00078178062076	1.00000302615492	1.00019110488822	NA
1.00090560801041	1.0009710315034	1.00041459398122	1.00009431899879	1.00028866450704	1.00015683897444	NA
0.999744924123316	0.999916852024846	0.999994543743007	1.00001529510793	0.999993002409077	1.00029894618318	NA
1.00019455599355	1.00015925580732	0.999976084239401	1.0007365443479	0.999998241244211	1.00024647571545	NA
1.00061506679254	1.00052191963597	1.00035967204138	1.00013763595844	1.00046285695613	1.00021548380166	NA
0.999857466439222	1.00034977359519	0.999814385976065	1.00026740501838	1.00036574030277	1.00048998356465	NA
0.999846841475418	1.00003776208698	1.00003334369191	1.00020676052318	1.00078807673258	0.999700483462089	NA
0.999979229615331	1.00067319261793	0.999704847625052	1.00017442038959	0.999777914886726	1.00063506874391	NA
1.0003234870222	1.00212629620815	0.99996600256303	1.00034061892476	1.00102793084319	1.00059569419208	NA
1.00040518037764	0.999939628019294	1.00028797340132	1.00055434738113	0.999965702799045	1.00014323260678	NA
1.00035706093161	1.00006427259779	1.00087349045925	1.00046109339747	1.00031176406177	0.999891480729689	NA
1.00064825898724	1.00024803861819	1.00037708520408	1.00027104587001	0.999930799805704	1.00065471777576	NA
1.00050761252766	1.00134689778006	1.00014811445453	1.00056084977696	1.0000658416878	1.00041033299211	NA
0.999883274089115	1.00030919671735	1.00008039532496	1.00020223580556	0.999969666343804	1.00016760658904	NA
1.00008005388683	0.999890115682185	1.00019456852902	0.999924458521077	1.00058348836843	0.999997703458445	NA
0.999739773525378	1.00020341743235	1.00053252150452	1.00017926332073	1.00017661022234	0.99986863546712	NA
1.00004405377474	0.999816261688202	1.00006110191535	0.999830312886587	0.999781984831515	1.00064468928045	NA
1.00058398279385	1.00085098587852	1.00074303012928	1.00030105460541	1.00063811334417	0.9999596962954	NA
0.999995996526873	1.00052901484591	1.00064557293717	1.00093198792396	0.999813595626168	0.99974516023525	NA
1.00050508593759	1.0013820497366	0.999777212232093	1.00000135579065	1.00058894783138	1.00048548443319	NA
1.0002504693562	1.00004833052865	0.99996851102216	1.00006048816387	1.00014579746603	0.999705108466409	NA
1.00050882369364	1.00086488620194	0.999720978474952	1.00115277158789	1.00039550906057	1.00030501613767	NA
1.00161952389505	0.999887281558806	1.00031078318163	1.00057890770577	1.00052445391694	1.00141782855817	NA
0.999899157296666	1.00000084535255	1.00017626436236	1.00020158808047	1.00054159635534	1.00054464788836	NA
1.00043915745883	1.00019924872663	0.999962560368441	1.00012064062028	1.00046714663485	1.00022826201619	NA
1.00017151384194	1.00014845057208	0.999884106040381	0.999828885684643	0.999906192100986	1.00023518799072	NA
1.00062556673272	1.00115280344717	1.00014592721379	1.0004185530793	1.00100305873053	1.00088844122546	NA
0.999914960417493	1.00023839414056	0.99984043917906	1.00015844669304	1.00020241907467	1.00012303696853	NA
1.00096053604045	1.00010224198223	1.00006657128177	1.00032363024977	0.999953773314066	1.00051192707456	NA
1.00170779222018	1.00055878401157	0.999938944153999	1.0003283538363	1.00041595184734	1.00035453689927	NA
1.00025688999881	0.999815668379379	0.999819783216115	1.00068267191114	1.00028212395989	1.00127458520913	NA
1.00022736133492	1.0001064904341	1.00005798663859	1.0007757367938	1.00009474361213	0.999743941077823	NA
1.00025759185278	1.00054696281701	1.00022524880166	1.00012778174841	1.0014828870756	1.00036044807138	NA
1.00055279465162	1.00085259085046	1.00026045408052	1.00037171021213	1.00021805975337	1.00040642062916	NA
1.00033630333989	1.0005893623815	1.00021441864746	1.00035689213176	1.00107382203263	1.00047891533113	NA
1.00014911740646	1.00000074606794	1.00037091975027	1.00011869028109	1.00025101939324	1.00046233674873	NA
1.00066523254256	1.00037746352803	1.00019249855061	0.99998228345035	1.00039987604997	0.999996917755665	NA
1.00014195469814	1.00070827859651	1.0000068071882	0.999999229672115	0.999944760169653	1.00024170450209	NA
1.00010896343673	1.00012131210008	1.00016034601614	1.00058430688729	1.00090253763634	0.999904710166351	NA
0.999792564021384	1.00066230890275	1.00023527966695	1.00055682566485	0.99983490973795	0.999790814820426	NA
0.999932969581074	1.00010652517476	0.999862111938552	1.00040947394279	1.0002253064769	1.00016128257194	NA
1.00012365535452	1.00066749246148	1.00011493375218	1.00044580117765	1.00015681985259	1.00052928327585	NA
0.999818639134585	0.999864461669292	1.0000324333593	1.00012187821702	1.00047312422802	1.00009528450625	NA
1.00068032109976	0.999929129296173	0.999941625638675	1.00031950571487	1.00008206950143	1.00020972382826	NA
1.00061696078287	0.999850017975621	0.999733424299568	1.000169289872	1.00009001900411	1.00138804943114	NA
1.00149851589444	1.0007519865	0.999778547730395	1.00105965580778	1.00008612411971	1.00015188322454	NA
1.00108009713415	1.00117602035186	1.00027290361741	1.00160919364041	1.00000785467159	1.00034814830019	NA
0.999893113098334	1.00015104419525	0.999797870579613	1.00007012443821	1.00040853291994	1.00056204613158	NA
1.0010308264722	1.00097141178053	1.00065345080254	1.00014840716838	1.00149418086147	1.00090913136041	NA
0.999826307027926	1.00042143240067	0.999864106322297	1.0006330479155	0.999893057059331	0.999866574015605	NA
1.00035650697385	1.00023070720561	1.00020026488267	1.00007294739314	0.999800947094348	1.00035641910083	NA
1.00008493609192	1.00098508006066	1.00029815873332	1.0000479070163	1.00021667472486	1.00044576135808	NA
0.999995165160344	0.999985237828281	1.00087992926766	1.00077172692107	1.00056226975133	0.999875419003037	NA
1.00003006998199	1.00016449353231	0.999956843089892	1.00050391372436	1.0004474687597	1.00051574044922	NA
1.00018700691416	1.00095895614578	1.00033287015272	1.00001358875097	1.00023757950016	0.999945865513146	NA
1.00016229853802	1.0004646962155	1.00002491687184	1.00004023364958	1.00061946336019	1.0003504106723	NA
1.00035697232802	1.00042564706433	0.999758912929839	1.00034313084146	1.00053196294611	1.00014029013248	NA
1.00074493993789	1.00026488891684	1.0001612300437	0.999881136101421	1.00095388033053	1.00032619877525	NA
1.00025167052619	0.999880757909959	0.999872538557767	1.00014366727472	1.00039483522189	1.00030663850759	NA
1.00076562265106	1.00053522883341	1.00020967320335	1.00022160314793	0.999903723420199	0.999913075550758	NA
1.00018686198618	0.999937126699253	1.0000007173025	1.00022162614558	0.999864413558497	1.00004327261329	NA
1.00010013570805	1.00075472568486	1.00042789130292	1.00097459596893	1.00044273105865	0.999933690670293	NA
1.00017851183991	1.00066442839438	0.999940173524013	1.00022605232451	1.00038056037734	1.00043648922302	NA
1.00027920509792	1.00005045368786	1.00030216153564	1.00043923056641	1.00046280562993	1.00001028552238	NA
1.00119758292033	1.00094093160505	0.99996031274996	0.999906219270971	1.00045331101027	1.00078453251472	NA
1.0002388584577	0.999973398188735	0.999974360286573	1.00019340666843	1.00065358465422	1.00016846622941	NA
0.999837725411889	0.99988940245534	1.00002772155188	1.00027551030111	1.0001165192802	0.999780472107952	NA
1.00049837992676	1.00025356576812	1.0002268254324	1.00016046864435	1.0003103487043	1.00001081349862	NA
1.00081097240919	1.00027489373812	1.00053202984038	1.00032615768238	1.00053644267307	1.00192397245916	NA
0.999967710715073	1.00036386788984	1.00010368478948	1.00042158710337	0.999987768118579	0.999928672620247	NA
0.999850235724916	1.00015002891399	1.00008249711874	1.00010271795477	1.0005971085412	0.999921595095188	NA
1.00082515455298	1.00053342677868	0.999733030306443	1.00050222023285	1.00104702250815	0.999817146854719	NA
1.00028646306876	1.00000323796938	1.00005382451911	1.00127592260353	1.0000518130149	1.0002808667496	NA
1.00038730419746	1.00020450254947	1.00012985486672	1.00006691521626	1.00013990776886	1.00113854327104	NA
1.00047902577489	1.00043849973411	1.00045620545771	1.00068467072461	1.00037238975298	1.00070868458145	NA
1.00007183737928	1.0004734628139	1.00006278900803	0.999987263394651	1.00010539668346	1.00040264104471	NA
0.999886065632939	1.00042821363632	1.00064991140398	1.0004649936485	1.00031967180372	1.00093906731935	NA
1.0004415716116	1.00061388465681	0.999880539560273	1.00034016626039	0.99980300262664	1.00074097869169	NA
1.00026664610916	1.00027311192486	1.00009803427022	1.00032518778248	1.00024367761958	0.999886501643561	NA
1.00055601220499	1.00070661717499	1.00053293132216	0.999999488315544	1.00064143762482	1.00026590716292	NA
1.00016779377167	1.00063421630087	1.00055631439605	1.00001539299943	1.0007254962208	0.999769810441169	NA
0.999823822001608	1.00046117568786	0.999728311124996	1.00017162000123	1.0006536857865	0.999664387837731	NA
1.00057420987796	1.00051362536658	0.999879686635671	1.00036758128654	1.00056377995177	1.00015499511773	NA
1.0010551663979	1.00016978273317	1.00015282115876	1.00017843675768	1.00026031422238	1.00005426069607	NA
1.0006284893842	1.00072153533476	1.00013982225261	1.00046281936856	0.999894983182023	1.0002289389712	NA
1.00037133789539	1.00072631302538	1.00010890016313	1.00033283720517	1.00007255097323	0.999932820659345	NA
1.00026945973976	1.00116691370625	1.00032435347988	1.0006621139388	1.00014035475902	1.00003980948217	NA
1.00002238708355	1.00123253527447	1.00009422583198	1.00003834231116	1.00029302471074	1.00044973778442	NA
0.999880430954336	1.00013979086154	1.00010391965465	0.999906961087889	1.0000821944479	1.00003558725931	NA
0.999774967217024	0.99986286270707	0.999755924568654	1.00011474788958	0.999883774860105	1.0000677483278	NA
0.99979539412706	1.00009230708556	1.00012148395179	0.99986534685998	0.999959164879553	1.00017973742331	NA
1.00019279003546	1.00081359436255	1.00011447221653	0.999795889010077	1.00020418352518	1.00034043370905	NA
1.0006776131209	1.00132651192274	1.00045316589478	1.00026378786441	1.00026913169296	1.00022022261001	NA
1.00006353614851	1.00048966800509	0.999746825318106	1.00008999850823	1.00010440601423	1.00010113053502	NA
1.00005599825278	1.00135536484434	0.999945318809558	1.00017693896254	1.00107771065364	1.0009514563596	NA
0.999966454288643	1.00096695784976	1.00012366762353	1.00011974159991	1.00040196611932	1.00051204027554	NA
1.00003673617258	0.999874676364587	0.999824645343314	1.00037612009411	1.00034139579133	0.999779391815242	NA
0.999982194687714	1.00191203316125	1.00015877165927	1.00058390844893	1.00087223740998	0.99993516730088	NA
1.00021211409464	0.999907172126802	1.00114820540827	1.00017784673007	1.00014332417642	0.999688637140999	NA
1.00036156891504	1.00093150170037	0.999869526676161	1.00019306275705	1.00107408875656	1.00055831730046	NA
1.00014638286315	1.0009273095564	0.99987804811221	1.0003039835987	1.00037568959055	1.0017237084077	NA
1.00017532479751	1.00048891162517	1.00048801843653	0.999925344890417	1.00000955203638	1.0009115793267	NA
0.99989801394289	1.00040713609478	1.00008151723888	0.999801794832475	1.00056331345752	1.00028582254247	NA
1.0013008852146	1.00103279842856	1.00057321978915	0.999881215650925	1.00000438689509	1.0011852391226	NA
1.00074390668419	1.0010127488671	0.999895228158034	1.0002692083636	0.999936909623271	1.00033326289796	NA
1.00004049669449	1.00045259502426	1.00010805304488	1.00027253820643	1.00033915793423	1.00081822326982	NA
1.00005665182805	1.00018964985467	0.999690455939904	0.99995619572428	1.00061532220915	1.00024750286985	NA
1.00009862241676	1.00051876137977	1.00016611801926	1.00021982628673	0.999911002577259	1.000578160436	NA
1.00002653729841	1.00074065255727	0.999854028348339	1.00061227088432	1.00069188354354	1.00046819500398	NA
1.00000736693951	1.00032586191612	1.00014435641492	1.00003043302949	1.00083309489179	1.00018419954689	NA
1.00046109193565	1.00040084681767	0.999906948157581	1.00012043418208	1.00055248558686	1.00009620729465	NA
1.00009548715907	1.00066669217349	1.00040586366682	1.00006652768737	1.00065025407268	1.0002336641782	NA
1.00007979671908	1.0007716477366	1.00001000428712	1.00031366959031	1.00012964012443	1.00019317165744	NA
1.00000478698255	0.999960672437329	1.00011750378952	1.00023268916814	0.999989264965001	1.000332859104	NA
1.00038401745867	1.00017569689761	1.00017352733255	1.00061118848519	1.00015419152021	0.9998995500881	NA
1.00034322404134	1.00086849067852	0.999932980047279	1.0001543284026	1.00003746445045	1.00029996942953	NA
1.00115132469447	1.00021860485353	0.999890617199947	1.0008641642967	1.0004680634786	1.00035462223977	NA
1.00071814466123	1.0000507759637	0.999996630792722	1.00029911501154	0.999827978540319	1.00036114056727	NA
1.00003308638089	1.00029614784392	1.00000860245709	1.00026305011317	1.00024944380012	0.999929617074745	NA
1.00019153273831	0.999756591321669	1.00041346075758	1.00008507811889	1.00144062947287	1.00005732833294	NA
1.00076121099946	0.999908569500043	1.00038182914628	1.00089438412474	1.0001987818667	1.00022964361999	NA
1.00007992004322	1.00058374684424	1.00011068476317	1.00002437942077	1.00015462112116	1.00018637889016	NA
1.0001303302721	1.00179813383551	1.00005675087207	0.999729282765509	1.00093276119625	1.00033778178874	NA
1.00025048119378	1.00005053281592	1.00007342759888	1.00076838149603	1.00056266979504	1.00101178870846	NA
0.999829310551648	1.00002206188803	1.00042767353083	0.99977666372587	0.999727756948247	0.999946881693556	NA
1.00050806866829	1.00055567981729	1.00019657177802	1.00055960315674	0.999980414803449	0.999984694629427	NA
1.00014131267746	1.00081953173214	1.00030274486827	0.999866741341265	1.00068801525382	1.00180329087038	NA
1.00005597035173	1.00001242798957	0.999992163971227	1.0000741315607	1.00028352233797	0.999930088790355	NA
1.00006717154061	1.00060044631129	1.00028715740088	1.00039206609	1.00020062390408	1.0004642769727	NA
1.00047587347605	1.0013204086573	1.00043887406489	0.999963758943945	0.999860850694203	1.00054499531599	NA
0.999793854575136	1.00025357112409	1.00016387480876	1.0004781923555	0.999760881495584	0.999896223649176	NA
1.00058063756661	1.00002902547341	0.999849352834053	1.00048216190719	0.999750557274074	0.999751461027794	NA
1.00083589941593	1.0006656759705	1.00011768252133	1.00028819149784	1.0001467847228	1.0000963284683	NA
0.999936090001066	1.00083931622063	1.00005974094195	1.0005252362554	1.00081512932186	0.999931779381511	NA
0.999934914866588	1.00023229464213	1.00008287519634	1.00053445927083	1.00001415726917	1.00011974606315	NA
0.999858394915098	1.0001822486049	1.00032255038976	0.999701443594214	1.00065757771735	0.999913890691331	NA
1.00124814657464	1.0008313536917	1.00009862436902	0.999904938183868	1.00028805099389	0.999842167148326	NA
1.00049834646032	1.00066636809385	1.00034510955171	1.00005452722784	1.00041861232527	1.00025018175135	NA
0.999961346146253	1.00013381049008	1.00030761677411	1.0003662357505	0.999751432942943	1.00029603871799	NA
1.00082186614881	1.00052620901939	1.00038016960966	1.00044763790815	1.00032318087084	1.00021057523796	NA
1.00015348592899	1.00141421315095	0.99997700492933	1.00062620153591	1.00058997564189	1.00027832099509	NA
1.00101457646521	1.0006781144406	1.00035266488368	0.999835453807509	0.999900486277547	1.00027429259844	NA
1.00025222323265	1.00000250639819	1.00065826469989	1.0007236800576	1.0013795516634	0.999966486497733	NA
1.0011574675946	1.000702570215	1.00100081817647	1.00089714715925	1.00033729866845	1.00056633380178	NA
1.00058040209111	1.00046879562477	1.00009612742239	0.999977461635977	1.00075647013506	1.00029916301374	NA
1.00102029757262	1.0007127315314	0.999853227758515	1.00030920684456	1.00052793358507	0.999950388822069	NA
0.999948204621213	1.00055614981334	0.999913776291182	1.00049787185731	1.00010235818839	1.0007397463804	NA
1.00026090666068	1.00097086447969	1.0000235918132	1.00040527466531	1.00130444666347	1.00141948696813	NA
1.00054279304527	1.00036244115484	1.00024359663833	1.00044418447346	1.00068537732269	1.00072649328934	NA
1.00022574934698	1.00041505495866	0.999742142274464	1.00037680129162	1.00069861523658	1.00030389047518	NA
0.999985702782665	1.000830274768	0.999779628715551	0.99987643390907	0.999886482480002	1.00040187210755	NA
1.00117474575927	1.00061663515372	1.00038753164767	0.999971781821733	1.00026901623698	1.00111848041336	NA
1.00049755924972	1.00003240394856	0.999734782358237	1.00040976898432	1.00025110398335	1.00076209265711	NA
1.00015074179137	1.00062869329736	0.999980145323046	1.00008428164961	1.00076747615399	1.00073222843248	NA
0.999970103682764	1.0005462105539	1.00002423619875	1.00069529348902	0.999817761387645	1.00020518012676	NA
1.00100077531675	1.00146906764012	1.00045422554931	0.999989752338083	0.99998567898079	1.00047720889805	NA
1.00017643282424	1.00036563675931	0.999879776223233	1.0006732770142	0.999948029920946	1.00006108667684	NA
1.00080656193227	0.999920293056149	1.00011343071061	1.0007421375122	1.00009561685713	1.00003342351725	NA
0.999861318172328	1.00092110889543	0.999848522552654	1.00021081591693	1.00043284432197	0.999749425805449	NA
1.00000290796377	1.00000755402726	1.00038562396419	1.00047757041386	1.00030465506373	1.00071892396885	NA
1.00009206228884	1.00007656580797	1.00035999699569	1.00022147934518	0.999884705966583	1.00019123826155	NA
1.00062408539021	1.00049915380488	1.00043641969194	1.0000151925175	1.00029458312244	1.00023819971932	NA
1.00036357618724	0.999912053327681	1.00054306948522	1.00039187988735	1.00088393788353	1.00087714340299	NA
1.00121751540251	1.00068245272015	0.999758734415968	1.00034017023648	0.99997434582509	1.00019465133073	NA
1.00009595387551	1.00047411982601	1.00084315604256	1.00021435161274	1.00039190522614	0.99988372635425	NA
1.0005545549211	1.00076299690334	1.00055066989716	1.00084121748267	1.00056627353048	1.00040731222965	NA
0.999887338042849	0.999900001327821	1.00058038698844	1.00163087417433	1.00047994500177	1.00049722676962	NA
1.00029044471733	1.00020678428982	0.999687837275197	1.00105235923644	1.0001593846567	0.999881514873587	NA
1.00083885987747	1.00076911189274	0.999945849863162	1.00008740420091	1.00071736079313	1.00051263061743	NA
1.00021223638369	1.00039786449814	1.00036985430042	1.00007969992393	1.00169971174959	1.0006847747555	NA
0.999938469820909	0.999890730988242	0.999922881697346	1.0001041080628	0.999943171419135	1.00067895062353	NA
0.999994170422331	1.00021003523469	1.00028707887032	1.00047407984167	1.0000484098126	0.999915897514712	NA
1.00209303079761	1.00112508214764	0.999826983108003	1.00078500137809	1.00053364556887	1.00078567600899	NA
1.0002678044977	1.00032930774499	1.00035696273495	0.999845769476833	0.99997234819255	0.999983629771358	NA
1.00066856454114	1.00062031219558	1.00014159735501	0.999858983214851	1.00026945620214	1.00028820380941	NA
1.00028191787322	1.00079259509681	0.999898626903279	1.00014816813856	1.00055551178213	0.999817027183584	NA
1.0006818252138	1.00041893167502	0.999988437314004	1.00016195445515	0.999813335921702	1.00023731938725	NA
0.999750314537381	1.00093949482709	0.99993478933039	1.0000300861346	1.00085893537062	1.000152507413	NA
1.00013679462619	1.00102780963419	1.00024251676698	0.999973411689148	1.00083122639047	1.00023809612561	NA
1.00021599627226	1.00065922522916	0.999938318143475	1.0000989255622	1.00055196063612	1.00031688170317	NA
1.00000148879052	1.00037135693082	1.00083176325738	1.0000680110897	1.00064398509955	1.00118328855558	NA
0.999922835531626	1.00159860173322	1.00050753572437	0.999856530709361	0.999803351880834	1.00011796778014	NA
1.00035680207208	1.00050322496493	1.00043183759322	1.00022599866814	1.00016735014033	0.999708583728536	NA
1.00078530282247	1.0000634053457	1.00008059419804	1.00046746016637	1.0002450765502	0.99994031239609	NA
0.999819238048663	1.00009746873558	0.999646419844783	1.00075498540156	1.00014819340697	1.00071006666544	NA
1.00037105681302	1.00055141109696	1.00037671075011	1.0001809190541	0.999790633642153	1.00027500627407	NA
0.999991696643273	1.0005882181495	1.0004767040916	1.00023548339717	1.00013922197495	0.999958305765728	NA
1.00001829221039	1.00101881011394	0.99994147498785	1.00107476592724	0.999965015888825	1.00095628682915	NA
1.00034017540472	1.00183160218136	1.00099469864051	0.999993950770988	1.00056997538768	0.999960347129331	NA
0.999932513578466	1.00004826418156	0.999855663671693	1.00089569639162	1.00084996531761	1.00047481121537	NA
1.0006794168813	1.00006243270013	0.999911678195628	1.00057945795415	0.999842323460117	1.00019154092811	NA
1.00016220433959	1.00005898166343	1.000206257175	1.0000072996091	1.00044707803662	1.00152005892255	NA
1.00021662032967	0.999828088785186	1.0002880472007	1.00028405999346	1.00062021472887	1.00076136183575	NA
1.00057164785546	1.00062997766927	0.99991786111305	1.00004779299043	0.999828968589473	0.999789942741736	NA
1.00015904129528	1.00147088398235	0.999864014720091	1.00041054928524	1.00068009277733	0.999704139822262	NA
1.00078000995232	1.00002466702807	1.00043526775391	1.00086441774213	1.00057941815751	1.0004030069363	NA
1.00000975126322	0.999901756183177	0.99979581470634	1.00036961858779	1.00075707164891	1.00013640323249	NA
1.00073410370594	1.00056617273785	0.999976841326932	1.00014399998564	0.999747638591449	1.0002716197862	NA
0.99988872911299	0.999887359913534	1.00001998253298	1.00001119990272	1.00030999854625	1.00015046616505	NA
1.00063522586436	1.00099179098443	1.00063170262895	1.00009168927722	1.00019358110685	1.00083610343681	NA
1.00043126954397	1.00048119863592	0.999722866691501	1.00005614747396	1.0001305091433	1.0003344262647	NA
1.0000858965878	0.999703186895706	0.999772631114726	1.00045682049364	1.00056111452468	1.00009181111682	NA
0.999776295844682	0.999878190428788	1.00007573395925	0.999942014709477	1.00024804507968	1.00016163539003	NA
0.999973031121211	1.00012153944941	0.999938801334384	1.00009549713	0.999657768639935	1.00016991571726	NA
1.00166383691982	1.00080852021902	1.00053298912096	1.00145649890455	1.00076763105711	0.999804523165742	NA
1.00046335958069	1.00007056395801	1.0000739737063	1.00074217389351	1.00041174317773	1.00101090760537	NA
0.999877505319209	1.0003370378692	0.999956382313752	1.00038092149537	1.00090221373652	1.00014193863253	NA
1.00001157161407	0.999940590035611	1.00010843446245	0.999931357293069	1.00007448228214	1.00008135816253	NA
1.00013624821826	1.00000470214091	1.0002270565686	0.999818255742749	1.0001850784383	1.00024679212111	NA
1.00029057726649	0.999958838887448	1.00044822580693	1.00098103234063	0.999837527609165	1.00013813185521	NA
0.999980507540691	1.00115135328964	1.00013375024231	1.00010027901214	1.00102002251512	1.00030571200423	NA
1.00058849234756	1.00049778514794	0.99996341593748	1.00049827238678	1.0004240002409	1.00058179072289	NA
1.00027375283726	1.00013363648424	1.00018073777325	1.00057948331071	1.00047992782181	1.00012582577833	NA
0.99992186065426	0.99994353902786	1.00022243299339	1.00050982218707	1.00047005635873	1.00024091007168	NA
1.00076895033697	1.00003993775196	1.00053887498882	0.999773908894958	1.00007447863517	1.00055686567468	NA
1.00130869411356	1.00058002784437	1.00000119563061	1.00005838405821	1.00025046218898	1.00004685827183	NA
1.00009757150083	1.00042083564635	0.999818586476021	1.0002302890328	1.00018902797968	1.00089298394497	NA
1.00037669186813	1.00026157460672	0.999686595339034	1.00050419614093	1.00014774194953	1.00100664401903	NA
1.00035168033964	1.00057428202449	1.00010177519443	1.00025926262667	0.999687618140358	0.999899895735854	NA
1.00011566795911	1.00129413819805	0.999917077589684	0.99994450499428	0.999901221853833	1.00010748343791	NA
0.999843892448824	1.0009257147315	1.00037985218103	1.00025564647652	1.00025414185012	1.0001252529149	NA
1.00044338247507	1.00133507335671	1.0004124854804	1.00079689559099	1.00041458323288	0.999683456182732	NA
1.00037301694916	1.0008799780393	1.00030645325566	0.999987702444936	1.00053791140787	1.00036660321969	NA
1.00023012718533	1.00095189237836	0.999959495001111	1.00114619278259	0.999800169058003	1.00003668580599	NA
1.00050153719286	1.00021096897191	1.00006342787949	0.999873287830877	1.0002326357699	0.999809414901614	NA
1.00080889682747	1.00023292654554	1.00039869166681	1.00053183558355	1.00114884839394	1.00062010348904	NA
1.00080582406312	1.00112699817518	1.00036524937714	1.00071680674182	1.00096461520105	0.999953171532081	NA
1.00057012485544	1.00125217243361	0.999793676103065	0.999717344945055	1.00075795514716	1.00007388311133	NA
1.0006922716861	1.00078485278326	1.00010057913633	1.00008453087665	0.999906522058733	1.00001463621023	NA
1.00006724838401	0.999739059007616	0.99985019528031	1.00027490720652	0.999685256197808	1.00008562780743	NA
1.00027651939325	1.00048530082787	0.99996468916913	0.999880957936565	0.999812808736052	1.000069734817	NA
0.999854939999399	1.0000369580384	1.00018902693666	1.00097740910013	1.00005495998956	1.00042797528023	NA
1.00012636751178	1.00020614746278	1.00016202052438	1.00003269032607	1.00028406047749	1.00025847872954	NA
1.00012027946491	1.00031116958275	0.999835817857054	0.999824403926698	1.0004589739541	0.999908253888873	NA
0.999818037725239	0.999930202480244	1.00034174444215	1.00090096043516	1.00059849528904	1.00036633939149	NA
0.999741711247942	1.00026454412303	1.00016708156462	1.00047872314236	0.999881147448175	1.00005512244018	NA
1.00051302508262	1.00043498716751	1.00013708980972	0.999802924553917	1.00087144724253	0.999915293079938	NA
0.999876989750414	1.000320171086	1.00017003842725	1.00031071866637	0.999893235061662	1.00010242031695	NA
1.00097949415041	1.00005926901427	1.0002335022309	1.00062889619781	1.00090604856394	1.00050213794435	NA
1.00033019100368	1.00073638141882	1.00137141019183	1.00030481091553	1.00053209627075	1.00047402186146	NA
1.00041792706467	1.00028226302739	1.00028995053918	1.00035140281565	0.999813823565403	1.00041238775061	NA
0.999899585449971	1.00003709491178	0.999743386273754	0.999930521162681	0.999880773437649	0.999908815852844	NA
1.00055335984865	1.0001808377765	0.999887458252812	0.99991668358183	1.00066404497441	1.00035389568417	NA
1.00032478800492	1.00058835546681	1.00024469932209	1.00069410331792	1.00024669415223	1.00076672168638	NA
1.00100585510175	1.00059946700408	0.999962551405551	0.999937771682492	1.00033160354493	1.0000234052162	NA
0.999862847804811	1.00023586551448	1.00014750209913	1.00121372506731	1.00031031456623	0.999784152291194	NA
1.00013633685072	1.00187457462802	1.00053958894449	1.00020271721582	1.0004124117645	1.00012008441722	NA
1.000307010989	1.00015309589761	0.999965782851817	1.00009106382144	1.00091528729692	1.00043127979075	NA
1.0001913433418	1.00127212169642	0.999823318675539	0.999801822222262	1.000758194858	0.999829064544715	NA
1.00023481072731	0.999790772055348	1.00014704690435	1.00047398515928	1.00159849008023	1.00024323926506	NA
1.00050257170045	1.0000959228121	0.999868319426656	1.00016572771642	1.00012990183565	1.00008502782363	NA
1.00081459157257	1.00001371810138	0.999888704653183	0.99995244014802	1.000082708556	1.00028800127974	NA
1.0002414888483	0.999832961820336	0.999955290559312	1.0004666476961	1.00052874250765	1.00021846794916	NA
1.00007965521139	1.00025685634752	1.00027073389011	1.00028024048836	1.00069928922329	1.00016881518295	NA
1.00003652554134	1.00087939104848	1.00012994089682	0.999865033997282	1.00050112142632	1.00009218292521	NA
0.999842311392186	1.00003106760525	0.999967455484787	1.00019901912801	1.00025270865587	0.999891785699173	NA
1.00011499309455	0.999822767010907	1.00027794745586	1.00008687580301	1.00062028930289	1.000029723429	NA
0.999916272110398	1.00015391382855	1.00038419126577	1.00137025905406	1.00099713870412	1.00192558543476	NA
0.999866415877339	0.999988713428789	1.00035592845213	0.99977352009411	1.00070161205313	1.00072559728037	NA
1.00012428518748	1.00087750957012	1.00060316265427	1.00001652046403	1.00000232377275	0.999848454317857	NA
1.00042129987005	1.0005188275762	0.999899991089078	1.00074006663742	1.00101362702127	0.999971469491993	NA
1.00036983071822	1.00028639682897	1.00119646003755	0.999855977212338	1.00047954803394	1.00014187491519	NA
1.00105492511831	1.00081635719075	1.00065247853875	0.999891728161306	0.999931303309012	1.00124927669454	NA
1.00037181685552	1.00090175730664	1.00042015871205	1.0005851498894	0.999875765957962	0.999792259858329	NA
1.00029598980091	1.00049538469448	1.00009223684366	1.00043187089705	1.00048547189755	1.00135271123478	NA
1.00066852668018	1.00036812501715	0.999929995716634	1.00035317529445	0.999934074009723	0.999755695288172	NA
1.00005696501808	1.0001004570669	1.00089561396207	1.00165062579937	0.999892908949168	1.0003981710673	NA
1.0002435875192	1.00021733744324	1.00053824298451	1.00026484608269	0.999887821685682	1.00071431897482	NA
1.00025325108619	1.00033620457388	1.00033104051553	1.00141283570344	1.00082649688045	1.00078882407205	NA
1.00044039657439	1.00028264975462	1.00031145653693	1.00071113596259	1.00021052429165	1.00099585624363	NA
1.00017467098026	1.00052116207338	1.00006899620389	1.00078439954893	1.00004535742396	1.00022381021136	NA
1.00152295667119	1.00088496275768	0.999955792472118	1.00054722287953	1.00129910579788	1.00109227180025	NA
1.00038969862791	1.00081341904305	1.00054297859666	0.999861425317406	1.00057543137874	1.00030703029126	NA
0.999879897904612	1.00053011792624	1.00023121984662	1.00062142219887	0.999879990977772	1.00012682996133	NA
1.00016700180912	1.00039390764614	1.00021275903295	0.999954148523651	0.999962094528691	0.999836884705565	NA
1.00008997270506	1.00045072980056	1.00005875184695	1.00042925825191	0.999976482889563	1.00021995399283	NA
1.00141954973503	1.00054478428049	0.999749133368707	1.00059400569585	1.0003268951378	1.00037977358304	NA
1.00137525297455	0.999969443146706	1.00042404225617	1.0003925767593	1.00031650129341	1.00039151676455	NA
1.00013537057849	1.00129279901031	0.999743109237225	1.00010619994398	1.00031785295913	1.00055883643465	NA
1.00030011293391	1.00101131814373	0.999810385705184	1.00073419776724	1.00029942460818	1.00042500228978	NA
1.00018376118026	1.00057983758284	1.00053445966389	0.999824977171541	1.00047056690894	1.00011766866093	NA
1.00103466985951	1.00054150023986	0.999743441425344	1.0013938094752	0.999991572760507	1.00066906400138	NA
1.00123738043869	1.00068687696817	1.00001184793614	1.0009220712026	1.00103056252135	1.00038966754091	NA
0.999827354894193	1.00029725086464	1.00002892595774	1.00048747452823	1.00001838711284	0.999849128331685	NA
0.99982796026799	1.0000777209851	1.00034939122564	1.00020797687085	1.00002049771347	0.999916547281233	NA
1.00031027288906	1.00000532000119	1.00078293297326	1.00011711903843	0.999924797877503	1.00029007544287	NA
0.999771230894508	0.999985783027632	0.99989172692334	1.00026050277157	0.999996298175884	0.999727836582659	NA
1.00077142951277	1.0010335324567	1.00014565368729	0.999925194743539	1.00030055424174	0.999896638801226	NA
1.00028963286683	1.00060558289984	0.999759489645517	1.00030642760698	1.00144245148572	1.0006928095036	NA
1.00004495469147	1.00006007397511	1.00007241289513	1.00071300064779	1.00011575268903	1.0001982251524	NA
0.999957433812603	1.00070970388824	1.00029560720499	1.00011984523424	1.00096801566882	0.999937050024139	NA
1.00062271389763	1.00016394795896	1.00006087174918	1.00027540281709	1.00002878801898	1.00129490719339	NA
1.00003845719582	1.00075667500908	0.999990177968002	1.00069383158736	1.00040948477613	1.00037799950655	NA
1.00038287782437	1.00067131771878	1.00010601130286	1.00044267365639	1.00026781737329	1.00078778427339	NA
1.00008298414095	1.00058603912484	1.0000625685603	1.00044979301224	1.00033297617856	1.0000268782807	NA
0.999992778261361	0.999834728576946	1.00080768700916	1.00010464805979	1.00039103104203	0.999922809739512	NA
1.00035075724027	1.0009239799081	1.00018224963041	1.00069626774064	1.000590090384	0.999670500278181	NA
1.00105612603432	1.00045165156811	0.999871869560488	1.00076682919585	1.00133252284399	1.00017964240446	NA
1.00011418585227	1.00016379978297	0.999927347755976	1.00026478886828	1.00004589126996	1.00004041057386	NA
0.999863944940774	1.00000746039558	1.00046940732168	1.00093892619521	1.00072866574482	1.00062144354714	NA
1.00018521901032	0.99977089435834	0.999932774400281	0.9999969793192	1.00025693202019	1.000120042418	NA
1.00074690183819	1.00052654706254	1.00019693077918	0.9999297049888	1.00001559158758	1.00008701364317	NA
1.00056410157052	1.00048644815882	0.999852557802052	1.00098973408607	1.00016216804433	0.999768236760914	NA
1.00042732238684	1.00037729751623	0.999929716513353	1.00019186540265	1.00006078419304	1.00080670368761	NA
0.999912342771414	0.999721806611818	0.999855561623125	1.00031200431783	0.999816050800152	1.00031166463374	NA
1.00054112383103	1.00007887173306	0.999730028607309	0.99994172085197	1.00055736809731	1.00062763033621	NA
1.00036816504799	1.00027080795377	1.00016921471235	1.0003008476279	1.00013044775268	1.00054679611597	NA
1.00011963387857	1.00052309388405	1.0001368090329	0.99976362315798	0.999944465294995	1.00044461138891	NA
1.00065241493969	1.00005382575059	1.00022470603134	1.00009311624012	1.00013237726509	1.00043228193185	NA
1.00092654549956	1.00036593182689	1.00038065892513	1.00003576368529	1.00089890522041	1.00012049793555	NA
1.00064459536042	1.00014314714489	1.00024359412818	1.00026621428556	1.00042948908028	0.999815263237674	NA
1.00059273537522	1.00034938877076	1.00011968879639	0.99997555768251	1.00106515013908	1.00004607047882	NA
1.0007879480518	1.00058855295091	0.999711390075688	1.0000790272093	1.00031574868062	1.00054037026992	NA
0.999920833652098	0.999852917938551	1.00028615361235	0.999974752169547	1.0001927913423	0.99995524703475	NA
1.00046723744817	1.00032278714725	1.00004095955562	1.00121704864995	1.00013339772104	1.00002916476019	NA
1.00024906325977	1.00133221625156	1.00015165127845	1.00059610490774	1.00058186856454	1.00054768597134	NA
0.999718754241992	0.999969395857823	1.0000048908148	1.00027571750919	1.0002150971731	1.00059475728423	NA
1.00003972681023	1.00015374840956	1.000383100581	1.00050841594284	1.00025995319169	1.00027446598606	NA
1.0002984886043	1.00130152382897	1.00000731353032	0.999948081953739	1.0001372569893	1.00028592469771	NA
1.00046686537148	0.999928307709361	0.999925594326077	0.999897509628469	1.00008279594154	1.00041134580575	NA
1.00002475896335	0.999807902196696	0.999873501881364	1.00039826158709	1.00091473113766	1.00029563102627	NA
0.999754675629363	1.00088068633693	0.999883807915757	1.00038593735591	0.999963436755923	1.00009363255341	NA
1.000144917564	1.00042443862344	0.999924865948732	0.99995694062126	1.00038855053804	0.99973482143997	NA
0.999909957057249	1.00076899208153	1.00028192935237	1.00049974390946	1.0003826188864	1.00019021909644	NA
0.999905398207559	0.99993101260596	0.999930439975912	0.999953174475355	1.00024009558393	1.00012214185392	NA
1.0000961643887	1.00039485497378	0.999975482803892	1.0002775636183	0.999938331524103	1.0003791719444	NA
0.999894406915609	1.00044452601387	1.00057121577182	1.00074853689928	1.0010405428118	1.00098186158086	NA
1.00005011779885	0.999857207568574	0.999722106847223	1.00041105635613	1.00046354230232	1.00055852209325	NA
1.00002939389583	1.00116104668435	1.00021092840322	1.00101776220804	1.00042836484487	1.00086322640007	NA
0.999974793536443	1.00079022454459	1.00018107243695	1.00009334645771	0.999983344744043	0.999949438184643	NA
1.00050941456085	1.00239666157619	1.00030736042645	1.00078059007284	1.00073627759473	0.999999764757582	NA
1.00035894883814	1.00008607257032	1.0005366954363	0.999935289839864	1.0000982419643	1.0001172178628	NA
1.00099285113865	0.999850645130382	0.99997052128179	1.00002260298478	1.00010305646439	1.00009689245783	NA
0.999751573965096	1.00061158066978	1.00016895738205	1.00023673247085	1.00010976913563	0.999779486386625	NA
1.00015480724868	0.999989561510826	1.00051615735601	1.00034052199028	0.999876344944342	1.00016687473214	NA
1.00133939827267	1.00104144351906	1.00013073013526	0.999958226281895	1.00030888533855	1.00000007254944	NA
1.00008321824165	1.00067733510271	1.00073009126516	1.00044645198391	1.00037743666249	0.999871535615829	NA
1.00004622091769	1.00010918347771	1.00041538047078	1.00017334220398	0.999845955494195	1.00040346073893	NA
1.00005970359603	0.999988565490778	0.999851806779762	1.00028533938381	1.00032278871606	1.00015566793983	NA
0.99996976267862	1.0015750678161	1.00039433120589	0.99985943704775	1.00113315336993	1.00116157695435	NA
1.00034462390686	1.00021510658609	1.00103943447553	1.00004549253111	1.0004385211324	0.999975674075041	NA
1.00077639582031	0.999858152642189	1.00018356945132	1.00009564121959	1.00009780884779	1.00027276910634	NA
1.00039534449865	0.999968291291154	0.999806264375052	1.00036154581871	1.0005976875826	1.00073803430619	NA
1.00057571083556	1.00064735025768	1.00026758964274	1.00049296304385	1.00077752062104	1.00036625518327	NA
1.00080722507507	0.999906137490727	1.00011348651467	1.00086793386288	1.00029370177145	1.00067417902925	NA
0.999972554416379	1.00049668212886	1.00043543430216	1.00095471909557	0.999843026946741	1.00058877676692	NA
0.999981396373264	1.001063361115	1.00024913448239	1.00017781417121	1.00013472332211	0.999933041632954	NA
0.999876594377277	1.00013599668827	0.999817116973329	1.00002540770824	0.999914412657575	0.999947074591889	NA
0.999922029493568	0.999988282691608	1.00027349677132	1.00036250262865	1.00011685994464	1.0001462009589	NA
1.00185043878625	1.00194366259056	0.999930571975955	1.00002354876903	1.00078571390403	1.00028021740161	NA
1.00036227320559	1.00006278302285	1.0006342449835	0.999771042171967	1.00011237454379	0.999838331710509	NA
1.00069202949895	1.00070765301152	0.999770452997041	1.00069079491753	1.00040016836661	1.00022625066012	NA
1.00018241101355	1.00028442703022	1.0005440590874	1.00083958197075	1.0000018112974	1.00086007557866	NA
0.999839937126277	1.00012715579828	1.00018059318978	1.0001227180046	1.00062408157375	1.00016394987576	NA
0.999908414872888	1.0018059701679	0.999965971350493	1.00078563586642	0.9998119227611	1.0011853229953	NA
1.00000914465054	1.00007088564709	1.00044365788807	1.00052958130418	1.00021982097349	1.00054897142383	NA
1.00038321454797	1.00041463036296	0.999999514941521	1.00029579576685	1.00035971260691	1.00001611965869	NA
1.00033890737964	1.0005779750713	1.00013174588818	1.00015353077771	1.00036613001529	1.00125479319993	NA
0.999908402570633	0.999904891856341	1.00020917061506	1.00016426245931	1.00064461992094	0.999830950055741	NA
1.00042712293774	1.00009269259744	1.00012788207725	1.00017853911815	1.00049680330874	1.00029299269943	NA
1.00018975787748	1.00058391328372	1.00029934583224	1.00166893619086	1.00036117662098	0.999830519051584	NA
1.00000315140079	1.00029595231384	1.00003609292924	1.00057776023448	1.00020801923338	1.00075453381449	NA
1.00001374952266	1.00035660065188	1.00034068044748	1.00062561194038	1.00049971775486	1.0000603471535	NA
1.00068050760342	1.00038202658321	1.00055183126661	0.999972272531946	1.00019244177847	1.00066350001764	NA
1.00044150383321	1.0007098700141	1.00001188074867	1.0012493834364	1.0008589919456	1.00105821938229	NA
1.000192424965	1.00039901086839	1.00019319829693	1.0010913423164	1.00019678606127	1.00054612966555	NA
1.00024616471919	1.00007160482778	1.00004007112509	1.00049457704191	0.999981987732129	1.00140298198906	NA
0.999882880317676	1.00049375290019	0.999838978742217	1.00035808394152	1.0001271601016	1.00014472908814	NA
0.999918944071791	1.00006358289301	1.00024414020518	1.00012575305668	1.00023962297769	1.00022179010102	NA
1.00073796714631	1.00080731868767	1.00011382978655	1.00003698450659	1.00016210682606	1.00062352737333	NA
0.999746878629857	0.999958277078162	1.00009206835955	1.00030823426865	0.999825444610948	1.000245950634	NA
1.0011950949348	1.00056630314133	0.999709555693675	0.999755393202392	1.00077524709071	1.00126394340442	NA
1.00009222618397	1.00008570271724	0.999850973611806	1.00035078043686	1.00039419201768	0.999822414482263	NA
1.00060266787789	1.00012704503194	0.999733285735151	1.00016795065608	1.00036740208395	1.00058940602486	NA
1.00000381382877	0.999853416567268	1.00002976472226	1.00028382902972	0.999984452573312	1.00053253223145	NA
1.00026420572128	0.99995879702613	0.999947013754168	0.999803825379436	1.0009531439985	1.00052824483095	NA
0.999759584889063	1.00150840378234	1.00003348361367	1.00024000021799	1.00061513646362	1.00032737687453	NA
1.0001396132817	1.00054445648067	1.00004539282921	0.999952809038426	1.00017237738778	0.999898855664554	NA
1.00034827019154	1.00158508590135	0.999715256039439	0.999690662372738	1.0003731609495	1.00044202864761	NA
1.00053437455753	1.00082349181284	1.00039919519954	0.999955331354814	1.00045149676971	1.00012382177893	NA
1.00083048174624	1.00049119436261	1.00081821477723	0.999915961001157	1.00032740721278	1.00030813836231	NA
0.999941302117182	1.00042514019334	1.000437623806	0.999779255648508	1.00009434643555	1.00079155434089	NA
1.00086221286281	1.00041835721623	0.999984399724745	1.0001730576986	1.00076465849906	1.00011563592761	NA
1.0008759316164	1.00090317352638	0.999921295024755	1.00041738192655	1.00053234914724	1.00081888787766	NA
1.00089876785622	0.999973625769172	1.00020239172831	0.999858569516233	1.00038536385958	1.00093601023491	NA
1.00011088405829	1.00025404187419	1.000046208497	1.00113306337844	1.00008245117491	1.00029102963327	NA
0.999977277811374	1.0010118404433	1.00025676511245	1.00047587351537	1.00050043739928	1.00066792268116	NA
1.00063675899926	0.999907342108127	1.00007654835106	1.00023192610651	0.99976609034962	1.00119585728338	NA
0.99999713595811	1.00042159884742	0.999963212427595	1.0001258741545	1.00057387923498	0.999881175781086	NA
0.999858455887574	1.00068915885023	0.999966412035521	1.00082533099884	1.00018339608093	0.99993670930676	NA
1.00027672519768	1.00130308767797	0.999869067543873	1.00012077785299	1.00012425393769	1.0004292750536	NA
1.00028983185021	1.00011533004642	1.00023103380409	1.00012211195769	1.00018197563161	0.999770278774587	NA
0.999870488430339	0.999990045971726	0.999724067655889	1.00039119244894	1.00039660679296	1.00047918881504	NA
1.00020505645708	1.00130297188048	1.00034350778468	1.00020557930133	1.00039135080125	1.0000137134235	NA
1.00049690454537	1.00015281153033	1.00001440219993	1.00017303626394	0.999765328802925	1.00040041306251	NA
1.00029794019413	1.00019129018668	0.999854224302044	1.00114561908315	0.999821371410235	1.00021066550213	NA
1.0005113059916	1.0014634258228	1.0002185822591	0.99983841294365	0.999886295206344	1.00029936779522	NA
0.999945552379745	1.00003335821277	1.00101957329426	0.999845518312359	0.999874790508264	1.00051227417355	NA
1.00074322212182	1.00019883302615	0.999804568176184	0.999930205714692	1.00022984596371	0.999912765689366	NA
0.999988054627774	0.999791398538015	1.00052062244064	1.00015519805837	1.00186243419598	1.00002501959475	NA
1.00005593123947	1.0000202107478	1.0001102020023	0.999889512862359	0.999735871768864	1.00000593693128	NA
1.00015169228048	1.00125668690243	1.00026354120998	0.999967967430951	1.00019179268644	1.00075837169132	NA
1.00110414939289	1.00029648457244	1.00095190856335	0.999715886546182	1.00053364653356	1.0001487648666	NA
0.99991256987268	1.00000603510443	1.00004536916456	1.00022737165576	0.999660816602895	1.00095336037018	NA
1.00028080282018	1.00035149848193	1.00022787062417	1.00039040949026	1.00049554461277	1.00051455837046	NA
1.00025321083335	1.00100135201196	1.00169061192616	1.00021286714321	1.00122917123228	1.00056708788885	NA
1.00055010330396	1.00036591071595	1.00034671032371	0.999945072600289	1.00030978030591	1.00044180750307	NA
1.00087055729011	1.00025975899819	1.00000521561168	1.00033800354868	1.00010216745238	1.00001579107334	NA
0.999807192491433	1.00146579192245	1.00136298822034	1.00064612473279	1.00121855775763	1.00050047493727	NA
0.999971401483061	1.00071116854816	0.999831269529195	1.00000746394165	1.00019354751645	1.00187032348383	NA
1.00018908776606	1.00063998750893	1.00087743543447	1.00061968804973	1.00100210050153	1.00016362896987	NA
1.00052984314175	1.00081679396042	1.00078383950396	0.999961894624984	1.00167979936493	1.00110302856866	NA
0.999983398957902	1.00199788457567	1.00014382419997	1.00020286635503	0.999904738084671	1.0003712849815	NA
1.00018295746209	1.00106815752337	1.00042892189232	0.999887145495542	1.00005934323349	1.0000929657878	NA
1.00068057395557	1.00031262421424	1.00014539192082	1.00044875706506	1.000256872868	1.00005612643441	NA
0.999771599504119	1.00186586956249	1.00025862411403	1.00047923726459	1.00007331925836	1.00014749276045	NA
1.00069305649742	1.00019077605688	0.999971342043667	0.999689828870973	1.00062958135192	1.00034721488842	NA
1.00003173143369	0.999746939036118	1.00006225005248	0.999884216578383	0.999985919526746	0.999668378753496	NA
1.00001602317488	1.00017587770657	1.00006656330417	0.999947278554002	1.00057083378605	1.00063035631243	NA
1.00063129584102	0.999981186340765	0.99968858002786	1.00027393042541	0.999853683534529	1.00051524186094	NA
1.000166054408	0.999718928816635	0.999846590435406	0.999815428451466	1.00013241214658	1.00029249496842	NA
1.00041693887716	1.00019949873066	0.999898083540354	1.00110628483255	1.00055236331357	0.999762258143041	NA
1.0006026080984	1.00006777900667	1.00024215230157	0.999974354115332	1.00007650492739	1.00113596509134	NA
1.00065724055103	1.00022481779343	1.00000774365452	1.00011411961394	1.00001086819839	1.00061492577453	NA
1.00061630028365	1.00048892910781	1.00033968332711	1.00035822988822	1.00049727070969	1.00000519470604	NA
1.00078481268058	1.00027655897542	0.999927286239951	1.00030497365509	0.999793575386073	1.00051433128033	NA
1.00103860852069	1.00120787770116	1.00016659440372	1.00015405229679	1.0004476718135	1.00046308382691	NA
1.00024731368257	1.00041360032399	1.0006272371381	1.00111652058611	1.00086264294995	1.00018099521428	NA
1.00013268036397	1.00028936380801	0.999784312917149	1.00057884277988	1.00049029108017	1.00146817204915	NA
1.00040172527908	1.00022343826693	1.00010057001616	1.00019171016782	1.00038017029713	1.0002758594552	NA
1.00008755870098	1.00039621530088	1.00021717359795	1.00053996745273	1.0000017895079	0.999929464964379	NA
1.00003705144232	1.00011622310667	0.999869913334945	1.00049026879784	0.999904815227301	1.00094035829445	NA
0.999994205680532	0.999992564560121	1.00009641587886	1.00077696600374	1.0004267476042	1.000478020092	NA
1.00058439465474	0.999770486867903	1.00009438438238	1.00078461327264	1.00104607819612	0.999894192644636	NA
0.999752808340648	1.00080377505485	1.00026874379858	1.00025665620393	0.999854444249229	1.00028534275258	NA
1.00014294010863	1.00077925600532	1.00038990068519	1.00027561771425	1.0002433576299	1.00056176871199	NA
0.999858712180233	1.00007016132766	0.999821513539023	0.999961659285991	0.999932821527611	1.00019368477351	NA
1.00047137459565	1.00050853257639	0.999910892617881	0.999759789858097	1.00123556749565	0.999893416087652	NA
1.00110300992173	1.00030267934985	1.00031937498601	1.00016007554983	0.999850142773998	1.00049273097065	NA
1.0001807351933	1.00063889063558	1.00006894814411	1.00032420767686	0.999994479497858	1.00007127823009	NA
0.999948791205983	1.00210460328516	0.999807250096751	1.00009553314443	1.00011261988504	1.00085215746032	NA
1.00008847155259	0.999829370523271	0.999813734575239	1.00056173269769	1.00006692409794	1.00034345549622	NA
1.00012554021906	0.999925358032243	0.999746264318335	0.999814265835685	1.00042378956444	1.00009680573959	NA
1.00044161399157	1.00041796612148	1.00033670489557	1.00041792697893	1.00012186956129	1.00027504611926	NA
1.00007350494321	0.999956507542389	0.999911663977968	1.00030751218227	1.00025486604765	0.999924100329166	NA
1.00020839936168	0.999968111455401	1.00020780937327	1.00075517649322	1.00057791597671	1.00016246442461	NA
1.00062444517028	1.00002196738175	1.00025460402689	0.999954011815509	1.00008306817068	1.00002502696268	NA
1.00101695024979	1.00029121857499	1.00072349150579	1.00017988729933	1.00009823477094	0.999916153973445	NA
1.00031404513996	1.00002854021026	1.00093917361694	0.999899498520197	1.00061938037427	0.999847064598264	NA
1.00006385131583	1.00197457853192	0.999796712922242	1.00136479799206	0.999991289612031	0.999961537800163	NA
1.00000391795873	1.0003017969115	1.0000907325587	1.00003515659062	1.00039831011185	1.00022502511918	NA
0.999781870946428	1.00063154445504	1.00041562916031	1.00000724259332	0.999891093950406	0.999982153505034	NA
1.0000430761828	1.00143357945783	1.00049409174521	1.00039096575527	1.00041344697138	1.00015513070078	NA
1.00022344697339	0.999909222724849	1.00054634430447	1.00027099443155	1.00026282259818	0.999985959784405	NA
1.00000115197328	1.00101325284629	1.00048419177166	0.999903517251149	1.0003696998069	0.999960504450743	NA
1.00010996405874	0.999869251789773	0.999972310433195	0.999948350624271	0.999985696735093	1.00039870003681	NA
1.00029791229403	1.00044950237148	1.00065622185403	1.00037893550218	1.00040656226619	1.00038844304149	NA
1.0003301309621	0.999768215979517	1.00003636634206	1.0001859240267	1.00135501171547	1.00080162184334	NA
1.00002858536998	1.00010825994123	1.00000388603289	0.999915900081171	1.0000100183616	0.999911862519038	NA
1.00004018230669	1.00001018658612	0.999866801940901	1.00000089157033	1.0001238975888	1.00113439068196	NA
0.999968940068919	1.00013238225076	1.0001984997656	1.0002105458383	0.999872688040317	1.00019280409215	NA
0.99999913929174	1.0004480480495	1.00055080052324	1.00046947816976	1.00072923310687	0.99982532212057	NA
1.0002872368973	1.00084195710062	1.00005613611023	0.999912219027466	1.00058584195901	1.00027889725984	NA
0.999956173521712	1.00004758225597	1.00012423355856	1.00022367251788	0.999943853057845	0.999847507878344	NA
1.0001780499573	0.9998898135686	0.999927555966377	0.99977256424489	1.0006714148917	0.999702518748693	NA
1.00139059914937	0.999904601271668	1.00006666002387	1.00095548059881	1.0001132462264	1.000381565866	NA
1.00031718724119	1.00012139487399	1.0005673173313	1.00029318125162	1.0004852345421	1.0002173518035	NA
0.99997216633865	1.00022220325107	0.999934763700963	1.00019100703986	0.999827010306835	0.999872403757886	NA
0.999652487129202	1.00104708276667	0.999779336962176	0.999979853198893	1.00018654467897	0.999885834013014	NA
0.999953107005444	1.00022729734162	1.00051770381032	1.00030550875209	1.00010802614228	1.00019811813758	NA
1.00053137681978	1.00054972011569	1.00057637802395	1.00069343763783	0.999943158660907	1.00110721529158	NA
1.00016665358254	0.999948722935037	1.00004897971519	1.00006464470702	1.00057010430557	1.00030884237148	NA
1.00000241196507	0.999898817849473	1.0002362618925	1.00034520457255	1.00050795236114	1.0000040931304	NA
1.00004305234769	1.00014695154149	1.00011346323029	1.00036558736462	1.00081466864186	1.00013024231257	NA
1.00009782950297	1.00025979800223	1.00002552105267	1.00035838397904	1.00063573315746	1.00059549808464	NA
0.999811201464636	1.00015191408003	1.00036951139195	1.00065547830555	1.00061859985327	0.999893561546421	NA
1.00010079686299	1.00094092385338	1.00030263184823	1.00055504322458	1.00055845536221	1.00052207808828	NA
1.00034574491615	0.999971332162505	1.0000303160326	1.00041164236899	1.00138496300135	1.00033214071555	NA
0.999851337461091	1.00061992620524	0.999929121717825	1.00013972542262	1.00030522935497	1.00010861762136	NA
1.00082504650404	1.00032119081852	1.000016291454	0.999799514110435	1.00047573967502	0.999999255251011	NA
1.00021483966398	1.0000946984015	1.00008735733278	1.00000353638994	1.00082635919383	0.999670398301699	NA
1.00028558322065	1.00002997173844	1.00089927196558	1.00038289498249	1.00030224974622	1.0010361985238	NA
0.999825400990494	1.0003169889658	1.00010341954029	1.00052858161139	1.00060193451521	1.0001626381252	NA
0.999938705495112	1.00019885218005	0.999721214565535	1.00011079076231	1.00002557292963	1.0002037137079	NA
0.999879000536585	1.00053468810819	0.999982603321214	1.00070687271214	1.00013208022927	1.00030909547012	NA
1.00036455084214	1.00044406095968	1.00005542911029	1.00028505084505	0.999810850032329	1.00057421017722	NA
1.00012058108638	1.00062787739378	1.00074372475561	1.00011870995653	1.00049360836525	1.00007847938669	NA
1.00011294839335	1.00086959436291	1.00036077176421	0.999859393149784	1.00070740061683	0.999942198947479	NA
1.00020021203099	1.00019292448629	1.00055014263726	0.999985585550783	0.999990284392231	0.999872946662675	NA
1.00003634274871	1.00039158619663	1.00013699107385	1.00040616066468	1.00078388215618	1.00033871407319	NA
0.999854168543145	1.00093405945938	1.00042117314494	0.999998723841545	1.00051211731927	1.00002449585783	NA
1.00018140484538	1.00108056705796	1.0001114012869	0.999819926858023	1.0007989066399	1.00086949166175	NA
1.00071189829846	1.00016310242853	1.00084848865916	0.999879811823295	0.999982781676663	1.00049156696134	NA
0.999849499668138	1.00038153273676	1.00018135129529	1.00031639041505	1.00062096182137	1.00046007731128	NA
1.00004771077535	1.00024120593242	0.999845012254418	0.999951175545685	1.00000428745502	1.00016664457585	NA
1.00022760693212	1.00083741394474	1.00011766459975	0.999878631688019	1.00016541819476	1.00067265695643	NA
0.99988516664405	1.0003871476225	1.00012560328245	1.00043522660059	0.999782425759248	1.00043698867492	NA
1.00040688166596	1.00009193349077	1.00011082997067	0.999954907713819	1.00081118257378	0.999981195791105	NA
1.00071674083871	0.999927301250483	1.00041501429124	0.999949418127976	1.00010925904737	1.0000656651561	NA
1.00118692572176	1.00093038795928	1.00018784711371	1.00017575953573	1.00000864330635	0.999916163346077	NA
1.00081370223034	1.00099396157058	0.999870958502508	1.00033485791601	1.00044807190156	1.00062905466743	NA
1.00028487433801	1.00080551774181	1.00055561223212	1.00052048350502	0.999749156893868	1.00011297679181	NA
1.00059871227332	1.00085875980472	1.00015838048509	1.00006924331227	0.999781708921302	1.00002276294963	NA
0.999976563705478	1.00094410879381	1.00019852614678	1.00018057467664	0.99979743787859	1.00074593949838	NA
1.00022132222262	0.999868721251473	0.999894239232973	1.00009926260929	1.00074241780186	1.00073251320864	NA
1.00054820470355	1.00005672113243	1.0001121009963	1.00013931835583	1.00024720284428	1.00023876364039	NA
1.00056271692575	0.999948191817063	0.999826623209237	1.00034421376881	1.0007849625211	1.00008033956328	NA
1.00002410849075	1.00012103762085	1.00026793168566	1.00045419569877	1.00001677427095	1.00039364416692	NA
1.00075196851222	1.00082391465873	0.999909080232808	1.00003054687796	1.00033346637286	1.00018374241952	NA
1.00009756249375	0.999877959981804	0.999961053955643	1.00014555163325	0.999889830373208	1.0004815127254	NA
1.00004660304364	1.00076619003561	1.00061465854731	0.999969736486139	0.999998053530498	1.00017152874798	NA
1.00033614129867	1.00065000869971	1.0004747109454	1.0001050414566	1.00084311188896	1.00003539472806	NA
1.00024023248395	1.00002611339392	1.00049363935198	0.999766324707928	1.00136580247418	0.99994297371868	NA
0.99979305647366	1.00062069790111	1.00030817780966	1.00078465757344	0.999965713722097	1.00042404815956	NA
1.00054623829844	1.00006989602094	1.00031809725383	1.00041201433676	0.999918518048478	0.999929520997078	NA
0.999991086656131	1.0011005759748	1.00009709376326	1.00087203106949	1.00023288907966	0.999967683497634	NA
1.00046368022954	1.00007603433784	1.00013318334389	1.00016297946994	0.999946275026463	1.00074653149666	NA
1.00051135724806	1.00006813572145	1.00021078423392	1.00059345810781	1.00023674502031	1.00055553521667	NA
0.999995971836917	1.00005908816249	1.00062149579636	1.00018230944826	1.00056959840659	1.00037512376806	NA
1.00029906251991	1.00077770626088	1.00109968626781	1.0002075962923	1.00002928948854	1.00064683179601	NA
0.999736904125556	0.999932109444202	0.99978272639867	1.00064277738972	1.00100186488776	1.00011543680427	NA
1.00011223177057	0.999882921495192	1.00020502796959	1.00076215636228	0.999852236308323	1.0003615272947	NA
0.999697834556437	1.0005289479523	1.00070066190534	1.00061106614737	1.00037970500497	0.99998586875851	NA
0.999991655190504	1.00026944489288	1.00063764888488	0.999883167309015	1.0003489184447	1.00009207546064	NA
1.00049062154121	1.00074807409636	0.99998886670785	0.999818694136777	0.999867771739338	1.00000277057781	NA
0.999858970924749	0.999975314993776	1.00003541951814	0.999948559192708	1.00016333110866	1.00016635616087	NA
1.00051806923436	1.00014595536811	1.00027503283417	1.00058185361959	1.00044060638554	1.0000393675922	NA
1.00024887300216	1.00034588064172	1.00023108243276	1.00056758634398	1.00014740936271	1.00048225775323	NA
1.00043509901015	0.999875543180312	0.999864865269292	1.0004311601619	1.00006340461787	1.00032592339581	NA
0.999747727304515	1.00035752607568	1.00017862809125	1.00004896061639	0.999824721558527	0.999973297627384	NA
1.00070861697998	1.00023405200224	0.999933411535159	0.999864684771283	1.00024356289875	0.999879483248075	NA
1.00028629303594	1.0002256552436	1.00013134010832	1.00085322004484	1.00008449247059	1.00072457217508	NA
1.00027473224134	1.00018391059989	1.0001165399441	1.00052280565741	1.00052426225101	0.999725783194109	NA
0.999749567074744	1.0000365416086	1.00023863150266	1.00047944417547	1.00011519280331	0.999817785349103	NA
1.00001809319903	0.999780621806683	1.00010342126234	1.00020681276739	1.00022349728773	1.00087944324416	NA
1.00010450473571	0.999952113739248	1.0000879843289	1.00094406262252	0.999904792729186	1.00102732053266	NA
1.00101709618283	1.00017285738457	0.999943036540289	1.00042584503866	1.00022836566527	1.00103804042568	NA
1.00081156024473	1.00105883287797	0.999765578467733	1.00026311546933	0.999976921570531	1.00081503189344	NA
0.999908257378956	0.999792015006301	0.999841138785597	1.00001042119717	1.00041659656546	1.00014691717566	NA
0.999938571109399	1.00078838691213	0.99996341638546	1.00009504742112	1.00025656343814	1.00050022002157	NA
1.00000906310336	1.00015021778562	0.999990025930102	1.00021385131221	0.999890086022056	1.00158920223616	NA
1.00056380137823	1.00101632349111	1.00026728445109	1.00028673206981	1.00018772749125	1.00016618699748	NA
1.00140308635502	1.00070243775318	0.999817545684846	1.00005537477918	1.00009089805612	1.00038874284496	NA
1.00025676432617	1.00042707574083	1.00007611231574	0.999981205886347	0.999960328301594	1.00038413466954	NA
1.00019918535385	1.00050160909568	1.00037612572365	1.00010451642483	1.00017991321861	0.999870092896244	NA
0.999999609778646	1.00052881958344	0.999882822443091	1.00044762249894	1.00032900151925	1.0004525014876	NA
1.00027861243417	0.999921687561573	0.999786408049347	1.0007140994968	1.0001376937915	1.00009393051334	NA
1.00007029237339	1.00036316394015	1.00065473003499	1.00022409838616	0.999883372349353	1.00034551475763	NA
1.00012397925655	0.999964068001266	1.00022169606847	1.00014222058115	1.00021522075217	1.00051742813073	NA
1.00064504502791	1.00096190354508	1.00025514625415	1.00006040364129	1.00052807713122	1.00026119596464	NA
1.00079133766957	1.00059627449053	1.00030712231356	1.00013226066496	0.999908969722311	1.00063418909687	NA
1.00032697991982	1.00024398131826	0.999879657449516	1.00044290892406	1.00017574992869	1.00008358637893	NA
1.00140025908473	0.999958313460971	1.00004798379243	1.0002692292551	0.99968181214441	0.999764206870965	NA
0.999841031356617	1.0008508127539	1.00043668797277	1.00024305499417	1.00006793981951	1.00011600631364	NA
1.00038969458438	1.00016519935538	1.00025045841259	1.00035187096883	1.00008803531957	1.00022522107238	NA
0.999904539034204	1.00078159366551	1.00015436981391	1.00000313691753	1.00060484853911	1.00061923738418	NA
1.00031246901059	1.00000247228601	1.00012760821021	1.00069458204488	1.00152201805179	1.00005580657437	NA
0.999997800046432	1.00049372873519	0.999717521275541	1.00062584364505	0.99998004145525	1.0006089885121	NA
0.999877441586975	1.00064587377585	0.99979650652929	1.00080414295957	0.999811546435122	1.00061634249409	NA
1.00021134758234	1.00118710348166	0.999784489081478	1.00031380731243	1.00067863971003	0.999938025715918	NA
0.99982390594057	0.999991408590974	0.999857904082153	0.999804826076648	1.00116979273385	0.999836257607047	NA
1.00030877067588	1.00056324401814	0.999824513975799	0.999919757889232	1.00022381058639	0.99988306978766	NA
1.00032096495652	1.00090557648102	1.00010055981647	0.999903949595977	1.00009962537162	1.00073257484154	NA
1.00065473012423	1.00072406966545	1.00018909767166	1.00067242982381	1.00034222611627	0.999945968469282	NA
0.999902389321639	1.0006272091884	0.999774673750252	1.00006628463026	1.00002883561889	0.999915346764978	NA
1.00024681033356	1.0011476939538	1.00015014180112	1.00082368882726	1.00021281679443	1.0003865001955	NA
1.00028277900754	1.0005750434485	0.999932042172748	1.00031634434835	1.00045436807458	1.00130303847754	NA
0.999979996816486	1.00019327813534	0.999983194723103	0.999873719479926	0.999972301476567	1.00027548122219	NA
1.00025562394434	1.0005336070986	1.00020686140108	1.00046582990017	1.00019573201694	0.999846337992355	NA
0.999836246477588	1.00029411903167	1.00000914871031	1.00064929490143	0.999969770411232	1.00009938533569	NA
1.00057173977923	0.999928216788801	1.00027009103438	1.00011684399815	0.999924850350952	1.00000954338087	NA
1.00009384261627	1.00016109648227	0.999765229946051	1.00030130011493	0.999828242095673	1.00002628143125	NA
1.00021896016196	0.999810695195421	1.00075036366598	1.00033420675294	1.00041798701391	1.00064945448341	NA
1.00003519219118	1.00123977054565	1.00036366870859	1.00038051790972	1.00014575837078	0.999705060763079	NA
0.999970515389291	1.00011882756246	1.00083834015601	0.999927078360923	1.00070997974135	1.00039641150966	NA
1.00004324863342	1.00011725770382	1.00018615148253	0.999839664337489	1.00032162072784	0.999703991358358	NA
1.0003970660144	1.00046246445503	0.999763569856577	1.0007453687622	1.00068485168354	1.0015254822636	NA
1.00086606172005	1.00074043332493	1.00032078034659	1.00052447825542	1.00051627743377	1.00038316326114	NA
1.00028290143698	1.00042753376886	1.00038395651907	1.00007353634255	1.00019617268484	1.00022409195424	NA
1.00016334486124	1.0004266641358	1.0001414616863	1.00082450824319	1.00017091383377	1.00009218939439	NA
1.00024804118178	1.00108747453226	1.00034313061589	1.00026288613528	1.00020219400757	1.00013263585731	NA
1.00082085761642	1.00019645407422	0.999870834253073	1.00035445973826	1.00030235898025	1.00019562987544	NA
1.00063730764773	1.00026773456164	1.00046103526629	1.00047952109717	1.00030293698864	1.00028060275566	NA
0.999974487915232	0.999882825121373	1.00027597620427	1.00035664826942	0.999986975192228	0.999939750235493	NA
1.00022865910137	1.00051262438851	1.00021895592855	0.999898607065879	1.000718487953	1.00036717361505	NA
0.999830872339249	0.999935790358946	1.00069906355525	0.999863234775488	1.001314600403	0.999907576612501	NA
1.00047839940823	0.999962703719322	0.999867374639457	0.999974487669799	1.00044675609748	0.99981932228851	NA
1.00051323629695	1.00047019125128	1.00021687989374	1.00026803129187	1.00057043016459	1.00014030739257	NA
1.00096416218814	1.00028684810082	0.999859573914241	1.00004228898188	1.00022375385552	1.00032477524039	NA
1.0011038859846	0.999745106165345	1.00028843538429	0.999649162642918	1.00010906138048	1.00105803163806	NA
1.0001782955348	1.00056891195043	0.999768716367693	1.00024997785479	1.00087272161954	1.00060401865256	NA
1.00027051905128	1.00059736598304	0.999966467573207	1.00036848058209	1.0004971317581	1.00015595245532	NA
0.999801040366205	0.999817562884953	1.00020096276218	0.999635326192253	0.999983722558861	1.00032130797259	NA
1.00013529576306	1.00019292730784	1.00022496905383	1.00037869946412	0.999997057035489	0.999792062619533	NA
1.00069387650307	1.00056068020651	1.00042548844171	1.0000310845221	1.001085190184	1.00042629352772	NA
0.999941982541045	1.00016155797221	1.00027010780014	1.00013171156193	0.999926656574014	1.00003770006874	NA
1.00023531777241	1.00037202295193	0.999971202588387	1.00028564469903	1.00073070077818	1.00016369705027	NA
1.00005360474126	1.00033384235997	1.0001208906591	1.00084229983672	1.00011038363194	1.00002755525867	NA
1.00032718932378	1.0029096511493	1.0001777404822	1.00032650441469	1.00083056697082	1.0001211219443	NA
1.00060030768522	0.999940184222357	1.00051365745677	0.999955239841853	0.999920904778887	1.00022166195304	NA
0.999853223700107	0.999896818538394	1.00041691329471	1.00005776986045	1.00181443119852	1.00036485045534	NA
1.00045497217956	0.999834859773138	0.999849481704191	1.00029845125547	1.00001245557396	0.99988955194305	NA
1.00024050898798	0.999810354975088	0.999871254371073	1.00027136916955	0.999881687871208	1.00009387665059	NA
0.99998742040644	1.00001837249777	1.00068248410904	1.00080666999133	1.00051095514051	1.00040118912075	NA
1.00071923282348	1.00029455976517	0.999806169061016	0.999866503493133	0.999957349314033	1.00070557779506	NA
1.00149466580096	1.00066267392515	1.00044092206977	1.00155004095963	1.00011253615197	1.0003629831317	NA
0.999772111381165	0.999992931474476	0.999887470121443	1.00074524653261	1.00061906198007	1.00021516035685	NA
0.999909994173215	1.00019448621811	1.00014468417995	1.00062056379763	0.999981909031366	1.00006501993529	NA
1.00021397184798	1.0001416330689	1.00004507219312	1.00112604107227	1.00010249406167	0.999852224414508	NA
1.00039436285559	0.999947576789627	0.999967759895842	1.00065559732302	1.00069691896656	1.00081693402303	NA
1.00007494087591	1.00000261103646	0.999961065884075	1.00012105690317	1.00004174091486	0.999992903936695	NA
0.999867570013006	0.999732102496232	0.999875629287453	1.00054407916869	1.00070592170959	1.00034898445543	NA
0.999907898562924	0.9999008424655	1.00020206429803	1.00038377455742	1.00003240781075	1.00033133307854	NA
1.00030919979888	1.00101177999258	1.00056297880536	1.00016805701603	1.00025869939341	1.00085248914484	NA
1.00014811153382	1.00068837140731	1.00059181822886	1.00087943922324	1.00015830806295	1.00013721693778	NA
1.00059325909647	1.0005426514743	1.00045794071214	1.00020045964874	1.00000485383499	1.00029058931481	NA
1.0000311641755	0.999819471307354	1.00051760835261	0.999975067535979	1.00015719808368	1.00021798260184	NA
0.99994848576876	1.00065711552214	0.99985489630167	0.999833318817819	1.00024532960013	1.00037800089177	NA
1.00066358193934	1.00240450808795	0.999924208936593	1.00025606023999	0.99971223763993	1.00109471359502	NA
1.00080885037565	1.0002982494029	0.999800304445163	1.00085103264052	1.00034709590025	1.00014514225402	NA
1.0014077436733	1.00109654574512	1.00046913290526	1.00005948388781	1.00019170551056	1.00017678199869	NA
0.999904717297428	1.00011963082451	1.00108238972624	0.999921200567651	0.999809974804601	1.00022922223073	NA
0.999821115729801	1.00022047665417	0.99982031705077	1.00124012175575	0.999977450898738	1.0005601037381	NA
0.999894280179033	0.999910012678062	1.0011206641456	1.00017241547382	1.00017867876758	1.00008051628142	NA
1.00018876661189	0.999863022537205	0.999713034595502	0.999968972234377	1.00076557438383	1.00002531656185	NA
1.00020843565608	1.00013899828116	0.99992878990002	1.00029381313818	1.00016686862344	1.0005376753664	NA
1.00027580925454	0.999862690364177	1.00056375759366	1.00028632865536	1.00053646088826	1.00013754846879	NA
1.00084000822437	1.00073283156719	1.00059785158978	1.00083169891051	1.00069315013668	1.00016108150318	NA
1.00067058735373	0.999906636292993	0.999720928889031	1.00039072208933	1.00012976286937	1.00035990553129	NA
1.00007602194472	1.00038201622251	1.00051671226805	1.0001416240294	1.00004582879293	1.00110563026697	NA
1.000213714775	1.00076143899098	0.999826344967677	1.00094786322176	1.00023617851292	0.999811927036816	NA
1.00005982722065	1.00034219556122	1.00001598637118	1.00024666460369	1.00009338041198	0.999797071114298	NA
1.00044838192015	1.00074210441499	1.00026150848852	1.00054056374609	1.00033082753642	1.0006381308374	NA
1.00022525452074	1.0001725719695	1.00030259956266	0.99989688290769	1.00045361155059	1.00062226278209	NA
1.00010338936939	1.0007113202066	1.00018943092213	1.00079373956564	1.00079895638186	1.00059272563509	NA
1.00042747409951	1.0000228698504	1.00007912124212	1.00028661963237	0.999945087360864	0.999928230768002	NA
1.00136922424869	1.00023689661867	1.00007264943837	0.999771287802056	1.0008549264276	1.00016654986016	NA
1.0003525134433	1.00028710851054	1.00021080051025	1.00002688132231	1.00033580521491	1.00061062615221	NA
1.00062038303652	1.00069507270367	1.00074657103785	1.00009211228074	1.00009353936479	0.999920533471108	NA
1.00061212485686	1.00050565031998	0.999791591231525	1.00104166158857	1.00016529539824	1.00030211785792	NA
0.999890249853814	0.999935518040665	1.00011238671013	1.00007207508599	0.999902424749239	1.00028555090376	NA
1.00147840766292	1.00033804288656	1.00007199417498	1.00043290941739	1.0012314026139	0.999972107540332	NA
0.99990323803481	1.00059893963092	0.999709880844655	1.00024811398232	1.00121671728999	1.00086331060822	NA
1.00059932185056	1.00026001728377	1.00074443821591	1.00016151878461	1.00029183558809	1.0008717744245	NA
1.00011757651973	1.00041820937488	0.999722087645648	1.00080058711668	1.00059247339097	1.00075024701174	NA
0.999853291248906	1.0001338512395	1.00022916765796	1.00046755775638	1.00077601324004	1.00059443760626	NA
0.999814674768544	0.99981112970524	1.00004048883674	1.00011246313031	0.999837639886556	0.999916731671861	NA
0.999771915899978	1.00031883827925	0.999770024848219	1.00028249023441	0.99994261023244	1.00032545740845	NA
1.00016320431204	1.00066606382532	1.00077725174442	1.00007094221703	0.999799515560464	1.00055894828951	NA
1.00064709922237	1.00019524975065	1.00063591901636	1.00101027498713	1.00021941931503	0.99992433212506	NA
1.00032600791619	0.999826002579366	1.00041127475065	1.00005950115845	1.00063163350613	0.999966793933024	NA
1.00001830541954	1.00015505445292	1.00021469709369	1.0009000371607	1.00086395255193	1.00064125690424	NA
1.0005783825665	1.00021758360238	0.999907739433956	1.0003993005435	1.00025355457409	1.00001309474751	NA
1.00012849726338	1.00038005398024	1.00027240310868	1.00015742275351	1.00061063071244	0.999817267185337	NA
1.00068058736941	0.999885612196484	1.00027748780403	1.00025798935452	0.999971912856093	0.999793324596342	NA
1.00080187031108	1.00169320784256	0.999863129110121	0.999818946856137	1.0000656118877	1.00058121164601	NA
1.00005968598767	1.00030481364503	0.999973048745721	1.00009375614936	1.00020218574296	1.00015775085893	NA
1.00000749676	0.999974101015892	0.999986331546003	1.00012697993681	1.00023069345111	1.00000759966178	NA
1.00066884851898	1.00004385623032	1.00009776500364	0.9998003860479	1.00019055211079	1.00003931322729	NA
1.00075038477433	1.00072318222914	1.0000235153957	1.00014451016039	1.00058079021755	1.00046108064103	NA
1.00098694664071	0.999977847955491	1.00024476195453	0.999942173565478	0.999762548072488	1.0004542294974	NA
1.00051866638466	1.00011183279957	0.999819015679764	0.999837797964924	1.00023663343078	1.00015519484947	NA
1.00150569376802	1.00117419226605	1.00036671810961	0.999797181012582	1.00026235569486	1.00108392724279	NA
1.00136030061758	1.00052065130043	1.00029725555139	0.999814843538223	1.00054244976416	0.999824028681402	NA
1.00021388837441	1.0003293336715	0.999980354325877	0.999947047097301	1.00026828783091	1.00007807680765	NA
1.00026567853358	1.00145124371646	1.00087523064714	0.999793265458104	1.00023941339251	1.00121577240406	NA
1.00021883269068	1.00028305170221	0.999957539274279	1.00040962083038	1.00020275901875	1.00042001689605	NA
1.00048165348191	1.00026165175426	0.999862139467425	1.00032864334638	1.00021026834415	1.00018513042937	NA
1.0008387344091	0.999947647459106	1.0004865422341	1.00029444812234	1.00050477606302	1.00069849725563	NA
1.00065715033428	1.00055853587756	1.00002644991794	1.00093599198215	1.00002739965032	1.0009117691531	NA
1.0000128193675	1.00041072268857	0.999775390389899	1.00192912273621	1.00006027641948	0.999885686344748	NA
1.00025281505721	1.00018403067458	0.999822348773193	1.00057696250067	0.999850254816059	0.999992894607828	NA
1.0000393054702	0.999809756174013	1.00073042477084	1.00042991766441	1.00071295388202	0.999874546073392	NA
1.00025467279363	1.0005442285338	1.00029830327025	0.999997275271424	1.00020089125831	1.00017329641964	NA
1.00029655305925	1.00093087804903	1.00018536744368	1.00034403129957	0.999718751474271	0.999997065390236	NA
1.00097295168108	1.00012301213163	0.999851092711747	1.00009107715876	1.00108844900654	0.999910141167928	NA
1.00032535071329	1.00034152543436	0.999993376549995	1.00052346987788	1.00066259642443	1.00061137453165	NA
1.00015269700408	0.999971584588153	1.00017034907732	1.00070335687138	1.00040695910633	1.00020850449949	NA
1.00062863508689	1.00127916668247	1.00001621121715	1.00023084944622	0.999981321508149	1.00016804214799	NA
1.0005895619873	0.999850417058533	1.00003967182476	1.00010794963663	0.999920928107227	1.00022743234324	NA
1.00107272358321	1.00042634513837	1.00035039441769	1.00038238117476	1.00050555585021	1.00010276469724	NA
1.00025716080195	1.00073458906724	0.999975407189473	0.999796704498833	1.00019026875906	0.999891806171945	NA
1.00037652079493	1.00030285483961	0.999944724100289	1.00178790072375	0.999999996311094	1.00021773608569	NA
0.999834508451847	0.999864212516536	1.00057821603123	0.999815929681794	1.000033590184	1.00001244602573	NA
1.00005586111138	1.00077244551927	1.00009665855175	1.0002987659492	1.00017842433713	0.999976821391323	NA
1.00028888168456	1.00004105374927	1.00003318590062	1.00003061261598	1.0012474312082	1.00067911489174	NA
1.00022271682831	1.00004393475145	0.999881529932508	1.00011003502076	1.00013391535617	1.00027587351441	NA
1.00204356534123	1.00114438980187	0.999909559320258	1.00016725669284	1.0005719795472	1.00063081137352	NA
1.00072862164183	1.00011688249008	1.00032280589971	1.00057888382705	0.999872367147691	0.999818112003335	NA
1.00015561835853	0.999723126553454	1.00026857466556	1.00079455259566	1.00028373784743	1.00004255249789	NA
1.00006440159878	1.00088552880722	1.00009604081296	1.00015348279727	1.00007097474641	1.00037388654234	NA
1.00028751055934	0.999871656884898	1.00028053308418	1.00034804084822	1.00005677139207	1.00024816746489	NA
1.00087742420451	1.00018739392533	0.999895028810865	1.0001551345674	1.0005475766949	0.999851981196168	NA
1.00034182446496	1.00075642645232	1.00015544848492	1.00052333150171	1.00013710659678	1.00033894222678	NA
1.00065853094491	1.00079294389065	1.00065561344391	1.00019595969468	1.00069554170361	0.999822668901295	NA
1.00013942442007	1.0009375895938	1.00037631825173	1.00055975540196	0.999987731858802	1.0003533592908	NA
1.00048124836738	1.00012727735177	1.00048127370422	1.00108018285225	1.00105571759317	1.00017826461186	NA
1.00043311016262	1.00028499383891	1.00016833217461	1.00047890440927	1.0001158699847	0.999835133441698	NA
1.00093459110012	1.00048358203022	0.999857073739362	1.00086681182866	1.00029367552096	1.00015314041068	NA
1.00016936265083	1.00020771288758	1.00021250914916	1.00029063144127	0.999730621622863	1.00033452490907	NA
0.999907809295008	0.999925932545414	1.00001627723903	0.999795653128741	1.00042388106416	1.00027140709779	NA
0.99974917644217	1.00014291300883	0.999661079300345	1.00013094434999	1.00001224638373	1.00062727944883	NA
0.999977128687509	0.999815898047558	1.00018886940633	1.00045973242318	1.00005980007154	1.000155165728	NA
1.00037425000308	1.00026120847633	0.999819742552407	1.00015798610722	0.999843622581504	1.00011541177914	NA
1.00029123269396	1.00075771253694	1.00006549904123	1.00104288493846	0.999958126469998	1.00009862466647	NA
1.00027950420885	1.0000660308956	1.00033493265448	1.00020703633906	1.00047187646022	0.999959941030486	NA
1.0007986053208	1.00036576976667	0.999975932111518	1.00023634896936	1.00079099442947	1.00017571805729	NA
1.00012457780631	0.99985137596798	1.00063821001565	1.00016300651307	1.0000805833174	1.0000974374046	NA
1.0009170746761	1.0008679795318	0.999934432828798	1.00012479350982	1.00055223242728	1.00003781318565	NA
1.00008260234872	1.00020306274887	1.00056765544713	1.0007626215497	1.00019808891156	1.00005583445146	NA
1.00005006071424	1.00021041563908	1.00050724688083	1.00153719604947	0.99978777085337	1.00060449263698	NA
1.00015848903452	1.0003365767114	1.0003542318923	1.00017388656328	1.00019965497939	1.00037785540406	NA
1.00007079203699	1.00084626145527	1.00036793086197	1.0001154188483	1.00079001519858	1.00015325564054	NA
1.00111327834086	1.00047373720501	0.999836937367383	1.00084618266493	1.00045874224614	1.00019960246392	NA
0.999856188155121	0.999910892237201	0.999965235628116	1.00026364777151	1.00010971893168	1.00015347494183	NA
0.99987134146185	1.00016290483862	0.999872041956904	0.999995866312574	1.00029296393846	0.999865567011618	NA
1.00006600754138	1.00010349599576	0.999929110722384	1.0000113067938	1.00024095996471	1.00007452904695	NA
1.00008058954844	1.00119640420725	1.00007284973204	0.999739297359327	1.00029485831994	1.00074992558793	NA
1.0013616385632	1.0007089901062	1.00046786611783	1.00025174104193	0.999971876775786	1.00050182681251	NA
1.00129112117211	1.0008598091431	1.00075939338154	0.999920076465832	0.999775359189066	0.999660195059843	NA
1.00156493063958	1.00050035507818	1.00010991374823	1.00014588203382	1.00038740076076	1.00030322713775	NA
0.999809534868388	1.00062974156085	1.00001790423052	0.999941576798872	1.0002440094818	0.999839509435212	NA
1.00135652300544	1.0007176987806	1.00022262350556	1.00010385161703	0.999916083462911	1.00038967661053	NA
1.0002684475602	1.0018476642511	1.00002311298373	1.00023208077824	0.999955126303987	1.00094588213334	NA
0.999914200760875	1.00035936611206	0.999980299610767	1.0001289310174	1.00011278230194	1.0003048260165	NA
0.999806020519912	1.00015067567793	0.999947070061611	0.999882570524989	1.00057150145846	0.999970826565356	NA
1.00073334628702	1.0002199348473	1.00041026461835	1.00048708309622	1.00026914770036	1.00067753793304	NA
1.00022441789604	1.00003168157042	1.0006443472103	1.00001251968836	0.999979903419588	1.00042672048037	NA
1.00071148195829	1.00019219896302	0.999944296061713	0.999901086272318	0.999799172616818	1.0001392101965	NA
1.00045780957452	1.00015417514528	1.00007348130734	1.0002158104238	1.00012732074687	1.00021773841565	NA
1.00004365903051	0.999805758307208	1.00035677167065	1.00033180688215	1.00014342023633	1.00096070435675	NA
1.00007099273362	1.0006775853597	1.00000917314291	1.00039011176039	0.999894164832653	1.00014262881034	NA
1.00062378345675	1.00179386116758	0.999749262877857	1.00001746931762	0.999967108630454	0.99980091859729	NA
1.00033165453989	1.00194358980519	1.0000675425336	1.00056164964754	1.0008703822213	1.00006991203754	NA
1.00090322788958	1.00013462471291	0.999859997183506	0.999912524516873	1.00003159130142	1.00037734037121	NA
1.00038753990926	1.00011170234739	1.00034575199276	1.00024395878899	1.00028079992465	1.00055647385289	NA
1.00001090034385	1.00201381536267	1.00032002295074	1.00135892405479	1.00069714314731	1.0004028765322	NA
1.00024805313299	1.0002084129966	1.00017434629699	1.00091857414593	0.999769770175421	1.00032873214612	NA
1.00048587221048	1.00238876210918	1.00020382304983	1.00035253357641	0.999942382692981	1.00028357914662	NA
1.00067422282457	1.0001182764586	0.999888019646166	1.00041767266545	1.00003375987363	1.00036335608376	NA
1.00142843325196	1.00014894161335	1.00056031325241	1.00161522558416	0.99980254164747	1.00070035735682	NA
0.999897179898258	1.00021167125179	1.00012902975226	1.00082753855534	0.999723481947416	1.00002088596736	NA
1.00085597321556	1.00027274505098	1.00033466802068	0.999865700856852	1.00085428667607	1.00073873436267	NA
1.0001882646356	1.00040543557764	1.00042687749687	1.00040967061477	0.999996109289559	1.0004204853968	NA
1.00031687437322	1.00119867472569	1.00049562995758	1.00005792938958	1.00093164293038	1.00061848994749	NA
0.999693589762096	1.00088878531288	1.00087687313913	0.999966790385128	1.00023353900372	1.00001966708763	NA
1.0008597814239	1.00078788980144	1.00014683593005	0.999777712780345	1.00041992553095	1.00087765216067	NA
0.999908186996317	1.00010874388313	1.00053481195157	1.00043708701266	1.00001644832776	1.00013355154802	NA
0.999982847929845	0.999863408249035	0.999772561491361	1.00054319040956	1.00030520637231	0.99985040492546	NA
1.00064311933439	1.00060450771317	1.00012597997234	1.00009394271838	1.00010660904926	0.999947821296416	NA
1.00043586314485	1.0012245790719	1.00056842243669	1.00037833610863	1.00074109168243	0.999939881371261	NA
0.999799536185453	1.00025763427973	0.999861602150509	0.999971265193221	1.00015444008021	1.00065331192004	NA
1.00026506695412	1.00078328085561	0.999870712893101	0.999965256769686	1.00075379408655	1.00034856908131	NA
1.00027215211796	1.00058294057687	1.00003150946746	1.00000015669163	1.00053664254036	1.0003139749468	NA
0.999914652116567	0.999809176191756	1.00032173569999	0.999795967355491	1.00014036747965	0.999800375279094	NA
