FMP	RMP	FPP	UPP	ANPP	NPP	ANCOVA
0.341713617992737	0.341048105694823	0.370264594231671	0.333255331579673	0.345862311882006	0.341448434798783	0.157262758080972
-0.0890113211028897	-0.0967914847462584	0.172317578260582	0.0043859052582298	0.0416747370876899	0.0413044688045827	-0.141268960645303
0.385402559479173	0.386149855666261	0.389179013425983	0.366227986151671	0.375122945506738	0.376605903588975	0.223811607672899
0.426576173563864	0.422143340208402	0.423143808884236	0.405846754553386	0.416737506178714	0.414714829936026	0.273124876942365
0.408320149488107	0.406726354335271	0.410343695176566	0.38803323585776	0.396403684312004	0.396933341305264	0.25691591709775
0.197578326565677	0.199534471641746	0.309828292699009	0.231215566791658	0.256196253044759	0.251695503975357	0.0403937265727224
-0.325831243297949	-0.334404834947155	0.126865887196138	-0.199145876522988	-0.145196982466528	-0.15289082279479	-0.362797271721594
0.0929249852104252	0.093933278273313	0.261164897230814	0.15621333079675	0.189763742829774	0.188187200488112	-0.0258320732135531
0.419303966523859	0.423180819992338	0.429642036600414	0.404781504954618	0.413859988074422	0.416234859688914	0.240447376474177
0.234049087939876	0.230054796515924	0.31412395523969	0.246329937935554	0.26894723536384	0.27405176917177	0.0667793465274484
0.271694030842405	0.276629689823707	0.352288676919462	0.287646822096118	0.310409310476409	0.315070724882568	0.0723634797103509
0.623027776334326	0.620805153435989	0.624608091136	0.627961560755585	0.622692649866311	0.622814659641947	0.646715278400468
0.208614379692969	0.203756142564074	0.297157568063169	0.224815480430534	0.248433961010941	0.246998417431676	0.0587687860933056
0.393009666595603	0.394358171536694	0.397618506912394	0.36937039747685	0.380834641309204	0.380194724820192	0.233608903317143
-0.0983069972476549	-0.102304007964945	0.163087383767845	-0.00352972911318139	0.0321892463119797	0.0273745009053202	-0.142113119117931
0.346216696770293	0.355214205989341	0.379329447213136	0.344925719818994	0.355951383954493	0.352284118832341	0.168144669498369
-0.080230397939428	-0.0746244861510791	0.216373899981908	0.0347324258786526	0.0801619143346026	0.0805557707491068	-0.161022453453575
0.482687606774826	0.483189015058521	0.473570790204647	0.460116271793565	0.468989382771908	0.468013750173492	0.345779781183668
0.630665097742262	0.624493927678554	0.634459360626114	0.633860170084281	0.635638994644487	0.630819744609303	0.658884978751667
0.414195018270911	0.412760586104039	0.426039226613519	0.399849615448131	0.411048483678869	0.410439298785054	0.226368026021599
0.538784609602862	0.539362759978806	0.53540995243242	0.527856699027068	0.531595023798848	0.529678007583267	0.477251774202357
0.411728262106458	0.406568671812407	0.410566611052712	0.387169846505446	0.397223300748281	0.40444050327371	0.247691641714717
0.0630345282800688	0.0671048051353055	0.256576236371469	0.1390896522251	0.16670995376934	0.172134527126882	-0.0517715498054424
0.347856115315813	0.347042751154869	0.361901827541313	0.331236863656188	0.344670507899837	0.345476664400675	0.187995687108311
0.515176233018566	0.515521800185602	0.501507758649757	0.494920144944743	0.503499699356936	0.496154974623023	0.410943856884216
0.00357681926618262	-0.000464120873365342	0.25370093768882	0.103173089918137	0.140290739185177	0.146090270559465	-0.114054249434489
0.477660442134363	0.477618864560322	0.466507484504628	0.454597528449627	0.458322256563177	0.46070730679215	0.376332225802888
0.406244965898006	0.408739192617195	0.409823202465713	0.385526835752092	0.394924396440906	0.392905995956958	0.241371737061063
0.149176593538788	0.149599801587739	0.305830818230101	0.208737829732264	0.236643100034276	0.237072806619171	-0.0168671939535012
0.0706080268207594	0.0733392102983317	0.258234067901492	0.146366791147121	0.177697245386285	0.169018006454799	-0.0464376812240722
-0.0086887504557107	-0.00533423905397636	0.226064077435119	0.0827556633608722	0.116609747857724	0.120378023948569	-0.09417956948161
-0.145545942048655	-0.14656600685996	0.177127205705975	-0.0196756766004954	0.0158274118700228	0.0133749770126839	-0.195396107044833
0.00382545440332124	-0.00226905864792107	0.239263059338578	0.0889104155783023	0.129535415632708	0.13217180113647	-0.0987304418237154
-0.0438254261845055	-0.047109516497694	0.187802791574802	0.0418506618299612	0.0709950892335138	0.0740489026750726	-0.105020410699536
0.294091084632892	0.297157752721315	0.352368548866351	0.301732407523278	0.320758313409114	0.320881007355023	0.114969490531254
0.204433779927741	0.19588519286389	0.292685489065162	0.222834116804312	0.249437935364259	0.247767432146132	0.0572388798267503
-0.438642093220963	-0.447980649313248	0.0960677850709499	-0.309987217008912	-0.259593436721842	-0.271281240052701	-0.468766412195889
-0.179134971979906	-0.171054059343137	0.165406174881661	-0.0528315385500228	-0.0113206466539978	-0.00996648280082253	-0.218460776709109
0.664725280081592	0.665428429684381	0.674668070240716	0.67486317569472	0.673768238129732	0.672789170398132	0.705035981967574
0.454218143203812	0.449753517309762	0.462907017456442	0.433339535953989	0.444943466050132	0.445025141197027	0.271533201908245
0.142554492191065	0.140925065949423	0.294658663675994	0.199178311469716	0.229576796491141	0.223984417111309	-0.00957507685260759
0.299866354606228	0.298869904722952	0.355953046072263	0.303292794527889	0.329257871854231	0.324467518685431	0.10631687831318
-0.15465369956693	-0.155741411305219	0.168548797428921	-0.0339716118084716	0.00746752296989885	0.00212206738323615	-0.19801714734573
0.216337737356236	0.213523591082764	0.327357110815054	0.252287260383867	0.277492167450335	0.276857320349342	0.0309589123878077
0.0463539959400297	0.0530475067573433	0.229418189579781	0.121160087888559	0.14679488514964	0.147142954060598	-0.0411100683983483
0.217355626864403	0.227063429127465	0.323808442359379	0.250289684562069	0.272725207521957	0.27093462541725	0.0495794763429035
0.414503935421424	0.41972987627236	0.407168806153678	0.390207037506246	0.400390290195912	0.397707264325805	0.272381559107934
0.0857988052499105	0.0846574116454217	0.256816304393434	0.144711363410722	0.181762673606362	0.176535190965648	-0.0294980132208888
0.104784231443395	0.106709753140054	0.264356622810227	0.161571261415602	0.195103650408132	0.197542252443523	-0.0185512874608521
0.315073714870424	0.311515887931223	0.362802836016187	0.315335905551963	0.336246826411072	0.329562018715386	0.118266010847725
0.448785832973882	0.447814543514125	0.43776602226884	0.422837281111988	0.427409473286881	0.426924269003949	0.31512662940883
0.291299173337252	0.29033247306676	0.351319736575572	0.297392746227409	0.311517892947686	0.318117364402791	0.0959951209479876
0.19776645555691	0.198816296971965	0.272242617207023	0.213412709452593	0.230707829673461	0.23361063098378	0.0834972587938162
0.314499791478651	0.307375022167905	0.355329405750074	0.311893911264662	0.331644222992305	0.321060281711509	0.135531795487243
0.490847158152732	0.490030972472518	0.478118496186393	0.471649300168013	0.475038365491731	0.473430481018279	0.368706222847287
0.326855879907963	0.324270844271166	0.347626655194951	0.313154220766851	0.326524283365504	0.325636665393831	0.173086895009092
0.174579629815858	0.165310409447054	0.280248817486876	0.200651471814842	0.231179373685761	0.227258661616914	0.0422140301835861
0.342471251526062	0.336455096761301	0.357949644718413	0.324282248250271	0.339909379717212	0.340704878627994	0.190622211587428
0.17516086386031	0.192418462556197	0.309660540428053	0.222564848794605	0.248377675902694	0.246718146816493	0.0213854361071976
0.220501104134668	0.214589855638319	0.299231703503435	0.235893597116933	0.262675430663631	0.257297856933573	0.0695427608496001
0.0247416160710199	0.0226515462797456	0.223846406708523	0.0988951736487747	0.133935476561698	0.133676502771358	-0.0623911318465572
0.140208586228094	0.134631232499637	0.272526215163162	0.184812212824995	0.212026072485967	0.207554270882036	0.0111558417135983
0.0864638097948953	0.102304047330296	0.277602536408105	0.162727544392741	0.198700659531669	0.195120328849554	-0.0397387374452629
0.432882009780089	0.435292382582968	0.429100822518681	0.406678841242783	0.420243268474739	0.422106293439188	0.276895834097681
0.316040640399124	0.313135724701926	0.350345280083169	0.31005599026293	0.32686319409389	0.327862230672164	0.148542611522978
0.321679411669744	0.311009735599646	0.379895193518828	0.320526778047225	0.345474423741389	0.347846511702407	0.101666274626751
0.53268081291041	0.534230966094887	0.527714406849133	0.519877681379806	0.525868027506674	0.523608503353456	0.470311038043995
0.187137928865649	0.184076628969997	0.316380841887444	0.235573696642284	0.266433026996572	0.254484279534906	0.00852424572414072
-0.231944575643838	-0.230485923854633	0.136354061152242	-0.112927761292586	-0.0638912580319623	-0.0706389113018897	-0.265778305751391
0.0240818331913215	0.0303687451452247	0.221615380033094	0.103457990236086	0.127828490871308	0.124286558434361	-0.0556173064377928
0.240880155710359	0.241240887252355	0.309236796366459	0.251379251595833	0.266104466809289	0.27182630850552	0.0933970079557599
-0.0328158676385663	-0.0275319259200072	0.200110425379108	0.0587914807629553	0.0913418689660525	0.0861199418938126	-0.0967369164519095
-0.110107018260044	-0.105117349699199	0.209821783642349	0.0222062577374584	0.0669453834894127	0.0634786578081327	-0.180525973203937
0.377736319152515	0.379944544274478	0.398619507856883	0.366090048098543	0.377589920087833	0.380554343265364	0.191156102060296
0.174998010852874	0.174494860761892	0.320164438977818	0.227885669455053	0.26193726410211	0.258703537056231	-0.0137085962256247
0.475690390765116	0.476664116673223	0.468495813812002	0.449924000419961	0.458458331593735	0.462237423433982	0.350745246032288
0.34168401717412	0.342711389169445	0.374715218899705	0.334351027088125	0.350451481318189	0.350871920390248	0.166336575899186
-0.361743140605384	-0.35543387902928	0.201441953762319	-0.160056205386808	-0.0880504732953629	-0.0961175055221261	-0.413436614018835
0.232226825066785	0.23124478831648	0.292829008612029	0.239505755642973	0.25330945475927	0.253646759590395	0.100439732664528
0.363297992550802	0.361092904648735	0.376314562031389	0.349620226066553	0.356298136199332	0.36247145899435	0.192914543793013
0.0194710995194462	0.00731577133126354	0.273377306626818	0.12584294239531	0.167169458953607	0.162899483390173	-0.115423249925038
0.444473540293335	0.446473478494064	0.43085925094562	0.42036414374876	0.426541069390537	0.42545960378776	0.33023315173016
0.266234108340846	0.263303742012296	0.327696956101131	0.273494642753088	0.288169669864226	0.28720213434008	0.0974874692576986
0.272917021566961	0.264713929765265	0.333291694520416	0.281685561059887	0.295743473929759	0.295933641483311	0.106382018774475
0.568987241139226	0.570371481630026	0.562870884056744	0.560595420896733	0.564002298578001	0.559632957382963	0.525591456057714
-0.596384971156569	-0.595157069497904	-0.183281772911802	-0.549457315705259	-0.535780747945715	-0.533512441614576	-0.606431335216265
0.345163142122266	0.345173602455938	0.361049874558732	0.331628814269954	0.345500231652664	0.342482917453961	0.199100673033402
0.430830384795349	0.427800393951398	0.416348424286036	0.405595913822581	0.412981971118209	0.409012536620758	0.313591034777206
-0.203377857549165	-0.197144229343314	0.132518386995488	-0.0883273914793847	-0.0526272323167182	-0.0443901643156278	-0.228466573250379
0.418432809552349	0.424171081709016	0.424427492856541	0.396298116837602	0.41160797021017	0.409824826024026	0.2533951692855
-0.465642473028669	-0.464889999464095	0.068317572701874	-0.345253549549721	-0.305243710841072	-0.304066990451244	-0.488707429532437
0.111490112785232	0.110516610567159	0.237962823135065	0.156661310305015	0.181280878713189	0.18030189979961	0.0160913915084024
0.209019313872371	0.213460316029021	0.305415982919178	0.2328540064218	0.2580134200114	0.259679212662124	0.0574840244593582
-0.162801892283925	-0.164702820490451	0.142668996434009	-0.0585342130481732	-0.0216281240621205	-0.0301874203611584	-0.194742534291024
0.255557810232707	0.255456241307405	0.34048066754134	0.270906488720595	0.300939453737645	0.299077522748292	0.0688008122264503
0.620895528964971	0.622656042155403	0.624266874416697	0.62378012880662	0.620966778287853	0.623482855338858	0.649502631458666
0.280967238871671	0.285294155694149	0.355784592238215	0.298501920841745	0.318537106742599	0.314407068530563	0.0917898284758255
0.206301104715818	0.204179778778436	0.304726353782012	0.236628886780727	0.255612426324378	0.253743444493797	0.0500750266649309
0.212856598049197	0.218579768832642	0.328752653254565	0.245235624346295	0.273380144523401	0.278125263885711	0.0301120625949508
0.36381088227422	0.361204852114132	0.379646494346508	0.347781789830355	0.362819143714685	0.360484325395321	0.186298624386885
0.344632134672734	0.342588822102511	0.362677393301286	0.326150730150362	0.338574412663343	0.344355393512052	0.180581913139945
-0.239062971150815	-0.237872158697009	0.141958588956721	-0.121614747875357	-0.0664051192056517	-0.0722602083453079	-0.276031614517951
0.232559795380027	0.228089819413187	0.312700047811569	0.25343706719842	0.269281355354353	0.26756796755288	0.0808045028439988
0.313634823922525	0.313263238209541	0.345385660951994	0.304609265045019	0.320826233313782	0.317489843090393	0.155727546704039
0.07517862353505	0.0738978946603418	0.265484615374912	0.152445598013622	0.180495701742815	0.182946236969274	-0.0516548100847605
0.257842394858382	0.269692304469469	0.336798452546854	0.277838359022376	0.299322160857541	0.292369096955185	0.087927965181578
0.422328304881034	0.42606542442769	0.423051689435916	0.407328486610573	0.414434589429563	0.411143099115128	0.269091633533126
0.421162264011515	0.419680651094671	0.433342585781509	0.402994929765642	0.419817811539666	0.420400978250227	0.244249364294967
-0.325292972312735	-0.319969290821007	0.0205919703133786	-0.246709946005983	-0.217351308607849	-0.219263442261239	-0.336138830422682
-0.260749930076373	-0.258536942491958	0.120957754247172	-0.139526263588751	-0.100712379245198	-0.106676431558117	-0.286268805610452
0.26096262116537	0.268675615065249	0.337046424876929	0.278022983940814	0.294243919036585	0.294741079900419	0.0874982874095711
0.197566667003991	0.198837167312211	0.301738737216596	0.225633913823467	0.248182235729387	0.251732277097058	0.0476327711237029
0.147913524159031	0.146286936495624	0.262097122919786	0.182763496876146	0.207569173354724	0.205344502808273	0.0294660361787786
-0.0820683978214867	-0.0794454846517903	0.267435301327108	0.068921507817611	0.117024522768069	0.116574924096226	-0.199868768762274
0.483299871582701	0.479789448171479	0.470694048148873	0.462632277739751	0.470833245811694	0.468007436483826	0.372793560428627
0.359320397225037	0.359502785165538	0.379601801749537	0.349749739994877	0.364865464405855	0.36048490044131	0.187225753591637
0.114753979443044	0.11254176553171	0.267016084909954	0.16848312281956	0.195986189584247	0.194266362256592	-0.00588459226695499
0.533753229230642	0.535105314773981	0.524331878348354	0.521186447833374	0.524650117673748	0.524923126270478	0.458656828409885
-0.154777428070908	-0.153085107921328	0.224749841705068	0.00255894036020769	0.0456506726577955	0.0486258831732946	-0.235336499691426
0.303997148015207	0.298337309443319	0.364415047361561	0.309416754901175	0.323005283013698	0.323583810003652	0.10531708306324
0.1833182636284	0.175401008027762	0.318550595627818	0.226302406112065	0.256354374016965	0.254570815116155	-0.00413197799110044
0.0874122392198734	0.0872963139643592	0.287504269547643	0.163389389617784	0.203136586494845	0.198859672747834	-0.0606090114705324
0.365433005970615	0.364344617967396	0.387826108024268	0.356449471625068	0.36782123640578	0.365267036740748	0.184333190783518
0.327748927182923	0.334266498823655	0.353799215512816	0.321166539574744	0.331125369644758	0.328368019654597	0.166801989188219
0.226608417745202	0.231925745781404	0.294715490380357	0.231402811967349	0.259732362645514	0.256670299697001	0.0957859951364917
-0.225818408400216	-0.224512914000328	0.110233447513163	-0.122930318481855	-0.0823629910547412	-0.0858958262817476	-0.245593409137983
0.12471344369512	0.110845925229391	0.284013589599879	0.188578556595779	0.208969828245054	0.209979932373532	-0.02345911699801
-0.164545246263831	-0.166189516729492	0.191588878991729	-0.0303585081597021	0.0184725787493659	0.0111398795257432	-0.225174112040904
0.0883023458847298	0.0920311130019469	0.252509008148635	0.148325709021572	0.183286059075687	0.180076224678225	-0.0197609623785454
0.0989554101391212	0.0939399645851844	0.243782346138944	0.151569454255206	0.172713260228666	0.177680888413054	-0.00747420961622487
0.520597749519513	0.520843253973342	0.505702276732101	0.505612894997399	0.505317577222161	0.508117163429013	0.44306668550663
0.159339434079039	0.167407556431175	0.300926705181734	0.213253715557529	0.240129353774905	0.239940986574017	-0.0063124661667987
0.307211279628092	0.299734073240538	0.346674151445081	0.300358425177037	0.320486396873734	0.315036251813392	0.133579089418562
0.146287255546687	0.149185407958185	0.28469909804029	0.191046213302155	0.222129058970304	0.222579699453749	0.00623819626567299
0.0481827148927368	0.0341468930218481	0.273950829493407	0.139796644458435	0.179861862104402	0.176472374513387	-0.095476110933462
0.0899619993161586	0.0888807169703176	0.288975023387264	0.171945282443263	0.201066125744207	0.198169613519633	-0.0590585981059944
0.467048766533923	0.467454047001357	0.461447637570242	0.441004139781926	0.449777746106019	0.449630963200854	0.333713736339386
0.445951210627451	0.445663379298686	0.434695100427717	0.423945237973866	0.426738709259869	0.428079196222075	0.315699535689438
-0.0295882580992615	-0.0249648171859169	0.196730736364585	0.0551093251715506	0.0905619655280088	0.089342261501305	-0.0862606542722513
0.203271698579246	0.201054546764815	0.28658387072762	0.22768243321876	0.239911721184851	0.245375507760627	0.0708441210701516
0.284426373143389	0.289404372407369	0.336416201313935	0.286251027088704	0.304363508490169	0.301956742925974	0.120633090554726
0.312100449117664	0.310017541279534	0.344816772509567	0.298368860395226	0.314452569517903	0.314184465180965	0.15774189614825
-0.12421954415091	-0.132945549485509	0.190475156575807	-0.00160276763390098	0.0329888751521616	0.035829883822309	-0.18809223775634
-0.330467325006547	-0.321154797294999	0.0680848818948699	-0.220619559393383	-0.189365636718191	-0.192356234069458	-0.345221779457449
0.289877046048715	0.283765053976329	0.36131036404351	0.306281748384263	0.329071259646086	0.320721013192708	0.078775825738367
0.283108768955988	0.285754532322618	0.333731444445167	0.285482128679374	0.296657748850369	0.294844100327473	0.129433563215977
0.186294001478587	0.183700261309694	0.269896696563457	0.20981242564325	0.227362709329842	0.223835092106665	0.0676184706668138
0.489261338160076	0.48608354130947	0.474270391341058	0.465707386632764	0.474605978348619	0.469469405950532	0.370195818280003
0.337458283622326	0.3351714894707	0.377461615064835	0.332458283811154	0.352997238137645	0.349657951337187	0.139389984763028
0.202827843457043	0.20507344938293	0.308886298372281	0.233971314197563	0.25493208855386	0.259909937999897	0.0475882482497276
0.0387787381027742	0.0303028403360291	0.243490021121225	0.111248110772027	0.14569727833789	0.147161907940538	-0.0635320978894792
-0.202694023487669	-0.20762548481367	0.166154930884128	-0.0671099875334542	-0.0256582298364224	-0.0284875706969676	-0.248356337393154
0.244238271735745	0.248191713237626	0.335596285193579	0.268231639184152	0.28773174193251	0.285914616791771	0.0692048255354059
-0.245958689339084	-0.243931567897849	0.163999991625095	-0.100840019188644	-0.0542579284110863	-0.0513323122403773	-0.286371453578392
0.25156484325973	0.258874639918598	0.347967040310252	0.277729366913874	0.303437818273687	0.302133739140866	0.0508313440237394
-0.167755693598835	-0.163964157060892	0.17488718452918	-0.0345644656629046	0.00754809881014447	0.00243287295679538	-0.211932699668368
0.42482162228855	0.427855374319447	0.429327206027333	0.406918345379177	0.417000213548538	0.418815360262201	0.250775645541002
0.064853388220218	0.0620783452363409	0.264592778325575	0.147155859502496	0.17800302620957	0.175638125489383	-0.0638219955863146
0.256896753454367	0.249673641456359	0.345013411702898	0.27264223267572	0.301061376947377	0.301150218795545	0.0429969767316338
0.442075217533437	0.443704194042379	0.435028232610974	0.416385221662894	0.42849286445286	0.427391797626543	0.291445104338582
0.238372393541849	0.238057969027321	0.326181085991375	0.255425815810604	0.283361106820594	0.276446031450546	0.0587779205263236
0.0142431339350188	0.0200321483376551	0.264909825370961	0.117223892609938	0.160399173238958	0.155779124292632	-0.105374017641622
0.326353561575889	0.319918371293511	0.340562796282539	0.307354130326022	0.321312092038778	0.320391164945749	0.173151639256746
0.411438410649221	0.408228763699789	0.424446722655246	0.397299195801962	0.407965464729127	0.403522682471127	0.223275022907532
0.366027954548354	0.36666566285483	0.402478496940511	0.361642431238761	0.376016501953671	0.377824351673943	0.166494771530662
-0.0639741060809494	-0.0683992202294406	0.198921869743663	0.034148226839117	0.0766850565892127	0.0703505757483644	-0.130520329933518
0.282698355974077	0.274598817082558	0.345037367171338	0.286373128495806	0.306500503634519	0.308617202859338	0.102694251598504
0.452596045308072	0.454602174071031	0.440546125237715	0.429276760052133	0.434991967373762	0.433806738792622	0.313376983541711
-0.264475184552562	-0.258588344911244	0.140576009837547	-0.131545472192899	-0.0864892781933596	-0.0897023079903653	-0.292252162250718
-0.0880018669337354	-0.0910951956941818	0.174160264987726	0.00692756545566495	0.0434471494320262	0.0451944598816838	-0.138228592035819
0.37119048241655	0.370514154230675	0.383896030308029	0.352315598987914	0.364384461138162	0.366810610062818	0.20751504753582
0.431818741728892	0.428048607251336	0.421865849226571	0.405210184128951	0.41353669965829	0.412859249283884	0.29850235047173
-0.0176347990040043	-0.0170135049983452	0.276688035174493	0.106080514212102	0.153244015136064	0.159580505195144	-0.161110229039483
0.33582312439151	0.334299108032942	0.361612793647647	0.325997533212615	0.34052503493778	0.341900235997008	0.165145566425552
0.345225841705092	0.343866742848634	0.368244477673105	0.333852957738968	0.351125918612778	0.346463810805671	0.172540084293712
-0.218135526341887	-0.212191528622644	0.183676813217175	-0.0642964630468757	-0.0147463908521027	-0.0132910770490843	-0.264652653165201
0.456797532868049	0.457484273112658	0.45371993285426	0.433922635640918	0.445577415865697	0.445876526823169	0.300003939506371
0.591635205901904	0.588517653274111	0.586606037519811	0.593152937945542	0.590987022889903	0.589731106590262	0.584820340537134
-0.0498715039454797	-0.0528563149501752	0.211143605630175	0.0563049308790793	0.0864668056215938	0.0914265555854751	-0.121008180818853
0.170060188743962	0.160275506341097	0.29393587093889	0.210958523767767	0.23775825862056	0.23260909010844	0.0167610712185958
0.166145896847917	0.16880667921479	0.27267463847854	0.195375490796351	0.224312020422933	0.217426573302905	0.0399599460970524
0.42034296868734	0.418884237932481	0.423241004967696	0.400371501574961	0.410573508474665	0.406586621514279	0.245739350945844
0.267747717053459	0.27155973412266	0.335918768403966	0.279023960032441	0.301802019042138	0.301537274760374	0.0989666122841031
-0.0508894394084827	-0.0522629897595788	0.187815498952247	0.0399512304507883	0.0759538368586842	0.0737596908956685	-0.109630768431698
-0.0637113716364015	-0.068291577340055	0.202373194669149	0.0403212254271613	0.0728001517385983	0.082200942590321	-0.13130407923019
-0.0483288832986624	-0.0425748108505465	0.240635296481245	0.0720336891575034	0.114108455810605	0.117163674587036	-0.148492779471103
0.229346774511655	0.238153401882065	0.30771915514927	0.246984479653964	0.265976929958307	0.263530148445441	0.0805538320629292
0.319986866274378	0.315257442065839	0.366547228218085	0.315250413165045	0.332724859073933	0.33506616970628	0.120134415537219
0.298557637481904	0.302295269516124	0.348350297436599	0.303541927458316	0.321500919735095	0.317639972261157	0.123901101922721
-0.0796406734023023	-0.0806490152023872	0.23880363902004	0.0458393604069826	0.105933025450947	0.092749094846414	-0.177289203477856
0.40988623619414	0.41402094088815	0.41926538689934	0.394399855868176	0.40936584328692	0.403278620273101	0.242283205797436
0.206413630512599	0.205218585377471	0.311698749411479	0.233155759467523	0.261128103453047	0.261841410644525	0.0406092285947682
0.0376994218945108	0.0442829421773075	0.246024499280083	0.123879477407781	0.152050253971642	0.15296255972446	-0.0630698422286306
0.478871955766243	0.478794839013577	0.462978086757104	0.458083712605512	0.461665946534671	0.459955424502088	0.386464858866812
0.149258973662635	0.154787597809879	0.306989718803839	0.216290989661744	0.233064746234468	0.233373297867319	-0.0179460341737739
0.273571443242708	0.280458191930189	0.342133023316434	0.29032137233185	0.302516153747681	0.300163146471449	0.0937048581283892
0.216243919001547	0.20523776745499	0.293106915289146	0.22767513267077	0.253565113554557	0.250798316068196	0.0748981339560672
0.338139834602678	0.34084320003152	0.364093039826127	0.322058497699994	0.339596163763592	0.337429208306017	0.168720904067396
0.385727425886523	0.388202120613911	0.387115150664083	0.363579730494492	0.372415229652537	0.375489830235933	0.243122609448083
0.267924468871659	0.264226753648343	0.330765047759599	0.273481160622337	0.292710487000551	0.292519398279568	0.0971333394884324
0.302084082855647	0.298002732316819	0.356358770093177	0.306808403901891	0.318020494587555	0.320853354449716	0.110162318183817
-0.0394411697974219	-0.0411410844025411	0.205023009303469	0.057032291146283	0.0961016914135318	0.0884512741013496	-0.112783440314549
0.161690209484854	0.171228030284129	0.304604942197565	0.216991881118576	0.24677808830311	0.241677259171351	0.0055995578589702
-0.00154412001237046	8.81258227770162e-05	0.203785171389694	0.0767534285982519	0.109788533140468	0.106679453730736	-0.072337456607747
-0.0244105518494205	-0.0197517274905957	0.211790106845481	0.065221373690819	0.103698268297748	0.102058384561422	-0.0965250855580425
0.393813789987064	0.389739999391911	0.404519894764015	0.377841170685771	0.386917357033451	0.390190741089832	0.211468026269615
0.45172021891591	0.451061279841992	0.457185554471158	0.43565596747903	0.448335224417883	0.445709102930614	0.283953783317263
0.17270017932149	0.171883480464599	0.275386249992967	0.203625848926533	0.227642377917587	0.224163510443478	0.0452654327152615
0.378282231293696	0.379537522573829	0.401298541786541	0.363477916910325	0.380219080498613	0.377602221211787	0.184359017075197
0.389519510222512	0.395833388229899	0.390386132690257	0.373494118045514	0.384966476370698	0.38544065146387	0.24916468453356
0.45819009927716	0.462555388925819	0.453153369357718	0.439163488590855	0.443790016273773	0.448277424708438	0.308949373237322
0.066479603955636	0.0686012061554645	0.248303751120898	0.140197415137927	0.162815386658604	0.169611226368216	-0.0346862655942618
0.242982686903504	0.245763983888295	0.333659366138633	0.269774540457193	0.285864907034434	0.286333402948672	0.0602396738009339
0.47308688851626	0.469640192392655	0.463664868024823	0.453541273965585	0.459054082575881	0.453535916445878	0.329656891153132
0.171575118296271	0.176436935748058	0.298065785294779	0.214299019648932	0.233804961408976	0.235515410580701	0.0295131538597566
-0.217150559046937	-0.221564232140062	0.114555255759777	-0.112584312867724	-0.0745082793244967	-0.0770613921162714	-0.245256509747831
0.447268694009323	0.447038196411119	0.451906129418847	0.436105701991275	0.440522963416928	0.437993900255745	0.277590137545761
0.462811273656849	0.460719141092453	0.451017669403603	0.442849001140201	0.444195243111033	0.447839268119756	0.337011477660967
0.440617808419416	0.43911247697711	0.445853689001447	0.418450435148528	0.429756362476068	0.434247712621508	0.259555379112764
0.121624613083783	0.128467339110975	0.297890264882941	0.191190886516196	0.223918582114615	0.219631642647333	-0.0285372964707263
-0.0387950859926702	-0.0558908476767105	0.256773092727842	0.07473847486434	0.127373553207878	0.121506268179493	-0.159889150786019
-0.056970111093517	-0.054789559936339	0.232695964774789	0.0637440212929204	0.100845820353263	0.0913901052998745	-0.153770219396249
0.0627681318805428	0.065307448129227	0.225752779082538	0.126941007321963	0.148672168050615	0.14581140255706	-0.0222209104831946
0.369952452267538	0.370875939446267	0.384176589646746	0.355157656646078	0.367694186836782	0.36813531402487	0.207220427308462
0.521928195290955	0.523317343412659	0.513446205586099	0.510041491430961	0.5081285057516	0.509210535677141	0.446792611439502
0.238566217611536	0.243167122246189	0.345326367461514	0.265904472658036	0.29695600167393	0.292398292527463	0.0399774779085369
0.161697025126831	0.168661519151215	0.281948616559897	0.198912838921421	0.217489728494225	0.227794599995308	0.0337496586738323
0.452442833735369	0.446845159516635	0.4410935492136	0.42600242069259	0.432775794425355	0.434520830312359	0.302128348477762
0.0714470827546922	0.0588304823715629	0.299435362004649	0.160273535687508	0.201004434741155	0.199897904144876	-0.0889529300131557
0.514826562682804	0.515802877236617	0.503896616319514	0.499908585698246	0.502220211541182	0.505719894103516	0.444172874286494
0.429399339782754	0.427038703064248	0.432358215565848	0.405849479715388	0.419088617456349	0.420334326806341	0.245902352081417
0.0351423570793281	0.032592966028909	0.263509489703475	0.124081135468516	0.165568016209501	0.161161712978488	-0.0937957138503215
0.536168964882823	0.533022541042549	0.52613306542878	0.523153752573823	0.528637317237707	0.527673987360949	0.457065463581295
0.177383829448057	0.186247805397555	0.315758064115424	0.223792959154167	0.258801635446814	0.259159623990796	0.00597207872306893
0.397675612212398	0.397723177138603	0.402602374584452	0.376908513646746	0.390146632090425	0.390214262975795	0.245833296577477
0.0925577656278023	0.0925298658916425	0.271763957220226	0.161667176466009	0.196558080782701	0.190714616115683	-0.0390904940437021
0.481692172857522	0.482120583843717	0.478708258631503	0.462212590467774	0.473532227452266	0.471475517497468	0.3400577748864
0.567563643820854	0.565772196021507	0.559216021956861	0.561002772500361	0.560814371997098	0.560677646421098	0.537154274390843
0.189794899465748	0.188122423511225	0.276832672271623	0.210074702093977	0.228892067918139	0.231157198208095	0.0761444746157734
0.271866954465668	0.272660807619982	0.32903851639321	0.277143814761451	0.295154127044068	0.290213843156172	0.118825110673304
0.563100838950599	0.563186288906303	0.556578022343257	0.554851882242632	0.557551660817456	0.560665904467315	0.528349359446573
0.205380284043809	0.205468087140617	0.320908979806882	0.237225975773124	0.262738374718571	0.265891702351097	0.0261886137446592
-0.127230952050112	-0.122100283120049	0.176941952473457	-0.0140005051640081	0.0208419412223128	0.0228556430961651	-0.177953661982726
0.264683414496812	0.267227790057831	0.322285449830842	0.275132328864113	0.285593629730021	0.288286620102501	0.114269202780973
0.374544616087967	0.37424631311552	0.405354778293749	0.36608744104599	0.383912925962383	0.378825580111205	0.166244387171722
0.403603278215273	0.402390289702474	0.408734498174534	0.383544633113921	0.397696702878437	0.395008364610325	0.242344718169576
-0.024470303340682	-0.0245505790839459	0.214901434635265	0.0666546926667164	0.106389915817958	0.0981518563009205	-0.104516819403906
0.241311967938984	0.238874600501883	0.324846977585481	0.25718888018712	0.281809662847149	0.278197022908666	0.0704784681791953
0.203124907699787	0.203828945571559	0.315215274277199	0.235529554393319	0.259927320009697	0.261935090298977	0.03697767569299
-0.370584358856204	-0.375918617630709	0.133705797632869	-0.226376701717707	-0.170574556641417	-0.172399081844404	-0.401180394951185
0.623122066965306	0.624624050435625	0.627397623961981	0.626472974006286	0.627329576557157	0.629932471993296	0.650439868371143
0.113923711377329	0.104794226597416	0.235062473865202	0.154757897293632	0.177927213681514	0.17463345866104	0.0182226612473004
0.144063392413916	0.148161199693763	0.287555677151954	0.199419202787847	0.218633627244727	0.223716321227428	0.00515316656156969
0.563752623583225	0.56283590244534	0.556449473534804	0.554410860542537	0.552955253668653	0.556248984683217	0.515073711633796
0.271174151001489	0.275233729345625	0.328942644106462	0.279537135606999	0.299336697543619	0.293825039650157	0.109442722378573
0.438502124168795	0.441191807403717	0.434218021226521	0.417426021280326	0.42741263812697	0.426551751133794	0.282934180977161
0.55675987942695	0.555404592893952	0.549248647997976	0.546718488313049	0.543080809225233	0.548453270098139	0.505482544904985
-0.0983116628129365	-0.100099666039244	0.179044059084011	0.0114764802925447	0.0494444952255537	0.0371513158408878	-0.147196584832408
0.131041375462662	0.131094902162008	0.278118404545994	0.190455104281046	0.208412469853757	0.208520035627651	-0.00483764593019869
-0.137784530470255	-0.134232989013972	0.226791363045228	0.0158933117537091	0.0544753807194259	0.0573949131890154	-0.217505179331705
0.210906616309805	0.201826446024927	0.316706113827652	0.244966892639723	0.26999672090949	0.271339823955444	0.0394758371733888
-0.0157773666451134	-0.01915705962681	0.200540631537381	0.0664326247288059	0.0920720665218041	0.0930703920350549	-0.0810159441879711
0.515578861462216	0.516522880771398	0.503761338647946	0.498663944758529	0.501683613814477	0.502831944201578	0.424754021929005
0.521874997766582	0.517913852477281	0.508115566584935	0.503836673565992	0.506433659840365	0.507023774974043	0.436290284846449
0.39535822443861	0.392064705712698	0.399333807323287	0.373732878894877	0.387979394376598	0.388222511918293	0.215075057371086
-0.0596717201870773	-0.0617369001060168	0.210664736347591	0.0466282119391687	0.0876694234965942	0.081467681508417	-0.134505036946732
0.418367931155958	0.416350909734314	0.425674112004817	0.396023955539328	0.411744845829961	0.410472211040894	0.241875516420522
0.563072989520639	0.562626086749251	0.559886357004591	0.54829264109385	0.557171001785004	0.557124256658019	0.509497741832839
0.457604733016687	0.458888813006925	0.455065332774258	0.438599907316149	0.442072509378717	0.446161686491232	0.303985522477488
0.415298399011762	0.417154876405674	0.426212908538539	0.392376100236528	0.403816720935248	0.409354105354569	0.237642417490632
0.387703936082644	0.384834062891637	0.381543637606249	0.363275688611478	0.37162215092451	0.370684628721645	0.24567602818872
0.362147599082671	0.367988350288499	0.389879298080713	0.351425604177203	0.370220656706879	0.366115303254887	0.179127902694374
0.322915672547986	0.32188900836141	0.358560798841046	0.31359611772353	0.336179619049249	0.330227823053253	0.142779321151057
0.282588806996991	0.275747475716456	0.328776962292462	0.281799257235838	0.29669990020731	0.302005331400601	0.125701649123309
0.544193684383593	0.546919025996982	0.540855651896215	0.538206210925692	0.53741850564299	0.539003986503474	0.480907663015518
0.480485575142469	0.482237537187438	0.473695977685634	0.463736858328916	0.466552784552866	0.471144103741843	0.34252507239238
0.227440156786833	0.227973111177588	0.322690095088908	0.250147686517493	0.276648438691484	0.275348071314685	0.0481915631900152
0.200492506863162	0.193826261071184	0.291389153766182	0.216878690146128	0.243195016150581	0.239383946499852	0.0567884652642991
0.238043493293136	0.230381797028297	0.353712272391343	0.272851809608484	0.306084428670964	0.298347169161857	0.0231026764101257
0.15419200521894	0.156157362915212	0.29247762825553	0.204310781545399	0.232220499087391	0.232300632028814	0.00636123969398295
0.11194585174752	0.110186712060336	0.270025253950487	0.167835548821025	0.200944970299175	0.193800739609609	-0.01943167846823
0.209870212205839	0.2062281170492	0.299697539282257	0.232415627056406	0.247774401140196	0.253805079238837	0.0567111373484253
0.566500455745752	0.572924182938518	0.5669192450618	0.562974395262397	0.5683838421477	0.564973472710776	0.536975389496924
0.316448252527501	0.311970465970727	0.366101376257144	0.321681797321629	0.333294827860701	0.333359739401385	0.112867387871096
0.0996801736660431	0.108652461309848	0.255938961919181	0.156396042805537	0.177116909635323	0.181623629524647	-0.0149016121247658
-0.00240499226993389	-0.00252174124967875	0.218265859132436	0.0792652955345492	0.114486512483189	0.11423842987929	-0.0886786535650656
0.41472931244904	0.411736182214092	0.403264326143186	0.393430489322959	0.39806559114415	0.39876668244268	0.296450297373323
0.0711031327766471	0.0703155717003225	0.240946402620142	0.140602352082522	0.165370701169457	0.161838876179087	-0.0343786949115887
0.436557474047666	0.437985255902465	0.423535935923131	0.41689659107916	0.42113422400968	0.420358627969693	0.317251866342435
-0.0858682776307717	-0.0756690636885289	0.217669165081881	0.0378743930628811	0.0789055876117104	0.0803229724086662	-0.161751181423536
0.108167966811583	0.108614214191789	0.314066314478792	0.190392650004851	0.230513145014613	0.228197997465427	-0.0725353209388531
0.245409460884093	0.24420014905211	0.325516916469915	0.268227290681751	0.291677890013726	0.28343710487735	0.0611346043968112
-0.343707998889054	-0.341253912258075	0.103817253615879	-0.211737631778237	-0.16887409460996	-0.179434894536939	-0.364170648220222
0.0879854402545454	0.0831191715526943	0.254766256793772	0.150480905477692	0.172879445682467	0.178748239297537	-0.017307170799058
0.478351980715915	0.47308549920325	0.47245053199899	0.458439589855149	0.466973823327459	0.463464685330915	0.308830804445618
0.47348372229253	0.473024529046404	0.466740347975581	0.450713391092774	0.462040535110123	0.459988983674193	0.353541322183732
0.186971838446792	0.183318719003637	0.256492882481169	0.19950784398917	0.221796633750146	0.217479145559563	0.0798140172853957
0.402444269929501	0.402696272449705	0.422501177961492	0.391023658466821	0.404769788081604	0.403455595953923	0.211000904991183
0.30447149135298	0.306623855695949	0.346959869514359	0.297403979395452	0.316082377376777	0.316609464648467	0.141528219417178
0.421523309067059	0.42012803325784	0.422555377400201	0.398299923344638	0.408194674899049	0.406645944673324	0.273021809135768
0.342311156242096	0.342897391848693	0.370252682309789	0.327494577749411	0.342425189327363	0.344968655150478	0.162697814383685
0.211431853292107	0.215114673538579	0.310337725236635	0.237370241255393	0.266625525422983	0.25848505850346	0.0550720847634053
0.153289408801306	0.154398970957461	0.275981130356998	0.196285078545141	0.216193800436381	0.21715848964814	0.0212658206008096
-0.22077977440674	-0.222844544665675	0.144396998880167	-0.0961967510026551	-0.0509065341370157	-0.0592599848318916	-0.256208297675686
0.506654589378385	0.502614363128902	0.493330116828655	0.486473256010718	0.495753757155302	0.488136929135007	0.401089579980064
0.308200468789639	0.31646807621549	0.361136329160251	0.312734223883322	0.333148606133724	0.332951593694851	0.128847767459193
0.489472423126222	0.489730981956599	0.477728474400158	0.463451673223293	0.472114505077358	0.473572160560646	0.375840890315363
0.132348294825238	0.126478361689057	0.291126271855302	0.184519858454975	0.21470557859173	0.209314381727959	-0.0245472502730908
-0.0907607668380024	-0.0897412189574652	0.199226584071505	0.0233378799430992	0.0641824722629433	0.0597991304745485	-0.151776820984722
0.263553474148707	0.26280454091102	0.343868089508459	0.285099084189324	0.306122218954908	0.303181163363614	0.0763441937124109
0.404860785674907	0.406355016805448	0.41654898387778	0.392458657515139	0.402116911747618	0.401958379093318	0.223530283058583
0.469572596477799	0.473097531974702	0.464755416796486	0.44734105883871	0.453092739038977	0.459994954974478	0.320216062231671
0.430580086468248	0.433325667591588	0.435015028045526	0.407188492566159	0.422205840742137	0.421687153409326	0.252850864818542
0.498354217093401	0.502560091423368	0.493495703874539	0.483775428291412	0.487863103925989	0.488319471278417	0.390607133012835
0.55586892921017	0.561488042155102	0.557612205377341	0.550572985507561	0.553630220846718	0.552904816704205	0.508462112877811
0.45230718866039	0.452854632623568	0.44438554398049	0.428344919810519	0.43807875353543	0.441088932905449	0.314608266712371
0.0668423233353239	0.0698061441305591	0.250214273218968	0.13797039658516	0.169791649152676	0.171246699339055	-0.0392008693636287
0.476890065136184	0.47744888364524	0.47531897961558	0.45878238400911	0.46802370806686	0.467601098047158	0.320401372739727
0.275580312602506	0.277534848520825	0.334137875256951	0.281167120515288	0.302865009789464	0.304942822008523	0.113819057187337
-0.094942320966831	-0.0962547540280049	0.206548366825324	0.0306525032379402	0.0686457631528564	0.0654185673350435	-0.163514022663069
0.102444633956341	0.106705146451293	0.266501225744192	0.165760470067806	0.201590515415628	0.193007052874437	-0.0168015324605422
0.462584557823089	0.462588607086572	0.4528685316918	0.439452276331091	0.447354723217556	0.441093846568318	0.319851389725738
0.227992482858846	0.232240267538528	0.321564900092477	0.251346157602752	0.276900222675793	0.274318917306861	0.0619908153472284
0.402598738976892	0.396311799706904	0.407952355214949	0.38053686137475	0.391945125922204	0.389354416185456	0.228786974000613
0.0736768144477986	0.0698510427447467	0.26869169941262	0.13853647754164	0.182130411181904	0.183336588285981	-0.0581053128984274
0.362022278719248	0.369749054393726	0.386160979684587	0.349127031842191	0.363529072158016	0.364202411549228	0.187181743526033
0.363562652970351	0.366073029851056	0.404312420583671	0.365043540498274	0.382568231749815	0.384041854742086	0.141204306833054
-0.0434598992118281	-0.0408958952539358	0.152005795357666	0.028758820085878	0.0543029167008922	0.0486337109583935	-0.0815531851897659
0.16712571785942	0.16218163481638	0.281972286125964	0.199380342580736	0.227742871361462	0.225472245012279	0.0296664626375421
-0.120956150580971	-0.123210931990447	0.168476105976479	-0.016744724298771	0.0250200200801819	0.019637816152102	-0.173829100623624
0.377878896881481	0.373065180759544	0.386976197873747	0.356176638033268	0.371029132182024	0.36586030053029	0.205277356225978
0.286613206113679	0.290820641475386	0.361096283855348	0.30146371955725	0.319032567659289	0.320466067582631	0.0819766878573738
0.466310879989582	0.464332177116614	0.450648883806261	0.449014899489113	0.451995510052979	0.451349364288527	0.362209804780432
-0.266884818001936	-0.268961095902778	0.0969918907775566	-0.168533464825365	-0.1266125440754	-0.129962567536896	-0.292247052496423
0.101436144442025	0.10082736274307	0.265399067729016	0.160653510160606	0.188957198973759	0.185866169868719	-0.0254723355630705
0.479749798260022	0.479038078650349	0.463250517794975	0.463537541904551	0.46632596144967	0.465807186049244	0.393646609150598
0.558534335799353	0.557817351130711	0.5525648358275	0.549075171838951	0.552479509986908	0.552140804399791	0.51061933223358
0.0857411489403683	0.0844920719474772	0.265442192161847	0.155902248262585	0.186434986849498	0.187118071917944	-0.0411608871828343
0.410306573373615	0.415202820282675	0.411860593261338	0.393635443184812	0.399304510104586	0.39757944680699	0.240224024818786
0.185026577500267	0.197423323071743	0.279491834384201	0.218926956328521	0.233419525680339	0.233446687014272	0.0666245212547971
0.333421718908517	0.326419445436352	0.361278979510371	0.31717741372078	0.334011839025754	0.332332425603219	0.157093997864985
0.0998855117549158	0.0952263442024922	0.26177174583538	0.159208437015963	0.186824918229064	0.186488855117342	-0.0244245570367075
-0.127474630923917	-0.125525833286834	0.181977057045532	-0.00765890032823037	0.0296895216312046	0.0352246969845958	-0.181832649436987
0.0945798888422379	0.100337321327411	0.271824615846855	0.166489274605489	0.196098397905771	0.195323977206997	-0.0299401612332066
0.184499561602387	0.176724955606982	0.286956926332089	0.217597982971772	0.235012688119955	0.232582448755164	0.0429758584363948
-0.276789115391645	-0.274365725907413	0.0757567951853644	-0.172681740988748	-0.138936464084348	-0.1501279746241	-0.290922169635984
-0.0805652995355017	-0.0832467135325941	0.202197757835512	0.027994252910158	0.0692770534617277	0.0678198301076339	-0.151047621234618
0.355010197005409	0.351862270541337	0.386738252459854	0.346544427267827	0.361032985080159	0.360430350900249	0.14863263998306
0.0780808006633011	0.0746345277316173	0.252116246184999	0.136291465747562	0.172595738569196	0.170195043326441	-0.0325081315004704
0.45715488559306	0.458341131783327	0.444636816946412	0.433704640450602	0.439274466979574	0.438434652087381	0.328021723491812
-0.0533071346531546	-0.0504291995487519	0.195888301583389	0.0439087236638186	0.0861431900000447	0.0743379051329506	-0.114137049455846
0.497588423054222	0.497523047294881	0.480689239255705	0.47707047715463	0.480590412496888	0.480797848822864	0.403914371454628
0.348180908737619	0.348772428006833	0.36000331110828	0.328843535271866	0.34207998606272	0.344327984261848	0.187401699221728
0.468841855250706	0.471479306836927	0.458087268040369	0.444845125368852	0.450509220397479	0.452502661294887	0.340163743017027
0.565077391660605	0.562774264436264	0.55744674306532	0.554313899541087	0.55480948020459	0.554887233978375	0.510852124900884
0.33460256868578	0.330497539427005	0.35659851724805	0.322463406755068	0.329810861357433	0.337892632026399	0.170740022103077
0.202069421979844	0.212139206935151	0.300608874094287	0.221467688206556	0.251603273177606	0.247586250982344	0.0619080947437756
0.271812940113661	0.271852811975469	0.331571400893262	0.276607038152025	0.2951169659481	0.292462135888543	0.0983933109982308
0.302424183560867	0.304422956491579	0.328911455562719	0.290168847100634	0.302158517857178	0.306906187544632	0.164753480902154
0.507654132679187	0.506723403224999	0.493260166891686	0.490494595981658	0.492595584878344	0.490355472871514	0.428346015261612
0.499246790398166	0.499318311165065	0.493690393491983	0.485010110185514	0.491382833736039	0.488639440039555	0.381985938832131
0.591457781845433	0.598912799609546	0.597119452021131	0.591871995279602	0.594972320730804	0.594063431401712	0.592155998620694
0.260286910364428	0.264110307298733	0.328698458234391	0.271368701402114	0.293971792374539	0.288462608944795	0.0895777346948639
-0.149763799100741	-0.157642598230754	0.146443931841563	-0.0380719200465583	-0.00306095081897684	-0.010507298347778	-0.185199447368476
0.221197036577651	0.220440301033217	0.321453640744339	0.248947945595112	0.268801091420432	0.270540467896318	0.0533699335052209
0.172764940496853	0.168468342241317	0.260212947120076	0.196091452535033	0.21493106561113	0.216015806997408	0.067187264257203
0.489163452113807	0.490288470238919	0.478785731679958	0.47082820038494	0.475869125663605	0.475314511175631	0.383247422713276
-0.0113255620584059	-0.0159589943886814	0.208898110633414	0.0739137582481854	0.10260656790616	0.100299053961555	-0.087516609685975
0.506315766706899	0.503513725769554	0.493206756640824	0.486908620222702	0.488434665723373	0.493771851675747	0.397727661435516
0.325932036839319	0.32781968559126	0.35620367182155	0.31633679022649	0.332013797591391	0.333596697614563	0.159289994312536
0.410213274128583	0.404399433968936	0.413652784439012	0.389749482136893	0.39912217348567	0.39541053326727	0.236364886975925
0.543599073923765	0.541365484329205	0.534541302323058	0.52712273204891	0.527138814569511	0.527752709088024	0.463195266547017
0.32421416340643	0.324895261724804	0.357237433845317	0.31865758815268	0.336799948470149	0.330338557458603	0.145726132921183
0.0891826742427903	0.0975988067932336	0.273019968893528	0.16409461927228	0.194437849660605	0.190022656745111	-0.035819000963595
0.373069093116049	0.373084309566558	0.388470137075564	0.357800255556239	0.369660502456427	0.368051992953195	0.203200756342652
0.477285601827556	0.476901087979756	0.476065894650874	0.45610405747425	0.471448828331099	0.469396142688619	0.337648964987158
0.481881762820561	0.479834045938597	0.478161889114906	0.460018213250239	0.470385478160499	0.46717982500101	0.312334944931562
0.527956158988871	0.534268465432126	0.520884668465378	0.517480253694954	0.519506919632404	0.515084810456434	0.447442891222739
0.141586858391569	0.135741539180001	0.286629180822369	0.18969503159679	0.216257192208203	0.220816349207346	-0.00291554575909976
0.0914658336756481	0.100731213101842	0.262878006604747	0.15694105366846	0.182595711161806	0.182765814405982	-0.0252573583662269
0.114382334016978	0.120134755549862	0.271519345292372	0.175514461886771	0.202926615760064	0.202051572625827	-0.0150894558502787
0.294849933331932	0.281388805401986	0.329497552042084	0.286446884848622	0.303173671485193	0.301156234293744	0.137368807637099
0.391018671741225	0.397414439537672	0.408659290045032	0.381100102636085	0.391428639532854	0.386737686748607	0.216367981692192
0.220169971363128	0.223994319748861	0.274501208024522	0.231388428423277	0.245257108191458	0.242480272629562	0.116708923751657
0.250719493685345	0.244848485145458	0.35083865531802	0.278441698280177	0.304827790689031	0.298123413783107	0.042356254046788
0.0311097093226322	0.0285308474151023	0.2451172412383	0.118300062964542	0.146497582653968	0.148820060255173	-0.0714304879214558
0.299994872657233	0.301956560508208	0.333178386235293	0.296721501304262	0.310650351309771	0.310860850124089	0.154942705060973
0.36012683033158	0.360672643786446	0.381317395374175	0.346908525352999	0.359388263455129	0.360523324614585	0.180547626171636
0.211820357481539	0.206707889040693	0.298318311962188	0.234283893879445	0.250380232982065	0.25238037943596	0.0706152132610424
-0.115541581614717	-0.109344566815005	0.209423115482407	0.0145745916811339	0.0592154605720204	0.0544339401610983	-0.184785111812886
0.657834486087928	0.656996612040241	0.66500623078392	0.671368246575499	0.66726298510702	0.671210782068923	0.740408567415772
0.461916819836104	0.462047235820353	0.456592931218513	0.441128847527958	0.45215109085444	0.449184211678375	0.302694242776217
0.296636392781046	0.295504750943227	0.336489520553524	0.289522272356941	0.31017859693303	0.304417173458229	0.147443460466004
0.0695028357240505	0.0720937476943635	0.241738861159216	0.134001953089682	0.164805780813603	0.15958045100847	-0.0275031245575755
0.554535837784856	0.554098486498848	0.551323021429615	0.546212123044925	0.549227072002315	0.549487930693128	0.500789001249775
-0.150502373311329	-0.151538053981212	0.150879059977382	-0.0451053180844051	-0.00114068614061899	-0.00954330288905275	-0.185811499947823
0.497591538819404	0.496660241619793	0.487543650223044	0.4772082825219	0.483120259068129	0.485311923607333	0.383957523255586
0.213439274205863	0.215038582913645	0.314325030733121	0.233920087548752	0.260359376091541	0.264328575580764	0.0515138573165748
-0.0641164951934341	-0.0678902034721942	0.201622194005915	0.0370220606030117	0.0733778459413763	0.0759084650038839	-0.13089081387401
0.407303068012991	0.401835852291939	0.411192056677668	0.384425831777972	0.395564848196632	0.393162018699914	0.234579853921804
0.675933722209126	0.676014643575536	0.688798127407073	0.68920867085394	0.687860788849573	0.685050065467627	0.769500575857391
0.477887983763884	0.481739386399934	0.467638895032945	0.456809165645145	0.465287814181569	0.461622889242061	0.364704295795857
0.329558816793299	0.338501011960908	0.354054493168905	0.317475950969631	0.334257449065794	0.3316058130348	0.183166877178622
0.0197154409412876	0.0217254880054914	0.221774124642811	0.100572240885067	0.12906823425407	0.128567992048625	-0.0615511198098085
0.504165953426097	0.507578238085909	0.49412256401432	0.485115027364015	0.49264204314858	0.490396810397532	0.411722606409642
0.382772667322279	0.379194759587904	0.399140319487045	0.369872563484687	0.379080924660794	0.378470024878759	0.203800384982424
0.496251124653652	0.493867949485086	0.487371705317064	0.475559239232919	0.482349076449189	0.476941073398197	0.381382501936937
0.184689474859122	0.179659357063231	0.301421144773561	0.215809434505912	0.240339739552126	0.239223080256129	0.0319637938189546
-0.258966752225375	-0.259120906672932	0.101825432056403	-0.161053643741436	-0.117709064012126	-0.120842532928786	-0.283640728357401
0.515281805384405	0.516930224771314	0.506701804695642	0.498186959459626	0.502764858271811	0.507422026022178	0.406726343966914
-0.258219467953407	-0.263204820696626	0.182229141192101	-0.0995054706610681	-0.0492667777790652	-0.0499486021228339	-0.310890963818876
0.126706638028069	0.129258655115384	0.29712034595912	0.194958051671922	0.225345088332222	0.22464531290612	-0.0321962563415722
0.292061808200421	0.289114167051677	0.354283921386751	0.295005226038872	0.317064294494594	0.316811138992351	0.104575161636734
0.00692544090264597	-0.00385284003903266	0.237316515889363	0.106351441210371	0.136795116047906	0.135464752840348	-0.0922237080023836
-0.0975409206471771	-0.0982425239904704	0.233494901572673	0.0420805508059669	0.0913183528968868	0.0856538183665407	-0.187792074515264
0.429307021013578	0.427083125387825	0.432791050151577	0.409379617003851	0.42068621624153	0.420367289775469	0.261544284845589
0.255605090300659	0.255816721258324	0.307771615710077	0.259021190747808	0.273580554143061	0.273811747553123	0.114412118388037
0.338262909581594	0.335543151416227	0.364658702701329	0.328072028650705	0.342922591532693	0.337022196101055	0.160856540644551
-0.318107895341907	-0.325397893653372	0.138394305605445	-0.176894770472433	-0.122921382022564	-0.129344612128481	-0.356153810975932
0.239475223395607	0.233806022471072	0.320764351095538	0.254163183805332	0.278806366722546	0.279245019474972	0.0667117568814729
0.419391913915819	0.421858636165441	0.411537176257236	0.396027810072766	0.406811385306654	0.404375769342128	0.274064080105586
0.161994872177261	0.152768141810137	0.299723691883377	0.205272458115096	0.237586593361499	0.24027858201785	-0.000204886355234304
0.284996461108395	0.284433325470423	0.368407129136574	0.302927310078243	0.321109139840093	0.323461061734109	0.0748779698967418
0.56608280763547	0.567295070444969	0.564799740044877	0.559833312145999	0.564353189084562	0.56069903948907	0.524751393326379
0.0779436508495789	0.0648486436314827	0.246322144571486	0.134932410247239	0.178654985666113	0.168341166883099	-0.0331984517663369
0.246752958052044	0.242861962120975	0.339828612426054	0.263148778498802	0.288877184963448	0.289796153588674	0.0453063423781854
0.0635319093088418	0.0597649681219795	0.235616862586637	0.123470038024191	0.156367072665161	0.15081532600641	-0.0384998789217078
0.250321217922716	0.243939808808189	0.346447170396865	0.267694436651745	0.302200358436428	0.300310952695238	0.0491476982287117
-0.173727559905683	-0.176093103246097	0.127576614488554	-0.0690616923203556	-0.0441949620050204	-0.039546356079521	-0.206309042294264
0.413454359307602	0.408064676039908	0.403943353164381	0.387896878407449	0.397455889794134	0.397427968689287	0.259957334508244
0.149443719161548	0.155893112639963	0.308781992000449	0.214796700526525	0.237064483021183	0.241596151882974	-0.0132598792131905
0.38568990877831	0.383327288583125	0.39072872380382	0.365651673093384	0.377576119077147	0.374006657256793	0.222565401534725
-0.199502691249532	-0.202202115840396	0.0716341764961129	-0.127366258692673	-0.099958823710003	-0.0977515736657207	-0.218563867975834
0.245446462227409	0.253737298581806	0.333460255824586	0.269227702659234	0.283061778588483	0.290641229469838	0.0750101181377611
-0.0737436143040577	-0.075297089248624	0.220806779545294	0.0374924951531863	0.0791359242460148	0.0857299909220127	-0.155255233864125
0.161699371803349	0.152544007332428	0.267813516546454	0.19316033124143	0.214476711051433	0.211285499164991	0.0413489798389515
0.373939209492175	0.373953360185533	0.381312381040442	0.352931529787084	0.360706826510379	0.366010663829632	0.218139693596738
0.20686028982224	0.209836984841592	0.306491028180246	0.237654891234209	0.257212007190962	0.253027396530413	0.0518375761871417
-0.115753377796633	-0.11862642285631	0.154998740018948	-0.0200831604538866	0.0209850948051277	0.00886532253091647	-0.153108918444175
-0.0339769626522542	-0.0253641742315149	0.231923781225056	0.0754234559268205	0.110094811155619	0.114754902139188	-0.119179428048577
0.415330343387285	0.411607620009516	0.404235779398157	0.389792436851663	0.396335428786122	0.395204053302089	0.284783028353614
0.206096685744885	0.21622398097624	0.313189085588552	0.239537277799064	0.262915034204068	0.261507212071238	0.0474008888524326
0.190578742813216	0.193169281718679	0.305710458101017	0.23057899543358	0.247806228572451	0.245987048355206	0.0289194760345249
0.392594981280591	0.393415078366676	0.401482383794128	0.378260178854939	0.380570266158572	0.385309981973193	0.225184719619742
0.251920255136364	0.259044954525265	0.326581669169425	0.266838307329098	0.285771027064918	0.288669060682723	0.0757611999431119
0.125955830206459	0.129116126685186	0.289535752176894	0.18248995821868	0.218789820001579	0.213125531222962	-0.0179468363166093
0.259933724440891	0.255662682809913	0.327797175547843	0.272857743333879	0.290109451716342	0.289059182664056	0.0952827526231124
-0.191330269369302	-0.190279046231761	0.216972240187705	-0.0331460078442948	0.0249465229526758	0.0223186293184952	-0.26542537701629
0.453667502869876	0.451609025902412	0.438760260979869	0.427615682895484	0.433037322196992	0.433049982850128	0.328333312080943
0.433596857001028	0.432125608992846	0.422210263796391	0.409330002986226	0.415298434669326	0.413820762466986	0.291366096910721
0.373532910345388	0.372419790169409	0.414367955801008	0.372711163532156	0.388731672141994	0.388782384805836	0.159752097431283
0.163055521753598	0.160898169381098	0.270304045523873	0.196946645782802	0.219180606917655	0.218421996918535	0.0354627807854631
0.299585153545933	0.301958016834545	0.340048337838395	0.295727004109878	0.311711486768548	0.307981511903097	0.146026220262488
0.573187604547616	0.573852476445596	0.569771629103118	0.571942829741536	0.566683266098566	0.566543842121734	0.536371219236164
0.162062004635571	0.162401936033723	0.302223747881848	0.212840687696775	0.241329017151661	0.239129673383525	0.00411954368330394
0.412873692452065	0.409800896332957	0.412686282728584	0.397621650821324	0.402019136880644	0.403512599540688	0.24529863281494
0.392993355558598	0.39622421340486	0.393494040735759	0.375035733792633	0.383684436894929	0.382704950224385	0.252868079654175
0.454789387360076	0.450250931719655	0.441270497219764	0.426732831063283	0.437991597720228	0.43583154827024	0.310002960917196
0.293225196954279	0.29808325908537	0.350833042844762	0.299148309026928	0.315245985921758	0.318444349843853	0.113151560298115
0.379635736328927	0.385542451500774	0.409819616479562	0.375364373656235	0.395309435083488	0.386419191389543	0.17777291136759
0.394931942269659	0.394950453180917	0.403471952744945	0.37810357574973	0.384498099715718	0.382984071603189	0.218505366472025
0.423408423111809	0.421384374669556	0.423152442020934	0.403000409590473	0.411066839843868	0.411405619327488	0.25636751297857
-0.0791115170063805	-0.0779139885043287	0.208778828198585	0.0346100153767719	0.0723165749673521	0.0720764940261609	-0.147147744806188
-0.103916744902638	-0.0991586159600509	0.151590635560419	-0.00748544472352743	0.0169395810117036	0.0168166755382442	-0.139298107754081
0.116486736371233	0.111395678544916	0.27144919878657	0.169758833670208	0.199506351653363	0.19744072115584	-0.0183323542741697
0.19062136750401	0.189933562243551	0.329094793248346	0.239622713831683	0.266550480336279	0.267834778080405	0.00798635075959205
0.486973399721934	0.487874925676416	0.481190155223195	0.471545084355138	0.476453896149318	0.477526512350305	0.35395892463349
0.310625627120975	0.301473734868881	0.344553252520676	0.29753801647378	0.324701793552724	0.319040865788942	0.134009057486152
0.506589165129957	0.503550898178574	0.48871085151342	0.489372491199476	0.493903174328844	0.492116700735565	0.423832452856307
0.0209233635461188	0.0164611571853585	0.241461562204675	0.10992000235125	0.143667337152034	0.140598617695462	-0.0801571140798227
0.270666799898238	0.273325313754399	0.299457945876007	0.267440898682827	0.278246860837129	0.279571013934113	0.15759612969606
0.498721943459216	0.498991133194789	0.482584857571673	0.482246391940139	0.486654670991867	0.482034330199703	0.389668173873759
-0.125206668452381	-0.123371255538187	0.225513480499692	0.0232364320989256	0.0738431262886242	0.0667523689194928	-0.202744723035659
0.0757917317057391	0.0825889521780378	0.257679389737694	0.153535652772929	0.179551595514732	0.176927107613258	-0.0393867891871011
0.477551075613337	0.481593934991832	0.464567133530397	0.456784254768691	0.4586035940419	0.45600154578747	0.357656598625971
0.185660128386076	0.193205975980472	0.272516286615303	0.215080065518268	0.231230037227222	0.232583835668591	0.0725883111167387
0.310940292321865	0.296747719967	0.352663239638098	0.302258661966884	0.321054845966451	0.317513607477253	0.127452757531742
0.187433245310783	0.182966449509988	0.281057020563841	0.214108443005922	0.238251471023841	0.233480981099307	0.0565142402124534
0.198147766681236	0.192638070268359	0.317515653060623	0.234162371454857	0.265143970254022	0.267219320258166	0.0300786506532224
0.508590786647581	0.509683404795388	0.500544155125727	0.494455388280071	0.5020486185713	0.495931238950283	0.407580056684333
-0.00772881230443441	-0.00802800162116793	0.234730770007028	0.0921279045280846	0.128720804921321	0.125092845044036	-0.105207342715568
0.323175708838078	0.316518516251812	0.352831649682111	0.312903380386235	0.32849919897515	0.322209456765503	0.154094299015787
0.346664617082451	0.347281324507968	0.358500894473184	0.333168506976347	0.340796479491801	0.341331886718552	0.20494441607416
0.3758118253562	0.373368215887119	0.390242627953046	0.352604027978826	0.367513465166375	0.370648662209278	0.182317433881127
0.118894012242613	0.117239207112784	0.292452026159336	0.185057201384406	0.220679654640673	0.208578936397831	-0.0376092312490147
-0.00630632220205714	0.000302227634027875	0.221385148115197	0.0899743919702169	0.122199830762335	0.120919047569272	-0.0818142379311597
0.214951745133186	0.217914898883828	0.319226493108932	0.242543773481273	0.27227931735254	0.266322650088416	0.0454615591490198
0.325733932208125	0.326706897715736	0.351588795418568	0.313747504337835	0.328589533796913	0.327321166026588	0.157016011318454
0.407823654551115	0.404152900192768	0.408426515276203	0.389363435646776	0.394226625566913	0.394236277955666	0.24796256730862
0.0371672574571481	0.0342276326106177	0.247942738919452	0.121901360476438	0.154669622137609	0.147102604544847	-0.0738843350380975
0.0611484515786264	0.0724194914118057	0.29910877234374	0.173258508877926	0.206818776447087	0.202938022684223	-0.0969324296100278
0.190012439575843	0.193928555394492	0.313254693923371	0.235536122135041	0.260922123546739	0.254191561633019	0.0232672400312661
0.525938827917761	0.52458718161159	0.513934966501507	0.51413997509323	0.517318938737476	0.51403121623344	0.457809494351599
0.0702929189868359	0.0655831219659445	0.25207091791682	0.143645610688389	0.169553079383102	0.166870158763197	-0.038631797440533
-0.0599831961433608	-0.0616386183324819	0.177994813378056	0.0276060700038941	0.0595965318518306	0.0684697671467852	-0.113274565729411
0.157792393288622	0.157451706437549	0.296908488293555	0.205451502291351	0.237588360805785	0.234690293635707	0.00402609819290768
0.0941355800062409	0.100152823439003	0.250416142809216	0.15497536501936	0.181188642939767	0.185320713685621	-0.0113264913921916
0.378553349478808	0.37213259728047	0.389928148571835	0.358662779772756	0.375540288191522	0.374562872698968	0.191663642712073
-0.156999887557237	-0.155236711751832	0.203780673618235	-0.0224067967271878	0.0256684416759985	0.0279243289574651	-0.22288599056604
0.350893201797736	0.353949054506894	0.383978669272101	0.344859296584866	0.360670173833224	0.363038388623027	0.166424704191915
0.274050445727474	0.267898665973063	0.336458358201735	0.275916047993508	0.300501952765693	0.297187833730709	0.103611595458097
0.436149207174516	0.43432344546654	0.432949236047567	0.417797220191145	0.41955121195406	0.419436709118827	0.293247967540934
0.310172170727173	0.307514158728556	0.355389324620354	0.308718724307257	0.326637149212943	0.325015561394005	0.13366779764787
0.137708729442769	0.143222309505583	0.295266840687347	0.199046090075395	0.235981020109784	0.226687326275441	-0.0161241774026764
0.0218730954004775	0.0216309489018026	0.254444881540808	0.116011218749846	0.159657398310165	0.158767747978444	-0.0916765382726352
-0.307725182829835	-0.307107362022274	0.131132542230578	-0.174055889968087	-0.124483105134044	-0.130729356061818	-0.336060901061265
0.283283746242246	0.283943566207912	0.338668405390316	0.287325602948891	0.301421611594726	0.306399793565867	0.111014130385892
0.478597018310888	0.481781448725777	0.463962324641567	0.456813252838	0.458908714383781	0.461251035581786	0.371954552801116
-0.103761698275941	-0.105537584151811	0.151026656479921	-0.0125437553537089	0.0208330609264804	0.0208285036828203	-0.143695289073997
0.159870093312269	0.163217183872177	0.307471381219634	0.210154096335773	0.239587705562283	0.243857149776373	-0.00753761872756179
-0.289825784930777	-0.291879826634347	0.0974808053927223	-0.176613789683051	-0.139825737946162	-0.142451074511827	-0.309983232536302
0.408385116137344	0.405424503701479	0.41741164211524	0.38776777416783	0.400939241806955	0.400724312430567	0.229363719086611
0.0509888945022372	0.0510136044189383	0.301328680697565	0.164180109294336	0.206705409769081	0.200160084597233	-0.114142621302144
-0.294970652907013	-0.294041510946703	0.131461488815	-0.162739717079644	-0.111071472827391	-0.122301410296285	-0.323014095217301
0.494963472861413	0.492036651075279	0.481937702304441	0.47461397096488	0.475862229655598	0.475990458396573	0.367036952768918
0.158625623456555	0.151695148981857	0.270639856067944	0.197892019630978	0.218139490280276	0.210560525091233	0.0361900573290716
0.301825159819949	0.30425574129476	0.367172437798255	0.316475051846552	0.331642537873647	0.332655070599129	0.096185965145398
0.184618525601642	0.184315417984116	0.30027966651671	0.225867757254538	0.249803876046293	0.247450367905742	0.025151271035382
-0.0068832636377524	-0.0169117818758892	0.265811350396159	0.103745487293673	0.145663076750715	0.150209678923731	-0.134406092517342
0.223365734502947	0.222944977325135	0.310338819991842	0.247602154657491	0.265822440843328	0.269530223526907	0.0714275736862502
0.264890650978017	0.264021890180609	0.330793432670254	0.276993605459324	0.297147941881895	0.297255053297579	0.0852548616325039
0.288137083100042	0.277659580319583	0.340335118927915	0.29186987197936	0.306515274890057	0.307745307231359	0.113556628165578
0.117719158843651	0.119308690680396	0.272618267369135	0.176651573638988	0.201981430960084	0.201084588892149	-0.0100579352018648
-0.239248081300741	-0.240216252586579	0.122115454735356	-0.129186124166061	-0.0781074233574232	-0.0779292277854485	-0.265445571270293
0.122276370381335	0.121332056064215	0.245644116914748	0.170590157170969	0.187114325559508	0.193551791887696	0.0176369559472877
-0.319530813833295	-0.31680159464899	0.160552950046574	-0.163854079705947	-0.10365777171456	-0.107887748784582	-0.35583020650469
0.503882103682559	0.503950467432853	0.490962773182379	0.488334380911627	0.488637084951892	0.486579844310654	0.405465709350993
0.264077734783151	0.263913139109527	0.353771740843823	0.287958880933354	0.312703190741333	0.310990072375483	0.0574024454756482
-0.151107183173716	-0.140664724516533	0.219437132065475	-0.00691851896565001	0.0468188162784265	0.0489166803043736	-0.221425497034755
0.460667414922365	0.462908087081441	0.450557230618211	0.43834442122177	0.446091535494615	0.445807228638479	0.325940588620925
-0.355891882249149	-0.354868252811001	0.0749020334206148	-0.245006249370806	-0.205660615672019	-0.206774603735021	-0.375239707394972
0.145742998890513	0.146559819222883	0.279440624350392	0.187179593654958	0.211942509676121	0.213294656838938	0.0124421796591558
0.542086369771312	0.541830629937594	0.530547068425396	0.531057010572955	0.534160443119618	0.529250807250191	0.477108947258711
0.447257802409088	0.45383975986842	0.443586715606229	0.426787842367884	0.432073154696504	0.44001832055596	0.304337718178495
0.317487312002088	0.315198443999548	0.36055956909623	0.320380578836345	0.334419996781779	0.331975872584753	0.127049800771857
-0.127109624450801	-0.118352604349164	0.184088737986399	0.000950355274909205	0.0336991029647895	0.0319860718895436	-0.180562018021912
0.406629700327341	0.409134875847395	0.42193228043962	0.390184624133898	0.405887945128355	0.402986449184371	0.22685820213907
0.411243206136233	0.413646552058677	0.417796690396993	0.388724853882196	0.404023962283758	0.40240896906477	0.235443674881741
0.294040306022604	0.287645084818749	0.323228184825824	0.285694769069575	0.301822005352621	0.297858051572271	0.155849982933127
0.505353633373088	0.508931230256532	0.496859392825518	0.494223866126726	0.497098869872227	0.491366933235878	0.404474448582009
0.359499886577212	0.356889615244283	0.380954895801785	0.347194789134075	0.360850193897344	0.35782940611547	0.175010069577119
0.420233740657193	0.41611131392554	0.418719937009038	0.398337930960606	0.406958311412715	0.407623268089997	0.249053766136603
0.384285671007508	0.387447508706196	0.389726924296959	0.368865250096755	0.379662981229058	0.377795372708731	0.232235014550896
0.429155160288412	0.434195747937184	0.433598138593633	0.408913356021216	0.418222764043226	0.417921511700204	0.25300409755088
0.351224222697364	0.351863292039296	0.360055492549486	0.331500567180683	0.345424760765873	0.345570981145053	0.212285506302467
0.33369966377058	0.351050807705702	0.384713236480946	0.342227518362908	0.357571796916957	0.351763719779876	0.142114800689159
0.194685963331418	0.19563693144415	0.304011890762467	0.229733002752249	0.256657810910442	0.253066130921211	0.0339337629024322
0.472944642231602	0.477187355105161	0.468912286203662	0.45755639098689	0.459520209572838	0.45938899037431	0.339418173379978
0.350526416363494	0.345250205067944	0.383441772366	0.341568672514928	0.354079723343742	0.357421571455928	0.163080492612184
0.31256016805772	0.321982170824375	0.362287988026367	0.316132065615778	0.326612151680604	0.330251305338846	0.128811768937406
0.166545096222362	0.162063606657141	0.300039475886821	0.208776736041647	0.242370092654873	0.238128151869215	-0.00209333347326412
-0.127681133249778	-0.129630311147732	0.227289713314389	0.0265259124360992	0.072113057620805	0.0724650848154723	-0.212476567516631
0.495236273011343	0.497040223861934	0.488971520772103	0.479320850948403	0.486159043502433	0.48664129605694	0.375794861008451
0.206952684017246	0.200228201071879	0.321824484828252	0.246180902432973	0.271665549416514	0.270441468725861	0.021466909866878
4.17126296313256e-05	-0.00352122105573549	0.180882752160073	0.0674493119370296	0.0907605122405077	0.0937607924392022	-0.0583299901954996
0.103696008899338	0.106232216862981	0.284435833314523	0.173908988138627	0.208746825759329	0.206042074885377	-0.0448640951774355
0.18312051339554	0.177644738987637	0.302950642569794	0.221357530667579	0.239317974716691	0.246724463469676	0.020112688623093
0.0795452602144104	0.0828169097978537	0.248581510725911	0.144268730174759	0.173563845915895	0.176748484881716	-0.0234583748566879
0.344834579515309	0.343315351987592	0.374733897901389	0.34089978029227	0.348957240516	0.350015997739187	0.167235585254119
0.394317719089949	0.391763844324374	0.400851082702529	0.37576049572451	0.382844744495377	0.387372125286741	0.226642554257323
0.223064889534369	0.220806155914057	0.341887154170052	0.266696400147926	0.288522374987813	0.283045643626904	0.0149600060706472
0.339707808874981	0.337111943149017	0.386696683226204	0.339722311894085	0.360321670005873	0.356257244931381	0.131057267705261
0.0633283238718815	0.068297919503867	0.239939921429048	0.141912974363135	0.164295068074372	0.160122599090872	-0.0339230843464888
0.167053048526939	0.169978332851706	0.285764079044064	0.206474506158586	0.237269951747195	0.224732247993261	0.0313718378118919
0.30477330627	0.299691474723222	0.354829848214613	0.303327412082805	0.318621028527439	0.321082884810593	0.118900745992876
0.0755081493891224	0.0672686353350499	0.254583313715225	0.143634723415749	0.173887802336596	0.169681790072988	-0.0383070221520269
0.202061699765542	0.202432292005474	0.311754455764722	0.232817905715602	0.255664702042005	0.255457014509146	0.0378762015247845
0.373829676893938	0.376225956311008	0.380341491436349	0.355982276838278	0.36773962086648	0.368206820186803	0.221776889532146
-0.0756966011288914	-0.0734731022126792	0.223361219277033	0.0433967631735224	0.0857273742806074	0.0802147720918042	-0.157485547074261
0.159924977790514	0.15347895783046	0.313255395167625	0.215481940041328	0.243590537471858	0.237674268702698	-0.017297334855041
-0.21890997912777	-0.217402587147249	0.151759901037849	-0.0867616523438308	-0.0440793256795397	-0.0413862969338302	-0.257007130298936
0.609184805519825	0.609710686254357	0.611703386523932	0.617593600096095	0.609991887237265	0.613314405382313	0.624142059619399
0.602182617586958	0.601458827675791	0.601119868845393	0.604529844196801	0.606470102849914	0.603373931847638	0.60749342159105
0.338154176612606	0.344532449397461	0.380609688174352	0.332976898018559	0.352926260813844	0.352850605420372	0.155589584044
0.37499496423341	0.378859079739416	0.383944338999017	0.35155983145308	0.367482814584516	0.370787585908723	0.21822114623291
0.432203731470909	0.43090433692774	0.432672122677358	0.40865800958641	0.422377663921181	0.416293315058848	0.271238685348
0.369216079375784	0.369472347309194	0.377192255311929	0.35195440702689	0.36032176571012	0.362417536562438	0.21673722119541
0.0528149107577661	0.0465606602646321	0.220268108433922	0.11014082952992	0.139807986401909	0.143665572652978	-0.0356421214930686
-0.168411937977605	-0.177095875225477	0.167353782958719	-0.0512617775077319	-0.00863123046691583	-0.00452594235058448	-0.22262740842855
0.0541646521502143	0.0450929905340627	0.265941096547433	0.142117066128515	0.174502549847249	0.17635103729998	-0.0764427814419427
-0.333944762393792	-0.323736974173458	0.172192435493385	-0.149222234685326	-0.0968275627509938	-0.100960247053047	-0.369404056774175
0.0602427740021085	0.060514844790298	0.27391372530971	0.147731757142967	0.182251299788411	0.177471612087955	-0.0710163907270454
0.350742221444138	0.344911018858113	0.388848316292048	0.339415706681811	0.353120788053028	0.357348998585828	0.144689014060173
0.509017320821997	0.512267697513268	0.502646394868933	0.493241178300145	0.496053206244058	0.497078806291416	0.407009384038735
-0.191341164912723	-0.18730755223057	0.195435001483276	-0.0380885034234773	0.00632208014635216	0.0089337581153214	-0.247582716163592
0.540219820366917	0.541953390867306	0.529653342003319	0.525847282747106	0.524442450021585	0.528794846774691	0.483428702862835
0.0199451423501612	0.014014928772043	0.227200884382164	0.100602933157014	0.135599790629291	0.129368233776066	-0.0650832297469284
0.175823436972248	0.192332124434705	0.290884546915072	0.227614734457386	0.240661170093473	0.23819127198033	0.03536503065129
0.518536718659721	0.520521605117309	0.515150541153668	0.503824579704089	0.512317947282934	0.506550243003567	0.417973524020172
0.402975198531372	0.408898910179796	0.418024460029344	0.388169377735615	0.398334044267689	0.399691276805624	0.226702959428765
0.397355802583296	0.397379069344723	0.390181677509789	0.371294090889311	0.381816738042124	0.383095858720739	0.260028856968667
-0.119136063237171	-0.122336597077032	0.149828459138803	-0.0217206740132186	0.0123388955226502	0.0101122567824103	-0.158035846019629
0.0492486531828502	0.052159932405427	0.223929890598414	0.111437785407867	0.142758610032999	0.138787156948714	-0.0313620601445256
0.510889749570491	0.508400513990867	0.505232556687784	0.493027345795432	0.501381532673122	0.503364776980933	0.400988933395073
-0.0565384607807329	-0.0561069728874617	0.205235892961922	0.0433595559753399	0.0837515124325263	0.0782712407986508	-0.129698143908283
0.0446228352606013	0.0411515663231573	0.259207243879448	0.129474306577891	0.163911495417741	0.164101382695293	-0.0772650102367437
-0.119147798833895	-0.123123914616107	0.185857029103231	-0.00186696246778169	0.0346533279899421	0.0319084947529264	-0.177766319223363
0.325209781175614	0.326442388720323	0.365630898126667	0.324123973645341	0.339450198797347	0.334721449306732	0.137428821695692
0.160519333480272	0.157581389143989	0.284975008342094	0.200082147619134	0.230298211958521	0.226164891835747	0.0131549604029246
0.050714772869918	0.0426522371238166	0.262017173982397	0.131116944683207	0.166969552592794	0.167921236640482	-0.0776397136490085
0.20352807217572	0.196196784355385	0.298586174879576	0.228328758877005	0.253239225399995	0.251569611907311	0.0503923612933334
0.479608356847179	0.477885046450051	0.469550033945317	0.456505167987893	0.463854732143654	0.463314736737028	0.343278567093814
-0.152568707430361	-0.150867229093219	0.186300891186274	-0.0223000657762798	0.0194021114149138	0.016847033418717	-0.205856956375995
-0.319428182169538	-0.314805884289239	0.15096441726958	-0.160917406947258	-0.113824343398263	-0.10641121650199	-0.353876001375128
-0.0679837610589447	-0.0707388800952929	0.244515163044239	0.0647860208664058	0.106977975753123	0.100752629109093	-0.175863704883665
-0.165559682782092	-0.170466176791367	0.134874135490368	-0.0609108698431228	-0.0318231971508453	-0.0305500181607429	-0.194910949801144
0.158393051046596	0.14702161880949	0.284187181993157	0.197083794614475	0.22306402997502	0.225209023072174	0.0203900984886026
0.317380713193043	0.324415769324921	0.367024803275215	0.318992533732573	0.339457009024276	0.334414050363266	0.130574490182088
0.153851549106713	0.143875216152087	0.255558907398204	0.184778662454351	0.196862660067303	0.199694297485225	0.0419394401409427
-0.0157094163002286	-0.0129268337066398	0.245864261079065	0.0968050909945284	0.13318608786092	0.133364488632664	-0.111520341630143
0.358228606555276	0.364884849134604	0.367225649748718	0.339685046928915	0.355349817838741	0.353811691730895	0.204533722032953
0.341941836857653	0.340417102394173	0.369356052500285	0.333012514874711	0.340538776700046	0.34405556873424	0.155006591314904
0.48471684767805	0.48635318929034	0.472715665389738	0.465388774544641	0.474237429139853	0.469799121048494	0.376969591270113
0.449351095113732	0.45100112867583	0.442403697004186	0.426090096980421	0.434140000845462	0.437458011451985	0.297774783144433
0.036712263215655	0.0358405493937873	0.230364620060018	0.112002433026778	0.147724434760676	0.137083957596581	-0.0548685059783204
0.370639331377432	0.371975103563939	0.396568727640924	0.355958179355529	0.373669227509163	0.376541360855032	0.169760507306519
0.139813663850651	0.143815940201921	0.272963111498463	0.188560186048748	0.2135021794121	0.212758709813398	0.0158689665607534
0.243547379125543	0.254763626636785	0.325971553652033	0.26450032399284	0.278286872343983	0.284180236289811	0.0783997371841517
0.390660896918553	0.400157845271395	0.404088862539997	0.377197201243904	0.388247837441677	0.38994581878848	0.218271253551761
0.509670664549811	0.51065457601053	0.496604509679468	0.495746224005968	0.495998892149419	0.498084887797961	0.434243439694539
0.205322027810018	0.20887352784793	0.314987185948097	0.236557553727793	0.260098507916426	0.261553651034391	0.0320790595135115
0.317616573119564	0.31919184074248	0.362121860979374	0.320344342119644	0.333308832430089	0.332642505509598	0.133171990873308
0.38281231159067	0.377916234143041	0.385837113910365	0.358096930961731	0.374820812137713	0.370562544533792	0.228147131335553
0.328910243006499	0.331151639795897	0.377499140588933	0.325930863101314	0.346216177255984	0.348291311383903	0.122941910352949
-0.339029855549051	-0.334291163687202	0.0900678966416665	-0.228921865535747	-0.186110189001767	-0.179455485738863	-0.357357104006218
-0.0343221111672942	-0.0302304354520239	0.205542511040444	0.0631056776840918	0.0963552356325436	0.0962867923281494	-0.100452961600746
0.47882588951047	0.481205992779503	0.465968138454512	0.459184596013637	0.465556094891821	0.463389519874014	0.361330070457692
0.612120444708155	0.610828539361502	0.616444540229853	0.615088212833839	0.615359911432781	0.614940369342152	0.627341208473737
0.376764220112118	0.383039601318602	0.393568242924424	0.362388023145021	0.380958835839246	0.374648302732715	0.201193817420747
0.447722041763665	0.4464545876795	0.433223387024514	0.421214750839998	0.42836261129971	0.425418144477019	0.327000892683237
0.415672092460044	0.416231797242977	0.42045471313962	0.393738480363355	0.406082579959694	0.404839510171738	0.242775174338761
0.171038300907323	0.165863328190731	0.319474125837092	0.223359157917579	0.253410745110303	0.2551932533203	-0.0205964945864655
0.315843814967718	0.310335194255558	0.351817599300204	0.307757178422649	0.327343928598819	0.323805332573838	0.139491960324465
0.000374195880856998	0.00402068080860076	0.209341701860256	0.083486270978433	0.114535411667787	0.110399572921817	-0.0734119666170281
0.570491765983684	0.573689023962501	0.566162277614449	0.569172600001983	0.569688130311384	0.568759782462014	0.539899303794131
0.242512139375853	0.24071916860877	0.333689160427576	0.259033490074675	0.285917804130057	0.282223371792166	0.0550901032137767
-0.0944129684845064	-0.102601501878902	0.188336182798573	0.0133172635523856	0.0532795520339506	0.0501969758317726	-0.159320639780912
0.206082172341149	0.209712429222511	0.333687611769937	0.257965867983863	0.273824607909291	0.276248872129495	0.00754673864777389
0.514653532701559	0.514051353715508	0.508349109193307	0.504486846849375	0.508039361748617	0.504371540002237	0.406120026979355
0.272918857780114	0.280120456862143	0.355286147171666	0.291983766668648	0.313833063229815	0.313354745664203	0.0728595289910076
0.54847757878289	0.549452702415153	0.540732722696447	0.53694715825034	0.542861626686721	0.543450642808503	0.501602649466922
0.413032789715941	0.414353100925483	0.423996378562927	0.398595022966588	0.403955683827865	0.407280741270232	0.229113111608519
0.517021326114033	0.517961224179459	0.505650674893113	0.497080227670976	0.499467040536114	0.50516571458043	0.433568176631309
0.372560852513491	0.377172511215852	0.387271490588403	0.358186941515858	0.365840279994969	0.363993126569888	0.205691978562892
0.350276139691176	0.354587873774483	0.375028727821825	0.344653555881782	0.350275317103436	0.354076273188347	0.183387703763523
0.429122655770321	0.42555229752053	0.43241564629171	0.407810691362632	0.417267995733462	0.415618196385829	0.255259500783997
0.50133278958963	0.50211553119162	0.488678007250812	0.481509649673771	0.487360531088094	0.48648284687424	0.395014268170412
0.200598779655337	0.202061486843236	0.315492173991505	0.241679480441068	0.262393349304153	0.256738470062096	0.0288827118801265
0.288331824098649	0.287882265719847	0.319255219819629	0.278636556954727	0.301744448124049	0.295341766192225	0.159308240554003
0.424712436514316	0.420243623027167	0.424428769580359	0.404797758229414	0.41116692729469	0.413366267442676	0.269954648614054
-0.0535874277178728	-0.0541214581474181	0.197475171885888	0.0401595172934298	0.0814152882927475	0.0754872856609042	-0.114781733091946
0.46757988840332	0.465181696197478	0.452716890667127	0.439901152545264	0.449063514476145	0.451519579535709	0.341614300772831
0.125700801441942	0.12857148872078	0.255113051139066	0.175390805274197	0.195058230536036	0.196929716315457	0.0167374899568842
0.364971951368815	0.361871553753745	0.37893129364347	0.348234573951519	0.359599105784217	0.361181238999165	0.195383869919686
0.375768330093589	0.372522784303609	0.388395889918621	0.361695954973559	0.367220218101169	0.370623897275693	0.202638440587372
0.448356932856375	0.45216620811734	0.442176052919903	0.42809095918027	0.433465916172588	0.435892591041318	0.298539153186273
0.271110464216351	0.285763323227884	0.343699998880321	0.283536097064842	0.307230230170524	0.307708136726965	0.0928564555856892
0.540581558337591	0.539296486520402	0.530432786455831	0.52709032409591	0.530573392328364	0.527753139542955	0.478099074745932
0.0479846024997702	0.0509310883558109	0.228449204615341	0.114965967209347	0.138362135638487	0.147100778123663	-0.0385996410709837
-0.0136027629597257	-0.0159546057662151	0.172330428050884	0.0544046551012236	0.0820723334156022	0.0747924757300321	-0.0635648517881009
0.400778134720026	0.402734572583966	0.413429392714321	0.38325027558933	0.397556418374745	0.395759039159517	0.220970102858685
0.100737144592017	0.104572910980474	0.247492587349869	0.152475639842212	0.179229217200058	0.17639649885191	-0.000391201482695763
0.539438953892314	0.542154677226009	0.534279450750876	0.527310994027711	0.529414111181572	0.528393349108172	0.474865438673633
-0.0234712662053608	-0.0237204309545261	0.230824943539385	0.0724585119641171	0.115794057047453	0.116880735707426	-0.113527465834281
0.50473758548958	0.502577584086232	0.49174286336976	0.486219039603689	0.489477792346252	0.489545369013449	0.395332856941379
-0.230277951415182	-0.233712422230732	0.17097417531839	-0.0923324779566169	-0.0369225893580924	-0.0466367445291475	-0.277542019039833
0.297428069549016	0.297380738401002	0.347188724800476	0.296685370883177	0.318767697909192	0.304672543517025	0.12488909750287
0.147341524932482	0.141456232000258	0.278089637854552	0.190115353385473	0.215033358553753	0.212932517252377	0.0084962011634294
0.340202912383016	0.341986586487875	0.365971302189973	0.325807527633762	0.345386681242005	0.339667345149142	0.173173318875438
0.578242985167409	0.58093913175386	0.581453919617791	0.577048749136451	0.573957344148671	0.579715056227861	0.556822370094205
0.537548024690514	0.538975275208655	0.524019361923908	0.524505657224744	0.527245917617154	0.524053038636643	0.483162951182379
0.484345954771421	0.479651258449895	0.473276070310359	0.458559027356188	0.468705310208324	0.463919068493801	0.340548334551677
0.0372937717102474	0.0289077811119669	0.234643041339733	0.111488951812746	0.144674458345878	0.147527925886579	-0.0622594829888689
0.465229946099326	0.462177172409268	0.455950742275621	0.439883625408313	0.446752895632757	0.444438548693409	0.334561603884654
0.47645962105469	0.471346459454566	0.462941825794119	0.452511229222908	0.462540819483358	0.459209002759545	0.338105279129731
0.418372892769418	0.426453834481186	0.435609624646149	0.404760736013476	0.421267666189274	0.420867353098045	0.23401353110518
0.389940715280754	0.384294957281975	0.391232068773256	0.369614538860515	0.375150500157149	0.374818021579863	0.2187868531944
0.412501369207479	0.416110255036205	0.421839303246126	0.401945942040535	0.409386092916007	0.404327900062977	0.247534539473324
0.212313557349816	0.206269680231714	0.293864773340831	0.228822147348727	0.249954707502407	0.246828251103538	0.0638016122772178
0.140985446640236	0.133541807845586	0.281446302047483	0.194905501107898	0.218433657158697	0.212894605163423	0.00976604280452498
0.402171662879342	0.404028502988811	0.403158508823243	0.38384181660733	0.388086201781143	0.39033353780109	0.25275287263719
0.106176936695608	0.103506328117396	0.285946704737872	0.173405427407351	0.207164969929071	0.206826098557223	-0.0407882984637295
0.324062554059773	0.327641026356221	0.363089652903568	0.315854160814629	0.337933724134122	0.33930681553776	0.147128694820012
0.257115459211819	0.254718002606211	0.315474923969567	0.263513784003723	0.287601081679781	0.287262218569864	0.101727358075917
0.21730268309097	0.210736514092234	0.317064156154404	0.241310019228884	0.27317741821351	0.270498198072466	0.0445612172848739
0.0506077877114293	0.0601318088475477	0.245931577267624	0.129114703180549	0.163416552268027	0.158261323920572	-0.0483276735073279
0.289010540733609	0.289922093332092	0.324839698492027	0.283165010160699	0.297652485101304	0.298558072978948	0.147583193740848
0.303997142328497	0.305828458638001	0.347746054698665	0.299498537271707	0.318932418878034	0.31733371439078	0.140784585247895
0.152608954591836	0.157474465334478	0.283653257523535	0.196030962310377	0.22922530045514	0.223422236045842	0.0169310396894543
-0.3095335728799	-0.312968942881676	0.10369769805072	-0.191237157880235	-0.150041870629465	-0.156321350611944	-0.335933158997363
0.44741612650159	0.449287689852932	0.457181978415354	0.430968309618176	0.438189776210917	0.43843452332156	0.265007826851157
-0.133688035136347	-0.13119831861525	0.187668862081503	-0.0146490065128856	0.0303133847145451	0.0240207682246355	-0.189742248363331
-0.534749199091822	-0.530919469879256	0.0389293262929869	-0.425814912100909	-0.385306426944663	-0.392623894752297	-0.553745037842652
0.277201678701482	0.27797228164901	0.325129717837352	0.276574353777762	0.284789539902447	0.292831054704187	0.128312070962083
0.330553204187837	0.338966456473264	0.382150622654206	0.335360458966052	0.354372738893048	0.350660020788469	0.13465480975618
0.122480837369629	0.123498504929564	0.297692789817407	0.187173936749263	0.223263121128949	0.219607020595382	-0.0335201479363908
-0.151321158587072	-0.150335111162505	0.206911150440093	-0.00759719618591853	0.0439238849670523	0.0327442562088503	-0.220087054312204
0.383991946714918	0.376674693129609	0.395405903239586	0.369902126149698	0.379129003442702	0.37892645706802	0.198513019576967
0.096783645089725	0.0893687185828885	0.286809082717554	0.165667914865108	0.203576418487471	0.203094283463444	-0.0574793643539924
0.377513645975478	0.379116313306354	0.401354864556855	0.366575079778822	0.383468969835918	0.384174108487236	0.182849134036744
0.498790056080695	0.502803492295984	0.493070481527767	0.486028124844129	0.488119841946779	0.487873455862156	0.380013567151545
0.184378834090255	0.177967534860724	0.287805168267023	0.208049397930803	0.234882985489714	0.236068905132997	0.0473311997744658
0.273372791094305	0.27836120944778	0.326508808139842	0.273883757949769	0.289059352934334	0.297177616110406	0.120180904222708
0.0424297571943041	0.0400883448191789	0.253327172635884	0.126875180517304	0.16586884633527	0.155942388200636	-0.0716581270720742
-0.13019719840146	-0.132969692852307	0.193076195112978	-0.00441634211811709	0.0331779918121447	0.0366327978477327	-0.193087976617216
0.0888125290500736	0.0833726523304991	0.27029464454838	0.159856438649795	0.192241046597706	0.190161530026626	-0.0487242480139155
0.120903432906464	0.117238984441044	0.24951507313076	0.164660187935855	0.184090834718254	0.182069803334524	0.0197071344913881
0.032626051284439	0.0287859183568122	0.23131263316804	0.111750197561	0.139630479799794	0.135336608927606	-0.0589927273465277
0.397981102820199	0.401853569299009	0.410047771242778	0.381568296411063	0.39251475823708	0.393394836365297	0.228311485173049
-0.211278971946611	-0.210125671581985	0.171586617935668	-0.0736740715922396	-0.0303421253088432	-0.0357231882498588	-0.258698160127042
0.26333340054897	0.261138699007816	0.307567669749526	0.264965663487996	0.27606981325753	0.277204018550973	0.133709238425219
-0.269183687432593	-0.281401032380577	0.15388350776176	-0.125573800887362	-0.0759793606895535	-0.0774894191638706	-0.309883614223189
0.181401095450029	0.177184672707555	0.306667227368342	0.221000901974255	0.244844506129632	0.246617053731446	0.0167652593972968
0.496725760253851	0.499513026925445	0.486622703277547	0.475882507318157	0.481803868712351	0.48463460885622	0.383081259782178
0.332801203491467	0.342416910134324	0.359969879391442	0.323570495787703	0.3360893498015	0.336013171209322	0.173508761276319
0.402814837456485	0.397269417973122	0.40617916873427	0.382824788716856	0.390516404168455	0.38970144583644	0.222533478222858
-0.261302143835495	-0.261213474924338	0.152750616714114	-0.123994908573805	-0.0689972753883404	-0.0749314710412583	-0.297627282120374
0.539516722875429	0.540433523599809	0.53003139630881	0.522937415599038	0.524353031011376	0.531402658075333	0.464997023376495
0.189110148530131	0.18100636774114	0.303110064267721	0.223693928974722	0.256458193025526	0.251867865379375	0.0267921312539379
0.246111791290783	0.249160911290129	0.31739137366748	0.259934948931724	0.277572496706881	0.278431493936809	0.0899115017714523
0.328452282723753	0.328113174517736	0.342972265355144	0.316080069218752	0.3252447038904	0.321675006678829	0.197043198790652
0.379378953571724	0.382866280420906	0.393182624242617	0.362303765948069	0.370542192060711	0.376608765442493	0.203049507378496
0.490871051674684	0.492296319972176	0.485022931590029	0.475476367036311	0.480560954664373	0.478991454029668	0.357036937811996
0.365208713732281	0.363520224914774	0.391715194580431	0.352540411929599	0.367951975631826	0.366847328030693	0.178299253167143
0.439684942543322	0.441782816010363	0.431160012717121	0.419862181315236	0.424270944697147	0.421328566779929	0.32417230452715
0.383353917811696	0.379865371787745	0.382621243618262	0.355574017096643	0.370622066137085	0.366238768379781	0.239776932603164
-0.0688721075115202	-0.0709013329768765	0.194515592890302	0.0380354542155129	0.0689629985250394	0.0658134384828945	-0.137676308318606
0.504446252383795	0.504123782446469	0.490608537415718	0.481845647254686	0.491170285297141	0.48788589517057	0.399416408751774
-0.287567859238601	-0.287470638711651	0.144622572386584	-0.135980130352668	-0.0959793973126081	-0.0998529099474213	-0.321416726236991
0.432950314431114	0.436519013744065	0.44600243455167	0.420230204563472	0.429143146039943	0.4325971799955	0.246972566471131
0.462578916896898	0.462102526920904	0.449847946737735	0.441330877514453	0.446643604389671	0.448160606604316	0.336937277459686
0.154714088106894	0.150903502941124	0.30849530287616	0.212129632172961	0.232139703319452	0.236350618593275	-0.0183743659574571
0.428822708473679	0.428816736147366	0.432187049634906	0.408205465359728	0.418724349190653	0.420962224628306	0.268116383599361
0.274294260808544	0.282867623438947	0.357214216327109	0.298476280590893	0.316583151239094	0.311420210687215	0.0774583356731412
0.290314722134941	0.278779384970109	0.332762440499768	0.288659275810852	0.302563159118761	0.299605483105219	0.130835748501399
0.465312724214659	0.4667127135266	0.459483926342101	0.444846481935022	0.452109080646614	0.451219389386762	0.332825938525828
0.53424705603309	0.536520277195625	0.530653699188938	0.524039976412465	0.524405611474178	0.525780541116291	0.4518751388596
0.48072670289828	0.476459350921687	0.471744032654752	0.46462926209176	0.471514032372709	0.466747507478617	0.349744171325158
0.481787739813118	0.481668714438966	0.473579985960461	0.461594651860816	0.472069742878354	0.472998338457038	0.35094510312976
0.21511733071223	0.221109106918068	0.320064667658403	0.246709658618911	0.268526535007416	0.268148563092615	0.0515154129315276
0.509567503014074	0.511602186936631	0.501580743735732	0.494857723273775	0.493157319683282	0.493929586969567	0.406582276547379
0.166769866558048	0.167861612498608	0.29297647975747	0.208687719262986	0.235016817827259	0.228973800142957	0.0205029595410426
0.154018159994278	0.155950398123288	0.284526826585274	0.193514248210019	0.214835659607611	0.220502494572966	0.0114956537986667
-0.210162660634645	-0.212251470698825	0.134156594409036	-0.0929801321029883	-0.0563128691743442	-0.0618626042642358	-0.241877710737867
0.546332004182619	0.546236490068314	0.542736984016003	0.539851091276336	0.53913143372937	0.540952258765172	0.473507974436028
0.0432699913067721	0.0440853778662899	0.238295373400809	0.114393023989195	0.147812181447484	0.145079452173528	-0.0586122554160969
0.486579430173152	0.48608787716757	0.473894500088153	0.46463582568144	0.47216827995022	0.468314674101102	0.359058831905187
0.264451093105861	0.262353803846139	0.350514442363829	0.286626415837039	0.306493848179015	0.304568953096948	0.0636935819605364
0.449842756394066	0.450125896688725	0.442389493336886	0.423837551904589	0.43555675235077	0.442502801190638	0.303436008600347
-0.142848256399381	-0.14620478220893	0.178008740062525	-0.020948197118881	0.01570997142373	0.0142613985059714	-0.194260852724991
-0.0153280143483408	-0.0148956617850045	0.193919791797639	0.0704326718764072	0.100625887450237	0.0934951384682977	-0.0791758525687026
-0.0964639954280807	-0.0947807210660535	0.148628529837264	-0.00888944611311487	0.0220605481142067	0.0199313800827801	-0.135447595412904
0.145683529447132	0.148698737873946	0.274786831698164	0.191754711100071	0.212298854473614	0.219400192585862	0.0182613392780792
0.46767605038017	0.462404223714446	0.459670624489137	0.447263289694613	0.451318751585349	0.45065490452313	0.325032199573693
0.320957940194362	0.327339090476182	0.39737548725226	0.334871363761595	0.353592139464607	0.351281221244729	0.103990520402621
0.17594633948297	0.183147564289517	0.298264445240724	0.214136810794151	0.233722519536431	0.243527124509249	0.0227887805624086
0.190719658311448	0.187560827643732	0.283277472821444	0.215824151134119	0.240524038547604	0.237654186542618	0.0568074221651101
0.399310420186423	0.398587975145738	0.41481565774168	0.384188885526139	0.399784768141825	0.395774136249396	0.21185911718745
0.618445253740962	0.617842386389121	0.622152340750658	0.625682022741289	0.61885030564136	0.616155392208751	0.635628244899108
0.329088568702319	0.334888927260065	0.350463852648108	0.318264475595551	0.326874093076411	0.330122609023204	0.180865223747844
0.44587850201278	0.45279506952743	0.441828052232628	0.425040490464822	0.432969102703024	0.431899843148493	0.294953958956581
0.394226976419709	0.390562478010294	0.387238634190594	0.371352556443206	0.377859059308986	0.380640914796933	0.25846149592244
-0.143630012621519	-0.143673740195765	0.195947893673317	-0.00772568258345167	0.0329596234287812	0.0301166190123434	-0.202727995776676
0.530786204608756	0.53057617972335	0.52073355287373	0.515791622487356	0.519151814645789	0.518998513871837	0.438264355364976
-0.383926350258403	-0.380538550364903	0.0683147050133832	-0.267110835955639	-0.239057791856374	-0.23472673112428	-0.402831922130523
-0.0122968154587845	-0.0221475255052242	0.258591898322113	0.0928226180947621	0.141237494352179	0.136810893571893	-0.129866438367001
0.0324541855840838	0.0404369961344524	0.2342506390438	0.110380548979284	0.143996840523754	0.142365038345292	-0.0606803816165549
0.466503428940022	0.466969305134995	0.461361456067008	0.447232851863915	0.456809439769517	0.456714103658091	0.333456702809521
0.29889868649188	0.293800955946367	0.340305384437979	0.296477986241552	0.308154486683431	0.307494476215146	0.126673324334167
0.104509642030083	0.105004012855747	0.268006006868876	0.166830524817917	0.191112831122392	0.19402668013793	-0.0204684760023508
0.164032348091248	0.158343890823288	0.29694161187533	0.201253731028958	0.237343818359858	0.238078227690814	0.00471135557425924
0.393054012625344	0.392248332633378	0.405228452192133	0.371477248853807	0.390176201709287	0.385156351442082	0.199005050783352
0.065484071190269	0.0674033797513264	0.23946746488371	0.131274469013867	0.156373256889805	0.16232434097218	-0.0329276671333673
0.0953601717518884	0.0976359728190123	0.249288669350016	0.152916076607385	0.180250520093211	0.178006020036465	-0.015981445961002
0.00838196523908041	0.00292563620437491	0.252304431738537	0.10917793529858	0.148234890377085	0.149071016020609	-0.105994609408295
0.530017059491668	0.528371155626363	0.51746801502239	0.513956816213892	0.515590760031692	0.518089279644145	0.460526712906915
0.182836840378794	0.179655692481944	0.300460934316754	0.222586743817901	0.242963395758229	0.250065277234511	0.0326175760891998
0.0655310370889825	0.0697155638122745	0.251658288649918	0.137400474711194	0.171095108859083	0.164960676028035	-0.0467349880851837
-0.286719946789782	-0.279564736521389	0.10950561010559	-0.169814501895113	-0.120561939900409	-0.13165641302654	-0.308406390833334
0.398578491812343	0.39655489768181	0.401332490084349	0.377890284112842	0.391562392004547	0.384473373103935	0.238208216199734
0.0362851725446432	0.0382832246817856	0.225976478059683	0.112014701285898	0.138378852743188	0.139831224775223	-0.0449849997679884
0.0407715787449792	0.0347148902210487	0.22082320034032	0.112270557472711	0.136172115523098	0.136539719736808	-0.0444252708522125
0.204533149824973	0.211237310469718	0.284651719048488	0.223106780033739	0.241408039260612	0.245996949784162	0.0777856277628148
0.335738933895202	0.334306475475005	0.358532783531364	0.327184992762761	0.335154620103995	0.337456564508142	0.178519044277841
0.131527419206699	0.140254434043945	0.307659842217763	0.202454780504217	0.233646881898052	0.235657665223158	-0.0310358265622878
0.523627352511727	0.523745967527602	0.516039910788182	0.512005872366246	0.511878852855912	0.513549910383919	0.439435436526209
0.465758490012496	0.461844420011901	0.455509191592732	0.442817099432155	0.448070851783893	0.449076452724948	0.335454934518423
0.52652254939224	0.526497006764828	0.515010083412661	0.512268644732481	0.518513268313597	0.515361551505997	0.451463878134112
0.530150423229501	0.532529243904733	0.526012687625285	0.519347091544743	0.520915856468208	0.523402328708838	0.433797048379466
-0.0312882693579991	-0.0320954315335049	0.279926988790617	0.0990986979612462	0.14902419883035	0.153419175789378	-0.167664213814827
0.481127650264194	0.485117650433167	0.46873120021161	0.46374922859206	0.467994521312365	0.467047613201174	0.40401108899311
0.371840171867	0.370100246313094	0.384335138881123	0.354878758473569	0.365782385433977	0.368677777346401	0.204105825283845
-0.245473685852134	-0.24587866524197	0.154301626106889	-0.112228941634495	-0.0602486938378449	-0.0646339183657774	-0.282854951388798
0.124331486076623	0.131489013641241	0.285190036272335	0.193130649841681	0.218973191500319	0.217908699440285	-0.00730930754916283
0.308898089730144	0.313088014245485	0.334350113383847	0.302611938774147	0.313240279603982	0.311287881783308	0.171809346432962
0.430242724215253	0.434802777066477	0.428873421671596	0.411549938815395	0.415681208245503	0.420689003727094	0.277782405905686
0.329047323633219	0.323653384291842	0.348440810802654	0.315144990442479	0.32832128883369	0.32935586309616	0.176540708908564
0.260906614056477	0.262923191117886	0.297475886723379	0.256333869433691	0.275148727633496	0.270025614973191	0.137486526597857
0.399866292760696	0.400766681774223	0.408878083198677	0.377583598024688	0.391245657511225	0.389863683520218	0.224508099888572
0.0549607617415975	0.0506097931508829	0.235537144245227	0.123196483863225	0.155008395548776	0.150621387617893	-0.043546773681667
0.5553634348563	0.555138918878326	0.55144026661702	0.544482580595084	0.548826993116388	0.545294686044094	0.505419023523223
0.398448331129749	0.394069468865186	0.409172325675291	0.376264034421074	0.388052756656141	0.393770224337879	0.226148546575397
0.109436566646177	0.106528876687633	0.272281356559983	0.168799450538581	0.204053413823409	0.199793147370332	-0.0207244630112201
0.380451686308529	0.380533753117904	0.403306849534422	0.367731934375115	0.387205367840156	0.381529998782002	0.185393724407846
0.566633796808567	0.569788640942936	0.561587361699711	0.562435195142332	0.562783653450933	0.563877049928054	0.533761983154957
-0.24405367036184	-0.252578584189168	0.122821416908294	-0.127735849559445	-0.0887040983204171	-0.094749879324396	-0.273890662575063
0.173388279789949	0.175263734180665	0.296954219416551	0.207596716758338	0.237365132417481	0.240824804761204	0.0184289240475046
-0.255207785547513	-0.254249778585205	0.130721331115812	-0.135023549293982	-0.0871570104237848	-0.0909126968904137	-0.287174228153619
0.189165351677168	0.194665608922155	0.312345248909064	0.227715160400973	0.261036815384527	0.25279262673528	0.0226987533973564
0.482155280312145	0.484058414134818	0.471949103471417	0.462593347992508	0.46794621737668	0.468771205925863	0.367474067818057
0.175766384228247	0.180599056870704	0.28552005484834	0.206505840610647	0.235016567733574	0.233839051881801	0.0392559045759503
0.400374973682024	0.401677473556919	0.396490949607118	0.378345699082165	0.386468367882303	0.388102301047706	0.26308283775142
0.522026103486175	0.525729832156232	0.513988612613074	0.506439220428289	0.510072629479823	0.510033360146151	0.438283260347955
0.331027780833774	0.336003860611751	0.352529756365175	0.317638754448232	0.33263550329024	0.329545828137438	0.180034857784312
0.0931454154649287	0.101048225622601	0.27112012706737	0.164504262456835	0.195270850056116	0.198675797127084	-0.0285448266327283
0.229195822084411	0.218825461467642	0.331225627236477	0.256609261815908	0.282881394596341	0.281075071707698	0.0334719212522019
0.398771589265374	0.397427493390522	0.391216310770152	0.372976893111535	0.38213263869492	0.37850675375429	0.261923181930585
-0.232817321417319	-0.229481734692816	0.17479459504121	-0.0782653759897339	-0.0304663618241472	-0.0364665636797486	-0.276214221159974
-0.0919486742504364	-0.094682732829502	0.206129390852354	0.0285411267082675	0.0653148738155787	0.066989062853639	-0.159093581215193
0.0326246659624437	0.0313205647004494	0.200171898177241	0.0972232119135354	0.12615546201208	0.120159950775839	-0.0335418284831426
-0.543149674134143	-0.550661090363099	-0.0202067490162599	-0.466104193709901	-0.432025394912248	-0.440153295459569	-0.565857586402994
-0.0033774737430569	-0.0047951736962916	0.219305223273455	0.0823302347219003	0.116344334777544	0.118674939274305	-0.0826210213975539
0.222554319323779	0.22722735054764	0.334475573047151	0.258837120779855	0.287177937902682	0.281835698622668	0.0373264819909801
0.367945342080029	0.366235436232898	0.391433977900174	0.355202094728919	0.369280432443018	0.368787484730776	0.185970522520506
0.48514587343371	0.484925673860699	0.480187282441485	0.465015292357479	0.47037404736934	0.473464811449621	0.341526795527181
0.115252269881012	0.116426425684729	0.245587634940408	0.166346673498612	0.184836100796646	0.179101114285387	0.0157623160637742
0.48033307156755	0.47877513288393	0.466427568665787	0.455592079176278	0.462766581937364	0.466159232659286	0.359238398750957
0.412627454588716	0.412768666820783	0.412230851236647	0.395235246878723	0.399673236782423	0.397891806727819	0.263862134664008
0.495998022586843	0.496807077540598	0.484377338326892	0.474133473693524	0.480792238308828	0.483432552108772	0.387982402697673
0.393433377559962	0.397653578284358	0.408411237490295	0.378817203786698	0.392213265210673	0.390566877898309	0.211225213898605
0.279128147958275	0.278923787931154	0.339735292473669	0.285318270029803	0.30124657409293	0.303712233346079	0.106466686501593
0.475604434888322	0.471490720410028	0.466952449854461	0.454139543376429	0.464612701910987	0.459266451123656	0.332737904248665
0.415594289084979	0.416206027203211	0.413187861979159	0.394668443310908	0.40447518047073	0.398045418878085	0.269387855693031
0.532775865901116	0.535611968827199	0.525674931059772	0.521966445380458	0.523772517481132	0.52255111267935	0.464023875668711
0.428475650605032	0.433447204602111	0.427911453828499	0.407852170242493	0.41801334046959	0.417815706338806	0.283183897922834
0.106598874393488	0.10247825125441	0.271592793220626	0.175424339914664	0.198085922892904	0.196705030261134	-0.0238542667816763
0.315631951496925	0.304907015482273	0.365800250833778	0.315063087392473	0.329600388417969	0.326548025074487	0.113270036843017
0.134618157583165	0.135401005226128	0.3018724405168	0.205794642395495	0.231170768748253	0.226385854408557	-0.0265895477461969
0.115065800817765	0.119279946181996	0.251754396370908	0.163422293876673	0.192482185148547	0.187405176320697	0.0170838439428078
0.368525836481731	0.365397221948285	0.392455382595484	0.363529171462237	0.371804981122101	0.369932279892099	0.182788305681512
0.120117041482835	0.118824752461104	0.266403736248397	0.172618128301844	0.202217566437622	0.197139661285209	-0.00735843100756406
0.224432556355635	0.219199638240099	0.321078067658639	0.249585057477963	0.265457513254367	0.275473032430171	0.0476239041304821
0.394298971887447	0.395098530096268	0.399255089183327	0.373356221934385	0.382954261596066	0.384322597921453	0.235267514916545
0.172084816563438	0.176151697312932	0.305228022658013	0.212235632543468	0.241107547475386	0.23702189966079	0.00117749279635054
-0.0893645317029493	-0.0887617734313621	0.1793045801727	0.00322198913148212	0.050875248418244	0.0511128960123507	-0.140241876770172
0.398527617899581	0.403234766857296	0.408497585005368	0.379219664809135	0.39365753282377	0.388074079225699	0.227563304904967
0.170775806051921	0.174757937084057	0.306865983186328	0.218899940841978	0.245151347954493	0.244534729632941	0.0169134769282476
0.158255505806252	0.164917378318411	0.283745531046443	0.196317539926688	0.220311484236038	0.221534753275754	0.0221574828894508
0.370620599665679	0.370744575086342	0.386237466817263	0.352446614800788	0.367780724560596	0.364787972225681	0.190145264104241
0.139517897212178	0.128252173347522	0.298640376073401	0.20313300789189	0.231654132365354	0.232944958302516	-0.0191048800760307
-0.0563280570716076	-0.0431910515200082	0.231888465256462	0.0585340926915824	0.109085080460112	0.104457978202834	-0.137773157281229
-0.135726182314339	-0.132434516318407	0.221497336208959	0.0155705674433166	0.0626024401890661	0.0635837881844223	-0.213647053158108
-0.0369120093234077	-0.0417287337225761	0.231262335541119	0.0732607142630906	0.110532330328681	0.111646687449452	-0.135593086979148
0.109522039643703	0.106952172050972	0.271602519018418	0.166946273284997	0.197819663935624	0.201764893737457	-0.0177602241239486
0.214186990441857	0.220871575001862	0.323222016212453	0.247410938468819	0.268050503223081	0.272233607203958	0.0412724080358801
0.386297794004928	0.392131650134186	0.391293161022815	0.365244068767719	0.378442461051907	0.378703216373037	0.234965194418434
-0.190722390513925	-0.187099324658214	0.145073566681278	-0.0785658725417038	-0.0365591633478815	-0.0384886935885071	-0.223364333180469
0.26568926210988	0.273117188518514	0.333481228139997	0.275780001030303	0.298503774924172	0.294899377834423	0.0959119774153398
-0.0828225782269326	-0.0958442186323853	0.245902696505466	0.058576613173934	0.102309509164829	0.10763187603374	-0.186539915914883
0.0890020817548102	0.0889850223598836	0.261788545331246	0.15422006528549	0.183650857965646	0.186368997033709	-0.0332346837645419
0.536371234678887	0.539171722838928	0.532697785511356	0.527065740749254	0.530866730808112	0.532835177708453	0.448553763342375
0.264436767057522	0.262189674303921	0.334385954971695	0.273863264747481	0.291607437309687	0.292619468819989	0.0913063333499516
0.484618123663636	0.480883756331701	0.475068853706722	0.460627617182094	0.47000491212056	0.465854344903572	0.334592728264925
0.490939898704831	0.493415929536523	0.482730285821806	0.475393516320575	0.479127620868918	0.47665857833916	0.399363463582107
0.291227391877201	0.279205321338013	0.347369434671642	0.2904909317337	0.305473492851503	0.312245480064341	0.0981443658765465
-0.107779327631044	-0.109767268963682	0.144607205287243	-0.01582553667263	0.0141222746087182	0.0128961225873583	-0.145782571584159
0.130572848476984	0.1275966921122	0.283878943183866	0.182875551077906	0.217764816109613	0.215664712784588	-0.0194064498024334
0.491289032018378	0.495019855354086	0.486923875774583	0.4712746907673	0.479844082755758	0.480466355689561	0.368915651717169
0.00638047180940556	0.00306139496000226	0.225295566127284	0.0972700348568684	0.128655893474544	0.122078026056149	-0.0779948539731381
0.320979114894226	0.321805111883199	0.369101311007737	0.32810080104949	0.341790484100576	0.338857377749977	0.125975283490164
0.368373079382361	0.36545605776327	0.376202349837667	0.349467850354979	0.357869890103926	0.358658304381549	0.214345345190195
0.427460164398346	0.432437395151533	0.430942749798811	0.406991799029026	0.418742463043883	0.414493840426855	0.256970314815824
0.318956959228069	0.320369041856603	0.351718225447589	0.314791577837368	0.326777337003606	0.328972945593205	0.15121098359703
0.221307894172134	0.220483787562646	0.327354520629719	0.250365209048842	0.279059607588926	0.278339215391116	0.0352294054736043
0.460712375796088	0.463502585171932	0.455261958539388	0.443265412759593	0.448082028052915	0.449693291684784	0.317109291681284
0.439248653361331	0.439895460417917	0.438064368485557	0.417696329395239	0.430978817912332	0.427810042074996	0.295515337516091
0.205749740196966	0.201861043764547	0.288521700661337	0.225978484044116	0.239520589796372	0.237083097039223	0.0738660190500262
-0.147478280703859	-0.152743927085459	0.203159467800054	-0.0119860166634857	0.0394233890542796	0.0320438908809888	-0.207072519356142
0.337900478169782	0.342262298673173	0.375283191316516	0.330789742450198	0.348422986771032	0.351434190245479	0.14220959634225
0.0954555804423805	0.0925887891617716	0.275497317714172	0.163999540632079	0.193916165525825	0.19177597323453	-0.0394294599082284
-0.308615354552466	-0.316207064594555	0.0973502716917887	-0.201951517845117	-0.157140814087521	-0.161018005560239	-0.332094972655574
0.475988709548686	0.474446532467451	0.459657942553481	0.453775548179592	0.456697668005616	0.457648805726527	0.379401059894381
0.446992373392853	0.449532195472112	0.45393901874541	0.427326164374416	0.445254699525952	0.439921356654405	0.255802560148531
0.41108807922913	0.41120015743393	0.411549454241375	0.389657944913885	0.404081042639915	0.400648717813745	0.259225237047087
0.35409679928847	0.350669648639525	0.384396154650343	0.344488455319272	0.354587613912508	0.357984591982072	0.160499956729142
0.336319320315684	0.329782697532053	0.377352780268602	0.329519464752552	0.347204950369408	0.349852287440934	0.130296775347243
0.0238399426658651	0.0258647472901632	0.217248923009341	0.103334039256452	0.128587654412409	0.124702704387564	-0.0561027867157011
0.418000623577391	0.414039250136089	0.420339860972615	0.397389188151029	0.406333467636506	0.406279253890309	0.245993381998145
0.488885115703335	0.489561466259185	0.48393614306222	0.46778349029778	0.480300928904474	0.475730516426941	0.356064696847094
-0.173169558585436	-0.170134475520583	0.199041875739983	-0.0349656062210873	0.0185312373850294	0.0201786024326076	-0.235704412788809
0.452919684968613	0.455196509692387	0.442505286883134	0.430522689429971	0.441195564586044	0.43904346026956	0.31506236296231
0.512564696504308	0.510427197782581	0.50588722813312	0.492787265364955	0.499531998644884	0.500319765451651	0.409219014730777
-0.226968857976813	-0.219590320563628	0.184401380186326	-0.069137740837146	-0.0223953719890285	-0.022073129055362	-0.280240968876909
0.128771718759934	0.130575682625633	0.280283964822455	0.18384737557723	0.204642856770308	0.211748148676772	-0.00430082818787043
0.353617168017868	0.34859720948566	0.36592592270877	0.331249134673045	0.34846507947137	0.346422736995255	0.197073200103683
-0.225466036400123	-0.221020795261257	0.0993270479560955	-0.120332142103955	-0.0953545805554407	-0.0943582228781982	-0.244022532973892
0.137100171770532	0.140283184488911	0.303568549663417	0.193683202654379	0.23224293011498	0.22792364519084	-0.0325018950396367
0.365360606905563	0.367048758826679	0.390581363109477	0.355659932653589	0.367388048860449	0.366680737072194	0.187640677651134
0.406265032812232	0.401335854387519	0.414906549452915	0.380670216766641	0.399064429845283	0.39762279643353	0.216913742674648
0.540528141467202	0.542171113148985	0.532857926143847	0.52815917774768	0.530421491261978	0.532556983423369	0.473690147240191
-0.252082213354149	-0.253255997048966	0.184441625422285	-0.0973544769916537	-0.0413384801643741	-0.0415429369080356	-0.302716785699623
0.227248894258147	0.228923431109626	0.304446502495226	0.242103874616685	0.262824851712033	0.260105979383306	0.0802744354343838
0.121166734078823	0.121592543099549	0.281200316085973	0.176325237824342	0.205720425488214	0.200499541088305	-0.0160249028041585
0.391226399885436	0.382755345041649	0.382250604360986	0.361793623951914	0.371840727641612	0.371750731862809	0.25621937458172
0.278103541587936	0.280934733564905	0.330578275699391	0.282858217351454	0.293708176981056	0.298720806488666	0.128683848580946
0.397542101922792	0.405389996466925	0.391823610908059	0.376612426825522	0.385869506670278	0.384561056298334	0.273192328951933
0.0755659698921129	0.0727933041072295	0.242843392048675	0.13924193520602	0.162059386729606	0.166733388799951	-0.028923817980949
0.384300938374584	0.386955364698364	0.400157740138538	0.373118755513918	0.383162517523521	0.384721566108116	0.20031541610113
-0.000188277575427477	0.00603789057267126	0.203962021957837	0.0887649929515869	0.113348481159292	0.10806026336395	-0.0618132033368536
-0.0277669651663388	-0.0281936738234261	0.18056241623474	0.0479650154203526	0.0812210847414865	0.0764317913744076	-0.0812757762496069
0.368034307264985	0.371309534937686	0.385982396966262	0.35037839971651	0.363498128491074	0.366653656189865	0.202756796320399
0.299108319206831	0.296948828226286	0.338049613245431	0.29530416956042	0.309543379143005	0.30700464569619	0.141670457068056
0.369216054056606	0.368388773346466	0.382164706108621	0.357256431092279	0.371047792911433	0.365447084779297	0.204312626950788
0.284647590229742	0.280719949884471	0.31132310477691	0.273720549646831	0.286578526954181	0.285164275060254	0.150188522086577
0.264825475799173	0.261525609578219	0.337694702916086	0.275117732828042	0.295840279741774	0.299764352721214	0.0798953296935761
0.147301546518966	0.1471918972206	0.304555236240111	0.204571389019753	0.236505793770866	0.236410069621838	-0.0145931216545896
-0.315332131413482	-0.312297904592199	0.111893928919898	-0.191621257490386	-0.152326822865838	-0.153503708669616	-0.33726110618571
-0.00349441256058866	-0.00298481983081356	0.221311899148671	0.0879937355006925	0.112413358787316	0.115163757397642	-0.0901528730693333
0.142741111042411	0.139015506863574	0.308757217931036	0.203245475436337	0.238194220701698	0.246721027947296	-0.0367038640068505
-0.157087774662823	-0.157072421619922	0.18537226890381	-0.0214026423429644	0.012971480215286	0.0185251198723322	-0.205747454477643
0.259574644745543	0.259724792249412	0.335775947028352	0.275670796089822	0.30079813099555	0.295205622518641	0.0787064111406859
0.160461165333258	0.16600655874186	0.315363150015039	0.216778428271285	0.254102421598277	0.249927679945242	-0.0105888033981748
0.472445059028091	0.47658645343405	0.465403871549989	0.456503526348939	0.46305389976508	0.460523736011054	0.356116502354835
-0.243781887648872	-0.242634951612326	0.148192091964715	-0.107478884345836	-0.0674530434281254	-0.0629821307927107	-0.277087495828536
-0.0756681651499173	-0.0858505083359611	0.228946317955428	0.047957522379678	0.0855610081575684	0.0815781888351632	-0.166297611992495
0.474360913029769	0.472742653893362	0.465412426530876	0.451352069428019	0.458326017220411	0.449379345024421	0.353873498560187
0.230058851958835	0.235415671960481	0.309459426431917	0.251589311714906	0.269867117685811	0.267704376642483	0.0802893349540489
0.293340513811535	0.293812089340574	0.33789854637493	0.294227032255961	0.313254654134846	0.30489702086504	0.133699648223357
0.269381890830445	0.267426835369427	0.353482513561631	0.285432664904691	0.311326546119462	0.315194308760392	0.0589347630797738
0.264138668466858	0.264368232340266	0.330826290870367	0.271096629410981	0.288155798324169	0.292894883653227	0.0960805054060513
0.193127286949406	0.189893202545738	0.312256716177096	0.228374236461655	0.253930217751416	0.251058070346818	0.0204995814284213
0.0641209904647174	0.0677417926892243	0.239701875897915	0.125912166577405	0.154967441104962	0.154283887165971	-0.029961523211687
0.37463077557446	0.379451866611961	0.384088308226617	0.356727204747029	0.367758204690261	0.366972715115495	0.212345646171363
0.57213831389296	0.569835120258623	0.565170475914815	0.562686134193965	0.564508134077435	0.564504147479851	0.541123825962936
0.0832275189334641	0.0733592240056112	0.256649981745351	0.148118815024263	0.183046070749029	0.174528476276383	-0.0348559808092671
-0.0442574998565123	-0.042496859716148	0.207561509241788	0.0544411816454106	0.0961994962803378	0.0893988170835856	-0.118474308850583
-0.129030912955284	-0.134491327633826	0.161603235274793	-0.0210061353080988	0.011692748737213	0.0101820754657749	-0.171677898708511
0.357973205011939	0.362705167371955	0.392441039826309	0.352171545820418	0.368576165098586	0.370695912771272	0.16372903438093
0.359340861269848	0.356909114764864	0.386615291797674	0.349215453733256	0.36008650665064	0.363081658764561	0.164734070355117
0.0567402595579064	0.0665436279346772	0.294654280585492	0.15143828127427	0.188964582976992	0.193312112411079	-0.109045241334322
0.37549982734052	0.376414180082832	0.379601854149835	0.354313987702553	0.366658647712759	0.366712657368209	0.22593518751615
0.396566163464069	0.401282955675351	0.398273713489689	0.378461777066625	0.38994213883914	0.389749048286792	0.234003861808201
0.452697443599153	0.449737941747047	0.437582936324737	0.430792462627757	0.433927442900085	0.435184198277249	0.314112762049901
-0.324044983431619	-0.330538845972462	0.0422364786847852	-0.235624818086271	-0.205697427533543	-0.210151058975042	-0.341005827910617
0.345630617085921	0.344038375431319	0.360904361766819	0.328948613860386	0.347290702595334	0.345009705436484	0.179680393447541
0.373728601884778	0.368268086424964	0.388414736653536	0.360960851065668	0.371649876206762	0.365984029327768	0.197325774218619
0.418413925297403	0.422856404370355	0.429302881243666	0.4057876721378	0.415757841250977	0.410063056061171	0.240066312829148
0.422809548559514	0.42679368821617	0.421754186215872	0.40639398426435	0.410583236157651	0.412981839069714	0.278901234489867
0.178608945156281	0.185533169619913	0.323943737840149	0.231272424644601	0.26611633145429	0.2669652957313	0.00224810709825303
0.307641912571759	0.305495156588945	0.329976759597027	0.297309258030295	0.309720501005807	0.31085512970034	0.171914174107553
0.53214391719625	0.534033007827121	0.52661229487381	0.522381757925279	0.519973424701327	0.523166985083951	0.450846057149814
0.103124639669219	0.105558041019326	0.300961064454819	0.187338460048732	0.228868867389719	0.22629891278069	-0.063750629661963
0.391548660954958	0.385238126536527	0.407313867602846	0.371453470391511	0.38277393774922	0.381175575464799	0.19969228012873
0.323792965397014	0.326011058990948	0.360231605604229	0.321001749817475	0.335003713796047	0.333182830578962	0.153375827782333
-0.201029516323061	-0.207157252155044	0.108785834781805	-0.106329507607882	-0.0677318287350673	-0.0734651291566253	-0.227382453306615
0.409680813026655	0.411339899464685	0.409092918992245	0.392775674227466	0.399529356958806	0.397466649621712	0.259900468354612
0.352521356449585	0.350504167601297	0.385399869334984	0.346313403195966	0.356351151560646	0.354531661264044	0.163772416416216
0.459394060652797	0.45532942548201	0.450416277486567	0.429265052158958	0.43647114572362	0.442325596844313	0.310753980729786
0.425174182286322	0.42333730058699	0.412587064462852	0.404121693205436	0.407175109033505	0.407041574204041	0.304628785672104
0.439099853822942	0.441333668825356	0.430343604983645	0.413561709143783	0.422640763129118	0.424042360328974	0.293271316101038
0.47184621411965	0.472444247285597	0.468663913449875	0.454341399022558	0.460439707151668	0.458860816487551	0.337396591062924
0.420163651323346	0.424039411229357	0.428158904789902	0.40585093233705	0.411143099049472	0.41809634312292	0.243397303080591
0.0229992473685996	0.0218742481295505	0.290170747543237	0.142966236280413	0.181358710343557	0.175284713760644	-0.134956089983565
0.466020635851008	0.467236390259572	0.454169832543628	0.445927545122665	0.454045920848758	0.452032945021032	0.349385537133457
0.0860609639203634	0.0949671128846548	0.26542786030876	0.152710908284431	0.187355174796303	0.187242921957794	-0.0293067807682882
0.361620828017711	0.360881750470949	0.364790110224493	0.341765721283531	0.351081903493562	0.352509054498572	0.222691687326408
0.010175444313366	0.00652751391634316	0.201709571280639	0.0795978559721796	0.107230092676114	0.104396993452465	-0.0616106732683155
-0.113199864230279	-0.112104071968209	0.217289459572336	0.0146915964523787	0.0628536013139003	0.0575027442782298	-0.194645707158836
0.430381913078207	0.431185708112841	0.442034185435126	0.411768581809323	0.423038396425685	0.42646220533387	0.24412223787368
0.38882597683058	0.388717471356194	0.407563829969913	0.38044978455918	0.387836774848251	0.391389291960951	0.195362707716069
0.588562596309936	0.587595444850736	0.585757167261795	0.584118796221081	0.581336132280363	0.582393691997927	0.567505640670926
0.179306649785314	0.177603610812745	0.260297591164348	0.196802884761369	0.216816407744575	0.214114264804355	0.0732282492961504
0.413296971890027	0.415408903096121	0.413342670153052	0.391195545592565	0.401507392677451	0.402360518049376	0.241473689546539
0.33108144335319	0.324844827984609	0.354538472511341	0.314399969260419	0.328309036113608	0.32650509700017	0.166787176417026
-0.379629573361741	-0.377956801992153	0.0319222786705726	-0.283292604398906	-0.252892360636924	-0.254401075620481	-0.393112237819588
0.198919168953561	0.193035652117544	0.303621678032447	0.228547728714985	0.259577472616696	0.254451445510424	0.0423593060863095
0.377097630392418	0.377760635606247	0.406850369484762	0.372819705564951	0.382254667495749	0.388004565254765	0.178181411157978
0.208316690485772	0.202372748978836	0.307217417645918	0.233432221513214	0.256235489940609	0.256562009340471	0.0429010304268146
0.335976133891094	0.337550223602893	0.358130638441647	0.324209377058216	0.339534013162584	0.339664338075441	0.178716458928887
-0.23530927059175	-0.23588541514795	0.0912112157416952	-0.141038487333993	-0.109368413257808	-0.106434816127884	-0.257530357014547
0.353780969276721	0.350754191709649	0.388852500024486	0.347875281566709	0.359422898444681	0.36347758220993	0.162084121328069
-0.138891114917181	-0.140593331168192	0.153018000659146	-0.0391780617970936	0.00120165311147699	-0.00172439089166026	-0.17646796704201
0.239903737324381	0.237420500506704	0.312731712684167	0.258069598549601	0.274465435151471	0.273796778190479	0.081854344328477
0.0920498199119495	0.10046894875987	0.27305407602506	0.164274588640978	0.194936323478794	0.193285424449256	-0.0351995445836607
0.062358390940149	0.0660590307612897	0.229451062502883	0.127551818402501	0.149681264393763	0.149567436639268	-0.0303414604401726
-0.135437667190478	-0.133429287656459	0.187570026276853	-0.00738678701031301	0.0308521102768259	0.0299717519776457	-0.190996768427727
0.415399927133836	0.413168065936783	0.426225481645958	0.39684181440117	0.406723980800278	0.405758344130972	0.229876727728528
-0.0377328122425592	-0.0480553089877582	0.233972354812622	0.0736942925338202	0.111782192053967	0.105156402837941	-0.136865640589514
0.475674283243919	0.477564328109515	0.465640034833041	0.45595050838353	0.457891744063354	0.462423118682467	0.357254391554357
0.395639399727157	0.390618747483785	0.395168586974805	0.370997018729986	0.381677374940334	0.387324522515271	0.239095254311729
0.351228348794015	0.356719724376121	0.375553003509831	0.340925128785819	0.351591429504366	0.352670117614212	0.182969884206967
0.388752732273712	0.391531837630116	0.397237007904181	0.371109501398022	0.382458007689233	0.380520802616543	0.225773755262533
0.0266470218395427	0.032487897458439	0.229445448685856	0.107397783874605	0.140231086966344	0.145351426457515	-0.0639325460827564
0.536343103635499	0.537386238598689	0.526726270136318	0.524657994230658	0.526426506597399	0.526042527255651	0.453688130757894
0.54105257871566	0.540846507140576	0.536267636954628	0.526653111139975	0.532261375845837	0.535077266509814	0.460905093837252
0.320757008536396	0.322031315553553	0.35378496398703	0.31086465543833	0.324317586627399	0.330032194371753	0.163433410883029
-0.0706157371841221	-0.0771880407713497	0.248429875683972	0.0593962185394395	0.115790198622833	0.0996935680964081	-0.178893391538412
0.40093756576873	0.393980694777243	0.400296535286485	0.381952440030658	0.383877676202539	0.389100270127486	0.240617533668757
-0.0218821716554502	-0.0162610362787329	0.25191772938916	0.0926456808921257	0.139011381651643	0.131933252268675	-0.129943437403606
0.499285444585922	0.498623110206567	0.491650081865089	0.485257736871956	0.491537584813295	0.490193715479268	0.359879445855335
