FMP	RMP	FPP	UPP	ANPP	NPP	ANCOVA
1.00025539935992	1.0016584245218	0.999909795143499	1.00046449597337	1.00150530521849	1.00028468976263	NA
1.00003912980981	1.0001740010937	1.000118953398	1.00033084381959	1.00125257371937	0.999981933112074	NA
1.0008605337135	1.00282202941854	1.0000900149588	1.00051567128616	1.0005822695975	1.0003211495845	NA
1.00043611880246	1.00013698606931	1.00041701874223	0.999913806075057	1.00122138813673	1.00013845545937	NA
1.00060031785127	1.00152109270657	1.00035125078251	1.00008421042782	1.0003105196155	1.00020738531896	NA
1.00084376987692	1.00063634967748	0.999805359470414	1.00086725490016	0.999998744411697	1.0009973265633	NA
1.00071933518001	1.00209485194611	0.9999753907258	1.00051541296343	1.00041569117017	1.00006509531099	NA
1.00065343419203	1.00772697131208	0.999878043133156	1.00050816664853	1.00036735387319	1.00085526515961	NA
1.00098972499464	1.0012729350372	0.999764560075328	1.00032291913481	1.00012833434574	1.00114851265901	NA
1.00097714103547	1.00272611564471	1.00005704014288	1.0005207054341	1.0003105596428	1.00067380163914	NA
1.00029788857775	1.00063831044503	1.00004300576483	1.00015923804161	1.00069200705293	1.0004702212819	NA
1.00315343572912	1.00138663576297	0.999959356763322	1.00013167428861	1.00122683912703	1.00011999066275	NA
1.00113068837621	1.00137318553151	1.0001363009267	1.00061153757396	1.00032357539154	1.00041307052084	NA
1.00038984543331	1.00133218159076	1.00081180720779	1.00023650307304	1.00002106835102	1.00071323812541	NA
1.00061765483607	1.0007881343431	0.999952075297968	1.00118744649544	0.999929025719135	1.00018598423728	NA
1.00190066542624	1.0015548989316	1.00035752568213	1.00046375362308	1.00057335064175	0.99980620963741	NA
1.00234296653872	1.00121392190087	0.999814312799011	1.00065129180679	0.999888775962891	1.00025657387626	NA
1.00045845895268	1.0016197509304	1.00054739032737	1.00002720171322	1.00025451042305	1.00021626075821	NA
1.00024148234361	1.0019190004099	1.00001172364452	1.00059576698216	1.00007237594472	1.00006996665759	NA
1.00056844832025	0.999863016186154	0.99985457518273	1.00088284392816	0.999733455827507	0.999867838636231	NA
0.999747988630038	1.00011023948855	1.0001279229835	1.0003853084342	1.00119164118114	1.00060582213221	NA
1.00046134425237	1.00170820323951	1.00005258129397	1.00174185831677	0.999903590392112	1.00092360689253	NA
1.00104066468246	1.00143972111479	1.00026854592359	1.00083398927878	1.00005017539591	1.001068075225	NA
1.00138571503435	0.999978098281491	0.999697310928995	1.00066076513335	1.00034530743971	1.00016414434076	NA
1.0003720652323	1.0002561189453	1.00004500015106	1.00001608365221	1.0001596826195	1.00039251139015	NA
0.999717114022681	0.999948209723036	0.999986233923504	1.0001190630583	0.999936837852971	1.00073978421869	NA
1.000506666193	1.00096108534563	1.00051226601193	1.00010171340461	1.00017768752592	0.999983705597556	NA
1.00056131289796	1.00093150960275	1.00012634840053	1.00067077299372	1.00106916298576	1.00035362699118	NA
1.00040074566605	0.999920910654622	1.00032785165452	1.00057057850163	1.00011532443767	0.999963135888996	NA
0.999870992785892	0.999955781861551	1.00000859107435	1.0000937221165	1.00009467907808	0.999736698397628	NA
1.00172017595477	1.00145751393647	1.00034954730755	1.00030919365888	1.00079901646714	0.999913551747988	NA
1.00080728116891	1.00059990132969	1.00015476495553	1.00008765303107	1.00039718398627	1.00106099044524	NA
1.0023647016568	1.00180186118158	1.00007675636264	1.00033219895404	1.00068151007465	1.00015239946189	NA
1.00055363161483	1.0013859078579	1.0002977038184	0.999952590626375	1.00065751481363	1.00085246687948	NA
1.00116508237422	1.00177827151049	1.00026073437306	1.00154943253837	1.00024697479475	1.00015480456272	NA
1.00028611453179	1.00032477173225	1.00000675927348	1.00119476371649	1.00131214583546	1.00042680392381	NA
1.00013224805249	1.00077833629128	1.00065164066147	1.00047854468913	0.999865980878225	0.999792081219281	NA
1.00061694558783	1.0009213694681	1.00034156636182	1.00018688911896	1.00060840684218	0.999907758878502	NA
1.00007828358267	1.00039540278565	1.00031906229604	1.00000459983448	1.00019704099334	1.00004033747994	NA
1.00036976688695	1.00080349612051	1.00015397782542	1.00098376960063	1.00060408591877	1.00063945742043	NA
1.00249498949214	1.00212998733326	0.999807496027166	1.00013822112806	1.00037358701087	1.00077635904888	NA
0.999860350495912	1.00044422288816	1.00037757425652	1.00017547155805	1.00022702531494	1.00016425298511	NA
1.00144785160759	1.00109127515673	1.00003610341286	1.00068324164483	0.999968161875349	1.00069445104277	NA
1.00299790243535	1.00149986346169	1.00034343306318	1.00151172132174	0.999898734894493	1.0013580286074	NA
1.00144168040059	1.0011372138696	0.9997524657347	0.999967943607598	1.00009556292869	1.00033705544342	NA
1.00036933823063	1.00011491805252	1.00008793181937	0.999984923462826	1.00032339548052	1.00014220546748	NA
1.00024704746084	1.00034801869442	1.00031784555905	1.00005727756115	1.00031570074572	0.99987858675224	NA
1.00026110933975	1.00207190424496	1.00001191460959	1.00005392741771	1.00000447387998	0.99985147592552	NA
1.00048150722834	1.00062127761425	0.999940713961672	1.00016255362729	1.0003498116948	1.00026703528065	NA
1.00242338635129	1.0036082562401	1.00001495111009	1.00006754313759	1.00026427566208	1.00038207329877	NA
1.00012433489793	1.00020564932975	1.00002208557168	1.00105356844481	0.999755257980758	1.00149729528131	NA
1.00146483638213	1.00014531029387	0.99990722300082	1.00017734658296	1.00130606249952	0.999977571745906	NA
0.99973809927698	1.00013819718761	1.00063191247813	1.00003789739667	1.00025277601979	0.999795538477381	NA
1.00029621289874	1.00019552315405	0.999832990528507	1.00100937238035	1.00015117999567	0.999993169872576	NA
1.00034213342775	1.00302421572241	1.0000434652726	1.00106600245265	1.00045905892302	1.00049392098836	NA
1.00018199588796	1.0004336976508	1.00035554492908	1.00005877837223	0.999917810475394	1.00035878360556	NA
0.999922164978938	1.00052823006869	0.999948658506755	1.00036675176858	0.999973442898017	1.00025599863135	NA
1.0010791078753	0.999999372131888	1.00009934044583	1.00057354193738	1.00090409947781	1.00012242394393	NA
1.00035236371351	1.00040749527279	1.00022029959801	1.00018872754557	1.0001320202823	1.00017894538537	NA
1.00029844070023	1.00009140726762	0.999939131306542	1.00132663694085	1.0002411771122	1.00012618235134	NA
1.00072763341104	1.00139455781278	1.00032619679363	1.0007895645936	1.00059986455869	1.00054780649574	NA
1.00057884657163	1.00023553545307	1.0000622177985	1.00116999635413	1.00056533172701	0.999900201635442	NA
1.00065413915703	1.00114162200478	1.00030321386325	1.00093015859928	1.00030092403629	1.0000368347245	NA
1.00070589365548	1.00070065936286	1.00000077878002	1.00053989386889	1.00006422144458	1.00030189124232	NA
1.00075359246734	1.00277909686824	1.00005487965283	1.00046040148355	1.00057315497708	1.0002166357971	NA
1.00109813517663	1.000194561502	1.00013657440919	1.0006930315863	1.00014679628734	1.00056924055965	NA
0.999822747572057	1.0007658287708	1.00004987411817	0.999980428209686	1.00000868542912	1.00010526329924	NA
1.00168899142448	1.00008292110032	0.999878075785166	1.000372605558	1.00030055354433	1.00019145441396	NA
1.00061384687858	0.999917360535098	1.00032095007997	1.0005563562517	1.00054778941285	1.00028199357116	NA
1.0008130985948	1.00367028116254	0.999995276824164	1.00115058784922	0.999835941377089	1.00013442444333	NA
1.00026783761809	1.00007388728565	0.999852054049506	0.999902193653852	1.00041266427293	1.00016074250478	NA
1.00198050432716	1.00057346765071	0.999824036720713	0.999856727763831	0.999993921634948	1.00110264976431	NA
1.00039021264033	1.00058434661307	1.00059540660077	1.0009240614667	1.00034677811611	0.999719042341747	NA
1.00013081627284	1.00005223139512	1.00030730363264	1.00039381970872	1.00081715318097	0.999873015038987	NA
1.00449988964654	1.00086365464037	1.00004264653549	1.00116220099038	1.00099942371664	0.999761384569933	NA
1.00124948672614	1.00135258971869	1.00016644572753	1.00058366592962	1.00011983910135	1.00013485688762	NA
1.00048282916972	1.00078864722952	0.999939687171774	0.999888525264708	1.0002481601019	1.00002535203969	NA
0.999738793758346	1.00035856467019	0.999836648708823	0.999794463738514	1.0006207951553	1.00062240863437	NA
1.00051744298168	1.00088182502562	1.00020348436709	1.00075209763008	1.0003727243874	1.00052116971298	NA
1.00031895109724	1.00024123997718	0.999923709679127	1.00066608116044	0.999992660221022	0.99990813425249	NA
1.00072908596529	1.00025444002948	1.00034251648977	1.00041162934645	1.00007820688621	0.999931389087248	NA
1.00116048443589	1.00101668452554	1.00010660767024	1.00245478510815	1.00133671299317	1.00009475066934	NA
1.00057486789564	1.00180403625697	0.999823462597079	1.00039199523573	1.00004343287812	0.999812859337956	NA
1.000109582884	1.00001749727468	1.00017707385603	1.00031294755018	0.999920090681851	1.00105802118095	NA
1.00108389452888	1.00012685281329	0.999879179648026	1.00022392985264	0.999917506746812	1.00118045069125	NA
1.00086601804603	1.00069926332722	1.00030235658725	1.00073611478802	1.00003492854398	1.0005138269455	NA
1.00142889822371	1.00073816577857	1.00029826883916	1.00026809563516	1.00016978485872	1.00029124869293	NA
1.00031037367902	1.00098172320814	1.00025332039093	1.00002946111308	1.00021014178182	1.00115804464474	NA
1.00068501844666	1.00015833633663	1.00001880927467	1.00069710926967	1.00055588771984	1.00051815104885	NA
1.00109943827741	1.00084442515856	0.999741952081457	0.99988352356786	1.00042040289572	1.00025300421242	NA
1.00013920599136	1.00028195478307	0.99981507651104	1.00101438823959	1.00057176028678	0.999956105859765	NA
1.00012514206181	1.00045375533428	1.00000150554618	1.00048479845495	1.00020491080615	1.00005405047055	NA
1.0001124365483	1.00199728494255	1.00018525844116	1.00039223056502	1.00018446243717	1.00013667421221	NA
1.00011684097506	1.00015413735857	0.999900576565843	1.00009846259626	1.0000662288614	1.00057560522762	NA
1.0010970435518	1.00073798908809	0.999897378467938	0.999911169739221	1.0002958697543	1.00079395371385	NA
1.00157507860828	1.00283982227851	1.00003756473606	1.00102490961732	0.999773260501201	1.0002338834876	NA
1.00143929186479	1.00054148695725	0.999751985836211	1.00052479246793	1.00036523280751	1.00053173699922	NA
1.00084103893972	1.00075832550135	1.00005632158856	1.00056131508675	1.00008901759739	1.00098173367579	NA
1.00127482696294	0.999742545863563	0.999841711032244	0.999788550796295	0.999855376669325	1.00107982087067	NA
1.00418061878666	1.00333887602269	0.999941866721831	1.0018290537568	1.00060228900322	1.00069786001971	NA
1.00063657862968	1.00142797238255	1.00004803962345	1.00004533655364	1.00006760686909	1.00013433717595	NA
1.00051186964551	1.00078609885816	1.00002632645533	1.000172351996	1.0002579963506	1.00049646156487	NA
0.999968562154996	0.999992995523409	1.00013911470814	0.999948777230793	0.9999801300139	0.999993425977883	NA
1.00009031561936	1.00269749451869	1.00020662355306	0.99995841855348	1.00016003315255	1.0001008444991	NA
1.00175059834365	1.00082668414382	0.999922933962552	1.00071141669531	1.00013794359742	1.00041354217137	NA
1.00233629783741	1.00178471986549	0.99998860404926	0.999818378776844	1.00103467802337	1.00001202834627	NA
1.00362471616383	1.00611934415401	1.00027984782196	1.00063897836386	1.00022412087184	1.00093299436237	NA
1.00010793915378	1.00117750858907	1.00081395484171	1.00064545098021	1.00017922729499	1.00000189314033	NA
1.00070160150025	1.00061553303158	0.999892011721799	1.00020217975662	1.00043774353198	1.0007612132151	NA
1.000728270722	1.00045565677503	1.00047759606657	1.00018365591242	1.0005224458477	1.00038533856211	NA
1.00069406671076	1.00113545879268	1.00054079735677	1.00093563122759	0.999933311732463	1.0004009938064	NA
1.00093272884021	1.00038799332909	0.999974747707808	1.00031611909462	1.00137105574735	1.00052747683967	NA
1.00099640082135	1.0030930009545	1.00008043686195	1.00050269824747	1.00139365957431	1.00005347007379	NA
1.00001312507009	1.00037458694995	0.999898367422852	1.00015900589922	1.00042412334155	0.999908276338787	NA
1.00042175011352	1.00083267233351	1.00071290646495	1.00010749860152	1.00006869430421	1.00033954754889	NA
0.999979961266452	1.00024860695315	1.00010806243236	1.00085792416746	0.999710029785569	1.00014601089083	NA
1.00075599789411	1.00283357710741	0.999866392949123	1.00053656447497	1.00006386496769	1.00155471078738	NA
1.00052232721421	1.00017271735103	1.0003711758827	1.00036469866894	0.999883946176001	0.9999398199761	NA
1.00082793296059	1.00032561498888	0.999892405439724	1.00035903345156	1.00036850552543	1.00010736361898	NA
1.00089484345052	1.00120211472019	1.00013709252299	1.0002199593403	0.999892432726363	1.00124719011183	NA
1.00267692244005	1.0040875651196	1.00039504517612	1.00093834392623	1.00069772311641	1.00034909725154	NA
1.00148516600614	1.00035915197018	1.00029849105332	1.00014632569825	1.00034654653746	1.00052223400174	NA
1.00037083047422	1.00114397342812	1.00054975529172	1.00046813315711	1.00021338290074	1.00049213398685	NA
1.00412766681954	1.0012721474162	0.999752729506345	1.00166907026049	1.00032423110582	1.00028254000812	NA
1.00013688101074	0.999822393840361	0.999935245818643	1.00028289645713	1.00002165991833	1.00100205902704	NA
1.00052584290135	1.00035690221884	1.00000586271234	0.999768363006056	1.00077694712679	1.00004274718549	NA
1.00095326782836	1.00036560350291	1.00025632447439	1.00080660560684	1.00110487572085	1.00008817594172	NA
1.00178756728475	1.00171750029821	1.00009652961519	1.00021224186218	1.00005492022226	1.00000075157092	NA
1.00061137875169	1.00171130649259	0.999912182189719	1.00103021298129	1.00052230761863	0.999762866312702	NA
1.00081332024881	1.00064989952832	1.00002551348227	1.00137220061836	1.00021401714613	0.999974062614677	NA
1.00015000061545	0.999775362844988	1.00010983059695	1.00100432249511	1.00021960687689	0.99976691299552	NA
1.00056495753121	1.00131877956147	0.999650122467263	1.00069188489491	1.00035995849077	0.999974283602711	NA
1.00059766038564	1.0000522544852	1.00016689805513	1.0010865748758	1.00031519446545	1.00007457337886	NA
1.00017753435126	1.00025785517375	0.999898687441773	1.00034331084998	0.999934292932714	1.00061374465829	NA
1.00078681947155	1.00427469326419	1.00092469504205	1.00077807678139	1.00132594438557	1.00083792719386	NA
1.00101982672902	1.00109476489717	0.999955605004779	1.00126521089187	1.00098672778839	1.00084535768392	NA
1.00098845886495	1.0002879515736	1.00007584797874	1.00075639252905	1.00079205964447	1.000426419824	NA
1.00014337256019	1.0004555316238	0.999759680261981	1.00046513633792	1.00083735305729	0.999762787773418	NA
0.99987079948944	1.00010690919987	0.99985200979074	1.00019423418455	0.999797448781396	0.999889140941317	NA
1.00030944454977	1.00074821711045	1.00045926565176	0.99996188229408	1.00022245195802	0.999987559344343	NA
1.0003030084448	1.00054679112528	1.00074546985046	1.00072413928245	1.00042556459132	1.0012754589466	NA
1.00136897345251	1.00213030978003	1.00023450927023	1.00112211694486	1.00171375503796	1.00109290627704	NA
1.00183012226447	1.00074196134783	0.999935051323645	1.00016714542664	1.00040214785737	0.999733604035774	NA
1.00072497769291	0.999916664626507	1.0001024939439	1.0000379503738	1.00034692861869	1.00092012549509	NA
1.00116557070095	1.00111916012857	1.00021653547047	1.00114082523252	1.0001617152968	1.00010095365966	NA
1.00107354627838	1.00158195055901	0.999823555739183	1.00051324723317	0.999902203811349	1.00036627184462	NA
1.00189573954055	1.00146228109617	1.00075000909419	1.00041188953816	1.0001761413696	1.00016081653706	NA
1.00127151532851	1.00010070289298	0.999896884812436	1.00052472793722	0.999931850440488	1.00028919071068	NA
1.0021437288428	1.00330778589156	0.999983075442264	1.0008753056447	0.99999055161481	1.00171304788903	NA
1.00048986031956	1.00057653511673	0.999910893458529	1.00090285010934	1.00015662372423	0.999819316713335	NA
1.00116344256792	1.00068116652742	1.00022939160366	0.999698903099822	1.00042353357687	1.00225739234807	NA
1.00236829283538	1.00030339184878	0.999864524104097	0.999912595671787	1.0002343430149	1.00026554966658	NA
1.00056589646414	1.00069671222601	1.00020720668687	1.00022103537977	1.000498116419	0.999805745484283	NA
1.00018458885054	1.00128772437133	1.00016696774277	1.00014402828229	1.00020921188368	1.00064020584093	NA
1.00047782677901	1.0055519633564	1.00016937970801	1.0006686276053	0.999998502892567	1.00124028742186	NA
1.00436621714345	1.00344564307275	1.00007897907691	1.00140457476069	1.00036382945969	1.00006132832923	NA
1.0004156369137	1.00061235011258	1.00019300825227	1.00095239566108	1.00018581295652	1.00011105617905	NA
1.00047257065226	1.0002359964811	1.00061881257499	1.00031980662246	1.00058428069948	1.00056363991662	NA
0.999935583801882	1.00078559975183	1.00093195000783	1.00019985791964	1.00030985870353	1.00036131005601	NA
1.00044504471751	1.0008263249592	1.00026606625875	1.00018029999752	1.00014035763484	0.99979887310674	NA
1.00225811796107	1.00188810719371	0.999797443600701	1.00045060207871	1.00052537594891	1.00034561623683	NA
1.00016876855592	1.00032299151988	0.999983486364135	1.00062825870015	1.00059212103635	1.00015654135221	NA
0.999784212872838	1.00019943749851	0.99992894284224	0.999828512576284	1.00016852781093	1.00016272137281	NA
0.999877993444078	1.00025673661213	0.999691090674973	1.00011501777068	1.00168545416706	1.000791114966	NA
1.000265932269	1.00224108421199	1.00035188827198	1.00009511240171	1.00088196351236	1.00015143536912	NA
1.00391843404524	1.00500094885273	1.00010966260279	0.99999700967283	0.999819556527635	1.0000068911017	NA
1.00124969871835	1.00392761837041	1.00013404728273	1.00177021826452	1.00037907717583	1.00053426178138	NA
1.0008191714206	1.00136220233895	1.00000791908665	1.00123900387836	1.00033334579971	1.00087555257482	NA
1.00217227388622	1.00226845933033	0.999887515141886	1.00021196581003	1.00005145234484	0.999714125478216	NA
1.00037391929253	1.00072913338449	0.999858756877148	1.00007208277304	1.00101430170054	1.00036098142437	NA
1.0020510531786	1.00069405917496	1.00029840564319	1.0004044850676	1.00073510950098	1.00097195177826	NA
1.00039647602894	1.00028439478468	0.999816401229761	1.00066945985355	1.00072398293304	1.00075603119882	NA
1.00015692321601	0.999920270691048	1.00068195580072	1.00046505645125	1.00003778388958	0.999963779544946	NA
1.00053287174855	1.00222479845713	1.00007815542359	1.00045122283974	1.00099367479532	1.00062876004316	NA
1.00009715276293	1.00007044429625	0.999962399880132	0.999823081965168	1.00004756475408	0.999980519976614	NA
1.00079797988358	1.00174714129069	1.00002983513539	1.00138932532782	1.00005888092353	1.00046865616187	NA
0.999901939203932	1.00003160028478	1.00036364699562	1.00048443934134	1.00089326328156	1.0002731583599	NA
1.0018014448267	1.00092854596861	1.00017058011155	1.00079181413009	0.999912343882839	1.00002228803121	NA
0.999875166534072	1.0001368177432	1.0000411542234	1.00039526144398	1.00054503633336	0.99991436345929	NA
1.00137173867923	1.00119531327945	1.00024588662111	1.00028081945043	1.00053133013565	1.00126909043994	NA
1.00372206009204	1.00234414179926	1.00048804156806	1.00090354174852	1.00016262949452	1.00051907467182	NA
1.00163817082167	1.00286693886704	1.00064722029586	1.00056788806933	1.00091089150132	1.00030905503049	NA
1.00113599267384	1.00054743016056	0.999745454887284	1.00018472740386	1.00092725939139	1.00041005636517	NA
1.0003842848432	1.00040778787444	1.00129080238121	1.00021553126798	0.999864318981254	0.999820723644756	NA
1.00066258635438	1.00009471023249	1.00003933437743	1.00019732798463	1.00036397246914	1.00026840740357	NA
1.00002074785698	1.00044406900057	0.999703889282782	1.00010678307402	1.00031104548616	1.00040916106803	NA
1.00007222607956	1.00005087147395	1.00008384362177	1.00019411711088	0.999742153281457	1.00047742391376	NA
1.00050205443255	1.00088090965852	0.999813514608543	0.999856762974584	1.00023288576055	1.00032801044441	NA
1.00079789441359	1.00005068837434	1.00114808846196	1.0001818469879	1.00025393983856	1.00052677900056	NA
1.00199527814405	1.0006212688039	1.00021491692981	1.00070708074301	1.00085557446044	1.00007762912418	NA
0.99987993315055	1.00036734128645	1.00051945333484	1.0002776474605	0.999932654764067	1.0001538398234	NA
1.00169280081746	1.0008794473732	0.999804645332266	1.00062211041677	0.999835508870348	1.00171308400569	NA
1.00069155886999	0.99996392363817	1.00054789842505	0.999959643746565	0.999836716277564	0.999900295123066	NA
1.00050171949338	0.999870179054167	1.00007158258577	1.0001032876464	1.00045345542778	1.00059943986619	NA
1.00128450733383	1.0079993823385	1.00057516847662	1.00023290204355	1.00041337011853	1.00065457109467	NA
1.00012345159132	1.00016920099198	1.00021458401561	0.999870683489877	1.00026177392279	1.00027544339475	NA
1.00199484276167	1.00036917551327	0.999986805674589	1.00040080019853	1.00013823172637	1.00000595550532	NA
0.999922129046082	1.00064998421135	1.0000763752188	0.999719058934981	0.999748017936225	1.00025958663515	NA
1.00002504324347	1.00029646834441	1.00001109735065	1.00013029148792	1.00029857383533	1.00034264259237	NA
1.00186171213359	1.00014722461303	0.999733751007962	1.00067074989726	1.00131027988932	1.0001584706185	NA
0.999954737213914	1.00093457984432	0.999678283833644	1.00045969252756	1.00007986055306	1.00122574859471	NA
1.00261771589461	1.00090023918471	1.00121913340308	1.00059102987101	1.00055667649372	1.00168793085605	NA
1.00144715657589	1.00515597741352	0.999914313316126	1.00157750689695	1.00075356216151	1.00032184977372	NA
1.00890431957439	1.00068201013182	1.00038551527181	1.00047282988418	1.00006461316437	1.00050892033151	NA
1.00142669824926	1.00209298970624	1.00025278103803	1.0005132868622	1.00056476239908	1.00010675575465	NA
1.00049636356472	0.999889999062978	0.999860681109014	1.00057963131616	1.00028041533234	0.999954048767887	NA
1.00137198456938	1.00567821824655	0.999842752233619	1.00009927657328	1.00056771330734	1.00024948970207	NA
1.00098438470196	1.00017403088524	1.00015617389966	1.00051865980374	0.999954164766397	1.00033103137716	NA
1.00013095610105	1.00077599092455	1.00013921738237	1.00082056202826	1.00197177361979	1.00022633848437	NA
1.0002458718457	1.00001825490203	1.00022677551857	1.00014501272597	1.00111422785032	1.00040943015359	NA
0.999970012582485	1.00010492402717	1.00019265452338	1.00019044920714	1.0003295965441	1.00027082592278	NA
1.00014328148612	1.00190907340579	0.999919507086803	1.00020654047561	1.00055170950522	1.00040920915691	NA
1.00038757590606	1.0003228980168	1.00008818551166	1.000557704524	1.00017365042525	1.00021318887557	NA
1.00065588441704	1.0017958369827	1.00087500654587	0.999951733456131	0.999817588409082	1.00073935244949	NA
1.0002494950135	1.00124715862266	1.00000730317275	1.00005104961768	1.0005023206356	1.00057812294953	NA
1.00100277963406	1.0010405681993	0.999919786326034	1.00007368820344	1.00072757269108	1.0008838478447	NA
1.00105922844328	1.00049689931997	0.999903298077202	1.00012988629532	1.00118807758318	0.999905530417483	NA
0.999847516767565	1.00024562092743	1.00028476783943	1.00037034505387	1.0004306210217	1.00013341953401	NA
1.0003048888637	1.00167760146574	0.999993774307638	1.00043867587982	1.00048660055139	1.00034532725565	NA
1.00022851224057	0.999696626740737	0.999930338578569	1.00028463491714	0.999854437334299	1.00013378063921	NA
1.00032340084842	1.00096564801736	0.999930288893049	1.00086787429789	1.00084636907318	1.00038345555269	NA
1.00353985265145	1.00233826619564	1.00037790506069	1.0008631568984	1.00038167945329	1.00061443130094	NA
1.00015710253604	1.00038111709566	1.0002100597391	1.00101204795642	1.00081430679765	1.0008126708654	NA
1.00257398216502	1.0004075803753	1.00018167722967	1.0000205149855	1.00000907127093	1.0009493802551	NA
1.00053081541364	1.00086894193465	1.00060931642568	1.00066239134916	0.999716523744381	1.00006634239297	NA
1.0006706237102	1.00066232915005	1.00021007165412	1.00029882483259	1.00050763207776	1.0006370930156	NA
1.00015694500021	1.0011842697874	1.00059802361613	1.00011737813107	1.00003945315319	1.00000269819666	NA
1.00069778213195	1.00274469900621	1.00002921060674	1.00010326275385	1.00043836028386	1.00083454531326	NA
1.000161028599	1.00095135970476	0.999957932360805	0.999903579876212	1.00060105290199	1.00020387699748	NA
1.00093393385146	1.00082440261016	1.00055220730952	1.00007443503413	1.00031515868554	1.00178347186604	NA
1.00014711976826	1.00049921920162	1.00062409717669	0.999920114102726	1.00111482552735	1.00028685086932	NA
1.00039035557052	1.00003162146052	1.00020487012637	1.00020181826955	0.999771552107557	0.999894480829013	NA
1.00026425826099	1.00076202382695	1.00021180617658	1.00086902703677	0.999977335061809	1.0003258445503	NA
1.00001690134921	1.00047209219397	1.00024647665759	0.999807507676564	1.00049566882729	0.999956122560753	NA
1.00017988813445	0.999870098926916	1.00029138888408	1.00027523994058	1.00028603841372	1.00052213492289	NA
1.001923157313	1.00332653610615	0.99991585686243	1.00011745107664	1.00041666869955	1.00092540674712	NA
1.00037501773348	1.00216879046825	0.999894443276929	1.00040647426892	1.00040717741092	1.00012609503496	NA
1.00204931366288	1.00025273285976	1.00040926926991	1.0000615100275	1.00048573349256	1.00058762931635	NA
1.00088333014209	1.00146962603927	0.999890097001738	1.00029877745415	1.00100840116787	1.00010754330323	NA
1.00052774461472	1.00135723679896	0.999962006213414	1.00050664663642	1.00056139078623	1.00055025601504	NA
1.00049518764668	1.00040214423674	1.00051313282008	1.00030663464909	1.00006566897537	1.00015669074033	NA
1.00021630076416	1.00005703136245	1.00012140947685	1.00065071439435	1.00028130707581	0.999878303222196	NA
1.00066269912715	0.999850292270759	1.00081314185113	1.00015757271663	1.00010462412214	0.999949307634371	NA
0.999802807552027	1.00005433019379	1.00058256685105	1.00000428267832	1.00022318641959	0.999683448410143	NA
1.00014466107593	1.00089540057608	0.999890989132982	1.00036062015496	1.0010957806054	1.00049736556472	NA
0.999939189220287	1.00308676901894	0.999807096525123	1.0008814787534	1.00012724589005	1.00103131386213	NA
1.00021454664404	1.00048876681441	0.99986577619577	1.00060434687218	1.00021824180119	1.00006817511106	NA
1.00014784089658	1.00012160889016	1.00019015207725	1.00002164839348	1.00026408548556	1.00039484632289	NA
1.0002883030673	1.00005055854721	0.99997510078879	1.00035180566515	1.0003373192456	1.00010108486964	NA
1.00162167233116	1.00163301490502	1.00001599298037	1.00005111099624	0.99977301350836	1.00023935862357	NA
0.999784378029492	1.00060140181223	1.00000202200863	1.00089231516946	1.00061567805783	1.00070111237269	NA
1.00008689095146	0.999785727396936	0.999979370068582	1.00027995800842	1.00046232478311	0.999834340528158	NA
1.00063226289042	1.00090175158842	1.00008644580958	1.00019250535041	1.00002930930242	1.00037116591577	NA
1.00057563892702	1.00078777760597	1.00018223753923	1.00075307732941	1.00074614578199	1.00067006426541	NA
1.00042815067659	1.00007194864161	1.00028521048176	1.00057870832385	1.00088458562708	1.00007855932225	NA
1.00062003604565	1.00057052890837	1.00022206427107	1.00026795577496	1.0001848539444	1.00035625447985	NA
1.0004027253018	1.00095287584335	1.00009221088174	1.0001736027148	1.00080163942691	1.00052968524189	NA
1.00041199432047	1.00007629224809	1.00002947753969	0.999994203840147	1.00015942178738	0.999954371846113	NA
1.00068950015197	1.0004385502618	1.00011999595517	0.999876324207445	1.00042824197696	1.00000417465862	NA
1.00139089907186	1.00053638653425	0.999881932821101	1.00097232468773	1.00146435974767	1.00026719738502	NA
0.999748988893608	1.00072835349184	0.999910164112912	1.00044746626908	1.00002910856451	0.999893602829655	NA
1.00218859044482	1.00124346398187	0.999807564418638	1.00061930968754	1.0003322067539	1.00059875483995	NA
1.00092292424463	1.00476197730821	0.99996058204834	1.00172126742802	1.0012661335808	1.00052674488248	NA
1.00083184454092	1.00104886105528	1.00013409366729	0.999886248119392	1.00010902798626	1.0013834907402	NA
1.00055426436746	1.00046119620274	0.999758481211021	1.00033049933811	0.999864447712406	1.00061271866323	NA
1.0007938537099	1.00043986723883	1.00022447423257	1.00029457285703	1.00051586480611	1.00047274108365	NA
1.00098579723516	1.0001775530269	1.00003922745787	1.00024951281127	1.00031946175799	1.00028612576441	NA
1.00038138692437	0.999815893934066	1.00042807401331	1.00016555076968	1.00027433713899	0.999745538669553	NA
1.00109363101051	1.0018871508495	1.00008822477653	1.00056846272606	1.00042144325959	1.0014078888626	NA
1.0007400354914	1.00569216971688	0.999852670966272	1.00060697395028	1.0017398691455	1.00051126725857	NA
1.00038951474922	1.00018679025013	1.0003533729559	0.999901308601389	1.00100364711853	1.00013574493093	NA
1.00043698751238	1.00125898876967	1.0004191501274	1.00057286921584	1.00012642735761	1.00042370579069	NA
1.00183563913918	1.00131819917777	1.00039283712584	1.00078506624881	1.00071249919313	1.00006619554119	NA
1.00135230915763	1.00114132963268	0.999955420051538	1.00050744047005	1.00048287209446	0.999959979347909	NA
1.00030286530773	0.999849525937573	0.999650361672364	1.00041638947841	1.00048772510635	0.999691305034959	NA
1.00050637200836	1.00181925493491	0.999890354327666	0.99990524353966	1.0019853716786	1.00064678875369	NA
1.00002360232049	1.00032505859932	1.00019144901756	1.00069126967355	1.00079764518312	0.99998119218671	NA
0.999906462475864	0.999989427234735	1.00020451559901	1.00025947098941	1.00013915997265	1.00073937502256	NA
1.00006124160331	1.00017578537514	0.999898853932138	0.999859426018697	0.999872950184407	1.00034263907237	NA
1.00322336661845	1.00045065393616	1.0001819397823	1.00080121727764	1.00083816943381	1.00083766216206	NA
1.00176381305103	1.00022775909937	1.00009981076659	1.000389592982	1.00065575238415	1.00036680429816	NA
1.00067490062113	1.00037353924703	1.00066416988741	0.999981111484498	1.00091799411431	0.999917240534307	NA
1.00274547372041	1.00207647047502	1.00068751214888	0.99979896772897	1.0003937774054	1.00026537917432	NA
0.999834785495662	1.00095625401397	1.00028268712457	1.00020340322257	0.999767062542609	0.999994595822242	NA
1.00039963937932	1.00123658235677	1.0000054921081	1.00003196478385	0.999689365285991	1.00034173122254	NA
0.999863111184253	0.999973288387504	1.00015413925788	1.00011619490447	1.00020311391358	1.00023649940854	NA
0.999965290845373	0.999762979700456	0.999824712604516	1.00069209041236	1.00105624276412	1.0003543305619	NA
1.00134906589801	1.00063787941146	1.00021952220381	1.00031310354209	1.00008055199622	1.00080898475815	NA
1.000727358432	1.00059464659466	1.00064836320001	1.00003384048413	1.00046340781608	0.999925147737509	NA
1.00024913996761	0.999974148146957	1.00028841154653	1.00012019830903	1.0001505972846	1.00046567331423	NA
1.00004730397886	1.00067328608257	0.999794453836404	0.999815425603839	1.00119497427113	0.999938044369818	NA
1.00086693392207	1.00043187575511	1.00084590657917	0.999757375196927	1.00073597160049	1.00060748882712	NA
1.00066082063266	1.0016817463291	0.999931521240068	1.00039364604959	1.00019163604559	1.00150017591631	NA
1.00049945209378	1.00090883075556	0.999819489899371	1.00059763385639	1.00068057663497	0.999972391707605	NA
1.00005230977325	1.00085345675695	0.999650465867292	1.00008253948522	1.0000119727475	1.00046030005335	NA
1.00083932167784	1.00020570044549	1.00044814573194	1.00026398810908	1.0005276580879	1.00034189927871	NA
1.00098522574501	1.00022184363909	0.999838966226188	0.999971929956209	1.00035491339365	1.00011742075783	NA
1.00041125399562	1.00202670999746	1.00009830114121	1.00061434291604	1.00022200756758	1.00190704790242	NA
1.00074282226265	1.00033220870589	1.00001717528066	1.00037975594086	1.00066717323855	1.0008435915506	NA
1.0010370975148	0.999888746458513	0.999832894425824	1.0004063722736	1.00083892927686	1.00040360597819	NA
1.00017984971858	1.00030060611666	1.00002044607141	1.00015970083329	1.00037404177883	0.999870840561395	NA
0.99982389166816	1.00016109922976	1.00020895780893	1.0000090710502	0.999686686764323	1.00017418614838	NA
1.00020031326368	1.00051879516363	1.00006584425281	1.00056481439355	1.00010373453748	1.0001114253145	NA
0.9998017595339	1.00039417151643	1.00037877348746	1.00072498978583	1.0005559833305	1.00018484213724	NA
0.999752474443949	1.00017629793308	0.999819097934491	1.00020551193916	1.00045563947386	1.00033530906469	NA
0.999786295007802	1.0009008106021	0.999739094975527	1.00014336254024	1.0009464902863	1.00030735512953	NA
0.999758575477906	1.00047817218012	0.999835643030651	1.00014921107652	1.00015140539183	1.00041892048968	NA
1.00163650321756	1.00056603497561	0.999983440005944	1.00081367285016	1.0000697147797	1.00026098350182	NA
1.00091275919311	1.00109998440592	1.00048794317376	1.00041208265271	1.00087836768753	1.00050122125509	NA
1.00059752819038	1.00021848507047	1.00015104740366	1.0005403134568	1.00021358206621	1.00095824174196	NA
1.00014618672705	1.00007917170475	1.0001544029717	1.00038472049594	1.00017483006578	1.00001100877995	NA
1.00154755808244	0.999866774150679	0.999909346326293	1.00051392357588	1.00062729116762	0.999772426336417	NA
1.00102218787883	1.00033691055734	1.00019959308906	1.00085040897263	1.00044852324998	1.00104140395187	NA
1.00060501562272	1.00037571215177	0.999834330293439	1.00112292448119	1.00055936247069	1.00080337506728	NA
1.00020566044489	1.0002496333169	1.00014384164127	1.0006124042668	1.00030222359429	1.00127354700597	NA
1.00004164893072	1.00132367824975	1.00010371901025	0.999963245382098	1.00041846028222	1.00012081629555	NA
1.00011976684912	1.00005421302512	1.00039192738909	0.999869920125295	1.00015115837573	0.99984448332757	NA
0.999970423960988	1.00066183094182	1.00005770716154	0.999746668353483	1.00024298253868	0.999973304047651	NA
1.00235942913153	1.00042050062846	1.00006441658012	0.999871585422337	1.00075669756805	1.00072408285973	NA
1.00022656740155	1.00007463515384	1.00004582522095	1.00000980704521	1.00103578092255	1.00018512761798	NA
1.00018198395605	1.00113638603765	1.00064422655565	1.00018232484126	0.999791185090732	1.00042859496494	NA
1.00004462294981	1.00066102846583	1.00140734160226	0.999953648936979	1.00030975080625	1.00013511292911	NA
1.00079643468562	1.00040280659078	1.00003859638626	1.00004668636	1.00024998761741	1.00083354589999	NA
1.00039365775774	1.00213690051161	1.00044333360284	0.99994110514725	1.00076585193153	1.00028233227585	NA
1.00062338808761	1.00074183956438	0.999841811627069	1.00241387932058	1.00014347671893	1.0004683529552	NA
1.00174369662745	1.0014640629312	1.00008277958103	1.00029977584037	1.00011133286973	1.00076436408202	NA
1.00095078198386	0.999807402599957	1.00033449525237	1.00084412822985	1.00027309125698	1.00009704792127	NA
1.0005631018246	1.0009904557858	1.00018024093048	1.00084635222944	1.00083417793115	1.00067763676637	NA
1.00014716555522	1.00112325313482	0.9999979351511	1.00066664506799	1.00056137847304	1.00013930525392	NA
1.00024647685166	1.00045365698092	1.00001322381693	1.00007229865345	1.00017348722782	1.0000014709485	NA
1.00284560519503	1.00360336454604	0.99989332578077	1.0012855993144	1.00071700048832	1.00051631036582	NA
1.00191318637494	1.00037894456808	0.999974753123203	1.00015862401022	0.999717195765954	1.00006262826031	NA
1.0014370127832	1.00325447806299	1.00051863916342	1.00036568194009	1.00036457253566	1.00235011325324	NA
1.00058877888523	1.00178591781473	1.00023292719948	1.0007175816275	1.00011779383941	1.00085137887435	NA
1.00018973394682	1.00035291751526	0.999953913741817	1.00034549472945	1.00014114074303	1.0001700301692	NA
1.00155264904487	1.00089433117844	0.999972896353809	1.00016628466428	1.00003072421741	0.999912901821264	NA
1.00036946831006	1.00151688292851	1.00079400606493	1.00059981175624	1.00058810595007	0.999990531181486	NA
1.00032876784041	1.00141674678504	1.00018216504804	1.00004695026512	1.00048298992603	1.00066356716831	NA
1.00081084543312	1.00056318688563	1.00051860915512	1.00028023256498	1.00066814613826	1.0001652352052	NA
1.00029613912286	1.0004610961645	0.999980380991094	1.00083621352503	1.0002777113858	1.00034429234629	NA
0.999741166480983	1.00016506678458	0.999723042232075	0.999956810106036	1.0000135335163	1.0004599134107	NA
0.999917257642869	0.999943999745508	1.00009662104835	1.00024918710333	1.00005591456166	1.00085140376898	NA
1.00031022555147	1.00175001854855	1.00060038162069	1.0000606280321	0.999792224321582	1.00113825922402	NA
1.00105342355143	1.00171957784155	0.99982329075017	1.00085312284177	1.00079058811148	1.00045398417832	NA
1.00012500936366	1.00165754874431	0.999927428221987	1.00029013318343	1.00131543514771	0.999999144703701	NA
1.00114342121616	1.00019086185688	1.00010190817399	1.00041232012237	1.00027328864644	1.00021555466075	NA
0.999945621551369	1.00033115061112	1.00002308710773	1.00029754406261	1.00019475712489	1.00020361241754	NA
1.00077989120726	1.00045533460384	1.00028790153547	1.00052988495977	1.0002480653051	1.00012029074067	NA
1.00021052512115	0.999941300015703	1.0003093821209	1.00152746662646	1.00018307370834	1.00012502171961	NA
1.00014651840897	1.00009044403505	1.00015537529665	1.00062644088388	1.00037984790065	1.00003811593852	NA
1.00085390438197	1.00401277667338	0.999841850342556	1.00043490072024	1.00046995815436	0.999989920773208	NA
1.00018259800252	0.999824374707994	1.00000102695821	1.0003888882732	1.00063035074467	1.00011788543003	NA
1.00088252519296	1.00054546173572	1.00005192145005	1.0008367279557	1.00088695322527	1.00059709378971	NA
1.00527051256013	1.00523344363177	0.999905427972328	1.00033643421597	1.00087850842813	1.00064396600225	NA
1.00013385092105	1.00004705991142	1.00040567617859	1.0007186062071	0.999758795765487	0.999838063229878	NA
1.00017941838264	1.00037520279816	1.00013143753111	1.00025753855061	1.00065945710363	1.00002814909184	NA
1.00065329359236	1.00022010980443	1.00038964388805	1.00024014470837	0.999947240262598	1.00020150348834	NA
1.00043060247441	1.00011533852702	1.00027368405435	1.00059687999974	1.00034339713132	0.999998514514306	NA
1.00049774759851	1.00039539005861	1.0002003359103	1.00052173792262	1.00044667721905	1.00056780183127	NA
1.0016428750238	1.00044094808292	1.00024720192747	0.999861723939538	1.00044736985461	0.999746392608238	NA
1.00002310634568	0.99984961793086	1.0003039718451	1.00062935757608	1.00053246249486	1.00091631811284	NA
1.00081953065528	1.00013341321464	1.00032786718107	1.00051260060933	1.00044481583805	0.999917153569042	NA
1.00032594793349	1.00063903245379	1.00013528353076	1.00011766033691	1.00076431402754	1.00000596145968	NA
1.00083875760397	1.00107897866722	0.999739628157921	1.00026610635219	1.0006262013833	1.00001027514974	NA
1.00005745148198	1.00037307128189	0.999808011390473	1.00090752317561	1.00038467299626	1.00011009252724	NA
1.00062024598289	1.00064237699243	1.00136393580281	1.00070450308708	1.00080526268283	1.00041355872857	NA
1.00021893626375	1.00350391493664	0.99992997939116	1.00115131591425	1.00136013141808	1.00024008951536	NA
1.00088293811326	1.00069431236077	0.999760204957517	0.999946805577533	1.0004292540451	1.00014488381739	NA
1.00054851973998	1.0009644012487	1.00019972065274	0.999840132194906	0.999985486071512	1.00020779240316	NA
1.00057790526172	1.00108968559793	1.00004420517865	0.999975227898128	1.00092349662523	0.999927227021376	NA
1.00087306577235	1.00113079306507	1.00048103895475	1.00010093763551	0.999810404456797	1.00004642084909	NA
1.00015507434	1.00062950557892	0.99996168653549	1.00092189606008	1.00011300937289	1.00052905315433	NA
0.999769039169144	1.00021055810413	1.00008849938147	1.00064587152053	1.00041521823927	1.00020154185712	NA
1.00086557545534	1.00074994542731	1.00034430587779	0.999983300045776	1.00036275462114	1.00061007886734	NA
1.00037216388213	0.999805303104821	0.999713617323614	1.00075533482761	1.00013270941176	0.999928853132916	NA
0.999760907108198	1.00054865406772	1.00029256647242	1.00025983628963	1.00002607659576	1.00002481063063	NA
1.0003461954297	1.00055126302606	0.999898633732374	1.00040460641075	1.0001134134063	0.999907987702623	NA
1.00036084374779	0.999798024943685	0.999919892514465	1.00076252093458	0.999759962942404	0.999971309022762	NA
1.00029528768955	0.999983884078809	1.00055779889287	1.00042829188233	1.00050802287462	1.00049766476942	NA
1.00170646481896	1.00047090438399	0.999835202271104	1.0013693637233	1.00060994744645	0.999945240285528	NA
0.999930113828062	1.00153070149582	0.999852130939265	1.0001762884912	1.00012474911683	1.00073665967569	NA
0.999935207567256	1.00014411238707	1.00010714294141	1.00037182069819	1.00071957981567	1.00085023650352	NA
1.00069003113982	1.00091714038626	1.00015840390595	1.0000650715011	1.0002959743322	0.999778186182767	NA
1.00049811303929	1.00070379337228	0.999912127354412	1.00048036240688	1.00090465285155	1.00014357251097	NA
1.00121244194167	1.00011674756489	1.00012393150374	1.00042499963275	0.99988632586464	1.00150481922967	NA
1.00022892349873	1.00040907570511	1.00066632323112	1.00030524610295	0.999941770962502	1.00063567271767	NA
1.00092551616019	1.0009533202333	1.00035173547979	1.00012550894588	1.00035978378045	1.00038874812115	NA
1.00035123035013	1.00035118368417	0.999872804218532	1.00003101887169	1.00107415966361	1.00050358036224	NA
1.00252462143776	1.00514185191674	1.00008713173977	1.00052052709851	1.00099903559192	1.00015632653277	NA
1.00041446477185	1.00086307815887	1.00018372777036	1.00019848433827	1.00001169098936	1.00046250417936	NA
1.00046594687486	1.00009033148176	0.999881732441084	1.00017747015269	0.999950135899699	1.00091623488036	NA
0.999987643162761	1.00102484278929	1.00016839124282	1.00107912289909	1.00079389658842	1.00006004191609	NA
1.0042805945453	1.00083829404765	1.0013921398512	1.00075919014262	1.00025954412932	1.00015271376889	NA
1.00530081884476	1.00134303793233	1.00051335840051	1.00062413824753	1.00056531228968	1.00073864966377	NA
1.00030306818014	1.00100706740877	0.999918366552942	0.999753624072245	1.00035122697557	1.00097598399235	NA
1.00133049958456	1.00071075332497	1.00052429058496	1.00047676432971	1.00036878844696	0.999877558710847	NA
1.00093618149554	1.00079499924746	1.00021808629847	1.00037893548909	1.00011691534284	1.0005030170811	NA
1.00088565055776	1.00144146269966	1.00028868076571	0.999865383570292	1.00078114711098	1.0016552761294	NA
1.00084303983489	1.0018376646376	0.999889047759724	1.00076672627141	1.00202205913457	0.999944624789118	NA
1.00036297591406	1.00022325231818	0.999896644919493	1.00027721257169	1.00157197846502	0.999819198100002	NA
1.00071483241128	1.00072220480898	0.999846678389611	1.00070328077283	1.00128514054167	1.00008505215526	NA
0.999852087704799	1.00107644604426	1.00012320658276	1.00041619083376	1.0001521249819	1.00036232981703	NA
1.00089166196299	1.0002285675368	1.00001783005546	1.00024203509293	0.999934129518598	1.00027657696344	NA
1.00102408461066	1.0005165784323	1.00075292090625	1.00000952701903	1.00052171792396	1.00060476533337	NA
1.00125009695375	1.00151025576566	0.999845210736633	1.00069339801132	0.999968381782812	1.00034115031178	NA
1.00009285497499	0.999985867136625	1.00002056383135	0.999818615324759	0.999810867519526	0.999815050615936	NA
1.00255702738376	1.00104219636819	1.00044498317079	1.00170075440707	1.00052003693088	1.00062222306988	NA
1.00031942213574	0.999888394314032	0.999901000367619	1.0001762900206	0.999739349842646	1.00016047327696	NA
1.00139486303021	1.00013185349787	1.00096789324662	1.00047723881762	1.00002718254694	1.0000547680851	NA
1.0002602473367	1.0000879872628	0.999790258916634	1.00023371604935	1.00014640338317	0.999770924542742	NA
0.999898462399923	1.00067549741447	1.00011154212691	1.00083402887013	1.00081106673443	1.00005229215667	NA
1.0008571004978	1.00026888919886	0.999973541304719	0.999786677971018	1.00031166151157	1.00070331720559	NA
1.00058026652531	1.00098645193777	1.00008321360341	1.00022387060968	1.00007605514763	1.00094299273604	NA
1.00008707928943	1.00075101067235	1.00013749595516	1.00003757615934	1.00050257495393	1.00070442509092	NA
1.00144415690459	1.00242727740936	0.999889794356644	1.00131809009214	1.0004233696815	1.00019871439028	NA
1.00257212095719	1.00359102684625	0.999910264750537	1.00194845846358	0.999763137573777	1.00098275902627	NA
1.00026465470333	1.0004539174167	1.00005587323168	1.00071443510659	1.00008188049062	1.00026520231298	NA
1.00030626147367	0.999874912013614	1.00059964324985	0.999947342336673	1.0004967336137	0.999914837542121	NA
0.999981412380119	1.00024738810142	1.00040076104258	0.999781902724684	0.999922847341533	1.00007336885009	NA
1.00070588934149	1.00170807537327	0.999980697776965	1.00060056399964	1.00021916497089	1.00118760424874	NA
1.00204020816263	1.00334207027645	1.00005334254024	1.00003344941802	1.00026391684709	1.00003026732042	NA
0.999844418851956	1.00208718190978	0.999814404828533	1.00050579257225	1.00093554526952	1.00027756304412	NA
1.00053745385716	1.00020268203488	1.00030939964148	1.00142182237864	0.999849042241624	1.00049025358867	NA
1.00050017774096	1.00018316850903	0.999711633073952	1.00050398374077	0.999761800527649	0.999903748326529	NA
1.00006974223965	1.00028062698255	0.999856849573717	1.00028075963034	1.00029854975409	1.00062884151405	NA
1.00001345811843	1.00191858771788	1.0001590023679	0.999957772255861	1.00005453323439	0.999791969036662	NA
1.00359704840188	1.00445158185703	1.00112083548228	1.000198049235	1.00088186275461	1.00177837163676	NA
1.00102633395181	1.00118080165326	1.00027071548596	1.00035070236169	1.00072243073624	1.0005103794877	NA
1.00042952547648	0.999776544288669	0.999905050161384	1.00018572796932	1.00016592310712	1.00052588966565	NA
0.999966946986698	1.00137575138347	1.00062213745288	1.0015907897211	1.00021535240276	1.0003206379858	NA
0.999846439300122	1.00000491914328	1.00004009062218	1.0003196845825	1.00014927870299	1.00031932240743	NA
1.00153542072193	1.0042378233499	0.999873894577244	1.00101863433148	1.00024846830562	0.999945957783147	NA
1.00049683961262	1.00016363052473	1.00058091728511	1.0004211985255	1.00066461364271	0.999772473922719	NA
1.00098411251019	1.00079985570003	0.9998660782701	1.00041708177125	0.999912864355756	1.00002161810943	NA
1.0001276451841	1.00105413262517	1.00004656277782	1.00073893923224	1.00059414425751	1.00036502855744	NA
1.00116760148926	1.00082864340937	1.0000752446619	1.00011444439228	1.00047118193933	0.999986362981777	NA
1.00075950605757	1.00090476443768	1.000394394962	0.999906193189847	1.00022626485428	1.00004239959555	NA
1.00040901230474	1.00178859792999	0.999905200967792	0.99972714044221	1.00018395659324	1.00009979804277	NA
1.00250300642825	1.0008491203316	0.999969879455905	0.999826462748172	1.00091256710589	1.00070453015012	NA
1.00012797027818	1.00028955043159	0.999935691555806	1.000519232826	1.00095761074931	1.00032435246915	NA
1.00001164606465	1.00057403313149	1.00022169391844	1.00032154150684	1.00067548913562	1.00047405276681	NA
1.00158040324309	1.00113561936496	1.00085245121777	0.999968009085363	1.00042390212469	1.0001805657755	NA
1.00012538078107	1.00047841847257	1.00005329111539	1.00017489501614	0.999694264213149	1.00053615736738	NA
1.000087691382	1.00048630557741	1.00051881754018	0.999956041496957	1.00006668947651	1.00000075329619	NA
1.00054538011694	1.00044319359904	1.00012111689911	0.999810197483787	1.00070832933462	0.999970865901576	NA
1.00031782776345	1.00003786591408	0.999817701424725	0.99975277296454	0.999990212163477	1.00082617119648	NA
1.00128952565426	1.00151011273098	0.999965396277623	1.00029080509653	1.00018735210377	0.999916888091244	NA
1.00187178346821	1.00439593623214	0.99995238656714	1.00073184449859	1.0002690968636	0.999882399606428	NA
1.0001071951356	1.00030932998519	1.00010674703762	1.00078368633372	1.00083284336476	1.00008969626269	NA
1.00101557015282	1.00021013802507	0.999831149398137	1.0009327764662	1.00111577001283	1.00032370657676	NA
1.00025707993257	1.00026722307879	1.00011581714671	1.00018883514038	1.00011730683797	0.999941593439208	NA
1.00044054115007	1.00057427883458	0.999991454260252	1.00034080215377	1.00096555479197	1.00008658072273	NA
1.00047483088557	1.00029443935685	1.00007687010516	0.999855003145355	1.00010324864831	1.00012513489654	NA
1.00035510837493	1.00196518664818	1.00042430397145	1.00063825043064	1.00147176905807	1.00027182333914	NA
1.00130327278346	1.00139258310628	1.00020961078925	0.999998126582939	0.999850003253734	1.0002612913343	NA
1.00129680285503	1.0007072991364	1.00015423893988	1.00066947955393	1.00026983254467	1.00002234216297	NA
1.00043740514161	1.00042606632579	1.00022067757186	1.00011194987766	1.00024324693966	1.00021472588483	NA
1.00125535468269	1.00030084221959	0.999831785159832	1.00136103159214	0.999817642027137	1.00043544279773	NA
1.00030881991533	1.00084651865238	1.00037075866938	1.00070211574001	0.999867341022093	1.00024569976864	NA
1.00023359438345	1.00066712426017	0.999803568485795	1.00118607264002	1.00008867129443	1.00020618019134	NA
1.00085158064179	1.00082317235988	1.00030850630595	1.00019137860701	1.00005730216375	0.999918114675971	NA
0.999997823271543	1.00038168706988	1.00028290297863	1.00031418570448	1.00035526078428	1.00053094549757	NA
1.00054801600323	1.00270886719721	0.999862780823698	1.00120156263959	1.00119282338566	1.00053328338	NA
1.00030161647036	0.999904150403777	0.999728004518079	1.00012085341971	0.999908761036884	1.00081752664013	NA
1.00156698402499	1.00068944191825	0.999868286716805	1.00021568201759	1.00108791586567	1.00053594737492	NA
1.00072761624247	1.0000873328259	1.00008460990792	1.00095054960062	1.00014287908245	1.00037742539833	NA
1.00057842896522	1.00092673550222	1.00047990767314	1.00036114026865	0.999905567329799	1.00095959630784	NA
0.999870573195519	0.999956881899619	1.00011559737233	1.00077285388183	0.999928913971185	1.00043062749498	NA
1.00089592076165	1.00188917490532	1.00013710687686	1.00073440482577	1.00035468679293	1.00049556768727	NA
1.00039111877834	1.00020684023161	1.00047580715551	1.00075414595835	1.00013244347564	1.00091562181534	NA
1.00365260461737	1.0007337880643	1.00065114815157	1.00017523153422	1.00009942378529	0.999953567974848	NA
1.00057026247686	1.00504208128156	1.00010957217704	1.00008988798376	1.00041906179774	1.00100727551508	NA
1.00141921802895	1.00019103659177	1.00001417834659	1.00055543528806	1.00066885798712	1.00036281818846	NA
1.00006080376652	1.00088677190787	1.00009243627402	0.999971130844414	1.00041884984326	0.999744193617195	NA
0.999767871076049	1.00006611714117	1.00016152894242	1.00029654588424	1.00025773405099	1.00037904993378	NA
1.00048256299571	1.00085532809359	1.00038376547675	1.00069833300297	0.999758464776643	1.00124240717773	NA
1.00019081665293	0.999754551556715	1.00028563363299	0.999994956415101	0.999809597685715	0.999833954426685	NA
1.00070141095274	1.00135832804978	1.0001769701914	1.00047803324461	1.00049477744033	1.00019122018465	NA
1.00054085308778	1.00058049875484	1.00031172548084	1.00030663831246	0.999985414274013	1.00022878666367	NA
1.00101300521015	1.00611444929938	1.00008173118079	1.00078552440434	1.00008376869703	1.00072461868381	NA
0.999992803216366	1.00001719713733	1.00026163744658	1.0003360297598	1.00138129942241	1.00004654560525	NA
1.00057917275473	1.00139764396939	1.00014749966044	0.999805751370308	1.00035633226146	1.00037504587673	NA
0.999964599866947	1.0006808044063	1.00063325404471	1.00027156572764	1.00063196399933	0.999891408009684	NA
0.999932829570989	1.00088116892683	1.00007900622497	1.00085750331996	1.0008583928222	0.999754511006096	NA
1.00077987515902	1.00046307233918	1.00032286957323	1.00118784188299	1.00009066797149	0.999703563480804	NA
0.999865030807455	1.00102912155019	1.00026117367921	1.00052352958183	1.00064564076791	1.00004740827787	NA
0.999854876287223	1.00021112222133	1.00086670119183	0.999905197503468	1.00009487939458	1.00062042358072	NA
1.00054109443407	1.00214544068034	1.00051852045294	1.00059012909181	1.00027358218714	1.0000401203398	NA
1.00061887167633	1.00026953408307	1.00029583968631	1.00072079236245	1.00045688237713	0.999966790166125	NA
0.99998099952583	0.999802393987317	0.999896624733927	0.999793592351433	1.00002780144369	1.00014671960983	NA
1.00027910736322	1.00052125037298	1.00013732333597	0.999906519294163	1.00098878214786	1.00075146082197	NA
0.999838468376597	1.00115927872936	1.00033049029897	1.00095920429832	0.999984373691017	1.0012661358093	NA
1.00075452666581	1.0009144430834	0.999863494752295	1.00071063619171	1.00003106194817	1.00004427634218	NA
1.0006617171743	1.00001092870038	1.00012723749993	0.999800190557377	1.00012547894126	1.00084850022446	NA
1.00043989030142	1.00234881047675	0.999886658445705	0.999851084211381	1.00060528897085	0.999892480902628	NA
1.00062968147073	1.00129938283055	0.999889268940938	0.999775143745691	0.999924658760927	0.9997567640811	NA
1.00108118788718	1.00063932783082	0.999781578723937	1.00046250667736	1.00095214345832	1.00071670465322	NA
1.00054943308833	1.00168765603526	1.00022353750833	1.000111832488	1.00021963062935	0.999811011085272	NA
1.00077948939284	1.00035246727475	1.00041477144453	0.999798788493796	1.00016968256805	1.00042434766471	NA
1.0001279325177	1.00000944112222	1.00043290758311	1.00037384671211	1.00108793130198	1.00016290636728	NA
1.00068453035258	1.00016319252329	1.00091326493301	1.00032152010561	0.999854245113291	0.999977366309189	NA
0.999853730509781	1.00016022059303	1.00025421384037	1.00023814195123	1.00056482655405	1.00016207009004	NA
0.99987048050808	1.00025777220858	1.00048456562589	0.99992603533336	1.00014786931413	1.00165283337318	NA
1.0003969926037	0.999872565890837	1.00005491952655	1.00018907513755	1.00008415685948	1.00003375491213	NA
1.00019189946102	1.00003524881827	0.999829119168688	1.00033282671089	0.999901628113783	1.00026593588339	NA
0.999902468915165	1.00096519054163	1.00000290111589	1.00014252291486	1.0004862506345	1.00025662449558	NA
1.00069338999105	1.00181878512679	1.00001505228562	1.00004392200453	1.00021566437529	0.999903971184825	NA
1.00165235423728	1.00016114448219	1.0003135513498	0.999975097105426	1.00074573730795	1.00034783250958	NA
0.999963167402665	1.00071347444745	1.00036470440124	1.0005139398949	1.00038961167376	1.00039539645324	NA
1.00033952575784	1.00162310328169	1.00081957189334	1.00014261255511	1.00007056403232	1.00268993015262	NA
1.0009758162089	1.00040490854285	1.0006788500678	1.00008901997049	1.00047397795311	1.00029658488012	NA
1.00007101200594	1.00078298969577	1.00040733411898	1.00066242591684	1.00025930933855	1.00050469674361	NA
1.00166286826379	1.00045140218681	1.00018025225183	1.00022235341442	1.00026223936258	1.00050862736061	NA
1.0012582347597	1.00158577615542	1.00048801688944	1.00015880518414	1.00059576360007	1.00157357348146	NA
1.00027049626136	1.00023617294915	1.00023272655493	0.999967178793114	1.00011542894314	1.00065532231792	NA
1.00008062203353	1.00067675281471	1.00043009166908	1.00000027138646	0.999882087176322	1.00027887483138	NA
1.00075616248983	1.00163125636726	1.00026917424548	1.00025682367564	1.00066862338181	0.999982531890071	NA
0.999883901602218	1.00097774936711	0.999794404753719	1.00093640928371	1.00020958151619	1.00037836841814	NA
1.00314153186203	1.00186955480145	1.00068254609636	1.00043990069761	1.00011151662702	1.00014591939305	NA
1.00021297353528	1.0003978855677	0.999785399461243	1.00060488474855	1.00009196000319	1.00020815388318	NA
1.00049985546725	1.00114335758063	0.999827328646443	1.0001938161201	1.00035248514989	0.999732753805292	NA
1.00120340822895	1.00277492188949	1.00025476043075	1.00035314710803	1.000103850867	1.00046508051424	NA
1.00028956791691	1.00013393355764	1.00018951095974	1.00040957406734	1.00076873950426	1.00010266225058	NA
1.00208595764948	0.99976681749409	1.00014269312856	0.999928184545382	1.00073493569772	1.00015176842527	NA
1.00240146713291	0.99983802994025	1.00001366713643	1.00025652039142	1.0001327250317	1.00001364321179	NA
1.00064498671962	1.00124386516288	1.00000284180009	1.00080572546346	1.00062384712141	1.00022030379226	NA
1.00039556517784	1.00060719095115	1.00030351621259	1.00003312534555	0.9999356074849	1.00021984445557	NA
1.00056422362724	0.999778377971195	0.999866577271292	1.00015405787317	1.00037378576781	1.00018257703898	NA
1.00059143350028	1.00077376534658	1.00023507054914	1.000180954589	1.00036362376534	1.00031318365955	NA
0.999925964354819	1.00037591971447	1.00002678910861	1.00044239833857	1.00067470195432	1.00038317308083	NA
1.00261529214499	1.00036328273647	1.0005889459929	1.00027325178256	1.00120876514427	1.00005877959756	NA
1.00093993975318	1.00166855301911	1.00005486181639	1.00025567119458	1.00056997986822	1.00009733894418	NA
1.00068671453917	1.00259787047346	1.000251209308	1.00050205127804	1.00072138028014	1.0010818846714	NA
1.00031377981911	1.00091068514092	1.00035066695635	1.00055231580704	1.0001113320356	0.999687004699578	NA
1.00087619039516	1.00070702298757	0.999940485703886	1.0003263237191	1.00017286482306	0.999879783805981	NA
1.00091630436247	1.00067844807108	0.999989096659741	0.999854354782289	1.00042846335058	0.999882865985623	NA
1.00397056317719	1.00162343886783	0.999849545376376	0.999999503961127	1.00044567834817	1.00034484903918	NA
1.00047299498782	0.999905046538159	1.00040251723888	1.00038304901294	1.00022032472219	1.00008463196281	NA
1.00188915316972	1.00327564437423	1.00029398175655	1.00090274145898	1.00045969640589	1.00016131654877	NA
1.00051084406139	1.00091292510034	1.0005160282453	1.00070795015843	0.999907777178728	1.00028937133577	NA
1.00084886360074	1.00112574309018	0.999943825190499	1.00028679792541	1.00013094677097	1.00065574427321	NA
1.00162408120947	1.00061410121437	0.999880393091888	1.000104149029	1.00087538477274	1.00041493672665	NA
1.000225006515	1.00124975901736	0.999816195648525	1.00108786474312	1.00166446975064	1.00010106509846	NA
1.00077115523405	1.00057147659076	0.99993289388255	1.00033356400201	1.00091076809563	1.00170432546603	NA
1.00311523546583	1.00273445284794	1.00028308866189	1.00012108773146	1.00054595304463	1.00053310609612	NA
1.00050771849971	1.00010471433532	1.00021192978604	1.0002922096837	1.00028463591125	0.999842181392751	NA
1.00045324838591	1.00432598307634	1.00086558853844	1.00132794221584	1.00103347787371	1.00061903660335	NA
0.999951405242879	1.00085408906729	1.00017152677677	1.00050979076458	1.00006613544254	0.999903750846331	NA
1.00085376787358	1.00087645733676	0.999879124105444	1.00051608470374	1.00018118517453	1.00043457157251	NA
1.00070269987109	1.00111588988128	1.0000233489967	0.999949439317747	1.00081182358457	1.00062600675599	NA
1.000477214418	1.00087513158547	1.00016130920142	1.00072440149572	1.00034818008821	1.00020387824051	NA
1.00100465122253	1.00123080832425	0.999934352068569	0.999763778644453	1.00084195754892	1.00072694380921	NA
1.00057138945126	1.00064492129687	0.999667702169857	1.00037939777825	1.00237360351317	0.999768909747463	NA
1.00021005697268	1.00258941188682	0.999923056116686	1.00000317170174	1.00053589472159	1.00052970883434	NA
1.00067284170219	1.00029148367211	1.00000955144092	1.0001892498804	1.00019092095402	1.00018495093105	NA
1.00014314772907	1.00028793226293	1.00004430751343	1.00002313388064	1.00005485468225	1.00052639939262	NA
1.00005352241251	1.00013199258844	1.00002069645069	1.00038052161962	1.00072732914208	1.00005083535756	NA
1.00061728278145	1.00147997565034	1.00011517488952	1.00083665027451	1.00030824265483	0.999646629938011	NA
1.00205792436923	1.00174456989248	1.00053657341384	1.00165481161183	1.0001886755002	1.00135599299135	NA
1.00038110602449	1.00003016407128	0.999754919038376	0.999904989402039	1.00032993079851	1.00024402642377	NA
1.00220486627403	1.00144668037608	1.00001445290301	1.00079086079723	1.00041565942004	1.00069043617489	NA
1.00161958232184	1.00080895195986	1.00015981966954	1.00052015930751	1.00115849507511	1.00020378150791	NA
1.00183367385912	1.00035885026848	1.0002596991116	0.999992117277813	1.00026006919951	1.00223040301158	NA
1.00050893949887	1.0002085666848	0.999895203701008	1.00030943861751	1.00039257588481	1.00007378583608	NA
1.00298527065776	1.00384607888011	1.00045085946689	1.00043532946911	1.00117836116167	1.00142120320586	NA
1.0006908767011	1.00074750655115	0.999744623051178	1.00001023202555	1.00090278144204	0.999989662594588	NA
1.00060569296442	1.0001539492646	1.00031497013768	1.00021721890792	1.00039820493996	1.00012722875483	NA
1.00209939448981	1.0035183285852	0.999986074993619	1.00072370515725	1.00065373139907	1.00046850304754	NA
1.00085993652283	1.00029872683221	0.999887143839968	1.00059810570759	1.00005173980212	1.0004176631042	NA
1.00139966542833	1.00079562654329	0.999874138242289	1.00033682170444	1.00007968556749	1.00093071097001	NA
1.00075048557442	1.00032068680595	0.999830401894431	1.00077469823213	0.999761126986558	1.00014320923824	NA
1.00020275512429	1.00153175485505	0.999819804008492	1.00121704168947	1.00061183881991	0.999843871516579	NA
1.0008572680641	1.00023357830406	1.00017574509411	1.00008930335517	0.999986911962638	1.00033313222625	NA
1.0008303677781	1.00102931417865	1.00041006241926	0.999966408243822	1.00009553054033	0.999798470446869	NA
0.999794136909501	0.999982131141525	1.00030608668943	1.00026922085713	1.00023975060096	1.00038459855545	NA
1.00051894944252	1.00084785689806	1.00001646119101	0.99987749299509	0.999777206939232	1.00164843783236	NA
1.00052877979107	1.00101324753604	0.999733214264853	1.00016244902749	1.00102690222649	1.00021049028099	NA
1.00034669499091	0.999946183782529	1.00002361203033	1.00092659710854	1.00063231371873	1.00015168313363	NA
1.00076297856799	1.00066401359179	0.999871048150769	1.00001147795705	0.999749272973638	1.00016100693316	NA
1.00028795260117	1.00000028133219	1.00007579327194	1.00042176167009	1.00042225131694	1.00025519407808	NA
1.00084893446874	1.00227524351537	1.00006525751663	1.00013443081254	1.00040048353911	1.00060354827274	NA
1.00025563666363	1.00021464171835	0.999978035991233	1.00021696153388	1.00061411354734	1.00110434844745	NA
1.00006300938528	1.00037623143292	1.0005444007274	1.00001972728672	1.00075484566976	1.00004433727783	NA
1.0016139674698	1.00060774867592	1.00003157052241	1.00003637832739	1.00021223057891	1.00077493802413	NA
1.00104444001122	1.00133210120191	1.00046098602386	1.00018097305112	1.000196914181	1.00004358455141	NA
1.00092639593008	1.00192259085728	0.999966984768177	0.999842207946372	1.00042957576658	1.00027348836041	NA
1.00042407146533	0.999818586029698	1.00016671732877	1.00036235801689	1.00020613424799	1.00037758388642	NA
1.00044993894685	1.00113900976758	1.000112045104	1.00007294019133	1.00100712635813	1.00080840105457	NA
1.00011419691407	1.00039802005891	1.00024771101355	1.00014520753359	0.999893815648727	1.00014245706975	NA
1.00011083044141	1.00305170992643	0.999752256124592	1.00073327468667	0.999916538740868	1.00085902618814	NA
1.00062409652285	1.00054332183416	1.00019457830675	1.00024109632506	1.00009348314289	1.00016766934763	NA
1.00082793349988	1.00050045915098	0.999864967165124	1.00004250070011	1.00059331318849	1.00051618827692	NA
1.00029950460059	1.00087320163049	1.00003515916946	1.00074159125505	1.00072297199388	0.999956395140379	NA
1.00008187794091	1.00168828128523	1.00025881440061	1.00020732879467	0.999972751221581	1.00065704240759	NA
0.999995167385124	1.000121741236	1.00010973505748	1.00029710225877	0.999969664022644	1.00019051339317	NA
1.00020001083719	1.00071199583987	1.00004849099504	0.999854027474564	0.999955173142557	1.00037110161147	NA
1.00067584267017	1.001271859612	1.0000429206616	1.00090685204159	0.999929629093602	1.00034684636031	NA
1.00162472561984	1.00274878021208	1.00009074733235	1.00087233567255	1.00070349257729	1.00024180255778	NA
1.00023139373322	1.00063041612439	0.99972364731554	1.00039464848805	1.00011616667369	1.00084000925811	NA
1.00020494192941	1.00042273366302	0.999998376104877	0.999848815569937	1.00062051753013	0.999771901342317	NA
0.999930987431739	0.99988842073886	0.999986559429219	1.00073640397415	1.00031124132829	1.00034912025193	NA
1.00061218104381	1.00067711530446	1.00011685322823	1.0001606432119	1.00036916797318	1.00029909619952	NA
1.00046523753779	1.00013199428083	1.00014078095717	1.00057326784041	1.00043571972817	1.00038725434906	NA
1.00002060089191	1.00137694985753	1.00009580668376	0.99974586012701	1.00053148686877	1.00003641787599	NA
1.00047524353656	1.00113927373776	0.999786267577709	1.00142611990462	0.99968417588958	1.00002067473978	NA
1.0008250291946	1.00129431287077	0.99998535625557	1.00094943021642	1.00110579323535	1.00003284183129	NA
0.999847793470079	0.999958859425404	1.00022185096645	1.0000904178856	1.00022964035473	1.00013606510579	NA
1.00017810058849	1.00046968120376	1.00014773490176	1.0006284439061	1.00049217132521	0.999999687491556	NA
1.00190706461786	1.00323306035656	1.00016430323847	1.00010089785729	1.00111686856507	1.0006854591634	NA
1.00006952530393	1.00036476827845	0.999783692893698	1.00038608977792	1.00078159729284	1.0011008713272	NA
1.000441597003	1.00083587124105	0.999885679642688	0.999790430765099	0.999829569432028	1.00039624866703	NA
1.00048156608323	1.00029935814093	0.999962464234601	1.00042857968762	1.00030437484481	0.999916441533909	NA
1.00027690504167	0.999907618785925	0.999639557176098	0.999708194929031	1.00037170670257	1.00054872102722	NA
1.00069435215897	1.00048803705489	1.00002159305748	1.00147155239652	1.00019465575217	1.00031013211638	NA
1.00190940607759	1.00120367196846	1.00011893674321	1.00056275739296	1.00040512891405	1.00066169378636	NA
1.00212772189084	0.999989898918119	0.999997971180831	0.999776564979432	1.00028482467352	1.00054834889279	NA
1.00086957404122	1.00121124459237	0.999973250904286	0.999765727549716	0.999917592232055	0.999919574696167	NA
1.00152039582481	1.00113207876857	0.999991144198587	1.00073436288489	1.00071579763319	1.00003640046043	NA
1.00012021580699	1.00016286728871	0.999761172943286	1.00036242654277	1.0005467412213	0.9998956059715	NA
1.00039635534926	1.00040720410796	1.00036811980232	0.999877006275725	1.00006493566776	1.00001042948765	NA
1.00041031928297	1.00013068616971	1.00021181064831	0.999828776611948	1.00030346667509	1.00047909725082	NA
1.00075420182237	1.00070962379603	1.00002640490118	0.999857292978744	1.0006135868618	0.99986226785343	NA
1.00013745073073	1.00028641734944	1.00050078247153	1.00048114016688	1.00006429737766	1.00016675395009	NA
1.00029293093651	1.00002116333679	1.00001492442025	1.00062258687176	1.00018458890354	1.00043129164339	NA
1.00121699749305	1.00273530709002	1.00005290429165	1.00035228919623	1.00034552894255	0.999718466199391	NA
1.00083294464486	1.00192793047104	1.00049257602908	1.00140448760061	1.00037376159834	1.00072184119214	NA
1.00005518795944	1.00033111727195	1.00003932482608	1.00006421739957	0.999754444838414	1.00006543161475	NA
1.00130232732059	1.0005547795211	1.00025730831044	1.00001796079279	1.00028580591316	1.00038751084978	NA
1.00135568087718	1.00023415438361	0.999814154596186	0.999993047395604	1.00108805879084	1.0010615345398	NA
1.00089651343875	1.00095134098769	1.00051814527162	1.00066805547788	1.00002499407547	1.00007604932521	NA
1.00165301426953	1.00374074717609	1.00048139606794	1.00011425983272	1.00091893357334	1.00067081886866	NA
1.00133653619399	1.0033887807121	0.999925368361517	0.999937112609604	1.00026826332296	1.00099703841613	NA
1.00010909328128	1.00033590498021	1.00038196475317	1.00043909852703	1.00110584697197	1.00087460260358	NA
1.00124658355306	1.00252959582203	1.00016120298853	1.00032215580474	1.00025663637943	1.0017919127864	NA
1.00064965918023	0.999957517304374	1.00033901848251	1.00067032841843	1.00072432477565	0.999990895091534	NA
1.00038463752397	0.999998208340372	1.00083844603813	1.00021546021999	1.00024306859108	1.00038106555974	NA
0.999748861691294	0.999818353353349	0.99978908450767	0.999955230057634	1.00071521668398	0.999925707217961	NA
0.999892229396675	0.999908792819247	1.00016076830351	1.000201741244	1.00046530212848	1.00094221001031	NA
1.00200689626828	1.00060426144164	0.999900277971627	1.00041483501266	1.00070760811851	1.00082596739388	NA
1.00044350629894	1.00138605486739	0.999715307634551	1.0000115503488	1.00027620306609	1.00025277301874	NA
1.0011899322524	1.00087639087232	1.0001188312625	0.999835571628435	1.00012660429268	1.00090256442733	NA
0.99987710785822	1.00047843828767	0.999918810493615	1.000107898833	1.00066254322442	0.999930322412326	NA
1.00001122566822	1.00021839446052	1.00024784262999	0.999946987579119	1.00017515156966	1.00035800322804	NA
1.00195249537709	1.00266285396359	0.99998606637821	1.00003468083496	1.00059423845815	1.00039371566936	NA
1.0007384101093	1.00038012086855	1.00029783266262	1.00139793013477	1.00019184952052	0.999987689056059	NA
1.00017888973885	0.99967603899237	1.00045876279158	1.00049771260323	1.0011850699025	0.999762196618791	NA
1.00147081398066	1.00107017533263	1.00017198174724	1.00067565234971	0.999969741938958	1.00078170789012	NA
1.00111784242896	1.00246625595584	0.999826714313219	1.00139316231975	1.00057895154305	0.999891271798179	NA
1.00033428608066	0.999998120759695	1.0002202269049	1.00115671962597	0.999807209908074	1.00037897039088	NA
0.99990331196166	1.00074562352313	0.999880210807308	1.00048354157853	1.00009866785461	1.00110041188737	NA
0.999815529961989	1.00084820836572	0.999918193541713	1.00075418117303	1.00020337066774	1.00004718938612	NA
1.00102050471731	1.00192926684425	1.00002417198913	1.00008087369998	1.00000777958198	1.00001068468131	NA
1.00305453492637	1.00423018720594	1.00021786333221	1.00031517321377	0.999950667199214	1.00010570368895	NA
0.999822815648106	1.00083115868913	1.00012559350518	1.00049114809784	1.00002680625327	1.00016567277013	NA
1.00077171545532	1.00075470092391	1.00054590289223	1.00106554026895	1.00035181622927	0.999870000118286	NA
1.00035050526963	0.99980125819512	1.00039572793769	1.00072642611854	0.999949442420702	1.0008250235446	NA
1.00000321100725	1.00252572807056	1.00000705623288	0.999629542805919	1.00009718734489	1.000083864799	NA
1.00095990850351	1.00070743603689	0.999889609071864	1.00057416062192	1.00040574119808	1.0002942367487	NA
1.00017346007234	1.0000748136755	0.999838796812415	1.00001506977452	0.999999285611601	1.00076339675843	NA
1.000679203527	1.00027974847553	1.00102571532935	1.00006110490519	1.00121919137783	1.00008694163431	NA
1.00048804009563	1.000134284205	0.999998190196688	0.999866022126786	1.0002752580946	0.999986621843746	NA
1.00025865517038	1.00035175094083	0.99992074393282	1.00023771421287	1.00016049953929	1.00041001097876	NA
1.00053283041873	1.00076981076434	1.00012518489578	1.00016130297044	1.0005676558558	1.00091249188817	NA
1.00075639133083	0.999960476463363	0.999865496350566	1.00093501784417	0.999919939840072	1.00025626588035	NA
1.00045340870401	1.00024885365182	1.00033942967427	0.999933282472983	1.0002465886543	1.0007798381649	NA
1.00013619155324	1.00072967977439	1.00056140619274	1.00067773108974	1.00004824116231	1.00015850364096	NA
1.000370965377	1.0004530271839	0.999916685662534	1.00022209174826	0.999933144597066	1.00036246875681	NA
1.00164585032109	1.00167971965282	1.00036393273212	1.00048163752079	0.999994190699534	1.0008874784934	NA
1.00066636155314	1.00035712658753	1.00012935929529	0.999885712639489	1.00053512732885	1.00016773552771	NA
1.00175899863162	1.00130368911901	1.00016873738171	1.00083148729547	1.00009823374973	1.00033293925848	NA
0.999719146124222	0.999860521786285	1.00053640759742	1.0004853404093	1.00005755866451	1.00011482945303	NA
1.0008625802103	1.00037605793896	0.999842653740222	1.00027960720082	1.00052011635953	1.00103136765688	NA
1.00159766983462	1.00381126099362	1.00017214650667	1.00065813712563	1.0007356540057	1.00144394583576	NA
1.00045016436489	0.99990039446338	1.00014641467597	1.00012539608776	1.00067827718534	0.999869483292393	NA
1.00154531402422	1.0015122918859	1.00039794647926	1.00063294250195	0.999866919571505	1.00100487083998	NA
1.0002191721525	1.00009069445778	1.00062625296065	0.99978855757997	0.999808618776832	1.00016534765648	NA
1.00022432322258	1.00001012107127	0.99993737368983	1.00023964297743	1.00048736968981	1.00002931166079	NA
1.00213621027659	1.00218143409962	0.999909552333682	1.00025175176376	0.999819706152313	1.00069486694219	NA
0.999664577088293	1.00063757483948	1.00023432456455	0.999738446034884	1.00069731922706	1.00028784654749	NA
1.00211584197656	1.0008491491568	0.999962437791116	1.0001027955515	1.00074614150388	0.999907243892367	NA
1.00061711203326	1.00083328314447	1.00012732811016	1.00010888036999	1.00037516016049	0.999893846037122	NA
1.00096719853989	1.00055162872468	0.999879948459589	1.00071924597163	1.00075338956765	1.0004433892254	NA
1.00143424069925	1.00047290596895	0.999999958729166	1.00021963956607	0.99966487675613	1.00011077404915	NA
1.00034491133174	1.00013448008076	0.99997294026197	1.00118951009902	1.00042539476941	1.00028514444754	NA
1.00098516358535	1.00173219892022	0.999899816917801	0.999951012477686	1.00086083782309	1.00092324947161	NA
1.00027080222118	1.00090024038431	0.999867510774697	1.00058669158931	1.00052191282474	1.00058671633657	NA
1.00067985253499	1.00088162172001	1.00071558783316	1.00056508080108	1.00014807624393	1.00034644957813	NA
1.00114506698113	1.00238277090178	0.999734344704937	1.0008958132248	1.0008329005713	1.00051008742645	NA
1.00181118507155	1.0020802845824	0.999881753472804	1.00066988378839	1.00027676607623	1.00031177275624	NA
1.00049979587199	1.0011567396956	0.999832141668566	1.000430140196	1.00002663598029	1.00072482580356	NA
1.00009708056834	1.00000142759814	1.00022277648057	0.999866032161723	1.00047024329657	1.00027390272594	NA
1.0009140294529	1.00203934704023	1.00059366252718	1.0008466436599	1.00237042030132	1.00073934369032	NA
0.999779916387913	0.999737014574239	1.00005077420647	1.00058262861724	1.00088993873316	1.00049998825374	NA
1.00006485718785	1.00046947658572	1.0000782333127	1.00026608606983	1.00011776491424	1.00012606958227	NA
0.999983236918823	1.00052659804853	1.00025002174694	0.999969788032062	1.00045996634139	1.00012845057406	NA
1.00041519748672	1.00039585253	1.00002604129134	1.00039710134186	1.00014837287584	1.00020240743812	NA
1.00028266106145	1.00026093824626	1.00020658030745	1.00029532163252	1.00002206454655	1.00045673162094	NA
1.00021195490857	1.0005968469585	1.00023500751861	1.00031863321395	1.00078748176877	1.00010895191325	NA
1.00080825261656	1.00093297684213	1.00085176863689	1.00043341480435	0.999911654538338	0.999945308748734	NA
1.00009013656922	1.00016687383252	1.00010395256249	1.00046109659432	1.00051019760307	1.00055001692434	NA
1.00030755190511	0.999821214782292	0.999800761713839	1.00002529867714	1.00009661014641	1.00006334038234	NA
1.00076330451898	1.00004322433788	0.999721260643724	1.00068144566839	1.00091957908191	1.00060929983589	NA
1.00004090841709	1.00038957190611	0.999895529943186	0.999985228363061	0.999927161833001	1.00007752578561	NA
1.00454302954849	1.00516679370589	0.999939451128529	1.00059819429743	1.00017961637385	1.0009913788052	NA
1.00091829498458	1.0000630149117	0.99990064424721	1.00045207471229	1.00046228202571	1.00029928073422	NA
0.999834835105748	1.00035104394973	1.00034597752016	1.00177461280108	1.00067173104079	1.00024827314485	NA
1.00156113907627	1.0013554383582	1.00013748287367	1.00016409953812	1.00011641992251	1.00011606729962	NA
1.00146317773544	1.00289721557427	1.00004578538051	1.00028428407457	1.00039924735402	1.00035258698716	NA
1.00021058898618	0.999944010111153	1.00013157495516	1.00069624129579	1.00069335510232	1.00020436773965	NA
1.00016297324112	0.999974487523597	0.999851530153763	1.00093090474787	1.00033797012485	1.00067048977062	NA
1.00302648631191	1.00122776851684	0.999764979402183	1.00169837273124	1.00057744718486	1.00060963662544	NA
1.00001603454283	1.00060179152131	1.00004644684418	0.999705376649343	1.00056296444753	1.00065293450503	NA
1.00113704249472	1.00299059015887	1.0007907659196	1.00006754142986	0.99997386445089	1.00034700653263	NA
0.9998865232609	1.00126874695188	0.999875914868295	1.00015793315748	0.99983101201935	1.00061243163427	NA
1.00023187126497	1.00019077228442	1.0006462071459	1.00013937036021	1.000068210055	1.00078638461206	NA
0.99975970422506	1.00079551153658	1.00009095729776	1.00067990033658	1.00057562114405	1.00010947875746	NA
1.00077505827971	1.00365069869655	0.999949445640091	1.00050189349849	1.00181963088917	1.00069389122839	NA
1.00216203294268	1.00243314678217	1.00013620226321	1.00154164922814	1.00099270294447	0.99989608215684	NA
1.00061189071897	1.00111006105809	1.00037665706705	1.00028022925909	1.00010765820202	1.00002061704294	NA
1.00013032374035	0.999912327317458	1.00035053692227	1.0009141726816	0.99985800130146	1.00031091007508	NA
0.999855789485532	1.00011735148372	1.000293584735	1.00008475790853	1.00041066949647	1.00197264307186	NA
1.00076148315196	1.00086289550881	0.999864586167188	1.0014494772678	0.999749267106669	1.00114404380453	NA
1.00015699800166	1.0013677578952	1.00069805321936	1.00051453058871	1.0004702785815	1.00129919810306	NA
1.00021810864889	1.00094744029166	0.999861294818144	1.00018045726547	1.00056428177792	1.00030817593906	NA
1.00018821853385	1.00205459058421	1.0001453951923	1.00056422413882	1.00043639499382	1.00028980382611	NA
1.000263389037	1.00036469848563	1.00037420874924	1.00066460899264	1.00015069447899	1.00071946902813	NA
0.999996132222664	1.00064699997386	0.999890423994292	1.00002739859319	1.00032714997339	0.999788278842964	NA
1.00030495694583	1.00087489291881	0.999931983043924	1.00042933343787	1.00057371882669	1.00016168716044	NA
1.00066890024714	1.00055422856101	1.00012549424488	1.00005360118639	1.00062886066584	1.00024410711036	NA
1.00011185448879	1.00175045767119	0.999668233372603	1.00033344179869	1.00015488678906	1.00029934650991	NA
1.00115544284527	1.00206889327841	1.00008458544837	1.00066536065834	1.00027607431022	1.00005528215334	NA
1.00040144545288	1.00007525183332	0.999893269892562	0.999941846866257	1.0001248253383	1.00029793290079	NA
1.00174389740864	1.0012530859791	0.999925940680049	1.00003615814113	1.00028302949885	1.00013937238633	NA
1.00089051315774	1.00169612735944	1.00063988394016	1.00177543832482	1.00059924188357	1.00059092676216	NA
1.00142837276566	1.00146704652759	0.999706920169346	1.00025614191477	1.00073125263886	1.00203869715582	NA
0.999976574210345	1.00137294928711	1.00004719094025	1.00014654530475	1.00000515782055	1.00051797663629	NA
1.00106763367626	1.00150358874435	0.999839138923668	1.00019322209214	1.00006737905843	1.00022850720297	NA
1.00174086285398	1.00093763559493	1.00006610736338	1.00028820102253	0.999686084707078	0.999915770682076	NA
1.00109189471617	1.00212982594634	1.00035566225972	1.00116008929619	1.00043095589787	1.0001960191045	NA
1.00018809278993	1.00060778635111	0.99974702823099	1.00078988562746	1.00132793313824	1.0007585135553	NA
1.0010945361625	1.00147285156725	0.999817062546426	1.0001440481892	1.00029558268443	1.00014245864254	NA
1.0009034975027	0.999917738118567	1.00058138144135	1.00108153871863	1.0006224760361	1.0006835060843	NA
1.00078316603394	1.00066646519204	1.00038832360668	1.0004997470972	0.999712927484764	1.00007316256517	NA
1.00001080325064	1.00090400031683	1.00004973660075	0.999936590166977	1.00006093663214	1.00018070755633	NA
1.0000728001697	1.00019828110009	1.00021395695375	1.00022559778501	1.00085481618835	1.00003511471958	NA
0.999937507701955	1.00015072966035	1.00018883214241	0.999839903104199	1.0004883592734	1.00029571215707	NA
1.00065870641063	1.0003671602582	0.99997467047858	0.999912347944954	1.00026996121364	0.999791213054988	NA
1.00033901728098	1.0004644281074	0.999896949121112	1.00055311884352	1.00031763441351	1.0000951834375	NA
1.001204266648	1.00073723406894	1.00010046695582	1.00028300881194	1.00014746554539	0.999775059206421	NA
1.00169527646551	1.00107022517531	0.999687385077588	1.0003560638541	1.00040779206385	0.999972455958955	NA
1.00024358088321	0.999671250426598	1.00034865017735	1.00044638178458	1.00012504695143	1.00042519208922	NA
1.00063537498196	1.00124055781888	1.0001085728761	1.00064608950618	1.00008190575233	1.00076394447347	NA
1.00024585723877	1.00016684414826	0.999755691699115	1.00095430712791	1.00002090547876	1.00061172842729	NA
1.00043307311345	1.00165175206318	1.00042465066272	0.999933046877132	1.00120430522426	1.00135422785849	NA
1.00028891446815	1.00049907436645	0.999823567000981	1.00004908954648	1.00008811819171	0.999811927839833	NA
1.00086311875144	1.00111163331969	1.00019564627245	1.00055989094286	0.999858585031448	0.99980982877731	NA
1.00187176095372	1.00115009040037	0.999810839045285	1.00049950384157	1.00134827625185	1.00063614908845	NA
1.00055329953348	1.00260309710169	1.00000480978692	0.999829675883336	0.999816407201773	1.0000025243673	NA
1.0021630032214	1.00357613964536	1.00087000279899	1.00013921143883	1.00134590231511	1.00042825078919	NA
1.00182437734107	1.00006490936418	1.00068216600852	1.00022204445018	1.00051896516665	1.00050226297011	NA
1.00056345214847	1.00053797833109	0.999787464941036	0.999985469779684	0.99988326718477	0.999887972414106	NA
1.0004943854053	1.00095177014163	1.0001514059119	0.99999791592599	1.00025322761806	1.00029985099934	NA
1.00241069579177	1.00148028331137	1.0004969984435	1.00035998381643	1.00020601213841	1.00035668657169	NA
0.999919459945689	1.00131400821297	1.00041037907374	1.00048143929215	1.00057196539915	0.999874509004973	NA
1.00172518245863	1.00131677917846	1.00104918173681	1.00079118981159	1.00060996821018	1.00053961335218	NA
1.00073295359131	1.00013781149367	0.999881246257597	1.00016956360678	1.00005201865076	1.00008402364402	NA
1.00035918462569	1.00043789626055	1.00010494171415	1.00014490960672	0.99990040474193	1.00100997666599	NA
1.00105160437251	0.999722229329665	0.999745336191046	0.999852117584059	1.00088246159184	0.999858734738662	NA
1.00029421221094	1.00194486396313	1.00025423273459	1.00062385622291	0.999734324274703	1.00024385281482	NA
1.00133659402652	1.00254778104695	1.00150552200426	1.00114075077435	1.00088868175222	1.00053806518441	NA
1.00007153004116	1.0004775135131	0.99997409587641	1.00019827437612	1.00053310707575	0.999837955621148	NA
1.00128724850485	1.00016270366624	0.999785388837428	0.99997600832556	1.00048494086808	1.00016013433726	NA
1.00128748709148	1.00060781537354	1.00038924060937	1.00057173389309	1.00035382346411	1.00019090142204	NA
1.00055227527317	1.00021423456465	1.00017100973375	1.00041727837026	1.00139405299971	1.00021192609659	NA
1.00374085470858	1.00027117902895	1.00044959749489	1.00011417714409	1.00013737951038	1.00062431450843	NA
1.00020374623359	1.00010098380096	1.00003948414555	1.00019402526289	0.999953709655417	1.00010483406685	NA
1.00057635216117	1.00049934291469	1.00019749089633	1.00104810481041	0.999934987989675	1.00006858120294	NA
1.0009555547706	0.999923396004924	0.999737721686111	1.00021743719416	1.00019388820647	1.00114122517337	NA
1.00071847190638	1.00027414040308	0.999895654304755	1.00062611653793	0.999902857264898	1.00037480335098	NA
1.00076253433336	0.999858527122659	1.00009129813816	1.00126361163302	0.999980048119645	1.00013564817839	NA
1.00220565998432	1.0000944246095	0.999851847501903	1.00000107804565	1.00041850445382	0.999926104910329	NA
1.00019759302867	1.00028617873127	1.0000578778948	1.00007380587766	1.00082126298824	1.00080748709647	NA
1.00147278404876	1.0013655057971	1.00036343079133	1.00002814914443	1.00137185188654	1.0005669916975	NA
1.00020379080426	1.00001363017357	1.00016154156059	1.00077083239386	1.00002678499392	1.00046480878668	NA
1.0001941438742	1.00013307672369	0.999912421772198	1.00117775088895	1.00052334714787	1.00022945136244	NA
1.00025996126735	1.00148356690669	0.99996378910308	0.999949880019179	0.999875331713432	1.00023510950712	NA
1.00049795749033	1.00034725568612	0.999740688790765	1.00072376285803	1.00005204783737	1.00031881076293	NA
0.999943734020512	1.00127736044153	0.999935815354638	1.00023029161855	0.999944040231676	1.00037087515282	NA
1.00066971571713	1.00064186249763	0.999985639610376	1.00145540775746	0.999904997232652	1.00045756911261	NA
1.0005953224645	1.00041113977205	0.999916432307649	0.999864401449889	1.00027299237493	1.00042577161679	NA
1.00080440824494	1.00128167826458	1.00051165053037	1.00040551643369	1.00009564362054	1.00074307307002	NA
1.00092457146107	1.0004639955082	1.00003108227505	1.00041366968328	0.999978611223193	1.00006318559664	NA
1.00089312000056	1.00033787134475	1.0002356612504	1.00039550667803	0.999780744061434	1.00001112437492	NA
0.999837577904101	0.999850434318511	0.999779641117202	1.00037463005823	1.00100335724445	0.999811172804804	NA
1.00241829665304	1.00150820740102	0.99993090193976	1.00027262442233	1.00062263542571	1.00004441651376	NA
1.00083555202752	1.00049953138969	0.999744819094213	1.00046970934966	0.999912680431334	1.00136687913376	NA
1.0016166569465	1.00214999458596	1.00044552818524	1.00046656917839	1.0006626779128	0.999996461094203	NA
1.00012718066525	1.00062148166321	0.999844947637567	1.00163698242787	1.00043333138587	1.00041598024958	NA
1.00021549055739	1.00068743818639	1.00005724020426	1.0002460556573	1.0004848915362	1.00040600220449	NA
1.00003791862259	1.00087006568035	1.00051591940757	1.00025373578993	1.00086899967658	1.00001678955477	NA
1.0019506370633	1.00268599252904	1.00016146428544	1.00015431116162	0.999803659153782	1.00015493540625	NA
1.00058826673522	1.00117744172992	1.00031789379509	1.00059645897257	1.00100171175467	1.00138510687199	NA
1.00087416943161	1.00031832561027	1.00052082545069	1.00046485070735	1.00035298958762	1.00080755520562	NA
1.00037756469598	1.00093337787709	0.999649408295434	1.00108397071042	1.00001949792322	1.00014573495845	NA
1.00095597165196	1.00081365252117	1.00034121547415	1.00033425493764	1.00083782259153	1.00084777203872	NA
1.00002622574915	1.0011463423724	0.999930593974076	1.00028046854575	1.00097323179854	0.99985010288323	NA
0.999729531098191	1.00010966225292	0.999958050969176	1.00003591388319	1.00049269477522	0.99989134526975	NA
1.00102910171677	1.00039702620616	1.00100431900169	1.00056844554696	1.00015778182212	1.00114927556753	NA
1.00001267068587	1.00015635737085	1.00010155218417	1.00119459615222	0.999954070306962	1.00003341921764	NA
1.00116095397925	1.00106043707957	0.999733190706991	1.00016177134235	1.00063253597335	1.00077569538058	NA
1.00095214399896	1.0021043688479	0.999969737147338	1.00010549848069	1.00052735770625	0.999921210626356	NA
1.00078467600349	1.00022957504731	0.999982823968187	1.00017267826901	0.999964436486773	0.999944978913655	NA
1.00030944887946	1.0003318424478	1.00034669912212	0.999884237146765	1.00079850437416	1.00051087249664	NA
1.00197190223481	1.00149072936827	1.00053487266613	1.00081889528558	0.999894480049478	1.00164649119203	NA
0.999985362899222	1.00017730484404	0.999941061282917	1.00088837558899	1.00032850982817	1.00009278592482	NA
1.00021972159703	1.00010455453251	0.999942634965677	1.00015301858101	1.00022482138403	1.0000388416201	NA
1.00029379982223	1.00039945637121	1.00022464637564	1.00005208889185	1.00005435991945	0.999952548476262	NA
0.999705658911862	1.00005519520491	1.00004284765775	1.00029479914887	1.00004570045784	1.00003431957439	NA
1.00129789925591	1.000902757537	0.999991244549514	1.00051814277549	1.00019542580137	1.0003395338609	NA
1.00049296011903	1.00074070316267	0.999941796133621	1.00064128369156	0.999808302402218	1.00017237101923	NA
1.00062671956756	1.00109782700577	1.00001216640791	1.00049614379763	1.0006496064577	1.00011620073687	NA
1.00096977532048	1.00964498475146	1.00020908059691	1.0003683145628	1.00072691685244	1.00053230598861	NA
1.00036652860254	1.00039016517036	1.0002590556569	0.999864611663209	1.00065351864946	0.999938890705443	NA
0.999735631393505	1.00011472205072	0.999974594481695	1.00040757770258	1.00016779691702	0.999923503150755	NA
1.00040714894521	1.00049323373117	1.00014405688477	1.0000795603231	1.00039560611342	1.00045214295343	NA
1.00074624073702	1.00023200603657	0.999880314967176	1.00112658025225	1.00041348351139	1.00108584410425	NA
1.00068835682556	1.00071312566891	1.00049081603701	1.00037397523104	1.00139276107114	1.00018371647564	NA
1.00044473398593	1.00254572300081	0.999798357514539	1.00084507817402	0.9998881013654	1.00066218880017	NA
0.999903207709287	1.00084393284871	1.00069341963977	1.00034420643963	1.00028486647382	1.00017177513147	NA
1.00017374348177	1.00041867884508	0.999924994745836	0.999978821473411	1.0000506947048	1.00023047072105	NA
1.00067652969475	1.00066235402151	1.00022321007846	1.00017380668499	1.00034075381358	1.00080912691485	NA
0.999942007707189	1.00017571631587	0.999817755093989	1.00000621317394	1.00026481641319	1.00009245462656	NA
1.00039027822239	1.00067881103129	1.00020883916381	1.00083489103717	1.00017571237568	1.00001357672944	NA
1.00115228753336	1.00155598854169	1.00040866003343	1.0005586831446	1.00073916162494	1.00100804445437	NA
1.0003587521805	1.00027339480961	1.00021937775349	1.00007098337122	0.999916984849365	1.00060156550039	NA
1.00015819220274	1.00007766871506	0.999891122372428	1.00005656523967	1.00022770340973	1.0007468329026	NA
1.0008263098587	1.00029522283191	0.999889846819195	1.0002445879384	1.00008519592087	1.00030750344594	NA
1.00202721570383	1.00028723729141	1.00008507525993	1.00188672132498	1.00063358842314	0.999782250989044	NA
1.00002740445773	1.00083832776057	1.00002070160541	1.00099797057901	0.999990766509311	0.999826959990075	NA
1.00034585067653	1.00068460194044	0.999869594685816	1.00030447480853	1.00055345286013	1.00044294773059	NA
1.00082904579131	1.00201676465988	1.00037667090698	1.00054503677897	1.00179959764203	1.00169248150919	NA
0.999896899548187	1.000505827063	0.999888955666207	1.00097771303908	1.0004080422918	1.00005737088587	NA
1.00141887125664	1.00016211390736	1.00010535088543	1.00058260737944	1.0001783758501	1.00043179652587	NA
1.00047971489778	1.00000764064448	0.999923157913834	0.99986448933951	1.00118763378743	0.99969607295585	NA
0.99984426299629	1.00107628193084	1.00003814788113	1.00086150332524	1.00049033924048	1.00001536897464	NA
1.00018310509774	1.00055324385588	0.999886483749928	1.00019542354521	1.000202097707	1.00048890836877	NA
1.00019435876478	1.00006400364309	1.00063788839686	1.00003986193718	1.00009345094539	1.0010081794674	NA
1.00145437562481	1.00048529850143	1.00031771866216	1.00032845253429	1.00044386377939	1.00041726854813	NA
1.00083991220025	1.0009377762265	0.999898155576094	1.00020453061861	1.00119511656421	1.00031891738134	NA
1.0005205648448	1.00041908407042	1.00021172347674	0.999839590913461	1.00035007736586	1.00062573542447	NA
1.00084612323067	1.00056666922664	0.999933680260514	1.00012690800359	0.999922917551382	1.00011402229169	NA
1.0012373756539	1.00176005441345	1.00016528350689	0.999705092742727	1.00002009770391	1.00008750581281	NA
1.00053320659939	0.999978155610082	0.99996252947902	0.999976314612068	0.999989468818515	1.00019326228513	NA
1.00057270497812	1.00064352753781	0.999999415060767	1.00032537802012	1.00013785123545	1.00036508702011	NA
1.00026903376151	0.999691774428742	1.00015513154156	1.00028032214304	0.999957807764333	1.00015570695337	NA
1.00122743529546	1.00031929277176	1.00018572847385	0.999778570504052	1.00032732909936	1.00009008280646	NA
1.00155744308696	1.00573676326439	1.00031029046928	1.00003212919132	1.0004737709398	1.00068628087531	NA
1.00181328848186	1.00231818053871	1.00024230785538	1.00074148548332	0.999909496778284	0.999857760627434	NA
1.00006119532396	1.00194555051063	1.00076954487817	1.00098070231282	1.00024655581532	1.00028972639534	NA
1.0004192401265	1.00024821808603	1.00016944640165	1.00012024829101	0.999901216494018	1.00083729701485	NA
1.00011155644831	1.00006590127322	1.00023148566619	1.00151473636365	1.00052003972185	1.00076652065434	NA
1.000244577307	0.999965732495375	1.00003237329599	1.00028266762955	0.999840129619962	0.999842736702511	NA
1.00061371763063	1.00119657381976	0.999832657360058	1.00012609382432	1.00042546688464	1.00105474567981	NA
1.00013561615815	0.999817019153092	1.00038358763088	1.00001155815374	0.999852609038093	0.999851162881136	NA
1.00196424709491	1.00029661047008	0.999746966405483	1.000095277665	1.00001847470915	1.00175675933341	NA
0.999999203374814	1.00088730329428	1.00013720640876	1.00024038640537	1.00065612519136	1.00012995015547	NA
1.00227274864722	1.00179549248302	1.00008093423582	1.00010600736626	1.00010658349053	1.00085181474765	NA
1.00097772245299	1.00030705904765	0.999885604488914	0.999989799221056	1.00018907333156	1.00031029047942	NA
1.00085617423076	1.00043682776268	0.999986184363187	1.00019155120871	1.00054928035817	1.00002816785683	NA
1.00137825903194	1.00090148096708	0.999899296724877	1.00063298980029	1.00119066074047	1.00094120277428	NA
1.00125886842011	1.00072020868397	1.00037327980971	1.00061293584972	1.00036777185237	1.00024884266132	NA
0.999932322483085	0.999858358821912	0.999945392682135	1.00022865093439	0.999938910112554	1.00038559611309	NA
0.999941501676398	1.00031797861522	1.00009396219737	1.00040866252125	1.00004736068392	1.00111603004578	NA
1.00127266667511	1.00441423538307	1.00068541604792	1.0011263176269	0.999834882233988	1.00035282979149	NA
1.00039187799847	1.00011536485412	0.999653842815312	1.00032836868923	0.99984970459665	1.00019876357063	NA
1.00079474902119	1.00282096614532	1.00019519446372	1.00080994074508	1.00111872860651	1.00061548287762	NA
1.00110492249485	1.00068014276521	1.0005420532489	1.00094952849366	1.00040462208501	1.00069357487735	NA
1.00056665461886	1.00118400534398	1.00002143572293	1.00084706175422	1.00147768125535	1.00031252110857	NA
1.00063824314188	1.00011188069361	0.999800372395317	0.999943849941583	0.9998827703729	1.00007123700511	NA
1.00210423658898	1.00349265773236	1.00080709386853	1.00038816509411	1.00054306492763	1.00058537010619	NA
1.00070172203765	1.00132890675394	0.999756507297229	0.999926224744091	1.00038052134548	1.00009378876829	NA
1.00072146424832	1.0043068178396	1.00006381160012	1.00050354742463	0.999870746178751	1.00022192504022	NA
1.00005261140938	1.00016389396689	1.000175022192	1.00034575822836	0.999844941016407	1.00028953084685	NA
0.99977012863288	1.00162888917982	0.999733533350138	1.00017550287812	0.999809811814714	1.00066795468039	NA
1.00044253752876	1.00031293510009	1.00039656281716	1.00012032471267	1.00048964085628	1.0003918214018	NA
1.00190917423619	1.00092577010291	1.00047205143512	1.00018394846462	1.00015340628447	1.0005306622172	NA
1.00037068492643	0.999843323958718	1.00011203119637	1.00039109571128	1.00035585531197	1.00009793533884	NA
1.00201387891453	1.00001095645861	1.00003993262453	1.00076985009051	0.999986064944571	1.00036626529632	NA
1.00040589159246	1.00025246845721	1.0001286552969	1.00082833910872	0.99984759087601	0.999752214947916	NA
1.00011176466797	1.00105881059295	1.00071562409677	0.999775833018812	1.00081554204115	1.00056253511136	NA
1.00061165578657	1.00010990541704	0.999909668959172	1.00049638027176	1.00030711393397	1.00092022928483	NA
1.00207811532408	1.00168131778906	1.00035887012617	1.00035118712576	0.999982290300069	1.00103068595463	NA
1.00255377309965	1.00168774393904	0.99991387740879	1.00000254398935	1.00090401153934	1.0001607779204	NA
1.00199356802158	1.00370646163483	1.00000657762873	1.00080917133467	1.00050218678575	1.00163818362383	NA
1.00096632723201	0.999978519827303	0.999907089867008	0.99986695524129	1.00006303506418	1.00061743291702	NA
1.00078583964333	0.999763185273346	1.00010742952664	1.00034974682851	1.00006550728484	1.00029492682692	NA
1.00085349929961	1.00117749122148	1.00017242046091	1.00048056876554	0.999920167434737	0.999975207726219	NA
1.00039000544644	1.00006458919177	1.00024412962532	0.999851991516913	0.999899399065414	1.00066645927148	NA
1.0001447832213	1.00156942262673	0.999868028427481	1.00053306955722	1.0002720716272	0.999886537281056	NA
1.00145885745529	1.00097842529606	1.00019167984714	0.999977572055436	1.00048062787028	1.00074416428523	NA
1.00020279563625	1.00100184998484	1.00005713624498	1.0000245572829	0.999820426295668	1.00005647809849	NA
1.00036450013179	1.0016849016988	1.00011349104634	0.999761900894275	1.00039803819114	1.00127378746925	NA
1.00092367319714	1.00195230047969	1.00052378106444	0.999943403268162	1.00076407965358	1.0005163270946	NA
1.00106726129359	1.00044713801681	0.99982831102831	0.999960944008247	1.00098876157043	1.00030315045035	NA
1.00228637092276	1.0019524007182	1.00012542823685	1.00039295475086	1.00058188324396	1.00022973070862	NA
1.00302781250925	1.00108041788285	0.999742913948714	0.999891532008839	1.00074896882796	1.00021871859367	NA
1.00083134599373	1.0013325577807	1.00012294842936	1.00010145968296	1.00007395268562	0.999872243766127	NA
1.00018083580906	1.00013487270967	0.999891265024267	1.00024896638201	1.00016411577202	1.00007583385326	NA
1.00018226916037	1.00042743546595	1.00050377766578	1.00013215388159	1.0002030874681	0.999957165493258	NA
1.00038907391636	1.00021578106602	0.999808497813767	1.00019459061786	1.00050845208145	1.00043152853821	NA
1.00065570170885	1.00021278983745	1.00020022911275	1.00023677276235	1.00117649370478	1.00080726866726	NA
1.00074418374065	1.00306332394116	1.0001270602775	1.00001134135855	1.00106006601612	1.00034398547309	NA
1.00099059318536	1.00010476210714	1.00059893415052	1.00001274874478	0.999929466733888	0.999957082130468	NA
1.00400346702123	0.999945226988252	0.999878551044436	1.00047507225297	1.0010947047893	0.999851414654027	NA
1.00029639666807	1.00201194092944	0.999944767980042	1.00128938521154	1.00072352406359	0.999736315642565	NA
1.00095829442152	1.00013935362228	1.00088639279032	1.00021166656662	1.00023624733217	1.00161229610341	NA
1.00063772498137	1.00031736223276	1.00022284161116	1.00088451247274	0.999795585943373	0.999916177245745	NA
1.00055524451824	1.0003830733603	1.00012786180331	1.00022497280042	1.00066580418742	0.999976107759961	NA
1.00218916015007	1.00279132968544	1.00019307562228	1.00030933221108	1.00117058108334	1.00045693946102	NA
1.00071102910635	1.00085308528107	0.999951174889712	1.00149067472329	1.00032906900905	1.00089606682101	NA
0.999971945503207	1.00193318579628	1.00030117113718	1.00115797545465	1.00036800989587	0.999993740436533	NA
1.00317025223908	1.00231049693928	1.00019170840158	1.00120625052283	1.00020570372053	1.00054909405816	NA
1.00017494992333	1.00307423685501	1.00026135707974	1.0004286059133	1.00087582746211	1.00017128147417	NA
1.00062653526607	1.00018117625318	1.00002376261692	1.0006273835154	1.00064459964684	0.999907559246475	NA
1.00018069991795	1.00047993328206	0.99984312675841	1.0000573896108	1.00157271276529	1.00011829722931	NA
1.00087464426684	1.00159909495775	0.999659089002429	0.999966659858064	1.00030030013598	1.00020221832575	NA
1.00053981480768	1.00037091788764	1.00011762185958	0.999773864705989	1.0000399403904	1.00017069049588	NA
0.999905591577562	1.00046015440553	0.999687766309256	1.00085770031725	1.00067990260718	1.00022109151004	NA
1.00044041503507	1.00022526368484	1.00009504146268	1.00052811439495	1.00059080612815	1.00025043109203	NA
1.00008714626314	1.00009177431276	1.00024471723738	1.0004051129949	1.00052450062109	1.00002862939918	NA
1.00073645870175	1.00166360153011	1.0004405678872	1.00055605317208	1.00035791918303	1.00004408064792	NA
1.0024565738279	1.00077026561332	0.999985816494789	1.00075860994244	1.00011870621693	1.00153313012808	NA
1.00120258904098	1.00100880185583	1.00017150865173	1.00034450219798	1.00104478901744	1.00038128220118	NA
1.00095820177067	1.00043215826273	1.00006099651344	1.00060688236094	0.999888140408834	1.00026481093877	NA
1.00204557916087	1.00012288539978	1.0001220844202	1.00051066608335	1.00002955546299	1.00121559505552	NA
1.00016368610211	1.00166230829171	1.00027321581725	1.0002135993285	1.0002636874246	1.00019696703879	NA
1.00045413593265	1.000375588415	0.999965601611267	1.00062371320497	1.0002179999587	1.00018218612657	NA
1.00066143938085	1.00076444956952	1.00018528810629	1.00031078419457	1.00017954317103	1.00008864522712	NA
1.00143152984264	1.0007334732924	0.999982953636519	1.00031870803101	1.00083135844917	0.999882299624193	NA
1.00022341338405	1.00068300906974	1.00018468612287	1.00009086422975	1.000117942912	1.0006623641428	NA
1.00015076681806	1.00058510030331	1.00007419592663	0.999909594891802	1.00080743063036	1.00045159918445	NA
1.00140670211659	1.00046255929573	1.00027002118003	0.999973894023108	1.00023236999269	1.00035987642868	NA
1.00263561391192	1.00194411762015	1.00003327648212	1.00003264269052	1.00094529249088	1.00023093318364	NA
1.00133538180502	1.00074398811863	1.00014838365075	1.00065106293047	1.00068408038302	1.0008844557405	NA
1.00075064946319	1.00022205993597	0.999869569028784	0.999907286827915	1.00125864427467	1.0008697919535	NA
1.00104660846118	1.00132428362547	1.00093259568286	1.00016944421748	1.00037539637779	0.999901901433027	NA
1.00157777580187	1.00356250518455	0.999789538326483	1.00017942269297	1.00069979846153	1.00012983838806	NA
1.00017481015193	1.00027986510727	1.00093213723301	1.00012538548675	1.00033182737177	1.0004592936808	NA
0.999931575646997	1.00197325813569	0.999976258109469	1.00079986441452	1.00013473279243	1.00002124653635	NA
1.00199245643244	1.00084754996813	0.999832444635394	0.999824602497983	1.00087740139421	1.00009544138033	NA
1.00156071488002	1.00140378404548	0.999801421692061	1.00052094097744	1.00061676270356	1.00079577583374	NA
1.00044918726038	1.00200102233832	1.00042570267744	1.00099438961035	1.00006562534207	1.00037983427739	NA
1.00039855833515	1.00029371681329	0.999884693042491	1.00039120789645	1.00003632374717	1.00001593524434	NA
1.0002368447485	1.00063039890315	0.999990690200962	1.00109994907399	1.00030905620519	1.00040884169428	NA
1.00008697288404	1.00047619598705	1.00011578262493	1.00039284022588	1.00008007741306	1.00072261637396	NA
1.00085374129028	1.00102452811574	0.999852181220515	1.00002710236561	1.00029976819872	1.00026974323926	NA
1.00037759415133	1.00066418187167	0.999977911769376	1.00015501861616	0.999927625044771	1.00001961138524	NA
1.00021476825597	0.999926911071453	0.999817725586308	1.00097058548998	1.00021089240075	1.00019218068858	NA
1.00066531693625	0.999923227852041	0.999896440954072	1.00022954989168	0.999940144333201	1.00018839427731	NA
1.00023727869809	1.00136010500156	0.999998761530001	1.00004456892917	1.00020968556726	1.00055251903315	NA
1.00179750242967	1.00173492307821	0.99999208157905	1.00031875311082	1.00031847848868	1.00060515972303	NA
1.00061845179037	1.00015273200197	1.00058985160286	1.00049108907003	0.999740350843824	1.00022085377595	NA
1.00036539475617	1.0001952752505	0.999823978904857	1.00031943984656	1.00024342068803	1.00017612357491	NA
1.00016500111931	1.0014235427014	0.99983320257229	1.00015371252505	1.0007497683231	0.999988220838691	NA
1.00136850732467	1.00102618760972	0.99998141016298	0.999971782523291	1.00019445497448	1.00021435567345	NA
1.00048196218628	1.00027908894919	0.999744806452877	1.00049618640456	1.00005894051366	1.00067221532752	NA
1.00076553987684	1.00548992726461	0.99980831963433	1.00053046792923	1.00033185114738	1.00054354587706	NA
1.00168927913619	1.00077918574644	0.999996644819041	1.00181526799831	1.00026406370068	1.0004127761665	NA
1.00096802736142	1.00048466487013	0.999994070071236	1.00010192781593	1.00009309680832	1.00011577582752	NA
0.99992965622641	1.00044767512379	1.0006352178065	1.00037117330275	1.00054872912637	1.00004594077871	NA
1.00050625634107	1.00026308727554	0.999930771365043	1.00027491733747	1.00062950042662	0.999860977465306	NA
1.00110482786884	1.0002580407983	1.00005305015686	1.00058090052208	1.00053364850501	1.00030752589486	NA
1.00077933384918	1.00119034873097	1.00026603537066	1.00044294300797	1.00134928224668	1.00098231702191	NA
1.00061069867057	1.0001295556529	1.00051575594261	1.00011681347352	1.00012297596249	1.00013172359088	NA
1.00058156249252	1.00003295451246	1.00050923509196	1.00008339947413	1.00010123133331	1.00007838216193	NA
1.00107052330566	1.00073333626069	0.999859775601178	1.00063070560837	1.0008628125178	1.00029359843664	NA
1.00029550091026	1.00074821117008	0.999742948272188	1.00068822983522	1.0007198112409	1.00064286964267	NA
1.00005303359089	1.00110781224719	1.00028995640163	1.00066333348303	1.00028931105929	1.00125822649381	NA
1.00076646556817	1.00110076327418	1.00056252446477	1.00005808413304	1.00003933282865	1.00088272055054	NA
1.00021208519358	1.00007414487885	1.00036837824469	1.0007909171771	1.00217321914128	1.00043634928791	NA
1.00094823711884	1.00096284472871	0.999999851965108	1.00067354415502	0.99990843012166	1.00079986950548	NA
1.0007097687685	1.00132427885334	1.00034089958364	1.00003878450847	1.00031836496549	1.00028182074473	NA
0.999741472662789	1.00017054233867	0.999776859522034	1.00007790371427	1.00154846718045	1.00029233028515	NA
1.00165800403769	1.00066684203319	1.00040273443378	1.00012921175536	1.00027544302291	1.00095816460069	NA
1.00115980219907	1.00063993109615	1.000306937608	1.00085848869053	1.00059050497534	1.00039681755251	NA
1.00003231563307	0.999833919961002	1.00037924643496	0.999992185904328	1.00006380241204	1.00042932354231	NA
1.0002176271203	1.00049627056814	1.00006285754897	1.00068253346731	1.00034099282273	1.0002482016821	NA
1.00008429123348	1.00058644223916	1.00039050681022	1.00032713114474	0.999908837614543	1.00071249384226	NA
1.00165117674368	1.00322178598378	1.00024385048933	1.00100245279591	1.00067613492532	1.00008923989772	NA
1.000791363219	1.00273413054489	0.999968478717226	1.00088268854328	1.00004013412736	0.999892362760639	NA
1.00033708788751	1.0004579546801	1.00020773226739	1.00016916421943	1.00065448373705	0.999958981116663	NA
1.0002502182288	1.00122702918899	1.00038318356292	1.00004963737839	1.00012440693323	0.999838548969666	NA
1.00039322287925	0.999955429103838	0.99999368915445	0.999870125050448	0.999892681702698	1.00047796113325	NA
1.00087819056623	0.999960212519457	0.999775798742014	1.00005634318142	0.999986289815266	1.00025376530086	NA
1.00103166651864	1.00058712027845	0.99986812185233	1.00000498189366	1.00024159303993	1.00010909526888	NA
1.00144568829243	1.00013940837874	1.00052844060243	1.00012101806351	1.00022478189972	1.00024852207896	NA
1.00054427640984	1.00034561464794	1.00031059496179	1.00050326904057	1.00014045229842	0.999980976696782	NA
1.00062493442986	1.00031413711955	0.999978812539493	0.999946497031216	1.00003698696188	1.00001797257122	NA
1.00358924647707	1.00166921650185	0.999849902300148	1.00064236425072	1.00023037339092	1.00045907472494	NA
1.00090305761913	1.00065476840232	1.00019735974989	1.00010306258845	1.00009379972436	0.999967352006138	NA
