FMP	RMP	FPP	UPP	ANPP	NPP	ANCOVA
0.841168938560666	0.842467698681461	0.625333587924498	0.758440143479249	0.720030409049303	0.721435669754703	0.846745806307085
0.883484671983344	0.896305061531284	0.589136713342255	0.802415988649334	0.793740760203837	0.791344353674614	0.738121483718328
0.742450824536525	0.738421523363141	0.595039161772689	0.670480335267817	0.65954502838309	0.661581838405148	0.783380152355597
0.696385306010004	0.706631622069206	0.604457804697664	0.664519512642889	0.642270412619861	0.656569435506201	0.804894265760122
0.70295263492302	0.717916003569957	0.601968944617961	0.657518724400732	0.654570297072006	0.642502882755918	0.779324248521768
0.936344565400157	0.922975235120682	0.621410552801945	0.774922637588846	0.778350925408443	0.779578032248164	0.833064085846013
0.974747551949648	0.964568307530165	0.66509530964319	0.990602570168953	0.980984982187178	0.995367986049418	0.861684610092596
0.95063434401942	0.957425274394325	0.614538658096155	0.816742108518148	0.801599688748635	0.787712771254174	0.801301800439846
0.818273228048029	0.828462779147156	0.651143418704323	0.76295062236718	0.725980865038842	0.724615316889131	0.925408493226965
0.918297381531185	0.897029475938845	0.620316169811784	0.805755347161363	0.75511108937432	0.745465210544371	0.822405991729753
0.988853946257617	0.960230623558685	0.655445721603031	0.842343998809654	0.796536370973544	0.797784702297172	0.930456199727101
0.555721669486465	0.539251646659241	0.602753065966539	0.617415732535208	0.590232604457031	0.614111902107393	0.797526424119929
0.890863581847297	0.871374474057743	0.607007315651601	0.745405920148156	0.739176253096704	0.737474734525645	0.769516129306906
0.734024061428894	0.720618456278067	0.608392049410404	0.677727477071453	0.649982288088017	0.650522860118669	0.778226456919678
0.864260737031302	0.855952230585027	0.591096647887903	0.780003856655334	0.772758759595055	0.781525023498312	0.720251069119002
0.862256772591157	0.854810968327396	0.6309680049009	0.737823185720522	0.724981402303512	0.725559330965968	0.857315258628942
1.04616904157018	1.04997584280442	0.638689039486723	0.916763106840446	0.89923561384878	0.904691552571473	0.859471694558282
0.704567988350773	0.679057848097496	0.624676038128831	0.697474344769218	0.66461332300837	0.662255597118772	0.887243948568423
0.561653263307863	0.56366005343412	0.598680182978078	0.627644563133986	0.606789888935503	0.604819057799097	0.813478796088081
0.836259952149586	0.81535249112461	0.65832437757601	0.744863522968097	0.732368916969345	0.719811210640634	0.946230518547265
0.549064571199261	0.562877672228822	0.610214838223249	0.632393095021852	0.611623141184485	0.615920726863872	0.79586701632164
0.727442663174011	0.763248445779639	0.607652316670967	0.704194847757786	0.669889727531523	0.674936294753919	0.824790262358883
0.970069397056468	0.967308364780985	0.633637685526738	0.85716183255066	0.808225404335619	0.831871854716366	0.823988272285888
0.751608903998058	0.751032440566953	0.575667416025419	0.690947551657694	0.648682487806821	0.652466697597934	0.750920043168737
0.625634597584122	0.638790040557293	0.6181024149127	0.658379568880263	0.641680283847625	0.651713383375151	0.86465525937401
1.06439312871216	1.06091592497307	0.648927659582583	0.943719793482048	0.897230169017136	0.898276527709098	0.894673888847921
0.58540361852395	0.5538293709984	0.558343543302725	0.58305463081266	0.569763789620633	0.564850803904527	0.697340940603173
0.768535684694909	0.726229567328863	0.610464943853162	0.686978878199724	0.659091079823534	0.678647550669877	0.820771837065871
1.02432524919405	1.00758712264951	0.652040603255674	0.894919919670366	0.859267691579419	0.829013068492694	0.912370763758568
0.979138547494611	0.977005249909569	0.610351085678279	0.846340266217457	0.83499273163476	0.815013346227173	0.820929774652968
0.961271903917126	0.985249045665523	0.623076693349802	0.846247334468791	0.827910815959681	0.819098651017411	0.799921907300253
0.973712951934463	0.97497045104069	0.626383548331479	0.888897754113527	0.879875668013111	0.890342837100226	0.804931032709809
1.0105030702733	1.01506638623438	0.629614472352543	0.881393837560896	0.851263048124961	0.864977472258701	0.832957183520869
0.871608941310622	0.894115303825861	0.58495913419405	0.795574061370486	0.77977766869529	0.76694393286394	0.727190178226754
0.91080606279591	0.889534269926801	0.617129504515564	0.785943311566998	0.736478495457818	0.741608859088076	0.864862176839541
0.85740884477255	0.866711025298092	0.607416263753967	0.761670424985692	0.718533045696861	0.719886940189624	0.76563330613649
0.931805309585824	0.915653229876328	0.681255101054548	1.00592744679897	1.00995519773756	1.02819939918215	0.88425782951486
0.948142814925485	0.969451295520136	0.627205440048742	0.894049078093581	0.895169443725006	0.900170171726906	0.805870161416887
0.468159072296003	0.460868441358345	0.474958659950168	0.477395892831361	0.486461078647716	0.47478131773342	0.565168386775373
0.823535549371987	0.832925696553813	0.66732076989661	0.75310469697652	0.732651412386496	0.745934654743546	1.01150225429222
0.993107628325841	1.0089564309541	0.645252876655003	0.836676469863105	0.81889187201965	0.817905640904339	0.86760068182625
0.918315552908566	0.924672005296174	0.624156823994363	0.800077996207427	0.762896261958113	0.764992004036664	0.89299079351618
0.951215643229129	0.936038488702035	0.640428567384526	0.862665246029543	0.858899812418003	0.882867720825927	0.789053212190159
1.0128203488337	1.009819055007	0.65004587345296	0.887421256496162	0.84658909357925	0.838535234231302	0.919467052483683
0.894394137373774	0.896142496217249	0.596354876115368	0.791356891570275	0.763131684061086	0.753407223260526	0.744014595517087
0.951471159482603	0.966759202056928	0.639841920602861	0.807730472529553	0.779448372687592	0.796246034519696	0.86535524413511
0.658449838492886	0.659470746278981	0.574821888985978	0.63293650398209	0.620946575263251	0.624023355081009	0.735521382872338
0.926013838965604	0.933639721282403	0.619112385791863	0.830071640076328	0.800601858680845	0.802556280704235	0.791750612350172
0.960997627707193	0.942352521020906	0.617809494141846	0.824078004673429	0.772650776383146	0.789947895384322	0.805398073604586
0.901216236319922	0.92238961243584	0.652326632401912	0.784425723999046	0.757057301534338	0.756444770546401	0.891275960541367
0.623581906856781	0.633218822459411	0.578485403878076	0.626252344776642	0.606329427780516	0.634722361880473	0.74846143341485
0.904031386092089	0.939126360050968	0.641812833558379	0.82588254463099	0.77337507794404	0.785967716743382	0.897515990778506
0.765462614590558	0.761419263236347	0.53481461994695	0.66296057095019	0.64187844509526	0.649590838772921	0.666327559921261
0.851125305619056	0.863062347327382	0.623879301383437	0.747013923519868	0.716378840387428	0.742222836499722	0.828600746639648
0.635473760929742	0.656846620583449	0.607326059006403	0.67461418796898	0.666648216322276	0.652300104447628	0.846921364992647
0.736358021603584	0.744973705572426	0.570188665334636	0.684778231271917	0.650265977267721	0.633569328283628	0.727624966451243
0.865619677588743	0.860584140703412	0.582128989793102	0.754306404501374	0.730931905868003	0.726499343047825	0.752281903700437
0.7377775411039	0.738562009769787	0.580672667413028	0.664682093352859	0.640116188194268	0.630337439659378	0.725709846539166
0.997796780996749	0.96709779375663	0.641138289191502	0.830571212792838	0.790542184247694	0.820561238694599	0.863427399737635
0.855655900717196	0.871270215118723	0.603984352046993	0.765915024231784	0.733629456422889	0.730046123160191	0.773593920436669
0.90867713615862	0.934203992758008	0.579297616110926	0.808669768405269	0.772422534683769	0.793810640567526	0.760793724267154
0.912813549499114	0.901626714655321	0.596872257280346	0.795033497315755	0.75774565718893	0.770950450910758	0.779984703799864
0.995077228698208	0.989912865759291	0.626736504864343	0.864461464064225	0.826472595122083	0.834123557157612	0.852337650523816
0.726801536588006	0.711373363734521	0.606771823336221	0.692742339502239	0.667537486095561	0.662891309711941	0.834380791491348
0.805738199359658	0.804053924860032	0.600082372411041	0.71763381549009	0.697640712343079	0.693056818723973	0.7918586271881
0.964014625704532	0.994452710607631	0.688787248426497	0.843212489116387	0.798670515839984	0.828175569842844	0.984780593003395
0.557638084064979	0.548362130892349	0.579035784462944	0.583966382901279	0.578715174599708	0.571180827016774	0.744866178871759
1.02080050517301	1.01287746243456	0.658930238937392	0.865472149420182	0.841376604639928	0.832973836573369	0.910749105377891
0.947332064783766	0.912003001633688	0.623874913105999	0.902405294267773	0.889683762088524	0.916829467163234	0.798420686581476
0.860937251537265	0.879554906762298	0.594528412790679	0.755999870727028	0.752816559934316	0.751846244719679	0.73164099536253
0.8243040262004	0.833876342083254	0.584226981279391	0.71389505329665	0.713600369114508	0.704757653712441	0.751355803788894
0.920299613266418	0.900825056137155	0.597561023340862	0.795623608680653	0.788273861534735	0.787060908050489	0.740766233816272
1.05868765819423	1.04053021375011	0.659253157641013	0.92998257857439	0.913660668687071	0.912921522267313	0.866104461708737
0.847798210665078	0.828995344878789	0.632284688183836	0.769299059758829	0.72768403562394	0.721346143673668	0.892512916259982
1.05371374177533	1.05121275500673	0.667359407136858	0.912906677169579	0.867968011836974	0.867624107250123	0.957589247212586
0.663270234709784	0.638393958993661	0.602824152743007	0.655041871877901	0.642032405409994	0.647042836270904	0.819121287241074
0.836643738046814	0.83450837401095	0.599665309978736	0.755693158289744	0.711909175403491	0.711646648067706	0.838921522096749
1.24819849337004	1.26973806132103	0.723610385936851	1.18933543706411	1.14274656132805	1.17971424242443	1.04738316790874
0.775748859222299	0.775440148497323	0.555606341182317	0.666166386702218	0.656788461024162	0.668900287802679	0.686338351427385
0.785628265837416	0.788502564114722	0.625965828413181	0.717120865054635	0.680435587997378	0.676133570506502	0.80549369185642
1.12039689395379	1.09025085995417	0.668341040362015	0.956087192589051	0.935318041590746	0.920408770184559	0.935298493432153
0.57989837134938	0.587214888191719	0.540384058106159	0.5893893953857	0.578771792872223	0.569038325735817	0.680615403907015
0.864576517518016	0.864433070737288	0.608539249140366	0.75546031602438	0.738209882347644	0.741532883794494	0.807436358513682
0.841495463395877	0.867953876531979	0.611492987217186	0.740467770720776	0.731125971586322	0.728854306645655	0.800376024413273
0.6040264389765	0.581427217243217	0.619008196088696	0.645642084483081	0.627212004890945	0.639012047538047	0.871448141408905
0.616095877534707	0.613904263252042	0.571549867634886	0.62733565960639	0.632061879895681	0.626888141157446	0.603377476172236
0.740053729313632	0.719299517677966	0.559509450334357	0.660483277235963	0.633171231454286	0.638770633517196	0.715811251771547
0.573284987418297	0.583654110803916	0.530233014832266	0.590226876794805	0.568208413178964	0.568763568266103	0.658003171533471
0.837999867619227	0.857548092476986	0.611184399640805	0.831249950023582	0.834523784258669	0.832121114677344	0.749673712793512
0.768349931170208	0.744036524862689	0.622548746495042	0.695262909147392	0.686886902034181	0.67368454671849	0.855068892795335
0.901705002979541	0.890059708759049	0.653966701787503	0.978153513368022	1.01009869308169	0.979872622933449	0.861016596297066
0.810220353504042	0.814999350904813	0.560047475464018	0.724020895675262	0.690990777772875	0.692876510446539	0.687741585779665
0.885215758356888	0.896739009244443	0.60061251010249	0.769352750347581	0.747518627353969	0.739488029307859	0.80123006651681
0.858272700954501	0.857200088878981	0.599902487185989	0.818921630192806	0.802381375183483	0.798825349038847	0.728698040436249
0.936345452446775	0.947658759464506	0.645996838397925	0.830681002360695	0.801418141550565	0.779263818477924	0.895445493462318
0.606394849126893	0.582571158621262	0.629176772592674	0.649716664867349	0.649748146215944	0.643735764570492	0.886327064063657
0.954412717971938	0.952213843715633	0.648484709085958	0.796632694650915	0.761798650774655	0.781778652575694	0.901503365999512
0.916666951653534	0.904052149218102	0.597715033701944	0.771607687996442	0.743587232577704	0.749954240273142	0.809400529993471
0.99411057410831	1.00272552095334	0.648779534651446	0.862281540514482	0.822409082416117	0.833520498468268	0.919737795869159
0.790425071496821	0.786073023267194	0.614818845183233	0.732722448846387	0.700895235314143	0.683434458849262	0.829431778944245
0.759102586776603	0.771736478429514	0.585015469259945	0.687882513506594	0.67488380332554	0.666895207349703	0.766689594189078
0.950441917756546	0.950451046365945	0.646735797904673	0.921949159685447	0.921176952938989	0.911425366932054	0.81280758283432
0.855228504644811	0.871690195350132	0.601713262042544	0.754926352895684	0.720104702661448	0.719523606251221	0.776408415280843
0.768933087894925	0.77844099324419	0.567378257324244	0.701086853727317	0.678037758853632	0.661815763837011	0.753665405899115
0.992672300200362	1.01211090110462	0.631343693743064	0.861724357543183	0.844917602284904	0.846909797610681	0.846766697394358
0.897160881493773	0.911349106121847	0.636097141269404	0.772829248598364	0.737330660718395	0.763013794252858	0.845582368088278
0.718588930035385	0.714988881038116	0.596209080709654	0.677261309146676	0.672117441149234	0.653488829255934	0.815688714598563
0.831650954851456	0.8208976311888	0.653274972442815	0.751970177472292	0.714168348762629	0.721809255279471	0.928047991078004
0.671272309180654	0.692958543007226	0.586999751803591	0.735026839496546	0.732969100458716	0.738886022311101	0.662719588495107
0.880839309567215	0.865923381094315	0.635003449284969	0.882614966478032	0.874273505960221	0.865918229693554	0.780649497023291
0.904912688627501	0.903754630649563	0.627616275644192	0.778693679957079	0.765988496306333	0.75698473934054	0.842181676835094
0.908039928205102	0.929126934400683	0.622804066804547	0.792122360296801	0.761745600725427	0.769187685414085	0.806022462298782
0.847689896052648	0.849217590162968	0.569230294388812	0.732401104485474	0.694611241088884	0.720413428322713	0.725107026163191
1.22224685685148	1.20044886714478	0.705094571444551	1.04831542914816	0.991806851748636	1.03002298252837	1.00686453927408
0.599186933184989	0.643881926998725	0.588750786395559	0.628028227519966	0.609537158595163	0.608544137985635	0.768386631024875
0.81557244320165	0.809527808419554	0.611107448781397	0.726200613907746	0.691336613734483	0.712091123446425	0.823950613820017
0.909160403182742	0.891127000306272	0.608767572194684	0.781023304332517	0.76032055706807	0.775518043607592	0.782476230987394
0.583865285872104	0.579530845493741	0.608216418037537	0.624237725443775	0.609114012507381	0.605086012270204	0.808845076861744
1.16021378712858	1.15783858485244	0.68473485643417	1.03815168537189	1.01546849683018	0.997378216308084	0.949177076233574
0.932092950845439	0.926783087032742	0.638663304870762	0.814642987117535	0.776022706906929	0.758786742668626	0.906239580656203
1.02553251737661	1.05666290592635	0.661778606621197	0.893154179353021	0.839493663505713	0.867931307436277	0.938757189058657
1.07226901616714	1.06587079203259	0.647782400789639	0.899652828325124	0.872375639070193	0.881898351018967	0.90749355068664
0.825320668133733	0.821424951640146	0.639336566737984	0.752293216732246	0.714042931880292	0.71637045733811	0.859024414882728
0.778134774965245	0.771604340606858	0.590869923324518	0.701931856278477	0.675931779994291	0.679429561479	0.770262516755615
0.786702653901865	0.76757471504861	0.564930928282319	0.694347430970018	0.674499488921452	0.679620871328552	0.701611842295563
0.79499029665299	0.81746463468919	0.603936852667029	0.808334676885266	0.827364720257366	0.819907239566166	0.724327423306135
0.992619527490157	0.997813380180912	0.620352935787017	0.862937104970198	0.829090210617107	0.832985663167236	0.859390850238721
1.05597911259609	1.04518422077556	0.663507693596385	0.948154747914234	0.942508844795731	0.946026659146593	0.863461121886865
0.925243491120696	0.893001807105055	0.610936521012298	0.796515961039993	0.754439615803967	0.780930347697484	0.767936722831221
0.870254865247677	0.876553922292871	0.585591396831469	0.767995170217775	0.754145286721214	0.73845214094396	0.735853141603677
0.542062638676741	0.543195991229541	0.583316615218681	0.610701452084724	0.594256504338134	0.582912494220156	0.739897886927808
1.02914321177055	1.01351091922464	0.648919327518156	0.870321805848299	0.815054824108599	0.815811299500581	0.889330679511134
0.831911744772931	0.871657538649643	0.609670857810074	0.749674483411941	0.715836124831864	0.722780458452989	0.812119699895175
0.943478856915698	0.918457270609668	0.620097505232373	0.83330221407579	0.782438094832677	0.771878760976086	0.814339722913676
1.07688113348154	1.10517664166776	0.67002371065199	0.932668190134772	0.901788057024633	0.904271464726877	0.930729865822027
1.06773780777904	1.08077659249082	0.657506941552759	0.921491708402205	0.851938502640944	0.863178057589518	0.914310529755337
0.642405922818581	0.657934271126691	0.625424548906709	0.666655525910793	0.647598145033334	0.653520281707473	0.821948023730104
0.640497703006526	0.642264437621625	0.575465187764733	0.635148777154969	0.606715563396803	0.604832467105904	0.747711547666088
0.867073672146445	0.853963949803284	0.585536473402495	0.768582427784164	0.744469029840512	0.766445357838122	0.716007571245625
0.830343306676906	0.826098655640543	0.575389588345731	0.722270736281655	0.699852195123091	0.682544139877603	0.724854494139936
0.859191543359257	0.832706691768223	0.614556666092749	0.738900853756476	0.702552498021205	0.702371408369304	0.791787483854668
0.770980237225987	0.758869743465683	0.580710896218208	0.691390708603612	0.664675585471823	0.678046180680011	0.737773302680374
1.005940931813	1.00911093459306	0.634706609474935	0.909491222672079	0.878868040116786	0.892772339626194	0.828031498634562
0.77400110991841	0.788581561075416	0.600048792141161	0.826705637501643	0.862142901581199	0.860317261333553	0.747925877244821
0.986343430868279	0.983561998773876	0.680720743243604	0.864684114692622	0.810936929740484	0.81968211459644	0.965885804761996
0.787069072325489	0.804464585499768	0.577872526384523	0.722056716938394	0.700764850614149	0.696167742132553	0.752208418794041
0.780673489832872	0.797387228923706	0.562384162850421	0.686063843584587	0.660405607743204	0.67155138185558	0.685236912201804
0.630519830883039	0.632579263607021	0.599106625023177	0.644950028352925	0.637907588567275	0.629530224905841	0.81429837681558
0.907281573020691	0.906715183802189	0.658334161321161	0.787846403567028	0.752447388445863	0.763981429881243	0.918208680124478
0.909517087879381	0.918782766314792	0.620449026579464	0.807757364864898	0.755006097869346	0.754611204629068	0.815923001289735
0.951324595338311	0.954304124323558	0.607139655529602	0.845963400983867	0.805182676297229	0.786548574008495	0.794683887405349
0.993165358650052	0.995307363582292	0.638728304146845	0.934081964685517	0.925799335155575	0.927497688071192	0.837714965833145
0.947716102285605	0.95396698237768	0.636260233245687	0.808957497394764	0.757847853241502	0.77891051838337	0.865164515465372
1.01679444853324	1.01662305773991	0.661882605082571	0.980161508466111	0.977151372242307	0.953343191340422	0.869373232997535
1.01611765503175	1.00311119162533	0.659433154026949	0.874589442761246	0.841331292585187	0.812164818158044	0.959905024073891
1.01304108572927	0.972937868279175	0.631203491433536	0.900168417527065	0.899205006478224	0.898594364276376	0.818642634147196
0.788550768101194	0.776933293573159	0.640123702041728	0.740360808975261	0.690431332936143	0.695927280377177	0.901473387967665
1.02463102745634	1.016049111471	0.637193168410299	0.865318740561381	0.855284179542272	0.836170528906003	0.858610772396742
1.0047860124706	1.02200395357265	0.652317076219256	0.868808237435604	0.82849549412175	0.847022648761643	0.966354030543661
0.694615200668748	0.684849073145633	0.61421151041052	0.687168230271912	0.655474338554088	0.675156872160626	0.817303966457198
0.949622886253519	0.92964751161512	0.633902755207614	0.809453814215103	0.771947601610488	0.79372355152346	0.867651756892932
1.06952725248743	1.08041251880998	0.652766381788664	0.940278690793846	0.899278599041617	0.897501119003593	0.905818674659283
0.72027620083866	0.749449578907813	0.569171551802955	0.656969223541517	0.628450390642559	0.637531721550359	0.709823676536395
0.84573473438245	0.845210976537278	0.644843836425192	0.755435656271366	0.736494261988393	0.728356537157347	0.945055901512977
0.881601287127254	0.898232699867288	0.653431896162098	0.800999671814407	0.770962230052845	0.771637876621851	0.951419007501491
0.968164146067034	0.94239733555605	0.611562882764875	0.847804032475312	0.811553207716522	0.83008750626074	0.779734681310855
0.889741746546652	0.899937332579766	0.616170006041168	0.780533834330025	0.747850846421835	0.737958132258658	0.842721377130101
0.646927413003284	0.646844076156271	0.581076863700769	0.639028274583041	0.633169750491135	0.641267558274268	0.788612861308029
0.948477789815033	0.949907153138654	0.647699520317406	0.92917635082206	0.934598245917321	0.910273297025794	0.824280915548895
0.893448422237008	0.880675900717228	0.589003309191849	0.814972381941717	0.793410048006579	0.813520429638176	0.738562463147817
0.749052069395978	0.755145624852443	0.589917328821816	0.691541773900151	0.686209943953415	0.663457981714389	0.780565116615285
0.640951500161802	0.643429209351906	0.56651415513178	0.618530238084315	0.620037450889454	0.600417083839294	0.726000196744637
1.19479014581098	1.19395404634925	0.688015851474906	1.03498329217857	0.969299507317357	0.975878868672724	1.00657832514445
0.800889102665587	0.829896055387399	0.617775398720633	0.735513539609455	0.702609145600787	0.690986282852755	0.808145738705459
0.817767555930034	0.815458480098357	0.614456255481603	0.719973240122122	0.683356788549087	0.683760625218386	0.805572488529393
1.07229024443483	1.05883596532569	0.66404907013869	1.00843821932549	0.973075025356685	0.982197543857487	0.894285294387299
0.746096935111242	0.743485185211034	0.616842486430058	0.705118349135122	0.690371007708908	0.701448474558715	0.902920834162929
0.518151229935594	0.530357446628478	0.568682880266179	0.587199755601107	0.582560279671986	0.562835069315869	0.729871221826373
0.953854829174192	0.959335334570772	0.615876831288817	0.855861864725287	0.834859089004858	0.839256595790179	0.795146629401557
0.959993348387653	0.937899348350165	0.616001326876001	0.824072063807928	0.776316504137478	0.783401373655241	0.830963612736228
0.857846857186447	0.846714944164466	0.599806520822884	0.732658703997941	0.701669715172877	0.723782344546729	0.737251197855828
0.773396608146947	0.787269800191996	0.6340830507934	0.712616308479023	0.694354092723333	0.698189983670318	0.872563066034462
0.875348611689996	0.87873714684531	0.622458752379773	0.760031180744274	0.742439811474498	0.725025295479106	0.829391050463736
0.882057958058072	0.88522481457501	0.582228369345309	0.799153316981626	0.769381912274729	0.791570334617534	0.732641064326646
0.936042662381544	0.947316267014388	0.61220548875269	0.863720772393106	0.826261448316151	0.829035525909511	0.788819264765532
1.10962077324635	1.09087999778287	0.670328088877424	0.963293097797054	0.95296339010142	0.920944142324815	0.906434840039652
0.848268158221515	0.837970509107553	0.616150126649261	0.754804011059272	0.717037747425109	0.713569125377757	0.772255015998766
0.902269129614638	0.921188951836161	0.643945603798146	0.803757892517177	0.767807404615263	0.762412533887082	0.896021819219651
0.856147940476986	0.857960164646751	0.622180953183845	0.758224074967664	0.724592386866916	0.734992192712902	0.831424127251543
1.12667327401774	1.12683676858285	0.672110364319478	0.989674544329348	0.921391764302933	0.9532647759333	0.923683192453386
0.788802970264694	0.765010601386124	0.624990226309008	0.726853397035812	0.679363739805577	0.702939190772109	0.863819292492152
0.928788873000249	0.940961032147992	0.630276117559144	0.8165402293808	0.790007103644654	0.800897010029058	0.848646463858941
0.979743721478048	0.963747547509295	0.619551125216306	0.857363040039422	0.800227013124177	0.823131649739338	0.810483012087969
0.517504170802847	0.531878123549094	0.5090341209494	0.553887746149554	0.542257797135698	0.550764435385892	0.647585172335205
1.0319454267589	1.02359766225258	0.638891475737546	0.88445606266127	0.831105471450348	0.844416372141991	0.912953210004109
0.895272824800063	0.88826203103935	0.61218096029741	0.795504196837681	0.751171543544586	0.758035945071459	0.856676231917204
0.821098740530763	0.830458994542307	0.572367696477664	0.732251673620461	0.704853613253242	0.700106628121916	0.737640771710076
0.80620849295857	0.793199066825298	0.59456807798264	0.729512642914083	0.694537780754683	0.693618652107833	0.794175491178327
0.701088909317504	0.690047522771157	0.568491088693653	0.637174514882596	0.61756953358048	0.615994830285338	0.719256949307923
0.880309359182358	0.862339813425406	0.614947580078074	0.76691442622544	0.745555914999466	0.737998326662837	0.818910017133969
0.892541787467842	0.882358492441435	0.623621425337974	0.79522934965325	0.760623264116613	0.758421486044108	0.877742863159561
0.946377603472343	0.932139394504296	0.600924812174565	0.824620010408783	0.808485987305114	0.798475932409575	0.774465662236401
0.982067146082403	0.988893541113749	0.646948147626606	0.833376988165307	0.813765837392937	0.812623795046785	0.875720251099273
0.87952768318059	0.868079743582533	0.579806413785305	0.785532690486534	0.754873478683902	0.745819777824243	0.723882911975376
0.911869461386089	0.938706914101368	0.605547913642064	0.824787267140657	0.794052877635117	0.816846503050044	0.765397581071666
0.815989996993289	0.818607505590255	0.63817189885043	0.743312372466844	0.707576691827089	0.686153104484916	0.873070581168995
0.811362871982622	0.801339455324108	0.66993752291587	0.760206875550737	0.713588769137597	0.724085327289196	0.967803956777272
0.852711793202222	0.842714205716327	0.575278930590388	0.743251643536071	0.70458459470574	0.716880075017278	0.735244144702935
0.865775269400915	0.837742416080389	0.639423187217549	0.766897807180873	0.740755485124894	0.740417915820118	0.917461981319387
0.706122690885463	0.706934356993249	0.579687913762642	0.648690405774036	0.623224966215646	0.624472570067028	0.733853919061327
0.727535766691513	0.710467674527763	0.614724131560687	0.681791679960982	0.672492733950498	0.666164708818605	0.87324512815034
0.918662386392222	0.915217508705357	0.609814212113445	0.803071893109034	0.782633600192183	0.785000223962931	0.776735232492436
0.967969216088282	0.95724212288262	0.632918929695004	0.821169452705504	0.808038746784237	0.776863534555278	0.884555009503309
0.682321973743463	0.702188453180249	0.629366037084407	0.681131017217288	0.679051238809068	0.683173998415647	0.873349322770314
0.929153616691921	0.917928849979747	0.594132538541933	0.777588138893354	0.761632254192282	0.766814874441164	0.806472774712423
0.848768137009377	0.830418671188553	0.601906815508029	0.829861870773396	0.821264716673805	0.831527017966526	0.737643093187396
0.79502963469485	0.791596634305263	0.650234405095019	0.724410007453875	0.707153022121158	0.736513334315138	0.948786614907657
0.641289377262404	0.633969096864579	0.59077365627172	0.634278239775918	0.624343865717044	0.612484581352915	0.77441515960528
0.807388115095439	0.821411926649881	0.644658506815995	0.756252248229701	0.746541308048495	0.747722034209465	0.971483858573902
1.01622961682313	1.01561564931572	0.651228906995259	0.873407659186624	0.834724330451714	0.851914356426515	0.893013855555438
1.15720124235405	1.14151800182477	0.667539673664794	0.987872105212299	0.963170169926981	0.953820265243364	0.947314829308291
1.07112480832197	1.06967655875407	0.644893838485196	0.970380354971162	0.926686564183297	0.936126978218565	0.886398415395035
0.846622715691089	0.844071856115432	0.581637064678612	0.761390512063492	0.711104558625014	0.731553647507174	0.710438226740372
0.758211518715795	0.791452730870039	0.609045566433287	0.693311355492483	0.6601408190949	0.696169410509054	0.800643499353216
0.54354370958469	0.555647007388301	0.589187198354338	0.596332799048142	0.585848520250988	0.604155410141037	0.75732541571741
1.02088536096404	1.01073744214137	0.651388868584583	0.867666329011049	0.814472868926199	0.841401362767611	0.946272368351662
0.872049397449463	0.877283623500419	0.588934906007912	0.784516782857617	0.742675384684282	0.739405361777252	0.763298743772181
0.667772141776321	0.705468392471736	0.60715769668768	0.664716377965102	0.651938977575403	0.6526600478456	0.823215768935121
1.15633675598169	1.12535177524842	0.658754718113145	0.970666004030806	0.925204405790184	0.93987230600564	0.971934760494745
0.536960958474302	0.528290889684754	0.549292949516032	0.580816622525717	0.559462396110197	0.556008846505902	0.695217300557705
0.764506196619981	0.799821813732918	0.659306331316046	0.741916336491023	0.702101629286505	0.734528735846289	0.926788534597858
1.06205944895931	1.05574158303921	0.651811147677172	0.922413643841991	0.882966317684354	0.900687637790851	0.897721447864223
0.622168815038032	0.627963079385496	0.622291054163341	0.670937471658458	0.661973218839956	0.659025141397162	0.883432675793929
1.02596736966627	1.01210412918679	0.656082046812467	0.868110291750174	0.836877891043599	0.85653266529921	0.909935892645849
0.744104777588544	0.73698457139224	0.587714341739177	0.655440328984793	0.644412029279363	0.638249001300539	0.775585122610577
0.991322242342852	0.995529549621607	0.626378800900389	0.878053247318509	0.838944229389649	0.82550009423528	0.844105336062279
0.69858006568327	0.713063757694315	0.652103521071024	0.701597630344171	0.692054128839809	0.696362754505809	0.924114963286195
0.515763546259739	0.501940109327309	0.55017820338112	0.548481148127567	0.560197644098513	0.549577677685425	0.690623652433395
0.78445642523103	0.782601302261589	0.554094274768389	0.683055095797691	0.665040635593873	0.669566978787468	0.678945703430801
0.821281336118008	0.821526830074832	0.579088387291649	0.707339331040167	0.689939975108737	0.690876083248889	0.763217117380649
0.516742338384851	0.507568699911852	0.566010524239843	0.56099479265813	0.561571125908076	0.565080036353918	0.717346629710245
0.97502741574034	0.978401591283617	0.664678921770991	0.84403803014745	0.809588910403703	0.821500738665398	0.897245534707073
0.945217602536922	0.950035142113512	0.621653540209577	0.878955881455482	0.835972705052885	0.848463821376332	0.786230707840475
0.81185966596635	0.813405940412411	0.588829050047513	0.718258093763721	0.697373670665044	0.688266745921332	0.750139604748669
0.905579730710862	0.89533143757906	0.66207345271043	0.820006195939347	0.762350404127212	0.785198881304608	0.973174192857972
0.75209090138457	0.762464898435004	0.600138844355168	0.694455258738103	0.673931072333114	0.65362557460658	0.816747731286688
0.945691997582221	0.954900801526593	0.6097979102482	0.851170991293929	0.826582813097056	0.835606956864435	0.785253143200476
0.918396257057558	0.90683773759538	0.625147153935133	0.785715204807333	0.749896681212111	0.747239399825081	0.829973196462855
0.952494061360634	0.96185398408276	0.631841931225603	0.824750649753209	0.785144203870687	0.786157046402238	0.859345733739857
0.998810115049087	0.977639791584217	0.679400004652505	1.03161748894767	1.03260035306296	1.0518436970109	0.903822325143063
0.545590725625002	0.563313206106423	0.607901303005784	0.600578342373964	0.599887621693309	0.591127326235945	0.803463821854757
0.789038794929975	0.811932692399205	0.558077605596638	0.692274598798441	0.684324941590627	0.680659727706563	0.674995644823957
0.96808071699628	0.951950600623351	0.627008234459566	0.82395244993375	0.794566981562744	0.793426725379081	0.829766418053722
0.591896524544946	0.569646039776505	0.605073141102603	0.645354544211364	0.633358854937364	0.631203696975005	0.844970074870304
0.851727056055404	0.85115626686034	0.601446753682071	0.727128450206478	0.696961411673453	0.709921748141145	0.787545538499555
0.720462585058485	0.73944491880822	0.613075682609205	0.698668723745601	0.661525446962113	0.677078609157312	0.849739142722459
0.550025501559366	0.549469005039848	0.587036038065853	0.599520820323272	0.595794582720314	0.599451234431282	0.780660010447567
0.91481398029115	0.916076348348537	0.612560238568461	0.827790133553861	0.826229812824856	0.808033949853033	0.758374658560963
0.945279985051834	0.948270502607778	0.61383753599349	0.823021761544706	0.777051571467474	0.791912512730816	0.816623793025119
1.11840181468247	1.13397983321443	0.665128076669242	1.00333507635134	0.962589383024499	1.0104925740573	0.937191324117925
0.970050664310379	0.989175454814649	0.624137382240746	0.829741605532453	0.798438320903607	0.788289986206471	0.874288749141296
0.876607263285484	0.871737621984673	0.582574069459234	0.768079635221582	0.756191404504564	0.752653026742461	0.715303732002269
0.581304720047443	0.597574473018205	0.591536134606726	0.622967603672775	0.633862421495675	0.612572716696977	0.805462751499839
0.56870897258414	0.578194518511136	0.594185033588939	0.625236728560981	0.615820932595927	0.616823401812007	0.782734364461298
0.803783747579739	0.812606890004289	0.627935776485641	0.739319852277426	0.694929588575985	0.707762880926056	0.862211590633806
0.97172154550416	0.995369186464638	0.634699445795679	0.87542847217638	0.855510029015436	0.839269744286673	0.810418874925717
0.806556649104393	0.791361407952579	0.634017925326259	0.735434237010355	0.695265093836824	0.705066285144425	0.898484146912871
0.625992079268115	0.640577656511254	0.641537617695574	0.691090801307924	0.656568543867789	0.668035047781178	0.930244542787871
0.731266109546543	0.736099519130423	0.636397221215037	0.702130830565126	0.678723926868558	0.675891888445065	0.894545229190034
0.806831668180377	0.797949204671152	0.629423800702325	0.758622093962113	0.725634142941082	0.716282352220058	0.896776035584668
0.66589285844848	0.654515873403711	0.562960315785332	0.614812240096718	0.602877708574213	0.603970682884186	0.695580624184049
0.850536533857084	0.825918413583014	0.637923109036349	0.750345547218719	0.714265397025137	0.732471591780841	0.87815803978368
0.855246613883048	0.843697159793817	0.616559349220876	0.765362599482711	0.72600556707088	0.722841577538239	0.836407185653286
0.809891966000927	0.820572906358586	0.58790917714687	0.72674125139785	0.671435683303151	0.685983354785974	0.756616859843683
0.635770493066024	0.64814008229109	0.663146812154423	0.683476928026965	0.662778789099822	0.671505021093172	0.922777144871088
0.706229867502408	0.72457173405192	0.639004776978804	0.722879180820483	0.690127065471573	0.684655026721091	0.910527038099082
0.956699866744594	0.949608691963665	0.644829521650731	0.834867411037393	0.784663154824457	0.80563274357607	0.880832784744789
0.842392868897277	0.856817591614294	0.58805508652031	0.752349478877389	0.739001260682311	0.729096853345823	0.756426167015038
1.06086002368004	1.081081193209	0.685453056670953	0.925597997795729	0.861359021050392	0.869078339391396	1.0099206372228
0.959558873974833	0.966700010938808	0.642805547690526	0.827617949896691	0.788988488218838	0.794736741567985	0.844807504399521
0.943418258303403	0.981697550192951	0.627837955026081	0.832669300323831	0.793422372797138	0.793552094445841	0.815344974928129
0.888289567078271	0.890880019666785	0.606774749636713	0.771274614224728	0.750674117343793	0.743165024999548	0.786242451825902
0.581023453527708	0.576098812793671	0.626924922260198	0.643701742302252	0.618874532641942	0.624618583709251	0.861643988999224
0.915874637686135	0.939525769606716	0.636933328940961	0.809562854252013	0.763102604751318	0.772684673646473	0.919269301541763
0.902636908041431	0.911324824451471	0.609803935496625	0.800213389949826	0.766225315068448	0.778447539881364	0.767978721533994
0.919710014804294	0.945888102522043	0.613534400890393	0.831777245051078	0.788062035156937	0.804602355641808	0.773855964820956
0.601285669300751	0.606907250870331	0.532565014963619	0.585996505050551	0.575620733094851	0.569463529826177	0.653750541142827
0.905054203733297	0.921516327853944	0.588872341478303	0.771600102399822	0.755263636713246	0.769848425696483	0.762544084315459
0.601973313145839	0.587899662871114	0.552325576342123	0.589017461772658	0.57215825726919	0.587179859620009	0.680335655941841
1.04617928016904	1.07282172477873	0.651047245987082	0.943586659482645	0.90953267143148	0.898891818739474	0.861982001871166
1.16191515835472	1.15487122730598	0.665671357240651	0.961538205769125	0.909594825545418	0.917680207849845	1.00303602614536
0.955150433905776	0.940149781035695	0.641700384174646	0.844077525624253	0.775095014216349	0.775561608998851	0.880089338119739
0.859752556660064	0.876800654387622	0.663196527092041	0.904346460532491	0.935218036933548	0.937931470368678	0.817615033268821
0.889273567484567	0.882662776116478	0.602419573091038	0.786886885063665	0.771771764592633	0.774364248671594	0.757115849178783
0.76760667906592	0.81006253400043	0.673710883323574	0.781119015606405	0.724481390498474	0.73426486167505	1.0221259210183
0.625137398571978	0.646706360465778	0.585751390296411	0.635375273377797	0.633976420524228	0.624863686599677	0.790188539744568
0.734584200188669	0.724327028968165	0.525119995122254	0.642309403978614	0.622736267734488	0.631133798249277	0.63314527398424
0.841891985004368	0.866183084457416	0.65568420260514	0.785128031743501	0.750255465944411	0.738440576918175	0.959409534739545
0.799832189712396	0.787241094769211	0.597027161617963	0.718813965480225	0.692951752247372	0.698540712817425	0.777067959744725
0.696546439924228	0.705521576254943	0.595924268839698	0.662625742640935	0.632597469641879	0.650140542730972	0.784712891129797
0.803021606426906	0.816317900497748	0.611778499703423	0.742973427635967	0.716216979486661	0.714661484726962	0.822949378928474
0.90914591482235	0.904866159528037	0.615190239099463	0.787728904483836	0.761397981711123	0.74468499830533	0.817271349064949
0.904265513260728	0.890402211900512	0.584616269367028	0.792254527203856	0.75770354419824	0.761069697300731	0.775039720954757
0.93255582733661	0.935508512301539	0.625493474346288	0.890639114176066	0.918525154711442	0.897655408132009	0.802194540769447
0.610271971364341	0.615303832138621	0.600947580793646	0.671026763022031	0.621134083560574	0.622517841557986	0.830891550099539
0.899412763232431	0.892316405887826	0.620662098552637	0.780519158858344	0.747110244184457	0.758374397654586	0.870720282158978
0.616600730428777	0.622571433230273	0.590030695749868	0.648424102767373	0.605959840667111	0.634731106212553	0.800068722208936
1.00157294152259	1.01346354372293	0.64123773624654	0.871563647324166	0.828961067077075	0.845448519037894	0.874068524636449
0.98291769906319	0.966314343189556	0.626139432802785	0.885216441111944	0.836552396500717	0.875028357012687	0.810368866233882
0.952109983734093	0.979298339138012	0.641442759384603	0.807955470445198	0.794937287041787	0.794922292385976	0.895778412359969
0.810273745675439	0.812314523989803	0.640699967288026	0.746599103244615	0.730409932111086	0.709826796349939	0.9039352525101
0.723770227630772	0.704738313614701	0.642828095913411	0.724976135289487	0.678467011417741	0.695985187329184	0.920052165978112
0.806565451196121	0.785586713319282	0.637623030160431	0.770183614452243	0.706050421730527	0.70794617917617	0.926387043291962
0.648856967175848	0.629364785398106	0.622560675771555	0.67524927481977	0.652039392677316	0.66380978380157	0.859252613790864
0.604656162491302	0.578267326449094	0.61197929075919	0.657692405787749	0.629389642173941	0.635823329164848	0.866507089680632
0.659377342620572	0.670697421805056	0.602073286582544	0.661270967303706	0.640294998219988	0.649377885798164	0.80411930530036
0.943075123943265	0.925967002318386	0.613529412187103	0.809755861582671	0.786047304824766	0.78770495343573	0.789957324859398
0.772849661850518	0.769158092742397	0.678344909515902	0.742789249452509	0.714156416363672	0.72391156360503	0.988977341281219
0.864981926493236	0.850018253393556	0.614374330918107	0.752522923815048	0.704173852165951	0.727491995764116	0.79855280483934
1.01403834613755	1.03087733891634	0.642908192566727	0.903461268094772	0.875432050103865	0.892703390346039	0.839640356214155
0.941295892295309	0.934623678812721	0.6208796599048	0.814210081654489	0.783910781354756	0.79652196988903	0.798421776939548
0.680294627399253	0.678109043107079	0.606998772720843	0.679046713824578	0.67820758952887	0.660714317839947	0.83360473949828
0.928855935988897	0.930658251347254	0.639938786612305	0.817475220561778	0.753035929114704	0.769536492847355	0.839314276189654
0.80592208215484	0.812421830250306	0.615580586476618	0.727438779131583	0.67331374693693	0.698071175437127	0.853283776723387
0.996687571048352	1.00695416121173	0.642920792695554	0.875135313210061	0.854670784278336	0.852516429210009	0.85396323869455
0.832570744478566	0.797338830382057	0.625156168744508	0.738017400221608	0.711748122096888	0.718354451807766	0.841496229603262
0.965914585823859	0.968072713690611	0.691815145917928	0.850464053343034	0.797424712505478	0.784512715850844	1.03134010737995
0.73172728084016	0.753673067324069	0.540482760639065	0.671287207155121	0.659075938518062	0.663191597105277	0.623396462735797
0.881988897741442	0.879271102556894	0.608106717175177	0.781488525709685	0.728272263473375	0.75639190475883	0.775474447958748
0.946111891194391	0.930557624683212	0.616041038063628	0.834632918063692	0.839465532243907	0.833800281517924	0.770229335646873
0.754041686501597	0.787446667426012	0.600422632182192	0.71202308115889	0.673129397873294	0.66656933685737	0.80418232575135
0.972199232387164	0.97495669993831	0.644589528616704	0.842314120239122	0.810278093032654	0.802590067716326	0.946136846665412
0.584639287102927	0.568733517232467	0.537593031651393	0.573719933877376	0.57417159580238	0.571561375330451	0.69077916542229
0.841997893505323	0.826895375606501	0.595571232333097	0.838254914174598	0.831444546845305	0.849693496665474	0.747375060447423
0.973207746088641	0.941998293141067	0.611772927541286	0.830750307624211	0.795678389778656	0.807833646089125	0.806984507629883
0.529460805637605	0.530177847567348	0.514515117269576	0.543724127228953	0.55078045705411	0.542465651195242	0.642540269895881
0.558424713738578	0.572635926498117	0.606339633400161	0.627704111486387	0.621288406600326	0.625016745129704	0.825990401586461
0.977865220681058	0.971576330589051	0.615033736642283	0.839771562323749	0.823970522618407	0.8046114350744	0.833179199067035
0.766014055233537	0.752372545703375	0.617865350052042	0.709465806388645	0.676250293855856	0.683450651881842	0.853924510303537
0.824786378650528	0.810789498303225	0.561075373669718	0.697527659600693	0.699481772616354	0.690045430013266	0.711307594868883
0.799815990991636	0.826692541155571	0.58791116987693	0.732625412680118	0.705349949020745	0.716258007831891	0.804607332339804
0.923742991349546	0.930780784823776	0.619639580580226	0.813208631223392	0.789765580543747	0.773506939433503	0.797589446997238
0.978409920561791	0.964402640973708	0.615917607444084	0.873352644382594	0.872515258163013	0.876536744788145	0.805542299582812
0.976649885237408	0.972673968788756	0.622449838976017	0.851016093726392	0.81587019634822	0.816557898123996	0.833478213500968
0.880790359624849	0.895611345932712	0.605527327956474	0.763827982243973	0.720486597010018	0.733546317969473	0.771422977483963
0.764434870294839	0.732053462539847	0.59456660404043	0.801794507546972	0.809949143378249	0.805406478165194	0.71325431410036
0.992120083559801	0.98647999475995	0.608824333236105	0.879896553951673	0.84529389828525	0.866746234971233	0.814194994532864
0.906851509794907	0.885646835291688	0.65635044077106	0.801934450585001	0.74815566193771	0.766694006688777	0.934405997123219
0.938130619676206	0.939719008482959	0.606925722683735	0.830250752747244	0.787514816353785	0.781748278809941	0.781817722049969
0.639383509358728	0.631918617454892	0.591097524774582	0.626784987424371	0.624707733531453	0.627075075281982	0.763908746552877
0.920896238680268	0.925289378314437	0.594799533707872	0.826235261089229	0.817080241276722	0.805492328354525	0.760895920603968
0.550864805423596	0.543713489967195	0.558180538500751	0.592339124445284	0.579692816202308	0.567397758804953	0.717847154969501
0.75155131383769	0.740726825193066	0.584211706259839	0.692880799355432	0.657441389154748	0.671759624092183	0.750919539808468
0.626310081809988	0.644428581718052	0.590122906308188	0.661454656160917	0.643521414723256	0.633809619578046	0.798456170010364
0.587761539174839	0.61299073724673	0.648275835875044	0.681673105527663	0.658498147207981	0.675075150878409	0.928531619848415
0.784168060844186	0.79767133137291	0.580556712488457	0.699253258197007	0.671947802020856	0.662482999597925	0.764354414386153
0.860793539156195	0.853102888389423	0.596920749866741	0.7626113695075	0.714597862051828	0.720659914463928	0.766972457636702
0.868370574480102	0.859647574084209	0.622685005972298	0.773441676750831	0.751800686136029	0.723412937746306	0.816353571912366
0.727568462183154	0.74871539195728	0.54168465282497	0.647985186019473	0.618678292904854	0.626359056257101	0.683153793872746
0.525728961643781	0.525921933584494	0.548538306306644	0.558771159113642	0.555871028277496	0.549988643542821	0.684449655452821
0.669612273104874	0.675237383055398	0.64349104485904	0.68291597476589	0.673683575825107	0.668844103709154	0.919069132335407
0.529593613740407	0.533312432095393	0.587964975393556	0.588044565238595	0.596765785567656	0.594574540458072	0.773984997169864
0.909092857459079	0.872586573104823	0.616168535756966	0.783467611520176	0.731763102923343	0.743825923467949	0.8234424656514
0.871042638469241	0.861999799092294	0.603441838276316	0.823107738889533	0.809345613455977	0.809487434528399	0.735598030278661
0.922693809764699	0.939631500594035	0.617363997214645	0.794949084139804	0.764154503477684	0.799338734822052	0.846693373877032
0.768654384940684	0.765223867407978	0.550303677957855	0.667670059607379	0.663028800967465	0.651129626380917	0.659235013337647
0.62574470244626	0.581452549512197	0.581344002411754	0.62961616739675	0.602068182606271	0.605932983536611	0.775857452424165
0.897502444972031	0.921001054124521	0.594956143019184	0.784994834377633	0.79068681784724	0.784922925054367	0.750557288250805
0.622120597298929	0.617053554407141	0.627881769982641	0.661467549419114	0.631374451912337	0.638114210647382	0.832772651172736
0.790055806655136	0.797329062482677	0.602249785713033	0.713018857056285	0.705984307997074	0.674005225721872	0.785192323985123
0.782439786275546	0.78562195076689	0.633578066323345	0.709686110935141	0.701191124305684	0.699808079200125	0.854525036833779
0.589510479454741	0.591593943972602	0.611541809835203	0.660836094844644	0.645508049601173	0.642140469115339	0.864000729579798
0.854051639327423	0.864861655633102	0.618215153356903	0.748018386475135	0.726192050892405	0.730799674850275	0.834102407591245
0.988454981592724	0.981871902238582	0.628010966278191	0.851971090953368	0.822964348028313	0.827485444129702	0.837549871783117
0.795186748050342	0.791191182385301	0.606690131478805	0.705068071348452	0.684690505802326	0.684521261847056	0.822044962458209
0.728220374123717	0.725874064091996	0.629590966516954	0.714200194848984	0.675696995034507	0.684556091293892	0.915902520770283
0.79692277826276	0.80238401145227	0.660772701827989	0.766523228359433	0.749116696713717	0.756092335491567	1.04558867322689
0.624697873549634	0.588957706331026	0.600034468273874	0.634229444849712	0.627237517462276	0.626221614447256	0.841863146859328
0.944475601420207	0.950312793401708	0.629880496561482	0.807380711415357	0.793704147395324	0.798277429453905	0.828657429994017
0.935527359137507	0.94566038147538	0.613806340732535	0.808905082647472	0.797588796060828	0.813691324056508	0.7973338234286
0.944493551385673	0.954270309409619	0.600584132219008	0.830455372326997	0.809562406695117	0.804904746108641	0.819398663993115
0.778477141856858	0.79554190596705	0.572253411131659	0.695389837622614	0.671259178339559	0.66751780471219	0.732443412151187
0.825340417804145	0.809440681349202	0.628675979107357	0.717434732312382	0.706094511348669	0.728812306361234	0.874812812950755
0.692263872014633	0.696306918939261	0.521557719693771	0.606754414083975	0.588053596795878	0.597553308972494	0.610360886879469
1.05321040389534	1.03633343848804	0.680569561718463	0.870368827665816	0.837018708764106	0.832378705619408	0.971347291162088
0.970663015551372	0.96075542562694	0.621764829838428	0.860873484947818	0.812985004062266	0.832705172956129	0.814404992151693
0.736410162259855	0.749400294021735	0.570683949732866	0.679498239965681	0.645930019695676	0.641016359043115	0.712127365149206
0.800671640053264	0.819516690283588	0.609326868813001	0.746310313327568	0.695784359930637	0.708694160589232	0.83264453771052
0.837970271202814	0.842727436734871	0.576826696699905	0.74783939384948	0.702581718777614	0.70243557930622	0.751375491061801
1.06913101091963	1.0502971808398	0.657155481484505	0.941125372424206	0.916679265311257	0.917331343678559	0.863780778710544
0.637588354316439	0.635325768022596	0.655915159735358	0.698436732696205	0.680299068831311	0.653591990854526	0.94780642477409
0.73501352658793	0.747135997378973	0.645023908335752	0.722659076952659	0.68706906065462	0.70092577891713	0.92721131723057
0.792947860491593	0.772745319255237	0.574103064229193	0.678771060618445	0.659027482817524	0.669209358546361	0.729839090341627
0.895705549373572	0.904435525336959	0.595437444983102	0.794761698241799	0.752903730549594	0.750388752732781	0.748310552889092
0.596222124373351	0.60132305695848	0.618595048457383	0.644731881865946	0.636796915916686	0.63822570332268	0.854085599422896
0.889034329764919	0.868975466879708	0.582652957177773	0.808282839931665	0.803223158371895	0.809216024463822	0.740479085216221
0.619283282841206	0.627408798596799	0.61324561532279	0.674765837555409	0.637188118931712	0.634189886882992	0.837883320153272
0.917327256418005	0.908730479114391	0.624253500235211	0.818016021032239	0.763179870679875	0.762451109312569	0.827806170555132
0.9572781575799	0.931794622205919	0.614141405880673	0.84425096842045	0.828265227578592	0.828144305972936	0.778459408144194
0.782982954354766	0.781418512115943	0.63243212868185	0.714296917433214	0.695116022120355	0.686917608575329	0.846430760831557
0.643278068280949	0.631523328439621	0.612802349959822	0.664317577773161	0.641994804449971	0.632591485144826	0.872709474682567
0.643525682325544	0.603721024461516	0.601209042221719	0.647523318180436	0.619586907079802	0.612224437095605	0.7789782605264
0.732025580994508	0.7403712128738	0.57107364160477	0.659467349011624	0.656760294322241	0.639467597448517	0.726677697631696
0.905452997749522	0.903895304631178	0.590292789285822	0.793531365672019	0.789970503745719	0.769000742219987	0.751870538618316
0.592051447197637	0.588840373568916	0.591397557472243	0.625366355662139	0.594123252649693	0.60485819130712	0.772413219034258
0.811721151615753	0.810355704192823	0.630106039719598	0.739311447057008	0.702922289769149	0.713772360496857	0.85553851891447
0.622114086350785	0.646151839511618	0.618106441373863	0.645905631833012	0.628440536663401	0.65238397874124	0.835927488693279
0.924095209074858	0.929000653404315	0.611338465452285	0.811740349608953	0.762522592791182	0.780600204954368	0.818359738074538
0.828948194751647	0.825096350413924	0.616501586213994	0.841080716982519	0.855412361491797	0.847188133057309	0.747658121492187
0.68158837596013	0.661621103152582	0.635225938130966	0.708155940884489	0.67079709026406	0.69743279308022	0.941927572515591
1.10211220189007	1.0964648887033	0.684363501402173	1.03792197573858	1.03972045665851	1.03390003388767	0.928457631151662
1.03800455005411	1.03746877240233	0.649220040491542	0.895361594445948	0.859166064617054	0.855111028655531	0.908484260071248
0.906390355921451	0.919434531173907	0.648366810557433	0.800739127913352	0.75313399484232	0.757136747265372	0.881460892632742
0.99141685138226	0.985598645904059	0.624033445997193	0.859186216672573	0.841789483391632	0.851998284798685	0.821838562473147
1.11308726906506	1.13359305484501	0.660665424477628	1.00100192059403	0.980360538073073	0.98515228965169	0.928036441299005
0.776205709652266	0.770305058568323	0.633615663968492	0.732283383113713	0.680929929631962	0.688458728103336	0.889825989515247
0.8007294498893	0.789124883364032	0.572217998772671	0.708660150761862	0.669820209742141	0.662141122998325	0.711521875844402
0.817156663868151	0.830078768234263	0.616042303560342	0.724464281503229	0.718225282994631	0.719857075258499	0.826049477483597
1.03735958959217	0.992899041045121	0.67150759021295	1.01364526636096	0.988464681423049	1.01329687926983	0.881839585018466
0.907655380921646	0.929273187629285	0.622395135914044	0.788597808902019	0.763580482663805	0.751992995846123	0.836431046483588
0.684158385900573	0.676033537903487	0.583304117314977	0.660758265912289	0.643920035372111	0.639818001920629	0.762658442384484
0.988388620493549	0.990648247407524	0.639909468678289	0.849269062945181	0.814770993243149	0.808085545909837	0.866785011272118
0.989619962127466	1.00192144369792	0.663244707657729	0.855558533882849	0.805108919696345	0.819221649294356	0.977260993979855
0.582924047550831	0.592673962504117	0.631719101158483	0.657714462926865	0.637235492382593	0.639490259947677	0.897351636110747
0.911270944015622	0.918116932269173	0.604399698747557	0.807946258740961	0.778297495619349	0.768748916949044	0.771233855348476
0.973517612205131	0.981140783846512	0.658230160467064	0.847390743118976	0.802824090177082	0.802799832217872	0.92286517682799
0.900637284830906	0.910445647922255	0.582458272982668	0.796481597220582	0.773161171639203	0.775503402422834	0.758099461109407
1.00458206211571	1.00976170888581	0.652951208934589	0.8784710260955	0.816354000096319	0.820519436582295	0.94201365751006
0.826125367382741	0.844267387882796	0.597316081021272	0.816283393610962	0.791879897836334	0.816643445164486	0.718715278380684
0.68491186325544	0.717050941547399	0.579471713839813	0.665352374856291	0.640097658814513	0.637235799841037	0.766942539244309
1.03975406046577	1.02828177389203	0.641509009056712	0.865720032673613	0.838098940923242	0.838368743160942	0.908359072594209
0.721311607723673	0.728799300449491	0.60551288879548	0.66550153365511	0.659121596071935	0.665632246230242	0.779745383611044
0.688561727865914	0.680618435866479	0.542340846043967	0.705604732065662	0.687757044752705	0.710493326385168	0.629803935330021
0.936781647607246	0.922858821021975	0.626546165870561	0.794174144079329	0.762199204719053	0.776700451583734	0.855849634247771
1.02768088812027	1.02431964549536	0.647102463977141	0.925116117868354	0.903489561898348	0.896421249781457	0.855247637439336
0.830765572901741	0.823350113014486	0.57099334562447	0.71555267348747	0.695901856537723	0.702371184579321	0.717399825595444
0.729731795286117	0.707946019448205	0.579283667803458	0.655228939795515	0.642718247287054	0.628240113901424	0.743666697991497
0.939336650993721	0.895997275683779	0.626558782811488	0.781574877108093	0.764556445698064	0.772415111818747	0.815679578766313
0.866711059976429	0.841745696009169	0.587003883528287	0.799690068327375	0.773423421721957	0.787056256627142	0.715840137832782
1.0116860645732	1.01685204809293	0.636259525217547	0.89309533067698	0.869709553562354	0.850611461471727	0.844670971272911
0.627154261315386	0.621788553758126	0.543894882050917	0.606428292871815	0.580910766106317	0.60418141239149	0.682027232072948
0.942365500518019	0.935501274113553	0.622210013180668	0.795882120520833	0.770174623651963	0.763878248162008	0.838419834787983
0.954803690762299	0.965079613046477	0.634559936994174	0.804319118837709	0.806354892241126	0.80226317968164	0.844941686580881
0.776922379861434	0.779921747824318	0.616408128930751	0.688314857139349	0.675260611625096	0.686103712047412	0.827773311424108
0.9193583562758	0.910613488940225	0.627283970745042	0.785429464179116	0.764218302683368	0.748077909078177	0.847248661180942
0.989783254103127	0.992766027919928	0.643359370615079	0.845111952726137	0.796674800737351	0.816393979426276	0.852590515009348
0.87509535711297	0.868688861240696	0.592085842277936	0.763249072503801	0.73705507693042	0.724997835458355	0.807667372301989
1.15963105740116	1.18211614518538	0.684847518825669	1.04710786050819	1.02375119682818	1.0235530003835	0.959947814710523
0.612207607692474	0.617489834437322	0.568779470949627	0.612866639397034	0.600277500779895	0.596326097606333	0.721540353749532
0.671049694393534	0.668289462432498	0.592664974217096	0.645071815015919	0.641510836529745	0.634974592290246	0.761974931910829
0.965367091076247	0.95404830548858	0.667643891212866	0.807068524509034	0.798741263466963	0.795020968513478	1.01878428422082
0.86742318953133	0.87062995838153	0.587264805676306	0.743915405866093	0.723185530006011	0.73295950085948	0.744524746759493
0.786299469442193	0.787080246832342	0.592198719888983	0.678676076058697	0.67005093956714	0.68526037354031	0.747892275417195
0.623212418601526	0.624093303501365	0.649410530159338	0.647697669674029	0.664283062272755	0.677050295596292	0.938291642911121
1.00293278742641	0.97235168924208	0.64374466642602	0.838271218452375	0.814537896386898	0.802767216386046	0.868985423119866
0.758832449406635	0.778652961642283	0.627680364754087	0.720015254052187	0.683246098883144	0.691293110986996	0.84123295805001
0.689038435014597	0.696852349139133	0.571192665628674	0.638108414086536	0.626604895385324	0.635724061130657	0.725020830634883
0.662854192479651	0.700933464304681	0.608234060441537	0.680988644336948	0.638440688477059	0.646728058800182	0.809852495002948
0.892360566387009	0.882965837874589	0.624051289760255	0.775105321001645	0.741247450034883	0.737348766765886	0.852786332523846
0.922650250818443	0.924154200098702	0.660794952302896	0.825833625772546	0.773682710662876	0.812392793175759	0.993231094305398
0.762123595748262	0.785266954277449	0.624575616300608	0.726498568159885	0.688201485693161	0.685261676503987	0.845314572400469
0.779771471375468	0.761881876577811	0.621593992770239	0.694875956209287	0.686270675587621	0.688047305750686	0.855440379484451
0.9667301883059	0.997339826563742	0.639847296821829	0.879341674119479	0.866435378845229	0.845411853612104	0.812934353503679
0.829321251960844	0.805697346774447	0.566744700941518	0.755803294864335	0.757645858103709	0.755080577798147	0.695005010386726
0.946112733309197	0.951517035798671	0.61762806582715	0.819901025314966	0.802908200599677	0.790232523512194	0.817312326006406
1.04118939676196	1.04348477375054	0.658212794238214	0.884972665307372	0.825828447201085	0.864506001117958	0.942312081054885
0.741156093195115	0.689859738946523	0.647229892584091	0.722893105106543	0.693266450246487	0.689162608353584	0.934131040473502
0.837808763776046	0.851064869264886	0.624947796188513	0.767431373122541	0.695220339705419	0.715045410029085	0.808782562723958
0.541276028247686	0.542291361087607	0.551613325747736	0.58263073817437	0.564463103103406	0.569892331615395	0.695210769715198
0.983761679720114	0.984634860541857	0.614780092259236	0.870876809642928	0.818047995732073	0.8382494101003	0.816960898826294
0.67172731839104	0.665237631958566	0.523418243579735	0.590060210815276	0.569735019217401	0.568134480471439	0.60013454676093
0.608470461298711	0.639101229973816	0.610061881498904	0.638995701787315	0.63714454943236	0.6136312661667	0.826901863697534
1.11797115102992	1.11169598190996	0.657574167322158	1.01356153576104	0.970840222779084	0.97035247988411	0.916679734654805
0.98162322693689	0.949314141659572	0.631686230353476	0.843113310288818	0.80804783902893	0.810456832683238	0.814288418102944
0.634624884683751	0.614205912507234	0.605672260560887	0.636655818144079	0.611367390700145	0.633852111910431	0.78739345021822
0.802920161712454	0.793919425255958	0.571104703779174	0.688198578600034	0.680335802247145	0.66206624681664	0.69134007621281
0.851473925253929	0.87248285631198	0.629744365933966	0.772298067974035	0.702226189506565	0.720281872324803	0.833185500335282
0.836480461063426	0.836031684454142	0.580014022329929	0.740785775208801	0.714356854382366	0.703362467977277	0.738330180884379
0.979150173348968	0.988664174317392	0.651746023691807	0.829170317165071	0.808889405818934	0.791986277557029	0.873978648552658
0.639886018243422	0.651807010998811	0.614184347175481	0.682008563879704	0.631265128394753	0.633131114577193	0.867122778751836
1.018528761625	0.996953884724469	0.63625091528957	0.878308233559451	0.852858458627014	0.849578470790443	0.840189788901714
0.798361975532144	0.818844393394798	0.609020706711535	0.719017973159709	0.68382072009266	0.701303508108264	0.781744099520399
0.713144846196679	0.692077847291516	0.556317836555953	0.634557390132611	0.630895521642918	0.615962198491709	0.698488042588295
0.828103494082517	0.829496215363445	0.634623519213849	0.763141328159475	0.730039931359355	0.721197543489329	0.876962460044978
1.04463272881586	1.03617546949422	0.644424450393071	0.90238852806345	0.854975970674901	0.855022182206675	0.90135052130584
0.930763324376233	0.931404519931246	0.599709512897731	0.831354487530644	0.799855836785792	0.794414792116434	0.772109262699892
0.924554491711636	0.943449405308656	0.632026400947486	0.809643525039995	0.784001115316361	0.786725708735344	0.862486711693682
0.796093971889186	0.807660385522937	0.600562309174357	0.717756855197696	0.682576501726121	0.701615246717096	0.782644417660501
0.718661012415077	0.721219730076465	0.609287773886948	0.678728461076967	0.652933570089271	0.675049679321844	0.797805644789097
1.00047294290983	0.984902037702127	0.627674948739308	0.86774792507442	0.825769085117344	0.844694048632288	0.828536656105423
1.15614176040638	1.16533435910646	0.678404447824359	0.99532108813281	0.933474119685754	0.948270002638494	0.996881808058884
0.97282365604376	0.980359242577406	0.649023009458115	0.846883828014893	0.789652459366642	0.815969879557881	0.878422651375528
0.530677760899168	0.516142431769776	0.559597484300579	0.574693934795674	0.571307460983356	0.561040648425346	0.699097708476335
0.933869906500969	0.958753789371303	0.628314078673998	0.803049575281534	0.789315459092836	0.804964882901438	0.790501354548012
0.883911352526256	0.859499713584775	0.579994932814885	0.772847631216019	0.770293271938589	0.755516162062421	0.719488255650859
0.979508061386419	0.973975466930817	0.628435724363736	0.835792505606283	0.809915168653595	0.805004949172928	0.858505831341761
0.895166116831738	0.903430237424617	0.590295975780643	0.778133775992691	0.753116275447665	0.747920590791423	0.755978126799742
0.811622751476301	0.834163220024525	0.630900428182027	0.737765867177327	0.703410346320157	0.701313157516726	0.860364671009208
1.07865236434664	1.0705170943096	0.643972306540652	0.968307397591037	0.963003885108102	0.968685133129073	0.88335976126277
0.874428233487323	0.853759740272287	0.632282652900647	0.757749010353779	0.735084158380101	0.737785131974619	0.885793930637832
0.877860933859164	0.878207551589985	0.616731956960505	0.762551049261673	0.733512932320703	0.731914337709735	0.817158785418199
0.666129056946805	0.701166766925005	0.597415345404222	0.667909145010687	0.63321047641209	0.629771382881839	0.79203495503585
0.857570506272648	0.867780807776195	0.61484976093113	0.752139379116776	0.729046631252715	0.732068285993035	0.828965910811318
1.01868237963822	1.01243525636775	0.646321201005765	0.872477889227458	0.808998240091615	0.822382713943621	0.88178457063777
1.02233304443531	1.04601519419437	0.645765640007294	0.900047213297777	0.861023523562748	0.855214164069054	0.869837106863196
0.921359686068353	0.935286723318834	0.641117651008543	0.9789411627082	0.961618036442105	0.970890537790493	0.844602679999098
0.872840085099989	0.868001128125929	0.614534003276176	0.76563491647555	0.724434868467493	0.71132869302999	0.821888692096203
0.574130347947603	0.581849621137217	0.564020825708363	0.60585043985046	0.583326249551045	0.592982714765889	0.717562000163306
0.846460847526425	0.844085569144107	0.57430561239391	0.784917958215124	0.755489310296639	0.758377145176235	0.701134630786434
1.01558809873047	1.02668839318984	0.637272670082759	0.876039464541654	0.826758461822256	0.846783196019742	0.910756065812836
0.842988709722037	0.829841940007985	0.612695596246873	0.868095195626052	0.857957113666595	0.856431434877307	0.766329573169403
0.799804958281689	0.816865131750064	0.628666246067111	0.730561894512744	0.703740194276011	0.722265957694148	0.889133780619364
1.18743730354334	1.20234287469166	0.70111011053428	0.983999220300533	0.986193221285614	0.973477717345678	1.02400154212529
0.943889210321421	0.946369185428674	0.647595847783866	0.944432350584786	0.961735083914973	0.943211249544377	0.835069093182483
0.666682168883552	0.6684648590049	0.610108101389189	0.690037837496858	0.654903847081091	0.668659808897508	0.872980961065455
0.851674181507235	0.848988385157158	0.58428495537481	0.725663247272209	0.702444921407547	0.736230000884259	0.73213253787546
0.968520323580758	0.972798188583443	0.672046405137962	0.860303852175216	0.82076800028503	0.829115303017992	0.953177694431478
0.955870668731457	0.949135184379621	0.617236553923058	0.828612743115915	0.764786054464732	0.79509203645329	0.844408240037929
1.11260214629392	1.1426723242992	0.648538032426549	0.965164494559867	0.953351635817036	0.950083325309097	0.937703202828407
0.885297217512518	0.883152375287432	0.596164390769513	0.752009974026253	0.729331687598231	0.733596866773624	0.794495361067848
0.908641045382072	0.889928566252294	0.622416726489792	0.785421395506021	0.742840012641777	0.747293765562906	0.846089691154174
0.845590623126634	0.866674730400898	0.61259098561556	0.745153689058566	0.734978139290526	0.73083400820736	0.813892190825878
0.94477367964338	0.929710095030816	0.60613636254452	0.795839206732122	0.773564097372942	0.79633753475456	0.801200723813701
0.858302475284767	0.878382109786963	0.615904983910476	0.87589785617012	0.872540220782767	0.864768260458565	0.770150431010571
0.826535493680146	0.819221448920965	0.569954886315364	0.733301614617443	0.714742000845436	0.695221925785308	0.70617302093977
1.07265897059733	1.06770623034757	0.670799901669708	1.04533752577625	1.03800135764408	1.0357692029998	0.91692391082135
0.595365713825817	0.595453309245956	0.593225716441547	0.626592826810403	0.620573120707604	0.617710264501437	0.787021743618224
0.991692100816263	1.00590549976235	0.661331886657878	0.884128376208892	0.815695628774239	0.827246365844615	0.971957762334048
1.13258272845855	1.12640085808158	0.671478273691091	0.994245259108371	0.975600589810055	0.979416867363193	0.918406652620212
0.677137157168874	0.663510871935014	0.618021919827314	0.650364413382092	0.645438690642463	0.62896041392972	0.812564367545638
0.828015102575777	0.829733270625586	0.64350391970146	0.890959798085289	0.903173424519861	0.90427648079584	0.783294825446338
0.906192949720092	0.921528712405167	0.612445708380768	0.795951925153084	0.751707618879539	0.753891720360883	0.785084509301205
0.596892438145463	0.576232396444905	0.605389511325429	0.620910544368216	0.614383944256215	0.633553400797957	0.822464401216976
0.691938011951781	0.681235927290936	0.621855057989299	0.672493922337854	0.659428599610117	0.628006747951628	0.822376734796377
0.881600867358848	0.885312985982699	0.624090207816671	0.77362614985105	0.743574048136084	0.756873858358362	0.874079686730755
0.96774466742465	0.97683669085969	0.645473885697805	0.8875245172681	0.879572490894896	0.870707876199297	0.810458544537047
0.826364212987568	0.801723400159893	0.641444235060813	0.758766488399121	0.721723985345039	0.712434783324337	0.906822326576477
0.772972750359093	0.78116306538675	0.632818810851172	0.722363105023686	0.694695053935114	0.704918664739594	0.873514804918315
0.731419143322968	0.726256007905269	0.546067923618788	0.655157187066701	0.630190673818431	0.633591744029241	0.680462039195284
0.6297374112517	0.614665465185352	0.611799314919738	0.647783847095023	0.65015927176412	0.652328264840892	0.84828711449316
0.829577903171833	0.835384814790688	0.629322255655176	0.752229882575625	0.714154862769526	0.747060432241076	0.857595811735794
0.745590259160384	0.76711433754124	0.621420233185823	0.711345500469852	0.685623167519009	0.698580532323408	0.857494688282398
0.749246191809486	0.70841293172813	0.591740364307278	0.691595715988125	0.648744746942617	0.656384735934277	0.765367202871813
0.828653645346621	0.776175293550134	0.636949545909004	0.735350681230477	0.729909322452913	0.722404050343959	0.927385701767008
0.695052776015568	0.702834210929081	0.531240216348375	0.633296528359969	0.610349844860071	0.612680253130889	0.68993495455284
0.91361555230629	0.897126838330738	0.637533687692557	0.804225161297631	0.773747168693677	0.764908953455917	0.923558347241357
0.938770911027098	0.949637457366349	0.621976242655761	0.809803962179454	0.779838513095804	0.790968914543916	0.840811834523733
0.689033094127844	0.693683455053971	0.616220452840993	0.692647679502221	0.681142187889006	0.669956087585271	0.8720804109597
0.836462497174547	0.869694923689097	0.637795747714057	0.772955605490883	0.711251247632005	0.724026205429917	0.868672190704103
0.886258210333298	0.874126038573475	0.62725132906864	0.769472669943565	0.73904015216816	0.756396554386006	0.862538646592366
0.990457494756021	1.00703953305905	0.648465139903726	0.855598546658861	0.813448828935582	0.824234617583174	0.885204437336752
1.12970629038977	1.14108238951253	0.669777672934645	1.01946925295749	0.983322805347178	0.989544804081066	0.938418531900262
0.678282882400522	0.703710625009335	0.628941663185255	0.70553515329	0.671730765019473	0.661871307994078	0.903463884988032
1.00953689006997	1.01800912028518	0.64854166172	0.848936140059476	0.82024727126313	0.798454907425634	0.916132354195916
0.789808684120956	0.792395152419048	0.558180909007496	0.709118494645398	0.6756728660201	0.705807151383042	0.660040448870912
1.03437445391812	1.03240410820217	0.661449017274789	0.893133353484473	0.861411174830385	0.844433157701321	0.89442936271782
0.974965488276928	0.96972574717815	0.639405542175595	0.834062426149885	0.808004381194683	0.79889431560826	0.855576481440207
0.909802039130305	0.910407863289854	0.605008955988878	0.786757685062888	0.767826547576989	0.768825604567911	0.764108418639515
0.8332738488055	0.850527712875269	0.623344452089259	0.741197738282458	0.721148983448036	0.706846167993746	0.844926030438904
0.767202353438995	0.769821143746245	0.619461241437118	0.696922034126474	0.682432646300091	0.686973726164538	0.82028211599636
1.05720863873084	1.04147559043386	0.663806872517596	0.905064537959077	0.865931298384038	0.851820687952571	0.981332678965481
0.932111520923512	0.957878992678327	0.665444129850196	0.815042892721077	0.785740725992444	0.777184902801913	0.957804209058407
0.897744701728094	0.915858414603156	0.603812623065307	0.784647505951478	0.76765699583208	0.756148982287349	0.76259446940863
0.907677448389809	0.888364756194228	0.602252041507265	0.779781222996377	0.767578999682688	0.750766524923268	0.785804946184333
0.879092578665397	0.896239882520139	0.620575346070481	0.781549904539955	0.762864083724642	0.739172031241591	0.851075944573164
0.944528574219192	0.947948837101676	0.603699156024429	0.821350717901063	0.788970141531627	0.803107136259718	0.800070248345518
0.946495113841564	0.938699124700541	0.634052958535204	0.827355969566234	0.783712699840679	0.767845874890296	0.847105631926189
0.727152743179273	0.721118267521464	0.582089507896545	0.663394213415583	0.644490837592203	0.650214293053475	0.750437481473683
1.04891390377185	1.05237862040203	0.65215520346356	0.934098594307213	0.916375097671743	0.912818704579245	0.86531739284705
1.04073190032621	1.05440315621133	0.650222350583366	0.89466662569897	0.857594857603008	0.863921177998939	0.934454480697739
0.944715109078776	0.959507767276693	0.632639658332165	0.91230396697124	0.915276196927846	0.911509470423532	0.820754820510845
0.564646331298697	0.569948377039189	0.63033017650857	0.637068131503053	0.618269937239944	0.630355651752611	0.853115314640445
0.561389511667826	0.584555314466106	0.607259880529536	0.65322277074353	0.617189034808621	0.619948548092084	0.842764706673472
0.878029035629525	0.863922075070356	0.628850706009679	0.762751983892514	0.718334513812618	0.745005594460922	0.872013933922308
0.752740295970712	0.724342271625167	0.586058917744999	0.697133745815366	0.646021665269862	0.650102205043912	0.770329545975954
0.728939259404361	0.750933008659512	0.611112794543977	0.712638265732826	0.694166284770764	0.682490041570328	0.865695937073592
0.711564684729824	0.729145021614674	0.575240223238851	0.658252858664393	0.640654102401611	0.631663395080106	0.738686905269352
0.849927658206281	0.8655555010458	0.559526506911812	0.749075713732997	0.725391117137802	0.729415157707947	0.710291800523771
0.987738155541569	0.974934110137323	0.616015754921006	0.912362700905754	0.906244453396075	0.905519316486457	0.816098388900532
1.03969466066232	1.03663325613816	0.664408185797159	0.898641005584252	0.866216901611308	0.865766857296161	0.884888856396402
1.09282911119453	1.10777724519955	0.680751609394967	1.08911630635404	1.07882758418585	1.05995712550991	0.95662050043301
1.04753479384007	1.06468455155549	0.658577867133442	0.905280776436235	0.864376460249119	0.864677043495291	0.891182994711486
0.891586515189995	0.918518349943756	0.663197911519901	0.801405459107997	0.773791929286407	0.764337935569663	0.931480391872637
0.648964542476591	0.633906684547163	0.608782982127478	0.671130472836588	0.643164870161367	0.633946748470241	0.858182429709645
1.058620228905	1.08004109262708	0.665198212460748	1.00056611807019	0.970495756444711	0.978420870189671	0.894068965315376
0.540670255608287	0.540011195043394	0.548015653479011	0.582119477231185	0.556614924981946	0.568641129519071	0.71282784726853
0.919823197434045	0.908797554047015	0.603376968455014	0.835991622380196	0.778327902827441	0.773226633369332	0.760884108775654
0.915515067921742	0.900613080813615	0.611104899393107	0.791152487940536	0.753831427851746	0.753850626438545	0.801903030738653
0.664511423050919	0.638602555393309	0.618195234268472	0.668720080688815	0.661817488265271	0.670875830431616	0.907246545117554
0.801019071298121	0.785878636217578	0.638937214829118	0.726984950835897	0.713609489718603	0.716807346583261	0.884799948158926
0.665810808741098	0.645545697115249	0.567716536226185	0.637415331685391	0.605227924098478	0.606452731120093	0.701143407897132
0.855917196820351	0.833322698493904	0.597662819052699	0.78491247692643	0.792413376853807	0.782842197088434	0.719827727213114
0.862516027506087	0.843792648611038	0.576345265654241	0.741975113988904	0.718992353491613	0.728457606994688	0.708007779733267
0.6772496420769	0.649502965134666	0.644607061206507	0.709927820097043	0.663788561231415	0.652630869438647	0.907720586550204
0.973514950596633	0.951359902622059	0.612451055191754	0.853136989380685	0.844071706172309	0.830841869285541	0.794659093042102
1.04013892788884	1.01737973111582	0.649047370775824	0.899207312432822	0.870615390906446	0.844527229214269	0.865740293447697
0.98358784848725	0.991163677445549	0.637233844776312	0.88359781620323	0.868608142931967	0.875527186653615	0.808271036656722
0.893095926128078	0.872470601155078	0.627234459626312	0.792293586662827	0.741106493636076	0.749843832094511	0.870769985308373
0.941534886931437	0.937492349976561	0.613373611655052	0.814484605684466	0.772388764605772	0.792824494798054	0.814869006198723
1.03680909478393	1.0426304679914	0.640269491042461	0.886096163163017	0.862344699336407	0.86838094905199	0.871284678978077
0.887918021470052	0.911944219612705	0.608510372338367	0.792931699467611	0.745143586805367	0.740705002705574	0.799160620445385
0.694991123492933	0.691308639378488	0.641547042466649	0.694975945270547	0.661611695659631	0.665758021818241	0.872906043256569
0.984687738641155	0.997439449659103	0.629625345657623	0.9153639482299	0.898497135168673	0.910216481274622	0.832792825428831
1.0161951565307	1.03013153651775	0.67609584813646	1.03891202741248	1.03451447674872	1.01965470291213	0.901123236674333
1.15387297396234	1.14121254628243	0.658130250266752	0.984617094490703	0.967045931193901	0.975780788846029	0.938595063353312
0.817567263654906	0.856585139332074	0.595316679007835	0.812623774493241	0.771761110120791	0.809990142743532	0.71930185071664
0.897276730453616	0.897372986239712	0.610048352048848	0.786666192365948	0.736217548854441	0.767756392923795	0.788057567699357
0.885842686007877	0.890127985962225	0.642773436066671	0.791095782244543	0.743115719714538	0.763092820227648	0.8819286659187
0.792658224530924	0.808231182400041	0.567733581499291	0.695240042097955	0.678721245273819	0.671223575319922	0.687614083150871
1.02631881241432	1.04607163489152	0.639924289152857	0.91194967009011	0.894030773990772	0.874122772894742	0.866838506077509
0.738961783648348	0.724513831395914	0.579891062070215	0.675016439575221	0.647805948349216	0.654490083937331	0.742925877959682
0.836576679743814	0.834447713050212	0.643466923905601	0.740863104726587	0.719080538106249	0.715524551371972	0.8448075733482
0.600699533145446	0.614663787997653	0.571061719332869	0.64350345331454	0.60872371771325	0.614903520580905	0.762309402584887
0.686227296559628	0.683054288552642	0.610430307408304	0.683093029705469	0.666755820457477	0.656501827746249	0.84197944613336
0.896910133425308	0.91602317819873	0.58449206430325	0.793711056549612	0.783681799969456	0.77466678286798	0.758227723209973
0.876839887965134	0.888798659578439	0.646460326860199	0.77647059220673	0.766725424801343	0.744348471297786	0.928835717808249
0.902634110502226	0.890552421428018	0.599885936944049	0.795327831427829	0.751222042521937	0.7449510002192	0.772072718805715
0.913223739515914	0.884504973081206	0.623676648693449	0.779120911451936	0.76131663691686	0.72474475579101	0.824188395862033
0.811581071434284	0.790165247458278	0.629382885391764	0.721494715509971	0.725541386847387	0.707921007889496	0.868740373594605
0.535877496306765	0.52495719561683	0.547260594038731	0.575674264068246	0.544026853553174	0.559933976545046	0.685608391341415
0.978099984596333	0.962417980871069	0.616819807089837	0.853545879120913	0.817628230061929	0.805815361105467	0.876808187103389
0.886452667793278	0.868711077674017	0.628099741156615	0.761704316959941	0.731242109456441	0.729755774543979	0.858558672151043
0.708534512395899	0.701414458687131	0.586998033181661	0.666748546965101	0.63713897093394	0.627810272268903	0.748547387735914
0.931639671108717	0.927171828246263	0.648803723835606	0.806707521026176	0.781746426240067	0.771967383866465	0.938546418374953
0.83095674417262	0.843367561965073	0.625257078401947	0.910996886549569	0.898286411318654	0.903303176484458	0.796156190099828
0.899136075551095	0.917829263090456	0.592096408676078	0.81536495400882	0.803056216873291	0.796755818756172	0.758724635165409
0.615993854941116	0.616523539893798	0.58401494823717	0.640467331356165	0.617977520937909	0.621571136228251	0.78339873074915
0.548132013252653	0.541435627780548	0.582343315185093	0.585734755025636	0.566954651468507	0.584527222136428	0.758469021664991
0.793482223447359	0.808132050563047	0.609601244115939	0.722911347240961	0.692854229626697	0.698137006357165	0.846504044461942
0.588774485438747	0.594978849050549	0.55759524553797	0.604352624972738	0.591504848230714	0.611561576090511	0.706934162652227
0.786790174692693	0.786105615752182	0.648539647437594	0.72947018915335	0.689657969108697	0.709934568772751	0.878816510389678
1.07501998445038	1.07119509173571	0.678558022333878	0.917413935973613	0.854682499173618	0.871992042873906	0.964160269774308
0.843875082954277	0.850468243509184	0.610172191343248	0.747569529809566	0.689653426500287	0.712951084684806	0.812707928438865
0.904326204062261	0.893593250333038	0.586029334481179	0.795850353034328	0.765510894928288	0.768789080377637	0.742802049787165
0.573428364791897	0.596308272985435	0.599905175777774	0.635710037462348	0.635292355641807	0.63038076286743	0.840584234708251
0.961708994121633	0.974846447422191	0.623933422988685	0.820805748107183	0.794959720925449	0.799724141824949	0.885116442495431
0.965542349658618	0.946642957831714	0.621102671947094	0.868441560302978	0.864419350684084	0.856656310731908	0.798383717300306
1.04628356611335	1.03564384629347	0.653171849720122	0.897307843349716	0.854970592238991	0.86817289568519	0.973372238472175
0.680243104687276	0.692849440675973	0.655018267920607	0.703619574934369	0.680352301330943	0.676406260702651	0.954306739919758
0.99838504414602	0.989701253207112	0.650581600785977	0.843636181740851	0.799254960904824	0.799884139179796	0.93909951464096
0.524226472617814	0.528641855336546	0.568709131647144	0.589556522071496	0.574784237280369	0.572945034947402	0.738215598361027
0.829072318331691	0.803720340378278	0.653536053464006	0.766683799666615	0.719728121481577	0.734335674509793	0.922658917154461
0.545012890505902	0.575009983743053	0.587665504565511	0.60313145286973	0.591930752792213	0.596476177193813	0.749998855596191
0.755594227026934	0.760119587715093	0.612824561817233	0.716416625033906	0.687204614107288	0.670181882265002	0.801713490814158
0.806553110907417	0.794270668972185	0.603140494459965	0.727194188145534	0.672560521951919	0.697794225709854	0.806675273871307
0.75912287691126	0.789707751539835	0.622840205175797	0.740645717852781	0.715964640840048	0.697175339026707	0.896382312333388
0.605858437711267	0.606696897378402	0.596761451225791	0.645520217609925	0.608052336766828	0.620528788823968	0.814393587942846
0.976218006632479	0.974047585336384	0.639944156648982	0.827341547685306	0.789796202879766	0.809594739526593	0.877262005536628
0.713562394018188	0.714172382138911	0.534051319969231	0.635331968752365	0.611562544157046	0.609145922152041	0.660475160791281
0.736260963341022	0.746960718901717	0.622011592223677	0.684554877431642	0.649953623372307	0.671408879059457	0.822890234667696
0.915166761175118	0.911358050446399	0.600526977996355	0.820377663286396	0.813242494065615	0.794652660760999	0.752228570044961
0.625595406691721	0.636530772998852	0.593575162027871	0.656129924832421	0.623881581545722	0.632472246195806	0.776881522063974
0.868149765132417	0.858079393430676	0.578966215942483	0.736771396246679	0.708660015015254	0.721061904722969	0.727429104788628
0.7840768366797	0.782642119800974	0.603839793440699	0.707096879527277	0.695746959322088	0.678060343100962	0.803132397194686
0.770162878115503	0.794908671421503	0.624006463102741	0.717020797270963	0.683825592947548	0.678286766076319	0.821504377217608
0.685105857176296	0.733697855554402	0.649429517426625	0.690666647729111	0.666599459203738	0.66966622939621	0.856579375772591
0.912786156033725	0.919796158488519	0.615916913487923	0.797757279647935	0.771936264819655	0.741842025395709	0.867299331489609
0.545777660247716	0.561679369973715	0.569021806232521	0.585696425907075	0.576475023672042	0.59066589590372	0.762367590565896
0.870752644853889	0.864238191739686	0.58255458531531	0.767937212701222	0.745355979168968	0.738932782695071	0.72473512119279
0.7696763992007	0.777819381619745	0.549115344864909	0.706068013236218	0.685381052656936	0.670400465753727	0.639272476976625
0.808528849982875	0.823057474053839	0.633338957787788	0.709676593209109	0.711673676937135	0.711833770305925	0.888323171050752
0.850541798827863	0.840832643695377	0.588844607735506	0.743726407809104	0.733402747145195	0.720438629492845	0.725297117729363
0.579548984637274	0.561529518557786	0.589265284204337	0.604757729449113	0.587027309183395	0.598744198974887	0.78669216204743
1.0240999439052	1.02110206548438	0.621388233043512	0.895163202329225	0.865682800351288	0.842467152487695	0.828043429238832
0.620417164151545	0.61763006977066	0.618737203439	0.672762029301976	0.63583980079747	0.66001025875836	0.853461991069506
1.02171760153531	1.05065375270052	0.652584280401187	0.973772388271255	0.949308763041563	0.962183620323192	0.868346014784046
0.854420804096563	0.835329676184414	0.607325689285054	0.734530125502555	0.725063087426857	0.748332173351803	0.816928359344365
0.916194594097118	0.930062108866152	0.603230976057002	0.786177338610858	0.783225156235187	0.77669404874704	0.799656322055389
0.799615772973045	0.790917936700777	0.608017070465523	0.726243670604144	0.679171146395012	0.69524868752696	0.796378530728253
0.592990720226243	0.584600049332865	0.614901909475536	0.649416847663009	0.617821811673015	0.631058608590052	0.88065028739102
0.511798725567722	0.508544501864893	0.524989052637303	0.544108483877376	0.535316071595221	0.533700328963698	0.671804809576228
0.685078169261028	0.724157642637309	0.636995569062013	0.691929412050272	0.674048070793117	0.672521819634263	0.900982090320419
0.93739905862378	0.950141633764138	0.609607087423913	0.81808373414546	0.774372862419915	0.797886165551786	0.783091430021624
0.647442629268679	0.649783913631871	0.602331600087429	0.651406123736784	0.635446377437513	0.635065546962745	0.787941628526186
0.687101160847658	0.710816807635323	0.628488589534626	0.672099450253072	0.666272142739469	0.664399475435672	0.861567881295838
0.878372392856733	0.848625227376419	0.661332628004042	0.792360109233271	0.731797370186928	0.73415536118644	0.980335140698626
0.746134201935036	0.756285787150448	0.613123404015493	0.690038132495433	0.669634980132605	0.665706598572702	0.806897165437295
0.788014258198256	0.76877218731457	0.630456677953644	0.729907872518231	0.693874303951707	0.704278554057711	0.865107847316136
0.847369269197487	0.87232737013648	0.59947917270006	0.75520303731514	0.711192036340078	0.720222380125767	0.761458554165018
0.9146721470445	0.938787133463615	0.595894729478034	0.792851178233714	0.776611304548033	0.783868107583712	0.799281411078041
0.702591748167723	0.695812068649751	0.602269055157638	0.661858187708426	0.641025852638832	0.632059913576891	0.762121670728852
1.00377544272172	1.02764259511774	0.648443420996198	0.886686233875385	0.86769866096019	0.845564385103364	0.883800470430085
0.864254240787941	0.838778535356723	0.631929419332866	0.756404705534642	0.696222362187771	0.725043422740225	0.837916732991002
0.840789326234757	0.83537200090991	0.597322268624291	0.754705571788949	0.702629340326196	0.700505094495091	0.77204486831141
0.941272678748273	0.949076874878261	0.64748910561723	0.824931553861185	0.766372137371486	0.780446456498818	0.860846205716481
0.941314853356174	0.940470278011721	0.600129578745785	0.826993749161998	0.803365746364858	0.790287824189375	0.789682832458641
0.762324536942747	0.748942066872542	0.567603619865165	0.661265944050794	0.639384719623165	0.635045690122245	0.700786124697205
0.812460025839374	0.82754492808191	0.602661841918422	0.727908292142402	0.695769726832623	0.706739580128891	0.785177483503376
0.913521593981793	0.924677522831075	0.620108945820653	0.805184980160814	0.755965085841851	0.749907042581601	0.803518446739735
0.861980992428333	0.858565011092136	0.638253934293697	0.924099402385531	0.914466163877063	0.898529835654837	0.795591376506307
0.848082684728355	0.833581024850621	0.66897912207927	0.793412640389776	0.757269324199444	0.742332674144535	1.00628946663487
0.994848088220106	0.993467894004132	0.630079607087185	0.888885246012469	0.891258494915527	0.888665176745944	0.823082859055173
0.843700750317567	0.866855778227871	0.677651298046329	0.917597406806551	0.970926316804571	0.971283653173406	0.849261755704021
0.785302934489758	0.799204678797001	0.570477038555094	0.708086895316438	0.683357318538151	0.6754031825369	0.727008654177809
0.935731312259435	0.915385460134362	0.650663659775618	0.796401522396784	0.759644940608459	0.776287545360906	0.932470323601269
1.03257621186361	1.04781967032604	0.644992102994001	0.885203509233461	0.850726119030291	0.861011337406309	0.900739596343217
1.08054846927558	1.10786721299313	0.653782397797427	1.00855854186259	0.951349200589907	0.992927759144183	0.899331992855472
0.812920290820715	0.826031872017067	0.625384088076924	0.746245097795364	0.712479519588227	0.689367350030854	0.871514223127627
1.05267351511504	1.06829191589314	0.657268217184795	0.914172899388395	0.88821312220929	0.86708150571001	0.914549279547803
0.890301624115029	0.877156461989792	0.651617923576848	0.78720810691634	0.760458897383129	0.747442584945278	0.937720723888432
0.692827937291019	0.650439305975579	0.634139142200744	0.673457394837056	0.66217420126593	0.68343495519757	0.915167697979493
0.87170219723008	0.88392930795829	0.6074551163994	0.771600324359135	0.736061076382683	0.721016791830659	0.763944452927126
0.806293136220656	0.809285643930606	0.600759001959287	0.713287711211287	0.69884094779198	0.696013358110689	0.754075723132976
1.00816058111422	1.01064656204284	0.627295644821052	0.868191509259836	0.833921734407609	0.863369013762804	0.841009722302954
1.02476353695535	0.999461117676326	0.639861487613972	0.902959949681918	0.894867321464683	0.90913448236543	0.839470689790107
1.00175882159556	1.00429299224451	0.63148089604491	0.864805111090142	0.829638473519302	0.83038201752014	0.856858370839138
0.835439839575556	0.83797912947035	0.567490376248007	0.712506126075934	0.71593520308143	0.673278120527576	0.699801863404664
0.928925149285033	0.939474032440981	0.592625574656857	0.797823161285702	0.774757991860225	0.78494952352504	0.767260898519059
0.783391434005011	0.797862302505045	0.625426118004305	0.730516202143217	0.68119691675403	0.679675372077448	0.848022490833718
1.02996525964864	1.02977136924873	0.652890269917775	0.96699623957886	0.948297418576807	0.950829204074191	0.857751433470779
0.740580893779561	0.732644954137842	0.54098989304813	0.649110979396158	0.640924558553314	0.640335942690391	0.672457532024924
1.00859902778054	0.999249402925769	0.675511077724038	0.981803454919649	0.978927278433722	0.99182704626233	0.871144844810644
0.966105414413843	0.972253704020916	0.622791637133044	0.840995343847562	0.807987143348689	0.799691537293625	0.863060400990399
0.646961089945597	0.633244863978822	0.611328559553947	0.660124984713731	0.64531272736453	0.642106591734548	0.84706328011648
0.778644429781227	0.777108789397207	0.596882655395628	0.699240460700382	0.686261834806621	0.681935326411029	0.771085715623342
0.786994037153109	0.80009075126213	0.634913166642006	0.738501395806348	0.710052886323448	0.691834283007055	0.859743678109905
0.993745225298227	0.990804021508526	0.654258416097029	0.978160884878534	0.954656308844929	0.952914122719873	0.851075938478658
0.597898556303266	0.582844287588644	0.604779273872606	0.661725410124525	0.637272778828943	0.624775696607136	0.848505183500552
0.947333598068381	0.951227532570793	0.636320928005866	0.832769053657689	0.77819024270912	0.775922753555563	0.846633633993922
0.8744751505491	0.856031085129901	0.615343768698921	0.764545116770665	0.721082594352632	0.726252893607079	0.784436886476437
0.677835680164186	0.684370950621865	0.532172386225445	0.601312237483578	0.585789649314816	0.592359145696235	0.654022352552802
0.799711352211117	0.782502757584977	0.617613532622265	0.738471249289785	0.699310390103765	0.675608862235928	0.838763440310829
0.711405230957307	0.688341871023367	0.645161872800184	0.713242082031048	0.686039471311979	0.707115613028821	0.937803561976753
0.839444726654863	0.847468791982737	0.633648988473417	0.778480928836623	0.729622770625558	0.730975647254735	0.88597822339896
0.595303990777198	0.59307266224457	0.53937643951658	0.590705525105562	0.575989719075639	0.57775044303965	0.685269771665017
0.67638457997135	0.675261265393872	0.547825661936691	0.638654031396756	0.612263371141658	0.620893990174743	0.70205345419912
0.949998226963834	0.947770288282316	0.621042950244767	0.822919389317811	0.841165985386487	0.830761035600747	0.78565425231514
0.590573934478114	0.587963181969438	0.591639398155506	0.648620492270535	0.61249201359969	0.619647641656327	0.799765688632475
0.978670529469947	0.983984622615699	0.661668637184446	0.992132083234989	0.981713787093681	0.985323855259755	0.865215247238612
0.850361727229545	0.828429145286412	0.670098411531795	0.799779840297151	0.7541111618678	0.743113509321459	0.996039021517481
0.630191655963551	0.615323600895938	0.574287364315337	0.627551666151517	0.621811113107663	0.620023677928703	0.765685727184079
1.04429946257364	1.03880957283037	0.658475531720215	0.876847552289978	0.856125445362186	0.859031768731692	0.918604440341592
0.736876039830862	0.750611670101303	0.61765845638891	0.704601628523123	0.679277452923297	0.695564647049899	0.862467580520141
1.000225837858	0.992557381204261	0.657431681724199	0.844198369199143	0.792575278819142	0.792448216242773	0.942452587861892
0.797453237423638	0.798650383021246	0.592925101404004	0.718854223715497	0.683065448414555	0.681125241613004	0.755309343476218
0.684702262348023	0.682984600756186	0.619729339999039	0.673813735162078	0.636405262878162	0.648606477574123	0.828262658635142
0.658723886635335	0.649272328107169	0.654681925890926	0.690376291131205	0.674964931112312	0.684825892532824	0.944328218635107
0.67538340971128	0.701405582581385	0.640583930137109	0.686348202331465	0.652978267540985	0.660076769530699	0.866318450125792
0.708169668912912	0.684088046260919	0.638339871519329	0.679615883004627	0.670893368172955	0.667857431513845	0.88342244767295
0.930101015439285	0.939517156420265	0.622644317485762	0.811561666049459	0.776163292844796	0.781229781917498	0.844969988947135
0.662791111887362	0.609669446182582	0.624459471959714	0.661159989379612	0.648047669519864	0.667347847488072	0.863576951487392
0.949057621597411	0.930939781590745	0.61108899712141	0.793659460993303	0.783077092890759	0.780387462950421	0.816753838222157
0.921789972500892	0.933476510629678	0.604824727692731	0.801800214869457	0.786395526732072	0.78650629287882	0.804187124128495
0.893287559718754	0.885608734516616	0.609311481638909	0.866268263738337	0.844510802951479	0.871601633349841	0.767072174041888
0.654634462241416	0.644896813842748	0.656876387304649	0.682331873854588	0.70237442587872	0.688706303931735	0.950322006210071
0.958332134688589	0.941354828452905	0.610068636215597	0.828441431211266	0.794744314265465	0.796773918503292	0.78892982548687
0.639379144751139	0.657145085240868	0.638862882344838	0.665024526997657	0.650305805241912	0.66377506750472	0.854921952944769
1.00480761494899	0.99059313704037	0.657573638672513	0.84982976517018	0.81473035867862	0.804220684635203	0.942332163446667
0.711542102442809	0.718528754536082	0.597211046645421	0.695099689908103	0.659078849215318	0.669059756037887	0.836519264963443
0.988453855824234	0.966712181638074	0.633075882717943	0.896558388415656	0.85972010249078	0.873720006255336	0.803774400737371
0.878723292393098	0.861683735885698	0.572375111438213	0.773613540410418	0.770653516341768	0.747745565299841	0.714671858821854
0.819452155807001	0.815579782408975	0.556460409125607	0.747263859088219	0.753837754327938	0.731154510226616	0.685917291835361
0.907353856777817	0.889336300848646	0.603549208616083	0.776880283531465	0.74712322952766	0.764242348483951	0.771477384128172
0.678859783456652	0.702219142164095	0.631380629555945	0.686183617629369	0.670506104929151	0.662824346418985	0.857112021527812
0.998720169398625	0.999870705499846	0.688750629689345	0.87903654268005	0.838529966118286	0.83588266839358	1.03053310426829
0.947860572338942	0.922554284645449	0.61621234589805	0.812287091777555	0.774130556976692	0.77915748561973	0.829343860598491
0.846768944606614	0.848004856178013	0.587703124774764	0.73862330217551	0.717225185637169	0.700158139836593	0.74418312034039
0.827930250500518	0.828755213440438	0.647145219273582	0.76895010580006	0.731897734081697	0.744436123373651	0.919012252242046
0.524328837668814	0.534275306219662	0.582784913624917	0.601113177640411	0.581967383698642	0.584466296162517	0.762006921989513
0.741822889072698	0.741025330294898	0.555495707600168	0.653187508898271	0.647627496126623	0.64152902839938	0.71881124523725
0.704894562299105	0.702672247513801	0.606319452753689	0.713006221757774	0.652073908322733	0.670232709479813	0.843077844980276
0.657732773429404	0.673950684624029	0.547640700706808	0.61578436588669	0.591172127357045	0.604041042048831	0.690300962096392
1.03407893369407	1.0331750017384	0.661452631141771	0.927571414182207	0.916970192269773	0.911180043892699	0.848782767991839
0.648750564918139	0.636461599349725	0.63691610674631	0.686745674825887	0.659594871120086	0.681827997343868	0.931798758247618
0.803334939452676	0.820925753210836	0.637554398645715	0.885299491640809	0.890509095752165	0.925151075054412	0.788981928578544
1.09730447149068	1.10972932521801	0.6765974790981	0.95438450257348	0.930208454791113	0.912156039899926	0.917508550026154
0.931649923557726	0.937366855812302	0.604887066764107	0.837699328317377	0.795340620361508	0.808710172252985	0.782365488623937
0.670128245106409	0.70568143186369	0.611375585916683	0.684336779906312	0.659594113339983	0.646721178707674	0.847922121116601
0.815256979089487	0.849032820344211	0.619806300544195	0.741795983997485	0.720180518824562	0.718017308641609	0.797143487163684
0.955088188648652	0.952505940954053	0.624731481981382	0.842667937730756	0.79487674498625	0.787807693492063	0.811263389996481
0.981257697849172	0.990287587426735	0.625112357795537	0.846298954461424	0.823670535123677	0.792503587981328	0.861160377282686
0.815326934010595	0.842719967953185	0.655438745150885	0.772282192727201	0.727865606599199	0.721162769624341	0.902242264207207
0.901267763012927	0.910444271850492	0.588088241997383	0.783441318323169	0.74861850896809	0.76303196451208	0.755188674725983
0.893903602373443	0.908118760060574	0.588722072058643	0.784395719958256	0.757258616251262	0.761732335064696	0.761713124857496
1.06540233290263	1.06524584120619	0.64940483401185	0.916540090082707	0.887285557271182	0.884295796238982	0.87908793312428
0.542046147582678	0.537486035899337	0.575207591539938	0.580292252044477	0.567501480667155	0.590668152023494	0.732164031743416
0.92444871794209	0.935780446901587	0.622752143561948	0.793355297378198	0.77781611619355	0.777110743373319	0.823768214290519
0.938440517205931	0.984152019355982	0.611490331655693	0.833051209675097	0.796441906999165	0.803328358746038	0.79781224424884
0.859717057344593	0.877865910847208	0.637045857155439	0.895131894959382	0.886551530907338	0.892004520346737	0.786871532447465
0.737686151157614	0.72807065865357	0.591905623205782	0.705897500976709	0.657059215415946	0.663598256388303	0.800206222571009
0.883590091499556	0.885019113452367	0.584699569541272	0.76397055342075	0.758344263987329	0.753864265542604	0.734958644676755
0.858404480708394	0.884962622654354	0.585933191561912	0.773601575537036	0.750421351185851	0.742183882251505	0.725903317925479
0.810320733572377	0.806255661615636	0.5651517563773	0.698847440574728	0.683238792022845	0.687758584379276	0.7073366261926
0.753826402020038	0.757573384037327	0.574327278848049	0.674184026891556	0.663335146725214	0.660831923302691	0.7519844250603
1.06416959116161	1.05311659706384	0.661262680752157	0.904036743478443	0.869274994705157	0.866114062302889	0.930336885738362
0.598462575054171	0.584191627397065	0.604868678248091	0.641360829020871	0.625329806552575	0.620987410268531	0.821621274485176
0.635666060295083	0.674756230589361	0.602024689428077	0.649204233875211	0.63965347735639	0.640185353815872	0.799329754710035
0.588007904757931	0.566321613197785	0.594428642584876	0.613071201581512	0.602853287221461	0.59033183060065	0.77905520682729
0.669616371510094	0.656647549936875	0.673606385967217	0.723623159394061	0.684875443943693	0.690839403659802	0.986259351714054
1.2135144685778	1.20421161805752	0.694980436909942	1.04621947396175	1.00016491194943	0.989505001267582	1.0193050967471
0.5156758241567	0.497271436073796	0.511221710587223	0.527388371395468	0.525999254137841	0.521069604933587	0.615331758265108
0.774831879696947	0.764244115122408	0.601637124559801	0.71377375265097	0.700821696140376	0.677680877055452	0.804296890259687
0.978232122022514	0.988482866580101	0.644371373185953	0.956909025890196	0.943328385751397	0.939447109509732	0.844860710360991
0.966299811849022	0.9768449609573	0.632022603374157	0.826082517456424	0.794225142033129	0.790913642746616	0.833873466552175
0.726452441802083	0.711089059071883	0.544573466644066	0.631613234793519	0.619956097341698	0.624424661373563	0.681915872201044
0.711578039898472	0.697859574528019	0.609762938178969	0.704892481520347	0.654418483200815	0.660742262971437	0.819069925978975
0.738302132820557	0.735485210706286	0.566176414159542	0.681772115562746	0.65350680521211	0.645083464006171	0.724756159749816
0.693857069425643	0.697687096204935	0.528784700470079	0.620599206996084	0.597629000457011	0.608976401940425	0.637388550340047
0.769728312435931	0.784022111370937	0.643172241004535	0.736771781308475	0.688920135552767	0.701407456006016	0.858004389741636
0.90521290494292	0.924952085157628	0.599656939501353	0.792690978232282	0.782022983160081	0.762624970866763	0.761508908746536
0.566448516309127	0.543111961745599	0.591055062349083	0.616522433090372	0.596674335526539	0.610506524518432	0.796280334132709
0.761934136725786	0.790460108339241	0.614863483366062	0.728700899065316	0.680316727094326	0.687139667954928	0.839536963554841
0.96179431690334	0.952749052535452	0.625559916956105	0.831373926305423	0.788764249724075	0.794733651719658	0.817165559007827
0.859300649507531	0.850774962745025	0.639157400775259	0.774590383987808	0.740478718739539	0.733863899535883	0.925997797752951
0.55293925938885	0.568087592296794	0.594321527380027	0.620218599044834	0.616518118739405	0.608024761015318	0.799824012609911
0.874290278922512	0.889368831248708	0.629264665622432	0.877407710355331	0.86509140199662	0.89051961783795	0.775371548407974
0.963855426128627	0.964561213977052	0.630087612015169	0.816920241019544	0.773361805984116	0.786789302819609	0.836712049995968
0.91304533652732	0.913023764794447	0.634591841740801	0.921132043379605	0.886905734768961	0.89386806661065	0.800955616736731
0.978846566416758	0.974829964617068	0.638863892532909	0.843605700866436	0.799162641850616	0.797004278777335	0.873461761558714
0.63723606291848	0.61747086118708	0.588667811209128	0.659100560275341	0.613241063941276	0.643547726891711	0.80127086139251
0.89363017699291	0.880942937950369	0.591901673363136	0.775614743474219	0.736501769758395	0.72798139142181	0.775378441654261
0.669550899655391	0.640603197873734	0.560424737300472	0.621961707925381	0.598284014642354	0.6068026101781	0.710757664136178
0.589499040489393	0.564543466526059	0.613720942484533	0.638400711014755	0.624764360585146	0.609480056496289	0.803995704064275
0.760529223907858	0.724536848077791	0.579618205923048	0.672935060557888	0.645126253534025	0.648631774007888	0.730269312144704
0.974093341361834	0.950998340369602	0.621337070639941	0.833246296473362	0.810384494126324	0.813459031697688	0.826987761558495
0.996931496068979	1.004302915683	0.64908159790318	0.867519302538274	0.852157840745497	0.841725224092632	0.927341814168173
0.63520768256174	0.650472756735361	0.55156743607651	0.626124227675744	0.582644229265117	0.594629527756953	0.691677055860372
1.06990114685081	1.04604480300501	0.658338615228243	0.974755482183643	0.993595402418308	0.971273477120879	0.879543588073935
1.00618660365364	0.991640272500715	0.627225059465631	0.901332056205643	0.885215734976308	0.879724766484846	0.827272813257255
0.805101201135253	0.808338242821674	0.551033678624372	0.700195153052773	0.683872098841	0.689310409281054	0.666630439528539
0.78162933514788	0.777139495955738	0.659009341682145	0.822056964899077	0.888154295153966	0.862402119868397	0.773221365198694
0.92722265064014	0.919077812956818	0.597972446693242	0.811605078071752	0.787104268879818	0.790615478347753	0.765143797130399
0.9950945697816	1.00006158230212	0.648499652336033	0.859777015426262	0.800937896662131	0.811707883642206	0.920648114057759
0.812160412974889	0.829693315406558	0.636788902917702	0.76581771678007	0.713336845313968	0.733310881368392	0.864910336695814
0.684928538213158	0.703451138531291	0.658208507712067	0.708319933441847	0.685512549486545	0.695893002909849	0.928442861920393
0.826223665603606	0.818552224215272	0.565007261126026	0.709441290240007	0.691197093108132	0.693972351810483	0.698139747496364
0.641622752440523	0.639708659691632	0.592488215614413	0.628196257113221	0.623444244775855	0.624419477837978	0.804541226671105
0.69383921866503	0.717195500263897	0.567936543400175	0.64445581895089	0.658449616099779	0.637780761519238	0.775985587080604
0.61230762630522	0.609756847486497	0.599599074052237	0.647573248086167	0.628518133035772	0.641721405962643	0.804608653807916
0.823150356149311	0.841334213752829	0.64665532627536	0.745711788154575	0.724914590091922	0.711630452734783	0.900587309588125
0.864971095223765	0.881530469884753	0.608578679196707	0.757006141941176	0.764565250145942	0.724849657009718	0.823255719342646
0.675041997996805	0.704048077358757	0.641331304931218	0.695984383882781	0.681143140793594	0.674681685980197	0.89061687810665
0.703776322853821	0.698509643049609	0.593165752019554	0.650102807475179	0.624109541577735	0.646396793304955	0.768397284364218
0.566584119985312	0.574444659687887	0.602133087316163	0.62983503891629	0.599630418689989	0.612176305364603	0.784502198281597
0.707941637390345	0.687302044187616	0.599856535535196	0.664420989181099	0.643263917992718	0.640280834285366	0.793966806847427
0.975720904371473	0.966832756452688	0.632070813481409	0.834700846115635	0.797799491766034	0.801113219822847	0.827090803000861
0.898406958251344	0.940819989420507	0.650457929418772	0.804718748824436	0.78455068730224	0.785141129397878	0.902380216606135
1.0241909849701	1.0431438780367	0.637894350703574	0.867001114671469	0.843207287546683	0.854501455677866	0.905887501422358
0.844443208102359	0.829667816402639	0.578570569346061	0.731959707897123	0.703958855346051	0.697618001590444	0.709072707754562
0.840464520884379	0.846012595196432	0.632910729473967	0.741066975273207	0.715385564701462	0.723374585764334	0.875597753076065
0.921058515083708	0.937084791075136	0.598674324928608	0.793488516824099	0.748396522688941	0.779940439760477	0.794299443689592
0.943220561423221	0.956673085189989	0.645794459017296	0.823891996296422	0.789432096649229	0.779312873243426	0.866349814406383
0.738010986018378	0.742678062189432	0.605273132372842	0.687003999568576	0.648861426493473	0.668464194172762	0.795856201964492
0.992582679666249	0.992653504765013	0.644092838874666	0.857498408280731	0.840801862164362	0.844378373499991	0.884981117977534
0.919337822531181	0.908563761255467	0.605332090852164	0.831404208284088	0.803948729586386	0.815283565642585	0.752436935622327
0.779679789108662	0.783164989534204	0.624283143709156	0.711059237849687	0.701585313586953	0.699170016772518	0.849755043065933
0.973637122220194	0.962534024882367	0.62152471908185	0.830614356323903	0.798848242510523	0.791261386995758	0.854707007614497
0.900905577820457	0.897990485816317	0.620297097677902	0.785384235121316	0.752503031921014	0.763436902386843	0.78403086585452
0.803867060062186	0.781935511539323	0.617022359869234	0.728163740751349	0.696931627541374	0.707723510915745	0.840640857156547
1.02009977467659	1.03185072813886	0.649821414672483	0.872446356416315	0.826097720034161	0.850492106732155	0.896739080194745
1.02314538211068	1.03936491636227	0.643944809250556	0.922543831800321	0.871751305147459	0.893224298017444	0.859992163053273
1.14236619655709	1.11543873788589	0.670222460390516	1.0236657243907	0.965467512830419	0.959027256441841	0.928479175332449
1.03929876726786	1.04656251537336	0.655733947631895	0.917899156009497	0.907894476195969	0.904113691173483	0.870122286990392
0.948751788844553	0.948424657486	0.614637534446515	0.822132795914585	0.788977704857706	0.794398896682816	0.815185827470328
0.964157128820744	0.968726484306192	0.64107989242622	0.819606489778887	0.793356995468238	0.806847556572826	0.878370390064011
0.734032448210172	0.729216417431726	0.586667085364833	0.672334783254718	0.645749922388228	0.658371526372927	0.762410362769023
0.912068579308413	0.895092541504523	0.605816188875482	0.858039123502928	0.845503693057867	0.835057533835007	0.76558902557409
0.894940212248061	0.892500056203155	0.615414023820328	0.769709231502512	0.725768978023934	0.750399041669765	0.82790146628868
1.15229440518716	1.14173196310111	0.681227455698683	1.00602665289179	0.983160826326354	0.973701796280019	0.952677215615415
0.963482775926873	0.965333843449452	0.636122808976111	0.84470416603112	0.816505609703946	0.797588002454612	0.815733894806382
0.661097694046181	0.668112145261609	0.662953262191026	0.695505485024642	0.696981260928263	0.681716417852453	0.981396876215274
0.904152054230545	0.884329699196031	0.614969391162059	0.782541321715323	0.740699456268501	0.757225756560185	0.833172366458363
0.733347449228853	0.736937565424881	0.66116082418402	0.725629482707138	0.681070359072955	0.687291203664596	0.947364433791111
0.586390694800011	0.577174755739985	0.556791825418421	0.585286784229988	0.572062668357085	0.571678529964295	0.724688847164146
0.906033858809479	0.926582853918072	0.629877036933041	0.770448583452256	0.766927196670074	0.767759240817045	0.861640111701377
0.822655724539183	0.788700276194741	0.560181471532342	0.753504358205318	0.72913101376949	0.750812594056571	0.687885045507862
1.01146366297088	0.982694698380735	0.629702646923528	0.854701999907072	0.8301582138179	0.838542252580669	0.8630731870817
0.705848700801592	0.681391669311445	0.637660616710221	0.668499550972023	0.661923184916049	0.639714683411365	0.882907612531922
0.933046687009911	0.921739786292136	0.61850690073435	0.802792119473343	0.819101134853248	0.787802176358699	0.77828685283397
0.910363045786036	0.889994788080433	0.662961435967879	0.787214371096177	0.766005451884893	0.758902306630518	0.906952923672971
0.715151324622241	0.709221148156584	0.581088923748685	0.664472874486258	0.636675696582103	0.630491008842823	0.739578576115547
0.798056021614496	0.749441069871899	0.623440212480244	0.726237305524357	0.698044895654665	0.709637441815135	0.89098423725313
0.827538204618353	0.808803456456052	0.611907098940934	0.71482586709294	0.709351626329688	0.692804550888905	0.791697293735068
0.994557850323213	0.999157692156377	0.643053473772448	0.841077392536673	0.819911958836886	0.807074696653007	0.915955949189653
0.700680412620807	0.709875246988306	0.617882263196081	0.680555840149714	0.669479394251946	0.648972864511701	0.870941254301704
0.70217095505239	0.708824132533327	0.597079185891769	0.686721674190951	0.655761689493495	0.646091621985535	0.813891049652934
0.813978229681591	0.80679360830069	0.576545800388874	0.700691873349715	0.7048289433104	0.688196190123904	0.715612370175675
1.04013797254456	1.05266220099654	0.640920535649232	0.946801854814108	0.943471917390697	0.937559862845995	0.861230839559576
0.888551185054921	0.865061052799343	0.654873643543436	0.782629681000653	0.760814113855627	0.75289657800583	0.899452623327887
1.00916883598112	0.990961159813986	0.629583039056254	0.865046059422953	0.814095121303284	0.843291011177619	0.848803715343418
0.834464125114052	0.845550582085472	0.635700043273896	0.863343330226526	0.900123885344083	0.90091133021881	0.781108102169959
0.532244332249031	0.545683192024733	0.528028970271427	0.559996972480801	0.549268764327647	0.547851330454084	0.6596770103161
0.850910009695542	0.833582736364455	0.681152167109266	0.792807206610911	0.747202827917571	0.756045786953735	1.0311276579176
0.708892508233577	0.710170527447375	0.584179950448737	0.687672847073035	0.656499895811896	0.633465584083409	0.786642279462471
0.839392162992021	0.848179996943036	0.638662546779137	0.779024376888664	0.750368581726149	0.73639938239325	0.880430547567059
0.915230843657481	0.908155558773558	0.655010621496903	0.793732568699348	0.765642085265321	0.763100526120102	0.927237566088025
0.898744729706396	0.886025619084311	0.581591206650522	0.775222716164903	0.770969177526556	0.77122447771149	0.737420388153351
0.756765449440426	0.801612349012258	0.631722781382494	0.726077642005143	0.680593864003942	0.705487322547631	0.866699435491093
0.711509729444275	0.719834133627835	0.636079965024059	0.72184396719097	0.681604855613534	0.677743886864558	0.930014384079896
1.07151996007453	1.10358871600551	0.661055337499401	0.986058363017484	0.982778216223352	0.975573596545724	0.896029182152858
0.651178776346687	0.653342067832238	0.589366518161528	0.659740483090439	0.645526173385141	0.632323310895181	0.808224552078418
0.646646988719389	0.651943771457443	0.62586752033953	0.676243785681672	0.659927611853448	0.653165133672067	0.879182114539807
1.06827951003489	1.09995501806402	0.666029371795007	1.01068586214081	0.99171641927872	0.977369798730165	0.906886582954641
0.943545855590626	0.948206940247879	0.618852139143268	0.813838298574488	0.788986993206081	0.772871238445033	0.810365362098772
0.736117164565452	0.75328291692184	0.578621871355909	0.68126215602633	0.642017448512382	0.646833829798299	0.744846324373403
0.7801031409742	0.774908768160872	0.5929855866897	0.80525319330629	0.788357712386231	0.78326821137478	0.70604862269391
1.04043571176152	1.04947309815912	0.643042304318902	0.905149501724946	0.852292008986853	0.877647468318578	0.922808858636627
0.838817163281224	0.819779210749859	0.615286936959606	0.728000614347361	0.702850547219877	0.703713114858598	0.854311290906387
0.825802035504946	0.857602655207553	0.630400121453842	0.798905284377107	0.705367256862966	0.719759765715636	0.91154202010334
0.570016385841367	0.575177323812913	0.608536294896336	0.628748851331937	0.623255137949785	0.607671968860776	0.833053814897089
1.10312680056323	1.11434225438413	0.665452110045259	1.0307848404961	1.02004549313084	1.00465339913838	0.921747492974427
0.857429496529544	0.838611313316987	0.591183875830927	0.738046626698068	0.708650719508413	0.717894864426245	0.760611133155488
0.966935701067107	0.967504815355929	0.630344135379778	0.852297378256051	0.793940716982153	0.813877812101786	0.827885995570641
0.638730073221266	0.633852848125495	0.539166704534879	0.610692160719006	0.59548236322331	0.594630074346608	0.667096977073865
0.796869471842631	0.805056806924365	0.578816796228849	0.70070447175637	0.678488493585255	0.685820554054629	0.743217840019414
0.643097236386147	0.618468900206026	0.534406684605899	0.604120636512367	0.576198153282412	0.567196925756147	0.664920886455902
0.890117863391879	0.921608088972625	0.598625269620974	0.788299735310811	0.783877855763488	0.755822055259452	0.762717393050522
0.815455787580074	0.825746968799471	0.633595396726364	0.754668916170216	0.718513971290796	0.709929036236832	0.882776410352706
0.872286635699375	0.867884213315933	0.568576975789288	0.754482846312703	0.731649703540022	0.737662753794917	0.707280240749584
0.805113431811404	0.802379520868105	0.572440918525471	0.731211627204269	0.723944550158536	0.709350116359179	0.681266908194959
0.783522671186417	0.782106513090869	0.591152221353588	0.709942457015698	0.684936092047833	0.670009061384177	0.800550614870457
0.802231645252649	0.801054837762614	0.591982856030058	0.695001735079598	0.68694235155461	0.678133496344874	0.757243968344674
0.776721646611265	0.782199494772115	0.601194671685808	0.71007237070001	0.668423309665167	0.702391864200343	0.802024869570315
0.697323892571806	0.722896227278296	0.534627338703807	0.626648630219845	0.61932347544799	0.626388347439033	0.654690904005747
0.922532455413819	0.944838205361294	0.62554063760762	0.820850601936248	0.746093559563466	0.761601160775822	0.868693462282772
1.03735955026349	1.02861662769807	0.648149148579844	0.891515290643582	0.846064004727232	0.863008323398356	0.908230815965008
0.876018189191732	0.883403549596121	0.639741990933703	0.918220480840832	0.929414244562394	0.9445440029895	0.806967515664271
0.950997544647991	0.9315970371852	0.609137319223963	0.821345959477193	0.812799333944345	0.804123348635734	0.77996316689414
1.07052881848098	1.06634661319525	0.670521459922807	0.905901231918921	0.876576979029748	0.876338723248659	0.955682773664789
1.01140347499401	0.995790854566841	0.630095089582457	0.910260682159487	0.885648885133833	0.90384545685709	0.828160255537108
0.934529053750503	0.938515854498527	0.637810578201178	0.786442844011297	0.782812396645532	0.76552253355886	0.87234523495744
1.05621758100456	1.04483218679815	0.667332478416181	0.876823108575692	0.843710541049576	0.850765533943065	0.932585367867884
0.638672990601674	0.625139411371094	0.593849874859321	0.636980293667658	0.624169767634331	0.63916748766577	0.796814233442753
0.966728873924256	0.966683981616431	0.627959847799034	0.924327485809115	0.933785577456871	0.936962310362907	0.829027468207781
1.0593905981783	1.07328598718804	0.663237834048611	0.948514357935243	0.933292460829959	0.92454133813977	0.887357312178449
0.611925110234082	0.65086170452051	0.59096880350418	0.634431306674666	0.623901022463273	0.633825489544285	0.777662524476925
0.870714018888975	0.849756851639522	0.606374869542439	0.765611274664974	0.739195721751584	0.717263544526512	0.784607727353576
0.81191296658704	0.813885058109622	0.597120606792941	0.705430446697812	0.674085580369084	0.688027179548135	0.769947959761977
1.00284094190406	1.00968328025167	0.667816188436927	0.888325538031576	0.821304352210401	0.812498893559703	0.959410296955392
0.876754006663004	0.890840289590028	0.610641283579853	0.771985772324944	0.749263378080196	0.731808163486533	0.81396861235747
0.999051114760024	0.978541973018326	0.626416661291492	0.822926266199705	0.802985084888471	0.800729257429833	0.872457244802935
0.880477071076075	0.899149447888401	0.58930729449747	0.773518957789023	0.74617937529797	0.762928962375541	0.739388175461867
0.737805851946082	0.758882572191828	0.602240070884738	0.697509537969979	0.675405376522063	0.666393225036567	0.791194657646133
0.523555829184354	0.526908695453533	0.562070297090994	0.574357583266779	0.565437059571228	0.57723077874824	0.729023203017169
0.9340112358287	0.936021508376672	0.615806888213282	0.800645386931354	0.793539276116032	0.789716094720767	0.801979784492775
0.971918417175047	0.950100681548851	0.632356413668154	0.848624789579904	0.844135451032924	0.817589330728761	0.790813790089017
0.884489848350963	0.897333621912681	0.591448658654566	0.849493147050977	0.809359734293404	0.825614619092911	0.747690384533795
0.885933115538218	0.890549725332593	0.651401086230842	0.782672985658247	0.753069063672504	0.768282357026862	0.930494062212449
0.882231474851248	0.852733706809271	0.628698369615928	0.777289988375624	0.742258234835597	0.742375981717466	0.894379749166294
1.16024265906945	1.14648735376479	0.684557825733142	0.999913523465556	0.947915412852114	0.953157343837362	1.00175503565663
0.705240878867904	0.705693424816524	0.588105856644669	0.642130944231094	0.646313489436141	0.631256444765968	0.736031798791921
0.749391686265287	0.754547642487313	0.608871818848552	0.708122207386986	0.678532155098643	0.675610608802627	0.813502124413305
0.65636134023	0.672066625473727	0.58534575732895	0.644395317418104	0.625160700468491	0.624256977320709	0.780682976171847
0.732103856253523	0.718431876681112	0.59835417625784	0.774940655749728	0.795446742852941	0.766370062631426	0.700278285574838
0.781237567485927	0.79730346218375	0.600499286666799	0.706375287712228	0.672553939706139	0.687705547009674	0.773881534287832
0.799120544219198	0.807437262771684	0.626678833162005	0.736968328503735	0.699212891309847	0.718715707218723	0.839960409564543
0.811697060312581	0.784251805970457	0.627568722568436	0.734411950334536	0.735472003892208	0.74124464808538	0.929259346754842
0.698809975750986	0.686732545447581	0.586192797313791	0.656874583087568	0.656347356480631	0.651343151861354	0.784951176799023
1.05708616176134	1.06949519352094	0.654028503053862	0.878750705488811	0.857372622415015	0.855440488166389	0.940419221400432
0.717290863189568	0.716169925437393	0.539454111241847	0.652400777546631	0.624611637440263	0.63435388038576	0.67438499017694
0.607910414266076	0.613314640874735	0.626773803906358	0.658912381456273	0.654791534911499	0.64205103418154	0.874098964484669
1.10902035581221	1.10441100140055	0.687460378659234	0.942206711141112	0.909741397268501	0.877358437086531	0.973998158365114
0.827804999638969	0.857333000093211	0.649427444636924	0.757911317166042	0.724458499670096	0.731493554815369	0.905405209847647
0.844967905804008	0.829637557209511	0.605960212126428	0.735148174250875	0.694388197122792	0.723863956561953	0.816752304421173
0.81403096416805	0.786248747210428	0.582405091338552	0.779647588121696	0.787208575691291	0.776709179764412	0.706378308751408
0.725082433073522	0.72162887519484	0.601768971803139	0.682389925256762	0.649889131087112	0.658891098528842	0.782819366972329
0.854294220881768	0.854823415729613	0.635197149754323	0.761321679628978	0.727803619624217	0.729754639994768	0.882185642586333
0.67873050610927	0.698680324864627	0.617543990896219	0.705801918495171	0.665500841288724	0.669040586265267	0.840071533931001
0.591740002627311	0.607580143077743	0.533777017156626	0.582792267413699	0.567698516415724	0.592626444873895	0.668583515321013
0.677345631250762	0.69329614453489	0.602214106731821	0.661714821207301	0.65375487794129	0.632953384681068	0.799426596970217
0.683274382587866	0.690019657296999	0.626597272549376	0.678718740813957	0.651047109528414	0.661157857973419	0.871237926776079
0.801644220817898	0.78887664335737	0.641704913690398	0.747754527187424	0.720783018850754	0.716616568877093	0.909759979126299
1.1784072930768	1.1977100127813	0.708514900072405	1.01378229706525	0.992409724223881	0.987807084789404	1.01835441996522
0.592914119691884	0.595882188591168	0.572016063542439	0.633722643425946	0.588661927698243	0.60501131441973	0.739186508883568
0.968818843085528	0.951903547099531	0.607982610619545	0.820972469996506	0.796672436991889	0.799511627838758	0.81054116351402
0.656395217037159	0.671391391534446	0.556534127449697	0.614553815892984	0.602883331657696	0.604435974393926	0.680781967130898
0.851751890470196	0.860290828654121	0.568123441984995	0.75112058415374	0.728050254318445	0.736338471738191	0.700108164379481
1.07896209076655	1.07904373229597	0.665922065826665	0.944039629571738	0.926969875331536	0.933679691960738	0.892636171279122
0.84013272209377	0.859289924672933	0.660605262079227	0.784044575524952	0.731836345988124	0.732359984132027	0.974896661192195
0.867675168142824	0.850596372865421	0.658826226002793	0.781602500869879	0.744691431985973	0.764978875954616	0.94080581566395
0.608072143686398	0.585908520352888	0.614422616241176	0.654135923724074	0.647820115550758	0.64489333318952	0.901094537517812
0.754915024087156	0.747591483162749	0.530599125451099	0.662531548181042	0.621483321723119	0.627955485786344	0.640547417959612
0.777199220222297	0.769334816984233	0.617626112133955	0.695663618931873	0.686602344731907	0.684764074405322	0.851106981892477
0.766700856131498	0.770333857411034	0.589682094931938	0.7037614987336	0.668201840522321	0.679636809318534	0.756393333069231
0.753525493778475	0.756933571244336	0.620682009947945	0.837918203588864	0.821246488472261	0.838015654231722	0.734465736612001
0.93664727362449	0.922152625954817	0.611232801328693	0.795895015321946	0.771397579097198	0.775948667963823	0.821688814076586
0.879663428204043	0.889907992385562	0.659902124401555	0.776893638906656	0.778684260857075	0.744199416932878	0.953841680004097
0.928296852726087	0.920796609356195	0.613211387085695	0.806675876520999	0.777178457279426	0.786696779489713	0.830397089450659
0.76817015246717	0.762860474961301	0.579514941496052	0.69401626538325	0.666498896154402	0.651756336410919	0.753987976737253
0.768171899350987	0.77446538150921	0.593766804733239	0.7865387863564	0.786264321287328	0.797776525623654	0.701480598252586
0.878141592081342	0.880552827896142	0.65448413374522	0.767267493246661	0.748878598271364	0.744486929749371	0.897483473315814
0.857336888313604	0.861685376291304	0.597759338594271	0.810549975206632	0.798273742882126	0.784815063755419	0.732601069315127
0.867016943023458	0.860276784274056	0.604059791975941	0.737680443896362	0.717332656940137	0.733068857925047	0.790158038596534
0.994875646086026	0.978024664527064	0.628546582182733	0.840671961355738	0.844522792956406	0.828625661539067	0.83754565873296
0.87075669987478	0.881693709277284	0.588199131204756	0.757797407276021	0.728838249933754	0.746466389107113	0.72771991736481
1.00529166495087	0.998417335534096	0.642342680573058	0.905672197010968	0.884172831411388	0.886050405734597	0.828824287874451
0.826021845804801	0.827486457480382	0.646046936131777	0.770567747886432	0.735318042095698	0.739924556008665	0.930867365236618
1.04425673092634	1.05529994896599	0.640831707343426	0.935462414731537	0.884582475257642	0.887913358361847	0.866380035892298
0.63326358473176	0.633470912179431	0.583028048646213	0.642996592340176	0.618406091443917	0.614310940683616	0.782472003400505
0.733355907594204	0.750601407652443	0.586282911661384	0.699914524390954	0.651774920844068	0.642845140699118	0.773928062464088
0.790398430377293	0.806405605072359	0.613265029988897	0.707702713788172	0.714793881266327	0.68074514133828	0.805107397390375
0.768879148058622	0.756411742346087	0.607050962655657	0.69696528243264	0.66812600048681	0.687501559331364	0.807843081780698
0.933640845966866	0.92263325415679	0.625099943138436	0.820125997456501	0.78959639627132	0.793346214829667	0.777876082185407
0.615683766699884	0.627408761651899	0.622554816978234	0.666253073790257	0.652278096608521	0.649587814578783	0.889103297365766
0.638539951761409	0.641366633220378	0.653830626867312	0.706342007485893	0.643624220356107	0.676674539838347	0.948591656275815
0.795014019034026	0.795526717664364	0.584699917109675	0.695019501964493	0.687889822322379	0.660552788206562	0.756664176941433
1.1436139816831	1.14212813039744	0.682007641885263	1.02201294030268	0.940220925015997	0.977762930604173	0.94544403064165
0.747107436257415	0.754942086821362	0.608853654476977	0.678493034846444	0.654022206842315	0.681689864164158	0.790975242791363
1.0816691597919	1.07890916591334	0.655165461933552	0.94534683931498	0.919470139084197	0.907261457284813	0.908174789250632
0.733488582688832	0.752237567439452	0.659582436174342	0.747235199994408	0.727377541521572	0.712321558867707	1.00774979794388
