FMP	RMP	FPP	UPP	ANPP	NPP	ANCOVA
0.384524643182806	0.385224898213802	0.392874740458445	0.362448478036716	0.372217290380124	0.374408372223646	0.226546727122548
0.405102464284618	0.405107701518935	0.425211048691343	0.393999247539356	0.406493064707773	0.404615761367474	0.205192873677061
0.474816711762768	0.473604731005798	0.463651166859072	0.451988249455642	0.457586348034734	0.457144656800473	0.348780567988145
0.537620152074154	0.536884378194583	0.528741158304716	0.519864359343954	0.529345861018082	0.530050190757219	0.466148015651377
0.557512865640149	0.554786371981045	0.552675367746816	0.550978991740459	0.550016435704856	0.551470250663641	0.498981687634826
0.621739571165347	0.621244748670946	0.628600951799951	0.63072387104603	0.629178088181775	0.627650831630622	0.653475723431804
0.556335014283546	0.552318814057523	0.546213071126385	0.546424102527753	0.546965555667332	0.544405292940009	0.508970024538413
0.438878268450786	0.44078907286092	0.427514921000824	0.417630066424454	0.423996863955795	0.424056424575932	0.318637939855476
0.237027308206203	0.239347528173357	0.31824459416041	0.255722770412639	0.271823600267126	0.274152575868035	0.0701578488268077
0.391287427671535	0.385763136116717	0.390943069931675	0.367211447253785	0.379835796143343	0.375919913456409	0.230178247642911
0.665982974545362	0.664394689112106	0.672601317683806	0.679544016824835	0.676597182635033	0.676785490382348	0.756120026979357
0.312371100002468	0.302342432086112	0.344627434439408	0.299914151869095	0.315537711550495	0.316805073705863	0.143586841516909
0.523098311486482	0.522442278866964	0.513085722618793	0.506244363143022	0.506481740255402	0.510419581098619	0.432970939013345
0.587297259812907	0.58731437250597	0.58141687671046	0.583148022331982	0.585267729493317	0.582703120455377	0.568271253551763
0.643490253749214	0.640458165655048	0.649163036381883	0.659221130230434	0.654137184320849	0.651025765462646	0.685629191851061
0.752686351878719	0.753605409144362	0.764760855160642	0.776426845933355	0.76984462997438	0.773757871666051	0.893412092889678
0.494960160193734	0.497072052809264	0.486878211904115	0.480895521053011	0.480906660507567	0.479884905842552	0.36772191629644
0.542557500317223	0.537899325407702	0.536229141648469	0.528095554737292	0.529025542918074	0.52851677103244	0.469772956640371
0.667680449497373	0.672956605407251	0.676612987539433	0.679799473384136	0.676365534293838	0.677778139603428	0.742687914751476
0.660186656021443	0.659609724776023	0.670040173318627	0.675091805814364	0.670183093845569	0.670484973821651	0.723736631116004
0.672752995914224	0.670373610714197	0.680529724109773	0.686783234840031	0.682256440623411	0.684445956165698	0.759281744772362
0.495186986584828	0.496356210691529	0.483926592492421	0.473457465891935	0.484013640411928	0.481165508192722	0.370597575215409
0.596534776446103	0.593349253170717	0.596035211246562	0.59704470690723	0.593901055889205	0.595554159628309	0.592705120443509
0.504510818681548	0.504875329183138	0.498352013243281	0.486433418420925	0.490308286375804	0.491143395625556	0.389114363533801
0.638380496266943	0.636647291207436	0.64441047087234	0.64683655639146	0.645333005293971	0.647742485983404	0.67949338922176
0.374342437042079	0.380823373464183	0.381093172886984	0.356593122479886	0.370592268086239	0.365433902721479	0.232283098838254
0.206524036923868	0.203046897088197	0.273027295970605	0.219998068680357	0.234802243818777	0.239152396309252	0.0923166796369318
0.446698299595032	0.447749400218451	0.432829366813595	0.423824833654726	0.427862525531967	0.428445730302834	0.31997722912092
0.573066810697963	0.576385416744971	0.575693962015199	0.569926285912678	0.571904381269104	0.575920889793474	0.545891816640596
0.717327288615531	0.718328075592584	0.73136444563628	0.735587728875374	0.734584489129271	0.731724513388463	0.827747571131217
0.42877147777052	0.434339783174899	0.430048574940794	0.40700913428744	0.417208032332254	0.415498817170335	0.261251292801312
0.0471058494913646	0.0511288177858422	0.23195560494306	0.117907989269344	0.147208423395368	0.146575922430616	-0.0404920452349562
0.746848593078348	0.756419290850147	0.751784591002217	0.767200963237905	0.76382848103637	0.760518658224852	0.906822370094207
0.593579533732814	0.591430442892599	0.593209755988096	0.589741422996277	0.590288502332321	0.591223116028207	0.586959719089366
0.433817532138646	0.434362906081331	0.43599559008793	0.413969840649213	0.422977694269381	0.426970063197951	0.266648497551485
0.588984361210405	0.589434942909179	0.588238638449637	0.58469603358464	0.58761679286483	0.588073759068752	0.576835416442839
0.697633899920212	0.6952459682169	0.710650182193094	0.715343517505984	0.708507163786116	0.709448945474682	0.779424813481821
0.436401699526587	0.436010360063578	0.43082123301738	0.410615530380772	0.424548257008604	0.420635349279628	0.277357022007136
0.485002484734248	0.484709203672364	0.484195904178808	0.462739180625401	0.476241619122092	0.473989521350296	0.358335261299465
0.691520630083052	0.692770293245931	0.699175693753638	0.706134187714049	0.702842550929745	0.70219242311029	0.804151066332141
0.397951579927573	0.393842516220806	0.402927117642861	0.378966173325386	0.392695764682576	0.390196500775548	0.222790915277488
0.596283120286528	0.597194674190345	0.596691770406395	0.596875435912187	0.597895558991507	0.598547486496407	0.596402970485826
0.64955463151556	0.649438018895263	0.660656376020546	0.657454529370059	0.658766651171345	0.657988626805016	0.694775522554793
0.517953218524754	0.519573964658989	0.503920389673998	0.503708378681874	0.504542766362363	0.502887374368762	0.436211498078313
0.564330712692645	0.570974755271113	0.560575810399086	0.559740400274808	0.56228868016134	0.561850385897639	0.526665921643499
0.579082649345291	0.577224008596026	0.573031667964983	0.574632901527864	0.574089435037476	0.569007754604089	0.554533722032954
0.562325832593551	0.564839225550809	0.559108455413784	0.555208779027758	0.557961388281321	0.556746129006179	0.525450191576847
0.432514648028754	0.43809141089144	0.433064282092638	0.413400204453429	0.422586560754351	0.42518340318009	0.272018964951971
0.577829819534509	0.574771169991201	0.574913864372274	0.571972962658374	0.568826316187625	0.56851539521923	0.543375473973346
0.335685298721678	0.332254772884976	0.355070276464553	0.322916556870018	0.333198829337283	0.333963868256354	0.179328360781744
0.662318920656377	0.658093999503526	0.670258918209201	0.673094784473918	0.670808763683859	0.672790995517037	0.737352442998707
0.491783238215318	0.491077674030627	0.489813324355764	0.47757160486725	0.48315655143626	0.483480801946705	0.360866925802686
0.524305373340004	0.521647273790458	0.513924068187057	0.507341237516135	0.510125628365645	0.509645329584292	0.442047960526959
0.616664339530879	0.623745413805699	0.624421422157357	0.625975623171822	0.625393438125167	0.626309321832607	0.651024732865079
-0.0101600427811148	-0.0148548391631487	0.281359759607234	0.118322655777612	0.171551127761764	0.155181116231924	-0.154682624083771
0.428601670910065	0.424889133101895	0.434750661402688	0.409133745754226	0.425570712655616	0.419623911587651	0.227759201079833
0.635651791253114	0.633033987435216	0.641895498768855	0.641245453162688	0.639194315288137	0.637508499510119	0.662414374603682
0.578357241490896	0.57991566674106	0.5785622410976	0.572658886853118	0.577522973158708	0.573177234354665	0.556663206537547
0.435530954545226	0.434838932489097	0.425670253071251	0.410944466157822	0.41992007185093	0.416244630703325	0.307835716644787
0.348281334192426	0.34506644219707	0.384524140792444	0.347335027068208	0.35569137597001	0.363895896558111	0.152689007239519
0.744185654015516	0.741431069526399	0.752627492819057	0.767146955641879	0.757124235575821	0.76188776641511	0.889899303794133
0.558135212172	0.558610307530729	0.558425353891741	0.551887629268212	0.556564224045598	0.553569719923221	0.496209314692485
0.486190743067897	0.489176276271049	0.479728049151951	0.466305953808325	0.475231427115659	0.471623949731062	0.350700764506546
0.464564716764115	0.467373374378721	0.464415000202636	0.449956887542656	0.453427732207013	0.457136955446984	0.30182126035931
0.48889301023664	0.486620039708238	0.469787817724552	0.466542399119803	0.470936653208747	0.470861095581028	0.394238993990678
0.536200735230257	0.535358296014696	0.525973491405335	0.519996008008996	0.523665059972674	0.524294244726523	0.459891506294152
0.639517127254959	0.642976903384338	0.646620198943042	0.649067370054146	0.644370518053472	0.650944235768112	0.689100369377158
0.503961648094515	0.498109224662772	0.495734821116741	0.480119220526211	0.489885445997983	0.488357204719127	0.383394230055231
0.418956030496583	0.415664313216526	0.411490353547505	0.396125579477901	0.398921580889586	0.403508380816464	0.277117374684011
0.725321060440909	0.727119306407386	0.736354099731301	0.74475367448579	0.738772734067151	0.741756685948185	0.865247181390412
0.467843091082162	0.463626582097019	0.456171050035803	0.44146883765368	0.450949977007086	0.452370851026011	0.329476764706667
0.485813875390784	0.482781737901346	0.480003417945971	0.467414774552693	0.47498126380976	0.470362569599756	0.356055606863257
0.694056155167273	0.691005970600608	0.702353631633599	0.708726687108164	0.701494781899764	0.707308543250843	0.797389585941515
0.483037234995525	0.487138205538118	0.473685458717223	0.463981083883444	0.469491988183587	0.466703043201653	0.370390098488604
0.63043525616719	0.628363150244581	0.637634370543832	0.635606085186351	0.633590777292348	0.63267700104847	0.666102864362538
0.617260414893038	0.618548921665768	0.622527269544476	0.621620767512152	0.620292924038752	0.62171285591104	0.639276879812003
0.46549599456776	0.470615430679459	0.462051662131297	0.449687465987236	0.44986442179578	0.453789520041507	0.315710060207198
0.571753160270771	0.574701717618501	0.565613652609533	0.570140556111405	0.569085305164439	0.569706182557298	0.538694799380753
0.395976989389991	0.393915223257016	0.396014060918702	0.372056445821344	0.386040763900868	0.387473942099123	0.231833206903044
0.606297506433383	0.608025409786639	0.606741981776324	0.605711862357304	0.607834646758919	0.605051057332985	0.612952044688608
0.397947287277843	0.401788517441165	0.407012816966821	0.377133843443423	0.393174386923704	0.400521162942069	0.230319321585828
0.704443779906055	0.706234420226488	0.714672141480621	0.725034234114753	0.721187671514912	0.717629038754387	0.809404531136723
0.557201472573838	0.55917856227952	0.55167707488368	0.549675941455445	0.553461216151077	0.552364827215433	0.517616915188056
0.471023252528575	0.470686806900258	0.461226278564606	0.44996841462107	0.453159757489299	0.454655209173365	0.34281395361303
0.435556563450623	0.426464035787627	0.44651629281219	0.420828030010083	0.432781673721426	0.432091157543537	0.249224871379297
0.503260040549671	0.503671358221163	0.49341695666069	0.48480158525443	0.492028659973254	0.493924882860188	0.372578584800576
0.548578049822441	0.546014142013241	0.538761478450205	0.534103423640546	0.539984630731213	0.535843547848017	0.48724011694325
0.318083202529645	0.320521233237852	0.366408116597296	0.320107657406134	0.331625891549147	0.326846087360582	0.138729223533427
0.574622284497704	0.574134240370411	0.568505244474224	0.566519035669473	0.570898371649842	0.56836256362252	0.547661236445945
0.384245587844645	0.386641463477511	0.404958529999912	0.371462000377283	0.384200021301922	0.382411783917504	0.200891074848798
0.614659153042634	0.617738140471222	0.616923591553495	0.618085687403289	0.615743897057098	0.622337051703089	0.637102652102935
0.734466659021916	0.737622680860813	0.748281751966473	0.753610954673174	0.749491991823268	0.751196250610761	0.845312147199004
0.689447843443717	0.686238542539802	0.698607674250417	0.707010791448519	0.701013889290473	0.700189208250668	0.791623013961207
0.556390122659184	0.56173213882073	0.552522275138126	0.553501766771645	0.547556751781818	0.552149019284936	0.507764926226226
0.405996022698131	0.411249440389359	0.414916959181527	0.389773723782756	0.397833146497053	0.401931065625517	0.237697819927566
0.43314252545961	0.435234348209248	0.432195482363622	0.411397465103434	0.424770459365149	0.421208053716538	0.266318141173368
0.54013979914211	0.537537219356167	0.531479893735509	0.525744273056446	0.528137566139732	0.532365490705502	0.47039970730985
0.585847802700693	0.584599604115442	0.581471075024875	0.584208214867154	0.583576211054367	0.580435600228105	0.569563205464728
0.508000549962229	0.512364650955765	0.498698076673565	0.492917516043587	0.49431739432136	0.49610383323506	0.419729033003393
0.601367094959074	0.601219084307025	0.604227709081352	0.602699744107963	0.601634744871342	0.601735071534293	0.603589212725242
0.674772295419419	0.674152340890982	0.683599591838304	0.689588160917331	0.685456160841962	0.688944206322996	0.749626612427308
0.405887312454151	0.407433115565699	0.414992333969204	0.387762941029993	0.400221991939843	0.399450640349815	0.216601812843072
0.506393895773135	0.505521303794464	0.492338651447379	0.485099626208496	0.487172379917928	0.490353401287912	0.416791135775328
0.471998900002295	0.474078981389529	0.462778544289825	0.45468429596753	0.456559933776971	0.457115992115037	0.349413591963978
0.162679910983224	0.157285007362282	0.255239564883201	0.186029017810155	0.207630332094407	0.208309682150855	0.0634161389433206
0.511529877837473	0.511125895524156	0.502835232748129	0.493771857445989	0.498681542302056	0.497886907389743	0.423476522711286
0.530375784913698	0.526148832542972	0.514933689940286	0.509993691164985	0.513773656537594	0.512355812122147	0.435832701458834
0.496075501361916	0.49995787877754	0.485044039582973	0.480688343154227	0.484448046409397	0.48297019295836	0.372084312692589
0.587835726951298	0.588121340284612	0.584336466546187	0.58354559428822	0.587627624411712	0.583943565957466	0.574555968219766
0.627673758516725	0.631217531831073	0.632892228343417	0.635323069049588	0.632339055440955	0.632016169157639	0.672521755943894
0.482609958533119	0.479295011408892	0.467821667279628	0.46148997019263	0.468475636234489	0.46969520035582	0.363154960402926
0.505280922935938	0.50487155992013	0.491233217843748	0.489595413897559	0.491341261290945	0.490964674446258	0.417709608305655
0.502186776261445	0.4998995441806	0.491751930922718	0.482425494768169	0.486955068256617	0.483953885215339	0.389989095387757
0.605178050567406	0.600799859828647	0.606778918092075	0.6069895840579	0.602810079879858	0.604478638742061	0.609155473566812
0.638121792472894	0.638123914112677	0.642789599603995	0.643451082481333	0.643194656337672	0.641353658963999	0.678010864126419
0.417931197857475	0.41314585144975	0.412815009468834	0.401901907782519	0.403856852949561	0.406413955022595	0.27491297724631
0.58999403626283	0.591143888812044	0.588985945417301	0.592429460265888	0.585496718954468	0.586303852838909	0.578576845986864
0.490597792894276	0.487669167595184	0.474586889444427	0.470466212631096	0.47281009080324	0.472566607188404	0.394305455804101
0.603489008680621	0.600371084548475	0.604217380863499	0.60437268178299	0.60479043088841	0.602577413802406	0.606049938375652
0.356509860450991	0.357180967089716	0.378407743207376	0.344148759910576	0.354096947262636	0.35228459365238	0.172342183466866
0.609077503715909	0.608813471388017	0.612492793778533	0.612528789883307	0.609908300605019	0.611393430826997	0.619954648614056
0.512526032073622	0.509109350542632	0.50059496736513	0.493981260206605	0.495648887748975	0.496029428736023	0.428842439202074
0.223632931087393	0.218049533080855	0.318665388063299	0.249175786826856	0.261730193774259	0.264213350858767	0.0532839736528575
0.183222358174988	0.183933692164186	0.292327913234935	0.220202844169804	0.241873291812971	0.240589790865745	0.04027827135289
0.657972462268197	0.657702717076649	0.666424729040896	0.667829992912994	0.665364465157712	0.666231078157822	0.712674287705936
0.64519274460938	0.645341523474707	0.650573928292117	0.65407653045947	0.650699092345336	0.653220458135131	0.68986790997634
0.638902513649834	0.634977993922949	0.640481728361863	0.646951505568242	0.641831046505578	0.640363916716654	0.672864550936634
0.633492300483751	0.634553350136545	0.638268355653137	0.639239513246194	0.639489991406092	0.637876394342075	0.675280142388633
0.617069320422729	0.616556111521189	0.616793625351042	0.61704765091081	0.61710787260426	0.619396541617806	0.642810634634471
0.433381175478549	0.433312912588978	0.435820198191621	0.417389380704495	0.424749205434468	0.420317458526872	0.272360286350993
0.545632426727762	0.544025420812117	0.537868856422507	0.532523408786302	0.536672171284174	0.535801773538942	0.481028814549212
0.571066755427584	0.572783766072731	0.566397600047871	0.564165705857934	0.566157898648962	0.565913607349461	0.541032499384063
0.572252335722127	0.572941783653958	0.570301750275491	0.568673989289694	0.571268261343769	0.570875567438023	0.545383869919688
0.26777578188942	0.271140631060307	0.321974499455925	0.270966077087446	0.291091083585884	0.288158338319351	0.115053315776795
0.523240179831432	0.52483258863648	0.513787132993467	0.506896687393716	0.511650854714346	0.506723892877115	0.432867822160825
0.491722319884047	0.488702529091588	0.478082063517742	0.471167299542163	0.472606733922257	0.479357197924897	0.393436025326519
0.539712646056524	0.535169234293542	0.53531805433319	0.521135213307617	0.531976287602182	0.526416884970601	0.443502078274429
0.741759197633691	0.740308125607312	0.753995824016673	0.767126079156456	0.755725270191003	0.756245158145315	0.883043319135173
0.520173068953694	0.521440980899493	0.506306856710896	0.502848078389518	0.505824867896541	0.504217329986792	0.416556636919925
0.603016700146799	0.604350612555117	0.602652833016553	0.602666540709346	0.609260195505612	0.604311205480263	0.609367066991222
0.507604391198471	0.509488931079726	0.498612566569011	0.488125899439021	0.497036758012174	0.49294910369027	0.395723062619682
0.567936589276267	0.56400259986306	0.5624409656092	0.562702001000852	0.562531078934105	0.564322923212139	0.522647849343071
0.556677707766584	0.553313285334571	0.548543570899431	0.542412073245336	0.549234752495668	0.546579209802791	0.485679740612014
0.689559194339628	0.685333080673722	0.702409282333716	0.704273906939779	0.700846530113631	0.70709423110785	0.770247065150793
0.555471610829661	0.554663357292979	0.550433231166863	0.54607902820494	0.550116107399177	0.548719600194489	0.512038129232271
0.741852468590873	0.739789434604055	0.745200828473326	0.763185229164301	0.748258593009822	0.749755159130648	0.893691926906926
0.485742179339724	0.480129637728486	0.478577917306441	0.463393945993313	0.472736889792654	0.473739980414083	0.334724733670411
0.456711743543537	0.457350808591646	0.460453884591125	0.439739961467109	0.447407652601617	0.449932207260674	0.283486094777047
0.0700335543270157	0.0716368144785608	0.291332424194911	0.164524626478236	0.196381743702902	0.198536355492602	-0.0828487421067281
0.538276640924419	0.538272548622168	0.530751636257828	0.521463962152907	0.529387416894479	0.531478370891206	0.470361847962586
0.628392397996072	0.624337726894424	0.63369714208164	0.631918067967569	0.635002799052697	0.631429064630066	0.654748123914022
0.62382106378054	0.621334970941198	0.626040030070099	0.626789351495937	0.626226258292641	0.62395018702209	0.645000105326909
0.536068329789209	0.530365715153161	0.526447065247729	0.521140141389289	0.52128989332846	0.523777293822034	0.454188746083
0.559035919131804	0.560519782676575	0.552933519521556	0.552104064886398	0.554848741685357	0.552481711161035	0.519547217855946
0.617195915748171	0.61837616888132	0.623009319013143	0.623460294674287	0.622222984014053	0.622047550708555	0.637788248006209
0.344739367741352	0.352708151663754	0.359416359207481	0.330980116726039	0.345483791561067	0.348274778933562	0.19297529049527
0.432161558212934	0.431582441012795	0.427402529172531	0.409169793822524	0.420636307784916	0.420613315544712	0.28779910039572
0.49893082361674	0.498769689412148	0.480988483701387	0.479239434981233	0.482499415488862	0.485308230061674	0.423228249296152
0.472254572451759	0.477571294460374	0.459364920532975	0.45151079253232	0.458246516722648	0.462588772354759	0.366737489956886
0.499847825294298	0.499755102180909	0.485549277337334	0.477716793476506	0.484030845628598	0.482944718593698	0.391287287373865
0.599787717825901	0.602032222336838	0.601861902609528	0.601574195291587	0.60501734760865	0.599848137021373	0.603245877997305
0.483567699528625	0.482742214815725	0.47396550438025	0.466270652785765	0.468345565160349	0.469455438266579	0.3593155907795
0.306842731052258	0.31310978860977	0.359176337684122	0.308475482246928	0.321066352255259	0.325938591450328	0.128954438699065
0.463095618216951	0.466027555632347	0.461473506808036	0.446506684441108	0.453665935367044	0.453843185351844	0.310587499062947
0.594258401412366	0.595133508294137	0.594103831281882	0.595415021398911	0.593026505730329	0.595494161985165	0.58867109296649
0.632249446967937	0.6282146128217	0.635803695522164	0.637513923580243	0.637722928000081	0.633707821202171	0.66425294746121
0.681730977062441	0.678854859134094	0.689824708015951	0.691649403575204	0.689817616941745	0.687224337891722	0.771182439519995
0.586453953039239	0.584901581681858	0.578027205031969	0.578264876604297	0.580554458701821	0.583681881926556	0.565818439394964
0.464314238927877	0.466401180019355	0.468355077622136	0.445304284368078	0.455207143240059	0.457414381290344	0.289766139929544
0.680552262021857	0.676992911690184	0.688353968523622	0.696516904013142	0.694238483955034	0.692316847509016	0.759555196199839
0.515148657860923	0.513720828196335	0.504660019612111	0.498616974965407	0.503650753287228	0.497640411354431	0.409420913328403
0.563466523593685	0.561381700348272	0.559442054894901	0.557057391611317	0.5551091398294	0.558834732131084	0.515136549232428
0.644957425173803	0.646793179024114	0.649100230797228	0.653921651805932	0.654774941399059	0.655463231628833	0.702011515606843
0.583117109100149	0.588284290576198	0.584522789292929	0.584580302702653	0.585712662626084	0.587768385270282	0.569245544449747
0.400462191916075	0.400872182882102	0.403902386632243	0.378098902818636	0.391244848631911	0.39264122539985	0.228465147355149
0.344510107964993	0.348302775520279	0.362355101456741	0.325313266589113	0.341932928525016	0.342106729082518	0.196309701270913
0.721090721168995	0.716938495827607	0.729649152053566	0.741023692683828	0.735990721705508	0.729252012329753	0.828099074745933
0.599667080123456	0.5951544805507	0.596571138080903	0.600023472551392	0.601873775658709	0.59529929546615	0.597896119331995
0.414184035593181	0.415571685004288	0.407035229931068	0.396220513691564	0.40128966420383	0.402965423411372	0.278432789296481
0.488786437648665	0.48465432243283	0.47387734460052	0.4660306083133	0.468497065331338	0.472341990332753	0.375248646369687
0.429899829805825	0.430065806306921	0.422678675532222	0.405136876436817	0.412411941097098	0.414835021687491	0.279648567041329
0.573039447522303	0.573856688723506	0.570827499281963	0.562798776301808	0.571025326964382	0.567638032740062	0.54262538471677
0.403022422762168	0.400423118402823	0.403249597034653	0.378781623627305	0.392242407421746	0.389908782249029	0.241666370803478
0.595621008762335	0.595682091541575	0.595135302567488	0.596099300752426	0.594913352458573	0.596627661906221	0.59159983141648
0.5102134374594	0.504654828704094	0.500167817572574	0.488778734201752	0.492408218196897	0.494527467016385	0.394478449855955
0.639763040807332	0.641845495043929	0.645838805477692	0.649894073717727	0.646552266561683	0.646462983168315	0.688795169338821
0.595270946590711	0.595199104397116	0.595431236114727	0.590272320813019	0.596219897682734	0.591227322883752	0.588649942540496
0.529246483696109	0.529099078782458	0.518694652850105	0.514142728664333	0.519587647718487	0.519623301589229	0.450584553131894
0.618040284999049	0.616061047762537	0.618687013091138	0.62013407576464	0.619113834885448	0.61824157978971	0.633761229234594
0.57207678002218	0.573403895310225	0.566912792143098	0.568974160608648	0.566551630634244	0.566336789829712	0.544070772292281
0.545763346084685	0.546596411704626	0.539730008469976	0.535372770138036	0.533919448664803	0.534109337527957	0.469120002779235
0.527744902531039	0.528505610987486	0.519158282242285	0.517353461827832	0.517197760243928	0.514717864036082	0.446919886238587
0.442360742874802	0.445420375430895	0.430669417012829	0.420439591063052	0.428807913930258	0.425519711884626	0.307931172322743
0.276697266228723	0.278529926057593	0.335628553876197	0.283415565703755	0.301139096973826	0.304304218178671	0.110686399858325
0.460577322015585	0.461053103113962	0.449316972413107	0.434406922777524	0.440693620422088	0.440827205518432	0.334215647619757
-0.056882043411529	-0.0617862970117406	0.212634263896662	0.0489854826619612	0.0917250389994238	0.0886128882654002	-0.133899314754261
0.559732313674019	0.555643905325073	0.55488336856959	0.551052470196102	0.553764792009775	0.551690850077343	0.502690737983075
0.497845285351952	0.500246260818402	0.489341104449131	0.482346161556891	0.485321185806533	0.48400921429055	0.380666578231014
0.581100524637527	0.582935690676585	0.576043893262304	0.576930528581335	0.579464137991604	0.578663767266024	0.559972470765713
0.722124380832476	0.725500729715751	0.734571201204732	0.743187498257837	0.738902317291697	0.73748282015481	0.84094880949266
0.649353943226116	0.649519828979445	0.654571153631909	0.661073598076144	0.655043668193984	0.657944269877465	0.726859517574538
0.477121414162294	0.480396384644525	0.473415421175209	0.457226460689725	0.466989431973607	0.472094381092582	0.359448754974731
0.613051351155959	0.614367203020305	0.616242056977486	0.620117091941911	0.615376442847452	0.616701413215808	0.631315851238139
0.479834739065849	0.479855837969731	0.473779411508148	0.458476634207349	0.463814800020683	0.463147240493906	0.350844403532961
0.42502484703271	0.43449005419782	0.433874218201824	0.408159556928063	0.414006518623369	0.41693921519719	0.249965640587163
0.536934376355758	0.535451680858213	0.527322339653516	0.5206302377162	0.52336321545324	0.525058196615933	0.465313117818317
0.549041563648942	0.546381428609956	0.537818353394183	0.535766920737734	0.542611416770159	0.538248741091095	0.482752799228546
0.53948754594516	0.540016572739387	0.530567152861037	0.526613128814904	0.527383766555242	0.530755672988028	0.460578471489238
0.551083322632233	0.552005607326891	0.543428892931301	0.543101313161137	0.545392170783248	0.540530535370269	0.481784371484574
0.602960989696813	0.598858472484509	0.601983780600945	0.5993459357741	0.599500426865547	0.600235041955188	0.599450768827221
0.75981162270122	0.761135936545136	0.768461276460861	0.780637747416023	0.773395243791534	0.773220044463996	0.89873161849636
0.664320168167713	0.665871264942055	0.675575100136942	0.678607876034115	0.675090349702417	0.675962054852928	0.750988933395076
0.394363975864483	0.399434318929509	0.401927992884341	0.377389659545683	0.384853153140167	0.385295487122305	0.234655667276845
0.353590018799181	0.353683116669959	0.366103980913862	0.336744835754913	0.351789621395497	0.347828510649506	0.196649949730367
0.642334729096838	0.641017434490479	0.652200792445527	0.653284906745971	0.649202734760046	0.64873661912273	0.693790874924024
0.418868730095822	0.420053874826274	0.413228784538228	0.395867903807831	0.403747990467312	0.405506195458514	0.264727937501362
0.592173222232436	0.594249503462426	0.591008794320892	0.590486576928446	0.5942514845902	0.592663723886188	0.58429263971922
0.514964498810266	0.51495272665174	0.501358648391987	0.497109245976301	0.502817555186905	0.50066326792158	0.437801935514549
0.545231786990174	0.546962949058856	0.538889233482586	0.538145372242885	0.536699081388546	0.539004020329946	0.47294191035295
0.619862511906167	0.622226436222811	0.626615737514365	0.627052057427924	0.625277450597803	0.627361592461133	0.648539153186274
0.646143420117366	0.642145274750067	0.652444202759941	0.652984904874022	0.655678957450525	0.654700724267625	0.697897090015015
0.581026653758946	0.576398752546649	0.574641885735351	0.576393771522371	0.577952119855299	0.574499397425631	0.551829747267962
0.301305413485826	0.30091437802738	0.347571713235449	0.301380646308757	0.314147953079987	0.3123732870958	0.125401412808094
0.627010102700403	0.625971909882271	0.629634658466755	0.631402007980813	0.627054269354511	0.631368331482181	0.654771035713752
0.436201760683052	0.437578844522283	0.43075889555339	0.416634108424545	0.423911331236336	0.422854912127668	0.311400358929018
0.436262805921066	0.43908747241711	0.431778082581771	0.414463344778674	0.42644113815013	0.421304888461402	0.289898636432083
0.527171647104981	0.527583152517658	0.525094782465406	0.516818008320016	0.516657071653703	0.516161347931794	0.449424322991335
0.614423488746717	0.612856488512882	0.617796310794244	0.616557102389796	0.61971952920894	0.614476625539793	0.631714178972379
0.597964808875768	0.600611009785888	0.598237568484379	0.59932911989987	0.599304146839734	0.601368874488832	0.598213582259314
0.625039876211681	0.626522483803671	0.63184123074141	0.633360232261979	0.635321540288293	0.631651375979338	0.657191539475464
0.3027475362399	0.304839062385951	0.352106766801852	0.300104971134543	0.321442941269503	0.316675985405321	0.12309016051558
0.603105121530399	0.603545846797777	0.601267807174824	0.600901283379347	0.601958841728339	0.60359475871729	0.601097101416258
0.54512564775071	0.552497964533494	0.540719281017405	0.535796336450179	0.54017575612609	0.543089683279378	0.476103831398776
0.459160044817141	0.46063487003026	0.453965954714124	0.439773369080896	0.440523386273274	0.446318220513541	0.311750554046039
0.429181332973611	0.429178175255493	0.435874259275943	0.411693286151075	0.417977158951173	0.419067639482017	0.239145469986592
0.470331118513635	0.474985781753891	0.459840939826484	0.450980145152322	0.458023996288799	0.456186997439518	0.354408023288228
0.335467336567306	0.330823228788671	0.365340790122901	0.327200164945757	0.341161423439363	0.34551151997318	0.159412743326738
0.51933406577516	0.523571889496691	0.516319822607653	0.503726211204104	0.514164722084997	0.509296711578049	0.420682961405431
0.687594974608939	0.687920909115469	0.688921560178612	0.703988369296903	0.694043956115462	0.699500728388622	0.798307283559632
0.427633300232602	0.435381646242289	0.425896781071922	0.408237661567409	0.418102719798273	0.416552544579582	0.300471024327975
0.487280398789285	0.488277025934742	0.47515836920595	0.468710671972687	0.473569212642655	0.475059721193803	0.365137059052989
0.56589183095252	0.564653944271244	0.562427881338851	0.558381899417713	0.563201522328355	0.559977898481226	0.51976050730652
0.568035132331924	0.566855837978711	0.560338600454332	0.561667780458198	0.560888924074862	0.559575499566903	0.527106629189704
0.447725945327663	0.446844098735275	0.439346131447214	0.426646060171919	0.433374497030669	0.430508004162526	0.320293077354681
0.599027267509689	0.599581385392238	0.598660456979515	0.596760178794709	0.599463178433689	0.601714883742778	0.597196277334519
0.322564487957785	0.321285317613047	0.362873049882147	0.314476446859983	0.335759057099473	0.333888779935225	0.141148007762451
0.540891249373251	0.540294596546107	0.533141285775651	0.52686253692424	0.532820167952979	0.531554864322796	0.460302133263018
0.707261318745811	0.708711963003424	0.72022133924532	0.724491081610923	0.718859640747971	0.724182896236024	0.802517989805393
0.570832610256046	0.570032249201914	0.572577686055014	0.564296637975381	0.566857917118569	0.56520963918056	0.535481808171847
0.604919695461277	0.604737916195685	0.604460432265956	0.606961449316558	0.608037358120225	0.604396903312166	0.61072016943632
0.563974856983588	0.562926193810907	0.557447765634692	0.553710575643765	0.554696843123562	0.55327364116746	0.520269585037997
0.566285289143742	0.567517243074493	0.56075848826139	0.558306402714629	0.559956828512259	0.560281653075561	0.526402128235752
0.379211632525747	0.382506441104429	0.378599878769742	0.358336420791365	0.369049662714803	0.36998223309374	0.231470700377396
0.409973799712784	0.411288551409108	0.40384466895179	0.386271935730079	0.395056331882667	0.399959224622823	0.25760004253153
0.29488184559559	0.300254050051549	0.361289710606963	0.30881863916621	0.32839065027637	0.320945424821469	0.0903704314528146
0.581680896500105	0.579573663606724	0.579301857099757	0.576415163323205	0.579487697595093	0.576556939887025	0.560907014307445
0.271346279305301	0.270858805003253	0.354679735945514	0.292747618600777	0.312566421591762	0.311938129532326	0.0708662496367925
0.533773510483406	0.532512932008349	0.523027107405274	0.519222705646902	0.522253955038658	0.520941799932589	0.457107631675928
0.553367518422253	0.5528356761754	0.543416140928572	0.542976654669936	0.54215610831851	0.545673015266201	0.497127148315698
0.210761985912759	0.207027684968294	0.286158037010753	0.226727476422795	0.245243834355736	0.244259773508331	0.0780018285747795
0.694301873540789	0.695774106444402	0.703894242921707	0.712567895251764	0.710420759314868	0.706296647823	0.800681351097813
0.401655397720739	0.401385875384553	0.408383662504993	0.38318093038351	0.393159565014166	0.394239385166071	0.236472534165721
0.448538089202318	0.447851777877424	0.445863266464305	0.431355474073939	0.443456224399791	0.442112197056525	0.295621986160299
0.268771648735964	0.272461490564794	0.333718568673201	0.273962924485164	0.297958103521758	0.292348964248193	0.0947706910363184
0.504969039502687	0.502762881465889	0.499707964289036	0.486926893799215	0.491082793847014	0.492004029191595	0.377690394215791
0.522778041143736	0.520577388734247	0.507390858650337	0.505857938311265	0.511542124971924	0.512495826284212	0.448188700777338
0.673057728791847	0.676962325872141	0.681396676861601	0.68306210759639	0.680742488925999	0.68756745253849	0.763786162565426
0.66629094065595	0.667641474948905	0.67719354981412	0.677482524708766	0.67706347244327	0.677156236231311	0.734301255946709
0.547103374589035	0.548083969544157	0.5391059568102	0.536983946098059	0.536242433673417	0.53508998230405	0.474486640856525
0.484308856622129	0.483452790663904	0.465814645434623	0.465790394236107	0.468437609498412	0.465558463580617	0.392853394160351
0.502790197682943	0.502515128295853	0.490147422457924	0.488547255047328	0.488450894528158	0.488709946849888	0.412354445127875
0.504929861376481	0.506231511495614	0.495799044771669	0.488980491213193	0.49267254353622	0.495164693392584	0.401578099006415
0.608783099196165	0.611705234687386	0.613278797565274	0.613829607558095	0.611408834771684	0.611334184317497	0.619669296213156
0.280520955840988	0.295181463049053	0.36574876147612	0.300404606166838	0.326467950645268	0.324588585975934	0.080795478532863
0.523615739943655	0.524075203656854	0.513512580623867	0.50662921935667	0.505877002053605	0.513036363087095	0.427223884417168
0.479569734172314	0.4793895110296	0.472723481388865	0.458550112705995	0.46722927411372	0.46299024378746	0.33896243083415
0.655779932067627	0.658819393491722	0.662495678217803	0.664918466833133	0.668542328074301	0.664655673047378	0.735648657703616
0.229339847187379	0.224799717388708	0.313921754200839	0.245697830147201	0.269092345749494	0.265611401269065	0.0801425273201182
0.418186791776047	0.412130593982182	0.410651312335822	0.3965377689451	0.39894761486371	0.400471820891294	0.275119875675815
0.436832078883348	0.433972760761737	0.434008937790017	0.417144912122012	0.422048924477747	0.419275862428355	0.28809124182354
0.615525618305109	0.614694923855785	0.615583148339339	0.616354828714067	0.614126362011527	0.616508413205081	0.625203540370292
0.59428866749547	0.594140923927976	0.598446822577911	0.595299252172313	0.595453358881095	0.597132356049549	0.59147368954654
0.365761383166165	0.362508469872318	0.383123064630776	0.351663041471809	0.36615089332107	0.363392698042382	0.179721301688517
0.570497512495885	0.567589642966315	0.564395865119639	0.564260673948418	0.568940044069799	0.563185732841256	0.530990248339373
0.648348525324242	0.645706448756042	0.652607639088779	0.658118173218375	0.658365635090673	0.654167871717305	0.708678191618667
0.487036042032114	0.489849450744563	0.473913718355272	0.470816047600913	0.472713931964154	0.472287933088748	0.397908535064431
0.591657585216378	0.588195019126444	0.587479151221288	0.590241312731375	0.590244882421338	0.58868112747156	0.58244106359803
0.555574987550362	0.556299521107843	0.549613890046161	0.547374698768784	0.551216036211797	0.550710736253742	0.500473692251103
0.548695275732101	0.550516936629492	0.540289572776518	0.540252922155478	0.543695436677133	0.543727372694689	0.512781915119944
0.37274916471581	0.368189875097441	0.368528472702684	0.354665436009	0.361801249998546	0.362212907088282	0.253088395721656
0.664865519711412	0.664249619112126	0.67146553089844	0.678254524895026	0.674167334069207	0.674166808691886	0.743105451946819
0.520567532111142	0.522699809144825	0.50928263021875	0.509220952134214	0.51077585973803	0.507262249884512	0.447554596112215
0.187664346768663	0.176135592940947	0.337316650472587	0.237384596652286	0.269109277417306	0.266984490209851	-0.0137844234604814
0.416695423629045	0.418374833784095	0.417056408455804	0.400608383996237	0.406011424339969	0.407746096570137	0.257814156696701
0.566025467372458	0.565484851616384	0.56299628054104	0.562640860439664	0.564785819197523	0.562388985309037	0.521103300111905
0.572280358446232	0.570690884636947	0.568627006344355	0.570589813553196	0.569318108622013	0.569916754566101	0.5422918037424
0.54779170977813	0.546780055333832	0.540449445177246	0.536517409064694	0.538417228115065	0.538339457808832	0.48057449018209
0.618431550266504	0.618813134126104	0.62013722779933	0.626872964665464	0.619707367850091	0.621823122355368	0.639187867418597
0.517463479822805	0.519824722007297	0.50472115021332	0.506550173038141	0.502268393755414	0.501388164387077	0.428399737184153
0.532938778999173	0.529207749881101	0.521526073132154	0.514877108020588	0.519401698921412	0.517416072335765	0.447837639043586
0.549653101086154	0.555379505420847	0.542977375297266	0.541115780667228	0.541623951654848	0.544529036790787	0.490737934238599
0.500283341061259	0.507635825187841	0.490008704238311	0.484661181633705	0.487634925149746	0.487432767483913	0.419373726353623
0.00725860794070861	0.00973222830323169	0.228031519525789	0.0881335980742942	0.128100758846306	0.130050564957605	-0.0832366418263911
0.644293206866087	0.644169192546162	0.654614107349086	0.656960478681841	0.651498975671062	0.652908941663935	0.703405091808835
0.399760544379326	0.399916639391897	0.413107188971661	0.383815264913964	0.395164203577256	0.399066036699591	0.219313871241088
0.43727895277131	0.433166119379044	0.43631510473485	0.415789691652609	0.421777128228813	0.422227964126604	0.269310390094284
0.754384948840501	0.752760256475862	0.752656711647938	0.774903289844984	0.769240829332959	0.767508238598914	0.917505640670928
0.513621374580761	0.515200999163342	0.507375219295676	0.498697457116497	0.502220578933117	0.503214211617018	0.406365042937827
0.431262329120681	0.430257622695986	0.422513555053664	0.410066484989615	0.415691387958799	0.413499339650695	0.296682267526626
0.446303980576746	0.44358517018514	0.431427728829158	0.421201079007798	0.426797065625479	0.430436546302995	0.304676571097346
0.414273601448594	0.410806040874551	0.430348695667271	0.398381338796891	0.409572541033047	0.411113719174853	0.214573566465416
0.171415004484109	0.1726713839054	0.293277454264639	0.216815155032737	0.234979722238825	0.236548349032648	0.0234809630866271
0.551027168018716	0.552030188613438	0.546228890697463	0.545306403251139	0.542000478295486	0.545707079001162	0.502254562959614
0.458253386394072	0.452707371385002	0.452947958545623	0.434652298479284	0.444478644239818	0.43980085036923	0.302009452924045
0.493060274124286	0.489285378569418	0.48173000872241	0.472388132955176	0.480788207934387	0.477875361008783	0.362706046469503
0.429232737274944	0.429264563877789	0.423756855358007	0.406585862732399	0.418733619137186	0.418615006803229	0.292180514764328
0.361222423292754	0.355887085027911	0.383295092447801	0.34754011146483	0.361092647731464	0.358552407951174	0.181012865329772
0.389283445104426	0.38808195009768	0.398134982644088	0.368596572921048	0.385234308361287	0.384516994814536	0.222104027084626
0.55003569382806	0.553584559502845	0.543200541354685	0.545120478011356	0.546018671174517	0.53904698228913	0.492650490482854
0.343198434739525	0.339892743551112	0.363379012866119	0.333126483531337	0.344612728188377	0.343340207904733	0.188001031823554
0.550243983813101	0.550921679708486	0.546314590477148	0.539595287266558	0.544185365579712	0.539883028062344	0.501439717533616
0.608501089968968	0.610350789426121	0.611078247790507	0.61043076546995	0.608701111149642	0.611974579277375	0.619696572194623
0.460618495447793	0.462799724099765	0.454456322329471	0.438938265510874	0.444452775715396	0.445410368419313	0.323416337133091
0.713145788691013	0.71002459370385	0.722671407842143	0.732066086946243	0.726905584894548	0.726368577133774	0.846649477436134
0.486089298973597	0.481347857290347	0.47505440141159	0.463829327360652	0.470486610801306	0.468654867409048	0.356066527604744
0.381718073978887	0.378871974558115	0.379981543496676	0.356709248902212	0.370049537472784	0.370280765195469	0.227462611746139
0.525242326251526	0.529393117236179	0.520540703325439	0.511973910083381	0.516057532529074	0.513385508526593	0.452845770126518
0.732837641140819	0.731512700278957	0.744039915971748	0.749787661276599	0.747887133494381	0.751002322577455	0.860357995619752
0.43095445024566	0.432932746360397	0.43558196918065	0.411781119812491	0.420847036027558	0.423734881701839	0.272734989763258
0.619183030296781	0.622341931617541	0.626439461492148	0.62662525948798	0.62300086369311	0.625216771332837	0.657660809165662
0.504206260895803	0.500546024067363	0.490895691830885	0.484223969828418	0.48943007935973	0.490716818003224	0.406246463942733
0.347644778582694	0.348433949016694	0.371395933973422	0.332131403247654	0.345264169551239	0.353960869414627	0.171202368343437
0.781310989216491	0.781017062384318	0.772334652241404	0.800358039971357	0.793474021071966	0.791705485926993	0.955613980735637
0.602672892699947	0.607669807501056	0.611130675590895	0.60475081930277	0.604302211595709	0.606792858291108	0.610028856968669
0.411933178946244	0.410904086948792	0.41206059798653	0.389227504851474	0.402483915391516	0.399584019643543	0.250335258342563
-0.00124158664001851	-0.00185536332543744	0.273821907894638	0.121316777388379	0.152956816164473	0.158485102339373	-0.127297685345228
0.499986806315308	0.502625618534751	0.491382747620646	0.482067860299448	0.48721503068522	0.488387158814969	0.396708281789845
0.216811506570462	0.215067397968249	0.306205984892961	0.238587989844448	0.267012969775636	0.259371548532839	0.0594393769797033
0.515994034131163	0.511610549948837	0.506197602175046	0.502372229789134	0.503245371524977	0.501069239865955	0.430801524237019
0.460749785200901	0.460874200440145	0.445266672090623	0.44017914717172	0.445130240937954	0.442700509965167	0.350703496643653
0.812568555755914	0.817694897858704	0.801831740846708	0.831546311650192	0.820870949929687	0.820966879464379	0.985388648993984
0.621397680966634	0.62193255428598	0.630345789371011	0.623970253296072	0.628274196325777	0.624971656874236	0.648639212941944
0.410048114856623	0.413558030920645	0.39535257609058	0.387544877487394	0.394693731627562	0.391024239620713	0.295989973029437
0.52017940011036	0.518106319584317	0.510544532331058	0.503679738390049	0.511682132790895	0.506463353583914	0.40698270042579
0.801334591238291	0.797543216145326	0.796475709519397	0.821344855072246	0.808773419038099	0.808811850696723	0.957590202119248
0.580242950426848	0.58117753303723	0.579155341838833	0.578550643925336	0.582193433569203	0.578262713645921	0.559700413669336
0.229268016141957	0.232834746876053	0.321917548437266	0.257441734235064	0.282022154926962	0.273091701457887	0.0585651335664724
0.590024837705389	0.59281436969753	0.592773286634774	0.591338249516275	0.591670429091153	0.591387950804468	0.582229532681196
0.660837220786117	0.662860888959318	0.672402112150148	0.673910295160263	0.677500689337856	0.672574870001874	0.736751715536406
0.547778442223288	0.547013196543237	0.537253400165975	0.537033416334258	0.539372876359924	0.538591425072233	0.492020317175911
0.629206854718056	0.628533939266591	0.633446593764113	0.627654402581012	0.633093019622172	0.631440307631533	0.664923405195779
0.454140692716582	0.459714959297088	0.463260466633044	0.441038892328715	0.45695240752548	0.455595132313972	0.287288207975488
0.541044537328347	0.536411848699358	0.531028046590465	0.525362975256064	0.525680267707384	0.527155607125993	0.463426447146603
0.562463242375242	0.561178612626721	0.560943900176987	0.554825690181003	0.55301783688516	0.553541997302359	0.515477642769181
0.474040554728041	0.474066198339399	0.465389236708097	0.456803026629499	0.460216774189944	0.457689115976019	0.350741458035786
0.46463056323969	0.465548871916127	0.464487999320496	0.450553669161938	0.453428169779195	0.456490871431209	0.324360301825931
0.503826897161141	0.503393645591493	0.495239570041996	0.488438999961015	0.489855419166758	0.485625633239507	0.385777569817678
0.613966883551573	0.619212227402546	0.618703412631054	0.618226662785246	0.618962753847997	0.618759464059232	0.632220066512396
0.640830810901373	0.638792302463888	0.645277096465873	0.644524856415295	0.646139770045434	0.64806580358517	0.686479698749539
0.518942069968949	0.518866635914866	0.506149998053465	0.503564682792659	0.503980906936223	0.503479535532472	0.430205173642584
0.692598711803895	0.687547846213749	0.701235429820268	0.710954581909922	0.703186224344347	0.704542905050921	0.783751778986807
0.554318790546727	0.553377993350023	0.543926716664205	0.543228888725505	0.54611118829691	0.545435265205149	0.502033668058189
0.116087260442426	0.119639677710393	0.270144151656298	0.177022414661811	0.202184736022729	0.202126015084816	-0.00735710400621623
0.433012842873603	0.425175452265317	0.430310655130326	0.413088242885695	0.418813693699154	0.418214177907182	0.263509101132972
0.542050819261442	0.543093485995716	0.533713323438945	0.528563715388149	0.531145285879849	0.531267503727208	0.474889097502872
0.56010362875209	0.561083683548408	0.554535891883534	0.555844074860719	0.55413321223261	0.554629607048128	0.532007725497285
0.670120417069932	0.672249514850436	0.681562938717029	0.682675157307278	0.679812273375871	0.683445510039633	0.739180988014269
0.513014043228763	0.510061685173784	0.498852300920761	0.497199090038213	0.496461521058445	0.499901740025188	0.420697000009693
0.528815925045821	0.528886917980549	0.520149762678826	0.508839396111863	0.520008250368002	0.522575390555589	0.444617762292792
0.176578573726637	0.178323620306187	0.289387293034415	0.207221778635892	0.232215711083381	0.232012913012378	0.0464111045619075
0.578719687073651	0.582532711746223	0.577987348613445	0.574735393779894	0.575425119941349	0.577257445281633	0.555826769105084
0.574859941638093	0.57268274316647	0.567917984719676	0.565259177183889	0.567705111026175	0.569773361691133	0.534326724674855
0.492512631753663	0.491227708080085	0.478662288625786	0.470165069097732	0.477681954330764	0.478510020629221	0.367166946168942
0.0147331130208924	0.0132901443928366	0.210219100098277	0.0883919793533705	0.117341123839867	0.117545554548942	-0.0617252273010969
0.671021185989232	0.670685197308897	0.677372722933626	0.677928251877261	0.679024800919261	0.675999801644268	0.737586384138808
0.488632239155212	0.485605347624016	0.479209838510774	0.464535407903797	0.476650591054691	0.474532577302223	0.365500739970602
0.566103853712651	0.56850983141594	0.563513129801071	0.562936268411235	0.561551362185023	0.56125719698903	0.538740420317834
0.57670201741991	0.575783586141872	0.574738290713458	0.567587189647483	0.569628009480045	0.574346094429084	0.547214525470854
0.623959855322434	0.62362298979789	0.628858343278675	0.627470301663972	0.630286563224287	0.62723533661314	0.653326622394964
0.479694482802671	0.479806170780501	0.465406026070216	0.459424571650737	0.461067698922099	0.460650219160638	0.362462909572969
0.631047085571305	0.629434616396163	0.635357750847794	0.635706046969201	0.634417460579385	0.63541876443594	0.656489594042514
0.792477470719057	0.79405132439363	0.802399589321362	0.819596568557824	0.814707561969998	0.812775750430477	0.934453083305049
0.539815431001018	0.541414332276923	0.529319452030818	0.530355958197637	0.532585714728698	0.532774788567928	0.492696339154302
0.608992970464808	0.612859057253524	0.612859588747919	0.613353492422867	0.611728156218863	0.613694814516287	0.624297850801021
0.682018340586934	0.68376261518998	0.692382376625649	0.699185928459155	0.697776850223569	0.695453007408083	0.772184221751516
0.271691520327686	0.271322525336936	0.330745544120317	0.280258366070907	0.298172933986504	0.294217606743257	0.103314819040884
0.493706315802714	0.492718661365389	0.477545793515244	0.469457488508799	0.477354241811919	0.475065804956484	0.401916112701812
0.501636273312137	0.50032234632607	0.49578051854994	0.486665575693769	0.490700568785234	0.490078252692329	0.393298342747314
0.609576574245632	0.610328135931837	0.612777308886647	0.610749789632363	0.613858968280738	0.614685503642593	0.620183861583239
0.584601975199314	0.584055065094287	0.580337203726101	0.581554796706821	0.57906827469674	0.579849534190802	0.567420298831551
0.451791587181534	0.449644637855263	0.448438384259613	0.430741185450529	0.442847796629114	0.441940030883383	0.296562164263706
0.430914616574806	0.429636927994214	0.430991905015518	0.412733562113413	0.42322121745636	0.418875941526074	0.266103671230003
0.037675769329581	0.044363712348534	0.22657298447399	0.116323398658108	0.143138415501711	0.140751843250259	-0.0431122378195865
0.473347930227154	0.475749304835773	0.465954821754415	0.452035796759914	0.454363826022832	0.459169452971808	0.335694827920814
0.382712746222746	0.380210819765685	0.392215004622496	0.362044725588475	0.371401281964459	0.372941031064969	0.206867310533575
0.0529494384804298	0.0518208521276256	0.254442687177429	0.13546798654152	0.165710840848615	0.170355396939544	-0.0603902624449383
0.562443230790357	0.56304195843135	0.553192332618971	0.557658811046185	0.556164935963692	0.557130364431462	0.528431867516342
0.300466073077627	0.303138693235198	0.340051517042908	0.293689128970463	0.309538743124156	0.305639025550668	0.143922440135809
0.397691862914509	0.396655677692956	0.401693984576868	0.382725683218574	0.386450096213423	0.385480343322617	0.234588213292477
0.418069186086587	0.417096315282501	0.411227686530819	0.393793076091043	0.400596505902737	0.405455028790605	0.276588033382974
0.475423975304348	0.476683706938398	0.462475655644254	0.44924409789765	0.459965062817717	0.459198903642325	0.355182775217527
0.552381562164317	0.553202246275886	0.544291207539566	0.540750219818419	0.542531453313082	0.542500860054997	0.501026385716609
0.327023151041964	0.329067397701519	0.381422044048664	0.33048740747126	0.349443352193383	0.346391042889424	0.116293437394987
0.617143458780455	0.620383159451269	0.617972285231595	0.620882401201425	0.623017922251531	0.619333243982884	0.638522276590572
0.498403770951257	0.498105454321135	0.490330123538691	0.478867414662606	0.485962082741995	0.487292299149769	0.379679217687074
0.476757980046489	0.477519127941382	0.46859644215013	0.456828355680515	0.462943526119593	0.461009965776421	0.358496201163431
0.267416444499525	0.255532284299356	0.323511453987148	0.270607093331688	0.289027700935361	0.287859758993757	0.102139582799376
0.668401277137051	0.667427577234434	0.680566979834767	0.681869268242775	0.674977246879779	0.679778345250439	0.745014268170414
0.461023192266574	0.457166592136856	0.453244802875039	0.438998286007821	0.449085704431496	0.447722490523027	0.305709410930583
0.610748555592994	0.61035362017754	0.613777995289069	0.614303522243686	0.614474553590487	0.619459320520634	0.62523326457903
0.613427683651377	0.614875983323606	0.616228402041903	0.614551205890921	0.614706319922067	0.614327858272746	0.626996275736607
0.564341020030757	0.563946636992779	0.555874351816495	0.556973528787667	0.558344822129939	0.554892882996302	0.531673125811932
0.460254242993583	0.464649125180855	0.4515243380752	0.437867233269017	0.445881562967945	0.445484643213192	0.335094095399906
0.445217878957777	0.45100318663724	0.439786190733722	0.4272977802518	0.433001318624212	0.432517466604917	0.317449479647784
0.320300504868116	0.3236407447651	0.352288511066106	0.309767225880118	0.327413027678963	0.325436901698914	0.150975873133336
0.55477654251937	0.55542088221628	0.551444322171029	0.543077354564969	0.54864232557244	0.547710560706195	0.499520291615641
0.481444638271336	0.476136625603383	0.466800425870433	0.459861887650482	0.463526544288985	0.465470544975278	0.352520199966363
0.617891516561261	0.622954248103159	0.624507232544226	0.624784690940557	0.623511095570688	0.623142115538007	0.647082446742118
0.421951602502275	0.418483536360934	0.418235035456113	0.399283946193704	0.410080182498396	0.40840888927669	0.268089310278371
0.511562582117299	0.510303829359139	0.503640740628315	0.498559020733004	0.499526685534822	0.493860196509119	0.403165484326327
0.435621092437352	0.433642579989066	0.429660760434792	0.408836608781651	0.422319290170738	0.420939609482999	0.282849798956129
0.546412895799105	0.549453673192208	0.537067844038462	0.535039172611919	0.538022866693197	0.539203678252486	0.49625450184341
0.652422590868578	0.653549128541879	0.663209470291023	0.662690870626354	0.661576502297731	0.662690129154064	0.711330070457694
0.645030381220519	0.648111023092313	0.650742440612591	0.657527950374244	0.652591390104333	0.654214858561931	0.699969778502583
0.548332308637836	0.551881672372406	0.542342106531266	0.538471849179379	0.543001690359872	0.543773679443704	0.497634356749269
0.592228795919638	0.592459134453385	0.590307382457697	0.591581225874127	0.591962146646943	0.591005428845209	0.586394098562845
0.520839109104191	0.521894682847015	0.511106679456261	0.504608348781521	0.508703367357524	0.507956065658559	0.454040886719368
0.689443246051712	0.691051217475376	0.702621862021329	0.705583528695206	0.703110099603198	0.707721974808922	0.78656957679971
0.52763087472828	0.522379252886539	0.521766378203439	0.505957466108139	0.516251868996875	0.511416785310675	0.408086062241625
0.522427678989398	0.522027160238581	0.516279544272726	0.506881684557719	0.511046152745753	0.511640225911754	0.429427474398156
0.661077490023446	0.660852004899023	0.67028355134385	0.670128543715233	0.672692352024134	0.669061063806977	0.715099324666866
0.535505732700901	0.536554056721053	0.526577563243436	0.524105529460774	0.523810685408972	0.528789453696914	0.467870858533798
0.565385980413488	0.56446767737562	0.558319921787063	0.560815427375838	0.562165810125823	0.558909814668662	0.530810595064407
0.636023624087449	0.63820953783655	0.644636648116014	0.647375936180828	0.643765381159129	0.641312164039525	0.688105279129733
0.702589184272517	0.704631725978259	0.713456134361643	0.726453350232201	0.717938711801411	0.716339242224768	0.812431715569819
0.507437859094184	0.504891856092972	0.500604262846788	0.489337747768803	0.493533079446523	0.49493284507794	0.409385002860865
0.537630390441529	0.54020337178785	0.52777889827946	0.529001544799305	0.527623424246052	0.530107524620974	0.486547226182956
0.556604170383952	0.555598048456388	0.547067673880421	0.548697588885317	0.551920840755527	0.551186023900996	0.509308523247349
0.58400727710456	0.582618466638213	0.580992449258935	0.577755183524611	0.579823841079165	0.58011216710438	0.56161691156214
0.451301253040624	0.452050250052064	0.440123834806306	0.434171651149414	0.43284611757161	0.438479943001426	0.335133726336755
0.507302983201551	0.503224556417495	0.500657911982944	0.490008110478832	0.494942213760461	0.491875592886458	0.368398471746675
0.49634971891621	0.497113061672771	0.485340220489953	0.475908747297359	0.479912080508211	0.479912100036214	0.374350173819975
0.530824937026562	0.534143128493772	0.529946171416387	0.525437388804667	0.519980116756521	0.527101762904435	0.448812150727376
0.573440987826419	0.574412526866249	0.565617020784228	0.568250621729355	0.574731281902931	0.571919274744492	0.550630102771502
0.490777336463983	0.48823825962804	0.476222919391588	0.465948168929005	0.473577118182722	0.472214848660198	0.390420863580101
0.579533725965282	0.576551823191779	0.575576390032602	0.576461408004114	0.573807500732711	0.576002074505163	0.553557211070591
0.568511829330785	0.573179401205819	0.567561603498292	0.565275404743942	0.564057956824749	0.566100186154031	0.53971397969551
0.444772131842775	0.444529216094157	0.441362324689677	0.419309453663617	0.431967141200543	0.431773411815076	0.279425471262855
0.626623130177163	0.624055972805491	0.629272998363006	0.629193512234939	0.631674714869498	0.627800293056675	0.655805961376069
0.7077371260151	0.710706613580123	0.715822868521947	0.733235273757171	0.723596593355786	0.726645574169572	0.840214555783576
0.621010812048815	0.618378772296277	0.625930918146061	0.62755693221031	0.625696522906931	0.627473711196879	0.64719934628904
0.250865647992003	0.25693370976811	0.335695917313921	0.265666745010767	0.293582837704653	0.289504390496644	0.0724579809601688
0.596614265725979	0.597016274042149	0.594063763652636	0.592644200476346	0.594680203377551	0.597274659891074	0.591327974860824
0.541836012224372	0.54184032286759	0.535269938748715	0.525852492673117	0.528286599600477	0.526659371426087	0.460774043905304
0.31701037649621	0.312188694384522	0.33716530732633	0.303098621109726	0.314769216618198	0.313248959064553	0.179027785598135
0.232074251448714	0.231927544494083	0.301989875337807	0.241988340554588	0.261467455681077	0.260246768446	0.0892075469308282
0.29486296454702	0.290418959308234	0.338683740804407	0.28943487663163	0.31086500832252	0.307467791218942	0.124847848512681
0.451171924340032	0.449245367815533	0.445914536416187	0.428838724105725	0.435268968319479	0.436644882994408	0.309067513403858
0.553425568716414	0.553417728120885	0.545355622782164	0.542197638753779	0.547875447747974	0.548942092059231	0.498955414587587
0.70083980895355	0.697757194706251	0.70829646617457	0.71876339883047	0.707134206725146	0.713834009847101	0.80089761852421
0.286518390668432	0.29088208005248	0.340169990887583	0.286860501101755	0.303881732109514	0.308168176756592	0.116519544090125
0.618475620284958	0.617639977930959	0.618369719667473	0.622912016357612	0.623673889131802	0.619913414459547	0.638971007707667
0.608870378410071	0.611088636483496	0.613148366518744	0.611492658154766	0.610961641305927	0.609332428594543	0.619360340426532
0.524063609406663	0.522496622772021	0.514699826504744	0.506492963849169	0.510524021249039	0.511826008023193	0.428203423488764
0.356280495138739	0.354915247320871	0.376680493147415	0.344118129421678	0.358553546942619	0.359155694719162	0.1795663723122
0.561964284723393	0.56604686352721	0.55759633613488	0.553126803310535	0.558030945439059	0.557346648837414	0.510766934627807
0.534008479786668	0.535872863366439	0.527346326321064	0.521750110543139	0.525448037310039	0.527923569881272	0.456827605894494
0.609347568126035	0.604602772870003	0.608191537452932	0.604462229480039	0.606920119772641	0.606925200211033	0.612783977877135
0.522614694039487	0.520609800525611	0.517380593959827	0.512040055452386	0.513560537642657	0.514128312354218	0.422859528991009
0.41038088145823	0.410587127006485	0.413437925592388	0.386616741640866	0.396670209206512	0.399719138471133	0.243133005199988
0.578399695203149	0.573174131402065	0.569028387510181	0.572883585035471	0.572729970633185	0.570308094982576	0.542099385499279
0.92732241078448	0.932454293110998	0.869112460581431	0.921370894273832	0.904829851241645	0.903084222804618	1.10039262296745
0.546131079610668	0.543731660336012	0.537675177852131	0.537177972983664	0.540561008992331	0.535468771010287	0.49807888080207
0.485055855676981	0.487847912013648	0.473687316460926	0.466458867123742	0.469501507589675	0.475841198375806	0.365846817269725
0.534605463955452	0.536609098058071	0.528083808527299	0.522229768338955	0.527438496972985	0.522603340706356	0.444039547714859
0.663688513121821	0.660922122018629	0.673730674576746	0.675822930299383	0.674521879385986	0.671546602996759	0.741194722390393
0.473926563552008	0.473963248587891	0.454234583681628	0.450634136113532	0.45307238947552	0.454144018207267	0.364614775738762
0.571487156746475	0.572272342164202	0.566407390822103	0.567445253908736	0.568802298437362	0.569900979186389	0.545076211820707
0.632373945329009	0.631229427333775	0.637187415177793	0.638251596108277	0.635084499299505	0.633646491744769	0.676127454066952
0.648084687134754	0.645569374309785	0.65716394537067	0.653638567595941	0.657753256408062	0.660108587470457	0.701430992673459
0.617282997200524	0.612984067018314	0.618670704406485	0.618070928281373	0.615183487628008	0.614243883571131	0.636884480473806
0.214091798166985	0.213547828882944	0.332662534872713	0.248197430511342	0.278815961375302	0.273770237038122	0.0155425750161035
0.683208649042008	0.68067278208458	0.695516905962261	0.702005323766515	0.697974440687571	0.696620210864953	0.774573151734188
0.64686002726926	0.650248927007103	0.65404013698273	0.661523875555921	0.65548654562373	0.656508982835893	0.702471722127021
0.522260115684764	0.523734000332356	0.517798611622864	0.509211904617177	0.51384099273358	0.51424591916983	0.447910897955747
0.55870398958036	0.555502814629979	0.547324593435242	0.547561643877822	0.548633820180631	0.5486852633304	0.506801351454778
0.591745478097156	0.590637551229464	0.59060032265334	0.58751995687751	0.591935410508455	0.59358618493353	0.581363454140205
0.487904542917808	0.489402228651784	0.481721446034621	0.470806753104862	0.474459311442694	0.477961116507872	0.366635943384475
0.583410844540286	0.583597324244145	0.578593856072738	0.580572535623056	0.580203463086081	0.577017341529468	0.562441467324639
0.464899707700514	0.467842842448291	0.456373788354449	0.445785808963745	0.449483565008676	0.449213912667163	0.325160846591182
0.558190835185677	0.55301363485287	0.54410857661471	0.541891128124594	0.545458252388854	0.546101234763454	0.500220632477545
0.768436479947013	0.762390056241492	0.76637019727685	0.791968405962569	0.777817036898179	0.777413311409947	0.939862837999146
0.501820691789397	0.503075515631467	0.486679646322632	0.482557402793667	0.483405349866752	0.486975024483584	0.417292862520576
0.440970492091274	0.443403063943523	0.433280528194049	0.418247818578651	0.426895703861275	0.427110396104057	0.28346442945957
0.709648451594261	0.709487263322559	0.717954068321089	0.731564647118228	0.721293929950898	0.723992781322787	0.842031887181846
0.705929369082407	0.701865118242209	0.716843388308224	0.726179233567951	0.719161653610056	0.718068340666764	0.819235839927122
0.480181618643525	0.475653622133552	0.469898981390555	0.460514026033652	0.464597614845607	0.463422359758652	0.355906460564084
0.81171260452037	0.806940114406661	0.804912074027284	0.827653392258297	0.816427731710865	0.817204266845074	0.9714379088106
0.644534830467243	0.641752408034576	0.65312341608832	0.651505450028454	0.651173382633393	0.650843243778485	0.678481494239179
0.441750036470224	0.439632390581265	0.431166081593639	0.418579983009577	0.424744151496268	0.426548888221152	0.298961145711123
0.359740484128453	0.359843015389786	0.357069493137252	0.339680193420847	0.350089241011012	0.346826031085567	0.245452155654241
0.347244014176136	0.347903570077914	0.368031926946241	0.331702358729834	0.345239322041107	0.342346116568441	0.172233680776639
0.476810769259445	0.473397372304724	0.465130853992806	0.453992556452896	0.459356084695103	0.455915223224699	0.348722053860352
0.603488631267222	0.603412548427596	0.60257208162894	0.602112031293018	0.602068978387884	0.60276175493293	0.604386276926062
0.363693540662296	0.356601121323772	0.380679616955826	0.346549744000135	0.363222686545456	0.359046819046923	0.183457142812576
0.362219024056162	0.364785541833057	0.374828121408754	0.345284829500887	0.360235373283286	0.353883059196425	0.204484232458813
0.613636465920554	0.615238367958583	0.618007719849011	0.618749986162778	0.618950145519171	0.614568482529426	0.632335282333591
0.403415754955357	0.399399479418271	0.400620969710395	0.384924615281647	0.390456950766413	0.387126728788884	0.24414686142848
0.604842898359199	0.605301613667821	0.604939767473405	0.60630869500589	0.607471873839033	0.607704808726822	0.611249821229858
0.64457578923206	0.641999504311769	0.652177514884722	0.651813396999649	0.652804537209362	0.648443188450589	0.69816703694296
0.286916993253133	0.288848189222437	0.340711657202468	0.287977383250541	0.309808371134259	0.312116780104396	0.113256761736566
0.647993945675087	0.644339116441732	0.654176714820129	0.657241496966142	0.65709378407284	0.653086837028497	0.694103567158166
0.724801064248336	0.725987386550764	0.738958321139386	0.747713719821652	0.740985515954507	0.744692389603355	0.833428702862836
0.529990826037556	0.528064267109065	0.521837460696126	0.515480096179854	0.517054764616452	0.517806747755235	0.449298680365653
0.421953016562693	0.418626487457896	0.430081867730375	0.404523910579401	0.414558902657165	0.417759218348337	0.241056547072546
-0.267374115641303	-0.26583408007306	0.1402341089582	-0.127514562213302	-0.0872930375565899	-0.0880577824942545	-0.296202919205697
0.425712566695884	0.428244037420796	0.42196454508082	0.410458931996096	0.410566441582084	0.414167110797898	0.291483403346647
0.714632888717462	0.713711279008769	0.729233504572968	0.735171952018276	0.726311461760149	0.72531288730673	0.824865438673634
0.612136662774955	0.61714215672425	0.618181047036677	0.619370166082893	0.616537711343032	0.617548914513049	0.629903029403019
0.432800559180571	0.432875078120554	0.420278164017395	0.409193997399594	0.415540647306321	0.414601140618079	0.304917371789592
0.158848845789198	0.156561379989202	0.311998069243767	0.214436181837117	0.24854718978028	0.241609303297617	-0.00387600137512603
0.511826163877636	0.511382626978362	0.499175924610798	0.493600055488274	0.496269932414846	0.496781027178366	0.412659409303823
0.186362512392873	0.18761424682744	0.308133514418401	0.230316280666586	0.253856956026388	0.256561847129069	0.0170488143042825
0.570340800909281	0.571957496429227	0.569707267153661	0.565935697135393	0.569912986759695	0.570136099203945	0.535695484726309
0.604440571818783	0.605744640390434	0.605862343956034	0.603869028551432	0.605305159166537	0.601831714235863	0.610434885920254
0.729835466945796	0.724575709961109	0.732337545215711	0.749278129959226	0.743435006052869	0.73906752223749	0.870510327613149
0.399917893570027	0.403655186722115	0.397558183882053	0.380197534674324	0.39105645289518	0.390461939771869	0.276730893867996
0.671143148079355	0.673140960238688	0.682917674571318	0.693159143162333	0.685726232208412	0.685847910342263	0.76027749471139
0.41708181609073	0.418959280915919	0.411053714134057	0.389083578625173	0.400032729152857	0.397779723321574	0.269693511946556
0.443273923299781	0.446029326832375	0.446508020682588	0.424566064477409	0.436798300123654	0.436621676003015	0.285920380316682
0.452036603183657	0.449075820009648	0.445485818727109	0.429193398558619	0.440064782085343	0.436048685217467	0.287097573315756
0.533021692442633	0.532891772943264	0.529693624117001	0.51900248322726	0.523972112696074	0.527654973035595	0.445624176422747
0.34776271659491	0.344191915159515	0.361648216696659	0.331332937865572	0.341723178577862	0.339844288860508	0.182792471460689
0.450065345809263	0.443905787675741	0.443373011464315	0.432510155320602	0.437216711487852	0.433836778656835	0.296564270094399
0.531878652986219	0.53237717857814	0.517168156792578	0.518274262786068	0.518334004567755	0.519410267298899	0.465685742137594
0.447422764170067	0.451438715905013	0.446778082577619	0.43097448275929	0.435449112394302	0.442700936562999	0.297182121420726
0.386132610428741	0.387438852437666	0.396255386382627	0.372120683359958	0.383313759216137	0.380884931444698	0.223620757164102
0.549458070307048	0.549674249942621	0.539604123361181	0.538478041197398	0.540112623346436	0.54087783098659	0.489491960324467
0.54331554083041	0.54036314524335	0.533860280483474	0.527767698323761	0.532825938679001	0.533702354717568	0.471337865626273
0.441168091915813	0.446609635574855	0.44059887044804	0.424698508350774	0.434600785687947	0.434957060185552	0.293049342274864
0.535798805860374	0.537354055278577	0.526983487210056	0.522815366269031	0.522567331704331	0.523288931615573	0.470382908937877
0.57341887896667	0.575554290920176	0.576346726583956	0.570512932096441	0.572619174906635	0.574339250131807	0.543793319734751
0.342982184233106	0.334895652099495	0.364177325381244	0.327863393410195	0.340974120243035	0.34287085616813	0.176885482974731
0.216530490726334	0.230562993088728	0.326508479934576	0.253812122739125	0.27468742399199	0.274645788057591	0.0431613816697241
0.432635874920325	0.429325613410544	0.448004840373103	0.421750104462227	0.433578071403729	0.434394445094791	0.234475397132361
0.482836292500815	0.484045214462403	0.475541470415841	0.464830475136154	0.46980423576414	0.467846720559331	0.356645828684302
0.522122932226014	0.52022752718896	0.507160717079325	0.503757657734697	0.507602952439812	0.504978506063307	0.430286826494943
0.220465368896364	0.222099947125188	0.317250479902639	0.24335080836493	0.27020260884672	0.275810554216643	0.0494338438661148
0.576434608489173	0.576484781784729	0.574574278740207	0.569634184501929	0.5758326439761	0.574468355475247	0.548272635499152
0.549183648075603	0.547487670770374	0.543777151690632	0.535963346397516	0.538423254619471	0.540641098805157	0.487539347060039
0.469232444105358	0.465016503052982	0.45971883749206	0.446442383689687	0.452895459246913	0.451720560366616	0.337235931669424
0.518111044258874	0.518709535773106	0.506773051863041	0.503864085544832	0.5087613499883	0.505665411770108	0.432353935958734
0.597277104779353	0.597643558263959	0.598361677809259	0.597083100529061	0.596696790103947	0.595005453102846	0.594390456378125
0.574304342544022	0.574552104520702	0.569003548450787	0.568824994600207	0.568091950485901	0.572186051198311	0.553633580509517
0.569515832133671	0.572822468622261	0.569419794342075	0.567752454954581	0.566895519385729	0.565996820434786	0.539611074896759
0.590399747859107	0.58765273879464	0.586677570217189	0.585945356880058	0.587316875082198	0.587728466494308	0.576063989964827
0.641397045627017	0.640841998589952	0.64596931277112	0.648338052873293	0.646357957881727	0.647239304674122	0.692314635692738
0.405317508097137	0.403984978075333	0.4096205496148	0.386219624595115	0.395879703780537	0.396482534911979	0.237667544776529
0.500373541324452	0.503173775861889	0.488026473657816	0.479322213718184	0.48765112440673	0.487086231839316	0.39952565396843
0.703920862843766	0.704916649360394	0.72210606282139	0.721620675037726	0.720381002984348	0.720038080166287	0.784785719211177
0.594279239484687	0.598324948061099	0.597033100008145	0.596932176805926	0.596258572535544	0.596699452523995	0.593096263447242
0.538276874574112	0.536339924942761	0.531556738113311	0.52273167488009	0.530440596654778	0.527020240197	0.453923949805775
0.428914501441181	0.425516984332503	0.418003123806897	0.403799209883018	0.409721834372168	0.411814386698757	0.284916770253073
0.593684258225361	0.596436755521236	0.595947015244243	0.591160140967616	0.595988295373874	0.59239891342041	0.592059475468871
0.400665400924784	0.4007459829205	0.399290596490702	0.380744290951938	0.388407797568169	0.385258997071037	0.246484178471725
0.590031428816176	0.587673020162352	0.585753303780596	0.588946969175389	0.58947709770847	0.586260482231348	0.576741062403707
0.577589599430828	0.580545000207226	0.576683346451313	0.576625372024935	0.57836436829762	0.574296519741136	0.557895554595392
0.553672898306261	0.553930941563734	0.550052323370095	0.545197659594396	0.54505236686807	0.544617242481713	0.501176281085386
0.486054304843135	0.489433517815083	0.471252568933022	0.469819518199526	0.469693139656667	0.472406034532281	0.388580217114436
0.607763397579329	0.606434755501016	0.610326364796769	0.611866120055417	0.608545262249113	0.613281536739885	0.617645511048795
0.52317563484909	0.522813786496869	0.505695854235617	0.503609099086536	0.508941092096679	0.507989070146685	0.44041894400864
0.62022288741235	0.616044324296364	0.619322479142074	0.61874179358837	0.618506498382823	0.618434457102817	0.639486714473088
0.582960607141809	0.584045126605205	0.58006606438974	0.573172099392504	0.57653135719394	0.576367486280876	0.560299301164635
0.460625013040335	0.464676831365874	0.449821281686212	0.441200558638308	0.44773514504127	0.447477009333541	0.338536775675893
0.61210045543541	0.613509339862206	0.614243587539449	0.618663425805358	0.615218485875528	0.615310426298417	0.629124580524966
0.650266553424818	0.650032433724031	0.658675732422553	0.65648686516378	0.660530787700665	0.657299759210161	0.701220731137709
0.627574097557556	0.62622936408081	0.629979529776548	0.630871636740844	0.629362505250676	0.626789862036085	0.665750524908883
0.640326442409173	0.641661920869747	0.64678974562303	0.649809351308976	0.646754434750643	0.646525447662783	0.683659194063367
0.465509223469786	0.463708976468647	0.454794440772719	0.442369508723534	0.449781557639193	0.448392105352205	0.323588881076275
0.462690559672036	0.464147430539891	0.453264306996017	0.437311049686778	0.445993038953332	0.450445045442342	0.337156325556705
0.509909674180303	0.51032507973114	0.497928667646898	0.493699185903521	0.497152350088765	0.499011931986134	0.422792608973287
0.750821776110828	0.746309914120378	0.759089451263336	0.773769451509066	0.76509024124411	0.765315955219184	0.886465174623265
0.431573705037045	0.427615271579611	0.424865296017193	0.408448665303399	0.414255941227002	0.413001391664371	0.284270843742819
0.610554420823857	0.609224391729373	0.612618069729806	0.613675044513936	0.614331037284274	0.609844881131235	0.622082996294563
0.572439927387136	0.57140688411647	0.569378442758642	0.566085375112381	0.564155348712746	0.570132117874856	0.537681117712612
0.472225788446133	0.469624873230923	0.466298255035869	0.451719158843428	0.462161252436537	0.460866579324366	0.327503010968237
0.407821571138352	0.409992507962368	0.412992771721498	0.389538597097996	0.403914063422392	0.400587347742938	0.238479658369859
0.375122031313252	0.381578227306405	0.382153676277816	0.361017323659807	0.367626449231812	0.365075519687842	0.219800095026134
0.485193521288409	0.489844575383086	0.475777908443076	0.467293436130251	0.472323473377018	0.473451395584019	0.382929445696894
0.118277587310678	0.115311201392523	0.280813553982565	0.174666577387283	0.20746813034202	0.2061129144248	-0.0246410782385912
0.565323583547731	0.567647872277835	0.55548718634398	0.554383854644314	0.561085119124959	0.559220775480192	0.523173318875439
0.445262180428654	0.445318131923391	0.432652558115984	0.423808305133172	0.428307319422685	0.43100530086882	0.327520099443707
0.294656089371282	0.294220657252927	0.345304304808186	0.292007271407903	0.312375033992461	0.309756514390271	0.118973832779496
0.492397471468055	0.496946213636479	0.481537205403351	0.474950595288698	0.473216781566771	0.480943049601602	0.386746452033868
0.603393816292596	0.6042683648553	0.604577075640693	0.604897539564071	0.604358687559516	0.604393014797236	0.607596640977618
0.609381190296371	0.610815586412253	0.615709391307963	0.609496580606031	0.609804597927822	0.612806610814396	0.621418369433583
0.440041671834491	0.438255835062063	0.438591832218012	0.416052226711883	0.424442519168571	0.429821151187961	0.274657221350802
0.600272144049633	0.602975699978766	0.601484773843148	0.604763529582255	0.596867333812891	0.601717960706524	0.605259500783999
0.639788181668141	0.637418292699527	0.64138017160062	0.642425566335731	0.639671685270408	0.641071566005845	0.679672224746137
0.606138202383906	0.604575449854057	0.608100124781834	0.607428625259598	0.603447120379788	0.606555168613711	0.611188889043229
0.389313894374427	0.38915852112854	0.39218772373894	0.370762719200249	0.378068284740409	0.381424141331463	0.232065804151745
0.327707274454835	0.323262740145766	0.346832174739062	0.313264408761684	0.32879108165727	0.324152625035012	0.17077931777419
0.428933053166833	0.430182659898657	0.419215936857891	0.403879858199539	0.413441954595626	0.41154201148173	0.306135540882389
0.582169567171168	0.584928101935034	0.577374294133257	0.578154644691826	0.580559268080553	0.583158370156738	0.562237489428247
0.600567581060385	0.601978707994078	0.59916027643777	0.600087361751162	0.597420062466367	0.603862346758296	0.60146029535632
0.433922121991658	0.4314095220624	0.427692411413391	0.412992002664716	0.422586528578644	0.419589374698398	0.290986859679538
-0.10603016722206	-0.102407000189654	0.188193496546027	0.00956646421725347	0.0445932952384268	0.0442936453697695	-0.161348619587998
0.548292373573046	0.549853196499019	0.541476514977581	0.538780758854071	0.542674028828367	0.544580974453363	0.500227578631613
0.616351920407667	0.617245344082611	0.62150309228457	0.618999223284984	0.622073461169049	0.622603699671365	0.636462935898612
0.47536630267683	0.478056993999079	0.463442497871132	0.458559599895607	0.460184185145152	0.457942311114231	0.366578519762726
0.605086715908102	0.60468144005891	0.603102826145428	0.604119397782195	0.604298452181805	0.604492321093836	0.608924377345845
0.645984859973101	0.645706358025167	0.654082940049262	0.656632635729106	0.651543380953613	0.653902754852367	0.695004450594458
0.507808392292668	0.506119164093499	0.49092188702305	0.490680421773281	0.49316561178227	0.491360849689612	0.420250548758907
0.615916477439978	0.614801493665814	0.615146319022657	0.616863245664223	0.616162072190749	0.616457294574772	0.628893171487161
0.61327134441308	0.616046447027568	0.620958033301555	0.616776211652918	0.619124814574065	0.618301421630761	0.634141293915211
0.4667010714338	0.466004499877088	0.449466712479931	0.440996850949811	0.446082932216252	0.446049448810508	0.346009612368585
0.526195078131692	0.52601749561669	0.516976564845108	0.510410543446815	0.513430361154402	0.515192662795139	0.451727358075919
0.383871990693365	0.38658780740055	0.385592279841067	0.36211471854084	0.374491347654879	0.370172669729973	0.248954492319754
0.726446477688923	0.722499343024478	0.731660263643433	0.747044696768171	0.740686081235391	0.738903810129144	0.850539067161831
0.441724713695411	0.439407651723913	0.436945396784593	0.420619353017032	0.427695890774127	0.423664937444566	0.281362810019489
0.106463095616273	0.10629567252686	0.256133409060045	0.160263554972355	0.185905207605041	0.185366668004173	-0.0100283678031823
0.518319210492279	0.517804792829305	0.508563018994059	0.501940088558511	0.506422138973045	0.506102710462507	0.438821051726788
0.672552558800772	0.674588698610492	0.682960993234012	0.689669566108888	0.681863454921935	0.682536485480123	0.76202676139563
0.492683776796897	0.492862562545199	0.485662645780027	0.473673008160768	0.475378709244296	0.48097286117319	0.385365030651292
0.492269002381801	0.495887975100777	0.490834180484374	0.476541991376639	0.487751809983183	0.484308643420279	0.363241084126404
0.635596413257183	0.640803301644362	0.644666008443946	0.643490866653686	0.644301033879245	0.645062144470752	0.687937104182866
0.52483627090478	0.525664916573577	0.512558104284055	0.508397108158765	0.512959196974663	0.512251090240793	0.454008622886333
0.501126102595921	0.502284962671331	0.490787701718351	0.479773519417973	0.485840976253294	0.488963936079371	0.388865752439772
0.475519353532242	0.475907404910136	0.461680012970593	0.454726821155762	0.460568030498948	0.460031124913528	0.35986171544709
0.50778219291515	0.50816101909571	0.495957503406622	0.491658032939441	0.495838411845576	0.493385462261147	0.405698231233992
0.613429149526533	0.614420968538082	0.617497728960979	0.617869373517483	0.61787266583871	0.617833211343511	0.629006840975876
0.562496179092091	0.565768074906886	0.558578438440303	0.554409018786965	0.556569948044918	0.558752859358379	0.52513176019586
0.551601034930033	0.554324599463123	0.543938200520376	0.541654149728045	0.545243404991635	0.544516134466515	0.508082162684867
0.29171598825318	0.290087878511796	0.33092702781569	0.286684739919964	0.303870703803861	0.300071209930186	0.142350641218664
0.637517970911449	0.633621585290125	0.640615620309383	0.64455569642172	0.64370726309074	0.639803407348564	0.685193472601602
0.682338789086106	0.684930424166433	0.693917458195701	0.701524685019756	0.69460116548005	0.697874207088201	0.776382459647355
0.461260931234661	0.459948957580816	0.45269798519359	0.438943954123021	0.445429610893302	0.445322346592984	0.317734517999274
0.541635004158839	0.543215361943798	0.534792737444725	0.530623120993799	0.532484503302107	0.53444694167861	0.471632331043377
0.534979502497086	0.535479670124956	0.525037706159932	0.520747871451651	0.525168624882956	0.523445726284491	0.475181156786126
0.623849840322025	0.625267386140368	0.626032423865656	0.627582584713774	0.629182709875469	0.62835339739579	0.655597281411632
0.407149256867091	0.408422606286519	0.403927875518646	0.386429588687026	0.394141867122966	0.394619223747452	0.252769913197
0.326943938051329	0.331625545897273	0.346278277122936	0.316999701600601	0.325146738002807	0.328890411267007	0.185314703838922
0.528848435075777	0.533103669102431	0.525666224698038	0.513512880821256	0.517101178290202	0.518695189912459	0.443989609432613
0.571426692102573	0.573118518626923	0.567889578305453	0.564026054139533	0.566828151338927	0.564679764880957	0.534529621321156
0.386640289706657	0.393637375838627	0.422692010744532	0.380795253390488	0.40366933226075	0.400423503628772	0.175445859812767
0.353784330158896	0.361755575068585	0.376178027204728	0.343147479150874	0.35573390149881	0.349966476155734	0.18807567566012
0.598028769577912	0.595293220532012	0.591303393688726	0.592837348057701	0.594600833848971	0.596010717250094	0.589447663732749
0.488099793543716	0.489524700464051	0.476902487821451	0.469526780007957	0.475891888428391	0.473979362274367	0.374145182210376
0.51968369486758	0.519787494056422	0.509237980662376	0.505108423374295	0.505528721299165	0.50724350641692	0.419123143504652
0.609518464127385	0.613474524559177	0.614703394789049	0.613522412329657	0.616567959829676	0.618459069326815	0.630050903412358
0.595736159481391	0.594797148980854	0.592798181510754	0.593221784617487	0.591757034342947	0.592698261258461	0.588149907021177
0.371393706184072	0.371193947837208	0.393007248963255	0.354625555940097	0.373535046411172	0.367123711147922	0.186714901108795
0.694792706069426	0.699193961203493	0.7070264716077	0.717099947168953	0.713039738027131	0.709930583164928	0.779758556310997
0.547419279659781	0.546701733426013	0.542703381993611	0.53685651490996	0.542031579034961	0.538827096947137	0.479890026760295
0.5070121857259	0.507063936413919	0.493589733666683	0.48815860048872	0.494199343114454	0.491989911287438	0.41832388825108
0.389692217144836	0.386827372990328	0.389856979852925	0.364890502748839	0.371491108813158	0.371433964243159	0.235218266908056
0.704026872340162	0.702713329105147	0.714664013383785	0.720429279318197	0.719610764403993	0.715821751402795	0.805049815294554
0.560849246084707	0.561607993542297	0.554444797437362	0.550499961733674	0.559984652814782	0.555848982498401	0.504568257715973
0.492011441247065	0.49454751445631	0.483127526505963	0.470514534583248	0.48278215773295	0.482479776342853	0.34926906237095
0.527954185617838	0.528494748677593	0.518918335360461	0.516831673395322	0.516859580970351	0.514125214980928	0.454019004235627
0.577349308899124	0.577733293454284	0.578191020429155	0.575788145464451	0.574166417671173	0.573998655967889	0.551193817420749
0.546311732348024	0.547035513355677	0.535308846979185	0.535248244281769	0.537117085996039	0.536241657610206	0.487274144116676
0.491430320412492	0.493785437700807	0.484379601411844	0.471792967573038	0.478548622871188	0.480321165143263	0.376204402196629
0.583090891448586	0.586719375016145	0.582301888635516	0.581477470044985	0.580866352110947	0.58371278737678	0.572984268547955
0.519947861435254	0.520070286471681	0.50835986587621	0.505676635331367	0.511091158987707	0.510328738140515	0.417330038988396
0.577827678841135	0.578106912424475	0.578705056950342	0.570392046601157	0.57406876683407	0.574149759344103	0.553918181417094
0.658849078546915	0.657336590355465	0.666057614195082	0.673845574998001	0.668023782656061	0.667174236904784	0.730528894940748
0.555339728547183	0.559197176196239	0.552332070968746	0.54800381778188	0.551174933532168	0.549731493985975	0.503933771151104
0.326931411810367	0.322900194612011	0.374855752829414	0.323026532800377	0.345229937392058	0.340865294215685	0.121718777156654
0.258612240829005	0.26059202224225	0.324199633358145	0.271901572612108	0.286213975357727	0.285782739564259	0.101101028125321
0.495214396471483	0.489343946408059	0.477844863478431	0.470371349216673	0.475350288571146	0.475516278848031	0.400412788494586
0.615486887810789	0.61422251871006	0.615660377859488	0.620211760660383	0.615789561575052	0.61405030621608	0.629524533136537
0.50853029030876	0.506644828495914	0.497026653886762	0.491751132181821	0.495947378532299	0.497511113496274	0.409776419013152
0.507149812715849	0.506975650438559	0.498605206645263	0.490772096108059	0.494719711801914	0.493816181611474	0.387425289873059
0.456441135113958	0.458945655017454	0.44976860126186	0.437485462272623	0.44337004693453	0.437749726049423	0.310970737574181
0.436716011265795	0.434033731863346	0.421704833102267	0.412895550499273	0.416372033831131	0.418428673858377	0.321705041417047
0.2232152365914	0.229431495779242	0.33573459648057	0.258613473447574	0.280604901247852	0.281219994021657	0.0361543028055479
0.490071500599496	0.493108456531566	0.477561060859818	0.473628517213721	0.477110525423602	0.478404287329895	0.381919278925165
0.679445114779822	0.679609225984534	0.682252177136329	0.693131252703094	0.692195750068284	0.68491068655003	0.784708011278638
0.56656007788157	0.562823321444089	0.55878596255959	0.556997298955089	0.562110230644094	0.56176266393538	0.529109654947642
0.526284973701261	0.530599918418716	0.516257445379916	0.513225604724212	0.514689892071066	0.51802336826422	0.446380735406907
0.482122884349081	0.478433237113027	0.482973830398109	0.466828848899992	0.472564899986109	0.474017385524734	0.336084636015467
0.54643584626873	0.544578718527011	0.535804817338396	0.534974253062936	0.539280370708568	0.53811258202498	0.488693874702544
0.57922162440822	0.575554230204389	0.570181429642621	0.572737317747237	0.571251100396867	0.56792630646338	0.549024241223583
0.43360298571214	0.437132044609973	0.424807414608128	0.413985479842868	0.418634776519642	0.41649311462286	0.284172105612339
0.445496799928328	0.446155155840787	0.456053343634671	0.427741252445283	0.439949066944781	0.437826401622915	0.256596336727745
0.769804961958157	0.769800663594674	0.766120572897936	0.78513364954361	0.782488802408479	0.786557101991568	0.933481108507616
0.800755788768319	0.798510695920512	0.79157726843584	0.817619580795555	0.805204586841694	0.806338394264233	0.966966717330023
0.419207533727996	0.417344445893156	0.417055244637343	0.392378956410159	0.406310950763821	0.404450299968016	0.257532502562992
0.502788714520425	0.50040766876167	0.500723105052463	0.488745451343848	0.492358106957266	0.496258167623829	0.385184519027671
0.523477357559992	0.524898102405592	0.515238494208083	0.50809886850306	0.507943722910684	0.512972939725012	0.421389678550739
0.661819221982314	0.662976077330497	0.672402925092189	0.675418753961502	0.670445606341399	0.675489628731995	0.726969591270114
0.571330499359495	0.57059989702945	0.56738454991535	0.564307508968518	0.566050176776087	0.566260986666001	0.544304437389109
0.387769366421135	0.385409752707636	0.381498681725987	0.367923848179152	0.37397292318342	0.372063492014054	0.250550366399759
0.703131210595683	0.704053617235684	0.713932812651819	0.72343705144685	0.715805502900643	0.718991478638141	0.820767296396575
0.473424748201219	0.475447203240327	0.460024024454408	0.452120733512177	0.458201168618255	0.454040790801403	0.369877535266233
0.364250850881548	0.360857277898387	0.361622498048277	0.34083207651393	0.347203223468634	0.35156724607756	0.233007483205129
0.553163996384476	0.55358521333873	0.542766298073956	0.541842473381863	0.541434845660638	0.545406627876867	0.493580617814926
0.561581107527171	0.563570269021556	0.554065599318887	0.554966839195936	0.557996430669375	0.556571227527569	0.525527380754256
0.595843803478376	0.591316333604436	0.59788892672909	0.596648927409041	0.595270398928107	0.595435273431625	0.59075445625604
0.540685666754836	0.537069828772859	0.526058254493747	0.528143261327755	0.531706841272283	0.530180168441669	0.479109209498594
0.542164096953513	0.539459393860622	0.536734620073618	0.529252560682341	0.534416625369802	0.533671803072685	0.486226993360231
0.150076659676751	0.152199618117513	0.301134387525628	0.205555128264153	0.235630729197028	0.233622715192025	-0.0127002067839467
0.377729597276725	0.384793443075808	0.410953356712452	0.374538634617163	0.391148023428825	0.381937927998243	0.161020347499017
0.700006222826035	0.696317216103503	0.712546850047548	0.718773432911204	0.715515328411017	0.714159474347563	0.803576986038561
0.730455395744063	0.731052362522246	0.746099309786953	0.754451319588444	0.751257884671491	0.752599264274481	0.833162951182381
0.553406069466737	0.560305185233076	0.548873583052418	0.544325102895462	0.549067289352176	0.549407104176488	0.505006591314906
0.487621058877812	0.492156978454131	0.482053397797774	0.46997214526054	0.47619763544686	0.475414121035596	0.364231958175505
0.549005100935904	0.54943226872086	0.538451128617717	0.539379032808495	0.54433419897827	0.544097475095498	0.482788134024441
0.756332445973391	0.758714443116928	0.748112695781113	0.774630272464901	0.767409672249988	0.763975995281433	0.941129289666
0.534929813236035	0.534964173783444	0.528515878234954	0.525049348007207	0.526061506314435	0.525194795656216	0.478525141892379
0.621265808769282	0.622231536150754	0.627813032653132	0.623701144978949	0.62496331871099	0.623810910032622	0.638506092733358
0.504095440618958	0.505660956685523	0.489599865944222	0.488739041941382	0.491755143564915	0.490141169791608	0.401236677322626
0.674419892644185	0.674453316890378	0.690993328160424	0.695192036741102	0.6886779974869	0.689870955530941	0.776014957100123
0.596162688466299	0.595922349487053	0.598432908526251	0.596993773406678	0.600758424287164	0.598368782900218	0.594122237873682
0.460157515917243	0.459903805907817	0.445801140196655	0.438572939676581	0.442287553583613	0.438971456260384	0.351234457261861
0.450922377575665	0.449713842352644	0.446140079064137	0.428514562251779	0.437959389940239	0.434272285047837	0.295363880928008
0.513587989858532	0.516531122976414	0.507090966209878	0.501421070538971	0.508645092361376	0.506842077476925	0.438223608234677
0.499199061058438	0.502237461976075	0.493051731662107	0.480681439452885	0.486340233756624	0.48468345019935	0.382079059513513
0.655602543437753	0.657210241426072	0.664392889734187	0.664279272357354	0.661442120043582	0.666398409871395	0.716608002040416
0.628574940234052	0.630264526934844	0.629471551876078	0.630152237055575	0.633754757149778	0.631451866965445	0.660538614852974
0.51413830876431	0.513176448408521	0.49897139686708	0.495687688118328	0.494858858275077	0.495131969253189	0.42264184235936
0.521041823578379	0.526025199173079	0.51282577286105	0.509589355525886	0.506959090299516	0.510680289534454	0.443190952141723
0.544521610702546	0.541300150242353	0.532202934427295	0.533188902885223	0.52978230426144	0.53301611590078	0.478791412756726
0.460299877243996	0.457242272687165	0.457455347168983	0.438250755123374	0.446479119652956	0.445778749493798	0.288197648910524
0.487459526353589	0.490670077334641	0.484565929721565	0.467576584529575	0.473169126623569	0.47257716295871	0.343330525057749
0.623145008173425	0.6193075808291	0.622917597463878	0.628405650485688	0.624546188034881	0.623074277353856	0.649900517781192
0.527947988580342	0.525663472596382	0.515488496792308	0.509614312255826	0.513341806439582	0.511647578869609	0.455632339870778
0.411168813020187	0.405842378469944	0.408154301795458	0.392321530198375	0.399054817324306	0.399643951267004	0.26073603427958
0.654119454936506	0.657351643622702	0.665580491924973	0.666693642884655	0.664295031289287	0.666624117704527	0.709277708486221
0.413162861641941	0.419887346492206	0.41903977113891	0.396011219794097	0.412009798353731	0.411468350676834	0.244957427090837
0.518475470768838	0.519513193440857	0.506838850164369	0.499638898462411	0.5076858066581	0.506860177631349	0.425238724072772
0.707866251662697	0.706557819767284	0.725050154435827	0.728880190803361	0.723818498388303	0.721911713681448	0.795414118409619
0.519473001345769	0.513731437110605	0.505522494883237	0.500587703598814	0.506694359354569	0.503995252582653	0.435939714087151
0.211534735704264	0.208855472944004	0.317483093569836	0.245298031857825	0.265749353384501	0.259942119385671	0.0338481686180934
0.440326997354401	0.443564497064381	0.438473799947788	0.418592797410926	0.429535256697862	0.424811346787912	0.291669304907162
0.5247068181584	0.523618577433459	0.516138174738156	0.512905205176987	0.514490185927954	0.512599341407397	0.434563122678121
0.59437900127723	0.593874719651842	0.593345482360326	0.589506150862101	0.590512711193592	0.590839687881843	0.581697075018246
0.410095567251248	0.408957165051495	0.404569729984328	0.385833555020868	0.394947349609502	0.398623569928207	0.267321639902749
0.635262730887506	0.634371054205705	0.642277067922095	0.638297524527614	0.639272195600238	0.639354783233711	0.675004536075532
0.381461393559002	0.385304112538342	0.404629934794984	0.366513668531745	0.383869987787473	0.384683674702932	0.203006692118194
0.565325718250299	0.568377355168816	0.563673730260036	0.55973702896099	0.562075323410736	0.558731654947461	0.52234484508022
0.671354893947075	0.669726946811495	0.676545914321437	0.680669082299826	0.682903484877868	0.681829855667291	0.770241869351116
0.476814202197378	0.480276448235121	0.470882778706565	0.458891813213969	0.464693665559178	0.465660043486363	0.34898087858879
0.425601335571035	0.426037336544369	0.426316956599135	0.407356635412779	0.415213962579725	0.416078253334779	0.261419966715389
0.643374871317582	0.637405083245945	0.646897956025656	0.646639179184377	0.645460223797161	0.646019587750424	0.692155095877918
0.587941814666136	0.589416562745616	0.589217172458301	0.583581299405998	0.586380787924871	0.586550537750118	0.578112211706411
0.540936583261885	0.541777602487558	0.533208345614695	0.525158746380332	0.530133097074795	0.531192042781199	0.469845383200129
0.545055191872631	0.546022105469357	0.534386523876648	0.534405895744827	0.537763471199344	0.533011885250969	0.480252486062261
0.576436681878483	0.578518297921354	0.574689860969797	0.574125933058372	0.571667755435692	0.573560352912595	0.555720068783862
0.603479786831118	0.602809640089385	0.607436976625007	0.601482114266454	0.605252555154619	0.605592757873956	0.606218671055132
1.09033101278598	1.0935409478934	0.943415166074714	1.0349626673666	1.01180059898287	1.01254896064719	1.20366586450468
0.700751566681176	0.701141704942544	0.714958551137326	0.717518643277586	0.715555106695739	0.717631419012324	0.784243439694541
0.647938766387414	0.646623397481864	0.654278869556639	0.657826943888585	0.654132607983804	0.652958748464691	0.70515593319739
0.569034119030299	0.568959329973974	0.560248636325824	0.561123311860974	0.560594093592579	0.561189339227625	0.530847954984271
0.583457688061793	0.581447103452091	0.581640833204629	0.581920852207102	0.581886956383299	0.579804540797852	0.560498795504734
0.524715234985206	0.526076085171367	0.512588395134145	0.511829992141233	0.513042918516378	0.511914427443282	0.450953630301697
0.431680644933928	0.437589038229058	0.426828597926094	0.409181216781647	0.416634487839243	0.414310068611843	0.302430184651095
0.380411640213443	0.381145091424988	0.384354636436095	0.360999228409293	0.370993700320027	0.376465907835632	0.227434771816004
0.572990916331608	0.570772531618559	0.56387026368729	0.561552663988424	0.567660454181191	0.567033421722937	0.534589307824375
0.455032660256615	0.453468710130333	0.452338521516525	0.43432424238698	0.444877397103537	0.44677331006747	0.300998888116204
0.428060836243061	0.432960972538641	0.425682724171154	0.411776309964343	0.42064584044325	0.41561031684004	0.287740517011133
0.602468944187725	0.5998309154296	0.603283915353191	0.596629107618176	0.599969913451949	0.598150885783985	0.598590243107821
0.446305040908835	0.443081207254539	0.444972924972491	0.424792198938462	0.435770830456242	0.434600936857541	0.280290696779198
0.581298745413333	0.582373853059991	0.57745246325474	0.577540227998908	0.577690589911112	0.576125264288595	0.557767400523273
0.472405521652585	0.476893012906607	0.472017296098014	0.460374402234611	0.459015116264859	0.463880376891565	0.332630208625192
0.689260624337583	0.691023472483998	0.705886540476249	0.708026216760877	0.705662722200617	0.702999844744781	0.777392845333209
0.619688591308529	0.6211913681363	0.626328593093418	0.625736397196158	0.623328985756974	0.626376969210841	0.644187704476976
0.425955367805971	0.426335667948876	0.422703117741683	0.401585095127809	0.413666663795619	0.411634450359627	0.275409528615385
0.524689788418622	0.526632111973407	0.512210487304041	0.507747158539299	0.510321075731073	0.510356773804845	0.448002348353365
0.691117321105542	0.690686944096975	0.70287002665294	0.70730198415487	0.70185113715039	0.703699107106514	0.778834041331344
0.579787165021074	0.579010251504327	0.574791593516579	0.572863681589076	0.574620974638477	0.574394809087755	0.55619458450184
0.638732791406198	0.63461940484213	0.642550338452594	0.646607282726626	0.639622947289498	0.643031845960568	0.680147064370856
0.521625100147757	0.516932724784994	0.509695561872232	0.500907991278068	0.505001622884331	0.503754574597914	0.414723596210612
0.608953240111024	0.609503819903483	0.609443286761471	0.615320507131471	0.614643644819456	0.608854085594841	0.622615482794609
0.407606122567043	0.408946954892985	0.413790958280069	0.392011905054644	0.40596796468662	0.406605526299708	0.239816880755019
0.496904131794978	0.493206217358121	0.481663316645274	0.47491926088269	0.480370633256301	0.48104062213208	0.40491555917434
0.711795515333449	0.704759525161979	0.717765619275659	0.731389645947327	0.723428084739569	0.718967425676056	0.827094777593786
0.488572085325987	0.485832884622965	0.474402521687152	0.466058813840717	0.475124974112551	0.472628419060869	0.371377227714894
0.490928522124651	0.492075131126952	0.481163933678918	0.476197373484685	0.478621356565422	0.48262955477884	0.371784698695007
0.740033334208346	0.739190021205022	0.74332304710532	0.75991905532275	0.751859406100157	0.750186816664117	0.879590233340864
0.405633519157319	0.401598354244636	0.399435095919877	0.382244684065828	0.395083728789474	0.392432946693092	0.271817137573479
0.657310593012896	0.659229295123731	0.667648256737287	0.675765324500372	0.667073502426777	0.667590457571674	0.730087900522882
0.616997240446067	0.616029773972294	0.615528838576798	0.621009038971172	0.6130906013433	0.616453071130276	0.636486431176014
0.545633540377988	0.546356030667613	0.538810576409866	0.539660750094585	0.541530644726595	0.541400180280762	0.500740226380256
0.55348902714031	0.552666510694707	0.544519429565075	0.539934569101265	0.54550847370884	0.543849256810844	0.491854083077412
0.621158920224386	0.618376142280974	0.623244879211989	0.625050195578182	0.620630965467856	0.620457399777688	0.639988568379207
-0.0542825518220133	-0.0547527824085239	0.20208862338845	0.0428413227263122	0.0808686438113797	0.0743395208505062	-0.122585924300673
0.456185198281529	0.452771799838787	0.446488324806724	0.430797994673758	0.444155318946037	0.440922134163441	0.318682804960828
0.620507958342701	0.618222115702732	0.623107662966073	0.625316045907925	0.623315814895308	0.625904397336278	0.65170971874702
0.573155704257346	0.573395503693151	0.565583628419702	0.564676054577891	0.565536559197299	0.571327834529554	0.541353011092317
0.4221764805951	0.418704963784442	0.43503182849799	0.403399660662111	0.418222497396465	0.420536255251348	0.222921556822391
0.509334648614881	0.507751916237605	0.497285752494573	0.49091807967326	0.498380869317315	0.494863822500682	0.411858928097302
0.542446398199346	0.546317138050257	0.539360778528468	0.5302002647664	0.533394260949436	0.537887452948748	0.47254186040845
0.465234433076679	0.469816119319392	0.4506578699525	0.444444086608061	0.450527596235108	0.443542146648785	0.35348599425427
0.64796233683449	0.649083500988803	0.653147107430827	0.656139120315024	0.65572077090205	0.654857233780203	0.707695746528847
0.667732003212885	0.667519069917656	0.678444441556527	0.680730334717796	0.680448529116045	0.677507648324085	0.746640230079484
0.544980121822805	0.542200838339663	0.538188397014772	0.527458978296678	0.532315471833987	0.537695142035849	0.47278931925395
0.639519459023348	0.638796536235415	0.647484863364902	0.648800511585355	0.649840855699667	0.644596868311167	0.677000892683239
0.405919502396345	0.405944949765313	0.396991556366998	0.383052518232889	0.385704662480224	0.38778367765294	0.286435148211901
0.21557600620097	0.21419515253187	0.310155228700686	0.23925418334833	0.262324338426338	0.262680249039889	0.050136869300935
0.236701491266519	0.233257778639136	0.316274325182812	0.249375082758015	0.268160489995447	0.271616773551015	0.0680694464942019
0.390141753459824	0.39534396941415	0.409101203352636	0.375856039646727	0.389209114542614	0.388976637623872	0.209563705160937
0.646543008771019	0.642419706086265	0.652708965364737	0.655296343437444	0.651341049606015	0.649511691761506	0.687527295723837
0.574439702328573	0.578653013754972	0.580356277274454	0.574006420195826	0.576697391949282	0.578747869649479	0.55192473722742
0.696778430731331	0.695451982125936	0.709935473417695	0.71097726196971	0.706786362682336	0.708819572794164	0.783568176631309
0.159807943743097	0.164580253043195	0.29802929165396	0.209591952716804	0.240583921362175	0.23554769341609	0.00365321688194009
0.551535573293339	0.548640885364127	0.541025940320366	0.543013392567876	0.54274514829501	0.542048114058276	0.483842677585943
0.657848316681152	0.657021263001453	0.660557087572253	0.663041478779443	0.660908055930456	0.666868332283657	0.737231153920479
0.708110217064651	0.709164245349415	0.722675980144006	0.730122031645569	0.728436443112816	0.723374094396473	0.825243040502435
0.488587074075802	0.48623205099744	0.475460961279795	0.466479059509085	0.470780234439794	0.472246038487083	0.359177788358083
0.577551047901154	0.578521115963734	0.574673774865759	0.574224361498685	0.575625490081604	0.575939269044709	0.552762248381834
0.438240551873409	0.433693026406461	0.42449232735359	0.414605958717721	0.420375417587535	0.416164811628434	0.295131494021681
0.617381310612865	0.61775277931161	0.616185257921536	0.619548257975271	0.619283518589349	0.618417400804151	0.636230387004176
0.497978885286479	0.49915711179402	0.486115422721925	0.475384585284159	0.484249243297785	0.479020126792182	0.387238047219553
0.651401758712744	0.650034996322247	0.66102435531726	0.662013793769842	0.66046493072339	0.655859413238686	0.713328119931945
0.644959678930324	0.649058577099056	0.655500907813802	0.653341563289386	0.651737062189585	0.65236335704502	0.691937692879186
0.509519676388486	0.512492035776696	0.503690734240116	0.495202182276443	0.497961347197898	0.502518218897758	0.384103635211271
0.524967485217472	0.523286634219744	0.514953375573874	0.505017337724132	0.515598372697315	0.516774665450501	0.437146645730403
0.66386162131403	0.669379304590634	0.67545647944773	0.680186644998892	0.675069318041601	0.677160846332826	0.734076965682473
0.590754491293134	0.592029863484735	0.588818309316746	0.588742499315037	0.591672738730152	0.590339155722996	0.583192930748789
0.737428634407726	0.733959221919096	0.746282789379325	0.759261721010054	0.750210214041107	0.752302366498826	0.851602649466923
0.555596204123198	0.55539814015479	0.552899656064667	0.546730114711971	0.547540747715162	0.550416365186487	0.506249537038135
0.53879729468081	0.53653350799063	0.529054018085798	0.526900001901946	0.529422906607678	0.524637925561737	0.455055570104284
0.614536917548357	0.612424108468619	0.617057630143803	0.616563275708823	0.615714025292122	0.614531885029412	0.628045861676288
0.675101188139653	0.674297215124092	0.681370973723913	0.68994273587307	0.685341108432812	0.685674078651333	0.76360103063803
0.526500830045624	0.52305994562731	0.516657828203228	0.509190891059544	0.512378993387321	0.509556359889547	0.445414437875787
0.389364361568337	0.390467686498475	0.397050548165373	0.369350427230734	0.383836920203589	0.381845013296789	0.221036637169765
0.572246312086592	0.568963039896935	0.565307955759179	0.560526027084614	0.563358756668211	0.568878528553597	0.524750359584436
0.524079949668933	0.524860956211221	0.513646406812336	0.512197880233396	0.514213595407725	0.510034551884659	0.427884533527009
0.767101043971986	0.759955808640027	0.766494650688399	0.792433463462824	0.776512706175992	0.781637346210463	0.931338812228308
0.617635386831832	0.617164111862898	0.622156730151408	0.62257561935186	0.619358534380975	0.619285038803124	0.636008798670911
0.409708710458096	0.406361533611895	0.402052892712973	0.381874841376337	0.392454968066369	0.388350024617922	0.252238751549121
0.392628056453657	0.391439631476679	0.398695030045785	0.371414812213619	0.383733314163958	0.385439108866679	0.231341125844627
0.596253914876035	0.595003837867676	0.59602680279634	0.595510500675954	0.596733931742299	0.593094186284318	0.590283410347114
0.660202503915751	0.663102472126222	0.669975750920215	0.67075753509622	0.669187632431255	0.67171677973414	0.721352819749284
0.499807803950378	0.501994101755779	0.486876917226522	0.485130982290602	0.485972088242327	0.485451870380592	0.417768569936497
0.638540041704893	0.64209112388016	0.650790495682475	0.65039908278022	0.646638558152292	0.649631314959395	0.685453966833124
0.601897631020482	0.598331787241318	0.60301350817809	0.60044585802306	0.601414063634469	0.601581820884599	0.601099170032492
0.484706845615414	0.486778351065068	0.469527387527593	0.467553876549774	0.469966875828279	0.471216964294067	0.391939440140944
0.500624405388062	0.502495860911785	0.489829708874709	0.485502188781804	0.483489260145272	0.487369622701545	0.390325698155315
0.542776460932097	0.54407077085975	0.534034220625391	0.529773255886568	0.534607247896687	0.529674912743389	0.48587904027861
0.632646174585525	0.634173161092692	0.640593637244687	0.641251215704498	0.642470523694152	0.640744320759818	0.672138296753053
0.521137803236371	0.523604156475149	0.512477626781842	0.512191764126495	0.504575098630276	0.51163608520722	0.443126272353963
0.52421628430074	0.522725833282029	0.512508509638542	0.505940730486901	0.510888022282546	0.510859997996519	0.439889076036339
0.352420633714062	0.351111434473613	0.368914095810836	0.333602026537145	0.345866592550875	0.352558001132447	0.191730717753336
0.520342050957581	0.52368693669783	0.512504995219055	0.507018248182301	0.506675040410177	0.511374516959809	0.424831147690612
0.497655884488359	0.499632358023721	0.495032936062296	0.484113024961323	0.489526072409934	0.489184991418023	0.357437809048018
0.519078419154023	0.518453280512267	0.507312778659131	0.500637722483411	0.504918718472348	0.506749888663336	0.420737100957671
0.426860503721074	0.416965752024552	0.4159444890289	0.397374239382068	0.407069710294651	0.407585355762143	0.273774734435886
0.580307681147393	0.578145927406834	0.57689065694264	0.576990477293844	0.572874544793104	0.57297607492953	0.561002734586876
0.626208767927792	0.622860795880442	0.629964608619314	0.62783108123478	0.629587611898929	0.629973085700505	0.649701343636668
0.589169677610743	0.591381707220156	0.589178259673066	0.587729713196017	0.589685179972707	0.591619715168284	0.579113111608521
0.185814759465111	0.181954103918148	0.286818872205883	0.210642552376795	0.23180234146516	0.234707466422405	0.0442634783203737
0.525830331360357	0.52985222405696	0.516313096167945	0.512518029877926	0.517575156568655	0.517347788790562	0.460678850568725
0.435032707142917	0.442431285268217	0.437225755150695	0.413959168546281	0.429094652577476	0.429368726766644	0.287163803983852
0.42358061014779	0.420490874975958	0.417624869626935	0.403521179016568	0.408117211633344	0.404890790856638	0.265537971559391
0.584144916457662	0.584672630712607	0.581611131073265	0.582499694452564	0.582024483952	0.5799488435063	0.565289108257277
0.714886702384854	0.719578329987842	0.729720996965557	0.739227008222081	0.736427904702355	0.732855104880681	0.824689926016284
0.446866027158636	0.445422868782621	0.437877784633854	0.423365077639906	0.428856468596164	0.429806605782355	0.30574790743621
0.658028566750866	0.658549641357944	0.667335874423137	0.671328190009209	0.664146445012944	0.668623613176394	0.715643005267328
0.626087996849348	0.623536770183493	0.625807055036795	0.627737093734896	0.627338271011706	0.627206020243459	0.660231960409205
0.589152658076249	0.595444521058856	0.592473183832437	0.593757593053385	0.594048821912218	0.591942994396279	0.588195811569537
0.601207643947725	0.602919088793631	0.600136674127827	0.598168785915005	0.600510333618685	0.601941716137017	0.60138281862219
0.465742426408376	0.460971294685636	0.457080231692717	0.440037993711558	0.450384610895716	0.450027895462936	0.325270492082752
0.584939419243279	0.58291295381656	0.583194998596587	0.583503152627042	0.581985242619934	0.582800877359249	0.56631622954128
0.554333077267798	0.551712855670151	0.547113605129336	0.546329265122976	0.543959713804321	0.54591015714758	0.508246549828197
0.579594502865989	0.578264232228956	0.574715782042031	0.576203276533976	0.577547766545863	0.575324653959374	0.561496210236391
0.573881931445555	0.574025936597154	0.569083366567301	0.569852394317155	0.569199705184086	0.570660362123246	0.536270442320913
0.521674167381516	0.523017585791558	0.510123484454302	0.508402804574445	0.510401212674203	0.508738999433953	0.448120842653605
0.535155628426421	0.533097217036555	0.523826147188342	0.520217440542884	0.523518639446127	0.522846676174409	0.455613108064709
0.416825486179005	0.415240033098127	0.408450801496186	0.394125160232077	0.403231237297351	0.399792838997719	0.279545844141076
0.383689226077666	0.388092353280041	0.396067756991365	0.365302719936483	0.382854953528915	0.380577879566053	0.213832126066778
0.579952925044819	0.578892271187099	0.572122898309935	0.571239338213181	0.573075036154591	0.578343019013828	0.555006947071283
0.298984228795833	0.29681935638298	0.343203485973898	0.29877174051582	0.312494070340352	0.318286142958004	0.12791130892694
0.650955632108265	0.652703375923837	0.658290600894261	0.6578486852517	0.658449079908681	0.661244745483125	0.702755178646872
0.560061219783072	0.55996870296803	0.551904619545792	0.552468469309975	0.55332942081507	0.556231217826376	0.517107468320875
0.599710307190482	0.595879410664841	0.596673201380926	0.597880722348482	0.599731720079397	0.597584017854211	0.596205278503003
0.631486656852826	0.629355655369198	0.632523440462571	0.637147410222662	0.634686930469779	0.63285875678706	0.66075589144012
0.591128371783162	0.589179382829974	0.590474419823084	0.584172512147527	0.589244021928202	0.589779391644996	0.578147131335555
0.612312754230739	0.616357311327926	0.615426232449178	0.613893184415126	0.618348152267613	0.616105035288148	0.630744243415438
0.427121796498306	0.427490223837485	0.42133462681969	0.404565993710761	0.412212028275225	0.414761304290544	0.281981130236942
0.0203292348455344	0.0241184323106755	0.204480505265061	0.0927594908505699	0.121416851230041	0.112228264885946	-0.0459094250473578
0.38089944529574	0.383854017342326	0.380539496418129	0.361961779892389	0.36929879783038	0.372586541916756	0.232812939142549
0.645202685380315	0.642730057162604	0.651426709999095	0.653739054234937	0.653256656069087	0.652970440155779	0.691614300772833
0.448120981339822	0.445117430531	0.457229375046076	0.434604162975204	0.439917771325415	0.440618469586816	0.27058023944963
0.437059746000265	0.437022325319328	0.431154589978542	0.413477099070311	0.42328605656307	0.425222620197472	0.294098364405643
0.311173395128022	0.309961088502699	0.358649591350796	0.311087256076771	0.330216374167488	0.328780599846026	0.125879754221539
0.505281176802744	0.500935479042792	0.487243599342078	0.484321110971023	0.486740561786416	0.490007246749518	0.410366722238942
0.576131795303564	0.576643719799017	0.567446605417478	0.57030135914759	0.570777341854136	0.573765383331865	0.549434602176406
0.329686323014282	0.328953186043055	0.358592402728424	0.316871175509075	0.333360658944165	0.330860736955291	0.154569928068138
0.475835006936407	0.475124528070113	0.45876159662947	0.451518850277033	0.455425051313916	0.45679441231468	0.354443006738149
0.410635850664653	0.416629067540064	0.412647915082182	0.393949036249654	0.401397291800844	0.401463715645028	0.255328015236789
0.604570927807233	0.604196604149441	0.605011030478874	0.603889688108707	0.601023613772011	0.601296609472319	0.605635265413852
0.55696684441497	0.554228764285093	0.550282879274358	0.547353604751202	0.546278803467413	0.549071908828151	0.502672969855783
0.650006802489191	0.648295418292914	0.653638485563086	0.655444018198066	0.654496811062998	0.650914745642929	0.703121200906825
0.553151114365363	0.557010377328138	0.545820178373995	0.544918499973072	0.548400691473394	0.550843651735137	0.503199440521244
0.465560339465834	0.466615237127992	0.451841298295155	0.444995625666254	0.446029242984161	0.446744043660619	0.349608798517306
0.686840759101657	0.684060589447364	0.698288156077048	0.704687843576251	0.700262529409037	0.699792456828925	0.790509938274637
0.498410518156321	0.499927959912833	0.492494007122027	0.478514186264137	0.487536820512542	0.488670856070118	0.400392361293335
0.382956677324679	0.387778081281911	0.391627252917872	0.367474309622786	0.377584570023027	0.37811381768421	0.228055955573059
0.353842828025413	0.35107357818662	0.376721357345847	0.338336684966921	0.356426416363951	0.350500923449501	0.174199441019908
0.226762028515211	0.230678529082266	0.322804156650647	0.253880740164204	0.274532621542979	0.274617552170633	0.0563976609236583
0.565294548134182	0.562757064944034	0.557628774401158	0.555677964579665	0.559266197533595	0.554343171307415	0.52185234438421
0.634794358688283	0.633542394088918	0.644220410945593	0.649711212610533	0.643411470846376	0.645576539414099	0.674552691330292
0.567528686256634	0.570706967254906	0.56718310312025	0.56401697467477	0.566139234332632	0.562746392371403	0.539822196489312
0.306384459359724	0.30589975975742	0.336565595272726	0.299482756979045	0.31139778866029	0.308914833098456	0.156398705915423
0.298017926228876	0.290552756899941	0.353142617828405	0.295960549044848	0.315279849206085	0.318422901778879	0.117879000141775
0.634938127061885	0.634635808320274	0.642033837445232	0.644685795027615	0.643089453975271	0.645419577417597	0.68476348283103
0.37784003540488	0.382824790906888	0.392249974719768	0.361726311933099	0.376354166084076	0.371397620367146	0.19781126169741
0.476537790165705	0.47713926067005	0.455707821806079	0.454128728245918	0.458243690301889	0.459042720596413	0.392279171882536
0.53732989912389	0.5368135184124	0.525022184320535	0.520206315178022	0.525057757391838	0.519514515181063	0.45628806111337
0.420414926718771	0.412893325211813	0.428728405683029	0.396233161398256	0.412362473774184	0.412720011524109	0.226509868234156
0.570746601974932	0.56913116672535	0.569331586622278	0.56466269461351	0.566790569215821	0.566672424666984	0.540679588390257
0.496547482655149	0.497189597930826	0.489090076847402	0.477036031976943	0.4807700506273	0.479512078703016	0.368030466184714
0.642448612512652	0.64288269010037	0.648881308966952	0.655178267426479	0.650790566995983	0.648057366660735	0.693562813606052
0.538552876518466	0.536539625694007	0.529504840206069	0.52720966697615	0.525277401597824	0.52847936686047	0.468768326676591
0.620154844931046	0.620032664479364	0.622508045906188	0.623684600222063	0.621608743962965	0.621515076031319	0.642140759562196
0.384285733855984	0.385255900796245	0.393576769405319	0.366571494464969	0.377259392536988	0.379292597431938	0.225302131261491
0.617737877514078	0.615363266373063	0.61792982356588	0.618324532705629	0.621253100529671	0.61887044122554	0.632207342746828
0.474592155562266	0.471905675458164	0.459756640132742	0.454368661490046	0.462386468667224	0.456637130538519	0.361754635235457
0.407149599864065	0.408106535713203	0.404207376153349	0.388852539603984	0.396631464230832	0.392328706070551	0.255605082151368
0.505337082510704	0.502544268900084	0.498902486215074	0.486365898920808	0.493315289807862	0.488408283740587	0.385229405473606
0.433433047383325	0.42906354898309	0.432694116456314	0.41157755277921	0.423243986766277	0.419638970095387	0.265284934985158
0.306509762605322	0.304348373653799	0.353576659399657	0.300624533993459	0.320186876500689	0.318827106861444	0.127900938231689
0.555819845891823	0.553491110482543	0.554007437106915	0.544780123041306	0.550348110192043	0.549436060271334	0.488241422904553
0.538019402722618	0.532263961802016	0.526991611108093	0.522648313327893	0.520631748804812	0.520266435492091	0.458526376007587
0.518152063319479	0.5176462304607	0.508305893079951	0.50092835382184	0.505832403611265	0.506263678223814	0.426680543058017
0.462241172687056	0.461089676377131	0.453047279360334	0.445109702159442	0.45273532400954	0.4479133834293	0.347154491199296
0.533441376290889	0.530255469021593	0.521096328692712	0.516387768542271	0.520277346052596	0.520950771548306	0.458731784458394
0.617418003457794	0.618805304556572	0.62344315846689	0.620496864293798	0.622997148977794	0.62226218017132	0.637021350757225
0.458552284252848	0.455126716267742	0.446976784353536	0.434978445844198	0.441149571739094	0.4408474621115	0.328995892653217
0.540655747103563	0.538785914352786	0.530947812814565	0.531970796562072	0.528318661955551	0.529536112014314	0.476840224220908
0.614131641668672	0.613383439907282	0.614488804086864	0.61645259040024	0.610878258012925	0.613369692524213	0.627775068853715
0.736575599610544	0.740317650329739	0.748749303715956	0.757137734408676	0.756964477563528	0.753335004577546	0.878771567717003
0.646035863084524	0.648457024883167	0.657768312985701	0.660707989796004	0.659176330260467	0.659138359156031	0.704693097200963
0.523041979290024	0.522501447085705	0.513303172651325	0.504757924292151	0.513075869880249	0.516077095078682	0.422201266250766
0.595738263553701	0.59473579139132	0.590650206461419	0.594203810620843	0.595557573100677	0.593810694493423	0.585898047111953
0.569418454717327	0.567731217164651	0.562385017142951	0.559032004651366	0.56238605578345	0.560970854675153	0.535531750661066
0.525786102408365	0.521287342629201	0.508948703909803	0.507714247972455	0.510437008250626	0.509495081595945	0.426347731198755
0.521609318834892	0.519811930514787	0.509419582509279	0.495518618830364	0.508246477472577	0.501818026386856	0.436225660390021
0.561225208999208	0.560339785361615	0.551322893908066	0.557203131195011	0.556331345820595	0.553490781134358	0.526826718875872
0.342631466402672	0.338764383879156	0.356359655582527	0.323105048878674	0.337509953265691	0.335840080832	0.191964153980373
0.383045084309058	0.383405520024208	0.389153013828501	0.367380657567227	0.37571598836306	0.373429292375556	0.220301856091718
0.526082343548291	0.519682300929906	0.511893933508751	0.504559598526142	0.509853672235956	0.510404370518982	0.434290881269063
0.130773193242302	0.122420193261698	0.285740376681825	0.184923007763849	0.214157508828	0.215682734907155	-0.0159677958342664
0.464307294145801	0.460546722494033	0.463221115349968	0.447987321889598	0.454183379475656	0.45591806809547	0.292968753998083
0.545076486618278	0.54306289191801	0.532254894364566	0.530273549886247	0.535545073222117	0.534616291269875	0.487996453811976
0.764482783853901	0.76125307904301	0.765130240237821	0.785674780581118	0.770959681810538	0.77617203330924	0.932276669861146
0.284428936550412	0.282947333904166	0.355705144919662	0.298279316886049	0.31799123610688	0.315064994074018	0.090757884028961
0.576257163533431	0.578063074951087	0.57257026940899	0.570491093619807	0.57281004471203	0.570477430029007	0.550171099400691
0.53702259564893	0.536674479325861	0.525925119696838	0.523815595005845	0.526191488886083	0.524120184115749	0.464941278659595
0.806053543668985	0.812200978431533	0.800501904502697	0.826586982518369	0.812302790468826	0.810013839251532	0.989139513938482
0.520407170244435	0.517220126354215	0.507603865961654	0.501953054890244	0.504995639558608	0.505873840393517	0.411613590741926
0.56832660584001	0.572540926983414	0.563619747548686	0.559429119263466	0.565523838422086	0.563244822804345	0.531678670360268
0.723103684555449	0.72117742996572	0.73071024484283	0.745599431954739	0.733944661918023	0.735013468157006	0.869099860794868
-0.232095494620317	-0.230372194079425	0.147038879144763	-0.110478042708896	-0.0636749184932565	-0.065093295304335	-0.273557956984122
0.658378463478847	0.660783066812358	0.668710555787034	0.669581967186223	0.672424036119928	0.667654277183406	0.724989570076996
0.523942237835203	0.524056354067697	0.515738059702051	0.50864126784559	0.50894184201437	0.515835715470389	0.439647636627381
0.530438123060636	0.529074749814255	0.526290972052186	0.516612070270199	0.521368260525842	0.521475109087549	0.444290703083732
0.529084757770639	0.532805954151788	0.52182403582808	0.515346802534443	0.519836657268487	0.520378692394148	0.45540455686326
0.497631258659115	0.498991688615592	0.489324675121596	0.484142719418439	0.48619335336644	0.4869419948458	0.404056996551288
0.402671900718031	0.402055606608469	0.41239365963961	0.386586100716883	0.397963918962718	0.395675154262945	0.220024620334934
0.278151734531911	0.284189122919955	0.339719803140443	0.288867171759764	0.305110803388173	0.304102207411736	0.104909233993205
0.50011789537476	0.4953572650712	0.484858715259849	0.478009545335513	0.481940280577373	0.481405360719855	0.38378444235766
0.716063000116373	0.724213626614738	0.721069506451865	0.732224079995558	0.726694464136053	0.726633657958516	0.882030757606973
0.553366208563715	0.554170935569854	0.547136922101693	0.543932955621544	0.546270912557812	0.542839696521623	0.502815987182265
0.475047843077471	0.4779809296138	0.465072042542839	0.456183796438268	0.461129024684084	0.457323481858904	0.35517338231405
0.489040672518206	0.488957483362164	0.480011497911267	0.469996562531991	0.474307461400113	0.475231386865878	0.381609662563965
0.771731845294691	0.774601918230312	0.776350637373632	0.795083568816865	0.790090408356359	0.783841519687177	0.929604741617272
0.510609467694927	0.512258572357548	0.499164237705146	0.494884494544688	0.497850611601324	0.500163094076584	0.407200101090286
0.656658698745668	0.652192000082687	0.669220797271866	0.665204139538468	0.665042704688731	0.662509488151151	0.721196860036619
0.30725205371232	0.314966983683432	0.35050222373774	0.30710548383528	0.319015930533974	0.320618665983275	0.145308635934988
0.331021424636255	0.3283197271128	0.340396425040162	0.313625297960885	0.325383732163174	0.323148347291808	0.201444288465081
0.481502878044384	0.484969858386715	0.471637077651208	0.458819466678643	0.462843443963261	0.465814322484172	0.377656978160241
0.594832172103806	0.596300468555572	0.592082501470969	0.591155119405249	0.593182231182479	0.59283836665906	0.58868459868732
0.658474311836873	0.653748480952338	0.661385658362736	0.665308874730581	0.663609638215689	0.669162144756398	0.736220366016885
0.397749798557658	0.396381274402041	0.411379461796823	0.376518533332125	0.390511709621052	0.392513405657031	0.206945661139031
0.115620138764307	0.111301367088131	0.272580238537137	0.170577279136113	0.19990266316552	0.194383871003364	-0.0232972444624803
0.502792561776685	0.505258056176752	0.491895313369433	0.488133343862794	0.48932151499714	0.488841034407129	0.400722949174154
0.604692085985797	0.602271952437496	0.601875015491355	0.602527110317141	0.604535908956192	0.603453647008708	0.607645807569622
0.674353152284339	0.674608405441004	0.68027333021525	0.689889204497207	0.688598787249984	0.685520035288634	0.766928200575344
0.594154896438385	0.595539535618044	0.593074345451135	0.592340429626959	0.595577029568474	0.590653588746628	0.587068505545721
0.535153470140488	0.531964188769914	0.525867094296786	0.521068287916317	0.52728729994221	0.522587787665048	0.462447478373149
0.649100629198004	0.649124686747637	0.656673897384314	0.660733156676679	0.658762977758816	0.656486083469374	0.707600475397413
0.364083300008929	0.363855786443329	0.367088773618524	0.347140354463304	0.354780442482963	0.357193978570676	0.225809895996085
0.666270847003872	0.665147638154864	0.675114628530953	0.678842267423831	0.67570484582324	0.677792884487303	0.721550268065092
0.453011066887412	0.444344820319775	0.447347921379962	0.430245807339698	0.437765059674026	0.436166069813125	0.28238260843378
0.709180802154439	0.70872543481079	0.718560034342897	0.725206105675502	0.724168033058918	0.722850532694937	0.818192314841095
0.460171620146811	0.467189487471675	0.450091123283551	0.446209123564705	0.447368229342632	0.448064659717809	0.341968751093031
0.597901364653683	0.598420315223667	0.601397750606317	0.602694391890065	0.600334669162926	0.600059066302909	0.602220537214993
0.424463097955404	0.424647193359521	0.413898025424002	0.402818186529905	0.407002698344564	0.408528507994352	0.29861869274946
0.589770714130284	0.587958325463121	0.586413295760463	0.582079966308594	0.586244551067777	0.584200031553983	0.570970102858687
0.620402603633169	0.615330145720764	0.620724550334111	0.622434690556349	0.622736760912867	0.621910515277337	0.635219822145848
0.517444203493677	0.517938358775732	0.508327041802355	0.499548354086679	0.508467247478096	0.504021608368069	0.416013975920277
0.435644695718649	0.431640847396791	0.427329079039822	0.412741362342995	0.416506845819216	0.421288268914529	0.281987839765682
0.215597208763616	0.217449441481915	0.303456637332096	0.233482197579463	0.255975262955408	0.254998263919339	0.0624976654102314
0.538503830493953	0.538271072787199	0.527148823619022	0.524996260404359	0.529120888333119	0.526840969072381	0.479649063991114
0.506904053212357	0.502553526807558	0.495637845230653	0.491087423877992	0.493230588127928	0.490308814005098	0.388815476283246
0.368346991950241	0.36813614566546	0.367762749119466	0.346669514929084	0.36036073948494	0.354009170882571	0.229168297139353
