FMP	RMP	FPP	UPP	ANPP	NPP	ANCOVA
0.853009889671685	0.854160085010224	0.556153211108183	0.726060424867965	0.722505919135302	0.713080423612802	0.689061475186206
0.888924446044658	0.888960992555987	0.678534339065489	0.890390020094833	0.956282278954383	0.925574298951743	0.881839585018466
0.890608729893664	0.878450060942032	0.646239061979405	0.871403330435942	0.877293319381795	0.875524905380581	0.840189788901714
1.06838397879852	1.07097816198757	0.634713081274486	0.929011341153337	0.83543571626418	0.840574913841602	0.865178640177174
0.805786078806451	0.785882905465867	0.554489540732894	0.710811771423629	0.658447415136934	0.673627480216253	0.682629052500158
0.862903148898555	0.8841009983366	0.669557446958063	0.875019558616048	0.888622675694544	0.893402085415699	0.826618899598526
0.875192212515845	0.91477479362115	0.638567069105942	0.848405802408071	0.844783121517796	0.815474043276704	0.852786332523846
1.0671428958258	1.07517952144225	0.62287497101694	0.917190468097698	0.85919664899816	0.888381640168049	0.835966948018227
0.837369477136914	0.853482622836983	0.576563795484551	0.75267663052992	0.705753348747724	0.710507528017306	0.725517386593684
0.947451136837367	0.850504741569499	0.627887914651028	0.834100541363167	0.84432426316862	0.833284809207075	0.798730760945015
1.01954197990083	1.04831801719958	0.662762796621741	0.924345168925593	0.902960658052631	0.929301065713065	0.908484260071249
0.836938670709463	0.857962987975375	0.589407152707165	0.754306689364041	0.73399734325518	0.726483182627336	0.75570732546341
0.833929564077316	0.838845814180519	0.605638796757411	0.825573851150516	0.765063735790781	0.745816295763095	0.784924282829142
0.758357337553292	0.771701911521243	0.614804257783847	0.785121302642642	0.807965004688697	0.783783436679083	0.747658121492187
0.983374768931704	1.00273271780377	0.677648004495914	0.95951946961162	0.995231500381096	0.98515770341887	0.900362666945929
0.712921197256191	0.704697609859223	0.506320947947242	0.618066315775322	0.59738455498063	0.597640170217544	0.60013454676093
0.51877443303578	0.534139279550155	0.64364137284854	0.696310986451392	0.639407866334456	0.644922059611314	0.921712648224258
0.805101313661398	0.785057139911591	0.539054701377652	0.702558280334247	0.660199667580047	0.669300847677416	0.656772740809444
1.09822740122937	1.110975160421	0.648264388160824	0.959057772107929	0.929684169294115	0.925916242455115	0.942312081054885
1.03333661678458	1.02322520057497	0.642299725147293	0.893258917443392	0.876425526813384	0.873247603347927	0.847311340990883
0.518921042532927	0.536975874033088	0.572327587028089	0.649642615732211	0.635175504824332	0.614034800324537	0.759144470163354
0.800390930463457	0.808723452286069	0.603241778001602	0.767633217735492	0.691508598485628	0.704653831398347	0.809852495002948
0.833825420830177	0.817466916243495	0.659963338006201	0.865144383944241	0.882141169870215	0.883895807278435	0.826782550182557
1.03822841790627	0.979716153421342	0.649987994458544	0.886992743503295	0.918218901571276	0.902687952432729	0.834906695366104
0.915858999692628	0.883714515052777	0.631560114408482	0.872046721389263	0.777011420112591	0.798903619363419	0.874348058428127
0.888879149487446	0.908148806660041	0.620045931320998	0.838715280229615	0.817950969242303	0.797231354967875	0.838379454283774
0.691060265935092	0.711313075683339	0.592563164660034	0.694282499397292	0.676525278561511	0.674625456223323	0.690775650663966
0.677314232856524	0.65081676190765	0.589545479246209	0.75118963963034	0.674051134630414	0.679517926601378	0.781107175541756
0.929473759698714	0.938114140360562	0.589727352502448	0.818330821825303	0.776113968591829	0.767999711721072	0.792309662540067
1.04226183315883	1.04612758313124	0.636550612091993	0.904870232672888	0.895322225100964	0.906952059163208	0.841222061714851
0.896216591071818	0.911162489739673	0.596747041544381	0.823112020910107	0.737463750654942	0.763198045555443	0.779921276295634
0.810257893111602	0.831668543688119	0.64529017473989	0.817222418519792	0.8340432676716	0.850027614951179	0.806901052933149
0.947374181740366	0.954208081385427	0.627313255116336	0.856877411597545	0.791870729977661	0.770777975439197	0.83190728667759
0.514472234381693	0.540658724010353	0.570034460835672	0.657371231076301	0.612760646021139	0.618380702791006	0.74972106484297
1.02336108256042	1.05362846122172	0.655419323342323	0.943171399970961	0.839109451102875	0.851623997460603	0.94201365751006
0.513563429322181	0.50811467300918	0.58336500437335	0.632768370043831	0.634345829903145	0.618353167735148	0.777738100835318
0.791845438428139	0.782688441703136	0.589534664680339	0.77801170477586	0.709932924298667	0.725627739732803	0.828278793969454
0.696496991936959	0.721460022132386	0.633061950612359	0.793514521043953	0.712891148033763	0.698857383027852	0.866829392209235
0.838645900906717	0.822072085753333	0.607498643756006	0.803041941510304	0.7478357218244	0.737937076187291	0.796512691068205
0.891576689690355	0.914791171182321	0.660746078102547	0.908722952494895	0.91653478883135	0.933006472558034	0.830172983811951
1.06540635553759	1.0252849163467	0.64586185095012	0.910529937785419	0.908276844534213	0.899206772150843	0.844670971272911
0.9412349810628	0.954627925156674	0.598009825740246	0.810232147508435	0.750947249537419	0.756974803364565	0.74634683458211
0.763818871720505	0.766090883603433	0.587337530762266	0.779960490595694	0.702262970161838	0.698568244991578	0.75949226787419
0.853706556478829	0.854851364611329	0.612277223212889	0.797091459439575	0.747917820676731	0.745186319605435	0.830313978448081
0.783994609356143	0.774639736797244	0.658364761674231	0.883008653249495	0.781079912020893	0.787512117905176	0.944794799276596
0.950512310207849	0.973365693563417	0.638180494160485	0.89682378634817	0.868480613663501	0.86809885156654	0.852590515009348
0.743081606425709	0.732461487240277	0.608697461000919	0.780388275223078	0.710539739673878	0.707709798671619	0.831183982652411
0.735876201228584	0.738433822662474	0.561723736987964	0.710771406531295	0.662964798852812	0.647353840951932	0.727531944421053
1.00593218862938	0.973950871936402	0.683951659457217	0.991547453760202	0.839183226105061	0.862313050613818	0.99646893683716
0.853165117513671	0.843575104010888	0.632619469007175	0.804375835170043	0.749614305522292	0.744151124441322	0.884679867589526
0.505590421936642	0.510833179677047	0.606140810413821	0.65110163532295	0.613200946391385	0.623899012354637	0.854085599422896
0.908205563853236	0.933925586481217	0.628465340044985	0.836580358251486	0.779077664185282	0.800518905198916	0.865107847316136
0.640004424744295	0.642907314616766	0.588813783481622	0.728415716751091	0.658717753389993	0.678061216483917	0.777699116422693
0.787324612789159	0.778660052193298	0.604440870243403	0.752356881444367	0.718271030965592	0.69920689368728	0.790925602614066
0.510527968041042	0.520434674340929	0.575788646238233	0.667520151813849	0.618443448378697	0.630228690756386	0.765044839749586
0.891014121136301	0.892133401364393	0.623796847855814	0.854336948406482	0.787185225473641	0.781988076774395	0.836431046483588
0.957506223467274	0.965866149867749	0.597055362171054	0.823006877425679	0.765072010937576	0.759012206468881	0.748310552889092
0.569477367591701	0.552481404234479	0.576964693787936	0.664413220871804	0.639035186576761	0.620546389490108	0.769378653086885
0.862644109673273	0.889859339663471	0.573869735656406	0.755826365276618	0.751495345532484	0.748130423540349	0.692137313266616
1.165078780788	1.15601991137851	0.665092789137309	1.00493931722259	0.993177354637835	0.99097814072562	0.880245207460182
0.724315805264724	0.728044840926203	0.603763290824498	0.73204180050284	0.700304781144223	0.680644917110434	0.786252437974339
0.788949146444687	0.778101063456853	0.619709680391486	0.807872515524005	0.746861265354186	0.733250975972525	0.852093292570928
1.14810227778741	1.13997162261088	0.683053469481333	1.02085588701335	0.94017569232031	0.947048326768269	0.997528003706106
0.703874583901584	0.725095328835798	0.571650869438484	0.704060687421433	0.685938936508906	0.691332993360608	0.694469843661939
0.963444295623133	0.967401127664464	0.635439899679608	0.852662598868382	0.794416714010649	0.813475003679654	0.86437880708303
0.60531881860582	0.58157286275681	0.617072800632735	0.788600242455965	0.694306468573451	0.700841204833776	0.85553851891447
0.734182209517218	0.739887252527195	0.610033096011667	0.793734646598588	0.721697237549504	0.723789922603976	0.845314572400469
0.848631278132327	0.837930903739647	0.587861672576062	0.747828419252942	0.71106806787555	0.703521196646818	0.726403882161262
0.647399749282096	0.652124607817853	0.617241531953228	0.768424439821327	0.685682498689723	0.70466428977215	0.843640855882887
0.989141195278967	0.996235837266384	0.638413962996269	0.908491843031838	0.822791328776623	0.827511997089772	0.887560038779623
0.499844470864946	0.502632175449357	0.587858993296139	0.625407542104562	0.592797079350338	0.59303563897118	0.785280130696588
0.682539161231012	0.688330413235102	0.519646884378853	0.627331289262351	0.616720094580157	0.603748559514386	0.628008262745626
1.03854502207896	1.04996023269483	0.625009574895321	0.930666071307287	0.833453030963057	0.846770836884541	0.847173359129237
0.957099474102012	0.965666228634914	0.652095164318965	0.884946978134857	0.815006631519186	0.815037500444586	0.938764647634889
0.807105035547211	0.818591168462683	0.609356425665874	0.801584898146578	0.734145332881419	0.751470233843786	0.855440379484451
0.56170436933251	0.540402395668687	0.569378881520775	0.666729929769704	0.634768873508919	0.606128647323652	0.721540353749532
0.87873921307111	0.862626001568404	0.634720984264315	0.878688246277275	0.796951208844283	0.782343745829387	0.891872214656547
0.616934287074995	0.613994853190422	0.62394784051246	0.764847689370355	0.675255117404172	0.698065494601972	0.897351636110747
1.09544174367997	1.08094712120555	0.640915227252802	0.935881718880764	0.850660320534745	0.86504860438973	0.852200606291865
1.01944460015384	1.00517285924478	0.640832726348337	0.881626967406114	0.829919548483825	0.82692804382007	0.827530144376991
0.945495923751273	0.938325453210245	0.633117463670385	0.845237373935398	0.80980127930932	0.816101851734557	0.893267086570691
0.939786966013597	0.953335094436143	0.588939488620971	0.799653991159875	0.739689962658765	0.754150824433576	0.741633488430742
0.921523834405834	0.910996406691891	0.630401612119821	0.857169125240925	0.769106387902292	0.774485491800451	0.858659901565889
1.04620215984733	1.06649702312902	0.64031004826679	0.972378409382335	0.857423623964312	0.873135461671631	0.909503167102944
1.09693752241539	1.10800873126462	0.678349882561472	0.999991202769618	0.888596509666685	0.928183901833754	0.977260993979855
0.697229604853537	0.701635416605539	0.594985643811947	0.769005522295638	0.685133611726239	0.700482941495596	0.79193198890964
0.723347053819548	0.728711708905316	0.563893466530081	0.71053775554234	0.654384670941923	0.661396721213185	0.739130614004961
0.61759589617547	0.625348288756833	0.6075253832207	0.721576110068084	0.663142240422794	0.661636951953634	0.805249200259083
0.891712736210977	0.89926294520678	0.613104444606737	0.837824005264497	0.787733234536448	0.784517591151258	0.821963035334214
0.79083649483185	0.784962982014634	0.605425819502922	0.742298623530683	0.727494892040856	0.736866929276368	0.747892275417195
0.494705421071536	0.492435657761507	0.582622858786175	0.615158484679614	0.600525247234799	0.605977603473347	0.76202664000376
0.835673043722862	0.822772263696465	0.632093407348042	0.840323289907946	0.883798084394133	0.855786716711664	0.809232942475332
1.14763315097575	1.18751645993526	0.656546358526543	0.963521849879727	0.968409000075139	0.957485732594918	0.87307467075673
0.928746107292659	0.978854136563201	0.624378573209871	0.871006405255304	0.908593040973695	0.886035957365274	0.770958130164488
0.933297227878077	0.936369172743303	0.628197475151238	0.846199163187004	0.799035026283694	0.780828524625149	0.84418672076949
1.03876164733325	1.04566984785315	0.631167532214285	0.910447051901222	0.836527472979625	0.834430504845917	0.855273547640909
0.887854199359853	0.87752680375925	0.668648408172027	0.931632965386932	0.829017636104011	0.839909936005296	1.01878428422082
0.760699034781559	0.757195395876343	0.548767473422762	0.689736951073889	0.65582261723348	0.655352222908531	0.698488042588294
0.621633872066519	0.634633294095738	0.622653830989636	0.754032357641244	0.688044048684609	0.69776876374221	0.878391211232725
0.958760132666587	0.946433521665892	0.626256862958886	0.872586199006956	0.790779636841068	0.79643519081685	0.876962460044978
0.835233740465451	0.833284718682437	0.622100256963171	0.833457434156631	0.834110732922093	0.846174766797424	0.795146629401557
0.530954856963	0.535289203303783	0.600028312687556	0.677361855499291	0.638394558487818	0.646704471432624	0.839240442630234
1.26884425685243	1.28873145124338	0.68281191578379	1.09004449514534	1.02891552444572	1.0441445210501	1.00657832514445
0.99506598414214	1.05163374370971	0.64585217147168	0.93270210338471	0.942068947643289	0.951593095754881	0.874777215854545
0.953269984139975	0.999662439813726	0.640081557338893	0.90242494031168	0.900756543736877	0.916498791007376	0.828031498634562
0.961845389776974	0.94691008983597	0.604257443137853	0.818833775928997	0.809366775852009	0.793864021857526	0.767936722831222
1.02523171369038	1.01899515497555	0.611729925541159	0.876149880821386	0.817148275118866	0.818189790419982	0.784811804906713
0.635861853297434	0.669734227683102	0.625632009227091	0.795439576776727	0.705156037989249	0.703090806076361	0.884837070978692
0.560013598201164	0.564389786918537	0.594963303880687	0.699451832199907	0.664181808625632	0.658357285046708	0.783158446782773
1.03633106173228	1.03469760350805	0.674450613182899	0.984615843968332	0.868393214671491	0.891535818453329	0.987837160769642
0.984809675105883	1.00147670861736	0.641741052589202	0.944255598880845	0.834427387301515	0.817108475118476	0.938290460746699
0.778877308195801	0.763818178427113	0.59575604775281	0.732581748493366	0.721083682320652	0.705037163907736	0.759395043863669
0.824290118654137	0.821331563976206	0.631166046860189	0.804526525584806	0.828961011847548	0.81138538640163	0.810483012087969
1.03569382181582	1.05355600989809	0.622748216546809	0.880670884957793	0.837517330237459	0.844935571655732	0.831474097862107
0.784726460868893	0.772110278541346	0.565890728346685	0.715861617413397	0.665270383277694	0.685394512625828	0.719743824363715
0.819384597321784	0.82445309868948	0.675777720662122	0.843681845745192	0.850742254068296	0.854771919286945	0.813523078514043
1.04959292014147	1.01696272111491	0.60495002973027	0.849642914394747	0.826051542134766	0.814039752076983	0.782402624491764
1.02161116517223	0.99634997873514	0.6468967972628	0.889985193080012	0.892585605002802	0.875107134201341	0.860032249902572
1.0054919344175	1.04180562934102	0.66212441919142	0.912286411088548	0.906273454578455	0.884273791604303	0.901153694564921
0.994559964251243	0.988698853849352	0.621527877272613	0.840692122060854	0.821078309868071	0.803764716229681	0.812925154554576
0.867887427109969	0.873248266513027	0.557880150700311	0.724111927436877	0.723212531004779	0.717405620256996	0.664970590052892
0.836869451817987	0.833261690830576	0.572793179419883	0.724613594943832	0.722579826064802	0.739979388020878	0.701959190793476
0.769773131328789	0.773230163046506	0.586735006363875	0.744680735311856	0.696216572321064	0.699677350099113	0.766689594189078
0.833894043155601	0.858942239947521	0.610931499408191	0.825477533028241	0.806523615850667	0.811844592743919	0.805186945882959
1.02403026146044	1.02547140461172	0.649140971128996	0.929641868334909	0.865935566149944	0.861455242748616	0.918208680124477
0.668502068838181	0.670223925309231	0.653638583374054	0.842998122600046	0.748215738889929	0.730756679942608	0.926938251464592
1.07440022188916	1.07836948160735	0.661855115098814	0.90519160299367	0.883889319538309	0.912899540509365	0.82677928579156
0.954317103193227	0.959550592247626	0.648864012043942	0.881256736742605	0.849977799330742	0.829709162380588	0.876704028550742
0.590142844317044	0.598165052204409	0.571058766831049	0.665253467931949	0.614992043583331	0.629660340327453	0.750716097948822
0.830180457584088	0.837064099024121	0.640920686571031	0.875015853876601	0.7659134377117	0.77097426798955	0.893344412328985
0.625098251791731	0.59733834851597	0.625952854280603	0.78356311966677	0.711951358396429	0.698040192480537	0.866578015049819
0.537953207567421	0.544771076765545	0.54981013942522	0.624833964328769	0.589140637601475	0.590048866337294	0.695537818867993
1.07756202429538	1.08905139923008	0.649591066255254	0.962721419772143	0.88717212116268	0.875286484739714	0.928179215561897
1.12087797214668	1.12532627839718	0.65534912711886	0.987927737817014	0.895152776032549	0.890808699190916	0.914310529755336
0.619834685687617	0.612835921819872	0.592697187129081	0.717347858418786	0.660698052583419	0.650706069423592	0.826372313936693
0.956105400254221	0.937375021536191	0.655825959277344	0.885902752750083	0.836012429245085	0.828022123368542	0.978213798216342
0.828572020117828	0.85329948399541	0.596877185828637	0.761720973500329	0.700361469986757	0.709022816566078	0.765204532977184
1.01369568959575	1.0621341377593	0.6351296648306	0.854433201544249	0.906526393081266	0.915871641996595	0.770579721832032
0.628075702955593	0.636295875766588	0.609463022335184	0.788881055254221	0.697486485085074	0.704221775464991	0.847096829799834
0.869215845562768	0.87144437086107	0.574509335246241	0.748268312281447	0.703917526079856	0.691901438476609	0.691568183145612
0.562892863431836	0.577068443838742	0.577188365523444	0.657505676863858	0.620985979089119	0.631715430779002	0.755830721384212
0.912759947814666	0.903756247163658	0.605517680119214	0.805629072445097	0.734993596612335	0.753805917606552	0.776408415280843
0.886456532263522	0.904583143351948	0.595164081312703	0.778951662009008	0.741082431024858	0.751156872628123	0.758970942332385
1.17241437214109	1.17197822655871	0.658540950611934	1.03317121883615	0.939205463582429	0.945149633662285	0.905818674659283
0.504440695254949	0.485041718156439	0.587145098381368	0.59796988703219	0.592995653202986	0.58891534411774	0.78310111199976
0.894664340118323	0.890269018356919	0.618528649321253	0.796420698404995	0.775507515056548	0.751080222705891	0.808145738705459
0.792654520717713	0.783940570531811	0.605408805458082	0.808174390363755	0.722817817945691	0.717302338271193	0.823950613820017
0.850533953684038	0.862226981063406	0.558025334620213	0.753251819899388	0.704976473468577	0.731754009774911	0.701512047981345
0.851252867786076	0.860229245476066	0.650607921067417	0.872733484575524	0.794643586163469	0.771531654973156	0.940244433948076
0.833810408003487	0.837113845237697	0.61162117466483	0.818162146752712	0.728242478826266	0.741879570718359	0.828023819444642
0.854138099852006	0.874733512057898	0.618512630794172	0.796508669567225	0.793586453064607	0.801107240988938	0.807657261919076
1.05477518771835	1.08151037186002	0.689596679537121	0.964197809307508	0.941279642061827	0.908025106707341	0.959905024073892
0.890429218970375	0.904393979279624	0.597290068965564	0.805806036083134	0.747282682876424	0.766990060808369	0.805572488529394
1.09308479768889	1.08811309163859	0.644468771786906	0.921626603657909	0.866777351285247	0.897506841691512	0.850133746911871
0.87983821228695	0.878476584056258	0.598282742088939	0.779334112592377	0.733078378723552	0.733710841591893	0.769476265725503
1.22973789353672	1.22253013191835	0.688446029153348	1.04160588660145	1.00083107660576	1.02931542859258	0.996061665591552
0.809836796332663	0.833036091521409	0.609240255998191	0.832434755582111	0.761044433154451	0.750807921056219	0.829391050463736
0.560489661662885	0.589143319986716	0.578521193648113	0.670650078869772	0.640912000783261	0.634622832686359	0.759293982952636
1.06491324715825	1.07467265117799	0.649830588357614	0.929579885271398	0.858187582244542	0.86871420559788	0.905113214458855
0.856223798258337	0.856870814070657	0.618093617765228	0.826719165099554	0.75573746455304	0.766009775813905	0.826884671190455
0.981327228834671	0.979311134095275	0.620385681896751	0.858754417237996	0.798300356574816	0.785759890365089	0.782270493959356
0.51593073726415	0.519499598982678	0.590909665378833	0.649540185816655	0.609690500348706	0.601917837651713	0.774217965146921
1.0585177750737	1.07976821088583	0.661288352762511	0.9560667914317	0.868287856430569	0.885537468874978	0.965885804761996
1.16981392700304	1.16809499127654	0.646533520883783	0.998883323478008	0.963482988508182	0.970364481150691	0.930729865822027
1.12903263097488	1.10516220828746	0.655237193168871	0.95298287637262	0.906898640248581	0.914831278487404	0.881344031797169
0.956724156160425	0.983529958226472	0.663068263777795	0.911585988748687	0.994635893271218	0.982670513423031	0.89144561878979
0.718720760096083	0.716766977782552	0.564435752149643	0.696555450279204	0.656777759820579	0.65187038783493	0.730962356347773
0.990872799035711	1.01575534447683	0.634492311298268	0.870102271531875	0.802408243371116	0.830555778166563	0.815620954187111
0.901265191134205	0.889431832009817	0.596321274163728	0.803393036528867	0.758314996266491	0.73569150407215	0.741633074313494
1.21835523069471	1.21401894269093	0.667211780622177	1.00704571371862	0.973138368415461	0.987450227868117	0.899541689685475
0.890610892400228	0.878893883584278	0.658749156429574	0.858421113003426	0.899817269328394	0.900370405938261	0.858487571003483
0.952478345120207	0.948966442408953	0.648677719834668	0.935567326579317	0.818987833163639	0.797090815950781	0.923860420612876
0.833403278913458	0.820223235796104	0.652435315103691	0.813232882656601	0.833625423423355	0.832527899812649	0.796305764613827
0.506331098976797	0.513128807969566	0.587472204062111	0.652988396068523	0.627049311060609	0.605470836817051	0.780401031489351
1.05807030796886	1.04231089965676	0.631508700458055	0.883201913581014	0.848454622518475	0.839114699196052	0.818144916606324
0.950053487466278	0.942967898758156	0.638946543471601	0.88173735981119	0.82984113119874	0.825247588636226	0.891105231694719
0.953880703157812	0.960189361001748	0.621377313817423	0.824513780683669	0.776419386451077	0.777245347606668	0.806022462298782
0.741330770147597	0.714833498180911	0.600843659794067	0.81739657593632	0.737220302276216	0.728003283816824	0.859024414882728
1.03312146697263	1.01820438408142	0.623767670335852	0.891286892674716	0.856542198379642	0.840102611674975	0.805252887785112
0.888270836143193	0.900529395846236	0.626541306510299	0.850348625941541	0.762952582759712	0.770127206053532	0.863819292492152
0.974259140567172	0.988511629248515	0.635238465860631	0.859475040835221	0.840117823094202	0.82828524447459	0.845582368088278
0.575861462356596	0.547947958948407	0.629044089894351	0.746355327374812	0.697034759469362	0.693817604770028	0.904539684481589
0.994530774086758	1.05117740050201	0.659402786147321	0.974909231299883	0.858692760691594	0.860643870477782	0.9280856606704
1.07044098616549	1.09479037617651	0.640575137100477	0.899277610179059	0.916566754405612	0.917532305834438	0.83313659498319
1.21991636786645	1.20785218765707	0.664447355035952	1.0372085339555	0.951700441480206	0.963836906192181	0.887793639356795
1.04473658214795	1.03564950764233	0.617831286612296	0.894375982550677	0.833418121560175	0.847349713824063	0.813147071327192
0.952865433668029	0.936749584426307	0.590686387430577	0.812171055438135	0.791719505295191	0.766791144788834	0.755282781600764
1.03478502954794	1.0201363559968	0.611681195623855	0.878104444505064	0.829639625741724	0.837414996279045	0.848646463858941
1.01232791038545	1.01264302952735	0.611838789929101	0.856269482301762	0.809647284643423	0.811013378596522	0.814339722913676
0.815737281971472	0.794629066559403	0.629116566325786	0.814355065355433	0.747422741479843	0.733694858104528	0.8897177078294
0.842306045964276	0.834596755259691	0.608365498518429	0.791577095434262	0.740779106583952	0.731153442787579	0.795608159128889
0.984812060759076	0.980229729870609	0.576372000439393	0.829290854793684	0.767635688889756	0.765239779734078	0.716007571245625
0.848149932013947	0.8256060101062	0.627084490675119	0.814522754176476	0.755611789237034	0.758758314405034	0.861481069716301
1.02585677468477	1.04587083278385	0.63315096061031	0.898994309009875	0.845427631247372	0.8634105982739	0.827669578787239
1.03160769666484	1.03064082391092	0.627646997961298	0.90959598328565	0.826522634173116	0.830285866232895	0.832051434744777
0.565999428139981	0.561117595217512	0.560656039227678	0.639639034292087	0.596811651510465	0.60786622205682	0.714203662376667
0.811881817814056	0.799898253357427	0.62151014675776	0.817172193142054	0.839035859688162	0.847620944190705	0.799389764106967
0.51383833120917	0.512134599052764	0.6025458548454	0.651120514275677	0.613310406335425	0.621061086603028	0.813217559958104
0.914326828440185	0.884534654421332	0.603126901737896	0.810579258850303	0.778110202851863	0.779262801582662	0.782459990021525
1.11933073431359	1.12345919117424	0.630089445704067	0.955605169438823	0.894968637336043	0.894889035258744	0.831405680175936
0.876644687222073	0.896523665312104	0.654144126015211	0.857675452436416	0.872616298272607	0.873012915010179	0.850001676824271
0.989490309028623	0.989387246862952	0.613928317803216	0.857477045231765	0.806741636962303	0.788258561469196	0.80495177580699
1.10185038573747	1.07155325565871	0.648163847945955	0.965468284397418	0.922736817498776	0.897290891645698	0.924639354357779
0.553293989128114	0.550557101554107	0.604680894625443	0.68493849774467	0.632098522219853	0.64104665922435	0.827991194005021
1.01605494865091	1.03153838031408	0.607968329071173	0.906651477177339	0.827610278190099	0.807935770260104	0.836712049995968
0.798206836287316	0.788486935377631	0.655284124684248	0.798174962495918	0.800231709475625	0.82322511217857	0.769624920862469
0.644714839103234	0.661183716528322	0.589915874464512	0.723367816572516	0.660229868692919	0.64583579117097	0.780950168465965
0.895298360506516	0.88113692276326	0.615225923908379	0.821705114805297	0.790614520583897	0.802302225299486	0.80571390973769
0.897624248488768	0.897749198663607	0.570543004143145	0.764279075901726	0.740702265022629	0.731442723003738	0.709072707754562
0.91893416792195	0.951934043895466	0.657921263876553	0.89923689526441	0.936288869208076	0.925770660615351	0.844860710360992
0.957282939235413	0.941680868074049	0.594806870310672	0.822285793101186	0.784109454472643	0.750603356030711	0.757545161644636
0.796358609918807	0.796947439460801	0.643212187813973	0.799084085389707	0.7310141927107	0.725344081718412	0.889597867466884
0.98048215727091	0.998662978823828	0.595105507039889	0.798320364070904	0.795557692930108	0.792755499904952	0.74052247628736
0.964837389881238	0.946885671583922	0.617764190295887	0.829054173699949	0.842351091753699	0.826564006788875	0.816515940566979
1.08354495194345	1.08400419748563	0.607606140057954	0.885528239853619	0.871482557643155	0.856963774141954	0.75944894868611
1.18359765062662	1.20923295221232	0.638562542384183	0.990169087564069	0.932507076206013	0.934157362685046	0.825455668813478
0.870950119645804	0.878310307758153	0.612138937849531	0.824677269377951	0.734321101187309	0.753853747543376	0.832285201282664
0.984735943295802	0.950948116635145	0.640873224737277	0.885683278432167	0.820963548719242	0.835299508962857	0.906097492935216
0.550058726027901	0.53789780863495	0.595784456457488	0.686055863004172	0.627210962862988	0.650918029669727	0.804608653807915
0.826059812590548	0.82240900089642	0.560340239653449	0.710290864678551	0.69256842674014	0.691691930510282	0.652164831049356
1.01798918156554	1.04173843073691	0.648316441013664	0.949833679833966	0.844030176602196	0.852976255605264	0.920648114057759
0.636388663019702	0.640359504991115	0.595273131315819	0.708459296723872	0.659131379580936	0.663462459792681	0.768430137515905
1.13277142292902	1.12758477644633	0.651724406591048	1.0015389254136	0.941041343397493	0.943827047557768	0.935559241200269
1.12233443799033	1.14733460756917	0.629461015636311	0.908476208914593	0.897738151701345	0.890556689141807	0.780163573478517
0.819224505731855	0.808057358119724	0.556007086933381	0.723081897565045	0.698765891857255	0.67526792823445	0.71318507867231
0.791645966099876	0.774070494565768	0.560671346707655	0.739955588282769	0.680625685248343	0.689541013430745	0.717167906318276
0.605388037028718	0.599875386422935	0.622265154430638	0.751435291202791	0.695273103102358	0.662444119221909	0.849755043065933
0.667476838070224	0.650369858680835	0.623411991939849	0.730096633385486	0.669225090689951	0.672739446167734	0.818546179029317
0.622203236681359	0.624593817985198	0.551484118424969	0.673470361435623	0.624177871673521	0.635525916207855	0.691677055860372
0.934237864100892	0.920637734138969	0.584199292525423	0.76611668462789	0.768535544548354	0.7710714491807	0.722772998748697
0.688448767585396	0.642512196376129	0.590943204020904	0.751610039572232	0.6764831538476	0.675921338342184	0.774333435557161
0.727901604619352	0.745352862853339	0.59820658083717	0.744345461335174	0.689423359591436	0.688396953948162	0.79628033413271
0.727091692073426	0.732385225255543	0.570202978929017	0.668715676524919	0.652400739066077	0.630932858981717	0.692505032953851
0.81806537604893	0.826872815121534	0.588870248902294	0.744747641576736	0.752247512677236	0.73488675878932	0.747059299245653
0.530473673901776	0.525830046345026	0.610631168683055	0.678835473660183	0.639653887826248	0.637652023181249	0.859749003459347
0.611160905904979	0.63075227052171	0.592021621473426	0.7414102289722	0.679879981506355	0.680519089032293	0.818609069804005
0.891454138715945	0.861538441909269	0.609263521909958	0.789898878446619	0.790619058092719	0.807725804696224	0.741250992312567
0.740749441269356	0.734700503018427	0.57526275409002	0.706586676208514	0.643893222686318	0.675155157219592	0.730557387639952
0.671944922607315	0.634349360204691	0.617167010328253	0.798682050492947	0.705474593794514	0.706170041505296	0.841047786488801
0.852843808750604	0.850772686016154	0.624157842988418	0.788147499837926	0.742919354074957	0.740423047431148	0.817994666835299
0.505715577553803	0.492938432615662	0.597654651317835	0.624205714471719	0.616470805808416	0.595103763505689	0.821621274485176
1.03406153139043	1.01821524205468	0.649153356862593	0.910964900866068	0.828612268533803	0.839864244894178	0.918406655099194
0.805071419323893	0.778936249386677	0.59757773298731	0.751485185682784	0.71525039799556	0.723209412913122	0.814351929157462
0.933892914851777	1.0096359620558	0.683508501713791	0.991893993351117	1.01283628574205	1.01540673116845	0.895838037615236
0.588092084679543	0.581818734733139	0.660150397726641	0.81030105177142	0.724229832040163	0.714636045171076	0.965557187684014
0.725063923095044	0.712813471459279	0.647758997300185	0.82898861830369	0.744660605661328	0.746209419045165	0.949069836058874
1.14184605633301	1.15344959813416	0.656859744689538	0.976230732343672	0.909138678361914	0.921834153277958	0.905126103427432
0.826282556565718	0.837003238813614	0.636187488064331	0.815488361551424	0.740680866966211	0.757116432737329	0.866484851447574
0.764410978800948	0.782818287160057	0.63894386424581	0.859136901714742	0.741427697459029	0.763106120326935	0.930867365236618
0.668713806609588	0.662147732942397	0.617886569492524	0.752952799124401	0.694707206211996	0.704863188512636	0.847248942225629
0.563327619308337	0.589941957224696	0.650364166132223	0.764856270622351	0.689891113438846	0.721233778945943	0.986259351714054
0.814767902636715	0.820775062743047	0.599868102523543	0.773056787595641	0.729505671089879	0.716036665087607	0.812959031023265
0.934290858484833	0.952004208239455	0.599540569013877	0.801092946846865	0.752236278956525	0.766702122967249	0.771922490091504
1.07666668777318	1.06325609464085	0.624343176350765	0.916422694061876	0.856598484556928	0.869311223389207	0.82702278671088
0.598339165564592	0.600011656896298	0.571045842698633	0.695424179300793	0.642378665378594	0.630408018997135	0.739578576115547
0.941750673369665	0.93522819920196	0.644078181020612	0.901624026109231	0.809209492621473	0.79934236827264	0.906952923672971
0.650528574760642	0.654144594440379	0.518910775171555	0.601670551888764	0.58380547785603	0.572689719176188	0.605377448789449
0.898546481629726	0.913343661634892	0.622842725339695	0.854373343064839	0.767723326819858	0.779139160693399	0.840640857156547
0.886057154385794	0.867505387244771	0.62371065379744	0.84322260399531	0.758007014557034	0.764522667296412	0.89061687810665
0.681836456931546	0.683947781413781	0.53789591191725	0.649348961898324	0.641639027030408	0.622837620145972	0.652837235066159
0.488543898114776	0.486454971998714	0.566138311186172	0.600326404189391	0.582642198561907	0.56905044225253	0.766862368251073
1.04816733750842	1.07111709174431	0.625761069869475	0.909604493941309	0.875065002749898	0.890235589161085	0.851306497952593
0.8138283105736	0.818885715641472	0.587954531255077	0.757526614828099	0.740928453134537	0.753916810916561	0.770653717394863
1.12703994601146	1.12291758192234	0.642616758092551	0.962768350271239	0.898250638142503	0.895593266684027	0.890335957436561
0.897247022259071	0.885878476759943	0.60156715315671	0.802877736363568	0.756166419371193	0.745795098723356	0.791697293735068
0.828906897304177	0.866036478699861	0.608729084206508	0.801992182403189	0.773636766526766	0.75392808320803	0.797330293545721
0.526183340124099	0.518286743136459	0.615207352217117	0.690120253591119	0.655358694953833	0.65078023778351	0.910265526042009
1.02799473825087	1.04487312236114	0.637153034083502	0.897447908211587	0.82744323742228	0.826826578247787	0.842281443591978
0.826310804277886	0.828511795528336	0.562965852735757	0.729301203632387	0.68448855033948	0.682363938270898	0.709411842402118
0.991183323389815	1.00055011020384	0.614608029543989	0.841179036115316	0.802430478521357	0.821143872262224	0.779247757911303
0.822726022531792	0.795452338131614	0.626788876325186	0.875716673440972	0.752010173679424	0.766229292781616	0.907831012009448
1.11848306693677	1.09462564364909	0.660888980923286	0.961205252026015	0.942201238385475	0.922807872237148	0.930336885738362
1.03376693246295	1.02407347547758	0.644012410325141	0.911204701505231	0.876721893608232	0.855055862097079	0.8630731870817
0.730809288850899	0.747529339762098	0.594326835294531	0.756163065886306	0.692080282116313	0.692214363375193	0.774486430202117
0.960367923999019	0.958672017334703	0.618697878619479	0.857210613489538	0.818849166529848	0.807316432052464	0.856874716843013
0.983933677160968	0.99307645246969	0.617718184163823	0.825195192221222	0.835723138103904	0.836504360365008	0.75261960255133
0.892141658011534	0.917837562863553	0.622468387474874	0.83049410569844	0.756161535373527	0.764666070119062	0.833043437575797
1.04828894006479	1.0410419303115	0.640073787106047	0.963862288626777	0.854004964513015	0.863471605107366	0.897452127515177
0.809014452338446	0.767752968550127	0.656677650246949	0.836004509638092	0.888666571591298	0.877136868248853	0.773221365198694
1.04594057845408	1.05093434342363	0.62328189023007	0.891446945387555	0.843287870172927	0.841630476281144	0.854707007614496
0.675043937809527	0.665416193965186	0.594981228272335	0.756378295239153	0.659667251330482	0.666068743648291	0.80127086139251
0.95779181372436	0.964048134570929	0.688129189132177	0.941072025801662	0.84897777714789	0.838179275339234	1.03856987027373
0.918082003903795	0.924174638219678	0.632333777571143	0.877892715121057	0.800709492352898	0.826858150219878	0.902380216606135
0.575431088286253	0.583474633063481	0.581655526707805	0.66076109821169	0.593710574089994	0.626618878853751	0.739897886927809
0.576626358549482	0.553736722636611	0.608649505421437	0.761521267772891	0.679062284596257	0.688747357558849	0.852128365521136
0.527327664116853	0.531789606840384	0.647234921566389	0.640762188319312	0.614696478561197	0.629844026715469	0.969907785174416
1.08687715532221	1.07144156200601	0.653482042180407	0.961692333011176	0.877312278706037	0.899203666511407	0.905887501422358
0.845387862362546	0.83055679677174	0.684367657834682	0.836259107180127	0.881580511558942	0.879104574644355	0.826795790746337
1.16810238460808	1.15989790996759	0.679754666414832	0.999787451802505	0.980737397593527	0.981877862071873	0.92628010879226
0.682917546591666	0.693224664257375	0.546614031884488	0.656895664599132	0.643528325430623	0.662627421630202	0.667509485939963
0.560922370276337	0.554748112869983	0.574482842592842	0.690624058731962	0.652938178336518	0.61992868570945	0.730269312144704
0.740822426173657	0.753614454437219	0.642590694215924	0.868032138981077	0.762106630032943	0.754327782424301	0.927103478064387
1.06558416552259	1.05684467192898	0.652188051884927	0.950388713700186	0.870273687443335	0.85869121225202	0.894442215345054
1.06603256000788	1.05358852737484	0.646597073843805	0.910444426938669	0.852380281395554	0.86338526596892	0.863791111865078
0.602500786139703	0.665799282474658	0.588184826652707	0.703159857916117	0.679380576417479	0.677830970635639	0.793966806847427
0.766169439270344	0.773938894323718	0.612388327779234	0.78741303323607	0.736754780180883	0.736292444950391	0.852517895072607
0.850113137655279	0.847783432159281	0.659319440039773	0.858410699519849	0.907373800704967	0.90835808504034	0.835069093182483
0.941783961906929	0.930149074207796	0.615761033513845	0.828540796100367	0.812857844338769	0.8022410584701	0.817158785418199
0.954030840044742	0.946040658290962	0.558929977014787	0.775207766334759	0.750155937416702	0.749535455984255	0.710291800523771
0.897267514029238	0.89349064411658	0.579479809481073	0.746347307608619	0.732178710298744	0.751165293538977	0.697161271453765
0.993565115317304	1.01772865328191	0.620821555124575	0.880970054672028	0.81342119477619	0.816098742943528	0.801200723813702
1.13105866998299	1.14795231262648	0.678671805633175	0.975236407857284	0.989438164017274	0.989282662961988	0.897876805378713
0.869381875022832	0.893178679737781	0.619908486966985	0.840996528469086	0.830073285890904	0.821417919313933	0.829856485351515
0.502854696334799	0.505449881541223	0.561665948264908	0.635238304602948	0.608355456771069	0.611332714843294	0.761885014204949
1.16292025517527	1.12535396239454	0.685171878964128	1.04795299612014	1.03858277611714	1.01115794508719	0.951394816764421
0.771362426092345	0.773448301888542	0.571861387515749	0.719322784550178	0.68938513136666	0.708014656924215	0.734714964635412
0.754084015256567	0.752358995684333	0.662606416644677	0.847566376306863	0.777533460285864	0.780385400442661	0.946692804344669
0.529508639910413	0.523442729989242	0.609165157658653	0.712007939171159	0.639874229540055	0.647900709884192	0.858623719217798
0.953347154249619	0.965543313566123	0.600446558347857	0.829319528773365	0.76371987166906	0.76539277299634	0.764108418639514
0.981009960443617	1.00542329471572	0.610771513283064	0.875111598680721	0.801833143846596	0.803947996440269	0.831891567930715
1.05595451249747	1.06746510213429	0.62915196174724	0.909915277850738	0.90323524158461	0.901876045287842	0.835478811544883
0.595380716341834	0.59050830565328	0.617762261732593	0.767808856297462	0.679337215920201	0.697158953108093	0.872545645130797
0.929753540309733	0.933920713679927	0.617852479683815	0.861935884464266	0.823237465929287	0.814869443465424	0.868672190704103
1.04686877542314	1.03471069707597	0.634333931507585	0.88162881481706	0.846670857024581	0.823990170054239	0.843189057458058
1.11910622430165	1.10895506090903	0.657430013112622	0.964977835799319	0.909009873297566	0.924042259314794	0.905026889880432
0.56800502113504	0.557429447417564	0.604784194549386	0.708200301355558	0.65492708588902	0.667811916362212	0.833022767131218
0.840438708896526	0.843581885086562	0.59951792194872	0.784236243690328	0.724523421338632	0.738313106333765	0.796285820973437
0.82158557160751	0.820070675053845	0.588087066214257	0.753381277031025	0.707135386840964	0.695822391019998	0.765367202871813
0.955554452778499	0.952708830991496	0.611863410970861	0.813999842437192	0.782915666498898	0.773363161517509	0.786168538267985
0.770079415813263	0.767729015109197	0.570625458361195	0.739822647991329	0.686279096251081	0.679166600843609	0.720504534027714
0.874154329028542	0.890364172490951	0.64397717682827	0.837891670265543	0.772821394520272	0.793063241721898	0.885346394854823
0.8506792399475	0.873634735774708	0.591456792479444	0.782169998631266	0.765524587440721	0.739791865688939	0.774658347654946
1.17166559202503	1.18518692293284	0.675636232107043	1.01747292125404	0.951767888923511	0.95515942087967	0.935427135068177
0.552083562511817	0.568592900813733	0.602518671437011	0.727580576796865	0.680005227909363	0.685143474678766	0.836841261249412
0.679328938196353	0.674772193270488	0.581945041773135	0.713246313798515	0.657035818237293	0.661042014012009	0.73850744728055
0.9121942733828	0.941383142283175	0.629820322568153	0.870502070000447	0.778620914643879	0.788169671413401	0.842407489414338
0.821310957530954	0.831357042370159	0.625367049421859	0.797770640503921	0.801754144831862	0.786912057778781	0.788963899371825
0.584786332772229	0.570672997331638	0.619908275844489	0.741899122012949	0.70013759029117	0.698049441267462	0.872118502597517
0.864174908533471	0.852377823445538	0.640707264205239	0.85475557120979	0.85642864655044	0.872202305957501	0.810458544537047
1.0089769734039	1.02514591506745	0.612859249893571	0.851465733586009	0.837339010753152	0.831760057689366	0.792376511030358
1.03542195666584	1.01498891986276	0.638043157366363	0.947439246840408	0.841784931117942	0.870858557343267	0.940419514858101
0.77891695594505	0.76896311416351	0.625391222037652	0.797238181907272	0.707368784410703	0.71987703787899	0.859566914594636
0.636664936081585	0.695677441561421	0.612233051132233	0.771122393641254	0.737361545920012	0.681972157798131	0.879647984668606
0.875986366253569	0.90123228925291	0.615475961644125	0.788127002917258	0.749071532473025	0.741711338970572	0.804360835401464
0.542634090748628	0.534648786793822	0.628394595911798	0.708873583056882	0.664722646146664	0.674073682936301	0.91222270367041
0.681132949246551	0.6975927332234	0.604190685581534	0.70626267574316	0.683643550656885	0.657923845293116	0.777883221837871
1.06690288197661	1.03756877918073	0.65548989907755	0.912797701131205	0.864779565802136	0.853266579785601	0.870034401861679
0.543206799471815	0.521811800702833	0.590286556221517	0.718119916244238	0.671771228861556	0.648864518367682	0.80020622257101
0.896526067044832	0.864168491047485	0.637740166354226	0.872707211873854	0.853995667026999	0.861501507586236	0.823812959550459
0.927727264988016	0.92827773743023	0.630422336696342	0.829725734238293	0.83213691707756	0.837627108299621	0.800070248345518
0.980198633278618	0.997354797160175	0.632759795091932	0.914644609644765	0.824816079371321	0.831466843138001	0.897840108222636
0.906458222000355	0.917709103293334	0.61550767845191	0.819258954509056	0.761704595618285	0.765830415473789	0.821888692096203
0.986558505652326	1.00183561244305	0.632909680207749	0.907513665112322	0.806474012281538	0.805566371237805	0.864837724983949
0.713091284468668	0.685282917316139	0.60085450216096	0.753316024738418	0.682726110012213	0.681948200395463	0.797805644789096
0.755696388169965	0.744194824734575	0.56657466821474	0.723711192931773	0.652099121956279	0.665558792595423	0.705191014246937
0.833345358608768	0.853481382067667	0.609137765898229	0.798729968631617	0.767542229418683	0.758898388719064	0.804497766223786
0.961819686836672	0.958704535547952	0.653963803214649	0.892050354403084	0.811544768185244	0.825059288867725	0.925457608291561
1.11908859160051	1.14534438503668	0.638406619964994	0.985248072746732	0.887415019659126	0.911428804713982	0.869837106863196
0.961783948279986	0.88664199754176	0.619512641370481	0.831830816088378	0.893370390107945	0.901640109975908	0.766329573169404
0.937528342012567	0.939207650026433	0.618427449989751	0.832385087107073	0.786809252206477	0.824108518024698	0.818764467298923
0.922410315233082	0.93388002147406	0.600722153088855	0.810813805664339	0.777772305026276	0.78863813597976	0.81104242356246
1.10803532568519	1.11444420379808	0.633436197165357	0.913176481213544	0.877705797393293	0.876702373538168	0.835988338938087
0.776412148612974	0.753878119568943	0.575977571147059	0.754565176133056	0.691907876563741	0.690097901254022	0.712045938611767
0.860452227357373	0.862105070463549	0.606860063532126	0.783999284913204	0.769641083969261	0.757150192838518	0.76259446940863
0.852864445053613	0.880692855791488	0.546413261646265	0.711589445811169	0.712763538544765	0.717968232229344	0.660040448870912
0.92147450363885	0.923617857500514	0.560722407445065	0.757407103201763	0.731215975143505	0.716196293334137	0.693879004556459
0.711279796705967	0.693649674361667	0.656447378244607	0.830197475694657	0.739563134210568	0.745720744897843	0.954250340247858
0.946097182564292	0.972348108033455	0.679176959134853	0.93774848983363	0.972745714277977	0.977719567682237	0.938418531900262
0.803069698295861	0.823234452994248	0.620245389765451	0.792209452435241	0.719612622428094	0.717325517536123	0.829733303666024
1.00877274691112	1.01243005166456	0.658441479665453	0.946994658212292	0.937304501528527	0.943787674318636	0.898086532047667
1.22119357677834	1.19521060741073	0.677616034635876	1.04817193887253	0.976346732174812	0.991915723422988	0.972205258843998
0.944301966816994	0.934458888822658	0.654640326872593	0.904577453172699	0.818772396363413	0.849426858139151	0.957804209058407
0.741173992917956	0.735689246202761	0.555596727875486	0.683938462209102	0.653567673914698	0.651947339590068	0.682379927252494
1.0861785069521	1.06763240081673	0.621525985130132	0.925946298669002	0.859158345047139	0.861704718006606	0.828536656105423
0.987593751045209	0.961814076539464	0.618389717967504	0.874407465966007	0.813924538764889	0.8194429778708	0.866222952273841
0.533635598444649	0.548053375711698	0.606138149954989	0.706927674792393	0.631167365667922	0.640573595661983	0.75485351878865
0.506495814051908	0.495527584191674	0.596960020787761	0.622235814613962	0.601834409222398	0.596628232114399	0.862451962889562
0.91778229869556	0.913451360297415	0.664150655606003	0.883362809424425	0.883489476098327	0.872962740012064	0.87481795541395
0.785081568553721	0.784515289209747	0.564442889687071	0.758203778374508	0.682589035478852	0.684488448450333	0.716317703621919
0.552060530387006	0.550158737830941	0.57332221259701	0.698296315948674	0.656640691352757	0.628978104655715	0.758383574621441
0.922579463349576	0.911124444764205	0.627919241362482	0.86332989133202	0.778785621410509	0.767708718073787	0.846089691154174
0.505756806336923	0.508043048220221	0.579127875509997	0.624699125479876	0.607745472731322	0.577700875048153	0.738202007092372
0.998976385973386	1.00325111598233	0.642689417016213	0.922727836240938	0.853693485140055	0.858157420779107	0.951194856218579
0.984108817263532	0.986850511047706	0.648814517848799	0.878569396499043	0.83698520875679	0.837797969828353	0.899569517404748
0.935095814367904	0.922176652984146	0.606292809585334	0.819189572411359	0.788909468191133	0.778030514650301	0.818560197184377
0.768870933515267	0.753463703656364	0.597641109687682	0.779884565576597	0.774231561486205	0.77247755023751	0.731844685796349
1.06108535475382	1.06243214157426	0.645830086406148	0.943112451251947	0.859155771258296	0.849906428491967	0.887072137701247
0.731601294893611	0.705183891423953	0.640193199654973	0.827328374255445	0.748144758719787	0.720793809967607	0.927385701767008
0.786043125873397	0.7815117199757	0.606407532030677	0.757113815574114	0.768437278899554	0.777301451794385	0.731631745782555
0.914687709060327	0.89776540676655	0.590524114720636	0.814349937832304	0.746396181239192	0.736982442807154	0.743830592100312
1.05787531132997	1.04295029674038	0.617580012076157	0.876081380376561	0.836019443621122	0.839022932336303	0.795229998704896
0.953066088484114	0.933755224285567	0.586846735932939	0.808536159601214	0.752055139260306	0.762774835532988	0.736441055947238
0.537840236949224	0.534106412569669	0.578721676311741	0.670701973758004	0.641456103603302	0.65529432328585	0.764294159059828
1.05581635315689	1.03666010084649	0.607141963743814	0.87258570582416	0.842095465634106	0.828546716119588	0.791358189147855
0.84707592691333	0.86991095625444	0.562488122100899	0.739919938460515	0.692107109056582	0.707547623517638	0.688932851123496
0.688961655509884	0.67990964410349	0.615091080012083	0.807117968077704	0.716258444190142	0.730122607868776	0.857595811735794
0.917207426786757	0.930278608888887	0.616024612457989	0.830990773236642	0.795410817097586	0.805704846715728	0.827497262276211
0.773559067693494	0.779046030985791	0.596483583457557	0.728009457651633	0.715458407956438	0.708760205061569	0.724282811902314
0.902335645471216	0.910810559549927	0.650670775374641	0.891377647203718	0.894720676762567	0.897557240712282	0.836348634403877
0.60840939525901	0.601463995798367	0.572619865072568	0.677887454001184	0.635555331780917	0.6298297717007	0.744366453674677
0.825784417307377	0.833278247983169	0.637452632640107	0.799921519187878	0.803991307808002	0.819052843038965	0.801217528144206
0.949157284926064	0.969410615128531	0.639805713380254	0.913178123766101	0.80673654014345	0.819702466663588	0.931480391872636
0.798710420762539	0.820789569270296	0.593115948370117	0.757079777891239	0.759921789092916	0.753594906162117	0.740525953964164
0.846896667702072	0.854018697547004	0.598979221557096	0.790968690337629	0.781310468421973	0.793838780289846	0.751854916589355
0.903369101088165	0.89249958836106	0.612149575185026	0.804218394512201	0.775598010740517	0.744460402293538	0.795874366042573
0.530484818819922	0.52644777452275	0.608422892169761	0.678051096458765	0.641308975560593	0.6402734208234	0.837359453793706
1.02160752885767	0.993696695806478	0.644718480119393	0.921990568123597	0.838703041752474	0.835580276389541	0.907046841018983
0.717821354535109	0.730262038983925	0.596228157995149	0.712163223833608	0.670654725854196	0.666470763938334	0.789755416314011
0.623952044051038	0.5972355180106	0.630211379118346	0.78644818555856	0.699539387221241	0.690187780234287	0.896776035584668
0.731073134904249	0.704231182010016	0.60623070994642	0.777707023941082	0.70901280534178	0.713798782291147	0.815389010375
0.604812126696185	0.617266977026115	0.588879072934817	0.700018061754567	0.644654634679989	0.642128681640395	0.785251564844418
0.813462724843818	0.839227008573598	0.648670806438217	0.826765054738804	0.840961557816392	0.827456736314533	0.811947744808052
0.904571771334317	0.901736450579567	0.614740903167438	0.799702284432929	0.791248601364653	0.782923746721546	0.760644622125265
0.86161541736137	0.85923437272086	0.610922800133178	0.803743858726494	0.807195233565272	0.808193890296977	0.786908078905037
1.22619233419501	1.24264697427509	0.671138410959639	1.03196237898767	0.986728067527755	0.987369005054164	0.93602276259957
0.878964519127702	0.851453453240759	0.618902198784941	0.764864352146005	0.753582523219699	0.756807763948197	0.777773355204337
1.00614775984739	1.00268866581513	0.616025385131741	0.859121995318612	0.805097334173775	0.826064379037603	0.810191525720272
0.578700525778034	0.601603614118505	0.652780480841567	0.821436066180372	0.730543637240412	0.731983920843879	0.979885197976034
0.85328230222703	0.843061096089351	0.620363551550502	0.796264417867367	0.801053009841849	0.807953679426122	0.776735232492436
0.969372340699685	0.979700890152073	0.631027323945675	0.872083092525697	0.780827562201823	0.799392209513011	0.812910196150916
0.973360181240524	1.01544888582466	0.60169341521134	0.854767147461754	0.800251793788291	0.791202765582506	0.777345494755781
0.592922436673671	0.611109538605755	0.61672466866158	0.739612033086878	0.676860105763322	0.677595359807222	0.857877977496523
0.899563345290318	0.878745934826687	0.635553861312355	0.842047001344132	0.843644557149433	0.822225901694111	0.816971351531259
0.900426473495573	0.904958986134874	0.584886840854932	0.798113806524031	0.750823908010029	0.745116330744087	0.758208034923474
0.979728908010616	1.00053528398145	0.649057671752831	0.882157115953957	0.838087423997901	0.865025331674144	0.859345733739856
0.824353789001005	0.818485979916163	0.576625301681388	0.786413390614434	0.718765503929443	0.713675673265915	0.750139604748669
0.987807152999274	1.00674822754657	0.640881016801638	0.903245099209201	0.866327056582618	0.862320511329049	0.874288749141296
0.989048274353813	0.986311169311422	0.597680555008319	0.847195179085678	0.779175080906502	0.784199584956198	0.778966586562355
0.509925714089485	0.513964537640843	0.606289765702321	0.67012243878655	0.617272282467258	0.625407268726958	0.820615747058105
1.01176257800242	0.978349296395151	0.611434830635661	0.856301581629123	0.831811669698847	0.845485760365893	0.758374658560962
0.813876046697185	0.82858106088734	0.601828953411712	0.786113638412946	0.706463690830928	0.724983900813144	0.799231081667911
1.05051093315148	1.04473126157529	0.604119921197776	0.869919583110656	0.831978839969158	0.820359512092656	0.752876717267802
0.645960023829367	0.617855788636551	0.619483454577107	0.764315068135445	0.68837895954782	0.703881378879285	0.865163906124225
1.11041766406713	1.0687170643672	0.634241004672596	0.946726069500591	0.886744939467704	0.889140493606257	0.893013855555438
0.907950271987728	0.903166639873327	0.636321291175388	0.847309363367775	0.823693517982136	0.825386201847853	0.814404992151693
0.522045904596657	0.501761968098275	0.596130538525719	0.696800385525161	0.65202080558505	0.647841016423927	0.810702183652834
0.780168307057521	0.806422553825427	0.603612049239829	0.776057122908444	0.787394725558381	0.794048330603757	0.732081187746014
1.26269974554909	1.27473572083225	0.677408184877106	1.10217121617834	1.0215641284954	1.02398668168463	0.997664505526071
0.958341074842723	0.980305326712701	0.623671750379813	0.848569556304348	0.829165996359451	0.817210162975941	0.801235254410262
0.660792571053544	0.649343496935429	0.538596082609124	0.638699713882305	0.621129104852468	0.607847970967002	0.690623652433395
0.911006992780236	0.898707427241197	0.605883828143736	0.808918734875011	0.727182973120704	0.739016061950475	0.763298743772182
1.06337805960449	1.05590198616599	0.665802784771277	0.942592629539548	0.899751048290735	0.875773071462913	0.953404437904744
0.80276678921516	0.807730904468577	0.622011180702277	0.806312150964543	0.729542291179712	0.740347120830718	0.894545229190034
0.5120605219797	0.503120953393414	0.573413247230998	0.653262432622784	0.595429408580384	0.606282290539186	0.741879161513893
1.01897273037473	1.0079587520608	0.627452286622623	0.848493690267535	0.829591234100781	0.839424794728257	0.815124405505925
0.903715851269365	0.891430007977326	0.617503992232353	0.807845750862329	0.779841329556609	0.778879506213484	0.801190668931166
0.677981457889032	0.678181224245898	0.627055404647391	0.770747308016976	0.687250425064008	0.699693363953534	0.870093693128198
1.00417333559081	1.01802879415066	0.613988309502366	0.84498508034408	0.80683707812785	0.822279879227533	0.797678742885595
0.889292700256015	0.861358351887877	0.654200889907801	0.914904794102286	0.805616373193985	0.808219210625763	0.969694401205936
0.904651226999945	0.92210598122559	0.605974814641131	0.853353542612647	0.776082965447958	0.778317201373797	0.853978196306945
0.747665913426632	0.769735091173857	0.581398508741257	0.745231547606864	0.692256622329744	0.694207484859586	0.780980333011239
1.12062396907389	1.12515239930503	0.662230093438528	0.974582917522054	0.882641113081698	0.878604862936826	0.890472137835965
0.714321008849691	0.682589601948792	0.5887937547142	0.716412956482178	0.674103788100968	0.677955019743276	0.780660010447567
0.737333410238197	0.773288058173213	0.608499704164759	0.774845914535383	0.716709623951227	0.691797381656416	0.808782594758491
0.856386173580932	0.874526740240714	0.63842683458674	0.85258728946685	0.771091028831445	0.747412165950796	0.898484146912871
0.994643950585974	0.994190548763041	0.624289023712477	0.939590622736908	0.844287933369	0.828762593119523	0.863358807762902
1.0097389264129	1.01208691130456	0.660475648560583	0.921343361988586	0.866694150045448	0.867926815922798	0.919269301541763
0.956732771882107	0.937826136803886	0.592687199407672	0.801416191022278	0.792186159633102	0.787177520294796	0.742087156255326
0.775594686978359	0.767713961337585	0.584086205673623	0.718243873437213	0.717099911414157	0.721159119725515	0.724456717282661
1.26605018605726	1.26788806076772	0.685397445627112	1.07001137366238	0.998634602929944	1.00801078822368	0.96405426068966
0.923130495720789	0.927225184350282	0.642510232935214	0.894868329878685	0.790890860305517	0.803998963265022	0.897814639293073
0.925683593110708	0.907091423397783	0.629625269861336	0.871047168297127	0.786395315825284	0.769279345300192	0.852684798369652
0.893170778919378	0.892681092106339	0.601289619011179	0.795405378954266	0.732267147160606	0.746448891252173	0.781168451010244
0.924033236901528	0.940167121787303	0.620918365744899	0.833884024311359	0.837348303826083	0.834709307698989	0.778045876882244
1.01251065755013	0.990787900353856	0.626708351805012	0.926549121983503	0.825246215412769	0.830868683886891	0.877742863159562
0.570906099041138	0.572214595528188	0.59607313218585	0.684097451461578	0.621980882757771	0.652313914937522	0.80359038913751
0.878031698042547	0.842780865786249	0.565753799776121	0.759019345469977	0.714652437811123	0.710446658327967	0.715383626014275
0.829973462163133	0.842567737236012	0.565401427234511	0.717336326786109	0.686860219302565	0.705261932498296	0.674995644823957
1.1359826468163	1.1209187727358	0.652785740284631	0.964160720815345	0.902990423772217	0.893723231711386	0.884450922914039
0.975568884309776	0.984047261925121	0.620136059300715	0.916443460076181	0.879715071163325	0.880419439861347	0.884555009503309
0.946495980423041	0.927822288073507	0.618700037852768	0.841642163270752	0.807730427316054	0.816652020099305	0.80001870639329
0.984050600542292	0.91157570783877	0.618740164741272	0.860180355096821	0.855352461336378	0.856853570448904	0.785559096895308
0.956128148241076	0.942024893575279	0.623566510580117	0.895080699655987	0.80779346609111	0.803711019566679	0.880089338119739
0.904749327196326	0.920645603496116	0.603037735604768	0.841190435826147	0.749364440983091	0.771999420162276	0.817796254246721
0.936668289140428	0.933017299814349	0.635340559517027	0.862903952400506	0.859264874514362	0.841452562691797	0.832814997887089
0.819292127994733	0.841221539839885	0.601963289633298	0.779124152845407	0.758044870739377	0.732227478359765	0.809565348306908
1.06599504147276	0.920864037948213	0.675285025642196	0.937638324275372	0.969304472179747	0.953256790772587	0.86726307230273
0.936497660341648	0.943397096536197	0.599219858503863	0.801326537191275	0.777929603221978	0.79276413523238	0.7551348045073
0.629205028422592	0.669883552486435	0.639427337802965	0.81878491733835	0.726411659285271	0.724966619736222	0.910985569939491
0.558304356286263	0.548597591402376	0.647055212996803	0.743199785983317	0.678396913491449	0.697198834924419	0.944806935385464
0.703376432470046	0.731830398142448	0.584795356881573	0.751019115388962	0.686718598219916	0.692064459170607	0.759369608723694
0.806293234149133	0.803165025013791	0.585063095170831	0.768384438950569	0.695047343852413	0.705345668713725	0.748211621525957
0.975262481027815	0.986331532255345	0.656373552377764	0.924694759908581	0.82323922156866	0.838819267856204	0.895954051300493
1.11444879856509	1.09740668949654	0.665822776775822	0.966811338386069	0.959597860157223	0.952667350556992	0.829281769672963
0.868980893386139	0.897087597939732	0.581572619896586	0.803457335498588	0.728904355750708	0.74686615567148	0.768691140617698
1.05575319309894	1.05221185156489	0.651179782067379	0.949613506815528	0.851629908367911	0.863518428889463	0.879504188892897
0.750092112369291	0.793076253151164	0.59891180147182	0.756544137595542	0.714685126319968	0.705557678308808	0.78942638696666
1.07310622410451	1.07506624592444	0.655053510934154	0.941438304016135	0.88908749778125	0.886421636223497	0.899116036241511
0.963957426090172	0.997186734661534	0.639185473612251	0.869408316047387	0.811496619122857	0.814410417793512	0.856534964366082
1.19764143934464	1.23517338836775	0.670974424029913	1.06156074700808	0.978286146269301	0.972902458869933	1.00303602614536
0.841227642519846	0.840633109612659	0.606238230404785	0.823945540521839	0.743051475484686	0.741711211170742	0.81891001713397
0.543940138558166	0.526170131922476	0.594991721281393	0.681233933370602	0.606132430640919	0.622184762935928	0.803463821854757
0.657784063849132	0.665197259074711	0.614983252338326	0.7660228199355	0.689923804122002	0.694805873031951	0.883432675793929
0.608206926828358	0.601105191845622	0.583099556480689	0.67693658255865	0.632385559891135	0.625526571878986	0.75622403973278
1.02139477513205	1.03311377993374	0.650659295369208	0.946760853509698	0.922090314643679	0.936881259109232	0.903710402363322
0.693016310360291	0.684698870381086	0.657036058497646	0.859835841787589	0.760107064013372	0.758928633420078	0.974180044266905
0.829419992813773	0.84281935862256	0.543416598003197	0.719848297198124	0.69851914404633	0.688620176540697	0.672734000131798
0.73962891752421	0.75079924041911	0.607750276424125	0.751427895046775	0.700184563304134	0.708269329708534	0.840500096738396
0.956130282727175	0.965175351796169	0.629792168361613	0.86952044717791	0.798747848814686	0.798880427490862	0.874623544698326
0.777633296892247	0.747615473602239	0.600492221864651	0.821035985421933	0.748199300424857	0.738447332588153	0.800881151855027
0.785009067859511	0.788148406301358	0.577696391939725	0.766641489955483	0.692150096435499	0.702606648401207	0.738971023748718
0.955651444969134	0.944626878976313	0.613909718814933	0.83965217804845	0.845206567470126	0.823244194112607	0.781457367603024
0.89584745640336	0.881931507492228	0.618986087239977	0.814813270518467	0.782058099855068	0.761817593963397	0.84876424031689
0.959121126696114	0.963408231216795	0.599672425964506	0.815968917819166	0.78286403014654	0.780882772570568	0.74797164638472
0.905564198089041	0.844790298693665	0.615311773267081	0.811937582339758	0.819394810644038	0.831819877116467	0.75415416984485
0.985673319485864	0.972432115059387	0.631608427822281	0.886968570356771	0.795389413183273	0.782677942879716	0.81125114059846
0.938232722569175	0.922778755928068	0.674785470121245	0.926911099543556	0.966349325260572	0.953936275989043	0.876319713118193
0.913040351197602	0.888265779364621	0.614372343739672	0.835184823783994	0.801268062294708	0.789767410162712	0.836525982973277
0.737963553871987	0.747559699937381	0.606231602802932	0.788119704705163	0.786661585699662	0.792330877949067	0.718870409756863
1.0037930630154	1.10826770725139	0.684296703831384	0.965320782948475	1.02942403787971	1.04378335386381	0.884888175722713
0.9154919293587	0.967806877464236	0.660937503280882	0.967762517994062	0.805869662298614	0.849422659878608	0.959410296955392
1.0201319718346	0.998609646548289	0.611566001594385	0.888264515062711	0.802906792177611	0.816762166355261	0.821904236118602
0.561753268290259	0.541029006288799	0.573207919042878	0.652579556330169	0.622585176307126	0.622241723623353	0.761402646616664
0.945522813548818	0.947778345685516	0.621965893416496	0.912482605228099	0.808387116629558	0.805020279544319	0.87234523495744
0.491430469413527	0.489468936772375	0.573064275912758	0.604708230244052	0.590806478742356	0.584079325451623	0.766724602687578
0.960307321676962	0.961007794420956	0.575081160754316	0.791351618354022	0.750507328419783	0.751889217653175	0.707280240749584
0.827487459844027	0.824956624644007	0.642509662002173	0.828299069710339	0.854987765495381	0.843307318253687	0.804391484713207
0.737624489048224	0.74140781268264	0.565768845274649	0.689955506560297	0.658476835505418	0.67439135593257	0.721750546172846
0.726644169165279	0.736873575896905	0.638259858834683	0.834742409962433	0.749160504003955	0.73515294517141	0.899452623327887
0.986201023616431	0.991527844512491	0.646445770113725	0.89735907267272	0.814293269715416	0.846492686140695	0.92252606452079
0.615082326838942	0.626594960211269	0.596425091574376	0.744448626590022	0.671706712688763	0.674148164983829	0.822379963766403
0.523255653652686	0.520967334306156	0.61445119094498	0.67370389900104	0.640389640856014	0.644251335658809	0.874098964484669
0.892652229872744	0.876306284040083	0.624179604053121	0.820079490786189	0.761329320344479	0.775428059913107	0.863213601266416
0.740194160391795	0.714943943936109	0.584858226418135	0.719081739011769	0.653702283969536	0.67674246433891	0.761055338423454
0.895281536480865	0.882152946507061	0.633155828986416	0.839990016074663	0.779801925223993	0.780529520765162	0.888425278905623
0.751686550193681	0.760523141668103	0.633261009837338	0.763399661720206	0.816104973390658	0.792687853509923	0.750432741347802
0.546109676669017	0.553822604828979	0.612310552512578	0.678180678243098	0.647916972045264	0.650175437479525	0.839591906586996
1.1543291231409	1.11766069943968	0.673666693228312	0.994121350218613	1.00607712534957	0.97066618097885	0.940930170291251
0.616598409861377	0.583270119477281	0.610694929737593	0.706154223460009	0.664507744448228	0.675533377894367	0.834630803555793
0.865642643921558	0.907606082257419	0.649497867493702	0.849236698045957	0.806614086210175	0.794544502245653	0.923946195109034
0.682253370137235	0.701519171868944	0.569153753640202	0.697653107303773	0.663158856683472	0.638455974959674	0.729989189821347
1.05990526926347	1.06821300904025	0.640111406254666	0.924578734593373	0.872187161292065	0.8542820249171	0.885180656446391
0.749981898538156	0.754990298594687	0.589979040643546	0.755192924710014	0.746876636362093	0.74582130780894	0.734927370336513
0.906725594553269	0.931760742524607	0.581316776495514	0.772862593788282	0.758273213670573	0.745722635995663	0.700108164379481
0.963821998259454	0.954187030939322	0.569218200027939	0.773672898648127	0.768182631654112	0.770913231700907	0.686611819422255
0.973195595932062	0.975120096752564	0.608571201829459	0.861362647887733	0.799614914224148	0.779924710128692	0.80748531948164
0.835755854064278	0.85263047561639	0.622218764610309	0.776217626169904	0.776911095665346	0.776420682544681	0.793980326034198
1.09544373547099	1.06595219170079	0.669255888122419	0.932076466017563	0.908752665764174	0.903701676797571	0.90999131680258
0.749364947390893	0.777511812084706	0.610587339079432	0.780896614508389	0.778607623253296	0.814525122411423	0.735937022406768
0.993314637537234	0.984314848987578	0.584850120926949	0.803068888114782	0.779488377855772	0.777784802366671	0.726154539390758
0.604760008448563	0.614303433518788	0.593108364081213	0.74632332863059	0.694702842823288	0.695752394409376	0.811831579266953
0.748245440131226	0.784889734773009	0.642683107005268	0.872264778697042	0.770858260235038	0.763977369419514	0.927237566088025
0.856036807670832	0.850343507165192	0.615883969068443	0.803340401174178	0.731921593553301	0.752428281273119	0.816039721032939
0.833131587825231	0.834880518390496	0.60180370193443	0.771046524681262	0.803886546160034	0.82116992966669	0.700278285574838
0.796874830211059	0.800128212638974	0.572759825548783	0.737626982826526	0.699109725371951	0.70524991701953	0.741861750930982
0.98235763875796	1.00186864052405	0.636377577346564	0.912118346870974	0.877660766842864	0.883183029351057	0.865464116455489
0.868339484970376	0.874508564316544	0.601834660007973	0.801269180456489	0.740705854443999	0.745595076169402	0.802024869570315
0.91483386523361	0.912251786861545	0.625295968100622	0.819452680975259	0.755180206737888	0.774079951689502	0.824351306836905
1.07339850115851	1.07038452067762	0.658447530046625	0.989354605208012	0.885987506473455	0.896258435728828	0.964525322679939
0.925227095782509	0.930687024298476	0.654765934938171	0.894152764027402	0.824043232950823	0.841301699009889	0.946040059368988
0.579043080124937	0.568849846419529	0.608804081082366	0.73717520981562	0.672684083219215	0.678713566488249	0.879182114539807
0.901524219460004	0.872552848719153	0.646338022360657	0.857277440242207	0.783684818729936	0.795759931028507	0.915150068960329
0.726343990037822	0.731596399081392	0.649991430401298	0.800314322203748	0.71397442881091	0.724635251562751	0.948591656275815
0.751647387810968	0.775774240743726	0.590537042491771	0.751117849939781	0.774517628831943	0.77782401493096	0.70604862269391
0.875499890286757	0.849455818200423	0.657136442815373	0.836183833367056	0.769883470425666	0.761310077637748	0.926598038653215
0.624644536630182	0.612921200311112	0.49773371183909	0.583954544407502	0.58193744870791	0.581561238675169	0.548503081342658
0.678232607279579	0.643938346749926	0.619867115973692	0.745158023472133	0.690266067187147	0.695061674026137	0.845890661639675
0.818705365388869	0.842286068747886	0.618153910302449	0.815264501726391	0.844882194547606	0.851185457180813	0.770150431010572
0.877274711385026	0.867336883513459	0.587107595262062	0.791280881354437	0.716044902243408	0.729178716395226	0.733480038392089
0.768310013058111	0.793819794678862	0.583973718506881	0.729983589423923	0.723862497254338	0.744793760969573	0.699642453303008
0.853453367186611	0.888428457672389	0.650246946899028	0.865946732738568	0.866273017135523	0.874061017279316	0.828160255537108
1.09658841051868	1.1334897667674	0.654126900860213	0.958534839457832	0.899692621481436	0.906053834008582	0.933933593082282
0.812720747517769	0.840051020731203	0.649203498535226	0.844864986059032	0.906534332143246	0.88965630478319	0.797777454856905
0.837596366688865	0.820644722436959	0.620525421330399	0.806736059431528	0.718163293745042	0.74269430240888	0.845585334276441
0.964568486291111	0.95697647559662	0.653829112567266	0.887343943643957	0.812003057109037	0.829204381831944	0.917888197426188
0.925879407982835	0.938936056416537	0.639298921079491	0.886057560399697	0.84063784730622	0.841812980121315	0.880430547567059
1.11397203378969	1.12290422284654	0.631405578376728	0.939871001505875	0.922554803894149	0.909177089322756	0.837723874632464
0.60589508121398	0.59267456846304	0.577853704542054	0.705719129066577	0.651472279343326	0.646741802408722	0.796814233442753
0.749737944792006	0.785580007315887	0.616113989761064	0.762002589125915	0.80565120130523	0.788892772622907	0.747690384533795
0.739843565475235	0.715365627238705	0.563271704941606	0.714621875564661	0.653529903515091	0.654058537248754	0.713594206567565
0.527639300984319	0.526335707928906	0.585993557371384	0.648152044206865	0.606060675881951	0.617046323747268	0.758538186184755
0.949327745610491	0.926001981243039	0.627931935994723	0.846337738921984	0.787454249563126	0.795668219495672	0.83162127115243
0.814543608336959	0.808661721758005	0.611263338165888	0.795970534522595	0.810368493804852	0.810099356022746	0.735991215597508
0.862007755053496	0.869605462719375	0.633610180066198	0.828813749665224	0.817319335942695	0.818532676231129	0.858141678678649
0.9082434274138	0.893600590192426	0.596319131613958	0.78788997914651	0.752908779048061	0.737276236890294	0.764100415565074
0.517044003373241	0.516361066846913	0.601710449274804	0.656602246242114	0.62779140551716	0.616058231168899	0.8289204855736
0.693640919486047	0.707941190195898	0.622890202329765	0.776622475025682	0.707427897619331	0.692144235861986	0.871237926776079
0.961120675617796	0.950493729928004	0.66471409803406	0.941688566045752	0.832147758977838	0.837312907576285	1.0411365729614
0.557892675516795	0.581460002467219	0.582266210762116	0.647522837374789	0.599521655550446	0.622847621487123	0.729023203017169
1.02452086291175	1.03892964005473	0.634158923030209	0.892814698218594	0.839530749995361	0.843038072923439	0.868693462282772
1.14595315960366	1.14757362751803	0.659980920714507	0.976921108528066	0.960476316641503	0.97553047845949	0.892636171279122
0.53006930712855	0.550496992232017	0.580643144143636	0.644295287633542	0.632132634752486	0.640000371894001	0.753977060123077
0.838319454977437	0.802443109005854	0.612760058888578	0.777854642326707	0.752965754054278	0.76582396021472	0.791194657646133
0.782283075583073	0.783054626824254	0.583721154405789	0.720000394632513	0.675893543931269	0.672688416190128	0.736031798791921
0.614162201095341	0.618502515942466	0.614520306871339	0.749708732177598	0.675892224924423	0.678379861983219	0.82546207800152
1.07026139246544	1.08666981603934	0.625963006707609	0.900250569478364	0.888506038990593	0.866521627258942	0.809373773637267
0.77302375155554	0.777940538537089	0.562377408526659	0.711479824065779	0.661408343757314	0.67051232054206	0.70647625491551
0.62002808831182	0.639391120106449	0.622359538902004	0.737201475757384	0.664793298850876	0.675038833931826	0.852379394828083
0.93114906848057	0.935743552667315	0.604506183997026	0.80531093489815	0.751218761222544	0.771425700228342	0.770173619441305
1.04862611712375	1.0514643844856	0.620197948664829	0.87849583230795	0.881594516952624	0.870839781917419	0.816098388900532
0.775877716714439	0.771636546319074	0.568910316261305	0.726581958621311	0.691263435687057	0.70650525682581	0.741737030971248
0.611131171532497	0.610075794492945	0.581888041635897	0.724156170107254	0.671161308632628	0.682158757705885	0.781474888661284
0.548616823998047	0.554847047717581	0.660564953342175	0.775792335797423	0.698474269121296	0.720736234431128	0.931774363999945
0.939210229091713	0.902835600065682	0.629386641799417	0.83536259288098	0.831013204481283	0.82496274716828	0.801979784492775
0.909404905808725	0.904633382072943	0.632260649564438	0.867313034411485	0.843592968025685	0.834188849521859	0.882776410352706
0.820718925081955	0.818729921024255	0.562397201755115	0.724068525460141	0.691176033398146	0.676010543207863	0.700461877554453
1.0543685351621	1.06381443911752	0.619862672738065	0.89643044601238	0.875040624537738	0.844457763290851	0.802088976761015
1.01011451074381	0.993872093556535	0.648816149970954	0.881887382061831	0.847834305083531	0.857059955989931	0.928414685365985
0.70633905588974	0.729088433774675	0.589437739611885	0.750505005412547	0.699387276956334	0.691028962367809	0.800643499353215
0.968105026034089	0.973264760272444	0.664033777523364	0.966084342892419	0.992401734462705	0.974814503741491	0.938595063353312
0.931385149274822	0.923874225109395	0.615392149876267	0.842883273525486	0.776003275348171	0.741097358791291	0.785209292722048
0.859663649060509	0.884344345812164	0.625844361139734	0.860205261471243	0.767259181614159	0.762814340316536	0.867299331489609
0.808365809299664	0.803423746623092	0.645190036298526	0.848964771484663	0.765949896744495	0.756512661810931	0.899903453345332
0.545383618059446	0.53525243817257	0.620606488343028	0.715267677657763	0.667455093636641	0.674016258620497	0.900982090320419
0.868279050217874	0.872921844168243	0.619916107823433	0.811216749256682	0.745472586118776	0.745908347317509	0.84197944613336
0.887654058143949	0.885686226997776	0.58882293497488	0.787673809928433	0.73636729481459	0.725593721504225	0.730011501642829
0.756650241913501	0.748444309836141	0.602704829145925	0.749883233507216	0.758218978343457	0.76006181828407	0.730780226586173
0.999485116443522	0.981899965153103	0.627500583544883	0.863026557968167	0.862729369422386	0.843383393801207	0.810621366264796
0.665741878093197	0.664513285559299	0.597253558428515	0.752414043338866	0.698164943963461	0.676438265035431	0.826973414016347
1.14068158804104	1.14937646639305	0.670599693615186	1.001520979862	0.935491788728624	0.946150579086344	0.964160269774308
1.04160283211785	1.03108360302602	0.605220643163738	0.858485628984915	0.806445890935636	0.808065520429086	0.743495975666943
0.662541202715425	0.757313204533175	0.604677740524271	0.776794695213859	0.691754731889924	0.717143468234561	0.84753187255094
0.74340090171979	0.767328062948169	0.599360771277893	0.77349134059499	0.689509357125318	0.696139831579769	0.801713490814158
0.74270650980132	0.759067674299185	0.597137138324508	0.73725821058556	0.756373017113511	0.736862946314686	0.736762544372558
0.530363375483233	0.51378113611118	0.527959929146772	0.616622482135805	0.5806534910416	0.588940032752758	0.664860482842979
0.929337087117432	0.899715350258699	0.61627109794432	0.862820695645437	0.773311012944758	0.768693520895612	0.851928191245734
0.51049503421452	0.507408753560989	0.619383284947298	0.612946596750378	0.609584181278138	0.607053011997003	0.879788207873814
0.946963033494619	0.948237514562198	0.602795115787264	0.846641592612714	0.789110927943183	0.785962858867835	0.810321518728677
0.556797510883276	0.543747477652296	0.591420807956253	0.69313942442549	0.627996562459772	0.661984040939174	0.796619588280137
0.969636714518997	0.972832336606484	0.609342029039271	0.833719619078977	0.774736586849691	0.765365250061394	0.772072718805715
1.04272748817111	0.996904069625935	0.680380790225937	1.01572493328774	0.877404453470397	0.859978615426913	0.993104987365351
0.952061697635628	0.927543123821364	0.620645436727759	0.843011722667338	0.788464824727868	0.755301434468159	0.803317666245083
0.791035828338367	0.790806863840351	0.629774898299137	0.83617991141415	0.725921101941988	0.745513164736044	0.884799948158927
0.834404111668128	0.828645354271148	0.6354627502865	0.846452634294805	0.766010093666522	0.770945372168389	0.957184773012736
1.03816827126673	1.02652443637036	0.616922554874364	0.899142607597803	0.832383159439763	0.861547147720867	0.846451765461431
0.893467880639177	0.90728090041523	0.599131360108909	0.794134404599954	0.762647539785032	0.747864929174919	0.768787509134096
1.03166454093	1.02474776954829	0.649663100632439	0.911926890099034	0.940683735893111	0.934720052550812	0.870475801134292
0.84509178682834	0.872116023663298	0.588815013360328	0.756393190675945	0.731137155529338	0.739536402055455	0.749901609156822
0.785903885931037	0.783977295353394	0.596952091453994	0.782098530564776	0.744794490736899	0.71741973201323	0.755211707703198
0.96846953254339	0.993433919125509	0.657634722129452	0.899822536633484	0.842094814144008	0.814186466471163	0.940805815663949
0.818234556107657	0.824471699197183	0.613565483252236	0.833480081738102	0.759946008068739	0.755341780962266	0.81401870895935
0.748853824975692	0.768173277118588	0.592473289801193	0.741510466545659	0.7077890634498	0.708401722350486	0.801375618392817
0.792423994921833	0.814895800049407	0.616738621307553	0.79451339938909	0.78581247764149	0.791016908395851	0.765340293309868
0.8815224128475	0.878174678102943	0.650788911084727	0.843987105950356	0.85749754470313	0.852093937643578	0.870769985308373
1.11831254821527	1.10843022299357	0.636409996522207	0.940048465306509	0.887963523134445	0.872759231841847	0.848773945624503
0.588805169485324	0.592795770461223	0.650596639742531	0.771359596002825	0.703801287603467	0.712598890530525	0.938679090170114
0.873872393122632	0.853334303671843	0.600672556540694	0.776618168007914	0.770034631898275	0.773384431891035	0.76943058126839
0.53913921217455	0.528401024805801	0.561861423636873	0.649907933387242	0.606160770846282	0.634942951624968	0.756383136426697
0.724210291541276	0.733076465869705	0.601351182012041	0.73427154975528	0.720945016219951	0.725329792310074	0.71930185071664
1.01247373128184	1.02299504977248	0.641016956830545	0.894847862057288	0.822089382316662	0.835746220928096	0.877262005536628
1.02253307547885	0.944259138311667	0.670266610476761	0.917286896326064	0.940074237243242	0.938315802399783	0.858214120853684
0.587657573023744	0.598046562968786	0.588546206751166	0.706367672358327	0.65977737118265	0.67887842863778	0.781615771803963
0.908701061626604	0.904162876516331	0.605280127615045	0.792782272720831	0.765642493789186	0.773068247587416	0.784944694372086
1.05079444553536	1.07468510922282	0.647650543564264	0.929761724244845	0.913838033551088	0.894405548651406	0.832792825428832
1.25721968609739	1.25473776587876	0.680322286095368	1.0753872219174	1.02100199614542	1.02564144028335	0.990092129319091
0.965049884956461	0.947420637207351	0.606672574750896	0.813154862361724	0.775482413845072	0.782842962728926	0.791860144142242
0.873344809499859	0.842246272964869	0.614736997513948	0.838305001479408	0.752938939094012	0.7668123738277	0.826069188931275
0.518430693029391	0.531508327736063	0.567632468708833	0.629177300799547	0.600519594529009	0.603061483770538	0.758469021664991
0.607052965242693	0.618921290521989	0.619237940319989	0.775165681272847	0.70291349164805	0.676512244436523	0.825395114466892
0.54548701763463	0.531971593421582	0.598343858133778	0.700285151482445	0.642885623634892	0.672712555968097	0.853461991069506
1.09449404442358	1.09962801005163	0.61920074507882	0.941656017178015	0.88864279146065	0.881026516782483	0.82305668896333
0.886367755383356	0.895513106129294	0.609597779368277	0.823657427892235	0.775753311027131	0.790704681331639	0.821504377217608
1.01061576680684	1.01429135187173	0.643367982640402	0.919321310986539	0.851349114860377	0.860206741535101	0.89928781640579
0.856067088412749	0.897841826287619	0.671399360822903	0.893077067774726	0.803102509033883	0.803248667912217	0.933977776240417
0.729289518392599	0.769480178057847	0.58259564735147	0.723121221547134	0.679227862530209	0.672432197519315	0.762775579176222
0.800705072172036	0.814569904126125	0.566829282858811	0.71969839743144	0.691578211649042	0.682343526044752	0.726341335044312
0.901143851109704	0.870665312701725	0.624870173392501	0.815717621260042	0.754985814309529	0.764311582242971	0.806675273871307
0.977658633566759	1.01340996650253	0.634425093443689	0.890129940775995	0.816543318670594	0.809517806092039	0.871499696099231
0.726004249121336	0.730100101736786	0.568484157537842	0.716738799269453	0.660872475680502	0.644294367410507	0.734470193240386
1.00904958158577	1.01498356473869	0.657543665023431	0.966963652312275	0.841646567254076	0.831378446854019	0.917747812682564
1.09529009643637	1.12066895052774	0.63627220502953	0.984414234934021	0.892891479439193	0.881735846984744	0.874577938090719
0.981240648247812	0.998682594824509	0.621364289922168	0.871446928978362	0.823225259869087	0.834237882475924	0.850469383422303
0.776538744325955	0.788957360123336	0.57652708271933	0.745437504714674	0.755130843627196	0.753529052579443	0.708155553320659
0.519343144823007	0.510445524667468	0.591510299898891	0.66277545749242	0.622620013861422	0.605962647366305	0.816493217755841
0.76153381560441	0.741529982333639	0.594707924199187	0.784276309446462	0.704350911893553	0.719881297172319	0.850443837695001
0.697370495594864	0.682789253185006	0.55931739272782	0.695214898748942	0.65089407037258	0.647213389757628	0.706549426783178
0.788703338431076	0.780153873169243	0.603537158272638	0.753264725500846	0.696603285186499	0.723277680428866	0.811365702183275
0.573354496718948	0.576487613683453	0.631478016936659	0.745919841279018	0.683770440952781	0.698876274625904	0.932998088625377
0.889244147337206	0.901113837772591	0.581212764895551	0.786495979410278	0.739575497922699	0.74210701125013	0.762865219190672
0.955489901489372	0.975060661065749	0.644976965338699	0.916929960168512	0.824946495881003	0.817450881865264	0.90378482126124
0.866291588163498	0.862397170300119	0.636845651630081	0.830212354922574	0.771468409181754	0.781205451139863	0.907246545117554
0.950906704421407	0.969791546428239	0.633327810694631	0.868544343862114	0.790457417477556	0.8082783315205	0.858558672151042
0.736960744844336	0.705002114680551	0.614611339953388	0.787858857996476	0.710477493038775	0.736661326286271	0.830191462429675
0.727513787683216	0.72343236545888	0.560271767529492	0.671134192392196	0.65143447407398	0.640920088061908	0.660475160791282
0.532343868837458	0.533620355929606	0.575137470805342	0.665315909346701	0.643915860291191	0.64677243145199	0.76541304951315
0.848422561268151	0.829637024516879	0.674750700073434	0.89063170149145	0.913556315872004	0.938232188668714	0.842552982641818
1.00750055944813	1.00203814546957	0.64911146355918	0.902393939744253	0.848292835904321	0.841135768995544	0.885352557160315
1.04070808622199	1.02527750283402	0.652015086175292	0.923134867867691	0.87665628782087	0.888480794455724	0.868667795122569
0.709996716096502	0.735335967580672	0.614020237154425	0.767240428623346	0.700970296461574	0.713685421466915	0.809636858012526
0.840179775709983	0.812512563220325	0.610278805289742	0.787897818293782	0.702292937818798	0.72036028232506	0.812771666329533
1.01786857863075	1.0135974010583	0.656655077343257	0.889262447280031	0.8622619368738	0.859793190370749	0.885116442495431
0.831478422114694	0.841535638730062	0.623483050324358	0.824099974680244	0.806840817500342	0.820723058667863	0.81054116351402
0.516048479799871	0.509307079564056	0.605317527732708	0.650452752372173	0.62356686249207	0.628556791817523	0.844970074870304
0.632888565517069	0.619563948253738	0.639529166396961	0.794097752807336	0.701449284727244	0.71748035081558	0.906073605921731
1.20887859185647	1.20292403739744	0.650740445569637	0.987090262270116	0.985164782512165	0.994108162128944	0.873839732763904
0.851368275959366	0.825879915215729	0.604601016651206	0.755166586604921	0.766589949856947	0.750164569221796	0.749758413876359
0.939299432877097	0.953349319973888	0.613799240086256	0.835272949511002	0.821971108926644	0.821371059352434	0.776787812570855
0.843161360229111	0.832335189298312	0.612415482871018	0.848095600775608	0.753911287860489	0.759656378925699	0.849522345190701
1.13862878314611	1.12556580767253	0.676828659733435	0.988411915513511	0.915872875364824	0.911521941232031	0.973372238472175
0.77526292213019	0.76383853641367	0.550050147815296	0.669301319343925	0.642630964334777	0.638652368946972	0.665663894612827
0.817876709684089	0.794626457168331	0.634954412441297	0.824623184783769	0.738933982773244	0.750100424145983	0.877402925314254
0.873394657066853	0.872153174660928	0.6560503945456	0.901944445276886	0.781307211239093	0.780877584828421	0.980335140698626
0.852867833699137	0.884502950846152	0.611283229979165	0.791743579831176	0.873031261231542	0.838853332414017	0.751070336061937
0.859194621472322	0.872737802783329	0.634219447409086	0.801283050497801	0.785555154570903	0.789545861283175	0.853861385331676
0.53728719774573	0.522638297247055	0.605481270518304	0.678641493006212	0.664627271542646	0.656629762350714	0.867818837910314
0.902092746382714	0.933468881433886	0.628409697003548	0.89530885978182	0.798480375613146	0.78095717024692	0.885372102422185
1.10577228630443	1.134186565948	0.64500923088841	0.909760793260163	0.9228167056483	0.929904072119695	0.825899750691573
0.650816100807975	0.624449812752306	0.580303204637988	0.709622599652902	0.655234971575667	0.650722509681803	0.775857452424165
1.02380856650513	1.03900541575048	0.6348491587053	0.906514115926795	0.821483026523783	0.834404075946024	0.837658980062184
0.841797089277706	0.840409456708482	0.596568523513379	0.766767558329151	0.705965648495912	0.71655538407352	0.776678288523632
0.566284917654287	0.583540197651619	0.616870134366676	0.76549976869079	0.687144877100851	0.672019541395498	0.869846205586356
1.21595272391696	1.23041514119098	0.67804280703565	1.04791403536911	0.974788601921158	0.959862196491616	0.982584881568854
0.830128252502943	0.825022531178627	0.633995497126557	0.804931289864063	0.79736757453968	0.785849255118028	0.760895920603968
0.938478981880588	0.941175466367855	0.681954096614554	0.932376049007681	0.944942955928305	0.955734385650196	0.912667163888403
0.900878905031199	0.892781374815406	0.575202770666391	0.76490548900858	0.742634153657415	0.739799574102845	0.738057313451277
0.522701852564425	0.512708558706949	0.60346044087837	0.658981741330782	0.6379456397948	0.616911210509341	0.832772651172737
1.21478322048489	1.2107100008878	0.68356689986427	1.06176057726986	0.963243543386207	0.961952116557486	0.985749949854714
0.794436976919254	0.805724534581516	0.607645040837612	0.780924357975768	0.694406785513925	0.719274977357311	0.80411930530036
0.74540769257903	0.732584759535424	0.529226161999762	0.66224462331629	0.655717246123524	0.670647198309924	0.623396462735797
0.776985401790848	0.770408338727509	0.658952054360091	0.879473221011036	0.779164617198669	0.781209583003329	0.938938745714999
0.790364601577664	0.771041392060484	0.614785185424837	0.765164772833725	0.71267496929675	0.719606971456316	0.842401773992318
0.851948400931722	0.860381857874525	0.621538537381127	0.830832209678951	0.810424562910499	0.801129055450334	0.772109262699892
0.842926252729127	0.844834516233337	0.569226519156989	0.733898136599245	0.703510080417605	0.723331319317184	0.720788513350288
0.807781818425427	0.828709156724076	0.634840753556037	0.824736994084784	0.764023765589927	0.748231974305666	0.89661786191735
0.810517115068594	0.795748066197737	0.58089133914228	0.73500806479019	0.710402037206861	0.699084184024531	0.728938226684907
0.681596296660396	0.658231178505001	0.540229035516789	0.681017553614091	0.62092853598625	0.642471089650152	0.673920335536785
0.952033480501226	0.972049887544352	0.640283607909955	0.906907794912094	0.810093891802994	0.832373079836666	0.934405997123219
0.807196691598168	0.803777914190774	0.566193443947072	0.719132764883948	0.700820575183547	0.72035415854296	0.723681285499266
0.938305854181956	0.9310870803474	0.660742930797987	0.904173365346242	0.83159247873879	0.815296477807348	0.922523507012594
0.873563256074593	0.88448830741239	0.571208240988256	0.780527193778928	0.74190673035325	0.728503669768627	0.748404624795443
0.859511684900165	0.854909658431734	0.591953513218203	0.768955698275238	0.728352089857551	0.729948972107566	0.783607054384029
0.819960729429706	0.789298487349677	0.55840107187973	0.69841545557471	0.678929577336519	0.67613828070175	0.683153793872746
0.930547211925695	0.930124342051549	0.643546637064952	0.847750525032488	0.795260983972534	0.805642208655322	0.867321458545427
0.976462496992459	0.983070974238004	0.616925379473382	0.84082484215665	0.79489638298299	0.799412921886747	0.8234424656514
0.714226759959801	0.681659724939209	0.644880086364138	0.780563974076889	0.73425608516013	0.716017441798562	0.919069132335407
1.15026224306594	1.15967553390629	0.635851202985587	1.00042355568968	0.900419738856309	0.918720732337215	0.890005251454916
0.918087140397297	0.919851923031002	0.628734936652409	0.82519953939385	0.787231562488708	0.779817278864177	0.856929634263401
0.868688789465032	0.881159271590672	0.628720261904062	0.814250905413293	0.766217123454823	0.760604501751254	0.831324841057143
0.834242844679745	0.842261226373851	0.580468556862735	0.745690566855771	0.698690940406685	0.699160250440611	0.718186801082864
0.915133803842991	0.908343981710064	0.623736946262718	0.853726976895007	0.77484322124385	0.765907767087247	0.823730672238396
0.982086122166183	0.998652533779486	0.602485308228966	0.889037488386521	0.796490312405468	0.81921595282708	0.7973338234286
0.688500802210506	0.664757163133265	0.543721999306555	0.662476400040282	0.670004267705295	0.65975270900421	0.634507063001324
0.784318131995491	0.797167866480028	0.611699557816686	0.794763205176158	0.726347566015585	0.733708443720902	0.827816083572988
1.10891917909883	1.09063313622354	0.675265090372796	0.991447131099637	0.888716689249993	0.90485678972515	1.02635383518221
0.951161221984872	0.915921783246854	0.609627843617135	0.824426782613711	0.815265263860087	0.829848064544667	0.783142202829735
1.0287469633647	1.05200366260598	0.651017133330165	0.956625008328824	0.843856553184447	0.870185664075434	0.946136846665412
0.862724960596892	0.848433173535403	0.596935898150098	0.77278024342794	0.734564577353143	0.750398698009325	0.802913850791749
0.726573664172082	0.714875664170217	0.616508655075007	0.773398138216803	0.698912155878746	0.703702618525557	0.809617103311878
0.587367511485547	0.593968846245826	0.594716942205344	0.687914167640098	0.642072472840118	0.657112464600463	0.825990401586461
0.588204918410846	0.589886953249427	0.561913425599947	0.646627164893864	0.589089655400494	0.586837781424426	0.688005925225411
0.554830921663002	0.564458353473743	0.608969866544412	0.674071234293256	0.63540101616425	0.656850625190911	0.847479046534549
0.629596371230858	0.614340857694917	0.645278681679747	0.825742004523955	0.725747067068782	0.731063003737593	0.991169144352206
0.764586120095141	0.769543538155667	0.643123729330038	0.77680650418125	0.792736489787932	0.796357362971558	0.762410367105629
1.03222945875555	1.04919517645391	0.64084530547912	0.914974363810224	0.842650003253966	0.823591452634751	0.892404714036244
0.852953605517256	0.833686799240424	0.622857690565916	0.819920984056486	0.845374677245473	0.860420457481602	0.74369529667411
0.921171634021408	0.9256629165744	0.623089763254459	0.833453747283817	0.835717026907902	0.835184137018369	0.806984507629883
0.513664671369002	0.516884238863489	0.573050721144807	0.661952516141697	0.606081266412589	0.597667049849757	0.73653559521789
0.547782793469767	0.56224645017045	0.632271163318655	0.709752328469086	0.665179221732053	0.661457077966572	0.880075794972324
1.05048004896577	1.04225240984226	0.610475864889004	0.885098156614374	0.834326165379564	0.858471917222349	0.803347259241136
0.519926271272029	0.534034632494196	0.633079663027057	0.659182111653875	0.643857092590252	0.665357984273791	0.932760640485686
1.06223225788559	1.08191802563086	0.641775906853636	0.969133781905025	0.874845802866454	0.873293962478954	0.881983043448028
0.929934961139274	0.97519535543287	0.685044195364611	0.944620420476055	0.846043017007039	0.844161319215436	0.991053906345892
1.16546750935151	1.15193539305743	0.620623491328644	0.968760686025937	0.891191100944912	0.905099824501142	0.839640356214155
0.959633246599822	0.99555519587336	0.633462811281088	0.872517534998837	0.87393846339169	0.862089380959451	0.810368866233882
0.669961493752846	0.671228499990557	0.586696307856487	0.74025193791508	0.658564701914106	0.66116189233099	0.780132569160317
0.926940886692016	0.923536469689459	0.591794978272336	0.829346947423955	0.76636071598696	0.776991872040695	0.757115849178783
0.792512261569081	0.80470023854989	0.567674718255758	0.708204239006389	0.696523750688003	0.691434819991241	0.70127282693602
0.641224983717647	0.630878588039756	0.521124651024021	0.630151207639657	0.586134115387746	0.590627288869058	0.610360886879468
0.900601452183875	0.894709996277706	0.584860526635908	0.77614825633163	0.72039211223075	0.722027789722196	0.710438226740373
0.585212279320203	0.588064063098569	0.663095834615699	0.75792561619623	0.687524008603414	0.693524909788317	0.961669071830102
1.02246702489371	1.00998545287527	0.643180379272174	0.876947181362716	0.848032485365174	0.821528603131889	0.835215114595341
0.944805313550743	0.933308722120655	0.666214906965148	0.904197905733998	0.803747703316267	0.809492014730388	0.895723620022644
0.639094737754652	0.654435395591063	0.529668913952186	0.634501015905591	0.634563433271807	0.643571317833027	0.629052069492585
0.975665628061259	0.992259367782227	0.599460977822845	0.833895318541075	0.768987160947009	0.79627737966728	0.751982941848912
0.778817764403231	0.782274063149389	0.635412465466852	0.786276084898393	0.852358434904029	0.829197251531308	0.774652244090911
0.87811140256589	0.901646604358887	0.617190333716134	0.829104430284894	0.78245056653998	0.778722928802899	0.841226487967999
0.960979063640275	0.94633986250375	0.621727059967968	0.84553091302738	0.845642383462621	0.850817273278857	0.774611589057164
0.937486471475019	0.937220127972248	0.602855076941054	0.797729168604078	0.74273263938494	0.768063722131662	0.761670621701395
0.898833420141983	0.888147846150894	0.587356497307066	0.771013166546177	0.73507180787018	0.736293828444156	0.743539441894192
0.660792567604496	0.666701248563432	0.562909123244394	0.690212612551369	0.634381959359005	0.637029311368064	0.704582837134713
0.717874896010135	0.737365745702009	0.634579757562726	0.728039735121238	0.76405574896076	0.762077939800141	0.722459850755884
1.01154122700239	1.00612879936853	0.625977931531481	0.919600741324516	0.807406650553132	0.81519753226651	0.849001227593344
0.576625506435314	0.605466585052911	0.597037281672257	0.730902539909576	0.671110818122719	0.653637111569676	0.814569272372775
0.617943218295297	0.624192491741216	0.580499027485285	0.666361607629073	0.616607350428313	0.619130428303266	0.730061958286176
0.798652594086046	0.79007046240669	0.584948113237466	0.73398010128891	0.711068121576598	0.701673003804176	0.746063880415583
0.805710266597194	0.809825649767221	0.553654089515319	0.706485742843981	0.680711479575105	0.678791475143113	0.687320564928375
0.793367507150775	0.798981417050202	0.622879651887295	0.809543665540407	0.740098828452492	0.727479567061694	0.882071888252109
0.784028217205418	0.756775104877216	0.603582362912368	0.798435824583304	0.704374789296735	0.700066369540709	0.774039966923932
0.859246024286329	0.86300594651353	0.577180421124904	0.736475477504451	0.727163292043742	0.719071339930855	0.732443412151187
0.766398438187204	0.767520510293313	0.649350166320464	0.818662289100415	0.74724810455004	0.73821917082171	0.912549172476059
1.04287070408247	1.04581053813071	0.627274766064256	0.881918492029279	0.83185730011688	0.825399693709463	0.833478213500968
0.727751096927991	0.718017991699666	0.666583645363515	0.841360841224194	0.739480608591036	0.751609141403676	1.0221259210183
0.892457607569425	0.914992274300041	0.58510567512139	0.807930688943199	0.755223683114017	0.774145161984683	0.785409297754923
0.712142702788464	0.709264055113152	0.55481171453554	0.659006060768928	0.634616325814785	0.645867370389068	0.69077916542229
0.494188426230937	0.489581337934407	0.568283271731559	0.60889426640428	0.587528256245224	0.581923064901474	0.741014993023847
1.22248336334152	1.22925668898577	0.66467342125003	1.06525065522603	0.961536071484957	0.964719323108943	0.945693593083952
0.984459735216617	0.977890507960907	0.625249945251501	0.861651781342296	0.832803982291165	0.829067265115151	0.902272603023674
0.696980990963771	0.701346382166024	0.555183576118467	0.65979530599088	0.653168996377068	0.659066859421721	0.685788138019259
0.723666373234888	0.740273754721187	0.589603730946482	0.735801485259337	0.702345027212524	0.685826151160244	0.793903064176629
0.881910833467934	0.889928626371072	0.613721305093337	0.794415218814603	0.737416397144217	0.761948192836601	0.801960539596136
0.801297180180105	0.817007680207927	0.647676722611998	0.811643810933755	0.860072631990264	0.85167026608032	0.795583448365527
0.878484933025795	0.868499467929275	0.637316408632187	0.858878001923423	0.76055039488704	0.7726999712715	0.843095131306473
0.663697933011121	0.690259420792703	0.638020837024326	0.785032124165596	0.709545609419816	0.723609355411887	0.920975877488584
0.975283619020142	0.986178797871885	0.647843395161672	0.867911151204376	0.822088106092503	0.813919583277707	0.880492806403563
1.16429407730591	1.17726716584146	0.665887318851998	0.981252059713417	1.00451162514904	0.997347353481707	0.861684610092596
0.864731235059608	0.88026521902611	0.599944202946064	0.7754398882474	0.727710141682385	0.744425478078539	0.767599689218938
0.580666926250143	0.588271590464942	0.52331903754739	0.611116808235499	0.577094176268799	0.573040255129861	0.635002781175689
1.04500138774641	1.05346681110035	0.655372036279575	0.952918469739625	0.909705886416583	0.913276125527878	0.884269580848215
1.03510976523065	1.12956929065731	0.700734813785172	1.05006591575989	1.09661508497843	1.12164178535219	0.963093066923987
0.847103099289219	0.827439740133388	0.607723569356249	0.797912750033529	0.734326293308832	0.726676831993996	0.806147204561955
0.8158395506285	0.852843658564684	0.632495727831717	0.851909944480173	0.760294127392972	0.741943822121617	0.866968620377513
0.814661923617007	0.805927534240911	0.629998898411381	0.811932976268487	0.807077317403329	0.801786666685425	0.793670529824005
1.13938647559234	1.11583782139158	0.624704948230705	0.939360506235832	0.897533507954753	0.901593845365687	0.79140250944873
1.00017103515195	1.0034764202803	0.651794742883213	0.904988175157359	0.845096097480548	0.849722804707374	0.890033300274599
0.972578468359442	0.96439030464542	0.616614002928628	0.819494832378934	0.804598439475697	0.796091420854058	0.771676790296414
0.833154289643734	0.825203459912681	0.610392013767958	0.790694935289316	0.711068450693357	0.737409993604611	0.810995299941547
0.850828346502394	0.84251923861194	0.576819100625476	0.771066416180895	0.736377603438572	0.73251123058987	0.750920043168736
1.01449521754938	0.976787944607523	0.59773108224657	0.80758768086093	0.823422577253428	0.809622691250365	0.738121483718328
0.808134708129051	0.808550375839465	0.571246532940308	0.73173322655448	0.694863764915899	0.731254179246289	0.740729417043146
0.955011275722589	0.946758467023102	0.63236347222337	0.851146771143611	0.784473503840497	0.798286761527057	0.856122210847512
0.697683869796576	0.712051252636407	0.618108609931604	0.816968650423704	0.735954740348304	0.741397217306934	0.933062507991206
0.741909961772314	0.755532991185422	0.600986022797556	0.753571416316649	0.789737484951087	0.776276943846766	0.734403144908885
0.571983502793937	0.583807443102907	0.612969480350659	0.711090572747302	0.676549474919569	0.677559411302682	0.869482618660978
0.903195846687334	0.944100653340737	0.654627846717945	0.926250154760871	0.839072459478209	0.821822518660113	0.934943579825924
0.538303272435544	0.540798644959224	0.606489487791202	0.726328295476876	0.663874957302957	0.686232220794234	0.848370136105083
0.9654601773345	0.952171466396025	0.649351297275591	0.896916321909859	0.82518383321539	0.806678986429578	0.932151477357912
0.995360932946356	1.00341565467275	0.621334179295837	0.908075823625239	0.821825034272201	0.801875543361477	0.894564794550096
0.780657752499074	0.798297818922856	0.604337899041588	0.752645795562331	0.706873141411539	0.679621591048055	0.80221007313878
0.678953539780513	0.678583497739923	0.642660332308732	0.80971001671382	0.725128071712173	0.719551867145569	0.918595077383669
0.820534412773259	0.798578684995522	0.587889863286312	0.794674832115088	0.718559346872392	0.714272347078598	0.762042662508965
1.04157606367032	1.01277522091171	0.638857018286684	0.908370712942858	0.954076389150911	0.927636150399622	0.876398703631518
0.937556409494156	0.890980385314425	0.650617186755866	0.920262256822686	0.971421665194895	0.943322307692762	0.821518453906825
0.665859279739891	0.668471008154234	0.648007799589637	0.797522418520019	0.723135035628138	0.725632123571684	0.930102455443914
0.818896319075242	0.837721331736747	0.589676419615726	0.762849376547979	0.732840972399136	0.734497792544604	0.792740405449861
1.00086523625144	1.00621407956047	0.597190486611435	0.858773330742205	0.785523010766736	0.811148705963344	0.740766233816272
0.744261502112745	0.739411985475221	0.613320065569385	0.805878054566087	0.72345323232041	0.715892871194985	0.837249331032759
0.825628164482727	0.846215734024672	0.60622535020512	0.793823600970018	0.762690601740719	0.741917662559402	0.819121287241074
0.842537313863163	0.87606649969752	0.619858256180807	0.820900187060879	0.762183187475883	0.753262085286179	0.834739786986482
0.903579794824545	0.920575750142283	0.591079518463607	0.782817039031793	0.756166783243927	0.752490478594713	0.769516129306907
1.10793336697394	1.11773054319073	0.637882237487717	0.980579082564699	0.921477263618093	0.938260667876691	0.942868624556698
1.05906805377138	1.07322338765871	0.719809251781752	1.10829617658438	1.14872069493745	1.13429803966033	1.04738316790874
0.792519356225255	0.812615707308975	0.631248073815204	0.831009271139374	0.719206019582371	0.754620444182752	0.901213147220654
0.608830028065669	0.628349650131505	0.603938003387756	0.723509389113776	0.663396793831473	0.659409891545535	0.814054209696582
0.915761655280712	0.930880737664857	0.632160532255425	0.849864923874966	0.779760858595058	0.780317493825895	0.883170772521358
1.13534985284133	1.16623168353648	0.656492660523771	0.971138982794769	0.9327123514577	0.942064626786936	0.894673888847921
0.779812905898922	0.765893695168602	0.587435860816609	0.767846819869008	0.695578697595951	0.701206169050112	0.789122573282799
0.519938099537561	0.526191522453526	0.580409044550511	0.644907963387198	0.63056011233625	0.631608289761501	0.761640151357822
1.06789853836638	1.0739891001884	0.615273660964247	0.888708917499454	0.83300920424305	0.824004162818991	0.799921907300253
0.812949348743321	0.831491354462527	0.668950703038659	0.826985957331904	0.840009949652451	0.860943496042831	0.816376631018481
0.879371956705713	0.918859288683409	0.609671411012467	0.845483293522037	0.853079433685712	0.828627820422174	0.787779601556338
0.51134088243354	0.529821802583864	0.578101644801428	0.644868419329021	0.612594226411133	0.609483635777876	0.75505661378412
0.945198909935846	0.908035703670924	0.602612843871802	0.7986332559815	0.790040498512647	0.799038256310124	0.740120878362994
1.03405994301338	1.0361528609466	0.649802010846155	0.908773289861537	0.861309718821215	0.867258640461521	0.878741203061412
1.11382290731671	1.12420890856377	0.665329133959629	0.980716929428855	0.950665094614252	0.954359989982019	0.935298493432154
1.06650768489337	1.06534246449939	0.64646723548162	0.901257415041092	0.901382079506364	0.893141731803455	0.847101555265549
1.05503881251147	1.04237266604095	0.607593994344249	0.884426550123216	0.83318887660077	0.831918976782767	0.785786767780276
0.845160136366941	0.859737249411571	0.617542322187729	0.816657356060504	0.749076098623942	0.747751530851905	0.861045126463488
0.971885646682673	0.970279919137285	0.634029925881891	0.885881439697844	0.822544249166328	0.821353120060146	0.864122655171096
0.648376300671109	0.641762518021474	0.582467789020691	0.726318113185607	0.671964341614883	0.671352626667142	0.772090553503557
0.609331138423607	0.598890017704218	0.620092625312675	0.707301795490432	0.643083181171166	0.640855523788313	0.797526424119929
0.589483676264015	0.593406414688932	0.66130851301231	0.792703548867231	0.707350452899536	0.710057595550553	1.01150225429222
1.0499263779965	1.06103829973671	0.627100489608096	0.889181006065326	0.855272845998472	0.868488233511825	0.817886683658737
0.865179640384096	0.880040380666523	0.604327420372313	0.810624726239688	0.751492781708611	0.742412432364123	0.78655563075227
0.721123303355198	0.705808319072348	0.600263292455424	0.694500138772568	0.730429682110045	0.713024363758242	0.700096472520241
1.03483714415994	1.01865265045841	0.616280940542083	0.893050979629845	0.834706613674652	0.844067478387743	0.861330054706973
0.977209226136337	0.987885358724824	0.587858436505658	0.842677235349496	0.790839753243045	0.794498815365223	0.741797647283253
0.765973699396054	0.780453123312364	0.588127554544947	0.759978086913921	0.704882387899175	0.708878449367835	0.748866948829834
0.883462471478869	0.867294196305601	0.644189050000105	0.855192425620668	0.7636743545857	0.781829485839607	0.894048332799156
1.03756918163513	1.04967817719691	0.640440587728321	0.907954250603241	0.867161281550017	0.865205512455565	0.865355244135109
1.02725632326568	1.01340967430066	0.62828125567709	0.87618284852735	0.839220631150659	0.81014651795553	0.805398073604586
0.911233297635204	0.901439438555565	0.623943401759423	0.865796272739215	0.792236602047483	0.817907579887865	0.865406505932951
0.877780677698708	0.882240306966093	0.615941377697436	0.823234947856869	0.759441328140703	0.760858765408188	0.838536744340554
0.912968570385041	0.920047402467043	0.641643912691804	0.877850455634989	0.77329406212646	0.801839667942643	0.894247950854119
0.73727581528154	0.752819558304719	0.599488891712606	0.775648962830051	0.704867883617035	0.687541563551283	0.789117385367953
0.670931639703142	0.671808693768051	0.612485600173612	0.705833020539868	0.675656560876887	0.673486765365556	0.812273111844405
1.08628719703933	1.07424492725511	0.632236774275201	0.911578963585213	0.863438375696277	0.866225813286917	0.832957183520869
0.78997975348223	0.764964323826406	0.617479628046687	0.795161439607418	0.725048450559622	0.7274046284481	0.838921522096749
0.874577189960635	0.863224135248892	0.60466285558203	0.788564906178778	0.753275950061383	0.760882359166858	0.824790262358883
0.906670531256231	0.923926800947982	0.620417486970626	0.854969612818208	0.866786774331366	0.862276226973251	0.785305363377046
0.79586950811559	0.778070248521003	0.563594930667356	0.710679258930138	0.692865967347761	0.69276195976652	0.687741585779665
0.983487145700871	0.977546135990705	0.606880525841807	0.86647700518936	0.774534043222941	0.79660742208686	0.822405991729753
0.992517987060998	0.977394160988737	0.604650851281578	0.827191785946304	0.783211627867593	0.787904159705588	0.784582791373434
1.01232449807482	1.0091898569487	0.599773641344496	0.842537709371202	0.823943558432912	0.822966561660155	0.768584405525845
0.966012978318431	0.956374293328515	0.610320595370825	0.823071332737693	0.816297452773621	0.803032790769711	0.728698040436249
0.780529490868634	0.786153162427461	0.558184130744266	0.719435520929571	0.656847737762804	0.673330672392218	0.715811251771546
1.07152822166081	1.06348334449988	0.629089301551889	0.894000969322314	0.859768141402763	0.872764588132847	0.780583524555959
0.98398913633379	0.970319100810663	0.605205092836914	0.837127213579377	0.828308860190349	0.816715524939321	0.804480253215998
1.00500658614921	1.01913828732034	0.640375611233683	0.876958731714731	0.806774399204635	0.796428062486708	0.852039261676772
1.03308097087555	1.03428030256844	0.630801382251165	0.946631241211443	0.857759079744035	0.850467672244828	0.873295153149329
0.686073919496315	0.698778497221812	0.590555283763916	0.767171740079221	0.700479911685945	0.688937060777974	0.773056855378752
0.968234738016502	0.960673720469139	0.612620266405864	0.816418338370789	0.805185314815726	0.785677038153234	0.761468975219002
0.674308714188214	0.699869687062463	0.559781629865978	0.681386024193946	0.690155948722927	0.682527517392905	0.662099680392824
0.974664905772422	0.954144914889396	0.631572505826457	0.913258131484833	0.825044335121728	0.814676238247469	0.871005545484504
1.0468751485284	1.07177943489748	0.630169409963881	0.898864310402615	0.885294376151974	0.879444135243285	0.837189477063128
0.610251545961093	0.60511908377097	0.611150432386684	0.761032087997173	0.683836074582701	0.676740882082637	0.820771837065871
0.775617073166138	0.773072279852025	0.598390497267841	0.745524949736469	0.702042567787315	0.683053227041203	0.759470511566875
0.989189047725677	0.988237332193872	0.628718614616219	0.840575748067728	0.807021713746969	0.804122400302281	0.822426851003766
0.815226192038485	0.817992443597332	0.607713401872653	0.809866905786365	0.73563379776492	0.734773121492244	0.846921364992647
0.598983812770491	0.612853469120524	0.623029468100135	0.819829125986592	0.729567353920133	0.717990665171819	0.882452277481441
1.10719560661106	1.14858217943051	0.672279489379571	0.975634884633262	0.95916881730841	0.940155871932234	0.92231742266644
1.06432908530257	1.07321951141877	0.630949390420201	0.924389115135234	0.874856141205215	0.873102279823797	0.851937024160494
0.876207909144899	0.84199531571883	0.567366003617331	0.768316710115612	0.706495760645063	0.712215192386362	0.685473960002265
1.00198725055621	1.01103063846274	0.620206369907463	0.860737789108127	0.80309304954169	0.825389358054967	0.804489412502916
0.862818724744282	0.868446916628031	0.656105370290876	0.871584019193526	0.781573717958849	0.774139382910175	0.937720723888431
1.05828026902743	1.04439742121281	0.661353556313031	0.970707809129891	0.872514933843481	0.850234010223051	0.941405648017694
0.808052384843315	0.835283519955384	0.598489980466108	0.789888068027463	0.716330133986808	0.719058809159754	0.771085715623342
1.05062715910579	1.04251834993988	0.62927576694505	0.928690434399544	0.836382635007312	0.854343153729191	0.857386480675565
0.712335072289034	0.694161043114394	0.577068652220202	0.706303830801392	0.686888305832137	0.699365963900046	0.685917291835361
0.721642082554378	0.722047663346475	0.582420169710648	0.770528212891656	0.667990337664616	0.693119804816767	0.775122814920824
0.866705348445253	0.839670126219042	0.617729712037814	0.797449535370505	0.812589047278969	0.80113275599546	0.797403683661317
0.464713384600313	0.477335207497144	0.532541514789082	0.584198072115248	0.547039313243867	0.549984114291547	0.65550768129868
0.856234524690656	0.859836999717448	0.577902091004666	0.743160258208292	0.695290020894196	0.704780792676512	0.711125862420277
1.24100530049507	1.24243621948579	0.656921815476988	1.0297786818722	0.933020128437365	0.958793152891885	0.909810552628859
1.05473993832241	1.02362685710521	0.638633297700535	0.902797812273992	0.913302966354151	0.90993775275851	0.823082859055173
1.12924040910324	1.12200282575825	0.644843513627348	0.960295319423591	0.903533327878105	0.892080275001317	0.891773867177317
0.879020328095014	0.855334861262361	0.644101384975147	0.84253037175622	0.858511236766712	0.863512403405517	0.813082077654275
0.776562348532581	0.774582612045578	0.553638368546026	0.691915606865311	0.681500735690811	0.666519358154154	0.70205345419912
1.10644240187577	1.10265692993746	0.624925149473453	0.934089131665023	0.889400219930415	0.873943711117727	0.822246227215155
0.813756323607371	0.839582320595448	0.616409479092164	0.787541680823961	0.713374341970593	0.731475869062291	0.810600635852042
0.736182844948313	0.739116752672315	0.594238501850995	0.724660521037562	0.75776478754083	0.748023199204719	0.691942485160899
0.522585890048681	0.534408852061538	0.612603952474788	0.691337052422558	0.654000933949721	0.643143156168634	0.88342244767295
0.955746628553014	0.952381059411818	0.594421321750641	0.793597965975332	0.768330618832723	0.784462104691973	0.755188674725983
0.915316239622819	0.889846153729274	0.593550498878342	0.771739475092864	0.793718493811172	0.79663002102432	0.697179177827262
0.673515407206649	0.686596624174989	0.556255488845479	0.663776902041749	0.668832351398916	0.679896527311158	0.672457532024924
0.833299913388178	0.818791846893387	0.559128704029266	0.700973286612311	0.694378899283069	0.695872257515921	0.686338351427386
0.821357536770332	0.829311756635774	0.631056369921463	0.788024942562309	0.782333648196446	0.783496514619712	0.797407881762505
1.15899917131158	1.21791973536091	0.67092151740516	1.01339351707501	0.997757120100092	0.99578877508463	0.915866142231508
1.02695012712949	1.00945178628046	0.591901393681026	0.819663300872928	0.780933372713018	0.790446207030163	0.717762045360661
0.962907298311401	0.957029723798051	0.610240555000597	0.838705526559813	0.771319975193301	0.780078232637207	0.787560717168274
0.688342165436518	0.705616456204364	0.591168146064485	0.719900936901134	0.673841532003024	0.663785352282589	0.772303500024606
1.01070800297622	0.988241802874875	0.658718239213111	0.916581580671156	0.856922577062991	0.86341908419158	0.996039021517481
0.837892319592987	0.840410634944043	0.577015894308348	0.736287091126664	0.693626334084443	0.704439580340391	0.721452396019945
0.795708246352659	0.767091886204753	0.584354712999166	0.787100693286937	0.717664675399177	0.730296594772154	0.773593920436669
1.03269064220396	1.02541480998138	0.657864801496765	0.937278644578097	0.933843743565251	0.94033878606676	0.900739596343217
1.16526397940255	1.16987053164739	0.646470174345392	0.989768424418625	0.921209096005939	0.92256828827409	0.851104788570732
0.629452637027146	0.632044403349838	0.637550193059246	0.797011320254021	0.697679804097986	0.697797938843359	0.903926596330623
0.728522309261614	0.741564139593632	0.549229448841681	0.67715066543617	0.634109515942176	0.646271414349914	0.661001992065038
0.983181764801957	0.991570378276308	0.641221008087893	0.884155612475975	0.863676022057802	0.886752342942567	0.841009722302954
0.995651717458985	0.996257219307068	0.653969009166598	0.97541778444585	0.847349380472763	0.842190923970037	0.969528724467428
0.5575640596408	0.5773954167039	0.583666299157673	0.726080869540948	0.685591858320413	0.669365599218298	0.77033787857862
0.757911438359413	0.81412292199431	0.675831220829158	0.911066061653651	0.777781671211291	0.819347524966339	1.04066292146613
0.946475720406836	0.947026254853677	0.64269095359117	0.924168390566948	0.806785627312701	0.823631731452699	0.923840013782024
0.5359565229463	0.54837309258234	0.629649852758565	0.70427281880692	0.655901414000387	0.640179141047331	0.944328218635107
1.01690024050127	1.02350619065329	0.642005135310793	0.904924928811423	0.849622647511885	0.832884744314893	0.882030502168226
0.802270756123087	0.800687018511841	0.602974213074496	0.788376100370409	0.704873804549805	0.732152817690803	0.839439613765982
0.812245050244132	0.803894831789593	0.582801209881504	0.770340978114846	0.708423348253672	0.716056486802317	0.753987976737253
0.883732185166828	0.896048872280245	0.64971452692138	0.887781906946543	0.900850135839703	0.899618784426594	0.85319194261497
0.943946404006609	0.899591399099706	0.628458296555881	0.847958584888259	0.849649734417732	0.83846339890082	0.811263389996481
0.955912996321094	0.961814382714869	0.609346201862116	0.829819263296711	0.782142309272293	0.781302654490576	0.789505099804005
0.926193387088757	0.924947235757481	0.624207293515606	0.838250140525593	0.819641376647824	0.7944638831932	0.826473563957721
0.863738297855781	0.826837929026307	0.587558556549573	0.747290732796551	0.762077794923805	0.750303275008814	0.714671858821854
0.51921495014053	0.490738135615677	0.601281725053498	0.627208350642402	0.613679682969174	0.601765108984651	0.819229427327921
0.751179110258877	0.783906758727292	0.574432645157418	0.756242644133414	0.681548270442811	0.686671926971057	0.751473086963893
1.04828104295237	1.07432051099736	0.647027362535948	0.93192094862443	0.866267747255887	0.875848334986723	0.858305256749333
0.806135413019274	0.786670359618159	0.642454969548391	0.824359700844967	0.737738435854446	0.745336419021647	0.90982259095711
0.636923005017332	0.651760279530722	0.624218071308198	0.816053536410718	0.723965603711818	0.729344018241632	0.864651370634442
0.936549662273687	0.927372254111802	0.638414986972255	0.873172440343859	0.820280912264648	0.808273276057209	0.878437911548255
0.831633115107507	0.838059736329889	0.565544028554189	0.759619133656809	0.700210870381073	0.696425247428783	0.725175549799015
1.27903694745574	1.28830307166517	0.699765676291438	1.11227596585867	1.02508113962396	1.01167650198777	0.999046729620972
0.896055114088772	0.862468021152011	0.629740134531123	0.890505894577178	0.791295483848465	0.798247788961348	0.886783434637596
0.852111616176782	0.847436299069289	0.628660591558525	0.812674325883824	0.751999349281054	0.742893957829762	0.864138333448564
1.02628736408096	1.02865213459849	0.693787730995444	0.992811336977792	0.868688039596212	0.864395233976901	1.03053310426829
0.816793655260446	0.81665366695211	0.58889509342118	0.783317660320325	0.719162550170434	0.721379926043529	0.773409482943839
1.08459930428437	1.12334984275155	0.665394883782996	0.953133302404675	0.98254242709255	0.981946936722589	0.899331992855472
0.904799606982238	0.926325021276754	0.660980846811895	0.904377036826349	0.807395069945621	0.817484483745263	0.921953773578765
0.850382850730007	0.858637254374067	0.664781268318267	0.854194482544011	0.90274810362426	0.889650432154657	0.851075938478658
0.61689730066621	0.618547559909943	0.647419579306104	0.756526249509053	0.702570351960492	0.700011733603399	0.95032200621007
0.916026174997601	0.896260184873709	0.597313552359178	0.81666550985344	0.764555866087667	0.752890250630156	0.816988570997669
0.982257044493718	1.00726077885414	0.627807201028812	0.851950107209484	0.880621074869049	0.873911012848203	0.803774400737371
0.891664373048213	0.842299767283662	0.635804118631395	0.815379526704931	0.827669263820566	0.828876670167545	0.809564055302631
1.05482889725689	1.06533979681831	0.632049151570951	0.896264225493691	0.887078961113114	0.883815748334864	0.840114821265769
0.853329055341326	0.897906287394324	0.675956791744706	0.908620435764402	0.949059758590874	0.935827505229396	0.833251064202493
0.882001220897987	0.871861179651521	0.600144047499051	0.807522926018319	0.740775399095381	0.733810640770931	0.767116130868684
0.733756558303918	0.770383348761827	0.610304198181584	0.760774203011169	0.702425404042912	0.712481447118359	0.806760068644832
0.926387646723186	0.933311732013154	0.584444027868348	0.81200276779514	0.75936490912348	0.758764838932848	0.765195059434743
0.905482387084951	0.899872646226203	0.617118201834423	0.837919583101023	0.870617652401038	0.870042326560531	0.774497980737693
0.966454420545614	0.993437745727392	0.634607867539121	0.873686102522634	0.825540562547394	0.811784296790498	0.853123967012432
0.990320915535376	0.99588363591063	0.619370592466873	0.877424846617847	0.803418678752644	0.802007695630697	0.81772420912185
0.929624908184688	0.971276134368663	0.666917003987833	0.975701943170992	0.835418597138548	0.833228749676174	1.04456244829632
0.723918858481547	0.738989113676303	0.636785851729997	0.738359054349771	0.766440886962271	0.751104484651032	0.719661655340124
0.681918886613116	0.691168981419876	0.603092291462434	0.748581124742056	0.671844570487787	0.673034498723573	0.799765688632475
0.974283348547823	0.957078203640924	0.592208843154975	0.867469960301543	0.788656714436246	0.793990199581099	0.818565608160792
0.901187692985139	0.886884647363723	0.674520546537599	0.888093579128406	0.897702752563532	0.905243564414129	0.871892088573315
1.04337033974198	1.04548033298223	0.641019466308624	0.969548891878102	0.854807572265442	0.844196039708041	0.900327100316841
0.749859850822566	0.740363907169265	0.628689497675835	0.794214218992892	0.732938035265469	0.735445061419197	0.881291965989544
0.603843784545719	0.599132878024677	0.618420311529382	0.787138633206411	0.708889300561252	0.684870415910036	0.867989634224024
0.478225561378172	0.480130947121676	0.560979097729986	0.601747466247464	0.570823933461567	0.555904466257626	0.702839795296888
0.682775460318977	0.689625875579329	0.568683040658524	0.723185131855462	0.673954977240896	0.655726018274829	0.767036491310407
0.545084334554657	0.544872701253318	0.628741755996742	0.726842577897475	0.649495602550637	0.651041701150404	0.916096452153967
1.19512534365478	1.20114224138082	0.659583364405065	1.02779641235358	0.926780665032024	0.94492857117473	0.895876971970642
1.02477337059352	1.01952234344055	0.596298796665109	0.896436361004439	0.827550068740879	0.819331615638212	0.78892982548687
1.0550956368208	1.04758860248555	0.632360525482455	0.890370661106659	0.872217247907107	0.875886080222982	0.798383717300305
0.961252653967653	0.964029071763316	0.604962689973441	0.861427842942356	0.779156424834968	0.783073987795988	0.812203783602032
0.598310048423051	0.578081246196202	0.474357837473693	0.546410636194496	0.529269773388874	0.537665495253147	0.562340781303093
0.506116561466862	0.499473283349828	0.585785826752979	0.640441648970109	0.623350278490762	0.613431992176938	0.787941628526186
0.587619446854019	0.594110646458002	0.557626384255295	0.659407711434132	0.624302655744497	0.627362077546869	0.732164031743416
0.683767066597993	0.655649226021724	0.627790246859736	0.784235428125036	0.692175029014612	0.702795516646501	0.853437194675836
0.502881960439191	0.520968467769501	0.574795704537337	0.633958547569432	0.605556853225793	0.594719588087155	0.747722507847031
0.849550475438942	0.842179077554637	0.58695700412643	0.74042896059455	0.717208140727831	0.698255599035441	0.743038165779977
0.530330509481886	0.560697857056941	0.578978513372146	0.692254356893612	0.648136634176496	0.641313007819682	0.787506104136031
0.991802357855546	0.998795549590328	0.672955546549636	0.915606544273247	0.924011928400573	0.908564293835764	0.939821534245957
0.949362937854246	0.961358775458296	0.605517461284223	0.823696184393547	0.786094764936496	0.776009513030609	0.775474447958748
0.766161481753264	0.774356133440593	0.606123285551553	0.771638582262783	0.780095164628611	0.770482877445439	0.759938663583574
0.586367024698258	0.556471931139786	0.564681560720882	0.676828758730595	0.62195114781588	0.628543930644959	0.735521382872338
1.05467032838699	1.06965238984708	0.63482347282488	0.896908091482528	0.873720619666593	0.864622332486077	0.814194994532864
0.875051459724219	0.87680287628524	0.597371944352221	0.781464958565388	0.749801991169405	0.778886128809156	0.76150988206494
0.845550188431703	0.828162039532136	0.649038863947441	0.840149130944852	0.757861368529601	0.759996842052283	0.924148627331289
0.734788823226521	0.771014366766767	0.615757436871599	0.774913219494991	0.700255301639498	0.700069140177314	0.859252613790864
0.949014948050156	0.943212538529731	0.581708675573791	0.800468507015954	0.768886056807518	0.750098003858069	0.753591019107577
1.10069691513983	1.11517658323162	0.67109933728827	0.93176014963433	0.96049689722106	0.955424094113599	0.861778750920049
0.86611424460374	0.858963656180837	0.612652673986853	0.798422335477206	0.734903159228418	0.73433523273545	0.806771449734494
0.918242793013863	0.927166328995284	0.638399738131151	0.878431019463088	0.777650935994522	0.796887518237988	0.889264954303229
0.907091560957935	0.930836130947422	0.616751529806043	0.852079937174862	0.856630329489684	0.857012948843437	0.843232624037172
0.829641575425913	0.826305723758678	0.643147734641849	0.810880504199968	0.75651906980589	0.728581882807268	0.894982833148991
0.88186509145242	0.898460469979258	0.613060544784283	0.803342198660499	0.787220928046758	0.799283081284478	0.803140118541581
0.76769986916742	0.775719863594991	0.575821181100455	0.732906873770969	0.74358296337393	0.7521985424216	0.725108024635245
0.812080999582872	0.815564436149377	0.569265642906831	0.731367565627651	0.715093831321374	0.706208092666487	0.718790331847591
0.556708118949213	0.559888699516782	0.611043403363235	0.715275152071786	0.679610604089252	0.678512134646672	0.863576951487392
1.06893563077728	1.04640905379049	0.647247337805895	0.943622954386286	0.922837813264517	0.932896819375987	0.87908793312428
0.960083565807258	0.964708779519896	0.644566576864671	0.887313438167142	0.895764227874616	0.873337923004863	0.860584392200507
