FMP	RMP	FPP	UPP	ANPP	NPP	ANCOVA
0.771016843207075	0.791620098523797	0.579735471554116	0.743163799821239	0.733787281483774	0.755375810187991	0.715303732002269
0.981857845993074	1.00342026659345	0.65045980289248	0.888635774569589	0.8255079160501	0.858301766840615	0.884555009503309
1.12901739011204	1.12498384576496	0.657595158568341	0.960310181318538	0.935836026269634	0.939946669032391	0.829090707114426
0.938203571246467	0.913228885795597	0.608075672135558	0.810798625722858	0.785098642568373	0.819519542179939	0.776735232492436
0.99955324351551	0.984474136318852	0.608983340754323	0.847351592722319	0.812898044657011	0.807962044254371	0.801235254410262
0.90932471501339	0.902168299583889	0.61723696619108	0.816841957274631	0.807590944624272	0.803917966845704	0.796734517096711
0.753459566976174	0.748186514125794	0.588827221772068	0.766150972713747	0.722498914324832	0.720539677276447	0.768691140617698
0.839983901060559	0.828101759370422	0.545739559527201	0.715688967346332	0.707054694629585	0.713060396730151	0.645255891911751
1.19724764718526	1.2107547965059	0.655447859336756	1.02973233581615	0.975787393254701	0.937152598967319	0.947314829308291
0.873234971023319	0.834373668417096	0.623299797333906	0.843540778405672	0.773352215872458	0.752905446731907	0.829973196462855
0.820211229871789	0.831576369405554	0.639224621652702	0.848621905318276	0.850908927920538	0.820974683408722	0.811947744808052
0.507627668363465	0.511194293923125	0.595962870733557	0.651899073483318	0.621519635793616	0.630315804318457	0.810702183652834
0.867938351219343	0.86227061208176	0.650701322049405	0.851153757773626	0.850905307199612	0.83326521661212	0.860006990409474
0.866771157626043	0.854804318583962	0.598948949361878	0.785955490112385	0.783971550628877	0.789904518161617	0.732081187746014
0.748961079359246	0.765803314228434	0.547440903262422	0.711139680062812	0.65300821652981	0.656685599587184	0.678945703430802
0.988067994030568	0.995412065492674	0.606760983194875	0.845010900424545	0.805735570835858	0.808923801823385	0.765397581071666
1.01083829039737	1.01586377914275	0.625519201944313	0.85272250319703	0.844090587322452	0.862291722107125	0.785559096895308
0.530587889521419	0.52685828352682	0.592127222578459	0.663406747855288	0.622927651665245	0.621311009899954	0.80359038913751
0.614096382410868	0.639078069651961	0.581351939100462	0.718341445067309	0.667807115136448	0.672798658470473	0.756616859843683
0.504704670931293	0.484418304187426	0.563177291652301	0.618388788770866	0.589498801850236	0.575703149266718	0.718406754274651
0.701671743962931	0.71227562515594	0.509823739491641	0.631312817551949	0.618925070405292	0.626880788100231	0.609549927311697
0.961123402063327	0.975418832670482	0.646298346533716	0.918093641080761	0.834124970100288	0.850264844675183	0.903103481180826
0.967013023974447	0.964944297176678	0.60930133812657	0.82372282915688	0.839780328173161	0.822182937201046	0.762190357699442
0.958480551991393	0.954433772613204	0.589495849260505	0.814092736185659	0.767767856014409	0.780856203094419	0.757305710704975
0.998052453924191	0.982112273421227	0.639004211947287	0.913469109774995	0.824802187499975	0.828647546638371	0.879504188892897
0.714762459181369	0.71802409675506	0.615951020817703	0.790772764366504	0.719708490097483	0.71636475766701	0.818910017133969
0.820725198466122	0.803545560235384	0.587515289556849	0.795814552977393	0.729431714816015	0.720012510925291	0.763298743772182
0.501253279308569	0.493825992052853	0.587617963721841	0.609438653779719	0.593543265115282	0.594362743765509	0.782734364461298
0.783909616012465	0.795268778380404	0.574976594986054	0.738619573004887	0.697316832595385	0.714196812556093	0.724456717282661
0.955287727522577	0.938540451552742	0.650750139371363	0.891231019668181	0.807265404879113	0.816429719976305	0.935672931308877
0.601138425059355	0.606309541374545	0.622526556411547	0.754323216778198	0.689754507698881	0.678641608587345	0.874581506828749
1.0649598780031	1.09812769473651	0.652157156292062	0.939470200794815	0.946233724878476	0.950781102190846	0.86726307230273
0.95430645192781	0.952509604381632	0.582715727044802	0.814894113736026	0.757722350181754	0.781469841840418	0.7551348045073
0.776034670417176	0.771845410869838	0.60128707161878	0.810655337686589	0.708887305641226	0.721224156212219	0.796639572768916
0.666626366618181	0.668683158484329	0.588931910755289	0.719196451215266	0.655939108116329	0.661948705695314	0.780980333011239
0.606315992968169	0.6035437789315	0.603678496629253	0.736725494668736	0.694286193446856	0.664110856932161	0.815389010375
1.04222899794604	1.03835131207473	0.645377503836325	0.952653695001571	0.846920679377498	0.884318071737992	0.890472137835965
0.877384738996589	0.88910694742675	0.597424009676817	0.804061980019677	0.730171167657565	0.725252334214191	0.769191332486343
0.804047217965206	0.817746545355928	0.59389538563098	0.771804295247761	0.720552740165165	0.727339520986003	0.80566251369211
0.55367884736544	0.544247273985258	0.658148223098576	0.730766348364404	0.659586595385584	0.67529298996013	0.944806935385464
0.847174494877453	0.847985121067484	0.604187669337996	0.827004766351896	0.739051701299457	0.742729949729183	0.790711414865262
0.799123262943329	0.794023198983967	0.62521959843039	0.802634856643007	0.716970500338849	0.747254981564716	0.841226487967999
1.22218158695726	1.17459680310225	0.68873810444318	1.03417214120373	1.03787623392042	1.04847089735595	0.938367342528093
0.79141751318534	0.806932480665334	0.609378707649262	0.788515577477933	0.709736366612953	0.719813636588521	0.814742077415387
0.953139651650264	0.918056934046751	0.597479830549842	0.833979157713806	0.816025874580481	0.805705596304816	0.766830701360241
0.843039011379148	0.848663862938194	0.587793225258734	0.790722852636178	0.737970675051663	0.719789028784972	0.775301504581984
1.05020426633645	1.05081586356198	0.648235500696889	0.926875996031144	0.852246577682013	0.894064756999855	0.893013855555438
0.735476279049125	0.730379230131878	0.585539140091234	0.756174820349236	0.681415406209379	0.677875120123693	0.750139604748669
0.593307766130046	0.551430125073836	0.599558204244396	0.725640813505391	0.683221871021632	0.681275233792643	0.870093693128198
0.997026683265528	1.01872562447656	0.621151670793438	0.857683326590438	0.83883246477271	0.82669875306642	0.758374658560962
0.800606311949008	0.803963083021424	0.641523573140309	0.836074561225667	0.750306603317875	0.756617155201809	0.917461981319387
0.902442512845464	0.908904567344491	0.615663509614672	0.868075328833858	0.802438254072068	0.776863112134405	0.856534964366082
0.884907874738888	0.878518137837486	0.575569252011625	0.749985811298828	0.722610042057364	0.733012258671892	0.710438226740373
0.82306106568542	0.801640644769022	0.621711311620323	0.839565915148239	0.756778658466452	0.76306895559016	0.854095339276696
0.94114160276459	0.929899413714879	0.587212861781454	0.831543967082957	0.757100579034616	0.740616119654302	0.744296317915691
0.54190877716266	0.557153168089883	0.596454870732233	0.699915676305558	0.638399310475799	0.632840513398873	0.775585122610577
0.891350358965677	0.862647047275486	0.615381056007762	0.885325504097317	0.765049315042661	0.778614621223433	0.844105336062279
0.904550923205298	0.908434599927271	0.592194080542153	0.843055794588782	0.760406623582995	0.76212822508737	0.777345494755781
0.949492629975727	0.928055105694555	0.639686533826045	0.889335428333698	0.808803377323604	0.802362589878312	0.897245534707074
0.675149935359929	0.656155835519169	0.589400325150092	0.726177186259909	0.669258267995629	0.671134214576562	0.78942638696666
0.695857411452089	0.724622461878437	0.664393898989397	0.859199447811326	0.773512501804938	0.76951222888794	0.946014347153512
0.650735842073676	0.670021149813286	0.579473414747902	0.768019851271965	0.702496966434685	0.700994744220746	0.771503172059737
0.984404294700357	1.01286503989442	0.61573448910313	0.871586300211371	0.787056874820867	0.801847010136415	0.815124405505925
1.05659394784742	1.05204608637293	0.610664435670588	0.904164082497362	0.829887080303461	0.846909074685746	0.786230707840475
1.10007539330609	1.13856858510727	0.642076006049127	0.932309887159231	0.915326975110939	0.934753546716039	0.863780778710544
0.997194260703454	1.01699780549429	0.628048290827119	0.880567817748373	0.835658676701926	0.841402228795848	0.840525566265877
0.80961287808725	0.767555580305733	0.631150208504115	0.861072723144563	0.762114411173228	0.756308483225147	0.891205833069472
0.555105595370772	0.572123847205765	0.655383408082585	0.777901088122051	0.684590097169575	0.726168245168762	0.979885197976034
0.852558185852875	0.824944726080849	0.628521758152936	0.857826141757164	0.773143202850322	0.758367344703265	0.880089338119739
0.981991665769764	1.00935441245143	0.652420370136203	0.94281176492541	0.841763272270884	0.857175176041992	0.953404437904744
0.881109023351073	0.879091617864106	0.618282991535342	0.859882452108681	0.75479348976242	0.78059738982161	0.815344974928129
0.616365675231676	0.626854197010342	0.584758719320376	0.696298385387123	0.635691658487434	0.657368249238783	0.780660010447567
0.843329158821832	0.844671380666831	0.609679102026797	0.793035406949544	0.721003620855016	0.756719124510098	0.817796254246721
0.839935104959891	0.836210882817404	0.619935718393133	0.822757132423368	0.794488141825401	0.77774411512616	0.828733784313484
0.935820501417822	0.94487971594055	0.576043547217145	0.771028262979971	0.751365849915279	0.763867654310033	0.702073869371886
0.709157295924596	0.688453180758371	0.589188454816749	0.7116802995583	0.699616968288835	0.682201745308528	0.782764567026923
0.850214797080538	0.841040251475502	0.600590233167726	0.783826911829383	0.715457036797919	0.722811357416763	0.781168451010244
0.607578371239095	0.594131952652555	0.576783673558339	0.725940033950199	0.666336157865113	0.667300494343356	0.744984935936142
0.865592953132708	0.884310874207951	0.645178850607543	0.855051060622342	0.762043558005148	0.778221025946642	0.891516215341226
1.11525685700074	1.1402568635189	0.663675129697843	0.97616846441535	0.912726289758735	0.92183230451565	0.897721447864223
0.828783412205376	0.817306051731217	0.542437772607117	0.707979672319892	0.689308687621871	0.686619644145706	0.674995644823957
0.976926910920353	0.994229332567851	0.665482008473016	0.962465502955308	0.855008526527065	0.851134547700539	0.968375453193985
0.570369039142511	0.565984095565622	0.600907891298058	0.714251474806037	0.65132133357622	0.644881465713978	0.805462751499839
0.844890764698919	0.813713643334825	0.560530316730546	0.731774289097673	0.689602483742546	0.698339923803896	0.715383626014275
1.04164432837586	1.05554371336295	0.63529256372246	0.979144510583426	0.853691379859458	0.856068203754304	0.897346517120854
0.869241382419017	0.86731901144381	0.617291896398764	0.865639855025818	0.761280364725944	0.789401064221089	0.876802236831561
0.832719746311982	0.821910164228727	0.612129941042208	0.815798459583523	0.736862739118515	0.745690238691464	0.806472774712422
0.814298008153817	0.797001018205298	0.629451117755807	0.806639856750944	0.73902304427491	0.751111069741847	0.896070555318091
0.879524846966165	0.873162188911331	0.601395494194055	0.809650252765667	0.773099165299208	0.774882973542615	0.832231541031469
0.598613986459336	0.647832401031252	0.647764399740503	0.825910339634908	0.715753340060561	0.741972920430227	0.974180044266905
0.504806318657863	0.510256149154795	0.599469284562666	0.635295770273671	0.628375425716422	0.602757678354312	0.837359453793706
0.743066365909562	0.742752053680709	0.623711143990523	0.808854877204197	0.738172392066617	0.753151403910389	0.92721131723057
0.694814174372335	0.733374086899692	0.63805811478783	0.790804784526002	0.721103596071266	0.712057270432816	0.910527038099082
0.525669999465546	0.502775432294172	0.596791735788638	0.655995638191698	0.610699535824817	0.613264202407757	0.803463821854757
0.795635633382202	0.802667071959874	0.578676749270371	0.782524645735457	0.708207543272676	0.714645864446359	0.758208034923474
0.64357656236402	0.62236259905307	0.598442421438707	0.745371988165447	0.682645343094501	0.656532352468889	0.808782594758491
1.21528775599452	1.22099971893047	0.671217411993706	1.06404627271587	0.955401752246978	0.948660028682463	0.96405426068966
0.904096869495547	0.893268475253931	0.563105982183892	0.739141104093305	0.731198043982973	0.742891277327349	0.682622824747154
0.985923426576353	1.00389338389182	0.621068466066713	0.876952247571541	0.797381441741914	0.800324939579021	0.80688072149416
0.964556040450329	0.977189589848328	0.645191464818046	0.957233495722725	0.862682291883746	0.830703559593279	0.964525322679939
0.713979772343264	0.748262244934606	0.570566707546004	0.710327323215576	0.670943380493055	0.655156218095864	0.726341335044312
0.8500232038988	0.864111803483041	0.573715610495236	0.764291654769519	0.714146626173638	0.721626681460358	0.730011501642829
0.818431170077258	0.791502497335282	0.583503885716571	0.707300979615535	0.674164039227564	0.665757044711228	0.701154454594911
1.05968381737208	1.06280354841263	0.639665846659949	0.933709372765159	0.858955457588987	0.860721165272607	0.8804948408389
0.924779340945172	0.944996237676233	0.636168434907533	0.862208353837988	0.822875459353126	0.821776949418368	0.861242154916294
0.811999190910143	0.828707986559585	0.610436090107929	0.814025864714075	0.725179432585837	0.736469862141245	0.799160620445386
0.859401755089691	0.841528087606945	0.683012381460972	0.873638790245116	0.92150841334592	0.914495844337318	0.842552982641817
0.549341614911947	0.548314827602916	0.615822021074609	0.730780090209506	0.667279133861668	0.6742940262278	0.825395114466892
0.874512553865146	0.87545748794709	0.653635988986373	0.878513407451092	0.908540448054822	0.86485286190116	0.838552791831003
0.547517211552382	0.52828779345932	0.586160721533078	0.671605764748277	0.634302754432336	0.644047803842339	0.748547387735914
0.964064516483541	0.952322221371435	0.629405987688323	0.838787995842286	0.804520462409482	0.776832662254047	0.850469383422304
1.00695821167123	1.00781592915698	0.627873547681267	0.857210314798068	0.808912614837649	0.81367850656149	0.846451765461431
0.910192148565657	0.89675859080902	0.621542745082342	0.810382932940944	0.766194967810297	0.776589937360116	0.816928359344365
1.03417387334933	1.05257055530534	0.637629746202765	0.888490780520131	0.868361843389418	0.893547335782809	0.82789656868883
1.01032579002488	1.02424202668898	0.621134117198968	0.859095601612935	0.864978931456107	0.860695896112088	0.808271036656722
0.835852073158728	0.824718153902981	0.590118709721691	0.761238082933667	0.723378979120672	0.713323468795986	0.762865219190672
0.839590255802113	0.826127392683592	0.627928261528912	0.841829554972116	0.862896153825589	0.87246393608155	0.782634635669451
0.599056641114716	0.644343813078828	0.646775140320002	0.802139013731856	0.729485908075873	0.730948702506786	0.95625011149
0.791607637040286	0.774889781189513	0.591139777121008	0.743671662285516	0.730896999585728	0.740658597469434	0.754230717054105
1.0994105825705	1.061756465059	0.621468732845669	0.908469613461122	0.867941049161309	0.868856029337578	0.818314413060338
0.864108625711677	0.867136238403446	0.591835355448705	0.744646108598586	0.755835405095928	0.719792686470533	0.749901609156822
0.81701562441872	0.843099787126779	0.559698551903465	0.732246646454524	0.706869812499482	0.697540818029046	0.677707216202487
0.984873758610881	1.00100267469906	0.572657578649602	0.818420419747256	0.790333306792431	0.805678069169429	0.719827727213115
0.5220514486937	0.511920358442342	0.604835645911467	0.675460462565621	0.621841049876399	0.634352179610692	0.853461991069506
0.862526802128429	0.858891997486185	0.614168341993808	0.792726397264526	0.731634372008354	0.707629249495835	0.806675273871307
0.848652068085948	0.838798969405744	0.617408498015433	0.790891095985725	0.731475195652633	0.744497444244381	0.803132397194686
0.503418854411214	0.500971589443744	0.583593124436471	0.618087848815386	0.59610012100026	0.605618574197555	0.787941628526186
0.832473238829776	0.827801643407347	0.562818034371788	0.716287991244561	0.689527350821462	0.701306018392645	0.687614083150871
0.589755427357855	0.592343260160467	0.623715420063219	0.745206350528534	0.674647282502831	0.683664883075495	0.84753187255094
0.740548179675844	0.713260860942721	0.611062777418701	0.805057474956327	0.732439980646375	0.720108489955689	0.81401870895935
0.96065237377479	0.965627056166603	0.586824866992487	0.839080735831973	0.781533042790089	0.780511415249802	0.743495975666943
0.667567422943441	0.658276078603029	0.632964872978307	0.782725178693663	0.729031871369148	0.707007662103992	0.884799948158927
0.570094921800732	0.586102480105198	0.632493369884565	0.745134976268815	0.687221721051248	0.679234465026569	0.906073605921731
0.642101592002946	0.641915501247017	0.602541621963544	0.74409130410025	0.682199956417051	0.684038401453431	0.801713490814158
0.505429110338264	0.516326707109072	0.565925974407055	0.636288661386913	0.597535280416719	0.596341259341268	0.758469021664991
0.867045099172676	0.868703685858316	0.604365696129404	0.803502626376031	0.764894162553762	0.751117461738317	0.821504377217608
0.84146646905392	0.8451378645646	0.621247751376492	0.809113827607332	0.743509778843368	0.738916997770081	0.822890234667695
0.591048828208356	0.606066692360685	0.639868577251003	0.749502045742024	0.688252599522125	0.687327318596928	0.885898359581298
1.02528864573798	1.02059266570285	0.645934687493395	0.902026322468108	0.854114970350874	0.832828622103904	0.868667795122569
0.498944685690544	0.498455345281449	0.590028151481546	0.643570183288668	0.609727844299716	0.611263485373566	0.816493217755841
0.524332920090793	0.517882943325001	0.58100831829892	0.651583255897019	0.614485983678863	0.607378605134294	0.76541304951315
0.510647001656255	0.517914740344445	0.591122873928554	0.638465056310145	0.609040789329345	0.628842208970905	0.797955954427723
0.663798035358973	0.657273224527542	0.561975118091492	0.662941767491127	0.618875814201236	0.624942433149755	0.71282784726853
0.8336894318852	0.851020104096206	0.57903050309113	0.751308024143074	0.757511471347004	0.756503117242349	0.708155553320659
0.518127864088797	0.5166278288584	0.584940143718056	0.662761545581906	0.620837211797381	0.619755976988573	0.757539208102628
0.820777955507424	0.82654987214571	0.620619672005633	0.821925078518004	0.729310167266849	0.721353178584289	0.851928191245734
0.822811056254792	0.846280768606404	0.631149111666045	0.833773561039345	0.755944007116865	0.74944124519678	0.867290870109597
0.925163909361105	0.936361400886449	0.640858237669778	0.889219156556814	0.79102890069223	0.819582141913678	0.940805815663949
1.23283828274397	1.21430975039617	0.63971844052743	1.01985556649552	0.958604115763072	0.931456141334734	0.853304612297861
0.861717939863748	0.864943087774837	0.633138827549456	0.844408219717371	0.756380529147598	0.733810110802557	0.855811826140832
0.915061658661372	0.899636590069238	0.644418912575835	0.867036259184654	0.894318262837028	0.8766919658348	0.850988824025775
0.943577186079548	0.942712732801643	0.623288263283763	0.880240014580797	0.788584602379251	0.788965453969336	0.877262005536628
0.715325972146991	0.744210033987122	0.627673633384783	0.81795429632679	0.757363460154209	0.735798716245215	0.867299331489609
0.65336750703383	0.62630723777112	0.600069991973928	0.718792259137138	0.6762818432848	0.68172397163508	0.809636858012526
0.518537556454339	0.507195385121988	0.617086056276886	0.665158193119144	0.624076964708525	0.628352061964703	0.86638082574716
0.707860863619082	0.685626359710172	0.563544108766089	0.687915423064057	0.698531430050775	0.712555201528024	0.644838745975451
1.00680407864869	1.00869456659723	0.63073080681295	0.904897684173934	0.827467290262633	0.853581174735738	0.885116442495431
0.73507564945503	0.727631128013319	0.580224723814895	0.721829297222199	0.650749241425102	0.652754994341038	0.748159551335336
0.697434735094213	0.700692531476409	0.642112191058841	0.812431200385091	0.710789607828624	0.692918381312704	0.901094537517812
1.00922221563377	1.00755270961856	0.623688818235868	0.928471690534543	0.822386963364466	0.846209056265643	0.871284678978077
0.784773018221331	0.782891642551217	0.620423878579432	0.773861560461446	0.699041379414062	0.721413099245465	0.832198802277429
0.734052797053676	0.756247908027625	0.562587720919765	0.724124869593524	0.702280779049026	0.694032114295163	0.726814512110305
0.784807212589164	0.79404095249762	0.57888977673617	0.721333419839863	0.680629117173451	0.682299289691219	0.722856523658406
0.49766532681588	0.495609547440467	0.579361465873815	0.58725720786748	0.593920158374241	0.584139202788999	0.78669216204743
0.765113216519128	0.722803031583339	0.651337846626514	0.863216308768268	0.767151488372681	0.773062523580837	0.974896661192195
0.815494866002161	0.815290066023303	0.593320501789092	0.738204892084252	0.684725949125599	0.699356659603308	0.743038165779977
0.901986584458735	0.894686755830129	0.620876774286508	0.825756539325978	0.763680738057505	0.764319540778749	0.858558672151042
1.11102446133341	1.01634351737289	0.646304558437148	0.938492002966523	0.935434417912163	0.924749599168462	0.858214120853684
0.546208423611129	0.522982167636727	0.610476639804073	0.702390679951652	0.660380407874812	0.657431530287292	0.878816510389677
0.802354647538051	0.802124528585766	0.612107389556694	0.810809780793825	0.731548009052579	0.734542727774367	0.810320110982774
0.578962667014182	0.571263577408538	0.610884547753053	0.736618478289008	0.665238969004642	0.681317269502019	0.863048208082224
0.743119505844433	0.72302135517384	0.625913441895061	0.820102861009278	0.740453255401122	0.73533539466017	0.826069188931275
0.494045496458506	0.504995633991513	0.567466131582822	0.618133706024137	0.601331526044374	0.598559321220375	0.751933035998911
0.54446893374284	0.544189208587716	0.552150141157944	0.598676641152616	0.576177900664818	0.589609925173689	0.671804809576228
0.583870000479848	0.598700180951467	0.605077588950331	0.715260747930133	0.650506743462354	0.655537407397202	0.826973414016347
0.881568175654694	0.892528040468161	0.636668234056984	0.895080676513756	0.78843570718859	0.813201852277027	0.901282080737972
0.96843379794245	0.963309045929443	0.634136222965422	0.890959580302841	0.804489453043759	0.807947821756118	0.89928781640579
0.630967674045254	0.657122300256987	0.583536030362712	0.689628238243403	0.64089666885375	0.619796514508535	0.734470193240386
0.511747253525623	0.522716683472753	0.581161732327606	0.650605906674144	0.626678507107262	0.609020133919875	0.764537799246799
0.618381626341754	0.598203161061844	0.619511531722299	0.784219764876023	0.719275691590844	0.720276598630766	0.83312884916325
0.658861746824551	0.679115527953693	0.594279309889192	0.687200734531603	0.646612216520979	0.661877214942072	0.762775579176222
0.946676700307549	0.942351415842926	0.608090175335419	0.810150603167848	0.799891581047224	0.803036706248893	0.743693143217632
0.53139740714957	0.516189920873162	0.581918831693149	0.668815012801341	0.629786320257206	0.623156105995609	0.794618062234042
0.803793216930777	0.806996374294223	0.605692875198174	0.779640802214458	0.714824427269199	0.730255298703047	0.81548323934994
0.827820385601562	0.818550969062538	0.622774440934235	0.821514512808437	0.751343093320065	0.736522573553337	0.872906043256569
0.527305628977727	0.528739220952106	0.614384912704314	0.690320868136665	0.634143179123332	0.631927312437576	0.900982090320419
0.708748707034237	0.661666309158359	0.597477589317381	0.777153261681214	0.688293225367354	0.696977952928048	0.813761919287528
1.10322509344494	1.0738150739702	0.647899484754735	0.965774741705363	0.870772062387179	0.849118289919634	0.883270020956786
0.915800279033719	0.93531970617156	0.607411396488838	0.840352179741812	0.768848610798031	0.779540841718195	0.824188395862033
0.812987915052172	0.864308437611596	0.619010727436942	0.830765032703219	0.738588878900878	0.739263325053953	0.877402925314254
0.955434586095185	0.957644360311496	0.616808810900881	0.84365507224164	0.800976927919685	0.814197683672428	0.804918520689288
0.883441489274087	0.855850129170622	0.597227491167529	0.807708387751372	0.74417960045722	0.738035199241692	0.823606188569702
1.24084133445598	1.22054468338341	0.673116679855918	1.04540513073624	1.00349543806603	0.989720950328246	0.990092129319092
1.15015305159456	1.12397286467476	0.662618444779823	0.973325678763805	0.921612982720423	0.918313836022403	0.894659560628901
0.879472845537651	0.856431688188239	0.585420603806312	0.751552495566109	0.738168914677784	0.743953094579577	0.749758413876359
0.741265623638768	0.728146825364606	0.535047069172035	0.661110600687326	0.658404516481856	0.655849153309967	0.634507063001323
1.11446251043322	1.13057865238118	0.655312068220053	0.96820379606647	0.904745902113735	0.910313273704039	0.926254583022072
1.20347094646915	1.31904325809011	0.684885021369967	1.04245931622521	1.08980759333814	1.09881509326709	0.963093066923987
0.879404704662381	0.860148520341021	0.609866229481143	0.837368466255847	0.730934020041848	0.763225394257121	0.822405991729753
0.960840323608994	0.954690564308272	0.623834809392647	0.828301080671671	0.809975057287815	0.820332967491814	0.801301800439846
0.863052376940413	0.87638545185134	0.588130665557979	0.762967120128148	0.786622070076871	0.794647498539383	0.721403683855328
0.994614431462055	0.99723983031818	0.581068596291198	0.824082134058214	0.793147361287984	0.796959968060396	0.720251069119002
1.00002073585129	0.99979199619832	0.608339227353209	0.849523084729466	0.838547601407841	0.8341195865114	0.768580549824997
0.814736397374348	0.808289220774834	0.646673246277697	0.853566594387194	0.756402797312522	0.782459869633989	0.937558640201181
0.661308242381188	0.724955940672359	0.573301324922223	0.749548740506448	0.671959850932195	0.687680507182031	0.748866948829834
1.01895714647511	1.01791600567477	0.634023324351812	0.886788873210158	0.911670201006135	0.879763353689863	0.82996211864293
0.551916769239382	0.553196988745829	0.65734988165468	0.770002047835029	0.687286266929346	0.708855328184385	1.01150225429222
0.93570222326318	0.942992927782677	0.643838872742549	0.852457681592244	0.8063632160345	0.81254631868414	0.883640993171051
0.976525915753771	0.957699829227144	0.600976379989974	0.834654595321264	0.815562395922756	0.81853319587828	0.745924020546038
0.668686897043344	0.656603294572285	0.554765806534969	0.702453128383056	0.659383173628245	0.644074303495706	0.68850725901106
0.97717995799391	0.980172130446232	0.639936103750286	0.88975956853516	0.80243609418406	0.801278825963877	0.861330054706973
0.857116514855111	0.868608113267636	0.628520078917213	0.905595956260946	0.760779108990969	0.79016377873165	0.911209031796807
0.850948311167248	0.858077732825875	0.625721226178234	0.841408287897119	0.867721059041234	0.872114999329744	0.798420686581476
1.07292345299531	1.06593788362864	0.627871883065015	0.913998115102357	0.831590259432105	0.835343933709988	0.832957183520869
0.660653499410774	0.70021012763655	0.624263098768233	0.826238564397189	0.750933881122291	0.74751583349372	0.903227831446366
0.724081363940277	0.729443840606623	0.61951851984635	0.771917874273312	0.702861867327888	0.698616014198171	0.806147204561955
0.53165936156982	0.535301485362634	0.619535873969009	0.694188946863214	0.675235051214955	0.657773622811285	0.891538720834638
0.801481135173738	0.765289933420175	0.59547794986823	0.794909287257931	0.733325857711379	0.733820747404795	0.807224444811875
0.851149495967177	0.836192433441647	0.635446553769583	0.855906291816222	0.789194443328835	0.809476110027474	0.932151477357912
0.634951708660363	0.633942376686153	0.549157330115715	0.655970801113969	0.60956259637821	0.618582891336826	0.697340940603173
0.792064509361141	0.823472646926606	0.639026183062879	0.850122992407319	0.764008682003531	0.754098349675808	0.901503365999512
0.942675368051483	0.925179468023146	0.638703494512849	0.894841238225327	0.799385946049182	0.787477511711255	0.897515990778506
0.515482590970508	0.510412239037411	0.551876731130942	0.651670534693299	0.593001178785535	0.592085153752069	0.725709846539166
0.579043488916829	0.581791664658546	0.571516795153418	0.694779921595028	0.636891023309489	0.656250003234943	0.772090553503557
0.605148616006955	0.618701021466272	0.627713792772168	0.76286820770908	0.690877303693484	0.684892012748185	0.837249331032759
0.856260713129244	0.838104249627365	0.609706597809252	0.830650547132836	0.75074215732635	0.745751257477566	0.833064085846013
1.07866824278494	1.07442542079087	0.617751370655926	0.881423451751507	0.852083915620407	0.843050327062923	0.780583524555959
0.811497855185804	0.833443756637495	0.580533173171713	0.753919962627763	0.727097248755625	0.720482204518297	0.75802743008399
0.959267216022319	0.933928467046852	0.608804352732982	0.833028873522728	0.84828676864444	0.81782096953927	0.787779601556338
0.80980874287301	0.793251842664645	0.629951673449374	0.786868200915075	0.716343765542683	0.729292763650656	0.861045126463488
1.16486569682418	1.12964579377036	0.679901235279616	1.00248798365977	0.925098577375999	0.918322749551262	0.935298493432154
0.734763266921047	0.758288963649039	0.606539333492075	0.812835498876349	0.728674977297251	0.713601612790414	0.834739786986481
0.993448612020165	0.97768422761523	0.63528435706192	0.865476407535377	0.830966205655381	0.833100806597728	0.890033300274599
1.00646896578064	1.01245036982417	0.630253697122628	0.894439958505983	0.850788688511321	0.852212463876829	0.852337650523816
1.00233908315197	0.995514240576739	0.618580551322511	0.857088414069231	0.855997464957747	0.87396982964187	0.785305363377046
1.04326705303721	1.05504914150052	0.619063695842431	0.878972004193792	0.851473834944358	0.849601246677103	0.817886683658737
0.722244185418387	0.721483061784412	0.621307344623272	0.794470194278611	0.728681601117727	0.714750179720075	0.89498283314899
0.778046451719892	0.765526517075941	0.611152404192209	0.784924784252889	0.705622177201525	0.728194923572284	0.781743556793162
1.0219377078719	1.01567137994085	0.643737968350212	0.889647180493326	0.846072508239063	0.851647882305938	0.878741203061412
0.835625469989413	0.843274671951678	0.642618026305685	0.854487460222739	0.840711573928801	0.837240361832977	0.816376631018481
0.49350147656804	0.489587945799512	0.564107231973617	0.619226949207631	0.585705960896956	0.594206801642582	0.75505661378412
1.00752927734629	1.00826593721902	0.608454801716232	0.867543748587069	0.804666523553758	0.801481975536785	0.785786767780277
0.577030478824187	0.584780367855854	0.639328711441162	0.753384328992187	0.705063774726531	0.709415693379675	0.959023445290133
0.809670607445789	0.799010568939512	0.581125338778758	0.7428882012972	0.694740852194497	0.693227453443369	0.750920043168736
1.0029501473141	0.999133541399518	0.57841416218209	0.827878880030183	0.819621715429741	0.801177414717855	0.728698040436249
0.986271304946669	0.999882387895842	0.610103654978843	0.822323672500913	0.814256548958988	0.825405658707404	0.766367684969933
0.560141782554391	0.543429201012406	0.59819142877732	0.726610675577848	0.65043200728449	0.665926424483256	0.808923230210569
0.902987312015282	0.887580015171753	0.617011202397797	0.846736316004954	0.767009706748496	0.783642661888236	0.856122210847512
0.501227703130211	0.504941101432122	0.593794437561704	0.601814091866072	0.600622588419993	0.598553393750382	0.778636807444569
0.894314587164151	0.898568377646984	0.610883731200645	0.79457046854182	0.769744332302325	0.780082737910274	0.803140118541581
0.811513900064381	0.805775374865276	0.540966140728488	0.707746674192537	0.663896601234284	0.674678226894224	0.666327559921261
1.1307570003133	1.14232615865012	0.650749465871867	0.97535132729706	0.920758842875828	0.915975453106487	0.93203244920897
0.627753474416382	0.627770992118029	0.624644459472752	0.752438418967348	0.669743224901451	0.702070865640945	0.887243948568423
1.19217971262491	1.28080765808422	0.715006823367037	1.1226759229848	1.14463935965503	1.14715416643095	1.04738316790874
0.764953114790362	0.776253962598776	0.607536523629961	0.796384512561024	0.735353254651086	0.722247612052779	0.845264740074025
0.650769937706787	0.656158792750501	0.59408372612138	0.754220708601492	0.664684744779041	0.665974703373882	0.789117385367953
1.17687782817392	1.10166668920816	0.664205683319794	1.03543224376492	1.01782366716497	1.05065217000289	0.88425782951486
1.04645463092762	1.03779167464791	0.647038672187806	0.914772378428151	0.841423744994351	0.83861120892687	0.903851283927212
1.01648387063598	1.01768958127433	0.616744296470886	0.870664606548998	0.808773891391013	0.810990436982028	0.824649727239691
0.835208330650565	0.833046835599033	0.591481597759098	0.783224142867369	0.717097793342105	0.723364963181222	0.780263236170149
0.548919506435732	0.551956642374432	0.607820756549846	0.700616526361922	0.65722913741142	0.648441747413037	0.848370136105083
1.09521299915413	1.09837822147322	0.667239109279802	0.970729007151294	0.918465160422394	0.906303082427024	0.942868624556698
0.989564086020311	0.986465052276409	0.638895499909209	0.875880866559838	0.809448350887155	0.832520809442941	0.845819320640944
0.952160771764508	0.952555666045268	0.62582063585614	0.86869077319537	0.794844186372979	0.802870526590747	0.867452885009811
1.03216244263038	1.01580239283229	0.606373471758961	0.866980961938258	0.818995242007298	0.816149087765748	0.799921907300253
1.109002174801	1.10638087359037	0.647823709717044	0.968266631295915	0.885864814960837	0.874677414519106	0.859471694558281
0.592525390210778	0.591206393584391	0.625098700074864	0.72268364891483	0.667715118300493	0.671346501062164	0.833819688725983
0.541732562258917	0.550845715849931	0.632495522552819	0.749423684514854	0.685317432520015	0.697198436228768	0.938679090170114
0.752303297574541	0.738069526931088	0.597166980697293	0.763475455113327	0.685985769842598	0.698677503731147	0.751355803788894
0.518107305540657	0.501998215037271	0.609210234039927	0.610003631632838	0.598203715307453	0.581327783713605	0.856171130938737
0.711671854248441	0.681993891003315	0.567922245263751	0.690462755299869	0.643717336569353	0.65853606286634	0.715811251771546
0.66403006043865	0.66573376778839	0.545575118452869	0.645064086420436	0.606687697743832	0.606592621021813	0.680615403907015
1.05561390322216	1.0752394384595	0.642664499375816	0.919873649766941	0.899376523743671	0.891333268448903	0.884269580848215
1.07212224981086	1.06159605479151	0.634452434796736	0.924037135105436	0.862815782737876	0.868081488590883	0.847101555265549
0.828991657857564	0.836041095164757	0.556350447397498	0.713511685906256	0.709192462507495	0.723295414542881	0.657544206543993
0.822298690536675	0.794812880030594	0.653778716105286	0.894621580306154	0.795204367717558	0.804755930412075	0.973324846622274
1.02275573837208	1.0467406161552	0.623161924733559	0.924300596325859	0.832859489118046	0.825832669110582	0.863427399737636
0.794888268349475	0.83357181662538	0.614166362147666	0.781437446261023	0.732745531807761	0.729274425917989	0.86465525937401
0.543008234246866	0.543337172925209	0.62404366119944	0.693265229947902	0.639380474321892	0.643210681705536	0.869482618660978
0.821284146857361	0.830883990427433	0.630765530366339	0.842972390256255	0.748848006830294	0.751798175593042	0.89424795085412
0.93287254013047	0.941274629269144	0.638907462440116	0.886721341986149	0.785617830471592	0.814961016903967	0.852020370001688
1.18189451365279	1.16761385809403	0.671652753837739	1.0555960559716	0.957217683930761	0.95223596779288	1.04421247059077
0.812398727226892	0.822940139068619	0.640207715213772	0.874628769803535	0.787300046725832	0.771541819574591	0.934943579825924
0.883410651966356	0.866431004264975	0.60030139295971	0.798488175358076	0.744567487427159	0.747959568045038	0.7918586271881
0.739140251974393	0.712927814825686	0.620805864782801	0.759374833830116	0.699618182750538	0.689962042231613	0.846921364992647
0.704682215947928	0.695489657648121	0.620763034976778	0.771378647807211	0.710341497146265	0.717983873257985	0.8448075733482
0.731409285282573	0.73437409746882	0.625665716280556	0.805874162276575	0.734423898598667	0.732998286290625	0.897250843689593
0.697207308894872	0.681226080664339	0.605271101961824	0.731764662345421	0.682279529788828	0.676738418479896	0.850443837695001
0.671849439730872	0.676472558332698	0.616523702109074	0.763335526945421	0.698423224465495	0.716424316459316	0.838921522096749
0.785703229291172	0.771128882382916	0.595288463943081	0.748921150008538	0.713490736533505	0.698781782095597	0.780872566400865
0.930314464123259	0.931455214731626	0.62458503622169	0.850694719847516	0.796561368970777	0.780397807134557	0.852039261676772
0.706761715861356	0.679727903786289	0.611199421454652	0.784469188123499	0.708846488518937	0.702392992802717	0.851692289782056
0.799631081708509	0.787172135986444	0.553222979085545	0.711315810473833	0.675300606516066	0.657719465191239	0.686338351427386
0.783276724384709	0.795317626799412	0.572002298253	0.701359740086635	0.675280828287217	0.682905074491942	0.709742730598539
0.966647548775127	0.981666177711773	0.616640530755668	0.843542845041183	0.818716343852466	0.800285237561191	0.808766934672766
0.786094996979536	0.798628803274348	0.622514141859013	0.793733245481766	0.799021951323643	0.802785850677124	0.747658121492187
1.06520462603892	1.10905437510979	0.664029312790247	0.939836874460144	0.983281329198898	0.976406283925774	0.900362666945928
0.837910170818072	0.830318302514944	0.598727631913597	0.820381873314782	0.735446861161524	0.736681360028386	0.80123006651681
0.958255922306509	0.907380584849042	0.62776679268492	0.857553683752343	0.853793667247833	0.831772657570466	0.844409947309518
1.10453535287841	1.09330092348458	0.644816362704226	0.942312490087686	0.880288894414916	0.870939886193456	0.865926847595682
0.787035146078672	0.794305326450757	0.587139405483625	0.733907598674349	0.736956492616689	0.74195439967458	0.701059676955736
1.03089478293912	1.03692739602561	0.612349709620159	0.860087297106398	0.881267481705458	0.880705999205338	0.773541387305362
1.04094748273595	1.03988013718375	0.654465005089893	0.908158504588336	0.903514894689665	0.897078723955096	0.908484260071249
0.998215278388911	0.990255852834341	0.64584532532093	0.896204147576641	0.818302998431462	0.830194763420375	0.865178640177174
0.687113166745746	0.690932478041577	0.505713725131321	0.61860452425724	0.59845473955166	0.589050875130274	0.60013454676093
0.548869390543412	0.539306700849075	0.592516983353517	0.694672648544239	0.650162031639197	0.635176965152835	0.805249200259083
0.765455573655935	0.745006303505743	0.605380974184325	0.800838047533805	0.731090644194244	0.725812871459989	0.807667372301989
1.02399728247672	1.03836128644575	0.630106603215983	0.928083461362637	0.834794151369166	0.84556026796779	0.852200606291865
0.941765210856839	0.932236031228591	0.631803592949933	0.838756597878293	0.8251784118554	0.843766891838799	0.798730760945015
0.875748092806512	0.872025510911899	0.627201583794558	0.865549163098589	0.774977275231858	0.77069599114205	0.893267086570691
0.798223177087914	0.824267758963389	0.611618366825728	0.795533499408376	0.729220536883224	0.710610447909049	0.79067634784043
0.712204062694775	0.698733704698343	0.57235570071831	0.691003629618872	0.685539509793674	0.692393428441211	0.690775650663966
0.513346912015615	0.508539484942705	0.565779231823664	0.646482479589469	0.612452228782896	0.615925881163299	0.734503681110391
0.700148202135333	0.67133078032372	0.642954012038504	0.828010477752291	0.745657509721793	0.740603104060033	0.886037844245218
0.761135621995264	0.761994168211032	0.563459512121936	0.709883387340445	0.66982487877188	0.666452750662212	0.726677697631695
0.868858538902266	0.910418361063452	0.659918042606249	0.882535535455568	0.789144953594217	0.792946526086007	0.986918398920697
0.890895717094072	0.896961358806193	0.621836359673308	0.8131306736486	0.767826600766045	0.765322596395176	0.826919285267687
0.889067141591895	0.877698673606993	0.591184589586844	0.810998581749939	0.737916174962216	0.73740900396336	0.748310552889092
0.815247097945206	0.801067660536673	0.58553685137579	0.727267447028945	0.689635657273117	0.695639951545802	0.725517386593684
0.488644023013035	0.497306042668807	0.582747900378301	0.603756776398311	0.587397283658204	0.572464827705066	0.792567655064788
1.11792749655517	1.10793693505426	0.653927593828181	0.982093141452821	0.906340457785717	0.895170952986999	0.892913630833682
0.920682321952123	0.906867728384715	0.613034117435678	0.830864304459596	0.778106526311601	0.788144881349528	0.838379454283774
0.752611504747379	0.715546458383117	0.608145466971515	0.799376481161889	0.742379895364228	0.722497016093268	0.838419834787983
0.858136958837034	0.881291925863279	0.616638748698105	0.793796940906991	0.786317586540858	0.783824976905137	0.771233855348476
0.507887150056393	0.503985393836212	0.566664724330108	0.63785364894616	0.610315966566477	0.608747633981128	0.74972106484297
0.728232451538217	0.701439604418938	0.601108662064154	0.809509176078601	0.729250835429389	0.729634387177009	0.843931368415233
0.810599217861133	0.807813687952575	0.55297514977639	0.720289696400985	0.666188800230365	0.66402447055881	0.676808531403298
1.07083610288091	1.05457861229157	0.66701602552222	0.974483609866625	0.859830275701335	0.877134262995486	0.977260993979855
0.877438391745762	0.869097173726061	0.624579921527242	0.839461187874286	0.753009410943883	0.764606852416553	0.876962460044978
0.91082512495861	0.900032975463363	0.678591751588764	0.912027305630494	0.937026679248521	0.942424029547945	0.881839585018466
0.715722927672338	0.73039843434711	0.585136032133087	0.707505907397469	0.712313472166049	0.680304826615241	0.714159794851322
0.865185710327442	0.857070486514341	0.610912671139735	0.799392374946516	0.80320711391406	0.801359532147353	0.778459408144194
0.903922756543832	0.917048282197636	0.565214886552758	0.751216789863983	0.740078780443371	0.734575881932491	0.692137313266616
0.485540832278122	0.49421073405705	0.593978603431378	0.596394385587819	0.578132624455227	0.572227356884448	0.785280130696588
0.724116270057368	0.730673474287501	0.56756567534438	0.696718227818486	0.683175311984917	0.684868092137763	0.694469843661939
0.97685162296403	1.05420209688784	0.641999100895307	0.888650146538659	0.909838366814949	0.920557094891239	0.830172983811951
1.14162308576703	1.10951097074132	0.657369156900377	1.00235692476504	0.899054450937668	0.911995630680093	0.879150061395544
0.550399054468359	0.56914489119301	0.637246697661145	0.724849430482491	0.684654524388749	0.692454927422755	0.885488479529894
0.676348900888705	0.716521869302183	0.61320484071892	0.825035987402866	0.720002096502654	0.736405485555396	0.844941686580881
0.681707351971698	0.679075996840111	0.619722252752792	0.757493769892269	0.689907202324487	0.685736472362912	0.828278793969454
1.04018345251281	1.04860273155287	0.626617619343733	0.925145240170273	0.852043858229752	0.82435359830881	0.872504157030146
0.516598087602443	0.498951052736087	0.586120765587052	0.645796504093346	0.604404532253205	0.587337023412895	0.769378653086885
0.891953573366055	0.898318117704275	0.60641734621306	0.850897915642674	0.74901450675881	0.743985980012767	0.783415031563567
0.803583913212821	0.807832604254051	0.614028030767811	0.82914748522547	0.743775215361249	0.740577405616294	0.836431046483588
0.852404662276052	0.83457540885889	0.602810805738217	0.78102943669675	0.720476355026614	0.734340795800771	0.772955893368758
0.929553461522954	0.95637267792907	0.638784313130631	0.94001227008645	0.834741776296427	0.839049944040758	0.908359072594209
0.791890751153609	0.777175597151022	0.581427855439947	0.720539400097957	0.681470106762802	0.666165851058693	0.761974931910829
0.684008377331352	0.665028296165628	0.629182847242042	0.793149304586681	0.722894330718243	0.737028584248622	0.897311234844825
0.801740504265107	0.785073911571604	0.571361509896291	0.746034080270145	0.68639931039242	0.703482941951401	0.730791065922671
0.507175720316449	0.529488125782429	0.590434891736839	0.67288656064965	0.62257102234207	0.635959907476058	0.786778994549266
0.539695569065256	0.550978630820039	0.621320947886269	0.73975737629671	0.670436580595755	0.659502365156029	0.934131040473502
0.97887933432091	0.963321685587828	0.603403907614566	0.846614922182928	0.79338111049173	0.796185523013758	0.847248661180942
0.823152040346278	0.861572228083774	0.649880894185297	0.861020159846789	0.887177026174731	0.885772575143384	0.826782550182557
0.644176909559683	0.645229830435238	0.572475758361274	0.678292557070905	0.657271629683724	0.642384597815338	0.739130614004961
0.535036242940875	0.528532147354076	0.639872310677556	0.662018645362436	0.64495822974885	0.643046318335183	0.921712648224257
0.986544224584894	0.976795225672086	0.625385484558466	0.922700175372828	0.822398040881074	0.826602536652725	0.907515998230986
0.559593947891927	0.538357000551792	0.611721536504483	0.73939299735943	0.680153222816151	0.671611197012161	0.85553851891447
0.503490670388255	0.511964198231534	0.539049575477759	0.604821440438502	0.578683340114688	0.581949691182266	0.690448401195204
0.900486922229754	0.892597059818451	0.606359275606725	0.820856323526164	0.759100768078711	0.774231893733192	0.845543833072858
0.852653952422269	0.873993604773609	0.584565928440639	0.807062702043911	0.72887615427305	0.72861069701027	0.74634683458211
0.860997488209054	0.876615938477519	0.635685267978303	0.825931219587079	0.759318100899177	0.737510695468738	0.84418672076949
0.862241386239128	0.885157800086702	0.647549029611964	0.907314008119939	0.823672670645452	0.813941418621821	0.963762812218593
0.579176959349164	0.582806875893484	0.652828702137213	0.761964902814065	0.700128463187667	0.720347578310936	0.963500879929712
0.710398710967506	0.679683031768516	0.589166459716937	0.750918314290309	0.666287814038725	0.675241106940087	0.790925602614066
0.535592929365616	0.526979151847559	0.605944757703142	0.735607805237792	0.659423439407488	0.66002466281957	0.848691702747178
0.905964339066138	0.907701453800342	0.639441450329637	0.887439471105723	0.761284910233527	0.787509310570661	0.868292985558239
0.802471607871708	0.839845127798695	0.626391174791679	0.839396044136959	0.759611149709859	0.755526372107398	0.874348058428127
0.718811868131729	0.719228088657357	0.5879745713466	0.716998970282176	0.663012644207338	0.671769434782642	0.78739345021822
0.871501530470564	0.88506958019511	0.554378534389498	0.743306448621701	0.708189078589898	0.708135157792964	0.689061475186206
0.723713713539982	0.727138595014646	0.586316726323119	0.718844869174451	0.674646211849509	0.665363730994855	0.743666697991497
0.941415035079278	0.948752205696917	0.636131030677571	0.880349061396833	0.856944882419338	0.859692087043674	0.812934353503679
0.536763656466946	0.589532838712123	0.590623149475469	0.723139775329343	0.678537522358177	0.667467655578866	0.843640855882887
0.910488064655154	0.9173933031698	0.665388645459788	0.889752732631435	0.804367266416826	0.818404606448607	0.94201365751006
0.539526688961598	0.546819585380634	0.66056321816936	0.710547053732285	0.690416548765019	0.67373465316552	1.02039468083101
0.769711491188016	0.758840028380374	0.679002346012165	0.873341836191501	0.776134888535795	0.781769899949604	1.01878428422082
0.924596903253273	0.94427989111702	0.63721361649016	0.913520013132086	0.795269619416167	0.807037109972246	0.913725885429461
0.994833094790142	0.993983594898135	0.669550563770823	0.927260144633615	0.855318097643035	0.862146317027552	0.995757330702379
0.852002284484362	0.880352170776435	0.663968507369415	0.912558709037276	0.808555291154802	0.804281126221411	0.99646893683716
1.02757591336622	1.03823972761895	0.660966540966897	0.93766078901209	0.845702071097519	0.83912694438602	0.936358376781603
0.784175636545141	0.807977243592602	0.640049931335895	0.859921208545615	0.752222431066766	0.759886020042789	0.87705984213739
0.980086466066521	0.99565384845315	0.619729005498353	0.883851110170217	0.802438657802551	0.806484339255088	0.808874024881091
1.00910519628273	1.00398459941172	0.620957689201576	0.899855483885613	0.828856132939382	0.825676562601882	0.865355244135109
0.599121487742803	0.63205568386705	0.593843936592499	0.704556247840779	0.64587014488774	0.663169939308528	0.786252437974339
0.582546973958231	0.606966877972655	0.599568343752947	0.744150769835307	0.701660731648721	0.693390058847575	0.841604293658889
0.903466754996467	0.910036013691979	0.641599626474391	0.850657279602468	0.785483586249493	0.776174092431965	0.864378807083029
0.99294536463982	0.987405222542695	0.638814568593588	0.873416721018998	0.825122650800323	0.832710450604527	0.860846205716481
1.18754541301849	1.19646493987332	0.657254470908105	1.00221158693252	0.968297742008521	0.982215596648425	0.880245207460182
1.07259427340212	1.07336596656023	0.649811355109803	0.920776399749746	0.878457233002123	0.883940068409998	0.844670971272911
0.75037002548546	0.746916672898332	0.560492085430399	0.719823387864722	0.656645530054934	0.672126463947333	0.69134007621281
0.731122591424161	0.716775785696312	0.578719382903948	0.701369000114566	0.654235665213151	0.650723240544533	0.682629052500157
0.669729275947291	0.658215314202066	0.624036617002288	0.764283787442196	0.697273505623622	0.708549451085396	0.889825989515247
1.07799272294534	1.09720473542918	0.649106967230275	0.95629080500587	0.890461104193677	0.872249960628765	0.905126103427432
0.685341441854812	0.71310125606556	0.556815769946195	0.718308187678317	0.64765267237599	0.67193001938777	0.717167906318276
1.10511036827985	1.10168499681284	0.603261477234712	0.90200429203337	0.857932040892306	0.855290451773096	0.771146107664134
0.896720760146702	0.885196609125716	0.615304100551167	0.819586147552773	0.823807336922953	0.830652341070856	0.794350630907363
0.706228553143745	0.709947471530415	0.613076493614629	0.778223153214271	0.728367819183188	0.70289446998479	0.82790146628868
0.978910845757621	0.97051424514392	0.633088717613507	0.884076650464825	0.813373032780468	0.810688507830858	0.854707007614496
0.928007498929654	0.944817807947228	0.581383936528108	0.785957691062768	0.759649993433292	0.756960514673324	0.725903317925479
0.918960094020529	0.93274774283042	0.604174996732249	0.787661903134355	0.76156212586196	0.771408012131546	0.758152414969006
0.898862815634055	0.88250776696154	0.623607454292747	0.844408940064872	0.759023964070452	0.773564938794324	0.856874716843013
0.928824496708426	0.955241035505684	0.65013195079345	0.918125516447959	0.80948171563115	0.811124340532002	0.920648114057759
0.957825527081102	0.966680201975361	0.605059690597531	0.835862985902265	0.764466322803367	0.787667338549674	0.80495177580699
1.32571107578296	1.33926006226277	0.712461011266496	1.15275732226599	1.03566531819239	1.01219857994918	1.05202209161826
0.9012660836955	0.9313916122251	0.636126627723133	0.902121271356351	0.818211593842671	0.805232724424813	0.883800470430085
0.910388454851425	0.922571496789309	0.606599662131102	0.812638359377523	0.759236789377366	0.776680022533152	0.782459990021525
1.04975785124076	1.07041873662423	0.627580297199258	0.894943153349888	0.861789684735298	0.866381678622937	0.864071732362866
0.598578168676426	0.585586409767648	0.516812573084476	0.5836961200024	0.555942317705989	0.558376173173146	0.605377448789449
1.24509615729415	1.25952416635512	0.666523256570207	1.10776981285517	0.961807045747938	0.991695238731921	1.0193050967471
0.531042295055914	0.522458258338669	0.586627135529677	0.668774003227931	0.628549444044333	0.614403532035372	0.799329754710034
1.01028383249597	1.03006467227287	0.639844470838936	0.900418507150356	0.832247234483443	0.854654007213875	0.860573587129292
1.01269891730874	1.02109343129922	0.634646336313207	0.88278985549679	0.816762036506193	0.818213986542427	0.832871696892541
0.784808509467329	0.803383395180471	0.564506507277856	0.752841296763215	0.68442308049906	0.693348671400319	0.698139747496364
0.899633103134559	0.914750586899466	0.620354763275191	0.819097729873376	0.769802761935247	0.757223461711727	0.827497262276211
0.96562413991335	0.970213603289553	0.646716718879255	0.906570726613875	0.840172617292696	0.801053964016964	0.894442215345054
0.821511175184225	0.829007239484855	0.593640093547117	0.774684187698088	0.713131950095602	0.720938303189908	0.784416073841215
0.543659900308473	0.542323132795182	0.606035638675474	0.756754507142929	0.665034852785923	0.683265570737563	0.852128365521136
0.555086017579902	0.559794752152522	0.60709643397106	0.707349401016402	0.66419263475872	0.669194067906767	0.849755043065933
1.03273129367042	1.03611175769218	0.644693033598777	0.898904865054385	0.92420601927709	0.919252172234245	0.870122286990392
0.858371910827703	0.879402142942784	0.595528570198979	0.782701997962333	0.742573100159238	0.740841246078724	0.772168229935902
0.613475215897269	0.587950391282369	0.584762137603763	0.720046931148231	0.659194619316006	0.65591252728422	0.791178451297732
0.689823964061197	0.676893472529977	0.614309717829989	0.751561603339133	0.698905511003914	0.690781524624295	0.852517895072607
0.539844684724567	0.511796670444765	0.551400293069224	0.644790055542346	0.606728640239699	0.596933614597947	0.691677055860372
0.696629858174923	0.735125009317714	0.691619742397337	0.94378838890336	0.807435704091176	0.777642253303933	1.10770264642563
0.853948736883468	0.838300193704985	0.645118218685546	0.856981924664638	0.766849077339992	0.777197780843025	0.906952923672971
1.04072601435044	1.03573300286126	0.639999510384621	0.898554115843499	0.804496542717497	0.828434881216385	0.863791111865078
1.06361862963574	1.04111600400966	0.606226350655871	0.884574848476295	0.846550011006261	0.829690902630603	0.75944894868611
0.886001935379602	0.868879141948336	0.610914826804646	0.806223683765858	0.730741471441045	0.746634817539866	0.840640857156547
0.855628566349416	0.862901585981565	0.59948534976026	0.827160836597351	0.840918890231339	0.825777939205371	0.76558902557409
0.958453815348932	0.944516382854293	0.592832506748188	0.804701531353679	0.790485197566002	0.787385528903766	0.74052247628736
0.619296286469978	0.612203637805843	0.515132913993803	0.605038175692677	0.584682943972222	0.589988401787244	0.615331758265107
0.817332612788618	0.832981247482626	0.525781766459074	0.712229155080599	0.686314433977582	0.666075016153823	0.632853120474555
0.721408794052607	0.724063469989205	0.598347439951529	0.748428026434452	0.679789205918231	0.702060054381533	0.812959031023265
0.737874196873014	0.717316214702669	0.546374881345574	0.654374680082186	0.633474022345055	0.628886693488025	0.637388550340047
0.713234039897425	0.717287504859774	0.615496747933311	0.846420658253552	0.759494544979604	0.748980538334558	0.866038484440949
1.07915319623057	1.09083429550624	0.648865326203413	0.931414807559014	0.888514721193308	0.883791704745351	0.866380035892298
1.05563590578424	1.01911858882908	0.66188043537123	0.945336863419183	0.841771389284409	0.851240240902057	0.951948007585712
1.15681434848979	1.14152243991476	0.641076240359428	0.996492226043937	0.94740120522082	0.917430551643062	0.873884720931525
0.651332871567962	0.658882532427114	0.644583378162352	0.779340167053023	0.719030426917442	0.712156688424786	0.949069836058874
1.10443161291122	1.09214829938904	0.632887581420186	0.93544381550132	0.868429845026257	0.867664961953877	0.828824287874451
0.576471272413446	0.53869351010899	0.617640684572372	0.712021571866971	0.664001291348347	0.662870423997254	0.888309793957439
0.9541861589849	0.962044922672572	0.624327776172821	0.88042963016458	0.807960063949919	0.800149687289557	0.830795225468217
0.558029686571933	0.575491136276255	0.587810833628751	0.703610762337113	0.658721889772834	0.646872791553549	0.774333435557162
0.569297743508378	0.578250931879964	0.629770507122559	0.728718043112736	0.682419072788633	0.674646663813499	0.879647984668607
0.558816878520052	0.579850905224058	0.612659542569738	0.710429531987402	0.667677320115386	0.661646615305336	0.847248942225629
0.923483485619286	0.923694284171891	0.610500197658565	0.823189981307353	0.787567800142299	0.769051957328403	0.817383088731653
0.957422984859414	0.949222102827292	0.609468992175861	0.814817219241544	0.759901379390742	0.783480358335697	0.761508908746536
1.03624253206754	1.03488588383956	0.635719885443341	0.919893968056693	0.825844824493645	0.817598006965302	0.8630731870817
0.509833418473384	0.483311700899495	0.59893813853425	0.616089124132922	0.592532153168391	0.598796146103245	0.821621274485176
0.504212964881127	0.503874358091166	0.572367265055074	0.651442954162888	0.620464753089182	0.628128162469751	0.730269312144704
1.0074743757196	0.990381126548793	0.658003704608786	0.897072444502902	0.895242013292983	0.908223669838182	0.840826466785865
0.678550798518603	0.654469780166332	0.587933433053079	0.707302606252527	0.659665909825915	0.666025231519128	0.784413074915757
0.825329310322058	0.821194138689144	0.640078936748562	0.901516726292665	0.790839428452322	0.786087430910234	0.866785011272118
0.613209436513955	0.598350807132187	0.646988061740742	0.760833265118114	0.709047296557572	0.697565858042218	0.947364433791112
0.539626097653593	0.544834018802811	0.630482858945143	0.696004955042691	0.646236136490384	0.666845991869443	0.901556643778496
0.663571251680617	0.677207970550849	0.59378538944118	0.713499052455638	0.662567817617996	0.659564401751783	0.794273389870825
0.501535201567325	0.504331528469094	0.605880691073397	0.63306161897477	0.583581173945996	0.614701240646528	0.789921071462121
0.597106155715785	0.617699308263749	0.675852770744877	0.809099473930038	0.74109721699749	0.72982451686577	1.0324833476379
0.905426393338633	0.906615851676048	0.609089960282301	0.790914629207437	0.744317020203801	0.759863276312895	0.764052486854432
0.862687339300489	0.863031946955994	0.566419125101344	0.746907455051311	0.694370477582061	0.705679639538537	0.708914678147008
0.871656287609511	0.872214589518282	0.646083661485123	0.875971545354007	0.760385665749473	0.780118877751127	0.892266033378561
0.748642643114743	0.755034894360367	0.560729375718045	0.721639223382296	0.665030295470992	0.654541729059384	0.71318507867231
0.52118332015398	0.528677388986687	0.613270103945246	0.6436416410211	0.622221413142297	0.616171091463071	0.804608653807915
0.750020344085797	0.731516100275564	0.601395558313484	0.756120104225241	0.689426735416571	0.689084237067156	0.814351929157463
0.778151258109895	0.774037622721444	0.64368580048985	0.821271209024307	0.830117963206725	0.847702512072384	0.769624920862469
0.770881963553401	0.785222751974514	0.60371456349361	0.784180936633835	0.721747151988054	0.712074480008711	0.838536744340554
0.537714214569006	0.537944516848794	0.638808254634355	0.700435998511269	0.656878097000221	0.658804913573215	0.929018291070399
0.769679515477684	0.800511166339472	0.591436107278919	0.79356974067652	0.681000682037923	0.712728124257398	0.804296890259687
0.517694414388838	0.510175225014681	0.619805872057967	0.65450204181387	0.639349928560929	0.627689532822425	0.910265526042009
0.612920811400495	0.658196937170922	0.638789484455546	0.771111389153605	0.720326070366817	0.719091260384186	0.930867365236618
0.763507170874618	0.756063513579774	0.604158307515122	0.765353525417665	0.723719906545631	0.69503616827104	0.819799852358152
0.647294793624168	0.632988912188271	0.57059480630146	0.754147014744615	0.665512417032769	0.669315095703039	0.741076959596458
0.698162635836382	0.700967492732834	0.56001392466721	0.664588819448302	0.645875383679743	0.64068210058724	0.667509485939963
1.08076684521909	1.08056276937977	0.680556651450798	0.954602181373878	0.898863830263182	0.891279199618472	0.935559241200269
1.18727984474745	1.1845783968938	0.667881091670044	1.01150426763796	0.932517949796646	0.937388961928207	0.972356249994168
0.851461153670684	0.831649664058857	0.625835219255327	0.821882002289655	0.846933031979876	0.82925255007874	0.791101785767093
0.769810696294982	0.753059793878513	0.625933718685271	0.789591379514272	0.731930634276161	0.696174206435333	0.827773311424108
0.701612353167811	0.708124454331609	0.624743586257154	0.794820626443709	0.693014105122533	0.698360328137687	0.882907612531922
0.536728741425243	0.527651387136891	0.576879679088537	0.665674309367204	0.616720769541623	0.595529276013845	0.739578576115547
0.891451025810159	0.86848627280682	0.578271276841462	0.743846725964739	0.710519816411857	0.707792772381935	0.709072707754562
0.824786671447214	0.815763316781628	0.591681926427542	0.776870712410706	0.706900330774173	0.700197838334012	0.742443047354037
0.525295390041532	0.534905835028757	0.570688499082638	0.630266598835348	0.616059142985788	0.617208055684275	0.710757664136178
0.844220591411312	0.840347669644668	0.585422022963488	0.739525755642832	0.727194000627869	0.731355516266681	0.747059299245653
0.494070093252512	0.486466616123203	0.576200441673552	0.623649850233457	0.597669275768417	0.59535187265393	0.765044839749586
0.583692892493705	0.57161668459306	0.572396496160664	0.698647056250604	0.630082764718986	0.638248712303938	0.76717775330387
0.937080666866055	0.950047501473936	0.595814566366	0.795499062624021	0.794623528852661	0.80188139889721	0.741250992312567
0.542911519817322	0.563520654297923	0.584683354869121	0.680839337305839	0.624296448059437	0.630287843297199	0.768430137515905
0.831207234888635	0.804450179916004	0.60371079155258	0.785726545438991	0.717837565577461	0.708458881048847	0.825790728941469
0.809068419538399	0.828305288325094	0.609070335754564	0.801093623341206	0.822257548406116	0.829817381981192	0.775371548407974
0.721634797510168	0.716723961661245	0.630286856233413	0.777594024030984	0.721687379676641	0.724528195940611	0.889597867466884
0.537025190611604	0.514453913476615	0.602660832415681	0.649220167806929	0.621499906990423	0.635025587790995	0.827991194005021
1.02874912874633	1.0077409645133	0.656963951806179	0.908993090761158	0.857230370976681	0.85704013650446	0.919713656044688
0.879885097877429	0.897867196039616	0.594955183905808	0.798126822197418	0.736672154243735	0.755757921081134	0.801190668931166
0.541987182467178	0.56419261260137	0.579058171882962	0.702847399753973	0.646134917386921	0.625835794836641	0.728012575656224
0.907720296514222	0.90831903157963	0.606246716951543	0.807102413053483	0.798272986235397	0.799657905630332	0.751854916589355
0.783434076622006	0.763290378692353	0.556957554107401	0.724416174288542	0.665628305031265	0.671429989615213	0.697492898386536
0.511195295153178	0.517630481295205	0.596445901549624	0.649560429238098	0.640958666046687	0.625384859870826	0.84973914272246
1.22830233994165	1.22090653316257	0.690896594813893	1.06604866479064	0.955606606979782	0.964508262151741	0.980696187852224
1.06223248868359	1.07841133562511	0.611366145019978	0.910256039310379	0.848688547687431	0.851263849365545	0.810418874925718
0.586714319867124	0.579697825949471	0.619005016564151	0.717284579727265	0.67515223519742	0.665440123158791	0.800643499353215
0.770422956234844	0.784979098712225	0.579919768727339	0.72308863308847	0.673128246700107	0.67475902678518	0.748211621525957
0.786915982784307	0.78732219465516	0.592434430060933	0.815518575268595	0.7206219759997	0.711008501425494	0.795874366042573
1.02822082879502	1.02054989003242	0.647520297353384	0.935051129773646	0.858340325047442	0.875242492151415	0.899116036241511
0.928181663570657	0.923657322471388	0.661216718066261	0.903737737240587	0.812170740528195	0.816426162213505	0.922515264419981
0.922500954611705	0.930257595597309	0.633788999969319	0.876204925582261	0.775399351305395	0.802896336531344	0.877742863159561
0.931157730878154	0.92576555654509	0.624777602849924	0.829951268113358	0.825583991991988	0.825955583794937	0.774465662236401
0.758359282809411	0.776418761185804	0.579034814685891	0.727952289373378	0.684085318297587	0.68966443743423	0.771863454332515
1.08785978573171	1.11474820108727	0.662674023594871	0.986552380038555	0.890115075361702	0.87252629782957	0.938106415217758
1.07151610386714	1.04452346283783	0.680081843295116	0.939130999766961	0.896494397195727	0.910523952255273	0.936041455315025
0.931256902846941	0.896534411888879	0.633895735892258	0.887386185957497	0.797604773402693	0.81941018398444	0.863358807762901
0.522257309900409	0.524394606909614	0.614338745263379	0.681266820003478	0.642114614451799	0.629372262045312	0.867818837910315
0.590377901829661	0.606558813764309	0.626990969022304	0.722596350003838	0.667083709386479	0.66981800857511	0.883432675793929
0.957234467184815	0.959043096597614	0.637996444217839	0.860411448235997	0.793849285243947	0.778824045371335	0.825230827834463
0.975249356838326	1.00544067963548	0.614569084434434	0.881830278004057	0.800524137224702	0.805591515529887	0.828965520190113
0.708751903915579	0.675260139324772	0.588095571355642	0.718139403154544	0.655153760723697	0.652341099478275	0.738971023748718
0.970476686468594	0.980690495033559	0.622940122770823	0.8625646571192	0.843882252447006	0.823413735966218	0.829766418053722
0.814244027152684	0.807966248641582	0.569031256198556	0.732717041812825	0.688027364882002	0.684478293104413	0.712127365149206
0.984201769314493	1.01029227714054	0.637610555521649	0.902143429352007	0.866841401900954	0.854723212159385	0.885550984294994
0.883720754693492	0.888295961915164	0.598045689053853	0.801730092281041	0.762307697928347	0.750455376268464	0.760594723890349
0.932974959396825	0.93833505106597	0.61425140886935	0.834929006533415	0.774127785914165	0.762639918409959	0.778966586562355
0.869204588548551	0.889346173344125	0.632794937097448	0.872378338987764	0.816229021108665	0.7944999460164	0.875720251099273
1.12139188478119	1.11687354927736	0.672260933715763	1.01985529632785	0.925266822218306	0.91868128600474	1.00303602614536
0.884374910945022	0.904073763692564	0.61148701409966	0.836508756042271	0.806828234154587	0.785932261736706	0.786908078905037
0.888315619822278	0.885527794206463	0.625597819538821	0.814014338044471	0.840501209938498	0.82036557981078	0.81662379302512
0.903720748467279	0.907652039700937	0.594844239465909	0.778535892353482	0.744839522801681	0.75047113762778	0.741764933114373
0.968068673897237	0.987384218433043	0.646158755529787	0.910753899164214	0.803243310997883	0.82467782435251	0.845779848727833
0.619573248091625	0.619702384114529	0.585344459844574	0.713456199519068	0.645111939458086	0.639798409439377	0.774415159605281
0.627124696519576	0.567425953171584	0.575481628978293	0.721956865072251	0.660207298777078	0.663374357748635	0.759369608723694
0.585159040647496	0.559738591532087	0.608683996466292	0.711297863761208	0.673263702924372	0.670126662488349	0.835138085936916
0.94430490057477	0.922172306470763	0.616258465705028	0.826883399326068	0.822482458416169	0.825991129212713	0.816971351531259
1.00807342033636	1.0020663495468	0.686346165752889	0.967071985990215	0.861873143833751	0.856853739153738	1.06947885418248
1.00279874385388	1.01546676569387	0.64433867702994	0.879220168755976	0.820822699009747	0.804142217471167	0.859345733739856
0.631406595725578	0.612702262951769	0.598534730740368	0.779430623291488	0.719590599783378	0.726232735404814	0.800881151855027
0.905792967796143	0.921844520928851	0.674059678352343	0.91935374483221	0.819183634086908	0.815762169346788	1.02337344150342
0.992996354092914	0.98903370645178	0.652693030569361	0.89554694041272	0.810847579710097	0.843921673428134	0.919269301541763
0.914301668976512	0.924652421597786	0.641930346483331	0.866451099681699	0.818560633425554	0.825284931201962	0.924114963286195
0.853865736457748	0.869694202767828	0.591876429852999	0.776927097322053	0.720706524186976	0.742026115697414	0.769447987542858
0.779520732912178	0.753051060702286	0.543046690822949	0.696374190546505	0.656957468525767	0.641101291562845	0.686038451065914
0.946403055505593	0.944323134479284	0.590135940684742	0.797071616446812	0.777773900953386	0.76673409077421	0.742087156255326
0.783849378774383	0.77426061998611	0.590780293020376	0.752924124854721	0.742206396728743	0.731817679758449	0.736207271875318
0.901858247260693	0.878678890854412	0.617505304691619	0.895591534488601	0.797917481377784	0.797503297323324	0.820181594653902
0.605901175231277	0.58572223034984	0.562762696716299	0.673119134371141	0.621351944149664	0.613927489282487	0.695580624184049
0.926795293062138	0.936256499388758	0.594954721169968	0.8120518824777	0.780626442757032	0.769283336859241	0.812910196150916
0.981004057619994	1.01407696653068	0.660772654822517	0.967170178616233	0.991733630644229	1.02772718664542	0.900755881478971
0.852620846628566	0.867406405778868	0.627227088374697	0.840387900212867	0.759467645871843	0.781118492814018	0.874623544698326
0.810234270065546	0.82240416730895	0.621991906933563	0.81840196054288	0.74943180928446	0.746125888435438	0.852684798369652
1.09432544969591	1.11372994553948	0.643476940294529	0.972803099431708	0.874779763415566	0.867793916642658	0.88791741685644
0.945734424575886	0.960321872966052	0.63044535683345	0.825229807510266	0.82039002548104	0.833600776394251	0.814404992151693
0.526442495522467	0.538270766812569	0.615083442640629	0.71170008333231	0.654096167379961	0.662249142245027	0.880948477516652
0.859086687994397	0.854084812956029	0.606416179102789	0.813429501421119	0.718831769215648	0.738972658912957	0.784443396732954
0.880522937007668	0.852024691918358	0.587865279913409	0.788435896425555	0.730906038623711	0.719346735686747	0.777773355204337
0.635712408442321	0.65599438663498	0.610673308693595	0.734538445322012	0.684893417459841	0.674148207579841	0.840500096738396
0.916071747086361	0.873684354694485	0.623869497395693	0.79488136668261	0.810318247192196	0.818179790150233	0.770700202433593
0.943495331282269	0.928353488237153	0.596832389645549	0.804636261425987	0.81365763856635	0.839605453078071	0.737643093187396
0.524061928485693	0.533914939896184	0.618361385176669	0.682430374495181	0.629678101081705	0.624014501346819	0.837594207230076
0.94890638554927	0.957347365064285	0.598070307115742	0.845327438498835	0.779568135786598	0.792777783318896	0.801115663845268
0.805825151058904	0.809133466495795	0.607724891801789	0.768290773920811	0.709910497987688	0.711164881625705	0.793167083229485
0.508048092277192	0.484526621380659	0.567170217824037	0.617003233130297	0.582243458006118	0.581610719433303	0.741879161513893
1.27339418861646	1.28488080108893	0.667945213872912	1.04223356733798	1.05599171800522	1.05474016885393	0.903822325143063
0.737603552416509	0.736412589974949	0.669101675361749	0.873705413576833	0.733146974493312	0.751597154053851	0.973174192857972
1.20182040226406	1.18926787546277	0.674813864205057	0.997299136155294	0.969817554982191	0.982404949873937	0.937191324117925
0.859975640945961	0.902077815032745	0.633921763086767	0.878376595040902	0.768092626506405	0.787786856881115	0.895954051300493
0.949406917388671	0.937804476664732	0.612884265598716	0.844088366157516	0.76960246826236	0.779056018625752	0.810191525720272
0.977088789486943	0.978552136750821	0.610536910369688	0.864646180334927	0.795245731171122	0.800913325467305	0.797678742885595
0.81044745562267	0.791022023648004	0.595863806163329	0.749237726052464	0.740123652950012	0.742525387493778	0.776751985035754
1.05467196655964	1.04919091641233	0.645544124101759	0.95362651619875	0.862476558956351	0.867201422246424	0.884450922914039
0.538323678731744	0.545727000237209	0.621034017568973	0.726042483973652	0.667045508435184	0.663751021974111	0.913865116230834
0.543953203211077	0.54254342498181	0.56510010832418	0.644438202997973	0.607963716426483	0.61355803690236	0.75622403973278
0.507418364826602	0.49958831572331	0.589690713075838	0.624877304724069	0.611946067244629	0.587879522494793	0.820615747058104
1.22642166062682	1.24573178887203	0.676481292945385	1.06715865983222	0.957243867890994	0.978823457517912	0.997664505526071
0.811943729154711	0.791815075210267	0.60966830280132	0.833937076157	0.740435611783844	0.762598137075606	0.853978196306945
0.844847394587201	0.853194025012399	0.641361800401964	0.840148684614708	0.773455101019934	0.764766488385725	0.926788534597858
0.890322944804588	0.880597342728578	0.608643402878553	0.821333321827888	0.767355924337954	0.791526463917018	0.786242451825902
0.714838342119133	0.651900133825048	0.625699808051717	0.762121907393092	0.706314241686768	0.712008157625442	0.873070581168995
0.932048410062007	0.937116947838716	0.619570441292271	0.821960033804438	0.766266422986205	0.765330900021672	0.780689594005573
0.987987435773949	0.979704897109518	0.648212122195645	0.873774904418163	0.827034187321101	0.851801597012794	0.874288749141296
1.17156195029223	1.16289959326422	0.671032624214319	1.02837568782659	0.929997536110416	0.930102429094447	0.971934760494745
0.534083236399464	0.521790724585489	0.562080457819603	0.642048557013443	0.610997691800956	0.604835253845756	0.736330440016577
0.807823047885281	0.802094628133061	0.575818876225154	0.729758748398663	0.700575468461372	0.70427974147428	0.722064347626952
1.21472395769628	1.20876886199467	0.672948713113733	1.02587300285188	0.955349241197681	0.943126447799657	0.93602276259957
0.709888034864704	0.690407691467376	0.638913320337926	0.784570420515058	0.690981538866622	0.707732947005419	0.894545229190034
0.516304469221874	0.513880985517537	0.604940134859376	0.633694831062257	0.601105528608239	0.61326190139572	0.844970074870304
0.700940923400951	0.699522872457828	0.558796702390439	0.693524592187795	0.657479521501533	0.653669437231648	0.728354761740912
0.721640818216935	0.761596452806869	0.634860718079957	0.808475534346754	0.733275439478979	0.727827735471166	0.89848414691287
0.470807765198064	0.471640760785888	0.551669284802124	0.543514140916547	0.523979805892156	0.522573891391774	0.718630577669721
0.890630054000605	0.902410720551383	0.63254593784876	0.842700123011883	0.862351700715637	0.866949276291251	0.809232942475332
0.885210187924857	0.905089395418281	0.560293332316756	0.7471567448642	0.710491287568249	0.701485601238858	0.669991194197067
1.11763256442177	1.10336495920006	0.613601700893829	0.922603375797481	0.880331331940334	0.913573758725898	0.832792825428832
0.89434193910238	0.873761984360774	0.652492467073759	0.861613403899329	0.872550203776467	0.883898825616733	0.819902905066449
0.845117324646064	0.84701170985095	0.593447072688649	0.759094662968045	0.726874792501524	0.724833994599292	0.779758821202011
0.932602282433226	0.941916807846888	0.590139136117213	0.787831778625232	0.774374655923566	0.790830891994429	0.760644622125265
0.803214145168515	0.812512348664702	0.605311965991166	0.777101478776947	0.726278915619945	0.727046587948245	0.84197944613336
0.805842888571712	0.783504345696133	0.603144169559273	0.793714784567826	0.737885667861317	0.721962123247941	0.846011999932225
0.981066460366131	0.988051169414982	0.662352727252856	0.963169126446039	0.96586883909417	0.973140684013622	0.938595063353312
0.727112406737557	0.726475158170894	0.56017116593266	0.74253035047274	0.68767836560252	0.69284340440994	0.736694401078694
0.969971279445585	0.972824114645915	0.580453463702051	0.769657511430808	0.783711164563295	0.801485507117004	0.697179177827262
0.941804305105069	0.946296897276395	0.646080895107203	0.939373220568885	0.83634566968539	0.817475891739454	0.971347291162088
0.632504877684069	0.645765370240754	0.593259143544727	0.706515282306808	0.657009065956499	0.667457914992437	0.769558046365121
0.92999325498434	0.938794487480151	0.576471645656052	0.794688749532317	0.746415444036962	0.736654024630697	0.722772998748697
1.08443003406123	1.06469246030864	0.61327521476904	0.895567685830915	0.849497452979751	0.853159319453466	0.798383717300305
0.762334308235097	0.721722030681174	0.612655300262275	0.750253749167699	0.690017676666645	0.697491244936684	0.812771666329533
0.662612507465439	0.640064003057009	0.558887255985053	0.663062611333833	0.626849315675885	0.640076943977105	0.706549426783178
0.868785853755226	0.887484012019991	0.627774130182197	0.844856503092133	0.781552591907596	0.7603688332595	0.870415275739867
0.698887091123404	0.685686100884321	0.619208048012802	0.81514062309929	0.745013554338396	0.716315779053452	0.849522345190701
0.514285426862741	0.514420555571751	0.595129493197411	0.634210985667541	0.607977441119347	0.622169017163724	0.840584234708251
0.855454407285387	0.872468226617799	0.63032856002597	0.861180448814742	0.795202490120235	0.795012984325138	0.871499696099231
0.824187771220067	0.809393029553519	0.616412528502579	0.829418497789553	0.758780913153525	0.741246805941609	0.907246545117554
0.824172295607354	0.82536594618252	0.60634303640476	0.75283840390986	0.793442336604111	0.796352896079924	0.737346653384604
0.847807860999321	0.867919346629669	0.58253028073911	0.764254023168424	0.738954843638227	0.722175045552773	0.736305791333237
0.505603057737087	0.493158176061114	0.569292754996752	0.63268210641149	0.58229945062082	0.589008649420039	0.734854463008396
0.956044700274246	0.956668997144567	0.604839786610556	0.820273195724713	0.792811493166231	0.780949354896798	0.758227723209974
0.646623225832682	0.683207795911021	0.633576254418356	0.785259657545008	0.697629407503823	0.724034819589287	0.896382312333388
0.617975968821403	0.582473610602044	0.619884675273857	0.770490371261735	0.700310568059828	0.699795288718019	0.867297932794476
0.9131473287673	0.922866815888105	0.572153060955473	0.776756471308271	0.746157970510595	0.740730551683916	0.708007779733267
1.23101424311528	1.22231695094963	0.647978860568641	1.0086468947319	0.954425754199482	0.968550696065926	0.873839732763904
1.03445877804885	1.01835560419732	0.623936628793093	0.869044041202123	0.846316747604481	0.848603646286141	0.810621366264795
0.926137245431729	0.951624560616859	0.651857520314256	0.862909710578795	0.787985969678352	0.804102514174467	0.856420344291407
1.00210003994045	1.02672875577591	0.634891278453563	0.945679177340852	0.842211001471824	0.82521995714966	0.87196693874264
0.532016738897901	0.539798303396089	0.606675479636017	0.668177864449446	0.620437169881758	0.638216981685265	0.822497093345111
0.831169394873176	0.82784946671154	0.639831866477713	0.869666442261756	0.77486650684137	0.769681565842441	0.90378482126124
0.887335794416916	0.889285493291985	0.573788384931664	0.779534644048649	0.717040196154223	0.72427898931954	0.715299145950353
0.742449085395286	0.732660332073476	0.606778689363576	0.726100061775761	0.768234720203165	0.763309527189883	0.71930185071664
0.856223203399536	0.85896399419198	0.599936749432338	0.805739174229509	0.743578886568462	0.756038832509261	0.803317666245084
0.672340293107067	0.703272317179043	0.587508686886416	0.706830742266888	0.658222430740733	0.658140529436871	0.777808041332472
0.800749352054383	0.782383787291069	0.589742134510081	0.763515707516528	0.748544743305732	0.752412693365856	0.736762544372558
0.69919421447192	0.705797443795844	0.570923445716669	0.722070925198357	0.669806683345224	0.668434620160738	0.735251525906634
0.860105550806224	0.843210026131941	0.622970634140062	0.82136738392927	0.774010974304989	0.777597075066898	0.853861385331676
0.992346442092065	0.98198340866865	0.600152090679638	0.833315266393014	0.801030456255881	0.790122799255775	0.752228570044961
0.959625003218396	0.966825082166792	0.632894911579371	0.849614947426173	0.843213353070376	0.872468414340517	0.751070336061937
0.807623925717875	0.80856746189658	0.612167781653758	0.82043551496669	0.752973059455403	0.734834044265933	0.840732444390577
0.85984617703918	0.907901547732348	0.665387394067499	0.943535500833476	0.824368947390465	0.834385054737714	0.993104987365351
0.921230909327716	0.901693806006654	0.620288675906484	0.824464476254293	0.810705486561099	0.814824346701472	0.796925247337468
0.900012755015277	0.894127204893793	0.638052740762589	0.865370539379294	0.885723259580088	0.886411651139104	0.8215172003841
0.616851789714604	0.631022624537628	0.62753143529924	0.789479944819255	0.695817269461556	0.731129216500658	0.853779251818318
0.515661567479167	0.52289784490669	0.598515737704259	0.679147625413017	0.623613114711224	0.636196691542908	0.781615771803963
0.778457239945796	0.800016009646124	0.589131612710577	0.754434931695246	0.768631111229745	0.766158175731409	0.734403144908885
0.843254228027597	0.838957093223927	0.599341291831823	0.786074856887745	0.721598960187766	0.723748988740666	0.768787509134096
0.526270814542126	0.536196151690569	0.586010958627628	0.653203613328047	0.620916751024526	0.629643780422872	0.816362004166739
0.880405248025839	0.876741848696709	0.612009406899637	0.786376115004817	0.717288866206844	0.724151926701802	0.784944694372086
0.574398334496724	0.574558870184356	0.627770621940318	0.753618224391476	0.674021922784073	0.670318515404417	0.954306739919758
0.472163960097657	0.496650794757872	0.534213353955224	0.600164018815815	0.577899100877473	0.578704206232493	0.664860482842979
0.725068864300259	0.735948308290111	0.654400196272392	0.867331836893113	0.75664942011061	0.754290305880784	0.980335140698626
0.505483586569726	0.518588214532389	0.607762625500495	0.665681892506429	0.627954971949654	0.626151008982245	0.848825085847807
0.656758638546341	0.620492590659838	0.633787362187515	0.758283607942557	0.68288110703224	0.684947268110502	0.907720586550204
0.843417084092669	0.824444433026738	0.633890498586713	0.833371076825832	0.75256979331271	0.751226930020535	0.888323171050752
0.878415408993434	0.893130176478429	0.624956869546069	0.826184289045756	0.819864523529547	0.827918740783994	0.786694868016515
0.870723069291094	0.894506259786632	0.613429403267126	0.825678332434443	0.756490092532491	0.762475393962644	0.84456086907454
0.693480893887983	0.697827615963324	0.539314223026987	0.67051085665722	0.633777781864512	0.636803906391848	0.706934162652227
1.05219727920696	1.05305916443836	0.630618275318273	0.908122910775945	0.884696679295516	0.863867346649199	0.881597377916955
1.01493901340128	1.02246414231874	0.625499113391396	0.898542578819771	0.883705817748383	0.911654599739741	0.807527847136341
0.879794035260865	0.875111444031239	0.640004111253425	0.886177962947093	0.839366145700557	0.852112010996644	0.870769985308373
0.55322770708693	0.550590186060034	0.612022600312301	0.682704581966632	0.63503137158776	0.648070365425704	0.843180364974582
0.512401668114814	0.552120775036732	0.573755055645985	0.650041518782788	0.602611910945354	0.611218680188143	0.749998855596191
0.955483928904121	0.952007909106934	0.667358032848786	0.918951196236505	0.815887566050824	0.802013929514982	0.938546418374953
0.693499340237862	0.686176677457282	0.544499989769812	0.689906460677321	0.634553587380206	0.635594411895003	0.686185542123926
0.682994378805473	0.669193360547292	0.6038293931936	0.697077436419048	0.67560661266403	0.658714934751062	0.78339873074915
0.528886810345711	0.520889461062945	0.61384884717871	0.684197839893032	0.637373307868808	0.647333862803943	0.863286474834444
0.624697478246233	0.623646270890969	0.533450810785705	0.657536809883889	0.617128560164595	0.587087365985898	0.660475160791282
0.724411031479791	0.72415608761935	0.655533760901942	0.807982737264435	0.745455259229395	0.743562851594962	0.957184773012736
0.907569292926442	0.903968914185285	0.594607199432451	0.816180015824202	0.761734107171309	0.752656217288222	0.772072718805715
0.732534488319628	0.675888461918778	0.598584326727157	0.774495888393701	0.70552043975448	0.691275706468665	0.807186101727716
0.652324927912484	0.676432203457195	0.629227928145001	0.766026954763948	0.706462812897201	0.694675246469259	0.841211616997124
1.04579677409983	1.03428873842362	0.634605491998474	0.911077369215088	0.83872170622041	0.855323168921345	0.82305668896333
0.755565284379328	0.760335470387714	0.589289358989342	0.727619570335983	0.735797661026044	0.740322536525793	0.72473512119279
1.06940502425587	1.0670715279351	0.666871935137722	0.971363535648341	0.852958763237571	0.865408194338303	0.973372238472175
0.723560978437558	0.747587680556953	0.675587900058079	0.869383568653091	0.780756806255816	0.792611383752943	1.0317491510497
0.914835875459584	0.857981210639874	0.638857191612654	0.901902848298555	0.801912101723159	0.819739590542858	0.917747812682564
1.0971934822342	1.0952717549547	0.625067122342822	0.868954886397543	0.853956142466256	0.87535238092752	0.76816408122258
0.868762197143987	0.859451081221322	0.587885810026955	0.792396188097214	0.740792548139414	0.748503001920952	0.76943058126839
0.866069570243325	0.88749688353926	0.611439822808908	0.821714928595259	0.740345900533518	0.748839262642275	0.810321518728677
0.806195386766424	0.79687758058897	0.592779990802132	0.737092540358592	0.719939037550068	0.73954693946352	0.755211707703198
0.914247431727405	0.899589003894834	0.594126458790199	0.862166530329019	0.770136329972679	0.769192327406255	0.788249250963773
1.11073941082438	1.08088212170997	0.636379566059326	0.930703181655418	0.894482244313499	0.881674687976529	0.815637494847199
1.15295474207058	1.14087051134099	0.666405737739807	0.979078144261217	0.926134571428178	0.922032562527874	0.89572674445147
0.909338087056287	0.91388601585028	0.601385693193067	0.804933240695371	0.802742879361395	0.789471969752658	0.775005555781303
1.06861640621867	1.0724023121974	0.630636557225791	0.909566365455632	0.889084059995203	0.869414291311764	0.832471087015869
0.539046022362922	0.557246523791515	0.625456142555805	0.746061084891965	0.686770384762163	0.680715035310936	0.896776035584668
0.677167419126003	0.689862031549006	0.605497469651522	0.731226592180659	0.665586958452201	0.669801883148967	0.801375618392818
0.86715599442472	0.884757964002566	0.62019641008633	0.837573478893923	0.765637087344791	0.771713362713595	0.821688814076586
1.04189002180638	1.03822442772032	0.638431339266776	0.930439959730839	0.845625675510869	0.855234474001543	0.848773945624503
1.1276812391297	1.10488261174249	0.657732222314999	0.981872246662861	0.907171700097486	0.891361164667772	0.964160269774308
0.944620741293042	0.952952117337954	0.623673326025246	0.842084563429988	0.821325099522362	0.812134821086466	0.799656322055389
0.824405265657124	0.818665547152751	0.601520172117315	0.80051379178308	0.778733751392108	0.779707398516774	0.765340293309868
1.02824318135027	1.04885010644159	0.669027435254382	0.922249944570287	0.909976095975964	0.894179786513499	0.866838506077508
0.787861913106992	0.802787311332205	0.602544882958671	0.739432064594701	0.707147129827258	0.702054893406372	0.792740405449861
0.901730406957529	0.887728648184786	0.605439090021322	0.79207231621957	0.793236325092453	0.769259672579339	0.760793724267154
0.869246914542397	0.871180595885162	0.592935938840317	0.769272739967642	0.74016189174946	0.725944254657061	0.743140730899936
1.11477689485063	1.14802116807188	0.637926088463146	0.951926023114481	0.932792244644487	0.937768210634472	0.861778750920049
0.611656382664358	0.620112756099668	0.589512765814762	0.626168603781999	0.647807996135352	0.635892736018861	0.603377476172236
0.761914403637963	0.732768346998784	0.613663918559884	0.839026560233903	0.737036151114331	0.736828948346805	0.843095131306473
0.953068354754824	0.941014767329149	0.625817994297563	0.855429769185062	0.828218043612775	0.827591323526425	0.843232624037172
0.668661950715004	0.657080638296332	0.54614955948719	0.647604268480733	0.614248349785215	0.613938660748572	0.684282546559186
0.816190368978479	0.822397477755462	0.601599137910212	0.765354524497971	0.698913183303224	0.713631096714617	0.805468401100268
0.800986978990785	0.808430136416848	0.566486791593813	0.712903987456354	0.70982521078169	0.690888046245282	0.687741585779665
0.818169107647348	0.812326376865267	0.585111548518029	0.759044256909801	0.710129005873677	0.712595380824408	0.767599689218938
0.567830634268144	0.564145026170482	0.588906513021392	0.725669878535021	0.662675102309253	0.67238529549941	0.773056855378752
0.979330986020069	0.94981932448108	0.596074263093215	0.817353611591831	0.790198384584949	0.789216630295673	0.740120878362994
0.962670834268818	0.966536947755906	0.60131496926869	0.83992364673331	0.778602845044873	0.797059617421696	0.791750612350172
0.744478621518751	0.751160680151186	0.622292509606462	0.77885712852165	0.785347975576314	0.813206214995652	0.734465736612001
0.984230320803966	0.972120000228645	0.708557169266199	0.996057693340422	1.05433082687606	1.06545024455515	0.945133029605305
0.892270682322771	0.898429082661664	0.589377756237158	0.779515522055801	0.733347078833069	0.732725971614656	0.75293107116045
0.789981539165219	0.770673854543296	0.546317074693068	0.675653849634785	0.665163159096555	0.678555701955504	0.661554567976018
0.95915162789456	0.973493168415863	0.618355209721905	0.868284403615117	0.797161764551327	0.807178609907985	0.805398073604586
0.77488078082491	0.763545147248593	0.62027270412851	0.840159550301799	0.752412112638805	0.749632955715978	0.865406505932951
0.847073800954305	0.860393205152675	0.578305217085802	0.775299513045943	0.727544077650429	0.734573091518449	0.730726091969713
0.890404347707197	0.907639104046146	0.636962054277686	0.866067988759478	0.781110155196724	0.778462931242829	0.89299079351618
0.87713430019259	0.909405153131743	0.65773527117988	0.902867247868434	0.82461452107544	0.823317603425754	0.974367059228397
0.780202650150388	0.812846596895364	0.592100885990588	0.778467471385267	0.733873992106825	0.715340806600703	0.760942799313516
0.994649494871176	1.01066016994727	0.633135937667966	0.856775659273696	0.812591968082419	0.822020643244879	0.804480253215998
1.06027813153966	1.07181837834131	0.654863885092322	0.946609844874559	0.8668018590239	0.869957220881868	0.912370763758569
0.729242739239691	0.732444086278165	0.633451308868635	0.81434339080397	0.722732143130197	0.717877201993585	0.866968620377513
1.00992706378295	0.97936518914419	0.624624796821317	0.858644169696864	0.855674365985408	0.87481347205383	0.81131123135398
0.492817906228071	0.490693054796145	0.571335868354837	0.634008958010374	0.597173514224866	0.604482219307232	0.761640151357822
0.706790202945871	0.733682869393611	0.616569710115545	0.813860408197477	0.730816696367861	0.731809434935059	0.864862176839541
0.644550694709242	0.617445722957901	0.61059366066921	0.749266727204537	0.678896943261488	0.67378137213865	0.834943991774922
0.612103157146588	0.611208151583056	0.590597125750085	0.70012910272312	0.648990102153187	0.658792543944944	0.806701851043254
1.06366355286498	1.08343568617085	0.64541323888988	0.957683199624208	0.921963081011697	0.929766885719354	0.876398703631518
0.539789339010784	0.54606000370258	0.597730214984452	0.725455688487083	0.656234177803058	0.662264998446505	0.820771837065871
0.741198154231565	0.698317430566303	0.636422315995329	0.845957879253606	0.754881611763203	0.747946957836685	0.946230518547265
0.98165370659925	1.01606387676556	0.669173155686687	0.960142406494479	0.988302777069629	0.991556426698053	0.895300034619274
0.709624853274838	0.694437827670092	0.603937618174498	0.775036041000652	0.698139667158281	0.709402705341168	0.773593920436669
0.813739930780395	0.844343500214235	0.605180491981445	0.78415355729421	0.743212782260554	0.730040652351246	0.824790262358883
0.52974419666602	0.533046926234123	0.622939972658911	0.700672328845627	0.661987982533101	0.650997323262288	0.878158428121194
0.520742715666146	0.509395638675768	0.602693674662336	0.639167825294862	0.620991001745849	0.606630388021403	0.860735649267397
0.600333004722305	0.603039838628444	0.592951777671515	0.718502597305376	0.659518920451161	0.661569443050524	0.778226456919678
0.920615016846081	0.894448463945073	0.618197139180486	0.842520919713524	0.780539435245962	0.766819541193019	0.822426851003766
0.609472140280379	0.640064521647216	0.623553330967998	0.733854812872524	0.681860944877348	0.675986346434009	0.808793062323955
0.929829745605359	0.91164339857643	0.658097425407143	0.908169903514172	0.825223190985103	0.822712105081056	0.957589247212586
0.976654928915386	0.962442584468687	0.604089614548992	0.81839183929129	0.822478875668852	0.793962718634449	0.753958877545092
0.660202180041493	0.685341997867741	0.6261117290707	0.777270137692024	0.712277618044858	0.711078322251129	0.901213147220654
1.06579507133827	1.03519254030964	0.62028341336437	0.874533779310694	0.8636252480007	0.878373211795228	0.804931032709809
0.988703653084294	1.01122067405034	0.591283823022853	0.841212751302267	0.796422829731004	0.820211812910631	0.738121483718328
0.509800407284528	0.520036268534031	0.577839548599293	0.631433441420407	0.612088357455262	0.601521434037042	0.735521382872338
0.654468440422546	0.648186509866222	0.504296546935292	0.585768684936807	0.570215857159243	0.566284511216753	0.587464541815335
0.648293921497651	0.667469875601165	0.632239360170046	0.790967116131643	0.706554907191404	0.718161512867367	0.892512916259982
0.531421974353264	0.509562218542024	0.547316951753057	0.660373635100881	0.614789770498736	0.621493381323879	0.731685596731329
0.840969098782802	0.831383474195131	0.594560233038994	0.810082876424961	0.749522016839695	0.733708831835458	0.779984703799864
1.06320476872488	1.05606713807132	0.626203304731715	0.894488103587945	0.851977724532867	0.872415108803834	0.837189477063128
0.98249582880098	0.973815012148722	0.618251601337498	0.853060084741887	0.822613058374577	0.809404877621772	0.824211921788004
0.804443866369894	0.785544340055021	0.609440174290702	0.732723017939244	0.710083565655753	0.709488762095733	0.810995299941548
0.605884966194219	0.651474884906085	0.598300575085533	0.724449648713215	0.686687697729512	0.668211120372955	0.789122573282799
0.725243866701205	0.793405699860336	0.619263941255982	0.818250012834407	0.724347379002908	0.732053096444142	0.816274021001703
0.519407565645742	0.531441340260291	0.598350542191516	0.645991450123857	0.632943625174958	0.632691109111604	0.813803333674723
0.847509300207596	0.860092919142756	0.598817163938199	0.793493619717839	0.717707700870736	0.733654010349666	0.763265596114589
0.970813888776484	0.992491259773857	0.66076423239503	0.943514626012208	0.821823062776992	0.822355113470445	0.91973779586916
0.927035431355654	0.916214599939063	0.601437289379985	0.826664317385181	0.767029102465761	0.761478300741998	0.774001993228692
0.710439321035665	0.730089655155757	0.591494393304093	0.771669359705578	0.698016724308715	0.695432441529296	0.762042662508965
0.96642515562517	0.975627236035995	0.593140154717084	0.821967976278727	0.778799716815484	0.760068986300384	0.758724635165409
0.919423611270891	0.926355446060761	0.589110147736865	0.805733266029982	0.769580936298169	0.761691320272272	0.740766233816272
0.740614947432548	0.713810402026916	0.550920409192731	0.682285852237826	0.674559472561092	0.6808876700209	0.662099680392824
0.560078260844346	0.56698268974725	0.595645891768278	0.685653562435169	0.63956872399955	0.640052713840432	0.79752642411993
0.623682115010254	0.646249275398367	0.633377468420066	0.790173094021429	0.718482092183098	0.687143015211603	0.881291965989544
0.595848310685744	0.605085594632087	0.592036405445961	0.701720722281901	0.651797809549127	0.635832529038843	0.812273111844405
0.863883146321955	0.848422037099652	0.608936177455218	0.811741635077368	0.769412172500375	0.785205652245172	0.806329547967121
0.771816270348114	0.785786480927561	0.585663642295255	0.725505785331559	0.692431777137319	0.678249580442032	0.740729417043146
0.849166912817871	0.846332192846193	0.644731322995223	0.86703771695152	0.765188991517161	0.769893649588775	0.853811914226725
1.13948672827734	1.1286405788853	0.660811252708002	0.961632497495892	0.901284925313805	0.905580644402691	0.894673888847921
0.75645500361108	0.763409090051533	0.597617836752644	0.777429269076279	0.718165615938568	0.712101067711971	0.78655563075227
0.788164448600876	0.823917719054565	0.656829196709459	0.873219695703283	0.782716247059459	0.766592608986686	1.00470972080922
0.702470854151948	0.717173819041858	0.600444367411358	0.773967414449073	0.692739460620447	0.717352273104614	0.829431778944245
0.876936379606949	0.886870943371998	0.594073489381269	0.77926572012943	0.743741160296123	0.743473445315952	0.769516129306907
0.651576409622438	0.644696496607059	0.635884651180078	0.753662864725398	0.693926520392598	0.708469360741738	0.928796589664894
0.711610683312679	0.713875697969943	0.605350218945944	0.715274172616248	0.682280604308816	0.687629950958229	0.80221007313878
0.988912524198085	1.00517847728886	0.658853012286673	0.954176451565941	0.855525258410393	0.841175038880509	0.945443659950495
1.02838518094167	1.02233180202833	0.620896021068274	0.925978444462048	0.828540184182307	0.830189433180786	0.855120313701494
0.905531488042858	0.913537848316067	0.578508554957986	0.784589813412279	0.743704249807027	0.732873642895286	0.752281903700438
0.819796823752394	0.794598854150348	0.604952859782778	0.763481838851166	0.713514511859407	0.730630610416982	0.819121287241074
0.591252256453475	0.563597763670012	0.597578043125382	0.699029113942126	0.639713247655152	0.646752925922063	0.819993217648815
0.809686365418624	0.812735546503576	0.611400745582754	0.804369576505069	0.726348361177607	0.727998181937812	0.82877999935002
0.872010728924834	0.885630644570813	0.617905605658799	0.832830148663589	0.783367644582975	0.773688507614683	0.839536963554841
0.789324165131406	0.786454093731438	0.659276644140644	0.863267091270936	0.778535421631747	0.761613668477769	0.910749105377891
0.908060848493365	0.906938897331881	0.632229664922212	0.875711906505735	0.798879151034512	0.766474928720604	0.894564794550096
0.84609609817379	0.843417764386509	0.629319675652616	0.799108037425299	0.73468933857699	0.735342120092065	0.833043437575797
0.667905901349042	0.628582547946294	0.640403146370495	0.808963487556572	0.732174092208141	0.724039494303848	0.968521583248998
0.606134538015636	0.582780591386536	0.639498767398258	0.782525995069978	0.719845208739001	0.727241311231149	0.933062507991206
0.828891900472989	0.815393922839911	0.627974451419897	0.837040106752612	0.748893004819913	0.76377236828075	0.883170772521358
1.08904655192992	1.13150722584887	0.633729566102019	0.971719056574849	0.886668390976392	0.900508786132757	0.874806447605484
0.73888522369937	0.761187144206456	0.60854214595292	0.750856869183344	0.769203297234406	0.765579117225651	0.730780226586173
1.16999290324024	1.14139068204588	0.648065629682799	1.01453316916633	0.897370997966347	0.925600486294661	0.871642086232508
0.595259877159824	0.581139215930414	0.557287196479889	0.62137512403835	0.602282859763282	0.589348899780465	0.690623652433395
0.584048270061563	0.589556956254536	0.636803211334609	0.767789694100654	0.698048256989851	0.707546747301557	0.930102455443914
0.869767066378191	0.865876040092809	0.628175720323853	0.842667719889651	0.757908595654693	0.754571075877876	0.861745934908947
0.508658139236151	0.510718075469801	0.573812806677458	0.62276710498738	0.592871698164905	0.604627284244692	0.763955753606011
0.940046267265122	0.944526794290836	0.66409830044584	0.935441806097524	0.821373668057225	0.820852822568472	0.909503167102944
0.721006371757194	0.709588877839671	0.555134488044998	0.667078977180448	0.629368376231811	0.646252925832687	0.685558657391456
0.526294738078517	0.537935838318389	0.537744288534172	0.609121583203835	0.584903923271266	0.598097791090125	0.695210769715198
0.995421122831801	1.00449945880796	0.636071666516886	0.894503274951134	0.853867438190645	0.862966495842633	0.852590515009348
0.679264555998865	0.709198737956118	0.568208363757965	0.705668093476292	0.639060269491066	0.662314210611728	0.725020830634883
0.767746381176985	0.770026208264649	0.544912494477732	0.689203996493457	0.647182033036739	0.657500738538753	0.656772740809444
0.523270723603294	0.513330416195431	0.566663868954309	0.640931084941712	0.59712093538961	0.589937751554697	0.721540353749532
0.564805062389731	0.558223186339825	0.579396619042533	0.694948112427555	0.66032083773847	0.66133549088156	0.781107175541756
0.805504658059685	0.781647587595758	0.631117261298754	0.793940313669264	0.808453436177077	0.819646844335709	0.781408358094526
1.05808224320551	1.00708941266522	0.642365953705283	0.907406708458013	0.899889746925415	0.864997716242187	0.834906695366104
0.480387408632817	0.484852272907765	0.549857442311674	0.580761453936412	0.562130669170694	0.552276293660992	0.697542750696584
0.95605882695149	0.936036268067974	0.630666869168098	0.843855458745991	0.776802270566863	0.783045330546413	0.8758336095812
0.876741356712114	0.911576480095289	0.647046431216415	0.886397296481866	0.903563563527313	0.890802751203064	0.850480538596635
0.836869019431936	0.816432705273238	0.637215616136586	0.815039959077075	0.751275246333071	0.759007627169787	0.858659901565889
0.806941337801145	0.804387654665323	0.591931948121143	0.803028265105251	0.730665365798909	0.742608668563748	0.785209292722048
0.501849715283135	0.501452320072231	0.623333281642046	0.627059462445377	0.619057900805325	0.620068852483009	0.854085599422896
0.748864123410124	0.743637380302213	0.591177239487957	0.79017391806054	0.713087783828582	0.725552768607922	0.784924282829142
0.569048205165983	0.576951028502295	0.574555522484278	0.689253054237195	0.633244328708316	0.652328040292443	0.733614102371806
0.72299212148075	0.72831049513824	0.610404557002872	0.791463778590109	0.717380316959068	0.713720433072114	0.845592418517763
1.05300975831263	1.05797359492891	0.660332781933731	0.950672066981458	0.916268461473748	0.931878880211708	0.890100120166487
0.631326904810545	0.632131900953759	0.579796454210879	0.660953372716171	0.636363836508974	0.642642242553548	0.727531944421053
0.548853539032867	0.524147132780465	0.650938549486839	0.691192089885167	0.652929196054076	0.678600765830443	0.964476784034869
0.834816121207157	0.844633244072044	0.639546084768802	0.807127772905398	0.819193441994895	0.832407955530258	0.806901052933149
0.757190516388135	0.751287742691037	0.623495581465106	0.824611233251174	0.744147074696951	0.743774056224936	0.876150655657831
0.664124057709616	0.667380688326687	0.585517038284762	0.734756018570342	0.661504431771499	0.656019588615955	0.766942539244309
0.935534440333632	0.919493117788702	0.631603805353963	0.865530582475217	0.874346880790509	0.852225323348749	0.840189788901714
1.02786897092625	1.02555483798842	0.587134957324068	0.841160346685584	0.78657327659212	0.823956802335751	0.740479085216222
0.847675469221601	0.853670285654133	0.602649874514268	0.772196954736615	0.747702954496952	0.755810633376967	0.761458554165018
1.04870553260777	1.0615619731586	0.626833295015717	0.910663740304089	0.86353338875705	0.846818152067786	0.821838562473147
1.06229507833583	1.05299635871843	0.622135263351492	0.894753624289621	0.843508589983263	0.848563628351985	0.835966948018227
0.499023238667448	0.516553912018965	0.576643854636254	0.630200678311894	0.608168892033583	0.597146821488637	0.759144470163354
0.764500231076649	0.735105842780287	0.601287122536803	0.752924544813469	0.689501334441735	0.696339191499022	0.75570732546341
0.764401478304753	0.740520724700467	0.611047857424198	0.792153983548065	0.724570596256344	0.729067493289343	0.8025852885756
0.793608034360837	0.798887239444775	0.611629120263113	0.788855600516425	0.728963456259634	0.717570922328509	0.837883320153272
0.59543157225416	0.584501624186933	0.565132008593915	0.711690226793654	0.640762108446634	0.650482725178018	0.739623319230472
0.793272563287568	0.788446865440527	0.574499566993799	0.74164345810764	0.745095323373214	0.754051951677368	0.695005010386726
0.696643908635617	0.69062700363654	0.556386704670062	0.674403460988639	0.629471457549209	0.644007897565787	0.698488042588295
0.945542397704217	0.928377769553361	0.676713496247634	0.963571596525664	0.871655596771495	0.842130430389565	1.00550342368667
1.18542738518925	1.21017311731317	0.671289926098336	1.01413019382638	0.952775674938411	0.96505444025317	0.916679734654805
0.872015733486727	0.883813771828128	0.603480945306345	0.797177995800485	0.752321581991489	0.730138581824396	0.787384877741238
0.75516135760898	0.760500989449498	0.581467743243684	0.731974517688081	0.679449064555631	0.672625620228889	0.726403882161262
0.535886065956359	0.533802310164905	0.584449349193905	0.666853281340837	0.616488387823731	0.632164745839913	0.7789782605264
1.17319074185437	1.17483648501734	0.663492395445004	0.993185625377051	0.917238957761246	0.935354670290515	0.913421454095618
1.14235137024245	1.02461226718973	0.658103643351343	1.01653068424531	1.01908487434431	1.02010944092742	0.928457631151661
1.06338193868369	1.07082304371052	0.65377552693813	0.94248811297206	0.903331968097894	0.880552882142557	0.942312081054885
0.620540605857339	0.678341282732231	0.562035680639683	0.729423322439334	0.661752380603124	0.656814897528547	0.718997881203814
0.510855529342509	0.517602647670668	0.560983128429694	0.627484254991002	0.601134114507168	0.590386444514673	0.740129687201294
0.699372784264207	0.717853239187879	0.607264641819444	0.778049480147851	0.701236525186633	0.690993988888555	0.796512691068205
0.934419305220805	0.922190171340806	0.604031901632705	0.81387492225467	0.780102518953946	0.796215187318528	0.776694424604428
0.567483572942807	0.551874854651001	0.589358488325937	0.677243829962928	0.638616007156623	0.625518845807868	0.777699116422693
0.610293603741862	0.604958782735127	0.584460539148223	0.741819831640765	0.67612575014574	0.675195805543694	0.79193198890964
0.622710248800415	0.675680369990048	0.648141809583766	0.825879565653193	0.731849222041812	0.72527226738432	0.944794799276596
0.840680682713728	0.814497881411554	0.627985669725906	0.787033844419877	0.723548524113172	0.740996400381378	0.824156938487634
0.846895210766558	0.841728863245596	0.559390876378854	0.751010087815303	0.705189435742715	0.708776218583401	0.708096457283947
1.07582173533383	1.09409502481389	0.663143917086886	0.999857316285517	0.869242758287601	0.905590877701606	0.935192854410277
1.10193241038057	1.08207166078383	0.635490423366915	0.946176964998272	0.896912983782627	0.879834438008842	0.856653551576802
0.683192976399024	0.674485907455217	0.608707490468963	0.758433705630918	0.684880337653861	0.704469760714679	0.852093292570928
1.05017017587719	1.06822421320811	0.627184912091753	0.898675233264782	0.840928664516996	0.866632750269975	0.847311340990883
0.709399345272885	0.780640670404456	0.650319307373867	0.870983341168962	0.776273117288983	0.797861138039704	0.941243592836079
0.7032234034793	0.731089988336625	0.607292676462334	0.771093435398594	0.690428377259344	0.702342759630439	0.81598196180101
1.10402195548902	1.08474638713732	0.639858776665585	0.935324497926847	0.874247168868857	0.887660633703514	0.833438913128862
0.9655025342437	0.928157224592424	0.676687417577085	0.91458774940898	0.996866509315449	0.982974387945444	0.860655051215469
1.02202760662714	1.01671293058084	0.611282387388631	0.866388242454361	0.828232098130266	0.826089246835668	0.820231106141208
1.19199820511515	1.17929135668888	0.657316619238753	0.990369446337967	0.934845878930735	0.940889243361216	0.87307467075673
0.821178647726744	0.83678524379315	0.555341484625422	0.74912671630748	0.697543928916161	0.686751303766348	0.70479303531065
0.890117615968172	0.879608030255092	0.586954288172596	0.777370382466184	0.732549867951421	0.741434413796326	0.741633488430742
0.894006380059568	0.898170742881672	0.651276035153492	0.892353140881529	0.805702562720568	0.790847998181061	0.92286517682799
0.866324864482022	0.880358225125294	0.624300720682616	0.824319050789973	0.756908157030982	0.758080759236766	0.865107847316136
0.871839036913904	0.878847815889435	0.602811796432609	0.795322063141273	0.759030890321285	0.772790131533558	0.821963035334214
0.607465604885906	0.586404001801944	0.642382314449243	0.76686654524632	0.690719566537509	0.675828822304019	0.941927572515591
0.895589031056785	0.886145664921825	0.639465508318452	0.857557253657751	0.789474685276384	0.779945618358249	0.938764647634888
0.87123553215804	0.857764911175345	0.623837259669005	0.84835111329043	0.749596626656023	0.757602923742182	0.83190728667759
1.03934590159566	1.06487644975276	0.622902632510473	0.874579063201687	0.894046799979761	0.897117254884013	0.770958130164488
0.579842924444471	0.58664706052414	0.55566506103318	0.64505798419383	0.601195702109308	0.607638841869192	0.690263574500208
1.02839394718644	1.03937949748844	0.631363323174565	0.925075438427531	0.87398577763609	0.845332765285129	0.868985423119866
0.929358987625708	0.940892756049505	0.634435540234617	0.860634350396338	0.787899554592548	0.792889397323644	0.858189582285669
1.09012255542321	1.07857553070277	0.638087967884777	0.96005278323185	0.864673378474189	0.870931441296379	0.923029012973681
0.587918036555379	0.600713532894187	0.615953594477375	0.717775536793751	0.665369602258049	0.665255033449551	0.878391211232725
0.87237347897199	0.88979760349484	0.634644916753465	0.866467989375751	0.773721605362192	0.795292958409019	0.887560038779623
0.874601978538196	0.893752117333166	0.614344379495605	0.801635074089597	0.733414741647331	0.735744898774905	0.808782562723958
0.794821141659328	0.787974766031121	0.629212651465792	0.809604981061105	0.743402826133669	0.737246870513282	0.88715142656734
0.954346359857235	0.941350766630503	0.618239972639912	0.840932167834021	0.783882113879908	0.805275423020627	0.855849634247771
0.97327231980431	0.956694538952301	0.600389910763149	0.824261845258613	0.771040760059237	0.774953437962528	0.758099461109407
0.770614198016711	0.789849124429597	0.597815261918777	0.778836490979758	0.717651158025712	0.729173843148412	0.830313978448081
0.796209143055154	0.779641726501124	0.606486362636264	0.821825750651838	0.726351269257488	0.725477477940057	0.818359738074538
0.923488676392599	0.926778758379545	0.599396652860572	0.828523396255762	0.785893767002359	0.761566760887841	0.798659558927887
0.489060730792444	0.488086207345371	0.595778942548903	0.626365343070106	0.591964921071717	0.600247341865708	0.791066536146642
0.738951577713428	0.728269243415673	0.601190048088205	0.750964674449988	0.687469176222947	0.685807414708442	0.809852495002948
0.939460642605307	0.936982227695106	0.651865088137535	0.869817624745454	0.866088907253989	0.868485112901707	0.845164230453795
0.595145699946355	0.603682348072256	0.618090074295559	0.760663192845325	0.697834175899788	0.681169321664863	0.84531457240047
0.99055247877066	1.02235497142653	0.643231154761926	0.902768182548551	0.81459400372842	0.827325677045018	0.855273547640909
0.913187474506767	0.923725059952813	0.639743845750603	0.843798172414536	0.805272645757931	0.840911938773212	0.852786332523846
0.685198001820814	0.680700936886597	0.561444463223304	0.712778337195709	0.666546817069662	0.646542304395846	0.706481866396909
0.64873611456106	0.664484402540046	0.567466238385601	0.692497217070758	0.651750107458558	0.641504853107116	0.730557387639952
0.600050234433613	0.590700150371989	0.601105501179277	0.693571672179522	0.648050404259807	0.635085649116285	0.801270861392509
0.965288597278214	0.979285477342248	0.601067139479442	0.828308866531768	0.79029261890064	0.768007997152353	0.767564951612036
0.862893862654252	0.852419715781087	0.638397636444988	0.825653633127382	0.73865009534972	0.746889595413355	0.889264954303229
0.811313391065671	0.824791708238877	0.56955036303676	0.719104836688961	0.677940995181277	0.682558469071745	0.699630222458983
1.02383981886124	1.02489696072558	0.665892649324552	0.91742418468586	0.952772229947821	0.936353817324574	0.844860710360992
0.889149902534597	0.911048650322325	0.620341335163615	0.826076471878384	0.753679216625617	0.756734892493227	0.794113808927156
0.972318980983106	0.974257834390593	0.620679930422899	0.859045633327535	0.813563155246551	0.804487457920835	0.836712049995968
0.960577632019214	0.958046300437528	0.652501543571595	0.958203014366445	0.832284866272378	0.847049400676149	0.897452127515177
0.518747678012908	0.519698907476081	0.604018297108775	0.702585132300559	0.648015710185761	0.647053564871806	0.806897165437295
0.8152229592895	0.818680349594202	0.587301899041698	0.741929067967376	0.691621449832604	0.69051941967727	0.748580546224141
0.863938972261554	0.872620505451143	0.599167601825854	0.767717341647556	0.733444996799433	0.748623329151922	0.784966929808143
0.792363840104931	0.795156508729626	0.622100269886618	0.768329160367996	0.711320008832502	0.701644791887978	0.809565348306908
1.02037886703137	1.00548738312885	0.602120615596612	0.853556384238013	0.820553052974548	0.814992683375865	0.75261960255133
0.797191149809859	0.802047310718238	0.581563214144474	0.741802223085473	0.709358323192946	0.700670620293495	0.768397284364217
0.49335787027116	0.512194924597748	0.578112692391214	0.609549935099943	0.603700333964045	0.586052715446795	0.779309184533805
1.05303507046023	1.06540878179714	0.645594834896307	0.893743841226136	0.916576451738977	0.930455145740102	0.800955616736731
0.99655214100782	1.01747008227447	0.631744382311066	0.882344776755158	0.810694918045048	0.81298499539946	0.8425172751753
0.844301089236622	0.842510856012636	0.537481085807996	0.713654256165096	0.69907693407077	0.690569452755799	0.652164831049356
0.762206665791109	0.741095858359699	0.580330558730688	0.710719702795627	0.668022764745622	0.668945569631341	0.740834690560097
0.797038578122861	0.786905902483435	0.593492170976811	0.756165571072189	0.691716464797083	0.691636842784229	0.761330737545112
0.768376526649574	0.768191447224465	0.577649171641701	0.744568828148892	0.685737070551824	0.690436213473484	0.7519844250603
1.09482473086563	1.10904365189625	0.608929820716848	0.906805894527099	0.866889380926978	0.87082931221361	0.819291266632107
0.943095421432749	0.938279024550093	0.602778173787831	0.813385114818291	0.761062430763213	0.767505045612844	0.78403086585452
0.76049460745331	0.777963237716656	0.626120719151584	0.764191594180083	0.765359769288872	0.752241592736234	0.758598534464461
1.01643940390381	1.01395182949323	0.621635188788969	0.904111873018725	0.817522539302925	0.824111036026693	0.824246764396712
0.799096325030922	0.785785540950996	0.626876216652126	0.803202137828987	0.723391522751502	0.732538712815358	0.89061687810665
0.51637117797375	0.518571021944355	0.603496637810601	0.644337046703307	0.616663393548463	0.612833018221656	0.859749003459347
1.07648231569993	1.1002077173919	0.612206316137288	0.86309519840383	0.856509984287112	0.905541040314104	0.807604424603154
1.11977482485809	1.13001986410877	0.622843703933844	0.929721282388132	0.8879533536883	0.870358948394728	0.831405680175936
0.559212902751081	0.574647228486786	0.617850731045807	0.746846293312344	0.685045710443751	0.705649148663721	0.841047786488801
0.933797399878641	0.931688140073769	0.635643872019115	0.879513049799722	0.865245915704084	0.833946742602357	0.855787319722903
0.565116650366673	0.552156848679506	0.652942594111491	0.72336037789995	0.675584022399363	0.680348509023064	0.986259351714054
0.896102569486123	0.916436610900887	0.590619465581093	0.792040838180724	0.753675147262382	0.759492353061753	0.757545161644636
0.99881945085123	0.994881386457583	0.598413998097521	0.858296000600719	0.797978668447715	0.810487913821418	0.78487089085127
1.04044611707676	1.05679269992753	0.632243016275384	0.909263227633422	0.8491285632615	0.860495978167297	0.874118802282428
1.11502648749821	1.10588073773926	0.650950725860138	0.930163483211921	0.913307664843483	0.883377724611713	0.855326942420931
0.551333531214629	0.542491400921131	0.630287259036466	0.714054777398071	0.666291732131302	0.678306949900537	0.895744909318244
0.796231367431977	0.800829595388383	0.601804108276879	0.806592295724942	0.723984975639234	0.716208658880388	0.76925086999336
1.22315966708163	1.2120967910108	0.651309683449998	0.961422673100959	0.979894330539403	0.980979396039481	0.861684610092596
0.655735472551997	0.631962284222925	0.594510559551109	0.698250011994364	0.673748145837948	0.658906974137754	0.798192681214369
0.89681983421162	0.888653794958091	0.591690269947022	0.803611281703853	0.751631572360499	0.758191099321272	0.771922490091504
0.97307198904568	0.951428111469179	0.613164819481334	0.82469876333709	0.796778082530903	0.808294721473099	0.784060142953898
0.904248925561681	0.880164418388237	0.574972762623292	0.764075376913891	0.753126504235989	0.756205291731934	0.683471773311698
0.503432089519947	0.501829383076204	0.582625226715344	0.625854180237558	0.589885828937074	0.60000681810166	0.77905520682729
0.682045324102938	0.665255872140363	0.587336708348448	0.715756264575338	0.656640191713849	0.667382028964824	0.79628033413271
0.954660862691075	0.953984623316957	0.669950936675319	0.880396147329789	0.811700083778248	0.821817562255911	0.918406655099194
1.08319915497382	1.0826617481492	0.661783023925663	0.956771287715636	0.868958168306838	0.854771043040278	0.890335957436561
0.875839714795523	0.87434091306811	0.632028912401638	0.862473850693996	0.760789260473906	0.769113277929828	0.82709080300086
0.561102692437709	0.568062232630858	0.605714212652215	0.712532295145152	0.666655081069221	0.666109820206779	0.818609069804005
0.792891962030212	0.778826824443002	0.642744940445098	0.85934035245369	0.77066703699698	0.766904474044379	0.902380216606135
1.05404512884337	1.05509541389505	0.63303603418756	0.91846595371599	0.85862497337878	0.847541292542284	0.85360758601131
0.865400851662732	0.871320995428492	0.620728639134767	0.850667857392297	0.759363278600603	0.752469604451267	0.815185827470328
0.90939569353731	0.88199893480332	0.63788248726432	0.83004454202398	0.7681119002128	0.761332172130692	0.852851800686592
0.775602961859687	0.79994502765698	0.662201410019579	0.814921880536385	0.880302718351808	0.882643529719047	0.773221365198694
0.54155475913195	0.543699783329255	0.64273221274726	0.767122866703907	0.688364797569738	0.696059477591862	0.965557187684014
1.08147465871078	1.08535661623313	0.633452019466243	0.918008068348133	0.882710773634567	0.868561011344915	0.84574486378778
0.506854547246288	0.501555716847427	0.570108488648996	0.584185504464573	0.577695225947988	0.578600311190661	0.784502198281597
0.779188285609679	0.784247207381897	0.552921991361775	0.697395931913126	0.672848445680207	0.681274378870112	0.681292043148387
1.09799852283645	1.10335664621682	0.633211639332821	0.924166117018201	0.912076967933244	0.929141188447107	0.870475801134292
1.14413159871519	1.11746117539323	0.668155777898416	0.996246702728664	1.01030934742144	1.01522079705712	0.895838037615236
0.890422864220177	0.892531053339317	0.611908924289488	0.803264341252671	0.794392187137157	0.793518322524932	0.794299443689592
0.714176373329224	0.705169779218833	0.599738630710327	0.734797181883771	0.688960705501888	0.67100839630996	0.804541226671104
1.1059855427117	1.10042591405518	0.659092625500062	0.959403133257658	0.909344859037569	0.901696488133907	0.930336885738362
0.764952657576476	0.776372647715272	0.623907250252133	0.790943582932037	0.722743655777729	0.725773973283402	0.866484851447574
1.18150023780315	1.1816761264647	0.669496939609711	1.0133567270875	0.941114699751542	0.938206481297137	0.92628010879226
0.94382522461471	0.946540663629959	0.636002240422834	0.87888084562108	0.790698944679055	0.812454267808392	0.906097492935216
0.689441751760647	0.696402660601905	0.587421686317962	0.737963026561218	0.701320048942854	0.682128090460001	0.803995704064275
0.828443675805667	0.843398955538066	0.58097717046828	0.785867051549732	0.729001727441357	0.706252989069475	0.736944452971305
0.948795053233259	0.944764702742846	0.679479413167821	0.900540177672185	0.831394170734802	0.82287002670415	0.960422585837564
0.864036373472052	0.846960018873588	0.608242120566443	0.823177521854233	0.746969361779836	0.770240103296494	0.852505205967576
0.829166840165837	0.829347140301456	0.576178895565679	0.72999969912838	0.692753128345296	0.682937299433049	0.710475115482131
0.997436765104647	1.00777755923379	0.608323707710414	0.83195857107795	0.808216676611946	0.805041710225805	0.779247757911303
0.865847368029537	0.859998053252713	0.614630684532487	0.791804018696433	0.738799661138732	0.73946410018999	0.791697293735068
0.734989574127812	0.777749162942131	0.654759618891649	0.816724391959434	0.738622448736522	0.72509351126194	0.882695217434011
0.676088770338485	0.656836646565401	0.596070573565928	0.707732699410659	0.639295083633706	0.64266587948389	0.789755416314011
0.793042111677709	0.788757802722605	0.632722140443693	0.826650256155516	0.756771115724259	0.725731133276186	0.900587309588125
0.564739298057345	0.579673224409333	0.604916939735924	0.68843987460329	0.644185262898995	0.649238556499353	0.814393587942846
0.969165873347584	0.994566965401763	0.629392286244438	0.866140680904364	0.800831894033443	0.802626580312566	0.839334392740593
1.01282959513585	1.00401410368354	0.616918134823836	0.89774507217061	0.829830841007279	0.814939351732474	0.827022786710879
1.0515809237614	1.05625485528143	0.646393276390848	0.941409095259027	0.881206341175993	0.872675153392448	0.905887501422358
0.688183962778826	0.729083708377061	0.583772529570454	0.733180720284763	0.66941988591182	0.673511332058066	0.74135851645469
0.87400667555826	0.855571410186602	0.683116560038308	0.915691376284122	0.815454210468424	0.830651581648884	1.03856987027373
0.939704250908828	0.936851574571071	0.633435870474672	0.904052558514818	0.797773720494373	0.807142479384734	0.907046841018983
0.748916702367385	0.742911771608803	0.603485245306622	0.731404689151387	0.72926350078492	0.718440850427585	0.72082892869797
0.853581188210512	0.849161931674509	0.597640653790178	0.807336559916978	0.742471742658302	0.749812686014873	0.778676695014792
0.667598663132635	0.657276184870336	0.545645006196306	0.641708841439634	0.618144474748554	0.643378045717136	0.692505032953851
0.947400849943037	0.903575824278423	0.648689766426361	0.893656603357302	0.795339062952296	0.784911883028324	0.933365739233233
1.13164955413578	1.09938980591815	0.656695235949526	0.996227236177334	0.895636793376748	0.902664313696827	0.911893109710865
0.806243516708339	0.80761311960594	0.577775684266008	0.740853336149136	0.709706043176245	0.722969441170011	0.762410362769023
0.930552771534261	0.929123549871062	0.635036840467679	0.829240726724664	0.81032150236714	0.803864634212519	0.846745806307085
0.540413522790234	0.54890854154887	0.622150913292061	0.676355898239007	0.647136330934725	0.642551252912187	0.863018701996216
0.514360326224462	0.515984715294671	0.522191342616287	0.588314556621433	0.562611984879822	0.542890308141146	0.635002781175689
0.559954356558281	0.568057250509536	0.584906827333215	0.677116886079843	0.628053090655271	0.663302949521796	0.780950168465965
1.00574907562945	0.979494452879166	0.622301045020736	0.851389285720741	0.818149347460087	0.811378258373702	0.777876082185407
1.07684939961603	1.06974479422959	0.638413421011494	0.886498764362847	0.851921425209149	0.861088189850749	0.851306497952594
1.20632886558165	1.20704430946172	0.661811901386936	1.0266280872008	0.963456019031833	0.951586845383072	0.928479175332449
0.564303251767234	0.535322274223569	0.592134097696386	0.688424334698826	0.65627804215731	0.635491403378921	0.793966806847427
1.07699665931411	1.06299985422123	0.656744950616523	0.929568139778373	0.86756653433715	0.906469045606483	0.924639354357779
0.925662555646525	0.936586106948211	0.619559929170092	0.867277143117882	0.773422969061928	0.771328057245676	0.817165559007827
0.816755791864079	0.807963381468068	0.579712444299653	0.757673345457226	0.728848263258131	0.725580205920624	0.747892275417195
0.578577666177887	0.604420631047674	0.568356668090906	0.681237183045684	0.672068929345619	0.630917231273037	0.719723470139255
0.648045102647402	0.606337990785232	0.613614920988193	0.714555559451126	0.678927896784685	0.664102366346556	0.807843081780698
0.597343106689408	0.595036918562788	0.619021829283061	0.753876415302962	0.692620001905598	0.696877613367166	0.885214123888055
0.744744539659906	0.72501084984262	0.6068211643141	0.738965704962967	0.693818725035672	0.684938808792456	0.811365702183275
0.476689253345799	0.498246055632815	0.577911894862975	0.606863128116287	0.578217682875531	0.57534763597584	0.76202664000376
0.89174354340233	0.910108960170341	0.640314768565683	0.910068682960276	0.823794419794593	0.801939477773194	0.927341814168173
0.968884101267152	0.964859864765389	0.613202184953361	0.837525077279465	0.773010846810089	0.766953550583363	0.771676790296414
0.826535368533376	0.817242696176928	0.567821020158066	0.718747749310838	0.700065078389737	0.704746130092314	0.705049079632272
0.959263517559337	0.977184354197735	0.668560940172094	0.921019272529533	0.845893601746902	0.858500646247844	0.924611127593288
0.684375727153778	0.702741602128146	0.614111976938836	0.787918313157176	0.707069680139556	0.727735062964675	0.855440379484451
0.841940139694595	0.837346912194148	0.591075434595653	0.754703159113175	0.724279365262506	0.729192188646874	0.770653717394864
0.94684305115984	0.956426885773676	0.595031025061933	0.808481386378803	0.764198984339311	0.775952518273973	0.744014595517087
0.774892414353694	0.77431864680331	0.642416589603799	0.814226531068504	0.71686130081398	0.74168089047863	0.894048332799156
0.841013644790679	0.851988833419109	0.650783739041594	0.879682452914069	0.907337993358366	0.893885068859063	0.826795790746337
0.577699136646339	0.55531753601558	0.641116146515998	0.741622516927331	0.679548342695504	0.669531125859094	0.897351636110747
0.551999207833958	0.553326852175827	0.602410620905587	0.701212526285001	0.637727110913578	0.657691570695597	0.807695741001779
1.16149061917001	1.16146444986397	0.633934568269817	0.996980722988376	0.925617963143024	0.918406002864	0.881911375872156
0.880884734643215	0.84014317024596	0.607512377197735	0.786581929206565	0.729681946290881	0.75922530734828	0.797330293545721
0.936542185207025	0.930005511452498	0.613572074227113	0.868460572530433	0.79157627051524	0.800019654616963	0.868855819925827
0.631961429171954	0.624778153169943	0.589657099395322	0.716665336529386	0.674868357632419	0.659065767312842	0.75949226787419
0.660276436723023	0.658908827218724	0.622494041945492	0.814399374493033	0.71680999626576	0.72009672848318	0.907831012009447
0.809156695426083	0.832971917549171	0.622053825955499	0.861100773824058	0.758686118046815	0.778092725045409	0.866349814406382
0.986756238013822	0.98261500050516	0.6124780574848	0.854930400476221	0.791874049515098	0.800106558004171	0.792885395099619
0.759454066790772	0.777646621848015	0.615103111367049	0.786569231268606	0.719457338494666	0.72574760311346	0.832285201282664
