FMP	RMP	FPP	UPP	ANPP	NPP	ANCOVA
0.411004501212323	0.407746925407486	0.47793824257972	0.499181973523909	0.48564374707972	0.482703044237558	0.623825615731717
0.455966864670252	0.453769988359871	0.52020906484795	0.589287613396282	0.557473607768021	0.564285152949816	0.760228333961247
0.409839736655006	0.417228162241327	0.49199211478714	0.476674119906096	0.478120492475255	0.471586996070006	0.660694448908372
0.442748663665957	0.445689601668836	0.53062246727073	0.55167429364513	0.53219365677509	0.547813364729677	0.766653932670949
0.433153661379478	0.436533778841524	0.496419161517437	0.567610409874591	0.533035764847982	0.527831903190395	0.65094872316613
0.456655837298329	0.457458449502548	0.537848330972766	0.592820710829855	0.564934857226195	0.567919461730914	0.808859214778226
0.409953941637221	0.418349761408235	0.481678638569696	0.482900352871553	0.475440986672571	0.474765162986856	0.651269002277378
0.430126696964125	0.426643932984567	0.507702846518195	0.494765672932067	0.509684614773984	0.50323251201853	0.723421920355573
0.430857958139057	0.439565885400627	0.525391559528691	0.509963118680206	0.53155282446076	0.515155049035884	0.728198296040234
0.399574625741892	0.404363363652563	0.465881314416319	0.459947105998268	0.456341718233782	0.455021397224538	0.615755773864209
0.406496085213798	0.393850149101401	0.466579588260038	0.466750033518683	0.461341216159278	0.472376590837123	0.588091524403025
0.419689831675492	0.40816402916886	0.491464618673778	0.485176231861255	0.477347359907756	0.473308737466124	0.675724153339784
0.496538597442224	0.519879628236185	0.501852823052126	0.629104711816991	0.588437438300977	0.569640267989144	0.66688099591771
0.514877537815247	0.582911144796452	0.515957771581176	0.662240307688458	0.624920397310479	0.598927360442663	0.72167390782807
0.440707564436359	0.454558536430327	0.479753976387874	0.536673920411971	0.519658151113242	0.515894851178591	0.649714826165418
0.442841302705739	0.433310229143908	0.497864790838484	0.543156014338195	0.521785974339276	0.53411600491338	0.689609500629685
0.727625824061178	0.734967823078025	0.534368302532065	0.708491260045699	0.655743843744666	0.655338800184616	0.733197020328507
0.448241606815171	0.456018254655903	0.51744038692638	0.601154019882658	0.552704288371566	0.562328534901478	0.724487058494929
0.492115563900566	0.521215570389257	0.505625187807667	0.631926143734454	0.582319431624248	0.592775443338427	0.664679583759566
0.446262890471858	0.424198370905746	0.525643661177412	0.521732805346777	0.520192696503194	0.532302556360901	0.732997671895325
0.434364026536515	0.428683322207285	0.508764903642767	0.517575516922011	0.518691672877908	0.528125623600306	0.696477202021588
0.406731897625116	0.416307216474274	0.469236265019449	0.497112791683608	0.517408495118327	0.509837678159234	0.595445806759593
0.473355759737849	0.453212407655762	0.503092363409543	0.570474527820575	0.544467198604973	0.557939838977301	0.660178432828841
0.419057239093349	0.416864498693924	0.526787236668615	0.503310154053209	0.494566552103159	0.51163338768259	0.706921603477783
0.623784078716481	0.6279503809537	0.512759752905757	0.676604334419013	0.607925168559376	0.622735353942308	0.683404586072872
0.443579811431793	0.444009662029512	0.526457799027941	0.550711411140753	0.543882643210596	0.540324650340462	0.735620506303384
0.408178553365487	0.407631120392422	0.477282239429758	0.492266992008078	0.477270603470696	0.475078167394029	0.608034358968872
0.429341825866444	0.430622402147586	0.52958058242743	0.518050699096989	0.513368867613624	0.508968792709409	0.726288869926376
0.416969719897596	0.437702519943639	0.526048205073899	0.49073614109535	0.507070826674968	0.508665299136126	0.709558528236385
0.700325702615384	0.711312273261582	0.523316800644911	0.718137691707486	0.648435866556598	0.658064458201755	0.715199738998747
0.419940567597304	0.43510170543468	0.48102959535876	0.504559691028984	0.519853953870643	0.502763881059869	0.635364245727393
0.546937339279467	0.567534089223463	0.539382484997138	0.683863069018243	0.617602366732208	0.635045060126004	0.78194630827561
0.450217874838651	0.456869468903421	0.556811895617134	0.542482940577422	0.545891528496223	0.552627157700506	0.833010562509981
0.902937239185623	0.901116104568529	0.526583212265344	0.793946760813836	0.718023286074298	0.720736234713604	0.717580952225332
0.426225218207325	0.424076748055367	0.51288091072683	0.517480600023904	0.521957544956481	0.513137176337166	0.738406816318236
0.441670100532632	0.446799157175303	0.527420928701004	0.550098686659412	0.536699326706992	0.534682077718614	0.72574630511321
0.430031259739764	0.432544553071655	0.5258632939839	0.497329623661272	0.50649688580058	0.518954701961117	0.746913418520896
0.703892605652361	0.694498262109396	0.543639319817769	0.714983475164908	0.64786659128712	0.664641524483667	0.769829018460163
0.376742239105789	0.385328255187276	0.437679213296767	0.429167233779474	0.440018083577762	0.432491287554006	0.559334478924473
0.434302431465722	0.434745381018944	0.52563021222908	0.553969677592964	0.538104592710808	0.529353574850855	0.71838787235118
0.442195569722033	0.429491521928794	0.524115572316938	0.542595720282864	0.513024197047785	0.533942083234927	0.728493031012605
0.409825203572153	0.424357595145097	0.482578369141224	0.486403183683823	0.49380273041057	0.489347541620131	0.638437578463222
0.436916458544059	0.436231771535584	0.516328456238781	0.521187499771209	0.527859508300931	0.52153688514796	0.737781925657701
0.854797421606382	0.85623971373949	0.5087337235663	0.718803742465059	0.694663960071351	0.708471957806254	0.669472167790654
0.450125096936955	0.460315494241701	0.499327740866887	0.598238033617313	0.556504781848717	0.560979921856406	0.694822784175562
0.511762541110075	0.499767835785416	0.507905647727048	0.602332496255405	0.572415276581333	0.582477235792561	0.71824414282179
0.429765052844226	0.43836321209398	0.521649094924723	0.51326122939135	0.52785650530158	0.520504062246961	0.752657743768382
0.433058720700009	0.43333953637052	0.491519269559787	0.532541699293665	0.53348610284226	0.513222550586643	0.659889464718361
0.706008415471005	0.708602269130653	0.514268627118933	0.665415361778965	0.626578022556118	0.618253119640855	0.677581298400381
0.433210400746754	0.42610833838325	0.51265005680569	0.50777413003574	0.496735485166543	0.503897508656651	0.713342797645336
0.394138145088713	0.398725122264214	0.476549099186703	0.464289185958044	0.467208437378984	0.44940140620055	0.608483436560302
0.425046297761174	0.417559304755819	0.47760709864153	0.510267329943905	0.508712230845623	0.501852135500918	0.646872748595198
0.561324227832449	0.547143475834755	0.50993739887511	0.631267185269112	0.591748850423271	0.592089898399852	0.663351016830187
0.493531210321688	0.492533225390675	0.504520711184727	0.650264709638904	0.576479713085468	0.600468095101688	0.682477597009155
0.420026941475837	0.412228439271769	0.504753788938114	0.484814792817831	0.486553122500475	0.488170764150864	0.699590800910642
0.524764777572559	0.523188994314378	0.486137548674465	0.560908695613911	0.541599981018129	0.53179440971895	0.624169837965256
0.424658044984065	0.432568421472151	0.495476592673789	0.511994440168032	0.495912324582047	0.504687248068144	0.67086114799497
0.471333245527437	0.487124234965753	0.501128834627652	0.58380476535941	0.54484475089426	0.563414608052124	0.676436093759227
0.426608997453236	0.425208678877077	0.530794343162037	0.519309110772079	0.512513670524942	0.515765749499069	0.727140098884721
0.42785118771623	0.426435255023066	0.47861736495098	0.530956718353744	0.507000996031918	0.49974228289739	0.643754848769055
0.403586637971158	0.406808565184089	0.480376548878876	0.464252287668097	0.478363916940549	0.466388935548069	0.615036179895887
0.520401712555256	0.508199903209105	0.521964419545432	0.604912009822304	0.554453716447378	0.572934409425748	0.696118908030691
0.879768398122052	0.860804003113687	0.562995262164776	0.83623311944327	0.731821703915845	0.7431756270619	0.851346715212765
0.428977562677301	0.436237840920278	0.518937166859755	0.532801603667653	0.525933639287534	0.518658339696904	0.687861622724923
0.454163524514274	0.465252340183264	0.536306829838663	0.60359105461846	0.559879358098029	0.56688637347112	0.775231692568507
0.664317892557138	0.658216370682496	0.473896131467771	0.583065422708759	0.559974297410253	0.557858255505084	0.593474376130505
0.770764800838553	0.782980874922263	0.516241907409803	0.72419974023596	0.652349279694568	0.6506626833745	0.712906172509662
0.443494896243269	0.428054891114904	0.506154520882219	0.541705574627432	0.530676709553965	0.538148986483574	0.691026078104811
0.551796240613281	0.488916084599547	0.524582141067992	0.643898652890666	0.614929845016745	0.599795246790036	0.736015220738202
0.433073189893475	0.436899997889102	0.506047406352952	0.518823743670677	0.522734855856527	0.50847503636741	0.672886541138703
0.626104654204392	0.629892991427919	0.48503020684318	0.633354193832367	0.566244101061864	0.584152935105067	0.628385583997821
0.40695450173027	0.411523671404207	0.465882009387396	0.489921246866278	0.485153841367431	0.487268305332752	0.613153270723318
0.451009153964433	0.447379022776376	0.514494920862398	0.574088506358202	0.550658749929256	0.544452412312937	0.731329477569654
0.44982710393795	0.463282545951017	0.531197556140784	0.555788511875785	0.559800989045739	0.55492429525638	0.745627941360789
0.416567007435088	0.415784959974606	0.509505443042823	0.473971778502587	0.487623181699145	0.487070518522344	0.682602527815815
0.618715739607886	0.619225114329382	0.529978417502773	0.666901817977823	0.612439360969782	0.627575966736698	0.712261347529191
0.506583058373407	0.479655666325887	0.497802603514368	0.567738181557351	0.531320442366404	0.546032458916807	0.649585562222772
0.425538670490319	0.426858443999045	0.512496866707583	0.500180540679618	0.514925726229477	0.497944020507046	0.741751699706232
0.577189919684328	0.649422383934803	0.541609108689165	0.726931552882104	0.644686617375973	0.669597142063149	0.785808187508796
0.507560170174155	0.522509348390085	0.584613632105309	0.719412441766883	0.679770493925592	0.689618572318571	0.912584254159821
0.420879913945367	0.422525381988719	0.495829300247011	0.511849331636942	0.503243513948365	0.498595487371404	0.683687423834259
0.42664991615448	0.426761561553495	0.495288513162185	0.53178382079473	0.518595962126714	0.515754580040379	0.666769849953322
0.427263376329488	0.440335762226997	0.523137244454841	0.52310501192477	0.524334784422904	0.51079662820184	0.761797949012656
0.432399111260869	0.431709500190414	0.5072311865532	0.521325158608604	0.50622969170244	0.520478700401064	0.702252147107244
0.485495074786315	0.469693567648047	0.543731556792402	0.637280785456267	0.609144199234924	0.604069100567186	0.788987516552243
0.461971998435111	0.464381779081439	0.525614861700625	0.600801780918885	0.566524493703136	0.57567866569007	0.739701814431213
0.626910574135971	0.622214817471703	0.486413118323151	0.61421770517196	0.553186873952116	0.576491076351377	0.625616692291033
0.441991565642784	0.450706255215576	0.533953773176321	0.593424383253216	0.561868993090932	0.57168449075739	0.734530314593363
0.602347550724018	0.603987808795648	0.494665598821986	0.61643202188845	0.579481411027985	0.576001193380449	0.64775087435201
0.436276555587398	0.420616233524617	0.496680973945541	0.548663209640231	0.527523340126024	0.529560466464461	0.66020658586552
0.520188403010773	0.577221156984204	0.520536281244623	0.635604366787266	0.589184493915121	0.576827437073453	0.689578372893216
0.439445428279452	0.434442417525182	0.501986808739707	0.537621796737189	0.540024365608208	0.521709895562394	0.702142863565558
0.446347398373042	0.438350015024549	0.523848321462568	0.540249318075297	0.535192038619152	0.532942798032493	0.745286136248314
0.432054041504182	0.426184673681481	0.511319300789939	0.529399106576123	0.517884297909717	0.531419296794522	0.700527948767226
0.409094251881546	0.415709240726885	0.468481789304907	0.487800031250971	0.481389507260694	0.493373139955604	0.641432416303432
0.814739255486415	0.807643656991747	0.469068938128233	0.695417559942987	0.651901406078583	0.636016293315553	0.606174172674628
0.440530051431527	0.440682082719429	0.507050242623293	0.541026577725177	0.513344091138106	0.532410408814909	0.710375453908616
0.417969832517195	0.42287596530935	0.491604285873234	0.510867305650562	0.504105702268827	0.493661279389905	0.622406939488551
0.708579311158131	0.736618536677982	0.515253600136673	0.663359849028017	0.615110488290817	0.619878347888568	0.68448034504085
0.910719738549792	0.903785465544889	0.540875582728325	0.793255811069672	0.737854284074291	0.728995056793993	0.743324538364038
0.432109298385823	0.443300238770179	0.534948306415716	0.514259454967983	0.514572537976818	0.523226109588036	0.796742462697051
0.440465907757322	0.453935998038411	0.535328497612975	0.559946633652381	0.541558532904246	0.540957370306562	0.730446073344297
0.433779785099471	0.424268372556138	0.488719526660342	0.49668894038496	0.501189862753103	0.488579557749659	0.663164491119299
0.428689047055313	0.432937705187046	0.517036235398591	0.523779852391792	0.52854489945733	0.520362473626985	0.704938921114712
0.469752996260516	0.462839281612735	0.543821707591288	0.649249187981443	0.597699277313894	0.595478229235867	0.788040404211888
0.427779640930557	0.433319496158069	0.523619636507587	0.531104588611676	0.509379213289608	0.523885063905336	0.70955160789356
0.44556282474096	0.449548362425588	0.538862922198756	0.604810315034853	0.567524686893171	0.564338214697457	0.786371198472897
0.430917994513509	0.44334492581594	0.504556738401692	0.542766159499874	0.519357024855373	0.524450528945107	0.69815921305742
0.437430924228239	0.430198567448376	0.523077861970118	0.520704422987929	0.522309589930219	0.520488969683657	0.774138606181101
0.436967278764655	0.436738661126073	0.513063191062525	0.540264737759622	0.527314034380875	0.529651815315429	0.707119789085938
0.456447281319956	0.456732496029339	0.526711174251001	0.576567612241104	0.581214554583166	0.559257998237943	0.761443889969011
0.39914428217104	0.410804129130987	0.486166947441851	0.481472803728942	0.476819192590203	0.471824188490645	0.632945398353894
0.440441007791827	0.43582186445505	0.520620731082211	0.556754917878242	0.546721668387727	0.548711464995922	0.711331854717899
0.425677946343374	0.423114379310896	0.4985378308377	0.515726011809083	0.502022195964258	0.523040092080805	0.685056977596368
0.448881117968835	0.45170751402436	0.543662185881623	0.578143531299481	0.555490634232855	0.557770135127224	0.766108639636175
0.439865403290087	0.444194677089754	0.538532416285341	0.540984202479317	0.520468994968134	0.522312366664403	0.752305996874125
0.445301302815412	0.44552243799822	0.512945964546376	0.560998450065178	0.549608706377966	0.534049838776604	0.669375611556332
0.67109033162055	0.688430355238538	0.526166343295601	0.696112190086697	0.633727012131767	0.663706949951116	0.75084913220174
0.416587716233823	0.409756810202725	0.496031180217942	0.501713933329435	0.502429212703041	0.495068413257345	0.636675770680093
0.435378694882684	0.42857459464534	0.519174692486169	0.516214675891002	0.52905184158719	0.525777524371304	0.747258903043114
0.434927853698672	0.426495508996565	0.524802688172119	0.51768632021371	0.503868166025959	0.511947999068397	0.726260588865047
0.5392063364049	0.544728736998331	0.508561250289631	0.587831698861748	0.569357045828599	0.555945590383628	0.680693822437138
0.439789452383809	0.438484651463801	0.524892151364789	0.549455662806478	0.538312768078821	0.520278419174136	0.724733400250666
0.445531626853742	0.452426725755461	0.52550704544539	0.561917120144293	0.545499011040074	0.548087970826813	0.711076802091849
0.449453561389627	0.450596089238117	0.536514830193034	0.538376223307563	0.529588802387476	0.530413652647703	0.765508699335548
0.432744690484387	0.449728413504187	0.482231430491319	0.54349942755787	0.527232370676871	0.515394132380472	0.654617327289327
0.812992142551047	0.815299509850719	0.52645503954568	0.754322151259588	0.676543654072779	0.704966421800637	0.716214029981632
0.416159189821778	0.412753030575801	0.486997542502623	0.465349303575957	0.479361710530749	0.489637747691304	0.669146800009718
0.50847956704448	0.495738322741286	0.53967346854528	0.651746452355523	0.60989273830281	0.611748498754951	0.786671027195582
0.50855936794211	0.536887639656654	0.509546541550323	0.604770455686576	0.562189862239422	0.562127435710465	0.678608596107829
0.664970675813098	0.667021590014768	0.534001765385832	0.667533299374316	0.632336841249366	0.630149219505774	0.745633216392475
0.386168256009202	0.397568265781728	0.466089021899751	0.437384850713771	0.435961525707887	0.439262448802224	0.596660489537538
0.445987425588602	0.447144014822813	0.494071158648811	0.564956645720813	0.544538432862898	0.542829816562212	0.667523869731968
0.406388409637478	0.414246445449261	0.475384526470334	0.519196836754067	0.500720016857261	0.507415880623244	0.592574999063117
0.689889573081643	0.692594821701023	0.497741001800555	0.696183094842484	0.627410475997726	0.621372743803897	0.663533907429624
0.406673285828011	0.413220514322212	0.492804934994455	0.482792567234478	0.473745152168866	0.487079529503856	0.634300727097818
0.430565358720542	0.433673221041026	0.510512124973011	0.507873253771351	0.500783747005204	0.508590439139867	0.712868115592513
0.414792451950387	0.412834105698485	0.482327465381437	0.500204741749295	0.498193123138597	0.495316374953762	0.637722994415802
0.450931391729044	0.447158167357822	0.536046085079903	0.584085326449759	0.546581628347363	0.54945978110765	0.743942979949475
0.446813610051635	0.436745570820592	0.528563697761176	0.510524379346647	0.5218612310029	0.519458753877219	0.77568759914044
0.407169688370586	0.418057750350097	0.489734429671597	0.502261962121034	0.49330110935198	0.492048726661889	0.660765058463436
0.407995451028644	0.413380949296554	0.465813676905837	0.481628389518219	0.484822371637884	0.483278717431997	0.608555815034511
0.437946541720686	0.429494854078815	0.515792281329155	0.49399663862049	0.500902097371356	0.500337579599131	0.721791059631278
0.504024312925541	0.495040847095324	0.512362401415582	0.616331177292622	0.583638902399283	0.588579074803288	0.722944374815505
0.414619140901658	0.433278571651243	0.473593447758798	0.532805646415527	0.520546640707643	0.527591202508156	0.648181155440952
0.440310311478139	0.462848421437988	0.478396963100204	0.558523562465567	0.538062065572992	0.54026479224955	0.645804493466347
0.422778050393485	0.432168483802967	0.505604205880113	0.509136723773386	0.497515608245272	0.500706290279338	0.690769323837762
0.516622194259751	0.474646854439118	0.545608492439698	0.669832699540104	0.621089000757568	0.634747953231969	0.826581184671513
0.593230266214859	0.576948001162837	0.508656763811298	0.602326203342761	0.590811312989167	0.573156555255349	0.67626636779898
0.414175802693104	0.425165864519381	0.498162140480383	0.544298975014791	0.532818009231077	0.514137691725599	0.665981512590478
0.777824469532525	0.764046980803365	0.510539193372643	0.733949593937648	0.645569279331836	0.656527793173304	0.681080787968215
0.743591522768435	0.739446643173083	0.488114590850018	0.706049073304206	0.654481852700571	0.643097601215689	0.664221504014225
0.509936574657777	0.54072378293718	0.511905223274167	0.622275607446415	0.579784490354405	0.58909606642005	0.740033187866794
0.651025425635384	0.624684186122017	0.51442568386875	0.710481948868856	0.630726340951562	0.654899476713182	0.716462115824811
0.44806407230538	0.446541910041992	0.508552071505216	0.563611996008853	0.554493477956567	0.547006615153431	0.705799760068876
0.439212768548959	0.45199706897381	0.53318745825671	0.515397735649904	0.528910911061725	0.531500588707442	0.773860295198997
0.427589187201271	0.434090483343129	0.50081930441883	0.522896686875408	0.508150459877687	0.492894132299579	0.700621493707536
0.416686555599611	0.431119713287037	0.50687401270892	0.549596994207028	0.522878922580109	0.524005502141227	0.67860475758298
0.397025329679211	0.389850640625322	0.452654555415266	0.466692155070397	0.455464867579404	0.462494420863218	0.583754883710133
0.569447323174798	0.564437970733737	0.532705352396878	0.639068525539659	0.596499062279748	0.581894724126526	0.741000610187312
0.425641212648358	0.423077111005258	0.510349302923025	0.511286747196261	0.504325366863967	0.503156698806263	0.709150201158638
0.430754861089284	0.431285639513279	0.511738895819053	0.520036082086776	0.512041024028101	0.522906280993095	0.725943905542109
0.629410760561734	0.601740281065201	0.510709241506927	0.658635984141909	0.591602171113433	0.59002520638048	0.700255428924755
0.434340694311197	0.409326279485775	0.480630329749318	0.500408050845873	0.481890659602117	0.484703517010297	0.618080766295281
0.429209066860446	0.430558179181616	0.521409773380455	0.541070516019397	0.536511324411827	0.530526078123765	0.671731700233988
0.464557530048415	0.45362366292376	0.508225287127142	0.580413307509548	0.535888539648258	0.541128238953879	0.689235983396171
0.428821350024898	0.435339691054297	0.528464885999189	0.537794624682472	0.536864057506238	0.537235481386558	0.760025093632602
0.426712247761541	0.436341144441577	0.520618165556491	0.506613463655735	0.501372664752505	0.498865987478909	0.71945188017069
0.541890747124915	0.553668121653095	0.533218949766757	0.646861270750442	0.612255569684013	0.615337389566808	0.76332503463485
0.406051369520718	0.407806030160061	0.456939430830383	0.497692245766557	0.489892391525934	0.483322643094074	0.553485111990458
0.406192220591814	0.403752880577905	0.468993215923111	0.480663190820882	0.470156296042814	0.483693025019052	0.622789960068358
0.486108273408149	0.498296811166929	0.519247159089539	0.608082467614994	0.58458546094571	0.572893533819012	0.731694648432204
0.433843575665065	0.44862459150991	0.529415765279612	0.556384040128234	0.53371549378764	0.533474286621878	0.739423909179932
0.452382393405181	0.456429788869523	0.511987083287988	0.5837831620599	0.589347787662789	0.569357983743265	0.705312011893767
0.436310323687679	0.436454233853819	0.525084300980196	0.49027763142918	0.505173238929023	0.500749783138085	0.729863564651932
0.433759989678369	0.450821334295998	0.49885894785974	0.563625897725605	0.544341395172852	0.546853654258332	0.695318693846519
0.42173371416774	0.424023721016051	0.501713533998339	0.541333769423818	0.515560889966153	0.518030773312383	0.679602058332806
0.449448231326267	0.467745716491991	0.522277029693654	0.596762433897338	0.573071012498343	0.576682995473143	0.708313938099927
0.789139328374657	0.807140676623113	0.515648973387184	0.758745577067793	0.659002829848412	0.663744825236697	0.672493745521421
0.392560054655267	0.40402795981058	0.47265081284897	0.474170666472652	0.470922285876411	0.467128753195686	0.606295815089144
0.445158706543717	0.449451468037277	0.510255578484787	0.597235510298029	0.553690567824849	0.562842869759827	0.706097708854052
0.455327308341287	0.45652508635559	0.534347422867597	0.577594539138505	0.575778192967047	0.559658247925137	0.814794096059863
0.456969848834497	0.437544774180319	0.54523154621353	0.579149094446162	0.563249973164814	0.57910308736842	0.775764008653539
0.405868419228143	0.409097472409325	0.489958530879438	0.470525084934147	0.469776692261846	0.463887928249341	0.657642705875155
0.39329695500463	0.396961869369279	0.46142204271604	0.460135753373786	0.454701712431916	0.455835177769665	0.587026541250266
0.490157054269494	0.477094649264963	0.561549989809736	0.638021382139021	0.602171113967462	0.61441812866584	0.840789301421997
0.576775976303115	0.590430283807611	0.532303615069009	0.694774415232487	0.651866840752884	0.647022325788862	0.772202869141966
0.424491863398759	0.422751479340508	0.516050002057186	0.486839524817852	0.501878340968297	0.499315340088806	0.713415869799074
0.650330443912532	0.618471952619034	0.500180101764458	0.632421568896312	0.603465202604107	0.604128663473324	0.650513672066648
0.42526400367968	0.422930773325222	0.518140068522895	0.49593395080685	0.496890641944628	0.502854642352999	0.730396084007015
0.546119159999865	0.517173812187725	0.516712471742862	0.65429508496675	0.611993876607235	0.596517671245922	0.71421937414756
0.427677430019567	0.429944475171891	0.509296909363206	0.501944884895475	0.508669001639453	0.502167764827368	0.716908510090504
0.409674464770826	0.415794336395151	0.507139805526811	0.462682709663748	0.494329460852458	0.490042090465717	0.690157434263213
0.439167224519509	0.42926873211141	0.502325248435777	0.506169402297169	0.510746770312803	0.521242837444826	0.69296489248235
0.607838917093622	0.597743048664315	0.541340442847921	0.70275099728381	0.638976198425377	0.637002596322225	0.768319681417124
0.439697637836609	0.426486535405675	0.488704948235145	0.530843860243562	0.5196147422315	0.51343217755829	0.64244393926299
0.431934235060138	0.442274671046672	0.490807284307429	0.573129595496796	0.53901085184932	0.543901278681233	0.656235960256229
0.442280691011389	0.434944407342343	0.517544742476608	0.538260483445547	0.529445160636666	0.538601291161514	0.741479890949593
0.465488629164952	0.46165037864405	0.528807078827085	0.613027843128308	0.576196893681603	0.569995911133968	0.730667957869431
0.40203247136896	0.40170741617805	0.480235371192065	0.477300508032171	0.479827680910679	0.473025241533901	0.622975572764536
0.406127473943946	0.422813138313378	0.48213998821611	0.49233384612144	0.475732318130295	0.486046058926569	0.646369090617886
0.426698251313475	0.433498293425133	0.517704855031695	0.540443924174065	0.535979525034163	0.545525109833237	0.695378720989201
0.420000314331447	0.411291467349	0.491924140585093	0.487985500197748	0.493277405000438	0.506237315410926	0.668438923852132
0.4807290623354	0.505745902022296	0.517526204256951	0.577612253917538	0.576254220269309	0.566100646839589	0.719954690010334
0.464017623435249	0.466749245732543	0.555454338311555	0.594200552635237	0.581944784217957	0.566500255801546	0.811749284701257
0.835509900019851	0.858743042639284	0.514227995297622	0.733197847376651	0.664783154678371	0.678153676681259	0.679540202247742
0.420578469206154	0.418599804577888	0.507989397081124	0.485591871252083	0.484050184642375	0.500332472993991	0.678419243620831
0.43055564377371	0.427276873099621	0.512227109163984	0.526471622385805	0.525352914477273	0.523195633520884	0.689678267555365
0.928164959461264	0.92921843623018	0.527200831385273	0.779292433480264	0.725745762018431	0.748474084198184	0.719007545614014
0.461191651624935	0.461572308707737	0.539823899805897	0.596618878481863	0.575135265372387	0.576159145039412	0.770688392038212
0.642383589050759	0.623478409576387	0.492114617669648	0.625931594142322	0.587781788795991	0.562449164617146	0.649118791998145
0.505270706096766	0.510622547040784	0.504035751480896	0.605469611303358	0.555615292263185	0.56168441697657	0.674697248819062
0.432395322770129	0.420137819955748	0.497739967023869	0.50823146427574	0.493519584288083	0.506902274088783	0.658670385716984
0.40640996657414	0.418269037453244	0.484440238550208	0.484089707573152	0.492637645744665	0.477238023666443	0.655166070582201
0.431431295144971	0.433288521105951	0.513687585753926	0.523094559338071	0.51742287732489	0.517982865141154	0.72581555469887
0.462030409535431	0.468708674460311	0.526094929412632	0.621587193061187	0.58140574817812	0.570065889711984	0.73343267867591
0.433383493643128	0.431418499452774	0.518037382849716	0.523029001100033	0.507289873228642	0.513450110382454	0.714284346616308
0.60317955699285	0.599734862465502	0.504847312364242	0.626188701850539	0.585118668610575	0.578891264012128	0.655261466823604
0.460731120843892	0.465161817685703	0.484876107472857	0.596475186535755	0.554450900697177	0.552398957635703	0.653459473482487
0.483242860188365	0.479270425564894	0.516280247453863	0.655708687684186	0.616082459242418	0.598498013241752	0.741547698501812
0.42280377356431	0.404431959140901	0.465558469198002	0.494165470609149	0.492595657756838	0.488131596839268	0.595127972359703
0.476558882093057	0.481869036607871	0.476708924500787	0.58582494296698	0.552741400541001	0.54326560008527	0.646758816712006
0.448483201249823	0.463262635207086	0.510620362616119	0.600230305353751	0.591131809348747	0.569334527453587	0.714303530234275
0.91822471910337	0.928450420670938	0.536187645521434	0.808948969956999	0.742493909563059	0.746414745301309	0.722271022747922
0.414686028293627	0.414119472316633	0.475329156927994	0.482768256475925	0.469038383410997	0.476694559560639	0.621590563979456
0.795164900679188	0.796324978709271	0.492590214503131	0.717328591625812	0.639509051172899	0.637649459402749	0.642639379943484
0.469982250721535	0.462793439942754	0.485829358137626	0.59379787077426	0.545912529685982	0.563635984786217	0.647747584393301
0.433656495622198	0.438410738785508	0.535219813022742	0.533763508057183	0.532333920322013	0.53281483480178	0.736296653860074
0.42215496111488	0.427432720847672	0.50468286969544	0.486847995615409	0.486866655852923	0.505429390549071	0.682354306284265
0.446206646089728	0.441293933098683	0.496414159869806	0.551392594382422	0.523584347761336	0.536377438017387	0.687721978186288
0.431117072468492	0.418612070890846	0.488160795612158	0.51358844417362	0.505367797552224	0.512508351578301	0.668776925868912
0.694775531163388	0.706890255003757	0.499946746778578	0.673216059319123	0.606650268146166	0.620799192599947	0.638037776551265
0.427520488646415	0.428166058136957	0.487565455453885	0.532552895627527	0.50958868621151	0.50286554971166	0.657614409452722
0.85855776368428	0.848899902531347	0.543586998000367	0.802142894422462	0.688235466372263	0.719509826806288	0.765324430774668
0.434897637556249	0.423873435415727	0.47870106493312	0.529598711897928	0.526356013645158	0.508059479163322	0.614268088308319
0.442983553290986	0.447815702148521	0.510373120485477	0.56038684154571	0.54044186261854	0.550481209802568	0.715899334989708
0.511160014164567	0.511258174532765	0.52399155742887	0.637858188842276	0.605595885044478	0.579492888272377	0.754818581966935
0.417769154989875	0.416409500577996	0.499242583135886	0.504653510194689	0.507320623296407	0.50465190464146	0.67654862156367
0.450170244162116	0.446607804599488	0.54663122193656	0.552506149341328	0.555686098223402	0.539237742614609	0.814745852616746
0.433344951393985	0.403688272902262	0.462219943016034	0.506341925458391	0.496070678817354	0.490729832815196	0.601368889863526
0.586729333538813	0.589161721056609	0.487351965717692	0.604705538643673	0.572154005349824	0.556941369335117	0.642086428320033
0.432463384664652	0.439240204109132	0.502190757378765	0.541876082446819	0.526208105983718	0.532309809702319	0.706321038493408
0.462122143170658	0.460818495026576	0.509182000962972	0.62967624428104	0.589527966082217	0.579054149392094	0.682911760729135
0.65048687577269	0.64730254712988	0.500521763311831	0.631327018980172	0.602794962985763	0.603038144172842	0.670697600975963
0.433696629881397	0.4361688563993	0.520191952859212	0.528649509848593	0.514033782014474	0.530367342840681	0.731328449086337
0.424050730718025	0.431930853238656	0.49480506731293	0.510758921024654	0.48583907972307	0.500694801612787	0.696999520844726
0.432214158993695	0.441299511175242	0.508390752967303	0.56768428528929	0.543258678693658	0.540106972954728	0.720700450324271
0.468720000779972	0.471090808174596	0.510730523671635	0.610516435987179	0.557608209183342	0.579132167339233	0.689633827530169
0.439843599601831	0.451403053787487	0.531932447174196	0.579044806782969	0.551731289892462	0.567942631925406	0.782826760466147
0.452190955712401	0.454316539907717	0.494680214510703	0.55570583470112	0.526702013241693	0.526490196547665	0.658577285222511
0.473461911627836	0.47993126942511	0.507954751205047	0.608508459508754	0.570332629360637	0.553077648933789	0.671346423995602
0.452488099235346	0.441113366162777	0.519518250305347	0.597953377918499	0.55706010647551	0.5486500340325	0.71762596638922
0.42778418284008	0.43631725589579	0.524824834714315	0.534132344545774	0.523338252954433	0.521234304116287	0.782759337057631
0.721006517243166	0.719293051457947	0.518744239089181	0.743983413144224	0.656871884907855	0.677303798060257	0.754355436710971
0.445406246331454	0.445938873543294	0.529756721397441	0.53117505791621	0.524599186143676	0.533346204729024	0.781577001317392
0.437944645244872	0.435994260753972	0.518147511318365	0.537330704250824	0.535414718456906	0.546009781702362	0.703470820303004
0.468341768747172	0.472187453768758	0.530592617629408	0.593158696555042	0.550354007710888	0.555710393108165	0.746930027746473
0.42867664368797	0.427456716665896	0.502072634280658	0.485381596200002	0.502209980835931	0.509999830459945	0.724535225650261
0.429241064327102	0.43577640635407	0.512575786255815	0.538832641682914	0.540613669647116	0.541271925484739	0.718324270787577
0.46307720128471	0.461075899552301	0.494514482342433	0.549339382868239	0.533750245533471	0.529805517316426	0.634258991039139
0.481919637809732	0.492320234794438	0.528813938042605	0.618418981342793	0.579973271277077	0.58843652340621	0.746480928291096
0.606075258029592	0.602808154568606	0.490137494346363	0.587095049616374	0.546905406465601	0.552552194874189	0.609806682822738
0.417551995641159	0.406607336335679	0.474928168193899	0.458470467959668	0.460971135727956	0.466542912754279	0.633147899842654
0.581013918907379	0.578954712892925	0.500028507019989	0.637257278363231	0.575653896730861	0.572707289080353	0.656418002612424
0.414143501084436	0.422697144051849	0.477910435687282	0.487974770906118	0.477565365848155	0.505598858511468	0.643291702890566
0.441912784600571	0.449184205437217	0.515888751580069	0.535557585590648	0.534255982174254	0.522850185602465	0.705986902460573
0.67478400527878	0.679931088832204	0.511708961457502	0.614706141013175	0.600111991282472	0.586351326419258	0.653811721256321
0.6561109039995	0.658839261664352	0.504615854035432	0.634820523011752	0.592246097905543	0.58526902718724	0.668553745618161
0.529673051383814	0.546214468575239	0.500519517154233	0.617613571126899	0.564783203086334	0.572107694342578	0.670033301611187
0.57331165127597	0.544841533978743	0.54371610720344	0.686125655973186	0.643992142905598	0.664789652233269	0.799429969319207
0.787903963502199	0.810347725503975	0.559971000646354	0.762314120380146	0.696778019162082	0.695724810534481	0.828625170876173
0.449793461177618	0.442977794654815	0.524139739231519	0.520113416967976	0.523539849619639	0.538428808364832	0.733903555557805
0.510452857340482	0.494996988798181	0.518921463136694	0.603800717624806	0.580023028488393	0.584119701946191	0.6986589294021
0.484869928720997	0.517095867420698	0.503528773018377	0.609835609002629	0.579415029743644	0.575905220389176	0.687306871443844
0.466984282354781	0.462303389562823	0.52167981210517	0.573848861138049	0.550741254336405	0.565962398123837	0.718818024318733
0.433794393459376	0.437317978035103	0.517248159647276	0.504941916661261	0.502044206440851	0.526844247001825	0.71739369093526
0.428635567817394	0.447535509686165	0.521208027881222	0.54515966008578	0.532337731276249	0.540348565415426	0.725677870832963
0.58076297079358	0.582803925242999	0.512158356172863	0.675138719938661	0.626032841522411	0.615810054325838	0.714505398503792
0.431170122078373	0.435173853405711	0.511950430867499	0.509343881407808	0.497059722669485	0.495078357551036	0.741341585817449
0.458529542290129	0.462000004545341	0.548473650060998	0.614111404076253	0.571190275220891	0.571979615065992	0.773963667403359
0.42472210336144	0.428354055315376	0.507880755203466	0.519088448844386	0.51707358493532	0.498198465143986	0.720958259373981
0.498421542964151	0.519319409980426	0.523355002234417	0.625455294995331	0.593694402309786	0.606524729045794	0.730690032010693
0.483852143318485	0.476564868919936	0.531922064530223	0.641750468275271	0.59123250854269	0.589866984223244	0.741351694701638
0.445547073148555	0.438609458492737	0.521954906814614	0.563399561876434	0.522432716318047	0.546996679142163	0.712787454776906
0.435618175241253	0.441746745940664	0.523267825343006	0.519474369855486	0.510783055660491	0.532499299618077	0.772246153515141
0.454176108611076	0.46119953327485	0.528116653435137	0.573086186718982	0.554510413814707	0.57809442311008	0.784830265281858
0.428859724134776	0.434482259785077	0.529728363322433	0.508623903797325	0.504669912508533	0.511114978492901	0.741808191142331
0.395716547099942	0.388589246990457	0.45649735313307	0.445953791489712	0.441163210904523	0.44002589043401	0.572077972305324
0.47019875053208	0.446271658052899	0.49432867334232	0.582175090124112	0.542015825712058	0.556224167869273	0.664993403509579
0.410943983572368	0.408757480663758	0.477573650744621	0.467683769555023	0.472959611287402	0.468213132112508	0.627622780114785
0.985375323668404	0.975174828054576	0.543794922040958	0.825665725485487	0.758610970615662	0.760649673487975	0.760906196104967
0.44873664187788	0.459263190199359	0.537182623845815	0.561257521571228	0.546714903693571	0.550694868887679	0.7278809490636
0.45804098501258	0.461051012635469	0.502155423908181	0.569287308929149	0.541104262200748	0.554435232693618	0.687208989394801
0.852851772872533	0.845012703176278	0.521491644513254	0.760661180844213	0.680580253538241	0.686519927185778	0.677885677392518
0.426802790448566	0.414334298281443	0.489553508074401	0.473815996933882	0.488924481975005	0.489734885438864	0.654808105730106
0.436039297309458	0.431496565120539	0.512811585088432	0.538806707970541	0.534783864162086	0.523646006545217	0.721091965350158
0.442283233900039	0.439380964697872	0.518589315351498	0.529570554955689	0.525977861548377	0.530333351629781	0.745729062223923
0.448947721160314	0.450350077112791	0.484115729174612	0.572556117314612	0.543606230985434	0.561610824894146	0.651445127635128
0.408000883259337	0.41038974633497	0.48790381563546	0.477783386136898	0.488951039522366	0.483688768539676	0.644046146083049
0.439141419764636	0.442574861948793	0.539915886419775	0.547408366303653	0.542371476947473	0.550219314182921	0.792858488752369
0.429930024563243	0.425727428204931	0.521366059639432	0.529505437843847	0.515096054456918	0.502974833178875	0.717209039031407
0.448033139193544	0.437583244036677	0.519611745456812	0.535516492619084	0.525997191660609	0.528900307008377	0.754321565464133
0.419361648879012	0.432251894689298	0.510853737721406	0.540949750091084	0.531344074408968	0.548031834471761	0.679487000968814
0.44451983489427	0.445432044267837	0.538685924677322	0.567611401582867	0.54992174683792	0.556257703402388	0.774997133643708
0.445775116060912	0.42265824747705	0.489047003125434	0.546417728252602	0.533649733301114	0.517684995397549	0.66247779978879
0.425380626125501	0.428316784769372	0.506245677372254	0.516845265794802	0.504215083381534	0.520027766749523	0.71657892265179
0.426339583038686	0.425261818627487	0.527412966729202	0.506742372215611	0.508486005823215	0.51959378199144	0.747952241180338
0.426474715426903	0.425880868365699	0.487479329152933	0.514374574827006	0.495549115055664	0.504118740523479	0.651095017551813
0.435774005464841	0.42394086854689	0.50651220657728	0.517252482376152	0.505732903445961	0.51901645111277	0.693225158320398
0.451503963549666	0.444657495028709	0.518581970707166	0.554085973437878	0.537553288906429	0.544339190893447	0.70374937164312
0.45879266103243	0.456511883571543	0.521784229831642	0.581200258664468	0.549921302428532	0.551764398877656	0.749037126830608
0.555022168939784	0.559174916103021	0.504352862698117	0.607698855614065	0.569705344722094	0.578482169837522	0.675646602032319
0.552691878267549	0.545366188736254	0.534661071830924	0.676636690243607	0.625205434792571	0.617467876630286	0.769447535216384
0.415927535971074	0.418936062501194	0.496683554774989	0.48466769478744	0.495432796171286	0.500544107124315	0.686556436714562
0.523806075300816	0.511659108653538	0.505953360348512	0.61480586473989	0.578582795026179	0.581646950849648	0.713663938139161
0.757475531465904	0.758341161164824	0.494281161585845	0.641620896350142	0.608913533975778	0.617653954168724	0.605560938700549
0.44563638214591	0.443285807763343	0.525516370901438	0.560508572826085	0.562610123626804	0.549816776089371	0.737845472340522
0.804676206998489	0.801238179027264	0.506220750100192	0.701275294788435	0.646349010766778	0.646471053893768	0.660565388853653
0.458861284918338	0.464639893239137	0.545691261693547	0.579232842940179	0.557967462143762	0.551190941938624	0.786815764274198
0.442749945840908	0.423605040830038	0.500027362418052	0.53595351701373	0.522537927297145	0.51764783369106	0.694375087584729
0.477022464446916	0.482885713601223	0.490146027993553	0.557686128863722	0.536061617869153	0.524076098104782	0.640743563801048
0.454558876246878	0.457362013091729	0.513435613578563	0.582348850410674	0.55430036508975	0.558458140857191	0.71932835787673
0.443955487159457	0.445985575765573	0.532172879292018	0.557223747194064	0.541880487977134	0.546902432993927	0.751036291087567
0.415635552923797	0.414902630918382	0.487755974778206	0.487688852594836	0.479098619241161	0.483277388182938	0.653885499443197
0.420888275005691	0.44219361534797	0.490212301563134	0.509780115898286	0.513248024389017	0.511350400383982	0.666414796618617
0.446509704972231	0.444490042923663	0.516573472091169	0.559411657475391	0.522453083486661	0.526172493951866	0.675119354086896
0.4555907431829	0.46644504513242	0.542530599465285	0.581971367594028	0.581557555358282	0.587880589549073	0.819605201846127
0.490566371833808	0.502411380659374	0.514050570100621	0.602398046183407	0.558009112488365	0.5766261128176	0.696882951472926
0.407936701748227	0.39767947401548	0.474067182008483	0.464507824387028	0.469437205146699	0.475173002496205	0.629841232420568
0.548729904695557	0.55052694276267	0.498032448014079	0.625934983244282	0.575111669097816	0.57928047549573	0.675410248981476
0.426505745103509	0.429319639501453	0.525326172509565	0.520322177972247	0.536179350385614	0.526116716155325	0.729970184528452
0.484980269878961	0.520458223356901	0.512351431512498	0.637005504371014	0.586776885620695	0.604325962342759	0.710386391316001
0.836956968635133	0.836651789976914	0.510507687953587	0.748412654884113	0.697089294273643	0.693710522925188	0.714299532440671
0.41619936591885	0.424249996275883	0.501301060016681	0.510757400784622	0.507281538002989	0.50678532844133	0.65858305482685
0.440067616787863	0.449250245817771	0.461414864252231	0.496910550144092	0.473898939213557	0.468837329830785	0.562764245917319
0.454560862103266	0.472468386893549	0.498061809973927	0.555172720484556	0.535444878073977	0.537756959736466	0.665371201906175
0.463196722379426	0.478699204210105	0.516408231745761	0.622305121055851	0.571023591313177	0.584197355381044	0.738462589193438
0.419977843586423	0.404229580780988	0.496752188862752	0.512534187848551	0.506639417534347	0.503700386000018	0.656795610427163
0.418195777163828	0.427517467476829	0.501659109685986	0.501012664634793	0.498526767731249	0.504482012452415	0.648186670811755
0.440122230900107	0.454114645685662	0.517229216323814	0.582131254196682	0.5674742578259	0.557720118172353	0.701799111046727
0.481723051323707	0.488358548333658	0.519998152101014	0.626925688717894	0.584780767488362	0.587943461392119	0.742499581355477
0.467161252002497	0.451364324316526	0.506160283657171	0.610523791431668	0.563095282295159	0.580123476132038	0.716057561029817
0.436757619222109	0.442661343070639	0.536910011753925	0.518708911763703	0.531403175666044	0.525669328451306	0.763613158527079
0.778753382803866	0.778051579042395	0.475745818394456	0.687937062256932	0.635627581458737	0.639547539702999	0.610168466595986
0.437101395745887	0.452160324733041	0.541723922539504	0.545471652210924	0.565135751253957	0.536680516066168	0.760196350038065
0.564752965056075	0.55524918537	0.475952209841256	0.585958738111874	0.54979293588307	0.553156572175011	0.639154964269683
0.531967152724711	0.502944789375772	0.516541675604372	0.637393820540366	0.584277843324773	0.592980545802474	0.691077860871807
0.430676209340668	0.44583185648695	0.511210176579601	0.568846934265447	0.527244219431491	0.529101105128576	0.719569382309073
0.430628520313117	0.43002127364644	0.507521851055095	0.53256451861586	0.528607114918928	0.528862210047999	0.72463983908163
0.839540964930109	0.852472030335302	0.536411893480159	0.771911944575931	0.700123420963498	0.708174542110248	0.717370572156888
0.461338494189099	0.476228461774885	0.525667226476766	0.59690550107557	0.583692177316619	0.5742706895378	0.717222556049366
0.485849736631917	0.494294519899779	0.523695926210484	0.639839302801723	0.585654517897398	0.602737213845326	0.709235695438168
0.61335412772169	0.602286029920997	0.514666065178086	0.655619958028164	0.617178658140192	0.615401879752523	0.72086228855845
0.410041278300832	0.417686923059732	0.496163407741718	0.485078670062064	0.474853049194144	0.484166233887804	0.673767231690897
0.682652222269027	0.681315251316542	0.524603464693397	0.676792190597325	0.615527574660925	0.621233359689886	0.733285602240329
0.781607616887827	0.778302644768353	0.486239761512739	0.690317780326713	0.641476885815649	0.641469156589541	0.610907322393699
0.431687230549362	0.429347954502176	0.480240748702004	0.502165292446185	0.500481519939955	0.516430069091956	0.638259789009985
0.438016189848457	0.431897279128603	0.462373299862274	0.522484859056321	0.508019326954389	0.499574316537188	0.615568626766934
0.42873870846847	0.443812877446434	0.504626239650742	0.540893942421041	0.534709268558618	0.528086561925214	0.670774928366751
0.428878831465955	0.425084327802183	0.514315265753738	0.532577613171471	0.514553596538699	0.532259304901331	0.695553910773952
0.670258488840228	0.66654399881689	0.47334674863298	0.599675673031077	0.566369395848341	0.562224842243275	0.5974300711459
0.416614850027827	0.42749936405821	0.504377161801705	0.512323475765839	0.508153427243584	0.499298623579544	0.678679066870864
0.566762790303178	0.548416207553301	0.492326739585008	0.595504367799983	0.554571266896068	0.563737674455052	0.627778155069905
0.404990134519719	0.387797365655204	0.456177532885691	0.450511484720896	0.447391007607866	0.445334540108704	0.573576247501988
0.432363512701038	0.42763103594447	0.503669472964337	0.523947527079803	0.516365714366626	0.509796708526258	0.70355241355945
0.500576851471217	0.479816123186993	0.526553378522803	0.621530377864526	0.585971779549804	0.582437494505314	0.749557336274885
0.449563689164174	0.442694590017455	0.514482343094707	0.550238093683416	0.551609344468485	0.540825528609101	0.726673869834723
0.43763274123702	0.44847223306016	0.464183702561084	0.535652987221559	0.508302203278853	0.517857639027674	0.595781885500025
0.445070940205972	0.441627093128481	0.525902588793991	0.573328934604221	0.55411373750367	0.54435060959139	0.738768403621687
0.663677841827664	0.672233778872466	0.481722940177665	0.612875394231101	0.569741705311617	0.571195973473025	0.615174250509532
0.468970646426002	0.510450021325069	0.485371422426542	0.618178989827698	0.575738648663938	0.546693018346748	0.66516760445358
0.437042343785623	0.420928877430461	0.509928110931185	0.524125493345348	0.53669006754845	0.531182689583431	0.714054400386026
0.424689062043432	0.428132421843359	0.495315489059789	0.527051179166208	0.530008129234696	0.512532941631853	0.653778488673029
0.426685206434109	0.418331172615116	0.496536097804572	0.50631923011333	0.500988888196981	0.508716464309437	0.694036343298861
0.411967103732677	0.417351855871678	0.493718331742577	0.487926267958011	0.492201394928995	0.481305372813155	0.692412536739762
0.441954985054971	0.444366686189183	0.515556599802364	0.581908702583768	0.540533760633517	0.537783862055399	0.726351026556236
0.66742075153616	0.661068303305055	0.494806803765983	0.609610009447429	0.572389633253858	0.579961793120233	0.62508168619277
0.508376523325202	0.52172326308872	0.511096651585872	0.631574837728228	0.578090739658553	0.583017370796273	0.726010255389357
0.453548853784989	0.455592870346196	0.52924681297568	0.580528816200245	0.567473988128177	0.562632641273075	0.757898281297807
0.425849817057308	0.43459905047594	0.487037270430131	0.55967233178448	0.512167237524552	0.518506339161236	0.636496712956715
0.407499858412018	0.413220516050865	0.482462287319242	0.47173495579352	0.487449749770651	0.489176150523531	0.668660859176944
0.476980393414081	0.479497873666284	0.534864041549699	0.653589396314367	0.617286126941296	0.601600193551851	0.764460679832514
0.448453857769414	0.446780346567401	0.51503920755648	0.552344547682703	0.518386769462711	0.536596282893011	0.706703895907774
0.516479336798452	0.534088956047606	0.501238599896368	0.616844069233882	0.572950334925067	0.565398766073751	0.659477683183736
0.448734119491234	0.433983149923501	0.522114273048267	0.520483172306637	0.529480446660633	0.532531490645849	0.744943400492594
0.582773847915523	0.582750365999628	0.516089108836207	0.6938212764231	0.654643172194337	0.64276395319981	0.731784517528748
0.432678013688884	0.436469383274493	0.506987973202082	0.519140750357723	0.500057859322489	0.524218780365916	0.720478644325162
0.531564986704251	0.512432495841505	0.514820984480002	0.643590782168873	0.604055445323951	0.613239016990577	0.701333593357394
0.507276070165634	0.510172672941174	0.48217842746412	0.607046162959406	0.552194049019059	0.560602024573679	0.62952255191957
0.66644067265638	0.664734817229681	0.495706152521768	0.633427199880259	0.591892756319731	0.600468391835033	0.65089608434239
0.438806063845199	0.435550308068373	0.510895390593028	0.53223765684748	0.524027431519478	0.524776087292538	0.707472104795122
0.600820256902958	0.614334765369406	0.476499287873206	0.635029424209289	0.577101888223451	0.569048296227171	0.595732406381158
0.409558281738501	0.413789886183779	0.499454150988489	0.481587017662929	0.481837395360812	0.48346978035114	0.679499590634634
0.464741910339493	0.441987727135818	0.517733901519958	0.594425820953078	0.558663821675967	0.558357508559688	0.711797227203447
0.460437706374711	0.476643631897698	0.528911902185207	0.602163111983116	0.57883330948887	0.582869007634268	0.756515169555184
0.600337329363734	0.611768026399818	0.541741193635022	0.726593314781415	0.643952862514495	0.667105725194198	0.769590734910334
0.405178624729432	0.4017053372655	0.465561812440517	0.491583491662535	0.4885306265863	0.48626548923848	0.609630799752575
0.433143058603178	0.419879820477062	0.505685996439444	0.520080815346835	0.514774072021654	0.509253340202567	0.742257525485353
0.461765803997432	0.446596080381766	0.518025584126391	0.569970185850286	0.545934111867397	0.553555928429482	0.738241969847802
0.704587126600152	0.726765390240681	0.509661981748503	0.717186483491071	0.645057810284672	0.655211972092176	0.718695507205155
0.429700467408568	0.426449436759408	0.508204049899751	0.519860671742962	0.508781625225941	0.510740026332733	0.7100016112662
0.447045928384156	0.460254605527979	0.540263102758616	0.574662102020591	0.559913768258178	0.565148333037203	0.781898918478132
0.450351181322753	0.447256190760531	0.497748606085429	0.594725369568767	0.557535913597816	0.550657368500578	0.679465173247573
0.402318178110093	0.408129506643406	0.461731126970883	0.466442002319202	0.471147746873908	0.459362318220482	0.617497087873204
0.95451710875228	0.941041233878285	0.522912226679552	0.805116181615107	0.759802035288111	0.73766805811572	0.686598953137477
0.549256312969815	0.476261004846125	0.529215328358411	0.656268693936069	0.602589397905367	0.604291305523995	0.731147187230433
0.435193208099389	0.443238413053838	0.524100469290867	0.559363945629445	0.550095495938031	0.549959870903265	0.716134197035801
0.413092545358303	0.3973550541673	0.489772790947201	0.469542546705961	0.481812625782549	0.48778676896793	0.643326243225356
0.436154932131247	0.427252474111601	0.512640236085737	0.508438459011672	0.51204047320935	0.508315944802297	0.719663198492825
0.470868782528392	0.455682682580862	0.522145510189261	0.622696645233308	0.578466067500474	0.576329107572793	0.726555343998486
0.539655127692438	0.541495101119866	0.52362334550344	0.594833008806899	0.577031883217281	0.592490862405386	0.724955729915855
0.580087016154489	0.526277027574189	0.488817537530133	0.61963504882698	0.591666078160931	0.580351159727911	0.641089951720261
0.427503368583098	0.438567948448735	0.524612045189701	0.510070824462486	0.513989178898034	0.516002384986775	0.74292273865739
0.420605750931258	0.429356393738216	0.497255182123616	0.537715073066101	0.523850108206408	0.523862150981718	0.684499955080443
0.478297434981071	0.475711511553484	0.538143360187642	0.607760450615017	0.576096173514002	0.571278806260938	0.766902939696666
0.552801924092373	0.52716515561824	0.502409718572425	0.643584716015209	0.592705478394969	0.575846034712669	0.661126487681799
0.476064931186881	0.478090624819147	0.548144737438159	0.635578850464602	0.596721053420107	0.601557262349384	0.81285912543364
0.413362395103374	0.403192375861564	0.475236901509859	0.445925721482435	0.460514382353721	0.452801256596642	0.611172908087207
0.533324098347401	0.541809362214213	0.530820853929525	0.64537940657163	0.594077740905399	0.594274187344827	0.74518916753127
0.441643575224243	0.426567709046802	0.535555598063393	0.503718960902123	0.527059731320967	0.516106087300747	0.749309338427521
0.506058619330674	0.49338016123246	0.48300667208637	0.560442131867386	0.541090984894908	0.523000939995618	0.625989198517254
0.49843874019075	0.494519830357302	0.527529876018745	0.645470846642132	0.596349191884771	0.604214468539176	0.736655533347351
0.462730516787208	0.46823156044531	0.52487759746901	0.60240903343546	0.57033095432874	0.58206790229345	0.715273985015167
0.500733081976945	0.492258988720073	0.522537055368938	0.630209156302953	0.578387484379461	0.586897251492145	0.718312587222621
0.467546442988728	0.478640873421562	0.538058847945213	0.589531709555375	0.563375805554189	0.564663236266656	0.765657530564686
0.403687455481733	0.415231661612501	0.487623090144275	0.467613166228732	0.490838624903107	0.473036271821974	0.646071805455118
0.635522753690982	0.637000516508782	0.535617012319137	0.655174565414594	0.619509953456148	0.611562001104719	0.733071719380038
0.445119888580947	0.439207612165523	0.520436914988119	0.56456067485533	0.54080525577109	0.547956440820919	0.726011585880887
0.43303670240932	0.420474343615986	0.500228181736733	0.516699446244602	0.518609921472739	0.512815713369871	0.663633834042665
0.422852385022059	0.428919076643499	0.512717299199212	0.507722797806544	0.52000579865714	0.507418456578688	0.71866686541676
0.51356414616132	0.528775765115246	0.463396475707232	0.536826304681744	0.511263187764884	0.506022693293917	0.579500542017552
0.452054816867652	0.440005616796246	0.510484334814704	0.557554179366104	0.544073807221707	0.534696131811326	0.698074048613492
0.471670690307381	0.48278309478233	0.540891769692138	0.616964598768292	0.577932312737579	0.570258225234956	0.779698748209558
0.430291501799638	0.418684607971118	0.518233899457195	0.523669205837636	0.503568696054762	0.519188328761539	0.699323740039517
0.496775993033857	0.488001710905486	0.490936140497925	0.563573814410646	0.541117669918529	0.54374692651013	0.667565565368171
0.675251626825781	0.675571878592512	0.507135324265588	0.657915622808403	0.624806373046193	0.612798632593859	0.705170171822148
0.440864012509569	0.435093116657283	0.514078148408404	0.554501924195601	0.556755726139084	0.547195821274142	0.732480670263044
0.427595755380524	0.42398575775377	0.506151540060379	0.521455051051111	0.51339462317214	0.516920336275266	0.713979458872622
0.458190099820938	0.450246248487664	0.530750706392698	0.584158617499023	0.557121340228069	0.57146432726957	0.770291741100805
0.636565819662428	0.631789459078119	0.509039434159758	0.638469565147861	0.611163854888933	0.583593631585577	0.683600785669093
0.48585254301446	0.49862057292989	0.509543587413086	0.570336355866129	0.540298304737143	0.568307883746108	0.691712139428581
0.492319177028573	0.472276171357336	0.536247526107599	0.64326918919222	0.602819915138654	0.597529666413389	0.773921786039367
0.403675900442693	0.425190302466122	0.486594783263107	0.504410300560668	0.488721506908893	0.492682716067046	0.623261812376997
0.469219170395343	0.467045997803989	0.541054547526635	0.609823117636997	0.568286415582322	0.577599724950674	0.770278812364104
0.693013507365181	0.68494533069526	0.526363816771724	0.702602175099223	0.636450937338317	0.633724069406264	0.759908528912867
0.636608108818038	0.652237226258768	0.529625059489094	0.71552109958121	0.623613570877403	0.63838481310467	0.715958158913754
0.448817380188963	0.437060292547004	0.516249562914893	0.564556919154041	0.547561922101952	0.54554305988615	0.737278179401639
0.452013380963411	0.45857249286045	0.531594602992662	0.56060000387869	0.547838497139064	0.551035151266696	0.754822414965101
0.603996729963905	0.54123104414233	0.550615359600233	0.713962909678922	0.666926622803608	0.643636572706574	0.787130944333559
0.42062800725626	0.428276270808346	0.519687997537176	0.528105707447732	0.510357882570122	0.506152873629082	0.683114981663558
0.423743070867509	0.429274538546481	0.539544262903398	0.518415770165922	0.511536366992453	0.528938259532616	0.754317395040163
0.427841640365887	0.429778200509773	0.506865727098392	0.505245417639889	0.505532951380072	0.50606028195332	0.715520500786694
0.402105501655552	0.40422624059929	0.470241204250582	0.484193747746704	0.485347045020865	0.474733504815816	0.636336377299176
0.466148655429007	0.465766787714943	0.555910316840291	0.622221129776516	0.587272464895001	0.584053888098984	0.839385322224758
0.416485929257478	0.420803629433324	0.505876699899454	0.483166542557594	0.487835548334386	0.499478651197987	0.70494586748496
0.445925978592735	0.436786004775888	0.536564166728173	0.595885282029361	0.552885284868134	0.570429562021064	0.770345143281665
0.437756612551484	0.43507491415845	0.51893879528347	0.512672747236504	0.513711593155004	0.514032131660294	0.753571181773932
0.41953185797694	0.414535971423574	0.48512839120633	0.464196607592012	0.476696226191818	0.477327760269199	0.676929794034217
1.05745979035038	1.03523273036513	0.578068581109794	0.897005112712278	0.846745950722255	0.823536399241258	0.851472940540735
0.425830101742595	0.443444744920716	0.522734241760613	0.507863644101981	0.507565375317042	0.519269336873079	0.753461124861177
0.430089711034275	0.428901600247579	0.507285571385201	0.539475264281355	0.527747956466859	0.515980778441268	0.704335048813545
0.415139797933482	0.429946342295861	0.498882894091219	0.493785909905851	0.494213766428994	0.489441659433336	0.673187456894859
0.432785505483925	0.441333401721653	0.50366316571942	0.538854219170426	0.524750941298533	0.528699510556973	0.685299637893347
0.421309472143303	0.428050261380216	0.511974982895082	0.497750209494307	0.494645027711631	0.491125312970177	0.719368044075712
0.42782237630287	0.425389363719262	0.513425039044552	0.532834856193639	0.529129475715621	0.509662175495279	0.734814693801173
0.428433834702992	0.411214209468965	0.496582268848598	0.502819969545406	0.496877808528047	0.499460959576283	0.707188306183519
0.412278953890128	0.410410006840257	0.490127348370689	0.470785731520559	0.472530751525639	0.484472983171825	0.670911781615605
0.434894848654851	0.418148840784666	0.519257383499732	0.522518209210895	0.532403744661488	0.530786268264238	0.728774695972467
0.465109444613703	0.479021859725471	0.538524889226724	0.640524597336623	0.616179737275059	0.613474521653182	0.799322593437142
0.54256370325013	0.524050394594948	0.485017146252886	0.567361137335165	0.550129463247904	0.540354794674226	0.629907185574119
0.428056735493934	0.42658994352894	0.498301767620497	0.530906294157985	0.513361397528625	0.521800562937025	0.662223450881506
0.420201468767513	0.42050477783327	0.490228732637086	0.533280207566194	0.517593297740546	0.527644036051951	0.648871747098525
0.428922407131606	0.430800670252226	0.501235184113378	0.540761006696146	0.535699492242597	0.528641423495951	0.673645079599903
0.435434648380317	0.442487049924108	0.523480406916458	0.51993918575729	0.528103478591157	0.512412285238488	0.765465873151338
0.433953629851927	0.425524295196036	0.511428829325513	0.5358621647944	0.531438303969293	0.534064977620469	0.72358508774627
0.443646020021407	0.440701466598367	0.501516219755278	0.599288407442252	0.55132963902799	0.552333402472983	0.670959288144541
0.53790542558516	0.550894294588616	0.554753876393234	0.723048791012042	0.65373718149509	0.655681879191409	0.809314966978292
0.495165372501137	0.520511806282584	0.55354940556922	0.688620782519406	0.631239970186416	0.635871921278186	0.84711723153331
0.445032583206065	0.447598272034909	0.529148037293199	0.564286660593801	0.56007396355708	0.546586049739238	0.722484174737308
0.63362577125775	0.631880522649191	0.447529496570714	0.584134897313009	0.540585948622149	0.539875868178985	0.540187102533518
0.411643571794619	0.414030193576301	0.483068650456137	0.490943587618972	0.485141744268799	0.490429296944445	0.652915701938975
0.524268586138521	0.526156916268796	0.523779212742681	0.615504336156381	0.572363896783946	0.579161263344857	0.689725250728972
0.418885921796116	0.408931784471642	0.491215983314497	0.478712600314039	0.481660322454537	0.485165648437615	0.651974479596609
0.416735136901123	0.408400516091038	0.484335588614564	0.505793691498228	0.485078115621319	0.493295266283826	0.660816965204631
0.458349476971039	0.470045597828591	0.507378345421834	0.60916321516829	0.599693467039699	0.572777075477039	0.714462302225161
0.424626490270382	0.413349255700177	0.497250912576697	0.503993440072679	0.512839445026152	0.511847201900277	0.699005268218238
0.435018477403753	0.424568118635081	0.506075462518246	0.494199613771113	0.492735588836024	0.511997585801845	0.709888566204788
0.42492071606653	0.433171996358416	0.490191811342684	0.541469958901947	0.508336549427506	0.531545907194177	0.659077927385118
0.436398659141793	0.422476673555039	0.4895853676701	0.564220662187892	0.519321821731115	0.536459800602751	0.668780108692939
0.430230088631466	0.430419803980727	0.518285119078428	0.532547319167872	0.525961011694909	0.526963230084688	0.719152039938887
0.445743895642056	0.436640963372251	0.483189126374369	0.533335618799239	0.529189751371674	0.532123923988173	0.648241443765841
0.411893069655189	0.404957193219696	0.486012915808074	0.492092712375618	0.491482912797271	0.485705928310145	0.63950086048646
0.426578330423307	0.428473225414793	0.501184852005665	0.509670317619826	0.501628750811551	0.498182127771228	0.705525275133354
0.430074479318063	0.419871776981987	0.511187958276155	0.498560565136495	0.49939076772157	0.487809321662206	0.714235102293456
0.444737513107627	0.44969881819057	0.501266740506207	0.585535282870875	0.563825723986802	0.559105538352653	0.689467181862519
0.536304003736973	0.552136896011214	0.492245260387366	0.581009394755286	0.555034410448342	0.562715808892918	0.644312277681654
0.449674809567081	0.452099018332629	0.506443571143746	0.553535787724339	0.544319084619869	0.544565167193836	0.70471588062325
0.418939357536259	0.399020282388467	0.488679854162145	0.49581598651179	0.493402338023599	0.477014644039129	0.664637229445696
0.426768465055047	0.424420658303973	0.488014664747082	0.528200673630493	0.528722161078125	0.533316018003521	0.662780190112567
0.469358399891362	0.466623483007744	0.507907579375863	0.599844121608028	0.5814336914714	0.578906714275411	0.662311040955841
0.419356985243374	0.413627549770601	0.471550124578218	0.501299365402579	0.502676323267004	0.497975946327762	0.618163448256378
0.422029085844792	0.421456823405285	0.503538209575337	0.493586375678718	0.492883363114185	0.500130682276559	0.689553096723252
0.430765498387495	0.432255727366555	0.519792905993734	0.53666462707092	0.522864024768562	0.53916515288013	0.702409288893951
0.426987354875339	0.426328678172975	0.520684771290841	0.547866499745026	0.530533211408772	0.532911563009075	0.693446891182034
0.431608928482903	0.41543070300598	0.499471068136011	0.497225198306709	0.494460765798625	0.498562472622752	0.669798728123242
0.506815706289407	0.490374612689724	0.516409911257416	0.614334917767283	0.581380912473211	0.581231642420035	0.688503218410376
0.457557481048483	0.455100545738945	0.456879232792499	0.527426834722407	0.502561856041939	0.498238364699812	0.586974872161975
0.533664339760802	0.5576470704315	0.478149371927451	0.609092377948379	0.554403750175819	0.570490458292486	0.629613405244394
0.495300370789824	0.469016410604136	0.467955392785666	0.554339456752292	0.536173642749563	0.536365090819724	0.596862676697339
0.83363044638231	0.833731511133447	0.554339905611774	0.81438317065226	0.720823622030317	0.719227333831387	0.786871177968483
0.425604426831743	0.409616237567384	0.498676935338605	0.487968547230321	0.48347511492367	0.484139255743604	0.674442119985701
0.414980552945862	0.421648666536745	0.469889636298152	0.503114490547056	0.494010034455407	0.495153091994884	0.595574155298916
0.658662441428127	0.682024224625388	0.536830069324337	0.680244081015954	0.637104233690238	0.648001655260267	0.781289238596539
0.766180319191482	0.758935602659568	0.518613895817646	0.686315035464248	0.65323802545052	0.641504200178804	0.712078114990521
0.42841113514204	0.446596821666755	0.505635172859205	0.546906776097817	0.535431539172281	0.532225745850088	0.707486254384036
0.431101906544391	0.431267072916886	0.520951978976611	0.509115782131715	0.522367636708733	0.515803879987027	0.745576343617243
0.439617315629387	0.436701025072358	0.518195116259838	0.554381646924687	0.525769287067769	0.547606058054943	0.708556432671471
0.430598603936888	0.436451518217925	0.51589346456889	0.538145250328458	0.511826476345557	0.542423542014116	0.723721942783938
0.76366210216971	0.732009288157189	0.536996570982073	0.766698218755231	0.675617613742729	0.683267026459591	0.763095912453033
0.516495419377558	0.50138260180459	0.506791493391037	0.604550818711358	0.557449456558806	0.560302752674323	0.698906600543212
0.421728633626646	0.41950680230063	0.475245080989292	0.507080967949248	0.497025662681961	0.498790095087717	0.631950635932905
0.417115785812917	0.432006596683583	0.512936519502379	0.525912945663392	0.512246871241154	0.514823619388808	0.702369722198662
0.444939885111775	0.45488638511079	0.505817628282836	0.604095454908161	0.5520526150791	0.565027254422016	0.684877195654452
0.742734322980017	0.744290530949474	0.534954198277056	0.721096315567491	0.6554714144929	0.665519352054	0.760912672315705
0.659318807019365	0.642806764044888	0.503300463292739	0.634093779021316	0.580571377198175	0.592760453966052	0.665112758800957
0.786354486807467	0.772936231203951	0.505917676231238	0.705058437275162	0.645861451012897	0.65036766179472	0.683151654293878
0.410682928047455	0.412318856601261	0.458768687719368	0.463813379565712	0.483121659937837	0.470838195217336	0.598790223847597
0.531818382844444	0.530069712561407	0.512630073451686	0.624613130685772	0.560332736230843	0.573337057531067	0.687416594089466
0.566525654062975	0.573478039876974	0.517247460837023	0.619096978099819	0.587698729417407	0.571194575326396	0.711984009224908
0.439568977145143	0.431507341784645	0.512100869728585	0.513955407337378	0.531089300379322	0.52399278918827	0.692018008467124
0.524109090434508	0.524001305684681	0.53261673449641	0.59302817892914	0.587171300477428	0.580466744687928	0.71973719580596
0.459807319605204	0.44775027607459	0.527108016896296	0.579568507996795	0.556173379397835	0.559508380587682	0.753929475868458
0.519171066452158	0.522236245122851	0.520174698407511	0.624915423282345	0.57316672460604	0.586070561190429	0.707333218053891
0.433816409091672	0.43972603521156	0.532924495056562	0.56388717047467	0.527381233310777	0.537441316682689	0.734801590609152
0.425490466346783	0.42024667183715	0.500063537280052	0.510780405947764	0.517000857497345	0.53986677741136	0.694079453233809
0.412144221233235	0.402815714523358	0.482167157461636	0.498765661532017	0.498580362917648	0.485299552328798	0.641150240689207
0.411885076414462	0.406833344532096	0.483843190573608	0.4913950716522	0.487435148103767	0.489200331638553	0.631892010329901
0.939920583109916	0.93303513186764	0.52802160784635	0.786337815725645	0.743074866968262	0.73869123653395	0.708935286879303
0.433030131786905	0.435539518317312	0.528337517980144	0.534426939960531	0.528381811979047	0.53054486399614	0.739502616509895
0.452112897075593	0.439019034091213	0.528600346657992	0.551945738665148	0.536936996949532	0.532088254566053	0.750001689732016
0.709599705276832	0.700378452811597	0.507760565437257	0.692533260212122	0.639616138085139	0.620488424203091	0.671872866205926
0.428585985397045	0.426145641135614	0.497007305739686	0.515931235025112	0.508217472672275	0.502612305313993	0.692370961773557
0.399704048068708	0.393574678995584	0.469276320126717	0.474021084672978	0.470802040584554	0.465733742085234	0.597235941388744
0.435698403768726	0.453634577003829	0.48938026870072	0.539436622253531	0.54968307627297	0.535200866684436	0.686766922322787
0.416063227264465	0.411562912077881	0.487020456923239	0.495591749519422	0.497658765850758	0.500015622394566	0.644701304477619
0.414313334806479	0.415479718203298	0.486053799834702	0.476144216980144	0.486656855468163	0.488708074096969	0.633016258711772
0.673840513735486	0.675158751661749	0.550206859733534	0.720042003394836	0.655772227620095	0.669590971101921	0.831080395701469
0.433756485271567	0.439604469259668	0.523795693379955	0.588145061285728	0.550255985343276	0.547465116562583	0.698725041348103
0.631254319435723	0.653158425479594	0.539989840083887	0.67329676412283	0.646150201906984	0.627598939544411	0.761908613347866
0.428272657433189	0.423129040305692	0.464125252434733	0.550476673054373	0.517584365002927	0.49957226259518	0.592955718561123
0.439256472964855	0.436976376690525	0.527943882595955	0.506647562150397	0.515587404889949	0.499827522840797	0.746691608608406
0.435514211341649	0.448470748699564	0.542564405613161	0.569791176413669	0.538281757273076	0.548088209169556	0.746019023845561
0.431341738548092	0.435307008294016	0.526175425092905	0.511440980250695	0.504975160957527	0.515463945667993	0.723888493924119
0.437607045699414	0.449900591086366	0.513427779310448	0.545111945070395	0.536767103158821	0.537598356167576	0.724578612752781
0.42322447053608	0.414561181414106	0.464296444925614	0.510872341842421	0.488962483381461	0.493912322565382	0.61859136837985
0.526002998130864	0.506066688953518	0.543389273342086	0.686000967040088	0.63245628126997	0.631513723379681	0.788160962112112
0.442451575487932	0.447791959802775	0.529266569288293	0.531449430563257	0.537431526360602	0.532474675256443	0.791759616248499
0.429934493813701	0.437753089761991	0.519308466972761	0.528478122493444	0.519178566782527	0.508972340306512	0.72072508251635
0.509555045233044	0.53480524929423	0.505909644846873	0.584791851214941	0.551522139087921	0.555166878364678	0.655493967958886
0.426736104589044	0.429483955208454	0.505020775233547	0.497231412335988	0.507277753113673	0.503633967311568	0.721311871749502
0.463489672191325	0.464360307681437	0.554406170653931	0.609674472140213	0.579329032911056	0.590645655032234	0.794320231090682
0.428079812542271	0.435153004539649	0.516893680312463	0.55969814318322	0.527685764113508	0.534884255858737	0.735416664030767
0.434981059718253	0.437190983372531	0.503886882483102	0.534397230413524	0.527048219516861	0.530071996431711	0.707805109471094
0.495684016380959	0.497080832678757	0.539159898453676	0.64017396128556	0.592326705367728	0.596555052123752	0.774449040463035
0.667895930992112	0.65629099136849	0.510733412866362	0.677162566292159	0.614076273792317	0.618504788016277	0.69400439089119
0.455782992688001	0.461300251914412	0.514345148461717	0.583267094617772	0.554557193300568	0.563526987875206	0.697378768788308
0.767332506170201	0.759445473877746	0.529549410289647	0.709017405155621	0.649602542106349	0.665304205348335	0.721357136240226
0.418759095245646	0.422830541256105	0.488633236387093	0.480462057142939	0.487803254090737	0.48386719699904	0.668483646967724
0.422152778132925	0.444431495022019	0.499648341579948	0.533332800562706	0.5247074880526	0.520829552181193	0.688530143848578
0.418667252491547	0.404469441754364	0.477480051356449	0.459457521091804	0.466015701093444	0.474005695986772	0.637867000857873
0.449150390888102	0.440769303145375	0.544438165726631	0.547949884392536	0.523968897865207	0.538907346557779	0.801877600475279
0.428175770914436	0.434119788562981	0.50110184233172	0.572151844745734	0.55275011563772	0.552803170459681	0.67746103910796
0.453423024260561	0.446620689597921	0.512265820572518	0.565121225096239	0.552485105607653	0.547718545342395	0.736520503528743
0.424608214738176	0.427293863419794	0.482152368181874	0.509986908963937	0.512098189824563	0.509107601411733	0.633707362741573
0.427889327690748	0.432660329599903	0.492634011858188	0.503711811686406	0.503730317262796	0.515416070386353	0.652704117749987
0.454173828646639	0.439963318707203	0.526027234600278	0.55975632466797	0.537865221302393	0.541712895966807	0.735688864075376
0.389259691584633	0.390801716149284	0.477691496645505	0.451917893449358	0.458594808693342	0.468228122825803	0.608722474556738
0.437985966560045	0.446432085250858	0.527596887667638	0.551939331491558	0.531459040635732	0.541124981220125	0.751504287866194
0.429802257363797	0.43019717229964	0.513023605245533	0.545707823140721	0.520264797038648	0.537199901151209	0.709519421543352
0.434813357288199	0.42167362137263	0.487049533025231	0.524916142306693	0.517785477564064	0.514990061784573	0.671234900617551
0.58139255722429	0.577519608645405	0.49543648981437	0.607401525562181	0.560701985305486	0.573295475785336	0.657526413745702
0.438078876657724	0.44857964437983	0.529811228205467	0.540503519399357	0.550854714713621	0.535456222331544	0.753079681123936
0.539740963498917	0.542402393367285	0.516271285586958	0.658050390202326	0.598260204418554	0.608187615969092	0.705942890074615
0.415739689860802	0.404731321789291	0.485420327872654	0.485576721214807	0.492754604756055	0.491059394921558	0.628346730285065
0.451648353113755	0.433938048383965	0.544565274417988	0.523359411138084	0.524822271747043	0.517400045985356	0.788918543323782
0.437495292622406	0.431860627225305	0.516860295826258	0.544676800626828	0.514511233349802	0.540595441465148	0.712555258180749
0.431102967363707	0.417378540359337	0.505102154549007	0.515189367503065	0.51206652332603	0.518145571821442	0.722869142221882
0.400683982368585	0.406146636967068	0.454752081132736	0.487525525508134	0.481653688235197	0.489443626880262	0.580595269504827
0.449167170833212	0.442170613265629	0.535827645023002	0.562887462137269	0.546064315160942	0.547921688897985	0.76882980858922
0.421630427399892	0.424889685546893	0.496392197290565	0.491855762162506	0.504874661026843	0.509873112198117	0.686208654457128
0.437911044294676	0.430080683620888	0.522116966597579	0.522738364534944	0.519481470382453	0.518235539113853	0.718986018395726
0.723496024068171	0.730821560192211	0.522092537789305	0.688970242174509	0.649403159941615	0.652467270355582	0.736718675401034
0.446175912988433	0.448968419142995	0.525699212092796	0.549575822146888	0.552805600870861	0.54084944214004	0.776948680512687
0.415909570461235	0.431294704218196	0.50757003603364	0.496184491877843	0.499583766132637	0.492966249196987	0.71625337279247
0.446858081441057	0.43682522922929	0.510145734301302	0.523716536988216	0.529882550872204	0.52028548906321	0.706182908712009
0.450052636956071	0.445947016797918	0.521578671861462	0.529461036919462	0.527039663593547	0.534205404640404	0.744903721394135
0.4078732559929	0.399965172696267	0.493083125108825	0.473890738098359	0.475487129654396	0.471759496246125	0.66728042004816
0.427657670265244	0.429364966921744	0.471448004700374	0.535381375203763	0.499695766585458	0.50159089841086	0.61476714797357
0.46820336541656	0.472806916056184	0.533682567274674	0.611310024199877	0.598937530419031	0.571251677245622	0.79695163418263
0.469932381557072	0.459462009607133	0.488471067699506	0.563706851658945	0.533696911981503	0.518664976892818	0.644914787304397
0.433538492797536	0.425679855236671	0.507254291446906	0.510190242338274	0.515774617731069	0.508680648364369	0.690057973258831
0.576324035428342	0.584057729369297	0.49180777268734	0.632529066511859	0.615632097546584	0.598025041021049	0.683504105208055
0.443343506071118	0.451739673586934	0.508628725330428	0.592783556631271	0.574567520340665	0.5572474000699	0.740101262332429
0.459354120041264	0.453805200737134	0.540673895347225	0.610369903411592	0.563272039175738	0.582997021475448	0.811673705647637
0.417356576922182	0.421121749724769	0.48921060874917	0.505868984112662	0.495542171278634	0.494615554396172	0.62815920511156
0.427392969153394	0.4238873709586	0.476936966105535	0.520795350273579	0.504077139394299	0.502287681165277	0.64341737209177
0.374801496411894	0.38592485969418	0.447890925546208	0.434549518809043	0.43748500350722	0.4435022491736	0.56691300758569
0.462519042600593	0.442754114731172	0.549800418585826	0.602200724712549	0.567802531205587	0.572344157022019	0.777658282349703
0.435601607931525	0.443357016201549	0.518358133829914	0.591135357963479	0.535547073649373	0.541420083653691	0.672623872492091
0.437089943554397	0.421255369389497	0.514626579050436	0.513288560860673	0.512008955217676	0.518857025084219	0.694370070908978
0.453397864287387	0.46625985487866	0.519520583683226	0.580756936223592	0.575378617274827	0.555990369883933	0.732262745767265
0.602183397726689	0.61709539408285	0.501467064039121	0.607392415017756	0.576410393739319	0.582382490015869	0.672403916239326
0.386932665578475	0.383445534823737	0.448993278123426	0.456818511453107	0.441054255460968	0.447486809316261	0.566978813198993
0.490251703870653	0.474436815385213	0.553409367248998	0.616542895627118	0.596956041234855	0.577396416720414	0.833125122987745
0.430978029503024	0.425404856657358	0.510714227153315	0.518765487203274	0.525674369176207	0.51571528378555	0.716440632631964
0.441298978703227	0.424758460204802	0.525292189002772	0.517440945396044	0.526273555837744	0.534185230256609	0.756970944341884
0.448194199636967	0.439816429541741	0.497087893058094	0.581635782589752	0.538620566257424	0.545362775395932	0.647853582703779
0.525480965592673	0.516835700864865	0.545859816554131	0.665449923095221	0.612222898917163	0.610046850144974	0.772080047443975
0.514605319375266	0.514042293316143	0.536934668488486	0.67593950701057	0.604879945961283	0.62080491286138	0.730258670404706
0.427582729329494	0.429317138960319	0.509636212004342	0.501467050383062	0.510809565086336	0.500603339544256	0.698021171867884
0.464101719408402	0.478162314512353	0.531391169281006	0.626952027319581	0.589107090564537	0.570008415115761	0.759921420988416
0.43615757008618	0.437419937169094	0.50901689698879	0.496911134742425	0.50568837832329	0.510981893929469	0.727772136271818
0.41162932842638	0.416181425361648	0.489851257469869	0.5011755883765	0.493125619043565	0.484644161438183	0.629903673313643
0.416956778696561	0.413705925922696	0.508788713670386	0.48060572963815	0.476373215570702	0.490126258873471	0.664330916207696
0.436118889934129	0.42866215171412	0.509930785874786	0.52435384633316	0.516883928162204	0.520851826468231	0.709112814787181
0.387379722964233	0.38528401099811	0.434369432320284	0.453772056892441	0.441267921891588	0.450370550373618	0.545430075544985
0.426069615350811	0.419502380391899	0.511824644221717	0.521151656599908	0.490556377161787	0.50802471345823	0.700813734688189
0.47013581549962	0.484070865289469	0.544704774700107	0.600708567695143	0.573056250513162	0.574448719652393	0.801235587535446
0.638195697169507	0.622136506419201	0.512540538194407	0.643469348648966	0.590451403932939	0.593890416341032	0.664711674565194
0.455760262248964	0.51254890041663	0.548543783100306	0.660837183333136	0.61850741704951	0.597535313583449	0.769752689517045
0.457611215995665	0.449547233231524	0.535827388743299	0.596824718065959	0.581240902047368	0.602351036719348	0.760978267065179
0.462515598355984	0.457606067933238	0.543342331521953	0.612368181040345	0.575018403931528	0.574688929308866	0.769514197389502
0.422241672869942	0.430443328362984	0.500654796154131	0.507636874341793	0.504941084398715	0.516614435727353	0.70114135653063
0.446090888507264	0.444755305203431	0.527980270051415	0.548002994250244	0.545934515378363	0.547015612203624	0.765778006561638
0.56569029563366	0.545190244417142	0.499165919761383	0.586226849403719	0.559026635143396	0.566412453019344	0.651642049518772
0.41714016435069	0.416304164519088	0.49534912930387	0.490899464365266	0.506547076355072	0.494552531489329	0.685247397240712
0.501015087393403	0.505350592194193	0.528331934126844	0.637891628614334	0.591195506785356	0.591330537519122	0.752443685116532
0.659989059498697	0.681062855948764	0.519989685761614	0.698430031243482	0.633867282892257	0.63644877069278	0.676231484766363
0.462454140032555	0.4836028297284	0.506696068456886	0.611194977929129	0.594359816884307	0.570752239152782	0.699169696499127
0.441591376666889	0.439836445502425	0.518595283671558	0.53847127354237	0.52973393134443	0.532058666701684	0.742194369782072
0.435555537904498	0.44823321584958	0.522941571426865	0.555208561057401	0.537036344923972	0.538983694533426	0.737244387513081
0.449965922727863	0.444394402831625	0.524377766044964	0.514712916132221	0.527999496729831	0.531945263731628	0.790306659482229
0.448457779847473	0.442152689878448	0.515735268552515	0.559627845046816	0.557225505411851	0.567839122701066	0.744062172588971
0.426812533888995	0.432227626076821	0.516440923408659	0.520647602025153	0.527052306309899	0.538692457181573	0.719334886112255
0.431985193407239	0.427947834483376	0.503862757241994	0.522038067260627	0.527765507890528	0.510876454172852	0.713727992738451
0.44199051432302	0.442496601271208	0.535525177973037	0.543665120217694	0.547172067996722	0.551549221103989	0.785732112265406
0.441379783075103	0.438028990507514	0.526618796542343	0.582276552138422	0.5823089260087	0.55422636650564	0.742491923369903
0.626967481188884	0.639774852986084	0.50856754857265	0.664368486436688	0.612407556095457	0.621556556890199	0.693744910428988
0.446610920173216	0.450706460921567	0.52480695594118	0.561868795806041	0.560796048311251	0.545882652112716	0.768974132715202
0.516810538746559	0.53271661728161	0.546777025656889	0.713590575575199	0.644240175140619	0.636962988026572	0.802205304686906
0.462808062208673	0.466572755310191	0.490192483871677	0.5788051507839	0.554683619105802	0.559310668218219	0.671070613276527
0.433200998309542	0.428901548868865	0.507472422864733	0.507115478569322	0.517606599879529	0.512140750362411	0.695233518607695
0.406652550674776	0.405224176914021	0.475757445214136	0.48385522168795	0.464470193361889	0.471775871978926	0.608649146276584
0.47760062869672	0.492741627564269	0.558232946655016	0.661091235347299	0.605227340889468	0.614782476427709	0.821503241392464
0.532514047420816	0.523575852645614	0.532825289706082	0.647465692307592	0.600349552164838	0.613962671823541	0.737806202488066
0.528046979944383	0.51276444334184	0.541328847279799	0.644107476757	0.610033707487101	0.603514911702302	0.773322826767682
0.485489642106666	0.493849845669818	0.505645090036485	0.573721309092493	0.565499334980936	0.551945507144165	0.682819983728539
0.445579161090648	0.443034293444907	0.516560658750749	0.54999713676221	0.538407127754129	0.566014520676398	0.714231371146237
0.434650999887123	0.433395848449094	0.523754387017288	0.503205511050539	0.518235591690583	0.520275198896505	0.725243453016252
0.425275986853543	0.429818598177297	0.499511347176054	0.515611146795339	0.51458238488635	0.514635979214432	0.68759653205511
0.796919980418238	0.800744442036524	0.469262820971872	0.663014564648968	0.630511722217142	0.622298441214762	0.587662244623987
0.410552518587683	0.415091343965289	0.507075644430031	0.473846270054485	0.483394397409017	0.486820037668118	0.672426437758692
0.45055400300228	0.445885408155958	0.528484261959415	0.593214960152056	0.568532465814407	0.573487507514486	0.712135634360478
0.462845011031297	0.449682578902314	0.537174962728632	0.606697736057451	0.580789527958639	0.591229726016211	0.817464080798978
0.592879899530887	0.591737121157691	0.522909530280496	0.655387338943784	0.609535435481295	0.626296014229361	0.730313302938812
0.430559313608372	0.438675864811988	0.508348342345574	0.56187465010793	0.528823836774408	0.538789888038198	0.70100444839027
0.806409545304981	0.792794943817446	0.502975142666657	0.678627518252053	0.635942624230197	0.632965362914098	0.631658146321143
0.42096421754176	0.412585025583044	0.488165275762873	0.506380432877116	0.506125233588913	0.492414832471758	0.659644814914762
0.430082196986324	0.442934920716938	0.522059988131325	0.558380412944102	0.53346362587478	0.53624058593667	0.741847407387822
0.530545402533656	0.496190251502426	0.519738862322469	0.663145871332321	0.596747674217513	0.621118870105065	0.746025433245093
0.428584174034681	0.434060236207763	0.493358996366657	0.532669570643689	0.519943749906486	0.517084729249468	0.684909404389141
0.641249574896025	0.646159385660128	0.490665492593587	0.671571862725298	0.608815933326374	0.608617497598983	0.64966972802127
0.443569947010674	0.440059558799552	0.540229551753642	0.530880802298183	0.538563488584419	0.533572424750326	0.762973394251593
0.48097099965784	0.469208473013024	0.482900353521386	0.583620454627883	0.558755749601952	0.555934675897687	0.647298559219088
0.437644381725818	0.45207801693449	0.488001393482025	0.569160857059974	0.540069908555859	0.545817384006836	0.654446443494896
0.531558968248564	0.533808687020152	0.527957686640497	0.634227220897163	0.602826500547559	0.57653818656303	0.752842696522086
0.423419115670669	0.432010089299153	0.505343625816419	0.539438390613551	0.521196802530298	0.534529460684343	0.685311767602021
0.413945862282868	0.421575186121661	0.483832679340411	0.49029887934627	0.493132093639824	0.504481022403345	0.667269258052275
0.433479008583438	0.444142583499288	0.479714581393928	0.542375233364569	0.520174675944494	0.52595733268584	0.662724304588135
0.641022179837132	0.621044800492744	0.517303320604721	0.655100918010587	0.605345115057902	0.60013996572788	0.683678403141781
0.430727198931885	0.422304625809441	0.501806623246819	0.508758714604435	0.496698136095626	0.501697488100224	0.70252895345819
0.494508575043429	0.51025633287191	0.485523076018751	0.58903948254263	0.556447622441376	0.553742973638894	0.651644916507507
0.504158515630906	0.543806016418668	0.514399499318398	0.626962549133778	0.573590165805971	0.583362405688558	0.706828732358077
0.463865120739764	0.470203881564921	0.551713865370497	0.610785252652251	0.568522488648257	0.589330776321726	0.825783247549299
0.413619153921778	0.406703990269317	0.476014754541827	0.480069821030793	0.465975499791924	0.479534561502669	0.606788419552047
0.543958152851833	0.527933003880781	0.494096950476809	0.599581281726142	0.561530845378609	0.557885054922738	0.661647191894169
0.41173847261021	0.421665390680083	0.482778566140334	0.481765374822432	0.473121914047337	0.481502841533442	0.635219607415082
0.398185248290685	0.400052334328043	0.472461622851907	0.470356447568224	0.478249945023611	0.471135620084456	0.598263293415109
0.420173653987941	0.414715762975394	0.508305654179674	0.486502780885678	0.480862289506319	0.496399539859935	0.691279599761331
0.430997638126865	0.429379365614729	0.512667794846895	0.52426695528245	0.519001659265411	0.5216890865194	0.703129950923086
0.45333763288735	0.447247266265229	0.539828474455673	0.526149069651781	0.550753415007148	0.539829406809971	0.789748316435365
0.470610516465368	0.471076836297365	0.489311136474838	0.603795064426393	0.569208682359345	0.551219740299301	0.658621658797866
0.431458110742533	0.429276396950072	0.510865404608007	0.517739613413736	0.499072849840123	0.505201645392059	0.701454622913263
0.479268799161971	0.484668182516641	0.562360662680646	0.65233437711655	0.618230094197623	0.612300822206591	0.838626572308468
0.418033073758307	0.414344953963918	0.488985406679783	0.480890741423905	0.482246412132134	0.475552378572516	0.642364167261127
0.49889444742636	0.50253739882519	0.488860287171448	0.569158996254056	0.541210511479915	0.536574403921619	0.626814201070319
0.429262994065906	0.421338310787838	0.489717855531576	0.536618779173203	0.505990542704168	0.510537916402022	0.647238667754562
0.771560693044478	0.772351411877043	0.49132589124408	0.688752452257387	0.636941396936847	0.624741181825743	0.634657160304659
0.422395306397411	0.436878815216408	0.540359961561976	0.562657854974227	0.538076570631348	0.545674213951614	0.766032185380854
0.414501052404166	0.421670023139759	0.507941217008758	0.488857261255899	0.496373034710392	0.505732203928372	0.674252072370639
0.434351241412456	0.429296998963629	0.51913818187522	0.533976113624623	0.521105778842009	0.51853718820188	0.723849977329453
0.415611337630251	0.409233104649775	0.487351546809486	0.466217973069355	0.474968519991142	0.488564472150258	0.655841142393954
0.457459117700249	0.453389665521136	0.552357641709302	0.596399135027691	0.584701700158402	0.592750207009303	0.807554776095774
0.523683875125147	0.471264651385877	0.514100839631139	0.640276323090378	0.594855896401197	0.600963982322908	0.733373786832509
0.473102268027814	0.451642862243275	0.517679820951573	0.611552977690785	0.560274294160584	0.570736324218304	0.69349806936967
0.416215204773312	0.411956444899047	0.49764830191067	0.465068109025373	0.47803591904546	0.478124762111356	0.66712422444335
0.54714485598537	0.561854340035725	0.457707419499601	0.55214002365402	0.546891000967125	0.533465298077555	0.611865925112836
0.428493639664531	0.442416384590931	0.495388021485494	0.523121502352494	0.531351142766547	0.507860792953417	0.675156737379534
0.47404948970103	0.457509109302179	0.493450607438323	0.572230656224749	0.547625458453551	0.546171835286193	0.659124108881687
0.615604653892767	0.533599467616201	0.544932984550005	0.721782918537079	0.642904581737493	0.645950139226037	0.790854362284976
0.578132539457124	0.5792742544151	0.492383989141556	0.624504249040366	0.587024468141995	0.575131337873713	0.664333323178177
0.431180537989328	0.430251194356445	0.502197434531108	0.530299260605163	0.524014608462635	0.513803518256056	0.693196894592048
0.420537317149365	0.400849961201151	0.478622530688571	0.482577169584719	0.478322720481531	0.481615070008179	0.66058741281968
0.456696961123401	0.474463910099785	0.501805174492316	0.555171090839691	0.519187300291787	0.538622138327544	0.656012996014012
0.439066150522117	0.433905914599957	0.515864175931197	0.526602853573732	0.512357884778978	0.525862880857612	0.720677956432357
0.460051974534431	0.447446851201756	0.538779140887839	0.557175636835261	0.53577630921199	0.544400482832874	0.76394092118023
0.519264998083596	0.522772183551427	0.497844369995618	0.642982172540743	0.589577829371447	0.58010642876234	0.663792117750296
1.01409348091415	1.00606909458088	0.538378891291118	0.847286749497946	0.782343109368247	0.78334447800308	0.719861116928448
0.486822564021064	0.484315554014957	0.510628586148207	0.583331039138947	0.552260764976937	0.546961205558235	0.681875278101695
0.663447753091403	0.659883792998539	0.515060146463859	0.647853235549978	0.588451664025074	0.615858090562418	0.694312085990989
0.440851675910861	0.425096751557877	0.519249022000205	0.51589674972632	0.511084566804056	0.518655114641277	0.729501423685368
0.489289334030093	0.487562986405357	0.565565696856573	0.64806849531801	0.606846419636079	0.608829102265357	0.844049523103706
0.619824065845002	0.638260807326654	0.530723921313609	0.733995739556036	0.645064598156125	0.668243351462554	0.762858354881796
0.592165075170402	0.556388109450458	0.506775102512391	0.651119110601178	0.577139556130145	0.600315327093698	0.66223556354559
0.446276107283786	0.448619234440419	0.560410935642091	0.556783282228839	0.549747985974946	0.572958841875618	0.845595058432267
0.420833050980053	0.41692853205553	0.480838476036761	0.505015502028339	0.5015287136241	0.495061608332243	0.631647103155101
0.455494039690308	0.445598408510537	0.56403640971471	0.551532732805324	0.551010654407257	0.550072343595071	0.8407580548117
0.430764759241831	0.421108941532919	0.50940060193858	0.488825222877405	0.49644528236487	0.51583224425576	0.713853656970583
0.427803351637421	0.444365359254664	0.508942140134395	0.521066892368911	0.53232329852355	0.527741325999748	0.702616495136787
0.64171391810577	0.653763789306661	0.484107666131808	0.642178396565387	0.588580219733041	0.612364434491142	0.636607719351519
0.582023852753824	0.590255548049288	0.452224958360723	0.542454749518644	0.533569422340406	0.519217654242922	0.566928656457651
0.61579037691564	0.627977543814002	0.512526072272762	0.647474486827728	0.583319237411022	0.585908026911166	0.688738575102405
0.418770617805681	0.431236688826084	0.469128525013099	0.507343721553577	0.503663403743416	0.511199953419709	0.613092190866258
0.439948589360293	0.439995066955899	0.528345152214712	0.516178819213992	0.537440177115655	0.535062223081423	0.757671678923358
0.598130634979552	0.584314087733419	0.525719883608075	0.672910971588468	0.622290154366795	0.611312802657608	0.725673655726735
0.403615621382523	0.402827679712289	0.482622809265279	0.461568142892342	0.472052851623688	0.457762002263928	0.634202853168988
0.50502071524703	0.502773692202933	0.503720666636104	0.575832741142615	0.549327250528514	0.556254160898583	0.683724943961359
0.433398838263715	0.43441075169776	0.522493794837021	0.5228300465223	0.53245196354677	0.51688056540483	0.721719348356423
0.427190740573793	0.412023181303169	0.498108581328091	0.530500896769427	0.509683471894232	0.504695197108601	0.677690855972432
0.715668611544028	0.711273086306774	0.474715996887228	0.634641721176334	0.600997430971969	0.602780906780429	0.61384792651429
0.42364082183871	0.430004053921732	0.51082282090496	0.516975070183468	0.506561509436415	0.510839158552309	0.688461248384657
0.435611304632013	0.436368195283702	0.502779239126698	0.517719634475645	0.524173099283534	0.50821295284043	0.684566242059194
0.650575675392027	0.644747077294191	0.520973415745613	0.636193475028532	0.611232608045566	0.60754655456219	0.695393381037863
0.468151478858545	0.453275775804745	0.532690157738757	0.637312230176969	0.584787491817843	0.582201287693774	0.736490609636117
0.459766170778801	0.478354207581158	0.552403911384382	0.588316109607236	0.578812085167467	0.565568643429861	0.79404589669155
0.449701574799912	0.4540835309954	0.505735421525511	0.540339529896638	0.547497551446949	0.534811515208666	0.703529390410534
0.714278927579156	0.68880548163175	0.534957831849171	0.700158435981346	0.634258103706312	0.644540272017578	0.726330365102241
0.435623627967726	0.433774078808836	0.523915828001836	0.518193343911459	0.513733014351902	0.511056082085948	0.72867484676458
0.458283543735964	0.459127859238384	0.513782555259874	0.606075646553781	0.559450054133717	0.576500909992683	0.702022649695139
0.431317025674827	0.432267374639054	0.515266039940412	0.506128349005896	0.526510450482579	0.508956451419005	0.728754139145844
0.446945349673812	0.438173912056141	0.529119755804074	0.557169251665078	0.531671589969744	0.558551644203065	0.751490092372888
0.486218730122479	0.4828053630343	0.543673113587262	0.625548931370433	0.596614808588115	0.611046571128321	0.766008211179923
0.416629781622177	0.410674828801318	0.506448209367706	0.487414283215788	0.479597360120536	0.480979121268438	0.692508598604852
0.434136951160049	0.429055503283202	0.511137066445745	0.513729089498685	0.5204451464149	0.530185933264146	0.724116981126997
0.412804646739799	0.435404350547505	0.48403269219759	0.517140350154751	0.505130502689363	0.511160292846605	0.650324360725647
0.391573201977184	0.391454070809158	0.43409324942189	0.444487974902378	0.450027461533006	0.452314080549458	0.56981198510257
0.425626591354777	0.420710502623574	0.485273610532238	0.500494691035671	0.499652957329875	0.507234817073324	0.669355853725622
0.462544807265905	0.498482352508008	0.505702502731785	0.589810515624412	0.553134927282555	0.566848176801588	0.696148546138881
0.420581569240323	0.431588902772035	0.512769034780221	0.514318880039494	0.515162935858779	0.5236340325256	0.729736261765412
0.398015727356233	0.398141087087425	0.455350080462933	0.455577069918865	0.463318108144627	0.468929572598312	0.592825514471244
0.418539808635694	0.420639940469189	0.509970527769863	0.49771032412866	0.516623195254189	0.518124208575772	0.667447103973809
0.45504371224199	0.441411518842788	0.494331427959969	0.543221269462789	0.520296114297045	0.520283910219695	0.659695265591309
0.436377820990703	0.422150456184511	0.520936555428221	0.505786038446819	0.525920617971921	0.51299887998021	0.708582683591401
0.447150846199717	0.442869006615415	0.472492447713521	0.584671014264074	0.548942965163532	0.546658294534038	0.639808345716478
0.452245763717532	0.458653768566839	0.542015804994239	0.612948153669298	0.57205962199274	0.575459861940057	0.799380069287037
0.609863526225126	0.593633731975762	0.543779091408536	0.667767166949735	0.621217504097497	0.612434844729607	0.762414399486293
0.447258309287271	0.456801875758601	0.517725097321327	0.555641036082969	0.554863865680593	0.549084188652536	0.715371562754443
0.417722250584979	0.403575599175421	0.485792990382135	0.512985365958042	0.504244942748212	0.498591100267899	0.654329055786409
0.412331683182219	0.403706620648174	0.4740189305775	0.48735480245444	0.49206671596803	0.481114089792118	0.614476770047103
0.419150530807663	0.419546759506081	0.478331053341678	0.489506116627567	0.491281792970797	0.487269363002143	0.652109096923909
0.420527363138771	0.431787147638419	0.491415268166901	0.52459039712951	0.516286035276924	0.512942485988792	0.671356330700757
0.44343994871976	0.439730933339196	0.519831617552303	0.579030552169418	0.531403260049832	0.539343247946885	0.723018837179107
0.438749787502143	0.439040445594818	0.498947893783988	0.563556950951983	0.560918760147634	0.548146348441073	0.673167649158669
0.436596389418349	0.43464487071218	0.502642867175671	0.548842087882665	0.522501420433878	0.542890704627469	0.688543153832619
0.510778628155717	0.514001349075356	0.521054539021804	0.623899358723466	0.588357948419556	0.608989235691944	0.744391634793023
0.436381351474221	0.425426444822571	0.530589266798852	0.512676243110873	0.522090117318925	0.52763302785019	0.736046733834814
0.470171958700121	0.496484176782228	0.502157601305282	0.628061527144704	0.567275220782601	0.568221247412188	0.667510629690412
0.546012324299059	0.510165002802331	0.477047077402324	0.569649325371178	0.546036174148825	0.528088758712296	0.615908100854506
0.45697705701195	0.462452095058512	0.533889764279346	0.598142049089991	0.55546928200624	0.561638352286785	0.761533643815854
0.453702614127613	0.463820359706462	0.516320324201843	0.571575896524593	0.562021700998401	0.57502464139841	0.730935193049253
0.43854396627359	0.437003758064309	0.485381579420022	0.571141937453525	0.559582958992475	0.555157753068588	0.656084182664308
0.648996644570498	0.642797826299244	0.526516348352999	0.667764852106977	0.607782271836584	0.618674646589062	0.740962630605945
0.45938909248966	0.459213736988954	0.494066210422263	0.568947837775134	0.538961601261157	0.546219586611346	0.642598804880924
0.708010617019099	0.712680888883488	0.484908756716911	0.655941700395723	0.598409386401942	0.603576070503091	0.641008525545562
0.471538446166252	0.450291631502176	0.50562330001364	0.603694823917396	0.559155294740734	0.577252283841787	0.724311597376539
0.409828084159197	0.418747537269981	0.500157068596165	0.488264636809605	0.490389971090633	0.495996117265682	0.673815041701912
0.430974838189513	0.43006032900887	0.498989861642702	0.53635666917408	0.531862646042033	0.509983327151034	0.690725144884263
0.54146789637969	0.519752149446376	0.508232696647811	0.667230783229534	0.597730427200691	0.586999240212871	0.720241939653472
0.423158120124344	0.421527182634909	0.496160520123315	0.517630753448031	0.507482166152773	0.500827387465821	0.659513928512115
0.50350699249118	0.506057116331393	0.525253783322726	0.640164404345332	0.596567181259039	0.590339280391451	0.760308063221032
0.60189111597941	0.604346722712479	0.520402597451066	0.651761119087254	0.616789200906243	0.614374856398609	0.721965415337852
0.422462575742195	0.425322162943661	0.512983896233045	0.515046902619974	0.50416295932932	0.500733389008014	0.665486986013804
0.44304301496234	0.436000867897791	0.530481439938187	0.551183681355266	0.543181746114522	0.551191766310736	0.748098262718633
0.461301221391166	0.461074171550061	0.511880682092528	0.574187912847137	0.543460412930394	0.556553933984431	0.731358464196326
0.474912838972527	0.467188103263888	0.49381050911467	0.583050192773894	0.552777318094732	0.554718180046724	0.651783164351555
0.409408516290548	0.42189272144401	0.507369406813318	0.482533407587217	0.497224859793482	0.505855476771121	0.704885653828915
0.437899337525031	0.433800422227418	0.519052880262368	0.536295478022623	0.538654840762317	0.529959974792118	0.732709679241645
0.618000313155952	0.618740446289147	0.5121870496964	0.636398962855812	0.588891814846681	0.600538011432896	0.699829800586873
0.433214996850884	0.443491198595213	0.505316152783638	0.556822890634357	0.537091244368054	0.53525723353576	0.66332252950443
0.417341652759948	0.424809698147467	0.484994172578737	0.522000098539926	0.510812967067886	0.514960128641485	0.641606674078435
0.450894455588191	0.429972390672215	0.507213597026659	0.561985960313049	0.533123741266497	0.526834721073365	0.673420749343758
0.424392063156698	0.410621022260396	0.505147528559769	0.508615219605104	0.511280729427459	0.508046499963244	0.711225535694702
0.47733925264858	0.475881947157496	0.49695560058338	0.589642003127275	0.555250114302205	0.567672974944043	0.682546519078109
0.484038727644425	0.469371851304661	0.54669271605168	0.649759337788332	0.604612620938	0.606707724332222	0.802261538651961
0.387467847177447	0.390118946345048	0.459136188131332	0.448262666374607	0.455471611040809	0.45235908915796	0.583980912382959
0.40989822263945	0.427901006809515	0.484977226507939	0.517121761085786	0.510922521397118	0.497038153313378	0.647516299338404
0.426217178786711	0.434724065947242	0.509432859664953	0.522245937871963	0.512666178638049	0.522716735554109	0.706260938914681
0.636969627149544	0.652814363781719	0.510173901009177	0.627711882201747	0.584582812748961	0.595446520710216	0.676154277458048
0.458870551919992	0.473056004002068	0.492712498962768	0.559890633328556	0.549035771888034	0.54642062151972	0.660256461426337
0.442877910319836	0.438964256012699	0.529326475883115	0.53686119813233	0.549842956673841	0.541392309845653	0.7833373380809
0.409754258982917	0.414684981124878	0.498992483761628	0.472249859505241	0.479471717467507	0.482137123500177	0.657106570739086
0.427671258958723	0.42600667698115	0.503578190913318	0.530839265867836	0.526213742642961	0.531492402974365	0.697349807049005
0.550805551213074	0.606399658203891	0.496750757944002	0.653405435885326	0.602545699467127	0.581569308485429	0.661731587210939
0.423935300057371	0.431027675649891	0.497646097426295	0.53290248469249	0.514045845818337	0.513381019087285	0.681976212020077
0.394078638338204	0.391893344929164	0.461613429889577	0.450160330654864	0.459095684822779	0.457671079675115	0.584615976912606
0.463844435324627	0.452521033421417	0.48730400401283	0.551257259813111	0.53698229799379	0.528797342772145	0.665414476621187
0.441998286137549	0.429929902666686	0.524090336546055	0.567140876690295	0.54480633685039	0.547107138350072	0.739270595814491
0.439228513631259	0.450997859871854	0.518611687412181	0.57213411549756	0.547210416199443	0.547608161639706	0.715606176787894
0.420507279195381	0.40933964686855	0.503288194632394	0.490143873258707	0.504871547720962	0.503649912708753	0.701108005050638
0.430079417332552	0.42360822042586	0.503593248589675	0.507060649577604	0.503015302699033	0.510652440324982	0.731539617035138
0.44809013486273	0.443325205933235	0.524275230962723	0.555608289636602	0.551349657858337	0.552582539718291	0.754123941902866
0.382456745438502	0.405089604577026	0.450691895797945	0.465775261285765	0.456990883035318	0.455905884493525	0.569687239582789
0.429008479383055	0.431473457258239	0.501184158526196	0.514196941096587	0.508231223032368	0.512115400776063	0.693864069943186
0.412434346618021	0.412555402750276	0.482184885023852	0.512695739125328	0.504017079260826	0.486017141167844	0.635846943171086
0.43896683602223	0.449537886255533	0.523197837010377	0.536741184035039	0.518336165846514	0.540637354886376	0.739266542923245
0.427302910090808	0.430130584876842	0.508621090690387	0.514206250555417	0.509144815434381	0.509339084400892	0.695749546969687
0.42719994309647	0.420031051123475	0.511088100587957	0.481156570005645	0.497879646225579	0.504644307606587	0.714699176270932
0.439374614245856	0.435006363656114	0.492047849352889	0.540451744357398	0.515926708505136	0.515948960792927	0.640119221782942
0.46214112324838	0.452627713277103	0.512616164728486	0.605091179462396	0.58190484229653	0.568321022337899	0.720193532312881
0.430734121660012	0.422457859048611	0.528545962376254	0.498405598721012	0.508142954518069	0.509003006767035	0.705573122081975
0.577672262508979	0.564645729234266	0.492265752182429	0.612173352552091	0.592629933843045	0.58747368051861	0.629138515015261
0.420925946861742	0.421179249729064	0.49478501746762	0.52578733804741	0.509022920390653	0.515161927309994	0.674120772427113
0.4792290360464	0.480358079732813	0.496378004046085	0.607630816295133	0.559301140247088	0.568205781448681	0.662829379314162
0.444200311319467	0.437624398665324	0.506498240886945	0.536270697175063	0.529257363921111	0.517162208889304	0.71119548381621
0.423604524276757	0.422792712513212	0.473301269802592	0.502036739833049	0.499103415106588	0.504906798364819	0.61583223989064
0.554244813527707	0.542761144185071	0.486733394028326	0.629531093027231	0.5842003926146	0.587815498240462	0.655993213021822
0.496124477404193	0.507963034532513	0.540544039368131	0.645086341610434	0.604053197229684	0.607999860405078	0.7725440149342
0.439738748716513	0.435559409203624	0.516467590808802	0.55075785914164	0.556075263866414	0.531814272968505	0.720598594066612
0.436021323468888	0.440724167892622	0.487884075908358	0.538054295900105	0.532550984179516	0.526217148111356	0.660805603468067
0.426742860425994	0.427176070585086	0.508446475611586	0.520169178976531	0.512903149767077	0.502859456776048	0.711125240426039
0.449613358863522	0.430639043136862	0.518645366385495	0.543768604817934	0.535682405510041	0.54816210420091	0.731607869062383
0.644438969814568	0.633861066714335	0.462294308532384	0.584437628490356	0.559551073517177	0.539787235407468	0.580621524582704
0.470175173208751	0.460683076992539	0.536567578926485	0.577761147936053	0.551201760821102	0.567449127316807	0.774913089169032
0.432049665290454	0.422258011373089	0.509929905591774	0.508312235772167	0.500795356276604	0.51115457592964	0.685048156017573
0.459771492339195	0.451155211565264	0.508231403481171	0.617211740037872	0.581739092309152	0.576458531377572	0.69442436544431
0.541686151998022	0.569267583274244	0.512864918350412	0.659484933820656	0.591338584538452	0.593176269572684	0.700885690737305
0.979233026258562	1.00503217601435	0.53402815747924	0.841018374010796	0.766264750002915	0.765388693115816	0.723727037079599
0.525519932367377	0.491056645022298	0.519412713705175	0.626740447176119	0.582453326965704	0.579606526962147	0.711248566205067
0.454158695044894	0.43681524537928	0.51324320257962	0.569323540740509	0.550861998920014	0.542035265625187	0.72736827859883
0.426784889691366	0.438738849666977	0.509637045235183	0.515320388493098	0.52166610352673	0.516136891775542	0.708842399021355
0.429698577411641	0.432035935305991	0.521003716567233	0.530000030072288	0.526354262976195	0.529548955984993	0.725512626540927
0.873137085894753	0.8892046489296	0.534583472091572	0.774867673670634	0.715941967663014	0.730778058060901	0.76934843351694
0.445969640264416	0.431903347382264	0.505754812694783	0.547322672930337	0.528279995994594	0.546862703517727	0.682014730904838
0.42907225947514	0.430722061870514	0.492844928068784	0.540510312034526	0.526912259247021	0.53439640122673	0.654550740605968
0.519029758094041	0.555319606595235	0.526021261807893	0.622924615120162	0.582765847535182	0.572977162661364	0.712340827617817
0.434231086533438	0.435002045971415	0.512867394034495	0.498986692954367	0.511172427636563	0.503294702818083	0.737404183934505
0.431295178798135	0.447679477012243	0.498259304783828	0.536547296614772	0.533465700424164	0.535686973855969	0.678994134205797
0.476895097950357	0.496356096220199	0.538659255901704	0.650710932710391	0.576327379743254	0.588880882148617	0.752560534954391
0.442711999029578	0.4440785391846	0.554870846806767	0.537101953659263	0.550519149812201	0.533111944259618	0.809337982383598
0.455785213908244	0.448060872007704	0.51058378376276	0.55649071585922	0.571511879189473	0.561626728155176	0.742255159867988
0.473760586395182	0.46728785700209	0.479571864612808	0.582907080085149	0.550765751892528	0.544772910213928	0.647835155151315
0.420950122474923	0.429970372770571	0.490734037581341	0.52170077251049	0.502495702906268	0.511726528078296	0.664847440235213
0.45138199568653	0.450896729363642	0.522042286316217	0.56934003747609	0.555188013241564	0.54087356155668	0.724567105575776
0.476187517676308	0.482719919023959	0.499933544228885	0.601059629448948	0.552477572294262	0.567601012248931	0.67321727919503
0.555231274689631	0.523681065216845	0.50638146492632	0.635097064122668	0.59263228238559	0.581263376510389	0.656191718344967
0.596330965751341	0.582292168104434	0.478312531142746	0.600716690728743	0.557083156163587	0.568522125074668	0.62599214594231
0.573357281190069	0.577684970133558	0.483254763425182	0.601658504787808	0.56584672752727	0.566546176293825	0.632195497151064
0.424596865354151	0.419512905428842	0.504683488754724	0.533338683855514	0.530233193252302	0.52961058843947	0.677256427206783
0.408239467011337	0.406490820667945	0.471192828038077	0.493463226127132	0.487578452424649	0.483500014081208	0.61974486541636
0.426529063855068	0.423663429030916	0.50959243308615	0.546105515910385	0.518372797669389	0.509342750745154	0.689563914779627
0.428037345459072	0.434155881786203	0.498768534974725	0.526981266514539	0.500675033255067	0.507487016893293	0.662543497693796
0.430140791732005	0.422275574167491	0.499477900964665	0.491866980134796	0.494713348594726	0.492921726214856	0.693925974363144
0.537555416465507	0.55580066520321	0.478366967132668	0.600035121715439	0.559450555181783	0.557021247664761	0.615245002734511
0.765462940076015	0.753315685441212	0.48006810971855	0.653252332544229	0.616278376213837	0.63123275560516	0.614290563028458
0.433401194719747	0.42041028174428	0.50699534281357	0.49775053919855	0.495506597722852	0.492908843217496	0.678846355523888
0.554728060049167	0.564036449079722	0.52208461169416	0.671129307443379	0.603335663979348	0.618728411318881	0.727752870775366
0.408646960236963	0.415186426817857	0.493406711106659	0.496463546310797	0.49011060247177	0.49638643672292	0.677662412781862
0.474368327799559	0.471588279746568	0.503236822263392	0.590766953460623	0.538761969946291	0.557185369331563	0.671458670748895
0.427786284070382	0.432162022394004	0.504448254139107	0.505629179463823	0.506659378313933	0.504998935398523	0.682138946836672
0.452841200338703	0.461181172521899	0.554568308853264	0.5633653164917	0.543645335726875	0.540815540307225	0.850482192047481
0.438527764291139	0.438416793505168	0.524253571512871	0.534259274508511	0.536857478552555	0.521270686432113	0.745371688050238
0.440209278323179	0.436089922482508	0.529052452154908	0.525412266316815	0.531776660498654	0.531620929225084	0.738752791558934
0.687661526293121	0.695658349069313	0.520154258054854	0.707360677496912	0.622188535359849	0.628072359067374	0.70073169576676
0.573314878852804	0.575072206834955	0.471119809317764	0.602920419871589	0.564548310537913	0.548601111197057	0.589325062401752
0.452879364440507	0.439917390907797	0.536607332620338	0.557289844067044	0.545057346578755	0.535699280578962	0.761023178609109
0.452142854887337	0.445016463590425	0.520947684189422	0.570917279718053	0.54569907190198	0.557551738937732	0.739696741877461
0.42047946072056	0.424342549889216	0.494996819929788	0.474873132979428	0.485357933239896	0.486006475478223	0.680728912026067
0.480916899529321	0.472807008477911	0.518420209201394	0.609789359271763	0.573721411134531	0.579922752977996	0.718831411896944
0.400537380171302	0.414113264837143	0.45598412994776	0.498626876690773	0.486712042134526	0.484213067140127	0.567896948992254
0.860619340316168	0.871910078949281	0.492294463777353	0.736178254978306	0.667072822203176	0.675222929597082	0.65525477805683
0.415905292725239	0.420047789851994	0.483820475526091	0.518131867568858	0.526595868222752	0.495765919952247	0.644318976431082
0.440122473794694	0.446353004002069	0.539579413575923	0.588474120141017	0.550707302161093	0.556110752363276	0.738593027581871
0.46008128937109	0.435346415134255	0.50477763653555	0.564537230762557	0.545762324696914	0.552751636836013	0.686553712477712
0.56450769816488	0.616559979273036	0.501142853032881	0.669006684369082	0.609099093234609	0.617903522407726	0.670169227979019
0.439288747878345	0.431770984573629	0.523693002108063	0.515327621670668	0.505741054744326	0.512613287128734	0.739205210661515
0.529811862288174	0.527062905774223	0.529583900396779	0.650277452449556	0.609941507043024	0.588976187395704	0.732446168783643
0.474481232111007	0.455211264336444	0.517841612123891	0.611744657676038	0.568429979327834	0.556858954868666	0.667552506895309
0.43244024209703	0.438596795329945	0.508435496292786	0.501226810656404	0.506849102295697	0.494953056624473	0.70904368548501
0.46238323585091	0.454159442684121	0.49906311742094	0.582374973349431	0.542114651356026	0.556088031888925	0.679617082267905
0.441836723556622	0.445390444812155	0.537201481478847	0.566169328214311	0.549702201705916	0.556466357083889	0.783457255822249
0.535731975817864	0.562089497802496	0.541140764731667	0.684610483103188	0.626576921436507	0.6274423771545	0.768309287660655
0.448854788795342	0.456429673214333	0.514567202213304	0.5805255461076	0.549154816678567	0.553708538095727	0.707290020174234
0.521965924846111	0.549371385967081	0.498476518553339	0.622326015025285	0.582746262974887	0.590913454284569	0.660687267716403
0.413521185695118	0.41758522985405	0.49495336600857	0.510012649627499	0.507580524109993	0.505994118092408	0.688280525727254
0.411343491699803	0.414614295993282	0.47608262679878	0.499267280499273	0.491527730164127	0.487827389861742	0.614526249770177
0.422929153094704	0.410922666948706	0.489098942649447	0.488985709058999	0.492981411684646	0.490926247086593	0.671379870874521
0.439138219139841	0.449336677965241	0.514672993878183	0.563791211827238	0.532593959861458	0.530001954149377	0.702931618037328
0.452294421212818	0.442682629319491	0.514554771476181	0.590811351526415	0.565557141197217	0.560098769934492	0.723757160813636
0.437747757808867	0.448163674502902	0.514392671043699	0.556467642357606	0.537636215699052	0.541027602781675	0.727559987093292
0.707214132191798	0.722613786541705	0.516224575530166	0.666804100678406	0.622657384525352	0.615398882285871	0.682498702024057
0.396486986364115	0.403091789283534	0.479156654878022	0.489718819654814	0.486560472001632	0.482605447117597	0.623273179935408
0.478720232498184	0.477902471504239	0.517862468600607	0.581658892493499	0.558655357900321	0.555089329765205	0.708091377251298
0.512182294541213	0.508718908047977	0.509045560093728	0.627030911415342	0.591090161438679	0.584223216634916	0.711294584990199
0.956286542430672	0.932636610223511	0.518175742688731	0.78769686293764	0.757435934978365	0.740607981621064	0.695209497981914
0.60500660423733	0.614611882973496	0.476066294530764	0.598564511474126	0.565525871846828	0.562428806931008	0.629498019601848
0.471917662150531	0.50873719441342	0.476194548583896	0.563900689669616	0.517850159600617	0.525185508410084	0.606214029068026
0.426209154187692	0.430085489239872	0.523295619358065	0.498738047205162	0.497638752265856	0.509708050897107	0.713286870563262
0.432498786928887	0.434584223922482	0.511368318770239	0.529665867367769	0.536197510440891	0.51541490728039	0.701100954193657
0.430901514163767	0.445101620866985	0.520242156898481	0.542947591390188	0.527462457770465	0.539621361259844	0.750000994022838
0.631999416371211	0.621519669902596	0.495326720638879	0.593200505051214	0.572492247370501	0.570672804538962	0.627784116275694
0.424633206088468	0.430940457532208	0.512309781196808	0.490259057095966	0.49697840524099	0.501292268690564	0.708689236055089
0.416173310623829	0.409312303349148	0.4923128342347	0.490781619807242	0.498128517738229	0.489642532528643	0.655362682419134
0.43034049602264	0.432741108407255	0.50883797214718	0.499191096965133	0.505058117554667	0.504532497031671	0.713911735042603
0.616989365541794	0.607158078695151	0.509613841307074	0.654600827056599	0.603002413490498	0.605409577052568	0.681182618252111
0.438010268899264	0.43517399194881	0.510133943952862	0.516352557728209	0.50045167260307	0.505973481600252	0.716424941785129
0.425797359023536	0.42003862206912	0.49864263770825	0.481270356995989	0.495561352951262	0.503409923595238	0.671483738546321
0.449763078538731	0.450612775436382	0.543638644969905	0.550240124552806	0.543492821820366	0.543687857823687	0.814211117647155
0.441234147127721	0.439316041980188	0.533602739568802	0.557254533473882	0.548197955063909	0.553453399278216	0.778750024545039
0.430356948578262	0.433706167334607	0.519949868289171	0.506472102436625	0.519822466748208	0.515654412810846	0.762816541788087
0.425183398062802	0.416556609618397	0.498073951001038	0.55283081535554	0.51578042183543	0.517060021528821	0.646232204330853
0.484992947510455	0.45186689412632	0.530181215013711	0.574480554114582	0.5608178412798	0.55600699134928	0.763097453096208
0.444336586758406	0.447702127649823	0.520289158101786	0.547505495484245	0.528490705741772	0.534398378793574	0.738133108633821
0.439415221775948	0.440325552262458	0.521940766673776	0.516056053351346	0.524234186984606	0.522900494622701	0.742744538589574
0.449192831146805	0.450883950160643	0.538886991828581	0.595038968875707	0.556195731574783	0.55367463969293	0.790005248295697
0.437643166899572	0.428558608995313	0.511721801992136	0.503488633051421	0.529260869055067	0.514428108961688	0.697460319760244
0.602820427849871	0.581810855240011	0.537567882740665	0.685214192856484	0.628526532203026	0.614423193570291	0.760970029643602
0.446874564164303	0.44576215143124	0.503944079465555	0.59293100484632	0.56543134652783	0.546920695984302	0.684382881586531
0.437318089298745	0.437856806968121	0.526777727251595	0.533853324399807	0.530800444694879	0.521854804534132	0.735553633065837
0.833381915506506	0.840506695978561	0.543575388198296	0.755630586119683	0.681645701481737	0.691770367896336	0.734173721934162
0.664728162537613	0.683507419575836	0.498350729975404	0.639517015949303	0.59213975328311	0.600522723158742	0.654827280208425
0.503123621017867	0.515685799271924	0.514033859215938	0.655489099804466	0.598409647000709	0.575228221098403	0.693293334298668
0.474083304636597	0.489173147472884	0.4840269555416	0.556161154536841	0.542228040952983	0.530149478474936	0.656370431523261
0.615142902154327	0.648178986165105	0.525613747633743	0.662197650793277	0.610867289656096	0.60461075804451	0.728217899579228
0.440393330853519	0.437496750114087	0.50175236841906	0.535099801289797	0.513799985622907	0.51563849496514	0.670765757294427
0.540661861463137	0.562443729995384	0.518233767727785	0.684963002575732	0.621991256065512	0.624251156020648	0.72739340999223
0.487701090564845	0.484482486046795	0.516912963304	0.584519622731286	0.563140890738683	0.574397066830057	0.666041000110888
0.413901083290624	0.411766857803745	0.505956874823388	0.49408018604896	0.484673112381149	0.484277618534447	0.669372932409986
0.417544817254818	0.426732898178814	0.505901684757104	0.534468881488056	0.526917760476962	0.537097379883589	0.684460679426027
0.601811497377701	0.599766213796386	0.502272015736255	0.638973865807244	0.577615881363348	0.604126541951745	0.685210655777728
0.694486207772476	0.674757381819758	0.515427171842232	0.651872498814382	0.594734022050667	0.615126795279363	0.684457104774023
0.79001943317569	0.801329503471113	0.530312263933139	0.723135410629035	0.650724720014434	0.660589184788722	0.701628464157296
0.456854601559128	0.459052898417418	0.519121405688961	0.598598146874497	0.557310622521668	0.562211407566471	0.713544310862892
0.61966946604673	0.62112379262435	0.481571317998962	0.628307461412696	0.581978817963243	0.581453382979741	0.630388632523631
0.481580083739165	0.45160504951045	0.523925859499125	0.613086965343873	0.558678041491139	0.570161753928609	0.715091731174859
0.420182423387385	0.417060942385625	0.487439868962168	0.477369882272243	0.491304322645111	0.493886656038488	0.673647822240569
0.427536966042928	0.429679175310982	0.522781901779688	0.529053697885471	0.512010516282221	0.506351743960199	0.718249189664485
0.405851809719886	0.395987134777621	0.459401059887012	0.487205292839689	0.472391940618238	0.482671423818174	0.581626036409532
0.439658839996816	0.454460558664675	0.52521745422514	0.553286534523251	0.552462569072306	0.53898075588309	0.769779825876605
0.427534193501748	0.430950132810866	0.513980297743388	0.498795648007095	0.490632856740119	0.5034534981318	0.721832745449011
0.428715518980303	0.419091284795492	0.5037679976695	0.517196663599899	0.508732300629646	0.512465191146999	0.683483981348082
0.442582594057511	0.432995747994772	0.503573265270786	0.536787006101581	0.506606090199894	0.518830677333273	0.666272868981681
0.428431143585449	0.430153215772024	0.492808058341643	0.525904715981726	0.519317654028592	0.511813121617746	0.673502817729709
0.404463650545536	0.396096421035083	0.497908856673361	0.480538595250483	0.48974818280481	0.475544394442035	0.668283575689877
0.427264030211467	0.424540810562453	0.524237165076748	0.5163919162674	0.498658922934851	0.513913840119414	0.730397930681239
0.441337326553204	0.431789236100905	0.490800912679164	0.554793349479699	0.544175845147986	0.541722877811917	0.689889855735094
0.432401343027181	0.426317836043555	0.516425862935565	0.503933286547118	0.514045012948704	0.503010436848232	0.70012736322284
0.426319225925946	0.418864600156846	0.498677293582218	0.523785907664163	0.52219366644129	0.518733454500991	0.672245179005914
0.761807115839818	0.745680636037738	0.542211097466398	0.726450762283093	0.644548585590189	0.67687961823261	0.80007640050144
0.504207393700907	0.484886810798985	0.50676588240212	0.608175271917719	0.557984992573455	0.557382401243428	0.679520489185225
0.497245064458642	0.489444960257246	0.519069901154053	0.569674849336967	0.559302635712655	0.556177448937531	0.715084648562144
0.440522115507556	0.454616885264963	0.525627022534935	0.569843257309449	0.536796042561658	0.549586413116464	0.751425099072789
0.417468124825064	0.41842719085439	0.51002201927901	0.483423106332618	0.496837560297321	0.496247411597123	0.69544614693373
0.46949225384005	0.475955248259175	0.495859310513782	0.597595605433938	0.542629625688862	0.548722115164053	0.648141955609375
0.481842851272499	0.466447667698573	0.485447942818178	0.576474838030273	0.555270547519901	0.550480664038666	0.640090588491603
0.444037641257317	0.441914437952376	0.524332249518892	0.55458290762939	0.545910669261692	0.54246655607284	0.763317032527979
0.525524662346175	0.563848990728097	0.49578542676802	0.642938704289317	0.576194315690239	0.581095414668371	0.667513414471275
0.861192097884665	0.878351318307155	0.554563107398132	0.831470612695086	0.722625965666109	0.721576773797656	0.801501361859387
0.443007167242089	0.44691291390909	0.522654643808035	0.52958135642046	0.536735912021881	0.52862894299751	0.772865740917091
0.804699822788618	0.785607288148627	0.516738888166681	0.762850146274103	0.671652059962814	0.686269590900405	0.700367158620456
0.440949203399723	0.435244691641705	0.51678137648533	0.512076958267579	0.517058058850522	0.51747927462341	0.711699421873459
0.415588973422654	0.423341954435756	0.500405682263187	0.506737818153896	0.503872085280614	0.520618861766644	0.70711736175833
0.431878729966048	0.424757992549598	0.509351649704521	0.51697325714447	0.510600006573811	0.520645327071817	0.694202204310403
0.925637473500593	0.929176644259729	0.519442534844095	0.7547233261878	0.716400746927948	0.716460390525082	0.691062542060312
1.00639198792231	0.985625210446804	0.564721199123055	0.883514926310244	0.794476902612236	0.818540675331438	0.781807083586837
0.429658036456727	0.426528097028155	0.494777654983123	0.518091379817956	0.512052512157872	0.524843811323983	0.682771995641066
0.415613049233319	0.418357158357445	0.482051141910399	0.500861673253663	0.501505937551818	0.508898887022658	0.631811993553755
0.781074539337318	0.767942369808089	0.550448514648606	0.734536241754613	0.685992453919639	0.692646598335337	0.767173439678669
0.439412398655113	0.439491118357002	0.53154491219	0.505113913029674	0.517516305119648	0.510895591039204	0.747852127349395
0.577668917774546	0.59007704012508	0.536614548456437	0.695128703128294	0.633266680031741	0.638877339242889	0.753226040971513
0.411713500750706	0.416031597303612	0.496655511985022	0.468767733686389	0.471677153423212	0.487818138264162	0.669185703565763
0.450431562654892	0.464439272016659	0.551127411999209	0.610615231274937	0.584037653261859	0.583090637347625	0.791973021808741
0.503482526554347	0.512807847547045	0.491498155591193	0.556849887540236	0.522360231547594	0.526425314671033	0.612846928583096
0.448268798324241	0.461470723021128	0.533388412125902	0.591871341025165	0.580020340664083	0.583028082483193	0.739689722401488
0.413930481643933	0.413586324994707	0.484467488459911	0.475443874602398	0.481292179866859	0.483941234864982	0.656465913881604
0.462512742856268	0.449272560373968	0.525967431356219	0.559520566387886	0.548838244238825	0.544129624622185	0.787666759450694
0.429384139957992	0.434671417347753	0.499669158128089	0.511018553230613	0.515192590245501	0.515604994503198	0.695021606864019
0.471622386561315	0.498733073255546	0.525902316030935	0.650544653815441	0.601281821700219	0.608714298743056	0.756825863071381
0.390342919784793	0.390206184155958	0.446349179299883	0.441629224308778	0.450334563501898	0.442215737194965	0.563362031980761
0.456825130086323	0.454890237764433	0.5334627246943	0.595304150894367	0.568287649015492	0.575434414097419	0.779516164308081
0.458052942507581	0.441850709992056	0.520179168963502	0.557905580560628	0.568400687080932	0.544466874978389	0.719373079606572
