FMP	RMP	FPP	UPP	ANPP	NPP	ANCOVA
0.925587754974209	0.921577095272408	0.541406964750647	0.812102011745193	0.718671142180288	0.728426501502327	0.730043320415211
0.838952138104647	0.82863551273537	0.548769634670211	0.751784251417433	0.721734391259725	0.732908726017477	0.751323669357934
0.993735843057233	0.997760273467375	0.564052922585225	0.830583314268361	0.820279204768152	0.828000702213948	0.755461222322369
0.634875966596964	0.643230923267324	0.456509513075996	0.571972398235279	0.565334478458429	0.567306532307973	0.548214287755644
0.730294944635625	0.740050430028369	0.540117421037226	0.746201416088238	0.739428383542396	0.746382694530879	0.721357136240226
0.898674015365805	0.905308193193682	0.558771600938159	0.789994676342481	0.772206744352762	0.782033400527058	0.76332503463485
0.772906228487474	0.758764093391507	0.570538872300584	0.782841755140877	0.821914330758765	0.813412154881521	0.740908958825608
0.900409524471497	0.893150907191721	0.506274915771234	0.729685221760676	0.689089748461689	0.701988175733795	0.67746103910796
0.976393491558632	0.948573221021605	0.532373475169727	0.801940622963527	0.74727922437298	0.744351155009307	0.677962824296504
1.03718970023767	1.00231760407383	0.548307520816376	0.82487541034219	0.80799155521202	0.822941270576191	0.722121218977755
0.754440811156126	0.737149831319497	0.466884801960381	0.633786239271447	0.575389528072466	0.596303194078436	0.580595269504826
0.810928246741991	0.860593906889836	0.531580724387427	0.758753892194233	0.739365251445939	0.743964987695918	0.693744910428988
0.847670950139469	0.839731377951428	0.523177445989667	0.734819961993431	0.685248973920162	0.678800966568745	0.708610436739424
0.900967243287723	0.890424491298299	0.506278609771289	0.777352387335899	0.70163199135011	0.700767546044222	0.683151537365333
0.550998170655573	0.569979667048401	0.506385897719607	0.63069758891687	0.587931232662402	0.595602127057244	0.675694811420512
0.921768979277974	1.00086061548387	0.546413437218633	0.796199866160726	0.776034265338962	0.770098826502994	0.743177994832606
0.864450521978907	0.864093332526173	0.519110114532894	0.766520778118158	0.695614521967065	0.700390325782859	0.723616246392154
0.713058279660048	0.728448917634756	0.509806988897779	0.707515949824117	0.632627758431848	0.623735665272291	0.670204729819876
0.67277011568972	0.693560867991906	0.509987953333888	0.7079398957685	0.646052647600341	0.645178388824814	0.718986018395726
0.740343583479458	0.765587909270443	0.495825556567146	0.669916474788972	0.665925811774258	0.65690015884541	0.639459401717311
0.663821818821986	0.67123544416309	0.508156242520132	0.652779725156458	0.644874190025129	0.641167558912029	0.653811721256321
0.795299528392967	0.798652108514646	0.524601986103317	0.688167444251046	0.704814373753341	0.709492720765936	0.664711674565193
0.851591506298287	0.887514704673575	0.544461601712564	0.818112116926735	0.816729280900779	0.816498913200634	0.811680923467959
0.853776697843813	0.860861431531214	0.52401132087306	0.740678219623498	0.700952588339153	0.693306091360045	0.720700450324271
0.678567748700372	0.674476300795051	0.487700282667691	0.624762567298335	0.587033536776612	0.581636111339812	0.632945398353894
0.67868866901955	0.668697053440233	0.532405713951889	0.685645146717206	0.60407334540565	0.643088598220657	0.709857615147852
0.912849302706728	0.902205638916397	0.523904830183783	0.774028193436717	0.698195829743095	0.711836642414316	0.708313938099928
0.973877497024649	0.98431500349487	0.533872285215971	0.838734777560352	0.748571832235615	0.780246458576027	0.724546773932017
0.786645174908797	0.773289919802563	0.509456744553947	0.673327298395293	0.632862777752983	0.640389659311959	0.666340905952105
1.06486040201292	1.05776412463555	0.558761415266535	0.940165283559105	0.899452077235604	0.893341878186604	0.774461281747152
0.884201609231199	0.890107538367376	0.519321884410073	0.747700168282188	0.725272492827597	0.710424833523282	0.666773112657328
0.606066107376962	0.56976198471511	0.548226737472625	0.700582782262473	0.656427877094038	0.645887992464071	0.810096317382698
0.986915395810561	0.981886312138621	0.565123389318295	0.866672745323971	0.850979430100668	0.843104304455066	0.828625170876173
0.463426211139596	0.450353314443854	0.488222519780341	0.542101927309113	0.519427835866222	0.522692330101655	0.620784199089583
0.976647986507259	0.978173194005581	0.567223668474547	0.856539013984052	0.753063506345913	0.795928335506585	0.831951722916627
0.837480127281101	0.82997922527291	0.529179633467407	0.728858288206073	0.675983472148155	0.672603560725361	0.716929472221806
0.800396889088566	0.792345685503864	0.516461105691908	0.70548592667011	0.663455908363909	0.654161392366833	0.691832350752396
0.92389679204911	0.921049011714341	0.528838536466856	0.772963144039156	0.740460170164528	0.749473797502187	0.68483481052554
0.612433146683077	0.629595865529	0.501191859889519	0.629623416476265	0.588694491159996	0.594997663283933	0.665099990153844
0.746325701457716	0.741630895978044	0.510208587435884	0.663796241759002	0.634623952770384	0.653684271151208	0.654617327289327
0.642731790867239	0.641595979236818	0.468606058904214	0.589059002159346	0.542914196169152	0.549319296001582	0.572968549034103
0.880359785188723	0.885030173606172	0.501446596707948	0.755344205638469	0.683777042651683	0.709798105840166	0.671346423995602
0.760055281967776	0.756231913750475	0.535261970352734	0.71145559943817	0.645377249186215	0.673270812365655	0.732709679241645
0.717671208067457	0.68799832168114	0.490992915158936	0.626355666606617	0.626159683469027	0.619958308945596	0.609806682822738
0.805725569418211	0.790243345550948	0.517356874511284	0.749201206655015	0.677094431013128	0.66828516392732	0.721831305360302
0.860106139048438	0.869632061300566	0.521075442803622	0.740155883861175	0.681585764650234	0.693474907376368	0.69313788162914
0.80358322269061	0.828564814982936	0.520548352304827	0.722466976154002	0.661684691053009	0.655586286804904	0.67860475758298
0.954771169688931	0.953856267656401	0.563871594363064	0.854508342337533	0.768403106288157	0.760709961020143	0.794320231090682
0.593197483117977	0.614381786650654	0.520457165762603	0.659384452140178	0.620016169614101	0.616106399518052	0.72594390554211
0.657683411303397	0.629134017638502	0.521165492090233	0.673416170134453	0.626953436786033	0.621234264121038	0.709150201158638
0.656079547915878	0.654350661585259	0.497487635729409	0.631393644225943	0.580074467156637	0.580501273341184	0.650537450632002
0.760967429405031	0.758600258929982	0.515188883369972	0.68672543200536	0.64100842788775	0.639989025767325	0.706182908712008
0.514106534431164	0.541058730357859	0.507103833857363	0.602849643724808	0.571161716517423	0.557592458382593	0.695712865940994
0.685496272890244	0.679339908865225	0.505532452947986	0.634749569589934	0.594381787461309	0.590306439763428	0.639650378708322
0.735903306225432	0.707188674548147	0.514058141886246	0.686155341410003	0.670553907937781	0.670577068269051	0.675618201866003
0.530695946241319	0.529311486546191	0.538544703053636	0.653712066127615	0.592139611765006	0.612281020425063	0.787210563832109
0.912244646721652	0.906017749099973	0.527915254933909	0.781948147292487	0.762582919571513	0.769574711484643	0.717433131521101
0.44765808446141	0.452307700434974	0.492406226714489	0.543267227819178	0.53627530881456	0.534830636559532	0.664330916207696
0.691455070838672	0.680844563081018	0.489903733147967	0.631998514555518	0.591559477243545	0.589882413073084	0.640119221782943
0.74577373172993	0.727209656287069	0.522709241733736	0.691478381356043	0.641447158097773	0.648397534552527	0.730661201397605
0.826350784510864	0.810490180868343	0.508474791508256	0.707838364891902	0.661619967008899	0.661550748241537	0.665585830620301
0.626616084879751	0.623550311833567	0.528518699921038	0.658718322455213	0.610172227913212	0.613273424108821	0.731539617035137
0.701927274019944	0.687968972261635	0.481182546652584	0.638846593533337	0.639645510294204	0.620939485771051	0.615908100854506
0.831388610394568	0.811548056253232	0.525112263498445	0.723305259760416	0.683066013402177	0.669125291780272	0.695393381037863
0.846662330805157	0.829525604575686	0.539065724952993	0.762839706721652	0.709528346021972	0.701122585847008	0.750551246180353
0.553584415588212	0.574716190160478	0.492888042061437	0.583498182655063	0.554720382893119	0.550943460944856	0.645344687000382
0.778011161852918	0.787543701499672	0.536706612166573	0.70286077860469	0.668383063505621	0.664153294909267	0.711202968576262
0.826399797594075	0.821929901102888	0.540075830836338	0.750951774779771	0.657778511807522	0.698984642904661	0.728189477211499
0.457802569964836	0.458406389173758	0.478883815969746	0.543133903399809	0.528810748603983	0.52684503187214	0.628710409502462
0.789998836316651	0.774518027941691	0.51753262310084	0.705711465679083	0.724201468149846	0.703446790040959	0.668460917899854
0.847000937721222	0.865099570722673	0.520238189056024	0.741531475239612	0.75243149110079	0.745671208616461	0.663533907429624
0.996046310078741	1.00384730852025	0.55069063885432	0.851281875864446	0.795146290495967	0.809366058479202	0.779850272844809
0.810375497880092	0.850327481643691	0.504848822348492	0.712329571405496	0.71744729025696	0.70481849481939	0.648368083879974
0.948562420188005	0.951572478243807	0.561819766876049	0.851575519165783	0.809068183643793	0.774769918911811	0.82898361264117
0.816728312934389	0.801340109726619	0.522261978553359	0.734602146940943	0.703674059892497	0.704558672327981	0.713667962690851
0.45063725911148	0.4621261484938	0.512892173566237	0.605827760400952	0.556087571235275	0.542822774518282	0.670090325786937
0.835194982394523	0.834311367724443	0.484120069632148	0.691337059755461	0.646902056314029	0.654964649066046	0.614992895293434
0.749433714704827	0.750317472415176	0.534695958331999	0.740830718636268	0.711364758735341	0.724055817465126	0.736718675401034
0.677291844428624	0.692014807631286	0.515397643491068	0.666374462959923	0.616036412388818	0.627691936321715	0.67626636779898
0.661153386621205	0.681818831554432	0.522736686410682	0.681728179196534	0.631779436221123	0.635135534942404	0.699124456439829
0.920039851115012	0.907065670318301	0.538539337833878	0.776137432714246	0.715177774265879	0.720551745404944	0.708962547760801
0.846722834434169	0.844413705422376	0.530219184987267	0.746569435682486	0.714603061986953	0.708103680911279	0.741000610187312
0.78848174586188	0.774238440071419	0.551421154284992	0.75166305628326	0.743920680558385	0.737442591866828	0.749649276068493
0.801534266617764	0.764584278037553	0.549470995933302	0.767673285635649	0.718349589316196	0.702934817064511	0.777658282349704
0.494105685940356	0.501789378760117	0.508557173433452	0.630786767026434	0.597092815660562	0.582011452127298	0.731396304197367
0.443967112306602	0.442427412992026	0.487056619470649	0.545648164506155	0.536042253641073	0.519401572932031	0.651292875228731
0.483697562513709	0.494124274153292	0.452554109113034	0.559730453075415	0.519870363988375	0.527466990930741	0.583754883710133
0.852446909659599	0.877108152391767	0.517679211698877	0.754551313370761	0.689996476698262	0.697153394235395	0.694711463807426
0.809282627392096	0.798023251675214	0.555258794069081	0.772042438216284	0.696656844014404	0.704923080303257	0.760250319490871
0.910471423836732	0.906519897861673	0.556110837582078	0.776908830803274	0.753949480143442	0.744474019548169	0.79695163418263
0.84584114779162	0.855605114678547	0.568998938469465	0.810111547613889	0.79179529266801	0.802985521056649	0.821224831070114
0.910113134436177	0.927524558144201	0.546310237606808	0.780362805205682	0.745474080213677	0.744232013670146	0.746480928291096
0.778804094382725	0.768552057865708	0.499548010352254	0.703785507914589	0.658196459442412	0.653788361579838	0.696506715237459
0.80448666129799	0.816917107881584	0.521769393961121	0.714910082507484	0.666153109047046	0.680065111367711	0.707805109471094
0.919064426003584	0.914359305246168	0.542928425309951	0.801661099546917	0.743453156819109	0.739660480607831	0.764183964997904
0.695917408046902	0.694884641985051	0.526156455232341	0.684390676310933	0.643701343014228	0.644579291217324	0.722869142221882
0.721917432265428	0.687336010117494	0.54226090457691	0.725333873732049	0.654170775751243	0.661665838009766	0.782759337057631
0.676227488581471	0.704395559186779	0.519069498796029	0.717033050650258	0.644140130783353	0.646456954848501	0.747258903043114
0.855945525183307	0.842087560773311	0.536599691239134	0.755640989522888	0.709395774149917	0.686722411734068	0.740033187866794
0.68792938045806	0.695448106639762	0.542271773285778	0.735315068107153	0.672829505042273	0.645906411581368	0.795749996956777
0.884856828939273	0.912691549021141	0.516690304936403	0.745422558656818	0.732318664408727	0.721502075245998	0.669378073609701
0.741784377192463	0.738246475605689	0.543794386550954	0.73281042624271	0.717480061364858	0.74296579259498	0.698948113987741
0.879570368366037	0.899105059813322	0.538702782797849	0.751625754017281	0.74581665158239	0.73233441188697	0.719196030144681
0.753061616950744	0.771176302741387	0.507724801067827	0.644495849720014	0.622687118217446	0.62279147676565	0.638087734536488
0.820027987338075	0.807582796620097	0.515130927112066	0.725337504976985	0.656094882938045	0.645740266712159	0.706845355813588
0.799373821545609	0.794421710698317	0.541516577366693	0.747784008555127	0.702688211055073	0.719634718855218	0.712152191502118
0.661133646601341	0.668074592471242	0.516040012640285	0.665198884212453	0.659061408866139	0.647544575709536	0.627760293956103
0.768820183920787	0.735687299725144	0.529490794741143	0.720152614447485	0.699517155492385	0.704616848496942	0.704657231262845
0.791438462391451	0.817134649307671	0.538017944896711	0.756184407071022	0.776762166129148	0.769039234655179	0.714648782771326
0.805717096587297	0.822505250722805	0.551296799615262	0.768793307123898	0.736521493096048	0.722146283727453	0.777854562761954
0.916970993770207	0.896099875437418	0.538234138303355	0.799061295420654	0.71489538672422	0.731182611280007	0.733939897651166
0.878965288736613	0.876679588666569	0.545549892919423	0.782768776709755	0.723656543116961	0.724561971843957	0.809121493793975
0.854022960567422	0.836046481935721	0.540707403397816	0.765482492346503	0.727663591577349	0.742333649500195	0.746292690368113
0.68720270380753	0.688511492844157	0.509137121615148	0.653967446941458	0.616845971217019	0.624234985044733	0.669170116001108
0.576646904892332	0.591530757485127	0.515227622352875	0.685037897892933	0.635413613148458	0.636157188710736	0.733447495331606
0.934351954779371	0.916090949727334	0.535101840311333	0.787021682050859	0.744814074638486	0.757973721873119	0.73356148637264
0.687797293145	0.690525576026859	0.50101337847863	0.675447852499177	0.618956090979066	0.607765555712452	0.670082343231715
0.771712658787274	0.732747154656868	0.530968132658137	0.723941596586951	0.68803393889122	0.704384396771415	0.72744635116764
0.785026567676885	0.782509482914708	0.511462026143962	0.677310078131034	0.642793939894378	0.654293614672687	0.636588797009245
0.69381585735497	0.653304468480476	0.534339523826983	0.723706047239697	0.663842165109736	0.669781849299526	0.79685730945666
0.668625502515278	0.680526730336685	0.50055900968437	0.654081953046333	0.602078396787117	0.606753380473066	0.663546286448198
0.725065117991636	0.707277398304797	0.511057150281567	0.674445706656847	0.669521913643365	0.689830741468487	0.661218437785722
0.584851645437245	0.593193443662262	0.502611978773302	0.602921617331943	0.56336320353142	0.563820754975508	0.655736525270752
0.548973126755313	0.54449385079855	0.503237715982889	0.606584760770236	0.566675415205946	0.572393057428669	0.688058172488595
0.76532242577558	0.746996598518411	0.508792828940256	0.64705698366258	0.649326397686084	0.639662494575127	0.673681256544835
0.622674898833905	0.625684073641049	0.494342818315914	0.643519882506414	0.617008260267625	0.637237491016046	0.603673409943347
0.546527972898524	0.567553452454746	0.508164200074838	0.599389566076537	0.564108380003954	0.573373648525904	0.681626050608922
0.630406522297639	0.638465281567445	0.475696725927178	0.609503945107086	0.613066838215066	0.599296252131485	0.606476010275967
0.849015757076257	0.849520258573159	0.515810900233711	0.71266988995349	0.666169755866477	0.679361090213415	0.636652301138932
0.802670562122382	0.793072034221606	0.523523111563985	0.723857105037093	0.661780427727553	0.686312345319647	0.729626240083768
0.770703160517374	0.792050669347293	0.528278612853242	0.703586323597637	0.673946746264394	0.670127481839901	0.699475320824449
0.445470526628386	0.446280824694636	0.515787833824741	0.579334672769195	0.55117325064404	0.550579468186272	0.687241995065935
0.736659902996074	0.736712871633489	0.512956569211106	0.653231691147859	0.640500440719976	0.639589960398964	0.680056920491584
0.668353262102721	0.663215984055422	0.538313096867632	0.6979732740677	0.637536227518624	0.644296972241762	0.760259783030715
0.70781065475805	0.715196208447169	0.543286287868463	0.686543537110997	0.66042853431811	0.641299564329758	0.738857612239936
0.688220217257185	0.717881796389245	0.532410200408003	0.701791417682142	0.719282320059429	0.700474663018216	0.670894706382496
0.920399671842915	0.950385359264429	0.5555611030626	0.830913266977002	0.796611049617256	0.783434424459093	0.756076855317827
0.661603270294102	0.661445524396797	0.513122780080576	0.686204405650494	0.689142952401597	0.690589108101658	0.655409214236375
0.833652572869163	0.834886195476436	0.50453904286113	0.691110885605541	0.68903974395667	0.699015176714192	0.63255807707201
0.985879210384905	1.00538248436382	0.536820881184567	0.82891989372769	0.765425019913259	0.76566819176173	0.728434966775383
0.791580831555793	0.787590947000395	0.515332264314184	0.673788321307304	0.64476062458059	0.637845567548651	0.664291419663402
0.721999171909559	0.73240412467489	0.539479066032292	0.705074765699448	0.720983445296848	0.71286782152074	0.701449878342782
0.879863064341237	0.891327946442072	0.505531052095371	0.734828727277928	0.704339880963139	0.684813218728367	0.64446323603504
0.446702194281126	0.429959793445815	0.509302013079066	0.535787528631389	0.533698643040121	0.540651537832267	0.721753261465855
0.798550455156512	0.798635615047829	0.494935387059892	0.674540933220091	0.659795802954056	0.655450814762552	0.639625313212561
0.821020644680273	0.831798134078818	0.510725413871957	0.690592390927059	0.683575173274054	0.669375107416478	0.636688722905181
0.59871153186652	0.589430786871011	0.500112599490622	0.624551247768309	0.582373216041214	0.570605979338653	0.675490636177341
0.495895291842276	0.505628545514265	0.520566980095532	0.621267948451574	0.586593606001413	0.589129789195973	0.703943864313485
0.888288491198819	0.896180926730576	0.578309310902417	0.840188543969143	0.807039338096692	0.809528147483266	0.816994009103904
0.735812020425492	0.695018103265762	0.523246229356093	0.664382704372579	0.66830443186006	0.65522301995163	0.665979964191747
0.452441135532949	0.473874320666205	0.462714745859478	0.553063705772879	0.533743833462739	0.519322803146618	0.604823311940486
0.788949748015888	0.768218071048612	0.527116019854007	0.719710800830423	0.644965512147789	0.645633333619963	0.735882103758793
0.508569495055112	0.513116866174163	0.519571020188096	0.604123202422611	0.581898417157088	0.605137980272835	0.742790264159062
0.772419068990167	0.744799464092188	0.523226774487856	0.700915803295833	0.68015537709783	0.663776234222497	0.729681895461407
0.881242653447385	0.878000372895339	0.530003345144845	0.806972247735175	0.722643687301766	0.718237748597385	0.764729924933234
0.586293413951748	0.596738560815859	0.501642094617741	0.618711878369441	0.587652494977838	0.580354083394198	0.684773380734987
0.522628014744788	0.500853177119718	0.506552546600873	0.630386272017891	0.581053795381932	0.579886499245429	0.708531292914177
0.64865967240211	0.66041038638898	0.538420922946793	0.68435351298816	0.635487450110058	0.632676870056908	0.752456967056265
0.715199329864419	0.7048683904283	0.503525180769455	0.663114314911449	0.621783191182853	0.602196729922143	0.667497943770809
0.743373942159517	0.726010440353685	0.537161568463535	0.705020278531042	0.665304949683383	0.664823217555794	0.763510227133527
0.838911396355326	0.856975945727446	0.533411802507489	0.762262458375111	0.758545165765037	0.743562351896716	0.696158155566811
0.689820269213893	0.694500335328295	0.49885822123626	0.630122704234652	0.601799704110282	0.596837616549832	0.660918065107128
0.896466253579427	0.893776714295862	0.529509080929509	0.791343476152632	0.70960843449781	0.726782816918065	0.734357392548597
0.631348145000027	0.643926125918829	0.509087920925189	0.631167496376761	0.608545923244274	0.585308698605442	0.705139156620123
0.856410224130702	0.855267580228608	0.527302527914438	0.726646074339564	0.688105652254571	0.680565984355425	0.689554332922707
0.53155940387128	0.507878251658049	0.491848302704398	0.583818721304198	0.549823335452537	0.556098254426987	0.659990274919574
0.654420291583923	0.660274362243087	0.505578248748872	0.634212467022536	0.602180064163236	0.592886458004138	0.672044162818283
0.668796911657767	0.670985031009057	0.483227092388114	0.61154235160969	0.580321098908184	0.586394436172226	0.601970596888122
0.722560311225226	0.72267485634452	0.509673367585155	0.681245537539265	0.618631142837725	0.629781321496645	0.669931211571261
0.88933077446717	0.875991585180505	0.524956307521803	0.751280327560589	0.707957045784602	0.720674700903263	0.696474860904221
0.610717434866044	0.589118586776987	0.512219354966692	0.653454851292902	0.614977634568343	0.606472388580988	0.723168543933336
0.839304552739948	0.851582977397814	0.548230547777818	0.782868803254641	0.708140521794915	0.699984895140421	0.752312620505734
0.77887888391375	0.770278516097249	0.506360259563997	0.710873864823434	0.668434318400714	0.65436723249611	0.690866841458309
0.751730962335518	0.760663052394749	0.504664858144748	0.681368321007431	0.683168522622208	0.660499354867857	0.645563177075168
0.889583649241949	0.882533023169134	0.540946369946279	0.753294223747651	0.725689262961265	0.725681883464074	0.722300668167838
0.820219330828086	0.848631842283514	0.541658874442643	0.747927272466683	0.709202352991316	0.683705457573333	0.771523463084165
0.650971561477186	0.643653023840863	0.501471799707872	0.646711668528183	0.641342166029774	0.635500266863881	0.640221551997493
0.684834092917669	0.65954901461327	0.479796218041239	0.664744683323125	0.624681678441505	0.59415496200523	0.614767147973569
0.515396928518538	0.504964785629856	0.533468458179506	0.640339714515272	0.590562617987515	0.582297735993588	0.737084805113915
0.736462712455692	0.748744269229869	0.51263640979162	0.677192432028531	0.631136107976709	0.636005221109306	0.688784223669458
0.528243524738112	0.521222963915898	0.522930037452821	0.645181885801565	0.598769810757379	0.588014858589847	0.71945188017069
0.964956625125945	1.00059151115753	0.563371175679897	0.853002536858079	0.776232596831214	0.780419359492233	0.791965325802445
0.869634483856427	0.879608278393991	0.536413673271241	0.774333080097904	0.75527634861154	0.741953067291892	0.691318126636245
0.458991266332816	0.456754609395778	0.529989144046626	0.576913668010343	0.564025500148219	0.56501642540545	0.801877600475278
0.498815479851995	0.494693722616443	0.545918268666323	0.673602423641529	0.598283870693761	0.602947421655928	0.77568759914044
0.750819127403099	0.756190622507396	0.519424006883846	0.680755640057476	0.638041812592877	0.634711859929808	0.712648633967965
0.511072004277582	0.505751334480941	0.501675327262328	0.599313110890453	0.558534008982225	0.557790196940665	0.656268931920991
0.610702337865686	0.602660310832662	0.489266189104055	0.610654738566987	0.575256986980997	0.561018656002006	0.630991556333168
0.686312616801848	0.688848000128808	0.503331721977178	0.640524138031878	0.624656593761666	0.63534625192294	0.67705360036035
0.45076279432778	0.445129864818565	0.517147024172858	0.56122827783797	0.542086658323148	0.550551183929741	0.714699176270932
0.84928039084223	0.834200736276741	0.525119680735553	0.720341742835527	0.688800117336945	0.675918255705748	0.718322470664225
0.739227151224203	0.728987456433933	0.486698512263822	0.648244932938507	0.600120554943862	0.595967081593039	0.623662507939846
0.43936657756319	0.436544970199573	0.485971920098838	0.540926137846123	0.517829439290699	0.513851831232043	0.637867000857873
0.692265106994066	0.751067208873774	0.553646869592383	0.748345181628237	0.671716530204642	0.684500542281167	0.768829808589221
0.664480739123837	0.666351819850014	0.53101085607979	0.697740503347575	0.697574331481196	0.712384115970586	0.6636896187489
0.81791075717113	0.815333933691201	0.542841428526495	0.738344626837252	0.717307844946046	0.705365508498561	0.705221639719601
0.996585899777106	1.01026592764449	0.546180962460261	0.820958407244936	0.778242293865296	0.78924036355588	0.771279203232216
0.852095657738537	0.865937408365163	0.50428669896587	0.737706029815425	0.680454249580228	0.687585342459315	0.685737510554424
0.820221298697041	0.814980383126039	0.523728706528495	0.707735510287283	0.665821726057619	0.682862164974083	0.69815921305742
0.795071952925145	0.795405210129738	0.558436336149168	0.789737400892862	0.798199617528325	0.770064634951413	0.775234962180347
0.671978171202023	0.663192348452875	0.47704227039858	0.597885106886617	0.587147999448629	0.58127733836391	0.599888679741167
0.675333869500021	0.674761162594003	0.459513961039889	0.564113340080423	0.555918592933126	0.549277994382233	0.556473202820495
0.743246599435037	0.747853584490948	0.495685093567943	0.670928196942312	0.651697705180372	0.648661345165019	0.644914787304397
0.7696624548257	0.76904379356423	0.529152509219334	0.737977001603141	0.673131649877155	0.669938529765643	0.703470820303004
0.779483588365759	0.792734589670889	0.497402049946425	0.689432919932221	0.641885508448546	0.641619116947632	0.667403170124357
0.798618311795023	0.789762945035343	0.506298077140144	0.72562012835981	0.676041517215708	0.66062008121195	0.704938921114712
0.739611853565713	0.718999186399407	0.446775931486411	0.606826577999054	0.588911343160677	0.580562989515584	0.553485111990458
0.576176379116584	0.57504306846049	0.502806845398071	0.65676583926592	0.600642905404775	0.598373283536495	0.665400158164761
0.702577938913535	0.695824529397308	0.479350242652437	0.621234463911153	0.575769645802478	0.576000255403082	0.614476770047103
0.757082362980627	0.755693245891509	0.487256982292504	0.660496877010747	0.621988239987034	0.623756462534184	0.64341737209177
0.678608537061092	0.671448875977612	0.486986608205356	0.620669230701348	0.597267728293545	0.597494695778271	0.640909883014135
0.800859070603972	0.806698531673163	0.534957585359965	0.75239931658215	0.685408262125597	0.694333250565537	0.739423909179932
0.820685729259036	0.815832902896132	0.538411269346915	0.744181866580854	0.675264734042087	0.675266559823733	0.744903721394135
0.540452353535717	0.545608508422396	0.495515227332343	0.586196776333061	0.55840567921994	0.565133857860707	0.668483646967724
1.01478041242124	0.997649141754633	0.562023560481152	0.855553947410799	0.786082075327419	0.804204655908842	0.826581184671513
0.829446652467887	0.819612938061123	0.556235590707	0.775958420821299	0.791888759821972	0.805376455069952	0.753631758403664
0.740740723436561	0.75030369345973	0.530715778548004	0.700570499663135	0.656378804818662	0.63278610046325	0.751581954859929
0.71990574194423	0.716521126893844	0.498622766000155	0.636382159999539	0.599364162788883	0.597206657762833	0.637334851645063
0.443145642750448	0.435880070875803	0.489728691987328	0.558629387602833	0.531039301313129	0.536461329794204	0.66728042004816
0.623525636922384	0.642396500294095	0.498450342800895	0.630912825701301	0.587659927940847	0.594608529181626	0.638168229631405
0.535915056043292	0.565317320347315	0.527382493017857	0.64757909549118	0.583235463615116	0.592110646480787	0.727605314322248
0.869487080704294	0.869985883850815	0.532044359754332	0.735606351398073	0.696342601970087	0.70559191861865	0.720401359176579
0.737586859160136	0.723582703547172	0.497943922358617	0.678059212671701	0.610402317491767	0.629688756428166	0.661036085816239
0.644538449533372	0.63699507015422	0.482942185565279	0.614066407125874	0.568430311422548	0.564481697209181	0.652704117749986
0.494960725845398	0.488859982683191	0.535680759478087	0.625221932863496	0.595822605165765	0.600622283302586	0.720919965435431
0.525920007536479	0.546621788408556	0.553293934295273	0.662649368127622	0.608527755062188	0.613483857354137	0.791759616248498
0.461035444603185	0.455499070866027	0.516408347328934	0.588036511391426	0.5523494712643	0.546984524324577	0.713219739142965
0.480342633645987	0.468519955112815	0.493045161050206	0.552393726271388	0.514960413157437	0.527035931859353	0.643130647604037
0.951039139043272	0.934336320434813	0.536655699949713	0.806258264010777	0.759304515726572	0.743079764704648	0.722944374815505
0.712047741385277	0.716720547797116	0.503423518523386	0.648571105418953	0.607339591579294	0.617313240173881	0.659695265591309
0.781141666839841	0.763379797827421	0.537994538993633	0.742588335807052	0.665548098895177	0.646582497223802	0.719378998732148
0.769784516764143	0.757050962663743	0.525610548107446	0.718523056290234	0.70838707521507	0.71090156797918	0.685825180347382
0.832383962156752	0.845336345740614	0.522537128671654	0.741347476142853	0.694516487490813	0.682897377219938	0.718324270787578
0.461067725471887	0.449015173805399	0.551386339188929	0.602019427546215	0.562048761009115	0.575591582038223	0.788918543323782
0.708601628005287	0.684266357442362	0.51586998443817	0.690213394917155	0.650725658090239	0.631045773934653	0.699574026360036
0.693959733397665	0.669791947443215	0.511072066256145	0.703601321540977	0.636224144095494	0.634104335441323	0.697027217469171
0.44915593212409	0.446181750073391	0.514647864312538	0.571705206198799	0.532443956627317	0.548334108044559	0.700527817493762
0.640588585971259	0.607088180521451	0.506719409033002	0.646748274920873	0.589596400799526	0.587116458378266	0.709112814787181
0.429758370317484	0.441261913406281	0.445719662500259	0.523511569311218	0.497481197177915	0.500262093232443	0.56691300758569
0.692091531185641	0.682052011714968	0.483695698645753	0.652189033807381	0.642655391798239	0.650962404357951	0.618184676824667
0.663744240693293	0.665362247140863	0.504813780189894	0.649801227181601	0.603963159275784	0.61502041913051	0.697575430036399
0.904358338978321	0.894170664172499	0.562393496005436	0.805623239129511	0.748276233913553	0.747155485464925	0.790191523396263
0.664650143518542	0.681883917865098	0.531563532144258	0.690847773110628	0.649232233075402	0.662553630339752	0.753165287813951
0.767093451876695	0.750048411026614	0.509387600631559	0.66273343310616	0.646500780166458	0.651183573781885	0.660275144729776
0.78948505003765	0.793071491771181	0.511379368792329	0.708173672575477	0.687625081863549	0.697649417691731	0.644427441430363
0.919845719534999	0.920394888640424	0.546350794248626	0.793529813717683	0.806119638112477	0.837678842668759	0.738281584169456
0.90580116093064	0.904148508529478	0.537012931571336	0.773153321602369	0.712076664996689	0.722373374775741	0.734069782391177
0.887282671622179	0.876711146970466	0.498067888604349	0.747666037532054	0.681893899862402	0.686590331584379	0.647853582703779
0.519145917649075	0.565647779355698	0.517528549369844	0.629433913622945	0.589232907809708	0.58695598644662	0.683099213463326
0.426577096387122	0.430153675782079	0.520722790949216	0.51875926881944	0.508898584265624	0.526646271624841	0.723265109193493
0.783760855916721	0.76663089832545	0.533739912984681	0.722269754861859	0.720579798685123	0.713352351117645	0.682308196906745
0.786628105405127	0.798050207906441	0.499410168559974	0.678335070674213	0.639194360136841	0.648266668071597	0.648330490942424
0.548713333722697	0.628973823100335	0.528848323404029	0.68123433743013	0.641067822644908	0.624971734683467	0.734744718815935
0.868546021858118	0.824274657098677	0.564442319762619	0.805037100004831	0.787051242484669	0.806872684136636	0.802895583938843
0.570627824395592	0.580241480845032	0.540925755363659	0.698900709106524	0.636038918482364	0.6313752301997	0.770701933301818
0.73612003253665	0.740900235150313	0.485878577025737	0.664698185660879	0.61658254100029	0.615568539429827	0.638424601932245
0.722877901633294	0.699386684802541	0.499420224207834	0.667118865668636	0.599885257446171	0.618699686725963	0.671655068276851
0.781120360466615	0.788495157754238	0.477544333172605	0.655677088491456	0.613196457606788	0.627224119162994	0.617382377586195
0.732071575190326	0.737438743803156	0.473292211352064	0.623851385718981	0.607015132039204	0.604050906904596	0.614302368101863
0.74871965276323	0.744519560692768	0.507631393939249	0.678489564390502	0.640238305054261	0.653944002747666	0.664740548265526
0.760501354939014	0.748406818820177	0.510435681587768	0.679936655793251	0.646854527331669	0.619757748292921	0.67918867082195
0.737534071066952	0.741318652308258	0.501873878418126	0.644208682723524	0.631660054434076	0.636030838601397	0.635202061018546
0.766319893468488	0.77184309325628	0.511451535779788	0.727012186870976	0.657990449551682	0.653932812908078	0.685056977596368
0.836924413192244	0.85355944815932	0.542747910308494	0.773933877672387	0.706252901681209	0.70597893434064	0.776431643858034
0.610841884647224	0.604214403145231	0.513631103881771	0.636836865817386	0.596405412818138	0.590203507730268	0.704925476533099
0.515027704417076	0.545781983166174	0.51162704217055	0.642834401316264	0.596596685920957	0.593149025176628	0.709211147021602
0.6179847485778	0.609676417191836	0.474772764479747	0.563978814786563	0.551724380532238	0.55030922211558	0.603588074445641
0.671157889384909	0.664376055115785	0.498688428712915	0.631094319224448	0.574554969189423	0.576197203387682	0.628296494537308
0.749246260128426	0.784945917248674	0.522638523086404	0.684681347721343	0.664558742177816	0.678921854133324	0.718818024318733
0.649808507175379	0.654324732086212	0.524925413490126	0.66082737258472	0.678848064047337	0.665996355146675	0.641543844886146
0.57916288924785	0.581180614152138	0.482009982003774	0.580887586525568	0.55599988634106	0.55036638328279	0.626179916754164
0.8322562083382	0.831969024582637	0.532602721552043	0.748482633254435	0.684791884872748	0.672356116397861	0.730446073344297
0.519002107522596	0.553415663733922	0.517669763003896	0.649139253121855	0.607664006506249	0.601964005605652	0.721791059631279
0.940183778003175	0.976482313884617	0.549339674696546	0.825448971640705	0.793022105686935	0.802265531429855	0.764402419700397
0.751740021672096	0.752951178453109	0.568116794726399	0.74614719447744	0.755126609471133	0.747210239602531	0.755655370555667
0.793553026018229	0.806019791008605	0.524859508278564	0.729464895517479	0.719926424763587	0.713495125408354	0.7131767665295
0.831139829832347	0.835601220624059	0.514586186638026	0.705685311934704	0.678246087188499	0.679049606019453	0.694492858449778
0.580135542947414	0.568871280971668	0.482872303256334	0.615205875462269	0.563794927730878	0.563794406324901	0.625086820015051
0.836601757862501	0.85808436262434	0.562977444980741	0.763377742842911	0.71387780901488	0.707129325264228	0.793362616197947
0.759636792379978	0.768956905499857	0.486887057725362	0.635547373888656	0.630571895821835	0.636500735589338	0.618169411205067
0.709604337580048	0.700975432394393	0.49980156354652	0.672864453062984	0.677257480896817	0.673532324636734	0.659276897014125
1.01847907285647	1.01103902996773	0.546167210721108	0.886657214503376	0.782658471307229	0.781110748730539	0.764093984377567
0.80372736461537	0.816070016410065	0.531771140737933	0.722535677892084	0.65909390046512	0.668982847100292	0.721660309995105
0.78150161165429	0.772530119910749	0.517913429312023	0.671764990191762	0.671715102606242	0.657998199977957	0.686707047239531
0.478974712502989	0.482940805843722	0.499874568491816	0.62096515779462	0.597526486885542	0.582740997968552	0.6891270264835
0.534103727842019	0.50813153603383	0.512510911080307	0.622085736601412	0.562788267032938	0.571277785114131	0.698728615332639
0.746478071345127	0.765994308847214	0.538975968711919	0.72858598691639	0.650135629629804	0.660112684398855	0.751499274006236
0.903290618865192	0.900671713814831	0.500450069950812	0.750641666373914	0.708111045546719	0.710495523231273	0.674373430566329
0.727704772040815	0.721808775402071	0.520588348053807	0.691287081388793	0.68986862012892	0.670407017265894	0.668330563128753
0.684551698164645	0.697012602295465	0.531293478021048	0.683231734031302	0.627228539339024	0.64415571081124	0.749209299629844
0.547570250427353	0.536016650697942	0.527592504683266	0.704207529708483	0.610122480739769	0.611725449989939	0.728574100271832
0.668066527888113	0.64849326160486	0.530631745525272	0.642997498671322	0.608818865737943	0.613517731314157	0.707731377217678
0.802009422608902	0.80277949372198	0.513528836713858	0.698857552869961	0.659317831685508	0.655401506268384	0.703987533434375
0.781167622937936	0.761944128262456	0.530295940865181	0.731274783257447	0.690698258588985	0.655474135563604	0.747073977118801
1.01669101384111	0.955969428614259	0.544471664326762	0.8356668952781	0.81040473101725	0.823037321319141	0.738639408558381
0.728706618249538	0.738342533742986	0.532223631482176	0.711273541001469	0.662977507708016	0.683707245543124	0.719408944352004
0.81374398516332	0.826400212935213	0.54385188913509	0.750717923293805	0.729560004954723	0.70161564387105	0.76929796643059
0.816166244094963	0.812653834481317	0.52746225330006	0.710669630726975	0.663881473266359	0.675057585179222	0.695611144154995
0.794991699437229	0.81849559411568	0.494931268047647	0.683298502820158	0.650778604934157	0.645325703733166	0.619102623537989
0.927432866510498	0.924975726407354	0.552102051782643	0.794657040059486	0.733932634579121	0.734392659257677	0.759923653148768
0.661103998386702	0.653136626358165	0.539681765174385	0.686520888506759	0.698627375133346	0.693261094394081	0.649659409129266
1.05437738299278	1.04577041417964	0.556112895519251	0.867375856766897	0.859130859494294	0.883931742801271	0.760693136769038
0.555911757841092	0.594219956108475	0.530161655732185	0.656510808356757	0.618136287300565	0.5996630516775	0.736270285370758
0.393865400144525	0.407352997303006	0.43883951325942	0.460106235141682	0.4520440890379	0.470040388334769	0.559907949683124
0.540318699679085	0.546712099819571	0.51796017857751	0.652910179701271	0.592560095421283	0.592575778896134	0.700646991154133
0.79674302757456	0.779576247513389	0.517847288240278	0.716440447192943	0.695144223391082	0.667845979767046	0.688457914139173
0.78921080779778	0.772454427435976	0.53185560246286	0.70246502650848	0.669946433528988	0.694682799901721	0.716578248617937
0.740222446350971	0.740059760796213	0.500636119539557	0.653034716737476	0.621258173420166	0.612042390460266	0.656309566568468
0.643723627822904	0.641713171918875	0.52855589115339	0.642989388581333	0.61917990074603	0.614308678386282	0.745771018676623
0.853054763371482	0.840451033000271	0.533578067350619	0.758686447007186	0.697497297537886	0.674466713639662	0.723519229512553
0.929409509512152	0.961570606754633	0.548857088410991	0.795994568235876	0.725531913510774	0.73112803913607	0.736737696322216
0.504200897566768	0.480133692150517	0.544671117347748	0.62763227294247	0.580552002622002	0.58368800098033	0.763010136896934
0.827195111794935	0.844392802097405	0.521124829840259	0.71568805660463	0.673372042350464	0.688412194856547	0.704780759770408
0.786361143439459	0.771917639416373	0.535236489670579	0.738058408557256	0.674885058284912	0.676868774633569	0.757370231370032
0.964095049188964	0.950443467338816	0.531079823310104	0.806436057737188	0.746585933427126	0.731229548014171	0.706698438171999
0.649093035745832	0.622536888006187	0.512530840805046	0.681004012280232	0.622610282585809	0.611927889022439	0.679915775887723
0.868481779008811	0.8509649818144	0.558126039202116	0.784456949235166	0.757610989682608	0.751926683162042	0.760479806799756
0.942768316687844	0.931155536089772	0.550908558536771	0.813404900845387	0.751671771867849	0.741196515164783	0.748485276838792
0.634162341767093	0.652991956844103	0.539758255822379	0.682589280185212	0.627526765472121	0.609692388465661	0.751213919299999
0.764213525658547	0.779685190469864	0.55173944712862	0.784518019673669	0.699506632113872	0.686298018600825	0.806055507599845
0.700040648696317	0.686225565115591	0.513397398117079	0.631051068834865	0.609903714978025	0.617499353770964	0.678461094165298
0.893178860613521	0.88770295905819	0.574718365880318	0.810609185162345	0.786436553961551	0.774744920124609	0.795223613384397
0.742471493231864	0.73480134129671	0.538290578175242	0.719819154838976	0.644687530742226	0.641499056374048	0.73691575544949
0.772616586898099	0.783213980952139	0.553165253979519	0.729872744990749	0.709742074110402	0.720872792407954	0.744324599197797
0.68647844814553	0.681809897838586	0.495359079145936	0.650798882183424	0.604963903365914	0.594898401544107	0.627374900769092
0.791192264917396	0.805389688180409	0.518338313261647	0.724362165126178	0.659270920019169	0.676276174238263	0.73785182001315
0.814011271155621	0.802589295580539	0.500145219047687	0.714593597408826	0.644566448378024	0.644786092577106	0.662214693696775
0.699486752934227	0.718331727875198	0.509746012935478	0.680624361960012	0.628609940447487	0.642154069315227	0.689109744187055
0.833202172643826	0.844414875630872	0.515173501897325	0.752618172305245	0.688965052167268	0.679154975810562	0.706110699117378
0.606873327928944	0.597230422845738	0.49808450351251	0.624685207031113	0.577216182225025	0.571449193654531	0.655621738202476
0.730676228511044	0.727554098013213	0.519072828719226	0.686280812472743	0.636011287725561	0.618893172400388	0.685462060808195
0.67741630347018	0.674922461998175	0.514774535110151	0.660737601351991	0.630255338257538	0.641354636514548	0.653121712732053
0.904321583252576	0.884705675434919	0.571526622623472	0.83398110678768	0.743112509776903	0.7508183554262	0.852579160165958
0.805712621324069	0.815487492498748	0.514711168049504	0.697674770383041	0.656805762354491	0.658391320803818	0.692176982658513
0.820750999031211	0.812372503268626	0.525580644376674	0.706450704030395	0.673731273345021	0.659415595908543	0.688757885322823
0.667824798474575	0.676019167258243	0.499153752759367	0.650547768187925	0.625821466778882	0.628168728399879	0.638358615180628
0.746366571338768	0.763640778733822	0.523422167552143	0.676281675390647	0.662223397936017	0.657825565522396	0.697082441073979
0.921987367952211	0.909049314616604	0.558940128321282	0.83264988981687	0.761030890950684	0.760291472996239	0.860692966777555
0.563445382767797	0.570867701895301	0.465037217344121	0.577941997787005	0.533573587580198	0.514537727469214	0.589120825738168
0.88896426772688	0.9498457559257	0.570256859652138	0.869737166596666	0.818940831127789	0.836445884350891	0.808243208731593
0.691541850818298	0.704842257649169	0.53089810234819	0.753840496984811	0.665788479021895	0.664430794311148	0.762438012171512
0.841860758483773	0.83396506248538	0.52198900219874	0.759354763230554	0.680129276648419	0.691039531487525	0.698731845956127
0.738651879101905	0.743621437707276	0.565203670831215	0.74499832811481	0.673174946804838	0.668537668289138	0.784663905328677
0.888311963397898	0.899001337047805	0.520921341460208	0.746965042326597	0.708847413894912	0.715426835496146	0.710389856632053
0.573153579233634	0.613093395785151	0.552944144168287	0.693202861401547	0.646124460200321	0.619925354912898	0.833892783804132
0.800495823617696	0.82174094481001	0.558287597531352	0.759204187340307	0.742651495713628	0.752467539058525	0.736495417162952
0.754552397202544	0.760256512206472	0.5119033026053	0.671115845697356	0.651936548461938	0.641263239468106	0.658577285222511
0.726212472238078	0.737468669038677	0.522026689247519	0.719465606528599	0.701772992255484	0.709265548802482	0.680003116045843
0.637345425785289	0.645766191316007	0.565247201872909	0.750656623503356	0.638574171549123	0.654251337829284	0.81805967340382
0.700577527344904	0.69599562174935	0.523703391652514	0.716516812795557	0.648513222176468	0.647957230955341	0.715815132854028
0.412490671257437	0.415136617852342	0.497903255162736	0.499004109569876	0.495096598387994	0.497382254488286	0.650789996672269
0.585529768532288	0.603283753096559	0.520984544647	0.700125226813722	0.627469396750463	0.630263043934453	0.711898254496696
0.637464387694529	0.652381585843459	0.462679301226906	0.579446200744075	0.550986922698984	0.553605586007864	0.56531671541092
0.902883302063439	0.892276281195895	0.52966593419656	0.749173532333289	0.720407956334687	0.73459514964817	0.711863860637289
0.701444273789383	0.703225924003726	0.534552284670945	0.723430421290629	0.667050006294414	0.645429920478006	0.754620245766157
0.420000157319334	0.423208970842792	0.470159057640237	0.517539611463649	0.511575050098328	0.500066515617993	0.596660489537538
0.906122801511133	0.964900850948819	0.571485983961325	0.825909975804093	0.811361473388541	0.805269984072763	0.771954962170965
1.05038418446762	1.07443280272756	0.579516516207037	0.911438214368179	0.85984577886025	0.842202994361364	0.837909913553365
0.945137604777312	0.945755108107575	0.552743000421553	0.823643069564943	0.753661973994181	0.752405132083618	0.760978267065178
0.925194910574809	0.894645595471471	0.540917933657906	0.759733296495815	0.710355008124827	0.719371954406756	0.701459272739857
0.754601379862753	0.767924190837217	0.524884234819321	0.686679122594433	0.663284364700381	0.660350181980406	0.69556341489981
0.721380818414959	0.700823503732262	0.483982487592533	0.645991175126897	0.595435688493175	0.611374115667692	0.647150417048201
0.981744142621692	0.96241997430758	0.554465133151136	0.853776607562723	0.7704447012311	0.771209808208866	0.786671027195582
0.845915454870585	0.860871823854892	0.550786041185805	0.776530134288142	0.717483619452767	0.720999552538525	0.79404589669155
1.00152484927724	1.01044280574344	0.554923525716062	0.854247205042975	0.795907958831202	0.773915466822673	0.74223503669953
0.690991012822243	0.736896140290076	0.532065637186523	0.741141314983715	0.773565292998396	0.762158064573795	0.670706772358434
0.753026311084406	0.763003474677974	0.529801170786837	0.755795035661873	0.739569681438462	0.736749829507989	0.695744568545896
0.92082263069099	0.912461399286773	0.544237757340229	0.801141794356183	0.738866667172859	0.737679436629763	0.752164772715301
0.66274338746763	0.687423617790982	0.519101929432248	0.667910770437992	0.622771645672689	0.620681217388564	0.700813734688189
0.675637875494972	0.672672827335157	0.505317827765026	0.661402219341191	0.604148241073387	0.610655449374062	0.661993350979587
0.562630391236492	0.589657828818628	0.502036705092672	0.640375971736033	0.595561043725613	0.602126205568679	0.636675770680093
0.69214521839306	0.676703896194504	0.496528837195028	0.640818760279053	0.602187903357057	0.607198851106446	0.69497123835699
0.778740128968953	0.791931793339203	0.50970095583543	0.709771710042664	0.679797085462405	0.662679403024322	0.680534703335851
0.546548266918868	0.528033225482757	0.507507024678829	0.611115273622761	0.550243887564584	0.567035805848848	0.657106570739086
0.91593446868958	0.924515538981836	0.526975916470033	0.801111207869968	0.735567791287569	0.740801451668663	0.71762596638922
0.678915014407242	0.670628375042052	0.48465881612891	0.602647707655613	0.561910863230032	0.567905746585663	0.607779565143042
0.716716575602519	0.706245047667225	0.494494893846857	0.661889214645978	0.62555470018772	0.608603079410556	0.669869188045477
0.894662651888452	0.881862888181372	0.511130284622307	0.751002616612743	0.720331508588756	0.711942045094701	0.683504105208056
0.637082147670598	0.660449300762569	0.511738837741724	0.687207187733948	0.633277506790742	0.599220737342197	0.71372799273845
0.41392684140335	0.422038378322371	0.494245421606378	0.509926833881843	0.49749352071887	0.508216181323698	0.656898270836009
0.468486717421326	0.465889052812425	0.49467913189017	0.589698210114061	0.559559727616095	0.555694542266001	0.652842110143418
0.880124104468065	0.871253110602188	0.523126504636463	0.737130309658134	0.770325256519854	0.755460575887824	0.681080787968215
0.46447071436328	0.473796619494011	0.532561802590837	0.608069952704387	0.569256872641095	0.581475968412351	0.774138606181101
0.562873391889718	0.53955380074748	0.473585608600501	0.565617124097572	0.530550604570265	0.527986384193922	0.594876941910991
0.830013229658035	0.824863305925525	0.560214272122765	0.808911578232962	0.795549475319444	0.79353607125667	0.777330417204264
0.785819329381041	0.805409171476335	0.517749207316782	0.717933642330174	0.641049680812151	0.654641314777653	0.694549977096478
0.832451570606359	0.820429639672862	0.527904864255829	0.746769173751499	0.712558510980174	0.681614221635738	0.752125874359494
0.732616439840246	0.76994189828406	0.529058666407425	0.703864309151766	0.729380074342533	0.733343623501694	0.696264319608698
0.71286897780629	0.762172312399501	0.520790857589084	0.686937304383489	0.683210773102748	0.703403690259583	0.678608596107828
0.867362847126884	0.851965182801974	0.529819494310192	0.802605839102517	0.725937645926625	0.726792252190015	0.768544042322778
0.845560179433563	0.862768003455433	0.551930548746149	0.781544477466913	0.721806942204903	0.724601994478727	0.801235587535445
0.828652848686034	0.841003486110213	0.535617712058781	0.751660502726467	0.75718364315811	0.752661276591859	0.727423158419298
0.713460546239248	0.724283908641671	0.525938665841325	0.71679510218044	0.664047521248924	0.651601260941268	0.754452332307463
0.584936508190202	0.56271554720357	0.533239896531818	0.71015831628597	0.646305041131158	0.647225506202463	0.786306242738751
0.724540529675639	0.704164605105635	0.525996279851872	0.700263185941946	0.701989781472743	0.709431140378873	0.693129320201406
0.701981050652817	0.70828527485834	0.533711103386837	0.69603075207373	0.656587895004233	0.627007530020961	0.709180792692457
1.02089769981414	1.01591566412058	0.536749612998528	0.856836334442859	0.78811495332101	0.789662118008144	0.751233123798507
0.589024949608516	0.598184196598858	0.517157764516468	0.655457909387874	0.606754319488046	0.607278215838673	0.721751000146843
0.841111202924931	0.824694196065278	0.515468413075806	0.729675334995649	0.687570450714914	0.674039749276362	0.700255428924755
0.771247154850957	0.775174694907462	0.510433830474912	0.685079718285984	0.664991964307769	0.669036612857286	0.645804493466347
0.682173806099529	0.694962537866561	0.537468000703461	0.694297878982104	0.719764276306379	0.71118435345723	0.673490047681743
0.858375102289453	0.864319580947533	0.541393593367612	0.773354332749217	0.760027779513988	0.779027909280297	0.743737590501063
0.813064411106004	0.81309184420338	0.512944992538398	0.716765846304751	0.641106242674823	0.661854479879677	0.671731700233988
0.783387759628105	0.790242599751011	0.536398981007663	0.70660540241921	0.696671945734305	0.701488077703796	0.718907338410073
0.775700167464143	0.769421209507566	0.544730291571564	0.75733543418162	0.782180764117833	0.775545318428486	0.710871487784442
0.568843884919891	0.575445524781486	0.545760380984458	0.65696658509388	0.6185583848447	0.616075902971469	0.773240337897508
0.583371865722527	0.574535406243491	0.486651016641516	0.602467414758348	0.568531700158195	0.560467557572969	0.639459564706202
0.827866829195937	0.810868204699415	0.525451048415629	0.733272576335582	0.735557700605407	0.734790105011068	0.707018301541269
0.890771238687476	0.867287913078372	0.543395203209804	0.772345363508156	0.703749740603308	0.719621474602469	0.768739888417908
0.984029000077287	0.971227180668888	0.564837241197076	0.87812903900736	0.757936857733482	0.779970941245886	0.802261538651961
0.749380601666304	0.7353772854995	0.534240539226699	0.710588804502192	0.646175972182558	0.643458591517053	0.70955160789356
0.470831688748413	0.473736064517737	0.532954467823872	0.60991483613045	0.556665097566383	0.578579944564762	0.756079692568014
0.937552798054975	0.933163242919584	0.557283764433756	0.837216794314591	0.759411620334187	0.761385522484021	0.799380069287037
0.725936273906799	0.742442980083581	0.486737423019031	0.680650077607658	0.632282970027446	0.625012009658529	0.648734462873478
0.720896136354089	0.702079963012514	0.549094993443192	0.724782668006836	0.653404226162409	0.656849322717193	0.781577001317392
0.423741338904805	0.430590035848963	0.510865362392766	0.520753105577972	0.508516979209895	0.527861916502326	0.678696288944967
0.8309059475807	0.815706719890673	0.539478638037326	0.746048613668956	0.704328178496088	0.702902370739447	0.72998115259044
0.679072452970779	0.663963891071894	0.504728746659672	0.669845691322345	0.663089958582678	0.636185004654368	0.673186481314646
0.846039164452521	0.852970582594375	0.506130999277569	0.718730790159767	0.692341346959129	0.689575354170017	0.667523869731968
0.919033987577484	0.92691705625816	0.544343481875713	0.801276265414047	0.774860193677619	0.771248898730161	0.716462115824811
0.72475357803749	0.731873202327648	0.549865608658598	0.743201448456856	0.679105245639793	0.670098925027371	0.785732112265406
0.681373052863173	0.682126810612233	0.560622368498656	0.732262883073019	0.648185859628542	0.656556165768831	0.805879547905864
0.650301214797515	0.656392086844319	0.490993943090949	0.623435439633067	0.597975423957442	0.606770790613107	0.638312421707995
0.448259555125216	0.45119868739069	0.517174902520955	0.565998774709004	0.561269068659699	0.548626426304179	0.721942645938744
0.952507581513596	0.912398172621196	0.558718406437275	0.845735895265298	0.747236522911379	0.767763300433625	0.826521788672354
0.653762360807825	0.658916011186572	0.479897225805047	0.603086336048645	0.596327626720916	0.584333095448524	0.629410895005797
0.741469566036161	0.729328857729899	0.493843673287362	0.649596981796236	0.622506143272947	0.609532576541446	0.631969451081483
0.619746177408427	0.612605593258515	0.469122954327734	0.576885596951498	0.519983178298228	0.53399799004336	0.584615976912606
0.754522736455998	0.741038414251827	0.548204370035441	0.726102920459423	0.676485579847753	0.672021730108105	0.760389061420756
0.686104487842732	0.653023888404851	0.478091031497396	0.64003483558766	0.603354928681156	0.588236990186503	0.622789960068358
0.670591719660768	0.666376137333443	0.509096504133888	0.649630898713152	0.612671999325282	0.596237910431112	0.679153140662898
0.676543900922103	0.68354633934491	0.533097757949582	0.717007811186957	0.659447824183107	0.657407538508012	0.776059087094843
0.574909957498518	0.587817239943248	0.515114002561823	0.665018715586028	0.613885432719197	0.601628296500643	0.699116819437911
0.666909970701082	0.655720303863299	0.501287188556229	0.62754446470329	0.611056037941059	0.617982111693617	0.64609740919051
0.941706762101048	0.908699033620323	0.554788124124173	0.814420080911376	0.747263471670183	0.767002347752254	0.811673705647637
0.875236408215913	0.899818588618293	0.536931103215347	0.786516508310215	0.72249115825767	0.706556581062287	0.740948200225123
0.781292677080781	0.773891456291203	0.513772059378293	0.683716315840952	0.629906695566396	0.63768166260109	0.671512367223946
0.735160531436923	0.740128539402107	0.525309240269778	0.698179032875901	0.611492707560008	0.632992970039022	0.689812480159536
0.903275880698752	0.909901245917206	0.539085331576724	0.767166875890373	0.721156078435868	0.71693989426164	0.712820929925024
0.736888674841587	0.731242219130512	0.485546720047325	0.652837283546979	0.635130097030362	0.623479571547094	0.590166804448366
0.678065669907115	0.695481249185256	0.487495679643427	0.637201413835404	0.600370137952853	0.602625052577114	0.626147161766108
0.986022429365431	0.979845699603045	0.558442812242629	0.853595189875019	0.771928942959985	0.793111254203334	0.788040404211888
0.461185651810649	0.470185861003217	0.503492462895219	0.571460390756088	0.54710802512193	0.541850109563576	0.672876596508289
0.797550152343198	0.769987969810584	0.519358456201232	0.701578996440837	0.666701565860522	0.668221046489608	0.705799760068876
0.723584131970856	0.739243419168226	0.49855210056693	0.640901480604202	0.59780462171152	0.616850874700432	0.652109096923909
0.633847159060437	0.613980319506921	0.525913471880345	0.672715336394169	0.614898946980481	0.614926790987219	0.719583997712379
0.949808277666496	0.937173736245152	0.51374946564814	0.781141503906957	0.745511234563363	0.746057812152027	0.683993685760505
0.872039861264424	0.866679846856956	0.520325914633154	0.760844831847064	0.717502333019056	0.739245835039986	0.687412359649867
0.471855259166901	0.463383775487494	0.522360075734654	0.592787646702248	0.586772505141731	0.587849304124124	0.740467047752933
0.90149910812422	0.844411885773285	0.573490864286975	0.824614113491488	0.801017498269149	0.80007783929685	0.830913881115216
0.914282778664945	0.910815411939263	0.51716974535316	0.790355988369151	0.709030666409206	0.714012580401573	0.662503965287156
0.786276595637256	0.782869855922635	0.517054800942082	0.730557925803406	0.694371199315385	0.692526818028048	0.68379167105441
0.493976335097115	0.499486850743415	0.515169220257913	0.604922670599027	0.562300974722372	0.57215425591403	0.739646952380801
0.843545261802152	0.840290117616736	0.532931210042769	0.745856091397307	0.690806253196846	0.702333411987792	0.739071913853477
0.932607529888564	0.93620197785083	0.565118226657413	0.835408323201169	0.757135608565255	0.784530726589839	0.84190233146303
0.713207506363832	0.7559770820986	0.512025222665558	0.706537712352178	0.650865639346424	0.648548441706361	0.714595927214912
0.506412815004862	0.503072033354033	0.537261957983138	0.654983370927365	0.607206501529657	0.60950262179944	0.775330215329349
0.553659858524283	0.562774359749889	0.493891838578072	0.635221554059928	0.585894841833633	0.577631574762747	0.661362948185741
0.83030439886787	0.838601503888488	0.560542732105841	0.77938133651369	0.710393997671834	0.710471634676906	0.791253473450318
0.857880219360685	0.924383058158213	0.559480817049542	0.780815535994452	0.747969843438226	0.758909729576996	0.771275170736863
0.722257719875918	0.73254512336607	0.513815390372869	0.658811018655422	0.640935219812851	0.670426410880992	0.667366052342346
0.562979866054502	0.548782016627885	0.506615891387283	0.653615794428461	0.594066042509451	0.599271787771682	0.678640974955032
0.66407197679991	0.666432345285533	0.455458014928639	0.591154739097899	0.557679563375231	0.563629138901485	0.568398417778461
0.745851435511044	0.75868082596511	0.498840065685114	0.662523705874974	0.618794584612774	0.619190630125414	0.633189939038826
0.861691407231151	0.889520323771083	0.519972232547147	0.748804893249647	0.718429351292025	0.712830262802619	0.658825303356255
0.761015859286985	0.778436998966303	0.532954364469708	0.719710873621571	0.706528134308232	0.711991599021688	0.713498582472134
0.585939078987366	0.578404990946379	0.456653595400716	0.550567266466312	0.535635120192825	0.546359076531078	0.574765443127823
0.771377427183067	0.76918401832973	0.489406811865076	0.652712163670885	0.627236433158699	0.612568918837879	0.595252575861145
0.419124745939657	0.422662798212405	0.479814256474328	0.526761261043289	0.517858180901317	0.508832181001697	0.635131924446398
0.641963241442135	0.68167326523901	0.508125213616799	0.684192097821383	0.62928757474214	0.632001139687175	0.689528026731163
0.654503947089013	0.649943529871475	0.525760233083767	0.661785772228086	0.617822893779459	0.603518874979584	0.73280652889259
0.813776003095756	0.802424276492806	0.492478857331668	0.670411978526663	0.65826660358356	0.63574093709108	0.63006991131499
0.600571544371328	0.613858565328474	0.517794657454728	0.639133506197593	0.598363682261699	0.595730107288704	0.688211536076961
0.59918284058667	0.558342995332192	0.51935760144048	0.625794349487674	0.576750871462362	0.571478427078859	0.718271333990889
0.795845668829368	0.793718681325985	0.516174620275299	0.692956044746785	0.651550429193222	0.656481475059633	0.679477746433765
0.736788398979542	0.711509043979135	0.525625304278578	0.676862497438918	0.651168620304134	0.674632797333683	0.673037909550876
0.723584422731385	0.742878165889296	0.526809427726952	0.662266385709315	0.636482986408602	0.630897202989771	0.714371578436251
0.706960197194235	0.72285352249544	0.544861036893207	0.729931311293294	0.76428376387129	0.755016776075909	0.717542715889109
0.768661027377579	0.769552572699675	0.485583208385904	0.646755300188306	0.609833942218332	0.615178141823433	0.603604479433451
0.840004388931076	0.854487751198806	0.535646851199373	0.725040265507639	0.697658386136131	0.68383147742151	0.710897867643699
0.584700601695462	0.610468225185093	0.51076709366412	0.622854954864433	0.586580002024631	0.59299173797028	0.687496576080826
0.732131218076007	0.720127033277483	0.502001191625297	0.705931564753532	0.629265885311024	0.644906592651267	0.672662691407922
0.875499571947562	0.886197175001853	0.540155674190535	0.742232994888381	0.729235560707922	0.719395282266663	0.724121830000204
0.874946787560454	0.880734055904607	0.520868447881005	0.733253240856323	0.699577840501263	0.701422439240056	0.69456533526506
0.837075327169055	0.845310704077887	0.508905181137041	0.720802691425182	0.684166441442387	0.695059335802014	0.694831279142519
0.927564311240975	0.929604461777024	0.536229820068759	0.788103182545706	0.749304536543543	0.728148035578704	0.724403216796398
0.657915339768872	0.655350787348062	0.529478048831797	0.670733516011043	0.631733315478087	0.633778367485274	0.749166186561323
0.869341884378407	0.878209733912884	0.562728089879803	0.803382126795706	0.723696976791307	0.747539555151104	0.848014263277128
0.948973229228301	0.941390967538504	0.56444626494079	0.84451160076807	0.75071431436254	0.778368467397886	0.819867982664626
0.756760964518739	0.752775638527401	0.546115934988282	0.745649593215039	0.676825911982037	0.662858829139622	0.769836636534456
0.890021993205436	0.875697018883213	0.524446958772035	0.761433890773188	0.712466593820694	0.71056087000265	0.723586819851579
0.465982203541422	0.457867179046894	0.525700341248323	0.577213688278503	0.572840376274304	0.545102977674393	0.736604409678943
0.694174242517614	0.693350713304098	0.474632513823227	0.623078068841385	0.593677312463979	0.616598403352404	0.603172670093052
0.777268318834297	0.783237749867471	0.49938447682683	0.685191702578997	0.637833794712736	0.64761541528768	0.682707977076679
0.500595524228225	0.48947123193593	0.511616669923995	0.592645181279639	0.571664957325541	0.562985426023036	0.714752532444692
0.774845079560614	0.816275340436983	0.572687499809767	0.803513030062317	0.866162031833226	0.888361560594598	0.768437966020826
0.802233360170485	0.775325224586221	0.536393519797869	0.764979129839186	0.677247381435	0.702390998662238	0.766753036110543
0.620747324642499	0.648005498697572	0.513299056767732	0.669775837024415	0.614387174787238	0.623412864456228	0.698206088485501
0.867958485560359	0.881055045898217	0.519413892411446	0.739587399639694	0.689106317264938	0.707240605933563	0.653795570924072
0.822197195673408	0.82060187388857	0.541442307363133	0.731523851206815	0.673161317298052	0.681989988126414	0.747778346754431
0.804541503030382	0.795540121443596	0.5168107040872	0.721273732584231	0.646511190683663	0.657677901665577	0.665433201210186
0.896990913380536	0.884113845308161	0.539513586701194	0.761305673668371	0.752912027285775	0.721385738180101	0.727876549752312
0.712740059590227	0.714440405170356	0.506769423490762	0.63716187235429	0.626306981112604	0.620999858530104	0.647236276134179
0.635719082451286	0.629421093921323	0.5359164067173	0.670426085979795	0.610311507697159	0.610141132430659	0.737046200957029
0.713186075007553	0.701693191983755	0.537976518280291	0.686022443952706	0.636297763513955	0.649774542235592	0.752083022974881
0.959788379418623	0.963148367439558	0.536045271941899	0.80625733397658	0.739902552259095	0.749604351894787	0.708792020353103
0.720284686825357	0.706562358663858	0.528410921159121	0.656809592994955	0.629001721047569	0.642432839034106	0.729931836021042
0.853367475829942	0.844150471292595	0.527743447366194	0.727003535185297	0.682092364935677	0.696243534288383	0.70087222895705
0.901434822454699	0.883104284691141	0.512681816112603	0.751998359708848	0.729320378205064	0.736351455747053	0.675773581616726
0.56341194880799	0.564160062059177	0.516180636965631	0.615075101872108	0.583978519047427	0.602890399250816	0.698887056694521
0.586452864979862	0.600441155264067	0.505352865447311	0.638959777113775	0.573368337538462	0.587172723801104	0.654850603722875
0.439172614311497	0.448539479663927	0.496374303048317	0.551130851846061	0.525334686513821	0.524725850228306	0.654000399737384
0.581630467398625	0.60397133389104	0.466094849714711	0.557860104443808	0.539105540547465	0.570646477351858	0.581172525711092
0.867662169566554	0.861323241484009	0.522056164254672	0.75044766566956	0.710722018510563	0.730377727820618	0.727515434982049
0.910943354670568	0.901244495042335	0.522221395736797	0.764723738308687	0.736060013297091	0.709706004411018	0.702523876608821
0.618622199896011	0.606161524924605	0.486497041827141	0.597933262606916	0.584088624600669	0.579590881688612	0.604030995107827
0.730555163412813	0.747458511498673	0.527921954395209	0.677970848329635	0.644648342600886	0.645781272754513	0.737089051365071
0.699277878234576	0.692257141221786	0.493957328869825	0.63443068292239	0.587434011341177	0.597758346842757	0.631442138278995
0.823100413446236	0.843976628180758	0.555486159524999	0.78430352165726	0.762575262795976	0.762106934210341	0.750745496301774
0.913375138572082	0.933243011063217	0.552347212175095	0.790022149560704	0.742557450540129	0.757007006885534	0.735365531884359
0.731917990366899	0.731446180248537	0.505156111023921	0.646532174891307	0.635636821035808	0.628972919278592	0.684269003085708
0.582634826888348	0.608510788571594	0.504434068372373	0.664820206664554	0.607904806733569	0.611263572694322	0.669676118554934
0.640376886712942	0.592805344375089	0.530778248262298	0.690103673326133	0.629853231291308	0.6306270962565	0.727772136271818
0.635430382142527	0.655560243900892	0.51320382473491	0.678139217666719	0.613173307777087	0.615800993260156	0.667961364492315
0.694828994342605	0.703101420818148	0.526625364420236	0.675821086736503	0.653756587524236	0.65441473629974	0.68786465713595
0.891174350673121	0.885800793058272	0.528320506644676	0.757289920970764	0.686042979939287	0.696544360109213	0.687213508020755
0.808301379418486	0.808545805988398	0.520432722287977	0.721188021427345	0.668713717559842	0.658328219301894	0.702298913766032
0.997677955094011	1.00070233473272	0.571141400197708	0.856843695740357	0.797166961361239	0.799687497432403	0.797166746338458
0.604018208401789	0.619066228858384	0.503731098024698	0.593086788093113	0.596423774248261	0.611639453936978	0.596079969316341
0.887681611149961	0.87712380812037	0.553955601187995	0.812974524592731	0.733746276315281	0.726823297566456	0.795006998191167
0.612322647643083	0.630706801937739	0.492485561886126	0.60645715773542	0.559577321427174	0.559344182876963	0.6342308352392
0.599496928520435	0.631149281872775	0.54324377637761	0.693983362749456	0.63127333215143	0.648283840367457	0.758201139243298
0.6469921520194	0.641307584419029	0.53156599726774	0.685567630402486	0.633667160451079	0.635848413330231	0.774240409221707
0.749299766296933	0.72472656232027	0.539531763694297	0.70043743938802	0.656175719385061	0.652552685869526	0.753858302836563
0.795397111087344	0.802585489242019	0.514130754924091	0.682957234504507	0.651777793156236	0.657403639581188	0.683828981124494
0.833704519530711	0.836773205871354	0.551715441568155	0.775340550177083	0.70209691673397	0.702328033366482	0.805967292191013
0.659703635336925	0.661951253856335	0.486211080224199	0.634786159998442	0.586458227041456	0.585153341762976	0.62181089933032
0.816605737927397	0.805449540870532	0.503309386191737	0.689896586544968	0.652098502505449	0.660124149016467	0.647238667754562
0.620948457502591	0.661792446034623	0.539626761737044	0.686691962857386	0.653292254373301	0.632003455509538	0.790236990466463
0.907218202804057	0.908448580860814	0.534198216472468	0.808807306206368	0.730756899944373	0.73081232285552	0.77324889753292
0.675743385456016	0.702319635987767	0.558670881936545	0.723114357395447	0.651370613279054	0.653678046102735	0.779144635641134
0.669776189060254	0.682972579056189	0.502724299543247	0.65471755297294	0.602173112046916	0.609023379076154	0.681200682749549
0.802175245344726	0.776897373115485	0.536030464852328	0.740050536000348	0.67492305359437	0.677498480917935	0.753578588502967
0.449410551969821	0.446752677976813	0.493884060832235	0.5684621590697	0.527809702592158	0.543024887294665	0.655861307184339
0.641486307352236	0.6409508927823	0.464754781461594	0.572512893024053	0.571132417959146	0.551876014688329	0.582114900608452
0.895634634160203	0.882791713596369	0.509229423298681	0.779796806708309	0.695050709839966	0.700878688531281	0.711331854717899
0.583329310334464	0.556296310285069	0.535033396831229	0.678246976502511	0.613344876183735	0.61744178214959	0.787264002657688
0.596887267677637	0.59271651522454	0.524886683080361	0.637214855221126	0.595021034004284	0.585898951260098	0.726260588865047
0.418716620722549	0.427226902738193	0.496258975674788	0.513756150050953	0.5107014082131	0.511123801572979	0.674430297197826
0.45561575737569	0.450288237492739	0.539613478573203	0.586260501622631	0.563451080944102	0.567895755826924	0.787803939688484
0.727692201656793	0.756046371780866	0.514962821132351	0.677900629318261	0.668904025570505	0.653540822267129	0.659124108881687
0.786047111264111	0.790092162447478	0.534846326164194	0.733371394905971	0.67789961601916	0.671895698658794	0.737244387513081
0.797868492062741	0.776905677558784	0.536247939877643	0.70905375353521	0.700198834372433	0.690472666699644	0.743942979949475
0.882484445192059	0.874139468164774	0.519855936589558	0.765331068673322	0.720724844091439	0.70302248938845	0.726576280159382
0.858094408883933	0.87594109109972	0.523252046254898	0.725122884563895	0.688075839780487	0.692892339346572	0.651258992560729
0.654110722376047	0.67100992572955	0.502628859226608	0.667478230528742	0.669729393551015	0.706328446420576	0.637801944136424
0.97458796143704	0.973261780567301	0.528067690273783	0.818248100325645	0.769509364929097	0.765431999033199	0.73420216250121
0.760078341119393	0.714842062692549	0.516035432047627	0.70749233188963	0.749818550219314	0.738849079072654	0.664221504014225
0.973381763760875	0.88337258562776	0.55673122243643	0.826260114665698	0.811053207805813	0.808741838446619	0.756943884014698
0.792395104040406	0.810443414294316	0.513024999569808	0.702858601068563	0.647060639598482	0.653184172589943	0.692119767564365
0.855535697502656	0.841036514659799	0.539906763196903	0.77839909027567	0.683425471257393	0.723014458732125	0.73859302758187
0.578080968481391	0.613385156530374	0.537639213713776	0.700276462059612	0.636204322316939	0.64004920525149	0.77190920532104
0.429363154890056	0.429435397406768	0.505935141638331	0.516623807556376	0.524335742400389	0.523204194839146	0.712626019694551
0.931979716946378	0.941103576308772	0.506007463275182	0.764415497954989	0.737035295277509	0.729904321211079	0.670610560105483
0.838657677117137	0.845026923269501	0.527641323809042	0.750228926373317	0.692197159139179	0.673571732254339	0.735416664030767
0.475910533655948	0.494372904029246	0.5081569006251	0.567803970877286	0.547302390954076	0.542397989330964	0.670061382724864
0.666433688224028	0.679782729620293	0.50613188416399	0.640552335535193	0.611680584419842	0.594159557773913	0.663164491119299
0.784063543988957	0.803285501389547	0.52586227141881	0.709438077297472	0.680092167624766	0.665565652778987	0.711076802091849
0.590714175397005	0.605205334552844	0.485687702591128	0.590011421858823	0.555488701040529	0.550941710621515	0.643291702890566
0.739593842813137	0.69495606223184	0.515691372721538	0.681004610968487	0.727740473533748	0.704824774959127	0.6471336229087
0.799675016050448	0.807761090674112	0.518047323196068	0.717603623581628	0.663480267216083	0.671722409593448	0.695179685049751
0.839562059383836	0.824022675363339	0.502578141315955	0.691991870753552	0.696732125969243	0.679245594023965	0.643486843330101
0.824168104672093	0.826656513852971	0.522878251432219	0.699281308864483	0.675415450678756	0.661852828037829	0.682422605079508
0.676396227876073	0.667978808137943	0.4916250509471	0.629369906807846	0.625638397629377	0.620526197277336	0.634258991039139
0.877129678990465	0.878374425783008	0.53545715803589	0.76991285077105	0.73050896304982	0.720463897043402	0.761443889969011
0.719043283997173	0.717247227867324	0.502680356719377	0.65506328970442	0.610944052864293	0.628190128385564	0.684478811887117
0.705915167530203	0.731292932103186	0.524660972172341	0.694008818806611	0.681638203221814	0.669711022354711	0.684239663942257
0.677773608794782	0.629227469328134	0.51496202531549	0.683622620359626	0.623902292897516	0.632723379827647	0.716440632631964
0.811163810191234	0.81897731812302	0.514413111015587	0.69697599056962	0.654217896665203	0.657819040278897	0.665981512590478
0.911610658639072	0.941002998621457	0.508930527746098	0.77177509050436	0.722610571166811	0.725581216140436	0.665829104328984
0.731117476143873	0.729304521516568	0.515705570999418	0.667164108616139	0.638432499664237	0.622343446806724	0.700447373018768
0.957472999673545	0.919411669244197	0.553256267327157	0.857011883906762	0.757069047232756	0.751446791964089	0.816738402226905
0.852013502308632	0.865843939588633	0.52316788415766	0.76642932422062	0.682676958874484	0.709890885323089	0.717923344120225
0.756953348969517	0.776521460483656	0.536642991164773	0.720529648548601	0.667879912989788	0.662479228156726	0.765778006561638
0.515122985247209	0.505956142529839	0.527663991625027	0.607030932702	0.570601193195232	0.594361551042265	0.742669235192101
0.946486996956561	0.93948698037339	0.522928307241993	0.79364020548197	0.740520825471484	0.722705252288155	0.682911760729135
0.643627432999826	0.670960535494936	0.546662430561528	0.725899630239425	0.67121873220545	0.653782301656364	0.81891176873088
0.854846099451372	0.869818382233259	0.521918339604138	0.716496158840598	0.680402797892007	0.688276999005809	0.691750269923538
0.634409467984211	0.639526757753331	0.514240738609117	0.650104503329877	0.594787599597788	0.60021972621261	0.669146800009718
0.955748631476981	0.932338176847428	0.567212841752847	0.819804768326783	0.810046846260533	0.808820406232071	0.754355436710971
0.899360436304772	0.899443259839046	0.51187720139769	0.748557185909433	0.713365629114314	0.706446981255685	0.689216910515268
0.96500491151379	0.967889696966706	0.517458640813677	0.778071330464144	0.748434165385861	0.764505698294013	0.667648680293485
0.871961064236471	0.900523397407274	0.528192892589686	0.804988795092967	0.726549823138628	0.732488196597617	0.735686731680493
0.753442676404752	0.735078829925937	0.50817357894389	0.672022102310149	0.619591798529876	0.641752133925832	0.671563811156696
0.742919193478633	0.731045070709739	0.471414478908073	0.625031358848267	0.602556913676039	0.612499358274073	0.592574999063117
0.425689017339213	0.429672340575586	0.501554008158814	0.504333046518315	0.504749423143217	0.49540613597004	0.712868115592514
0.743899371881605	0.75189476778889	0.490999793967325	0.648625649255762	0.609343040182538	0.625229425429446	0.624875503513249
0.757229163723	0.747336870244624	0.488685445677963	0.677635154563293	0.635936661451512	0.611956294669202	0.637722994415802
0.444015242454334	0.440677854604743	0.500764182498494	0.577327762712664	0.559704916349233	0.545191256992028	0.670678245361464
0.461232780423802	0.474284144076089	0.518739141064365	0.597154344998213	0.558337451117419	0.571966909860481	0.718545904770281
0.846429214803344	0.870441219583302	0.504596221908494	0.721304794410398	0.667079830881935	0.681746410401355	0.648181155440953
0.724235025118407	0.71568941152962	0.502663599939827	0.665006853417018	0.627348582213685	0.619208824084653	0.688530143848578
0.896658387709843	0.899463784333779	0.515508814007674	0.737967100951579	0.700275018136507	0.713246207077305	0.690387275146245
0.744908327224187	0.757396669314005	0.505221852548511	0.672536523234445	0.646756060639233	0.653414354253144	0.664528652555393
0.701468671121052	0.694865704484045	0.476487397036814	0.597402629396027	0.571261201842582	0.570583781338558	0.583832019790818
0.464872193539098	0.460369611006315	0.484161711624341	0.557036488250437	0.531015592252238	0.521632983284694	0.633150576527934
0.844241142674614	0.837278816059995	0.5083800402656	0.72401387574278	0.679667690068525	0.65624391130476	0.668945998789879
0.628018071997051	0.620522167394727	0.490602525772218	0.631180659024857	0.611751379055461	0.615532928943963	0.62215496625534
0.537662704413222	0.535449955148169	0.493534832269447	0.574475580509409	0.541764943833945	0.561861023979906	0.650324360725647
0.85434599900344	0.864435616855375	0.496478888869318	0.719843626330398	0.669984796907849	0.673375988935905	0.655654828092671
0.531481132658582	0.572334924840938	0.501895215305689	0.635201211844601	0.5899101885399	0.598664802136851	0.691710516834442
1.04809923245364	1.02668445275764	0.555770189688316	0.918786681413013	0.81435340892015	0.806889132929107	0.821503241392464
0.668655564916891	0.675224883463533	0.464859114822448	0.589111593352907	0.534421430622364	0.547483790255888	0.545430075544985
0.791924435936038	0.804091500207736	0.532166822015478	0.708958503100186	0.665486078212438	0.660598181667348	0.711770553805065
0.775237903620342	0.780915087069591	0.500026441197815	0.683866346726891	0.622708757394981	0.62747323882824	0.64906367219392
0.851868279625323	0.856629115140313	0.504411090650552	0.695996623935189	0.675300944650415	0.694090183538621	0.651783164351555
0.839633876863584	0.805048245744585	0.544445880871807	0.7699498877831	0.777586567768711	0.799120867279655	0.75084913220174
0.91833074143515	0.913404458340483	0.530326214363112	0.804802300583814	0.718642410989843	0.742253087010751	0.740101262332429
0.906422187082899	0.915234036017029	0.528183134690079	0.788551401668963	0.725653752078614	0.725894145723167	0.725669287108303
0.86214769945135	0.87030026582859	0.508395651395626	0.757448343332786	0.667158151243406	0.693017202209503	0.680919858766815
0.448354399221598	0.445123669351206	0.507903512568701	0.558619472950219	0.543699153827329	0.56108166880773	0.702312753105938
0.436876073398672	0.443545899510853	0.519960478329615	0.552945806938231	0.535815260490644	0.532219006660057	0.71625337279247
0.601738653409591	0.594483603325438	0.53093175350433	0.656852498895355	0.600162915639663	0.615576929207773	0.747714701901416
0.690612806837382	0.688722266266784	0.516875140845966	0.694085697407762	0.68532610745385	0.697398757451841	0.677486509326102
0.652003840843104	0.639741899039342	0.459253029523672	0.595260147899836	0.557213700145893	0.560311806544496	0.602674435519305
0.73232208767417	0.727732270871096	0.497562997291313	0.648933037830263	0.62669614654712	0.611719434307755	0.662976569745121
0.856962276951417	0.847987778735438	0.524391109093411	0.737496555497011	0.710477119429874	0.695568927827659	0.715606176787894
0.534575575370483	0.523036441146533	0.53225762655319	0.629409253060645	0.594103147541193	0.58776659070231	0.756970944341884
0.471328304084755	0.487272419554401	0.508671011190227	0.626850256456662	0.57908494722772	0.596231243905346	0.721511824336893
0.596723468816647	0.586803246498312	0.544243825163683	0.680697690268189	0.620368062075093	0.610407820192078	0.742012951185305
0.4666394383906	0.458710863815559	0.498064227106227	0.604500312668449	0.562219572553966	0.576843466327524	0.688693011614165
0.609739313238972	0.541839504171238	0.566739462987647	0.72669663067845	0.652145298881017	0.659791127711646	0.855933849594559
0.682180974744802	0.675055757991472	0.466431443624531	0.611311178903335	0.585775564644495	0.596738112589789	0.578483094851475
0.742162302132591	0.738634554258949	0.505451637003039	0.663292854879799	0.619641719201326	0.617600130366696	0.678360522309232
0.894404470481918	0.857411984025223	0.512675872659847	0.733085245886836	0.68629016569899	0.679641254477436	0.705815995330265
0.504100524833475	0.523685376093867	0.534070235883098	0.638972135175308	0.605841568732688	0.601514033065408	0.752346480723655
0.914986900739233	0.910208701258334	0.550365153485077	0.791337748965309	0.755334987664835	0.745024273133515	0.747627830622123
0.868349797537548	0.858138254303277	0.532004318712299	0.719480818979629	0.682152284872096	0.671245356441609	0.676164462005609
0.900935645730858	0.902712405880535	0.529275615982959	0.761323827526668	0.706171061456981	0.721642001623263	0.716023574667017
0.623652139547494	0.644512212641653	0.491556877234069	0.617196254683263	0.601123162194159	0.599045358503305	0.634726197755955
0.610958494211323	0.613986536536647	0.471354440105356	0.618883882736262	0.563699182146939	0.56883313066366	0.607849182103406
0.687091481052923	0.715291433920276	0.540952522958107	0.716258642539013	0.656512651625859	0.655994108958012	0.724733400250666
0.632844120398688	0.638981731257016	0.501607360525743	0.626156683205735	0.574695914707785	0.586170677734625	0.684697614571418
0.860471433030814	0.850194242658227	0.520629993468044	0.72882236812139	0.698730657214368	0.698691600693911	0.706541985377945
0.683216503906168	0.689830613130258	0.505880604139863	0.660695272778612	0.606266338404244	0.634970276913229	0.69656484329262
0.679777976971428	0.731541337854313	0.5360198161815	0.738484118859306	0.658844785605395	0.662018636907528	0.765368369967002
0.627461812697075	0.666013203941255	0.558294618639247	0.747056997656647	0.664489980361906	0.679455615532572	0.819926667829057
0.789488311707551	0.812803261793131	0.511009495860718	0.71090680991098	0.691559791684425	0.67713661084075	0.710671144136397
0.894518091211146	0.872435297412733	0.541839816030647	0.774476805111835	0.720454255070406	0.71874046749123	0.735208811225862
0.822355174500693	0.792320121018632	0.526708769579529	0.723927946740414	0.672864237374842	0.683021718468579	0.740414789946594
0.518914464242399	0.503025130335164	0.491871896046777	0.604466614212028	0.565183398728499	0.547077371768393	0.659377986773949
0.57744340248593	0.611154299733459	0.534383966739159	0.661518341665986	0.604138557770182	0.603841331034204	0.733923981422892
0.823897700042217	0.836326247553033	0.525622886600125	0.740651685854808	0.677802075599585	0.684696844541701	0.729387821812685
0.757182216156933	0.76041301433118	0.51351723685381	0.689380881034535	0.653241509263149	0.670051380729644	0.702397975964221
0.697930323835981	0.686663154589557	0.539988235063503	0.70345771176984	0.746191797052735	0.73975078094927	0.689001010102142
0.442423073964806	0.446520252018733	0.525631440347677	0.558989536742558	0.548540551029652	0.552594644502081	0.71892278653531
0.90683806203021	0.896143907740661	0.546776698067964	0.784362979334305	0.716968423579985	0.734889501681722	0.769514197389502
0.753402492148141	0.748182717833331	0.53002519918741	0.715787231905682	0.661808690123467	0.645254386260669	0.724425035432722
0.651072514547541	0.674152631394788	0.510470537629826	0.641748764743488	0.615261763300377	0.616326994726426	0.658409176871461
0.959218551312334	0.975682482612559	0.547806556321726	0.86006812695596	0.75581340614761	0.770316757524376	0.787282630423338
0.78409148887224	0.77032376528473	0.515228193693139	0.691934128126494	0.650262552334051	0.63821420412052	0.694140392150162
0.866272002244989	0.860121822355274	0.528510711920252	0.736201515479428	0.707989961956524	0.721204954541266	0.679916963839611
0.741730319500576	0.776649542611034	0.5401380771031	0.769109346375257	0.747846404829628	0.749203407156367	0.716214029981631
0.92119884617017	0.92460130724898	0.554755245670998	0.811409608624793	0.750358528455784	0.7385945776381	0.776616228655717
0.802871425522015	0.810380148857762	0.502899662728825	0.695092637817958	0.664244248913189	0.656854874480981	0.680108333147439
0.72200520207515	0.685059060497019	0.472643235548242	0.623876439807457	0.577463427135167	0.58769465524199	0.604972779209617
0.778049804112064	0.766868108804906	0.523907527545178	0.749294283456005	0.669823684900221	0.681954597639226	0.715576800632375
0.670377327353302	0.641419077429433	0.51894860422045	0.674341491924821	0.681134035742098	0.680173480301204	0.643784025578476
0.853364467003801	0.865812894385981	0.526187552523675	0.738581387968785	0.693629775367943	0.693917439979739	0.694894619380515
0.739430197626555	0.735099317901271	0.504700814714028	0.684865210672702	0.66369664634725	0.655016765396499	0.670486724822987
0.878268295478129	0.880219403648717	0.524715664773619	0.741324579545541	0.703250331875411	0.713123314329085	0.731694648432204
0.815588898689629	0.818661107184754	0.509523070919328	0.746105067422972	0.678981433549763	0.675367474212694	0.721531355144736
0.876027088705993	0.882091598977334	0.539205830606037	0.748527624239144	0.706581307740429	0.717417372598097	0.752443685116532
0.771229011288107	0.764075336552928	0.514992212195085	0.717070326754972	0.64734164973283	0.658276485004205	0.683021719038549
0.756657078980946	0.731700688742703	0.513482133108971	0.681193562908878	0.633037644405359	0.643374159508645	0.693578979544062
0.821467047411126	0.889003766829475	0.552293277683031	0.822188806438168	0.832313094617064	0.834810654512227	0.771816975552597
0.967221948411187	0.937625435359387	0.522276110144499	0.793777840879268	0.739306528689617	0.734255989635743	0.708019833528533
0.687588543089839	0.680126360808882	0.493815768454634	0.62270242855315	0.598346219617411	0.588042019627589	0.629903673313644
0.827594529579026	0.824324664910298	0.492700919213085	0.695465590389104	0.659002848687405	0.644017491303071	0.633730122458749
0.917427006005933	0.911312749415325	0.509984475018766	0.77512666373116	0.718582564924848	0.726262360972047	0.667510629690412
0.505424789588705	0.498948252491216	0.515645421888125	0.599285793303865	0.559047252074234	0.570328266473854	0.684502235850599
0.746946453345668	0.747392722894428	0.517997828425533	0.667470520251636	0.635641435487478	0.645368224815512	0.690318181952938
0.4695802520088	0.469289386627881	0.506372848598686	0.595145513504016	0.549036246372713	0.562528097906133	0.682491485390176
0.585581061502361	0.578515390461162	0.482262980102002	0.608690981168984	0.558835225063704	0.565845142192941	0.642333364643029
0.553352970585077	0.578996697919295	0.522088615572819	0.622360632778545	0.587227972988221	0.597393386551182	0.712135568983036
0.784977104801873	0.81036176590829	0.52359554047729	0.761661426957629	0.706021684720404	0.675815402747436	0.756704561007499
0.718612414144787	0.704971095937663	0.536538439769169	0.714876891735534	0.637761705578803	0.639969565759233	0.731328449086337
0.519720783203815	0.516499433983426	0.499742630688501	0.579358194210155	0.548539852922004	0.547528228515784	0.679602058332806
0.852518450851342	0.837524349251948	0.520225627405943	0.729795868417235	0.725363602958342	0.700343125734795	0.68119423653376
0.753408881949496	0.758939295794024	0.51667978405582	0.676830421015141	0.642881037645617	0.639908929533925	0.695426667986473
0.775958955299201	0.775666993689307	0.522735378391252	0.710374052284956	0.652854172659996	0.660349503608903	0.719542938973136
0.488622248870519	0.491754596696308	0.530566767476284	0.65585052591508	0.597745315773555	0.621737882925862	0.777848524979809
0.786655060098013	0.776566401097414	0.537312831483323	0.687013516139021	0.655150842944113	0.660227908945167	0.72114007005164
0.814907846993998	0.816696421627713	0.52008230741823	0.733447901793116	0.689196206303874	0.683686704142337	0.738526822454639
0.50424950243976	0.501810054455879	0.533865504881267	0.62506078555476	0.589871572745932	0.585297109937357	0.739477186249693
0.881354276729639	0.8777178602803	0.52266301900378	0.724995543631759	0.696698132159152	0.702006404266174	0.678950241089773
0.587002074478237	0.590925091645519	0.488784651513341	0.64266234716901	0.592128088135941	0.588626242123057	0.63723891660953
0.717673857822668	0.731944070328885	0.495950143971292	0.64208947182341	0.593828817430278	0.600982983052793	0.637064357218736
0.793949457899622	0.79017691439142	0.533024839364585	0.734425662956184	0.716538843329326	0.71572979899788	0.681410702941046
0.651960149084982	0.637230726666396	0.501266812807385	0.64090596092084	0.579466566564109	0.602845516647598	0.657529179034869
0.743811072377115	0.745874217636652	0.556162361604113	0.764402110464222	0.770403805078628	0.757547322525322	0.732850490143681
0.719326368231227	0.714693071963253	0.528435943045242	0.72533799541339	0.660978033549545	0.657077968873541	0.699261067536138
0.704957287776443	0.702673590213328	0.529692021818556	0.673145141666532	0.623950630543635	0.631379468117828	0.719341020868624
0.773576706360316	0.765205061964549	0.527063013910424	0.700456006095753	0.659471660198798	0.654185354550094	0.719334886112255
0.911246920823455	0.884003385036209	0.542459152875747	0.787516508808419	0.757998972480789	0.757556202489473	0.705942890074615
0.717453129882247	0.696323816882538	0.494076909449248	0.655459894009663	0.643788499060815	0.630457188300373	0.634502765718577
0.644402193099934	0.642760695426865	0.510838689400097	0.641061618341134	0.588600395863278	0.61722274804053	0.709132416028536
0.67736377958523	0.696777237766058	0.570211866666185	0.763682647084874	0.690698106616447	0.679549434729832	0.846331270542743
0.691209744527384	0.68424244094621	0.525887490901283	0.691808941430453	0.685618541056715	0.687407009832916	0.668670244162611
0.855934895891084	0.850196793856301	0.52253635417172	0.748571723121527	0.708871567077817	0.689860297077435	0.683123444965204
0.812062065255783	0.815556015192283	0.479873319028452	0.673896193804726	0.644562318804015	0.639644918320508	0.600888782028826
0.643357234330025	0.647720645018027	0.504733160683469	0.644379906485808	0.662132497635981	0.63342511855548	0.645568650516493
0.554361254910109	0.554535045386616	0.45595923763749	0.529991365100013	0.520085139561697	0.511755671730879	0.558981147447162
0.781515261104241	0.787217572864858	0.543445915849274	0.74198461178775	0.685566213041088	0.692037195435452	0.786541319446129
0.695745318065361	0.713499644006595	0.503585120329734	0.6721207447637	0.670756317789544	0.6734380227193	0.660076952486113
0.723486806708821	0.728006835259215	0.541570657429551	0.720800783305241	0.703494179113179	0.693880060463066	0.70782642685856
0.744531860263181	0.730586620234541	0.542951114986318	0.713183097892388	0.700626758284899	0.705164679994951	0.717115552832285
0.789061697402486	0.782500516324093	0.481646565412798	0.650115765314039	0.633239376641902	0.649698557535255	0.614180265049257
0.515209394338057	0.544325197826678	0.533447895306729	0.692034304479373	0.62883150417746	0.640899863485468	0.779951791138155
0.610797180458848	0.607993271651306	0.473254154036905	0.594508150181636	0.602719772934007	0.592000272995664	0.57115665127027
0.611891853886611	0.58113631613264	0.490680761327871	0.618075818763593	0.581762142422269	0.577653482304428	0.658307249658421
0.753221075096237	0.76657952866445	0.524082695043664	0.705010958771908	0.705107848765298	0.694209199556012	0.693198891328831
0.625769364945373	0.635310056735202	0.503740306165703	0.664038909400791	0.662233676446059	0.688656194150116	0.62614674320002
0.867894634970605	0.857613144415965	0.524785959293153	0.720965443827111	0.713989031184809	0.682625619882494	0.715219901775108
1.03776382119856	0.982384636663078	0.550461551272366	0.815264378281918	0.83040482105852	0.819850863870321	0.735016487478235
0.479070857735952	0.507931382902934	0.479682454683177	0.554035114188149	0.539291190316692	0.545254642640467	0.648552892573408
0.741756516450831	0.747104698384628	0.542843370008784	0.723427511466767	0.741732538186479	0.763900300597046	0.714806509064202
0.593851689259289	0.604303613837233	0.464923557799359	0.564953579020885	0.567844825236243	0.562261140534337	0.547521630333985
0.8109497874916	0.818940471748835	0.51090431253291	0.721845745577869	0.67689485618509	0.679995413065631	0.707119789085938
0.71456653181599	0.718633195958748	0.502015757908897	0.671671892686226	0.67935073677254	0.692948532264992	0.625245042060265
0.955933642471721	0.965583098348846	0.545801281930151	0.795721637396896	0.771642763082664	0.766943834234249	0.716612846077623
0.783004587414244	0.765990187977095	0.546324092883781	0.756163933397712	0.738539301023843	0.731849045578261	0.742006103270557
0.800344688936604	0.783457323090838	0.494459767914608	0.673576530915247	0.626146599346546	0.625911334911976	0.620478452498126
0.671737403903945	0.666158904485695	0.529218001316021	0.67951826569634	0.717156296175025	0.719570495239288	0.64164266539985
0.736469478324712	0.707082455162038	0.517497601617561	0.678402560058604	0.627397495953424	0.621809150434965	0.68887091340756
0.850347173146791	0.831975385016525	0.509452401047362	0.742449891279346	0.680126902951043	0.679445787090025	0.661234383207305
0.733447021993308	0.734341348257687	0.543958081537478	0.716881281813317	0.740308221189185	0.726736418093005	0.724334258291836
0.821173037022174	0.814473137291746	0.538795626317082	0.735864336809203	0.723595548058166	0.734073823719109	0.694071712992787
0.515761571692191	0.533582154385641	0.497301870097334	0.627860203859622	0.577824903432798	0.57446182155119	0.660765058463436
0.793445624070295	0.799178870337256	0.539881410093863	0.746320180700968	0.668386094539036	0.667393311199394	0.751373570452052
1.00730852418278	1.00966769286549	0.54703176454096	0.859758725428049	0.785923113432394	0.78679832349856	0.769752689517045
0.709839112403462	0.702646103154023	0.519790703522041	0.650045387323741	0.611148690806082	0.618443293759088	0.679090734069203
0.722065528201428	0.719013410228727	0.534390579134341	0.739026700818281	0.673078855654898	0.663678963114386	0.776948680512687
0.873924463328278	0.877048915821509	0.536647576878393	0.789051038069854	0.715531648217511	0.691456839682963	0.742491923369903
0.705635880447009	0.686552987172322	0.522183589228045	0.703737272638645	0.633524876168313	0.635167954916	0.719446156051034
0.688729282997354	0.697684976310256	0.492965597812594	0.622277617696569	0.59910989864935	0.604172652707217	0.634271116133752
0.933706252346735	0.932454953531576	0.526701776341901	0.787087467389548	0.725218348759382	0.740138033542477	0.701581179219521
0.833135672373983	0.836524450439165	0.514914277414834	0.714898363735165	0.673115364509857	0.651697553757725	0.669375611556332
0.809546608884568	0.808907044519841	0.530711878440817	0.727629585663808	0.663326009213905	0.674597240208347	0.709519421543352
0.737798549713252	0.720796441046069	0.52562454745518	0.711377320948272	0.647122930758643	0.657810884012108	0.753849637024681
0.774121123705069	0.763946497349124	0.526187494099828	0.714010192766631	0.654308106366134	0.652231022219219	0.72072508251635
0.440773970886431	0.439506671242539	0.504229420529345	0.559865075472135	0.552465164997353	0.541244801525097	0.665164852704828
0.72344684731102	0.726081262744769	0.493580438081352	0.645315296507391	0.609755996227551	0.621088308974876	0.637335594833831
0.959645577562073	0.925180840363554	0.509419908740608	0.765454306928282	0.747769895295226	0.748502149684963	0.67121954464248
0.658251339300104	0.685141694877742	0.504411558825478	0.667336729325161	0.621888300184361	0.612134084407535	0.699169130086289
0.771755308598704	0.756213565455993	0.479845181805868	0.663883970932149	0.643471582005018	0.645417846370187	0.630566185686749
0.930609307413284	0.923652913781948	0.546544954158462	0.840970855537872	0.750619101134182	0.759038937869722	0.786371198472897
0.732003646401396	0.741974034581312	0.485446547098745	0.644857123904464	0.636827075089356	0.631309650587418	0.614268088308319
0.978728619168497	0.963299741920426	0.544919524345627	0.825374333654468	0.804029347768485	0.799040084695589	0.756840576156163
0.629321591414149	0.637615298999814	0.538143465533616	0.683981526838008	0.6206705097935	0.618240490663719	0.752305996874125
0.736006348126971	0.751004965059486	0.531444957504391	0.731374627458481	0.71817699775359	0.698126759535815	0.727696234875119
0.7057544907678	0.693278478828315	0.521711892941129	0.672940974592216	0.65151677295514	0.665379096222352	0.694387980809821
0.820437283239664	0.804189851302049	0.555474436901116	0.805390903684242	0.810702135692274	0.810394537659208	0.752070426107768
0.586337865781502	0.610037973800023	0.507753125681855	0.62983382115284	0.592226669794793	0.586765192035478	0.65644696704462
0.850534342248056	0.843411087883301	0.491523324616289	0.716441813665561	0.666208838453304	0.675753488490053	0.631187072262962
0.652807248658545	0.65215244256618	0.480383659792963	0.591879167629133	0.574942130454309	0.585250825263752	0.611963998669361
0.703099524799402	0.703004737140681	0.505662998982151	0.692535715595485	0.643899465463816	0.632146391885334	0.692383119312209
0.663115681844305	0.68286481632594	0.503186827911361	0.669287631921542	0.662873887640352	0.641598388212812	0.651642049518772
0.736150739214839	0.706094871935191	0.522901885675599	0.724419334802723	0.706597452516394	0.711614557733368	0.69400439089119
0.911046826775854	0.903783284744126	0.543302030537459	0.793648944326539	0.739975086349515	0.738203209844249	0.73967685172672
0.921678184162872	0.911816295754209	0.536244333622435	0.785971150510735	0.751436723807466	0.756456263550585	0.741673604185721
0.460991895642827	0.480422206066194	0.473152555954804	0.561392322702893	0.509665609786944	0.514615593568824	0.634300727097818
0.756076217153461	0.765512690720953	0.512620844026219	0.69402769780077	0.695791178726795	0.691614972763927	0.67426451088332
0.875067706197751	0.881124496677452	0.542738581675849	0.772976066620302	0.736456334395234	0.749652513161701	0.774449040463035
0.716303960148271	0.737110438140604	0.513325934582218	0.683102637643126	0.651366539381189	0.653148841000051	0.682819983728539
0.918054752885762	0.966688088350537	0.553055748488167	0.84359409825552	0.80923480891703	0.795976049359054	0.769147900274098
0.870174138579073	0.847684761806954	0.539762864359425	0.746881848461081	0.713572474106686	0.705996460719092	0.732262745767265
0.520091830675914	0.488454091844658	0.456369791575752	0.559390668706199	0.516764805539043	0.517156550699538	0.590624993840305
0.755490305911317	0.756169978235526	0.54906897340925	0.734141953620615	0.7099164935726	0.705982468907648	0.745633216392475
0.791343675716794	0.798342169045805	0.488383804670994	0.684964245996864	0.674012826530272	0.672629658831474	0.625554279088921
0.749598760485529	0.750503489337011	0.546592565416205	0.750523909198827	0.740552808324682	0.756360494988974	0.725182987951032
0.825027684603237	0.814278472799433	0.540281998254965	0.737729633024645	0.681610565842468	0.671839816231519	0.749207815262864
0.819867067870282	0.843866869983666	0.523804190892797	0.725254582299132	0.668795537915676	0.669578713419938	0.663268207141972
0.871417117707071	0.862406243295606	0.502898395721308	0.71207188262966	0.682780821743403	0.681032189847579	0.656418002612424
0.460748150087678	0.505671382782933	0.52304686135785	0.627243609101973	0.581517905293995	0.578245317840363	0.714621707202093
0.78357168210785	0.821172430797601	0.540906638176247	0.720456118371346	0.67037878730506	0.673757136335513	0.726752369255041
0.503614182961751	0.535274396780776	0.533845725605439	0.667044051006849	0.601524115537096	0.60771831319293	0.757883330976742
0.479851898091339	0.463287142526797	0.514280189382527	0.581064400674024	0.556813626589613	0.564412467112232	0.701785141576448
0.601719667947594	0.610480458933454	0.476202152855229	0.590381011526417	0.543320138683544	0.552178378440466	0.614196090920364
0.838841390604297	0.837865185526107	0.502625202395871	0.708791124118034	0.681612964162623	0.673558482833968	0.651463695757717
0.977726181547665	0.98015841737206	0.556835060079049	0.87733939771312	0.779511103340294	0.77851304199988	0.809468623428719
0.741560512152204	0.749308172441348	0.507058920163035	0.673159082757856	0.676707844343525	0.676434698245101	0.647075743064684
0.812662791753609	0.81453518416078	0.545520899289176	0.751403669353233	0.705714021365243	0.695632875619422	0.758226189349334
0.946316520928566	0.972309565967127	0.537344179813443	0.796792769963793	0.800804908824523	0.802310694895191	0.724488816827064
0.466709260284531	0.470293155009748	0.534074604407855	0.608299298155213	0.580010400944565	0.586198047425771	0.77646340483818
0.903893411024324	0.868442325349593	0.53769300420467	0.778002155883516	0.766090624330595	0.769888822717002	0.716759297192735
0.767451552772862	0.778844342163241	0.514812985891907	0.704957543837648	0.638164511563322	0.631766039609516	0.690173862765093
0.70878563244012	0.694139798958583	0.542214120139493	0.7692460236451	0.675835363854517	0.682573740667108	0.772331891616437
0.828916120471762	0.830302873096345	0.526279930075858	0.731495178998677	0.670244397622527	0.662278814871612	0.696033436810636
0.475673332492078	0.459868658058239	0.501387148840545	0.564125305327208	0.544333938598508	0.54269326131543	0.652450916252297
0.958792874223092	0.954050157108433	0.527371607061097	0.792095643992805	0.767881795140522	0.756750677072269	0.688298294198335
0.478446415666412	0.485209738404223	0.484462524911686	0.571823521605324	0.525532743472729	0.53898401861997	0.651187329579118
0.898159991705322	0.890668188277355	0.537690899233484	0.802784751208753	0.73157020406927	0.725241126196128	0.768974132715202
0.434515439148951	0.448656852647734	0.485573926334558	0.554805952205862	0.538094564325157	0.537876193190264	0.657435529646382
0.443779177549022	0.444779946058438	0.502263855825349	0.547645065537928	0.532701755023349	0.538053645421444	0.678835853859887
0.8934559901809	0.903543971652702	0.535736937152716	0.78674740615086	0.722910722018057	0.72536558383014	0.762110024693062
0.668904408867553	0.687315940353674	0.51114220159192	0.686925446311413	0.635570508169572	0.615058708805092	0.69992402739535
0.705118851607647	0.72216391825192	0.507485920621154	0.667576213763052	0.623765010887561	0.61559001271013	0.684007144600523
0.945755706736185	0.91346808519903	0.540447805100436	0.802006204429437	0.733868182435812	0.754241295033745	0.774585595875054
0.43522424177064	0.441657081779287	0.525212271047669	0.54492311994007	0.530699848310995	0.529186852497096	0.74639788561218
0.675032765544394	0.660781655246343	0.526825530571211	0.686846637170098	0.627460744877717	0.620568853296348	0.707145449897334
0.855338428108333	0.855501121040682	0.505992025411715	0.721759828561619	0.701632026571357	0.69499775155749	0.654024864102405
0.763373081591041	0.772103370424321	0.544936958416682	0.787385991534747	0.767106660971657	0.768939582541875	0.753252067163015
0.636356046916458	0.592102240817297	0.539244734126726	0.671584380590613	0.620765730569575	0.614068618777173	0.765198315610495
0.739359498158009	0.733539372749837	0.502456898559916	0.702639859453093	0.635325164072851	0.62181099466396	0.64521991823306
0.745857840362046	0.734102750335139	0.53744013406718	0.710114883838431	0.657987996660549	0.677510442902865	0.782826760466147
0.979916895815398	0.982243116282028	0.539880694453111	0.8189848154352	0.78317659856044	0.791833623941994	0.737681569087294
0.690041539364112	0.696023685411333	0.525143668496654	0.671540016167134	0.655378198838415	0.638136364896923	0.680693822437138
0.643242833214177	0.639657858555268	0.460824889974136	0.571732361565617	0.555881780640243	0.561044715802621	0.55783184751447
0.838397331143643	0.839316100099477	0.538129513305952	0.766476158172471	0.685662759562141	0.685689064478431	0.721241023907931
0.822346835309356	0.816070795691746	0.521562987938545	0.730041029935989	0.670941337634395	0.665383702867259	0.705860772594458
0.895707723031733	0.91955410882916	0.523171380349756	0.761794002758341	0.707221670766232	0.708851970758398	0.705312011893768
0.553164998002204	0.570999795746701	0.505213581232585	0.64515704771376	0.598161459000387	0.579321306457731	0.674119058360483
0.59297558025511	0.585567055035767	0.52573531827612	0.653371662548501	0.618587492417608	0.604254691598059	0.718083803052212
0.630439922021695	0.656334747229431	0.513313618974799	0.679492628640732	0.600364530636628	0.59813942235151	0.702950864472388
0.710865544971918	0.731712569624111	0.522063726773014	0.67231608914542	0.637925441669508	0.627206845751572	0.693644989198914
0.520093972718822	0.53317623163351	0.47951290546119	0.547901058778386	0.529621636701197	0.513246445500424	0.601909084617212
0.597270553315359	0.589155332430777	0.529848803175242	0.659391396742247	0.609419267109406	0.599220270827524	0.722164043052959
0.40767311108442	0.408495490434657	0.453822194166372	0.491319380132566	0.473292978455105	0.480589608287271	0.563378005865687
0.568720808239499	0.591713273139781	0.493348869855779	0.611104084308349	0.56706460145585	0.574483581746763	0.663436626619803
0.715455216238568	0.685643659909512	0.515619570748412	0.672484017109615	0.613042032381177	0.612439439260123	0.715198411261431
0.769055396493122	0.761213853585747	0.523459564041494	0.6957342253795	0.664246029163488	0.659622029926794	0.74608269782384
0.521033434044912	0.537699108930528	0.514431433961422	0.636528925212377	0.590643878074458	0.57195133483854	0.69467601853379
0.745273659740058	0.74986575644967	0.508700261687997	0.675710048448533	0.644772931934177	0.632904471813967	0.694127684153495
0.808324204226583	0.801077881640333	0.517721755894078	0.69814448811114	0.694706133484906	0.677677260886533	0.653179628957064
0.929550633337277	0.935122711504075	0.55534111516634	0.812882991788424	0.775498888990993	0.768154246570551	0.805235349451378
0.647160808841529	0.668724983873218	0.522515933910674	0.656614101970328	0.604056710309005	0.614206100826871	0.694370070908978
0.73197237922515	0.71450501189147	0.517828827934234	0.663370070079139	0.658547105074311	0.649995541154306	0.682727941253289
0.749097133308861	0.835137069195247	0.540945880639716	0.767825280351545	0.781286334255114	0.767485301065125	0.726330365102242
0.767458503836293	0.813673238907691	0.512162395066645	0.69685027949784	0.70300284110111	0.679553295280138	0.659633481141904
0.724725412472921	0.712000820616788	0.54312755598811	0.708674140241754	0.645649377657901	0.65828886214742	0.787764989894344
0.638222970305215	0.629874208642492	0.500479741181986	0.612949601634323	0.582568809403253	0.593581991339932	0.675136984455406
0.421774122357391	0.42367281810977	0.503204164702766	0.4957556129112	0.489332609216287	0.492025058085872	0.67281736790546
0.864044595553938	0.873364419596485	0.530657512261886	0.755342848963635	0.70092106413534	0.711363256634841	0.739706129345303
0.741610884433444	0.741229089407772	0.490175996091469	0.678849792432628	0.611018913106544	0.629398662434082	0.645279178852614
0.948445156685466	0.962776034446248	0.548370556595822	0.816792061206679	0.751854836087433	0.739472534897222	0.759921420988416
0.895097637962384	0.907821869441072	0.528417710117589	0.770962136015605	0.710872102080805	0.717817321747646	0.732845299218657
0.715999886042289	0.712586291815117	0.529137811822672	0.702058720489934	0.638241730026288	0.626890104784789	0.724517112980854
0.654933370958165	0.649263084560483	0.46863837366751	0.592568702714996	0.576422854416263	0.573039650975249	0.576280937479922
0.561370483140779	0.538813171698229	0.489723835742705	0.587776473081511	0.541601818579191	0.544933693389495	0.619423034612132
0.659013904676462	0.686571116637473	0.50366450512745	0.641643747433805	0.591303159763534	0.580163478049677	0.668341466414277
0.559413447310849	0.568314672184922	0.522921831012132	0.646656603226389	0.600015101605882	0.595488239185706	0.711544994042495
0.843757516849747	0.836451024799124	0.544493157248879	0.750606813529615	0.724170469871193	0.732587224769454	0.742552612723427
0.88054857012056	0.865716676344087	0.526879597508552	0.746304153834824	0.698089467548225	0.71471913562372	0.685254323179534
0.590618607880681	0.596048404713001	0.510449651293997	0.634267225692047	0.585101594064835	0.581570320417016	0.703820559228716
0.625275595530584	0.608738200909267	0.503735471410658	0.633833897753841	0.599753286372044	0.591232086444194	0.668700273337361
0.759755453978944	0.758604638907867	0.531997780710339	0.707817980419415	0.663518300884493	0.655132850054309	0.746041946606693
0.657216917984017	0.654558864427696	0.512543732990411	0.634139488647896	0.593520346700725	0.60627340824269	0.671670032168314
0.615883645994018	0.610537499893439	0.501844852668226	0.639448982844971	0.590775801142633	0.596993873767787	0.681524151970714
0.836357072153052	0.835462986431474	0.509398099135878	0.71639050161836	0.683080127849049	0.671979588623246	0.676553187239088
0.81668278485886	0.827669408798629	0.510206465029635	0.722008097711426	0.676651454850589	0.665326584324935	0.694184354137952
0.674008099118853	0.691498806860216	0.534567400918001	0.704315786507347	0.711999989913403	0.715970942243966	0.690746733398303
0.66903746191659	0.667686250669914	0.512144760682651	0.658940446894368	0.656165610168741	0.669655761455427	0.635451411020958
0.63225588849123	0.635639914333561	0.447815361072692	0.565538735954039	0.535413717779588	0.531309184938893	0.557284455930406
0.890056878941449	0.880892699313988	0.542361044716747	0.786880352537814	0.772274297180847	0.756183838032777	0.718963746391759
0.850582825282201	0.862384821014133	0.528253488700131	0.735171559646941	0.702139446901646	0.694423960852352	0.725517431221284
0.666552350648009	0.649060801512683	0.505742375794258	0.638982248218338	0.592128132817834	0.59665169710045	0.670305222574423
0.828978426117496	0.82511491559283	0.53308174573431	0.731403293540198	0.69562530844647	0.68654846485904	0.726139890838755
0.89865723935462	0.918257333363051	0.53679491807941	0.79622379388867	0.732631910371001	0.728754820321448	0.756174210132512
0.722537541361557	0.715834239075723	0.508259405843459	0.65575812594075	0.609170773758334	0.606433863609574	0.647896802719973
0.657700776594321	0.64463238889116	0.508378836002027	0.627714193436774	0.638926118336538	0.634915730108825	0.640632506180974
0.493082308302677	0.481185267090801	0.525300523026396	0.619782654044352	0.589436044379982	0.600646972616497	0.763036504891631
0.832458721444125	0.882051282870321	0.534883431945984	0.772471912730537	0.760628801067402	0.75970421162185	0.742352120844915
0.771042166863973	0.774800131913196	0.513454303821649	0.70776510441081	0.645547183321234	0.642686998773517	0.703527580786057
0.821209582840356	0.825916255889954	0.529851511456525	0.715297689881842	0.659171778451358	0.674853990411336	0.712429648993494
0.882850661334861	0.873132630188924	0.539115918304396	0.769356738092063	0.719129526965161	0.712761664216076	0.750966414836062
0.45188153401417	0.464584495344361	0.518406796743685	0.598800053010096	0.569687154612661	0.545969854151653	0.709841747005941
0.69088325693724	0.695288496961829	0.505838350177346	0.647798347258174	0.594853523366939	0.612170456298735	0.661955398933059
0.839221271979929	0.879543004086035	0.541864612757967	0.785879595779126	0.754339480924613	0.766736264131737	0.70818003186174
0.649859005799228	0.669051703913678	0.503364043852269	0.689489023480871	0.620338426950947	0.630273375230769	0.717403693603617
0.776872304727331	0.813950312770859	0.531599043265564	0.723271196943079	0.668366858958976	0.683899991763455	0.736520503528743
0.700338394739792	0.683745761188587	0.557971891181705	0.723185817274374	0.652068541188009	0.661181050949482	0.792513343318799
0.81463012255166	0.83768076973664	0.539042708407539	0.738518197514578	0.694359932275646	0.684565899713759	0.735688864075376
0.699847537735215	0.698522330771756	0.523300784363795	0.658310184822449	0.667337873194891	0.643153066984466	0.724944451814268
0.769137165464382	0.766208957547359	0.494826418135212	0.673465085011369	0.650729616755108	0.647679766326317	0.65745037542889
0.665362345374382	0.67924842540129	0.49419772489783	0.637580434803416	0.599254518140662	0.595359687828582	0.644385222867196
0.969225286142958	0.966470681612688	0.531174095116104	0.793370163444486	0.759818854931541	0.752025606078864	0.706785542795455
0.938840098733468	0.929919160709544	0.566259001136094	0.823052608380147	0.765878035256413	0.763919933786753	0.797806275773711
0.621034198131695	0.620467071659979	0.501848331566224	0.645603145235926	0.606977224856378	0.609928149503066	0.6949339222094
0.72289775649772	0.710634919274027	0.490995910569697	0.626870270391159	0.603159614839111	0.617935128880114	0.637692510099014
0.893124996665197	0.89087467259261	0.560359329067134	0.82732898260219	0.717804138735343	0.742455430547283	0.810429353263108
0.568704260290712	0.576560535847514	0.5247701497985	0.644131949252957	0.60233158892459	0.590776462141179	0.739893743327516
0.782855526848883	0.784860327480533	0.509682642472249	0.685488131312732	0.657675431727909	0.657444120311257	0.659045781749731
0.729694091659631	0.718908984683539	0.516113498720437	0.679161082444848	0.625056524962856	0.621187605924955	0.715641611318474
0.869595246094145	0.88167024062594	0.509763544205098	0.736956363965579	0.687758833897959	0.683235673947287	0.656084182664308
0.874942397212643	0.873515124332374	0.521807366585012	0.732429761094942	0.691720284277885	0.675021806654167	0.679185268801648
0.779484484354493	0.780652819207106	0.507981054300424	0.745158568882518	0.670889919876234	0.648394228937739	0.713182480008505
0.874796584527024	0.865436487597412	0.541742370365514	0.785676960781484	0.724805331784992	0.704645741024022	0.806287072134228
0.781172408991189	0.782402572635155	0.505281625051015	0.672436940954318	0.658911906751144	0.635183205988429	0.667447103973808
0.46084434014086	0.455851663565027	0.51283948920203	0.576369890101614	0.563444186410944	0.567919830382561	0.729863564651932
0.777883036648346	0.792409257309259	0.542132826417164	0.773930719904369	0.689658476690148	0.671820254865452	0.751544316829482
0.620632564463388	0.629706045737579	0.519098023917237	0.647649744082563	0.602487020780119	0.60587063075883	0.69885569444068
0.551851691373994	0.573939123371098	0.499670977989723	0.616845147810388	0.578111787810568	0.574991366716206	0.648864511366713
0.721620586804831	0.730887043727751	0.500335237701718	0.659062912734364	0.633488526043799	0.612858981556603	0.673515912109802
0.787383546686574	0.820835030462993	0.531338239432659	0.742130964599943	0.72908522123008	0.756187086147722	0.688879136417073
0.820332875182869	0.820749572879869	0.499961449187137	0.704435561867969	0.672095662545703	0.653876183261295	0.669822565499625
0.613592375220235	0.613682340687865	0.466511555392667	0.560190920610092	0.545350596397883	0.545239078316576	0.569865243471867
0.475010393084967	0.471148856062679	0.546038987866908	0.599740616134309	0.592744937022931	0.568734882815259	0.796742462697051
0.780466114144898	0.801749662604544	0.530432260767435	0.718931422924148	0.669924312787916	0.674458138608918	0.754259966185723
0.748226092551036	0.74739065877533	0.526347254113785	0.725815028854998	0.653270682073645	0.663192602877243	0.745953210748447
0.868354082709647	0.867453233868062	0.518665570888054	0.739099772236743	0.686916531359762	0.687349832086475	0.688177115592935
0.926496055735209	0.917128505923898	0.536226520358521	0.796651491585281	0.72779101150027	0.724428221233565	0.707612297520778
0.670171197015715	0.664349658175449	0.52742785930567	0.676349439239708	0.711327552425926	0.739986409871279	0.659215136125713
0.899375967211976	0.910536504469424	0.526382802648137	0.75539093269713	0.722772505780485	0.744250673163101	0.697980249041864
0.822820919449325	0.82132990599197	0.517518213734258	0.729093816409975	0.691511028714247	0.691358468320835	0.70096673064082
0.458267061226476	0.475836386840741	0.514695221320267	0.607007340512532	0.571793581736899	0.570307687649637	0.659491302022731
0.455677862758429	0.457628659520311	0.493284096411859	0.546226510553384	0.522109953417361	0.523269631845253	0.63878417313538
0.871737020188097	0.878908094543064	0.505729851596664	0.74493594027925	0.705343673743541	0.703015493563718	0.679007713090128
0.81266795328962	0.817475607553479	0.523572865226099	0.736226843732049	0.7002978228786	0.712946420639084	0.708121104154745
0.670477724545959	0.670124684305895	0.504861702800567	0.683415263482441	0.684978267369248	0.695071498134303	0.645260054436367
0.898297558877991	0.877145491347615	0.508268393794827	0.733097575308164	0.712549769926628	0.710847057858492	0.656100196824597
0.776077556958509	0.797978782916434	0.521505028747838	0.76781042822792	0.659241582279302	0.685289461714022	0.716222049492501
0.738809980655793	0.741894281471338	0.493181689827612	0.67088770600032	0.659179192326261	0.671387156842711	0.622601020618264
0.966381431562208	0.959401673349289	0.532172133677874	0.791048558642618	0.745801496256114	0.748399296344956	0.689166065172615
0.856121568456303	0.85440071333917	0.523020993158697	0.762516902510814	0.704184947217054	0.689285146437601	0.721487598296807
0.618828904735128	0.646818507901092	0.527849077666561	0.654617634939839	0.607275921371803	0.602312409719639	0.727813001442904
0.940319368928501	0.94483130023241	0.545952840091729	0.852256403595091	0.750256005953683	0.769318282850537	0.77018081629296
0.933670645304941	0.931087331468991	0.544203842776428	0.783768650585632	0.765888415167375	0.780750900159583	0.731013174276408
0.516846150386917	0.560296179154551	0.511420946429544	0.645239271141895	0.594142529099536	0.599263429622852	0.687869727978254
0.76994653201602	0.782325711032707	0.509081033030004	0.673406966544347	0.625934806754407	0.63395640288562	0.651262785630107
0.717217565186164	0.703546438796981	0.514527082195698	0.660727404393408	0.658628483194477	0.653307742985892	0.675743594821119
0.435629637327428	0.439168860418296	0.459031152645333	0.511849824828883	0.484806341713339	0.497841669793103	0.579921666631326
0.815336240587494	0.814323669407694	0.53481113281126	0.763436482054563	0.698138028721261	0.690711279684046	0.770420219842769
0.524035784379527	0.54063065994102	0.510064955750028	0.651712770032179	0.575809091120862	0.590223936476954	0.689919574740623
0.429522539617952	0.449167323106653	0.519936171584979	0.552251251358768	0.564969147902737	0.546226541226897	0.723774356873537
0.751256933368315	0.72916126517745	0.542485226788018	0.736227594122422	0.741342494941801	0.744791028429819	0.72087101858051
0.778599831094517	0.787583728605941	0.539727432223695	0.735675012737515	0.709844870076339	0.683463545785456	0.746393950577563
0.611417398159875	0.623318674400673	0.484960058530664	0.610836714180163	0.564886722229184	0.570839785838879	0.631379263615701
0.771796803596463	0.765908513061923	0.499536975343787	0.669104053362675	0.645374374410017	0.647068027599074	0.674794664369338
0.674256302847763	0.680445391203854	0.542539580099714	0.702386587260752	0.624915029995447	0.625943374067061	0.757798662809474
0.723369698354493	0.703060117769765	0.53484745210777	0.706176922599962	0.640469319306285	0.654087977139331	0.780794967861224
0.919623051757506	0.929733106339204	0.525315252775769	0.805818294406408	0.726699172316957	0.72787499338727	0.706256341815286
0.80004865605417	0.800231511484427	0.502411129368275	0.727670616207739	0.66887376814578	0.651662604598748	0.647802353641576
0.46130402464367	0.507552218761579	0.522184378531254	0.642626401862756	0.596405608535942	0.604028793210567	0.74299442905649
0.435419400498599	0.439120280449005	0.497213909136653	0.574451211394114	0.542020752798565	0.546863961746928	0.656494014272144
0.738688459299523	0.733010655225307	0.550392428370593	0.75706781115539	0.762963506398664	0.742946337489262	0.724297213911982
0.747624309749545	0.744437332385493	0.504074523762189	0.688847709830437	0.60876300283052	0.624079969173375	0.638685278154532
0.434075721707593	0.433136525618808	0.496816535338296	0.536650878082387	0.522931787638384	0.525094195535406	0.672623872492091
0.826018828404577	0.813334301611204	0.514920639876711	0.705785750040333	0.668333174403202	0.665626386988758	0.685633616762401
0.697328461431724	0.704741804295393	0.515388492851837	0.667963171854665	0.637008816537037	0.623896715983277	0.690769323837762
0.710421831413727	0.708462704979946	0.505514544919667	0.653773373694142	0.611727724456877	0.612677397185883	0.689235983396171
0.676867054876426	0.673869826604089	0.516260499320008	0.655991952106549	0.614693714771858	0.606365787625596	0.690813423647658
0.844746081781646	0.840292342031565	0.540349753638946	0.770621985719471	0.698876846595266	0.691211899098367	0.766108639636174
0.995311059132366	0.904797089041981	0.582303416583866	0.912181548185107	0.919741952035336	0.919883500218288	0.821709028032215
0.984604363546222	0.951665143589037	0.552720693813229	0.849489086914569	0.794657380046612	0.796621936446797	0.772080047443975
0.819735121565598	0.80432725644345	0.534698033030191	0.755277067204818	0.697191840951472	0.678047258382105	0.738653221885219
0.576766448017548	0.577125675069655	0.522235662100607	0.667163460800362	0.612212185470096	0.610227520953606	0.74310713665964
0.837523905758372	0.83948349906856	0.493976960741625	0.716464078132591	0.65206385745578	0.663605979701288	0.672153750734965
0.823808180569824	0.814798604309623	0.533522701869907	0.745836788905362	0.705045495976807	0.686864074246614	0.748478752301795
0.566746556349043	0.559333745393086	0.465074825998175	0.568892586140539	0.530424829973831	0.53248216121873	0.608555815034511
0.673559627139425	0.649901998417675	0.528873067842777	0.710031758609389	0.723474445456959	0.718258758599693	0.650091051841685
0.683686399001748	0.68493501734871	0.505466620472219	0.648204264078335	0.665619766034836	0.649447570967837	0.655493967958886
0.914568925044775	0.910698453181685	0.542316919784137	0.767796795428328	0.757884635221462	0.757688112300594	0.738469703591188
0.719788533660204	0.725698777534389	0.512706936186517	0.67492124522485	0.638720433520775	0.629663610173629	0.700621493707536
0.500060065686251	0.488629176769712	0.531381087517764	0.669471470573323	0.60938471084547	0.613353855778696	0.773860295198997
0.888021575615348	0.890787912699611	0.522056478222443	0.757783476540431	0.721814854618042	0.726241452638206	0.699169696499127
0.717318338886875	0.698759359809926	0.536843492846365	0.733364713022537	0.670517252575248	0.641772002941126	0.760025093632601
0.744830415110833	0.739239656762201	0.533428823560028	0.739630706467312	0.71894620806065	0.723530847712739	0.70850116325779
0.55267562997478	0.5805800603614	0.513387290012961	0.628231575843362	0.578513928207333	0.597369064105158	0.704885653828915
0.780201029683485	0.738909706286961	0.503971574184703	0.697261888140557	0.685824942392991	0.690632464911216	0.668553745618161
0.662204682057061	0.630455008581822	0.562613898662876	0.704480423146153	0.671968674437409	0.664884936556606	0.811332780327563
1.0650405361435	1.01978907507931	0.569443628717805	0.87005701268541	0.809980460482531	0.819151716716282	0.804339224011212
0.678350939881414	0.672005168750285	0.535854040922542	0.704724259556718	0.72568663737833	0.726629667106184	0.670217499464302
1.09385702945157	1.09877369848126	0.561389918245167	0.905725486177438	0.858760057562238	0.834894134461243	0.802205304686907
0.619665245375688	0.631316614631817	0.471363721758884	0.574163920558765	0.576182542439154	0.56512321103366	0.579238028027464
0.463996691219417	0.445784325901861	0.516286902532447	0.581046922388218	0.560744562385826	0.559579425694174	0.728072987917388
0.81637352999275	0.832150879892392	0.523455250323169	0.739662288322771	0.730366186569571	0.74119993813344	0.676316879463894
0.797249777726588	0.806521649335775	0.499916223599567	0.68720904085829	0.627612298408773	0.646332631730623	0.640183280361971
0.707968000246094	0.689352821795081	0.517122312293174	0.71420166705635	0.642685545801404	0.653441127657246	0.697917049903929
0.964019327656662	0.964623030946923	0.538405417375336	0.794005483326272	0.746305423897667	0.741584145800749	0.726384070031461
0.856597845283479	0.862049043164009	0.525425314628395	0.740256386156501	0.687164209770456	0.703423231889756	0.698485791350895
0.530398349945503	0.557484414779556	0.504175293953512	0.631119358993038	0.5868140988492	0.607038547371279	0.713171574923475
0.53861254919009	0.544474996663888	0.468765991001534	0.548464263105735	0.54280402311631	0.546270682063149	0.537065824183643
0.617982652728076	0.625568311798818	0.530310046374231	0.653549834829079	0.623806351081598	0.613481615329276	0.755441850613357
0.757324843991132	0.749899409404902	0.496742236399929	0.66111092922375	0.630583717633729	0.611084390174656	0.638688590940951
0.744838274758649	0.751123906460753	0.516442855730969	0.674299291969155	0.658725979112937	0.635630389870367	0.658908381795677
0.801981819681225	0.773200857354992	0.499621523912415	0.698675832110722	0.684503758538864	0.663554784375191	0.656578562477161
0.655087492332011	0.635664612987384	0.528941960700105	0.682330449281985	0.624439494067586	0.621836626731169	0.709153770525496
0.721786856802088	0.731328982984512	0.486234373258828	0.642085744174953	0.61698561879155	0.609676298882023	0.615394487549838
0.82774010886076	0.808470578515092	0.51085814272597	0.696772602741634	0.64886618559972	0.658019651805271	0.673854384043788
0.859630459041695	0.862819925426121	0.540768629757272	0.790796796243825	0.770982314376625	0.779839733231375	0.750135441828103
0.821910230888731	0.784504874303818	0.510362791745484	0.70942297184979	0.664752648934232	0.673650943965543	0.68619282608273
0.715784724184919	0.727937030795366	0.505771095981063	0.642497362297548	0.613688835089184	0.616389987655597	0.668556338614546
0.722982234731648	0.721379424576288	0.539582963804022	0.671082233585039	0.632811684261236	0.640511189515211	0.720954619581285
0.802064797100167	0.800634281742719	0.50597362315494	0.682794095812722	0.683473415191918	0.688622921989985	0.61939171372859
0.54780582762594	0.571993080233271	0.519347327458887	0.618873446845998	0.564569569740591	0.565119247366649	0.684957345364294
0.791378733052188	0.783191748975076	0.502834584652046	0.678803572777202	0.635435901882511	0.639592558979199	0.656808031237376
0.734885377874555	0.724937149519809	0.502396352636676	0.681482675763183	0.635715129003818	0.606062228053302	0.678529785619889
0.574808637615928	0.585558847829372	0.511345608503731	0.623787952347521	0.584700104236536	0.585729934394821	0.725895679068058
0.756962850822875	0.749176490808497	0.525203656636534	0.688769528915675	0.661035435625468	0.669838061071321	0.715665764471323
