FMP	RMP	FPP	UPP	ANPP	NPP	ANCOVA
0.338216314434304	0.34110662951405	0.381842517332748	0.336461749693868	0.355980679567733	0.350155856659333	0.143947578464713
0.236018319212092	0.233647620221938	0.30935325281493	0.253377323723988	0.274636701790946	0.268889955989427	0.0847405342507996
0.533782223162684	0.534994841945993	0.522112216110636	0.517981550563515	0.525277066817511	0.522852695794727	0.486476994180131
0.415466346388395	0.419508530738008	0.42408598575839	0.401174556565714	0.409474769980773	0.407246119107637	0.236059788489805
0.249101545760858	0.247570414410685	0.312497033321026	0.256857329431252	0.275180857936434	0.272312653181938	0.103420300084998
0.492556535907271	0.492997975218966	0.487275103220184	0.474530591003656	0.479026392490937	0.480054067470425	0.369604440581997
0.364707733486446	0.369359332541485	0.381227914220564	0.351149232500859	0.360376504820369	0.365233078083537	0.201928827146826
0.579762453369859	0.580120388447781	0.574932739686005	0.575758909476917	0.577241703397916	0.574965109564393	0.552962780565686
0.554372863926724	0.554108758010096	0.54746224132998	0.545238172610319	0.547640950975551	0.544532412623683	0.508507928615896
0.494814220058985	0.49599789969496	0.484277829556873	0.475369928870168	0.48028783102006	0.478399125780818	0.396963919511073
0.749710309178632	0.753826301327052	0.759853528938865	0.771806291520034	0.760761899804278	0.764977646875034	0.891741848215886
0.61121410504682	0.613450582649707	0.615256617681916	0.618237078417935	0.613776560074536	0.615804914481535	0.62447460826573
0.578082799170782	0.577735086916615	0.576432045649175	0.573719305130882	0.576625694170775	0.574647937810079	0.552583573268011
0.58412210087846	0.58922524760194	0.586882254024659	0.585003199966798	0.584421026713122	0.581287552118481	0.570925295800635
0.567581570844722	0.568849662810597	0.564541602556041	0.55899806569393	0.565498913106481	0.566051389603538	0.53057381084502
0.492050053509437	0.494979099907384	0.483230363939458	0.469729515698499	0.4769076453999	0.478579902723901	0.376725600315823
0.527308800668693	0.533714319845155	0.519641443724434	0.510925412365413	0.52038935941618	0.518668635915379	0.4411507553965
0.774288819922918	0.780489750842287	0.789616171102322	0.801284288835799	0.792906269597197	0.79402416583213	0.904727252995308
0.52103951658961	0.517873629005935	0.508393415819671	0.503819074579264	0.506379444778268	0.512604910526162	0.431963793818954
0.523160701064093	0.520265649514474	0.513947121763324	0.510122540086174	0.512966010544303	0.506126986107293	0.41891653942863
0.570821420390363	0.573946732603779	0.570019639215357	0.567626283881737	0.57116220728627	0.566368389095918	0.542934397356388
0.66971416247379	0.669311126737733	0.681342972647347	0.68567229306469	0.680034924975827	0.684507400378963	0.762844226054647
0.485446839454079	0.4865820155545	0.472762996600893	0.46468046106192	0.469134342986349	0.4664620536061	0.37156888517821
0.591171567974007	0.59465555811966	0.592240977437243	0.592625057659195	0.594729857805713	0.588987389545776	0.586849576998861
0.511934997122018	0.513732516159641	0.503364016316704	0.49781730338999	0.499150687065874	0.501743576958464	0.419722031883639
0.528165581445001	0.521051519325881	0.513078628365555	0.50818579290903	0.511102726080666	0.509632731572435	0.430078650653221
0.531836875847977	0.529880023746624	0.522076635853978	0.51592541213493	0.519785750129462	0.516814575861418	0.443466100426491
0.608279395468183	0.608433442922026	0.608809993872646	0.612922756665063	0.608001506749015	0.607664728909031	0.619670617862271
0.648927996986495	0.652425815602221	0.656384874389171	0.65835282730577	0.655988351113866	0.659086263608221	0.702914024246646
0.565632119284332	0.569488971983341	0.560883090237061	0.559369258517173	0.563064383855208	0.563754293290161	0.535491633954894
0.567680722104136	0.563467343967527	0.558964379274523	0.558613362479588	0.565384236517509	0.561050830229008	0.531321113986163
0.478550729709648	0.481700667903741	0.470444287312641	0.459811734246053	0.465516274140102	0.469839613262193	0.374109810206829
0.593251713575314	0.592317483225895	0.59234682130315	0.594431617938902	0.594460829911615	0.592968794502636	0.588809792475728
0.525498431914088	0.525978544767465	0.519947619126145	0.513599706144498	0.516529578865353	0.51325318655635	0.425856312773872
0.683296623755121	0.683508017478951	0.691568327957358	0.700764203581974	0.691915930393941	0.696025780437166	0.776702945864614
0.761814272175078	0.762950343319609	0.761203234519806	0.778353703125575	0.769559369277632	0.774944778840081	0.934903810265376
0.446801917640258	0.452690308423398	0.440763775620352	0.430482720279174	0.432473495229192	0.439196545003386	0.305744783388386
0.539941825596512	0.5379536047953	0.530613079779137	0.527057812478711	0.528139867226002	0.533758107007883	0.484488617767252
0.605493122997279	0.604094721856237	0.60223040537135	0.605106352296741	0.604759066759306	0.607346715148272	0.607567994039881
0.699848134863633	0.701733304032987	0.715355154901901	0.718433489227501	0.716998219252602	0.717769650145174	0.782604405982088
0.740446993002878	0.741774225358681	0.755445407028879	0.765516790058926	0.758799803113284	0.757097054744772	0.864374010535805
0.444355757673237	0.443565396814265	0.446272050704088	0.422168989848696	0.437259147431897	0.433400514429548	0.274083309121508
0.62588021158246	0.628434159358582	0.632872417581734	0.632325025738366	0.630936582468006	0.629594590866862	0.661654012804663
0.686824703828812	0.682943289934847	0.696690361523911	0.698221381979025	0.699875316209739	0.699137742785608	0.804368072988941
0.695518615318803	0.692377602129271	0.701004077939778	0.711657223986811	0.702849504200848	0.705594284871093	0.8095334256272
0.629122194680351	0.626805692911004	0.635572909137564	0.634955361753895	0.63140567574334	0.635427779950987	0.659767163156084
0.625260837662647	0.620606541704118	0.626837394039167	0.627326278835777	0.626943005509281	0.626486320794794	0.647507052342805
0.574280866988104	0.574177805676378	0.57003264858068	0.569873067131494	0.570911593329267	0.569359276413847	0.549605050173723
0.507021716664475	0.510663531501152	0.50036283011414	0.496687990193482	0.496193597952231	0.500290085391804	0.404119543683303
0.58210398618217	0.584637973851798	0.582661261674357	0.58217266335527	0.584479622894023	0.584160704065424	0.567901874570995
0.677111507863119	0.680856936127053	0.688032349853789	0.691647646543987	0.691778657335203	0.686860179842523	0.75765659862597
0.541909956529731	0.540021721521961	0.534717431645068	0.524473443694554	0.534029756627079	0.530907358044735	0.477990719800691
0.546099634819366	0.544205856243778	0.542466796316617	0.531919579101206	0.537863897474552	0.534794237253939	0.485102868392859
0.576045469959453	0.578988541602996	0.573477546253682	0.575485672181882	0.574592722577638	0.574270973786255	0.554094299015785
0.268677358740738	0.268537937800058	0.328419242453427	0.276564664043115	0.289915259376165	0.28717076365227	0.110332738008497
0.611182315395522	0.613596687243675	0.611183664728218	0.613469830605261	0.614018391234708	0.613513204750636	0.624339007728978
0.644981618002476	0.642181846374174	0.648079733046026	0.653212717727185	0.655100736140101	0.64876821167887	0.705183971452464
0.572242446420037	0.571918490596396	0.568671957573711	0.56483960364508	0.565752217236303	0.567497977134959	0.541625025269347
0.70172208750131	0.702983233386367	0.713262954159524	0.723024487351892	0.717317073869143	0.715094720712729	0.798557544957979
0.374958799706509	0.3782707775097	0.39129627258644	0.359134098466544	0.372536336086438	0.375889501628948	0.203603341586464
0.589072682192562	0.587520866010874	0.584939439382	0.586877275768464	0.587524317909625	0.586716107703791	0.575862248606522
0.673470946018095	0.675916879346126	0.684607058356425	0.689214183228473	0.682297666469566	0.684556999925864	0.743707940392983
0.60386017248783	0.604916880695568	0.608141435116322	0.603786762241214	0.606527308972564	0.604659016707925	0.608796060642446
0.540103593312245	0.544786914608241	0.533839085297076	0.53242664098361	0.531890973480222	0.530255787974952	0.477466759543827
0.528562109700083	0.527862048969151	0.515606288190356	0.512369525889221	0.517344944113891	0.51506114787944	0.457042731252626
0.633406626821522	0.6339985313157	0.636090820155167	0.636987758725057	0.638410196891101	0.637510105991216	0.676000088016944
0.566221664899061	0.56826631199446	0.560790163494282	0.558681069389475	0.559860793887512	0.557663041713432	0.525918867385165
0.652848172461829	0.65184806593301	0.661283260899901	0.665611244364968	0.663231825537955	0.662821405017454	0.720906898024362
0.664019758532673	0.663477666666379	0.670142183639943	0.674256246936554	0.673415821556253	0.673936818147896	0.736456353088431
0.733391987004409	0.735783132822374	0.754772778603072	0.755483891107597	0.750340417354314	0.753564881318029	0.823278707209783
0.401404285758662	0.403411189349589	0.415410415307826	0.384821754411191	0.395063308107037	0.390404521023865	0.216747289785347
0.568641388078395	0.571134636863949	0.568171925550989	0.564432338207027	0.567747708821174	0.567799398718969	0.544688163724819
0.636666952835011	0.636450241712113	0.640525165719422	0.645597765104117	0.643691697589444	0.642314025749221	0.674064080105584
0.554608920163908	0.552095105818459	0.547566912441579	0.545602505648131	0.54998674583939	0.545971467448505	0.50908551822274
0.66980300166895	0.667559751603298	0.681179776465059	0.684336600718577	0.681239316833704	0.682497581103406	0.744872487687759
0.553896144996928	0.555191496557127	0.548071214707459	0.541338206562543	0.548459913539915	0.548389489892781	0.504782203508821
0.494365079870034	0.496409914819803	0.486659738830979	0.479770613336229	0.482410634869817	0.482195275735386	0.38285777259825
0.585852811776489	0.585989461864018	0.58466445348032	0.581034448025087	0.586275904412257	0.582322877559065	0.565887799369777
0.722437576599438	0.718118486031631	0.728286210537299	0.74155729568782	0.735541195724845	0.734842815703435	0.848407767561099
0.444607027043646	0.447518851250274	0.434022388102123	0.418256971655353	0.43100423777102	0.426252842202316	0.30115463914267
0.569912413967314	0.567350528138811	0.560599410307262	0.559125210095703	0.563159137081498	0.565952049343785	0.523933208662036
0.503616160208113	0.507536119199317	0.497743097414598	0.491775167105996	0.49454342996666	0.490909720771868	0.406816322929687
0.664686516405636	0.665120151836391	0.671435873377905	0.677040437312412	0.674831336719829	0.671918482863474	0.727900418050356
0.6708243650798	0.667150365604782	0.677666805415395	0.683712855943317	0.678202983205118	0.675754098092471	0.765073542424649
0.530340229851083	0.532619368650038	0.519730976641916	0.51652001813602	0.524616430987534	0.523735209567484	0.456903464509485
0.542665574627172	0.544324598381288	0.533698540606263	0.526300909159484	0.52806762763004	0.531676503807908	0.473855338944004
0.586457698713204	0.585905141802562	0.58641121044677	0.583430562926044	0.585326449131979	0.586098210470871	0.573722458920862
0.449236912689418	0.447635577916858	0.447558306854567	0.425386101034027	0.43291268333407	0.439632584523959	0.295568047443007
0.538162682357133	0.535931289038752	0.524473402478334	0.526143913637613	0.523145960232641	0.52645861302187	0.477135004271844
0.52300535730913	0.524800184073434	0.512020183184606	0.508733639184568	0.509696029079446	0.508149500312055	0.447413993900993
0.602144619007632	0.604130523126818	0.605647503049071	0.602947032959761	0.608958035191181	0.605406291691497	0.607180754918464
0.610083862466207	0.608036317734187	0.610917654556365	0.612739555358853	0.613466047088582	0.617960810537066	0.623298656979412
0.515334882328985	0.514902116932107	0.508747952086066	0.50195667854307	0.507756932858274	0.5046241689365	0.404697821955748
0.630753085198291	0.63176526419322	0.633180100543169	0.638591651881434	0.633885296019883	0.63741782974084	0.65839346491052
0.582043628619253	0.579071239194424	0.575753444274872	0.573243666160022	0.575100396438087	0.57894863308869	0.555508716332757
0.580066637234598	0.579926229539269	0.582255646458624	0.581632923692183	0.579850537792313	0.578337357630243	0.555456450187544
0.389581002609178	0.394557419344499	0.401478051893712	0.374529983071365	0.384713233749732	0.383138065160077	0.219933260688972
0.443773040491193	0.444561054657029	0.431415232729839	0.420929921504313	0.424888775217329	0.426775558326219	0.311238912464642
0.544831590106908	0.547770230424133	0.540668859257221	0.533369044351296	0.539918285858206	0.53699213595202	0.476367081320827
0.571150889862718	0.568535069055618	0.562043670879721	0.567644331210338	0.565019767407674	0.568049263315171	0.534854809712329
0.854256098610572	0.856576654161545	0.8338184961968	0.868017700916557	0.854810447435172	0.851397004813165	1.01418659950082
0.541147721496287	0.539325557430096	0.532920852596728	0.528265895130656	0.528366214842203	0.527449362768488	0.480861415314911
0.496230004079468	0.494525116979697	0.487018780748182	0.47560611013441	0.478519501086721	0.480178468074289	0.373438167823762
0.443288999348933	0.445273118058168	0.446270582133991	0.429612918092674	0.439328428184065	0.43822554899951	0.274437884959098
0.599368814627658	0.596281371516258	0.600115799792938	0.596917997177329	0.598955340457954	0.596151161293895	0.596081611470578
0.589883183155586	0.588875027380775	0.588045134430909	0.586082454976264	0.589149755900579	0.58846469104447	0.579315256954259
0.484951060470064	0.481759633208522	0.474898813965062	0.460765908199661	0.46925442753386	0.466300793319096	0.358874227994221
0.555747635105514	0.553697775111999	0.545261615415267	0.546050423071063	0.549959837549301	0.54759145362265	0.505491658564928
0.0504609784568807	0.0489427262247116	0.252701128840031	0.127926030841517	0.163446061552246	0.155359819157228	-0.065727174867374
0.517504864406851	0.520984991440149	0.508380186803102	0.504587876987257	0.503461488980614	0.504317209301892	0.426779604663524
0.577639932507531	0.578216315027725	0.575285903859319	0.575358017527467	0.575151586856573	0.577445350029221	0.561334940031298
0.527244147581626	0.526635719932537	0.522359212921587	0.517147265017443	0.522562106326766	0.518452555761199	0.428646588540853
0.672202100423588	0.671068219427736	0.681721614347808	0.686303825721932	0.686078519994432	0.685149144987321	0.748717394646577
0.549065883880198	0.547710934456989	0.540059166749418	0.534965961873787	0.543086654616129	0.539715354400353	0.492695110074204
0.643340188956784	0.639583845505925	0.652025277060324	0.648285287922586	0.645631940222682	0.649488100861834	0.682293129322824
0.537118645841251	0.535293068250101	0.527622244067697	0.528959459523477	0.52857321527639	0.527952832806738	0.477278987883156
0.611176368284377	0.608403876881365	0.611998538559401	0.610685919481466	0.605386569520975	0.608597974585954	0.615984497414346
0.588234140980001	0.586733978265478	0.585645424738678	0.583671009710199	0.587369099666232	0.585879914856244	0.572357970127084
0.619819308498447	0.620670666819826	0.626425291561964	0.625252153945276	0.626672742131529	0.625951105982888	0.652917136566617
0.620901237817249	0.623392144375673	0.62380492386265	0.618651810326427	0.623036632694365	0.624585526144068	0.639515508336886
0.379887643337921	0.384718766672828	0.401449848014354	0.368736074619079	0.380531141098454	0.380047435955137	0.210879947504954
0.554107847397293	0.554734756182678	0.550394495698582	0.544399019035097	0.546885391894136	0.550128327331647	0.504271834713673
0.545920047215946	0.544212989271861	0.533675765064942	0.532450708915138	0.532718137781108	0.535215483757041	0.486137650390017
0.50789041246367	0.50601299511529	0.497752118323243	0.487917535538184	0.491384707431725	0.493536931483788	0.398834919970578
0.665083280036747	0.665196795632959	0.67039334402821	0.676922175192445	0.672297008437974	0.670370216568483	0.745880027068141
0.454152244907164	0.454631404837748	0.441722137492798	0.431396201618672	0.434672721670774	0.434203703498249	0.31683238920458
0.384193942177545	0.391786858754064	0.395024812897763	0.3640643262042	0.377804863479546	0.382782038534988	0.215223941876909
0.565026780992804	0.563826472991367	0.557325115084834	0.557964655777801	0.557434195303126	0.558226586161353	0.508124571737133
0.57356383089958	0.569095544038073	0.565567242000979	0.562888659666198	0.564539218689179	0.564468398461208	0.538384666533748
0.64480741000462	0.644182013574093	0.650901678533158	0.658359700143948	0.65076520152354	0.651351735777821	0.690255645215626
0.647955859739156	0.651012616975163	0.655353003681773	0.662284079525294	0.658339952444424	0.658092381445558	0.708709792669873
0.513008693445296	0.51912515374009	0.50555125085854	0.496459456075793	0.501475906230079	0.499859835387827	0.432688231725956
0.4334059412138	0.434812184202541	0.431117045809063	0.414214281432203	0.424029701055167	0.419485370522789	0.268704906607407
0.522125734343949	0.520796383439655	0.510101811866263	0.507156729084414	0.505552028390606	0.51127480214086	0.43546036253801
0.665039472821975	0.661967222196861	0.674325148266996	0.675083006005233	0.673847619735246	0.676110616350105	0.737770324766821
0.282586305519695	0.284318540102311	0.351213318639849	0.294155367675358	0.315001936603392	0.313080550255643	0.0877358380350655
0.292655731243479	0.295115761946909	0.334536278513809	0.286401268068203	0.307832541948408	0.308856661446592	0.135541276010315
0.610166903748845	0.61106186367374	0.61060889736293	0.613084193197276	0.610817489534137	0.612363298583178	0.621905620213678
0.40606598776682	0.405573288745792	0.413337648219885	0.386198214305109	0.400450884825539	0.400348363895646	0.232824656031214
0.668436132947372	0.668013549729203	0.67518048592007	0.680935763963993	0.67633829508808	0.681122602404331	0.753529039022229
0.382450001180833	0.390167054587471	0.37614788767597	0.361298592492863	0.370468962164424	0.371464066172274	0.260035932916178
0.619048631490452	0.622545331883085	0.624227585066926	0.623684892027562	0.625930578418793	0.620630707198851	0.640996117638995
0.526517831038109	0.524577576036163	0.513172145085072	0.510048947600944	0.510742468705034	0.511437795601373	0.437855320378697
0.684649345797048	0.685629033716313	0.698749174666719	0.703808868478965	0.697211472774093	0.701834340196	0.772793560428625
0.453933914190534	0.455525382660254	0.442751087398034	0.431652372065553	0.434030846302089	0.439825144836296	0.322603797804155
0.528346192237583	0.527197114433181	0.521199703125343	0.511846220896838	0.51128700621636	0.513539547631501	0.450818502495935
0.741187493987261	0.743111098637535	0.749209637172853	0.765115673072529	0.758816086092838	0.758004144501213	0.888412034415669
0.418748776109657	0.415818823573539	0.408800153986045	0.392991768287825	0.402267721613796	0.402753757734102	0.286614614729684
0.665602855428184	0.664788649685768	0.670755192167459	0.679040369224563	0.673117961454886	0.675354528153517	0.760524812307016
0.596649266608732	0.596176095698313	0.597376543744138	0.593219963338071	0.594335118333417	0.596858350672721	0.595365970929398
0.50412287486618	0.508618852137192	0.493719704328134	0.485897718753191	0.493607794010516	0.491706101306801	0.403970888393533
0.474896416983529	0.474260755539706	0.471458119459805	0.460567882103304	0.460197475931254	0.467501068559699	0.332170937568215
0.430329019921983	0.427993995096031	0.422426711233943	0.406785717081102	0.412023671179237	0.414547146334028	0.291677153858728
0.522085735086555	0.528303762511198	0.513485848847842	0.510572843274594	0.511507710000099	0.51100500904125	0.466330906464722
0.612914881925018	0.610276788051807	0.615257501724321	0.614445517652705	0.619579467000398	0.614405843941634	0.629895916340866
0.568700108167452	0.567853492080595	0.558298222350138	0.561366623108059	0.563123933552871	0.562520720596391	0.52917832582851
0.414182273485456	0.412974024162205	0.414879501416816	0.390724030816864	0.403109754497214	0.403011846691245	0.260711135230066
0.928141615948836	0.942285102205131	0.841308667682672	0.915114136805739	0.890909905497231	0.891522765108567	1.1476229199653
0.539260336864643	0.53842229874333	0.528979311321363	0.524525311039056	0.531177408267107	0.530622291120192	0.462126865018695
0.490034361861518	0.490695224409887	0.47505089383535	0.467231900916416	0.474640601997867	0.476556609294352	0.372040151700104
0.550427567091232	0.547312017681185	0.536978192580245	0.53242057583676	0.540216141816884	0.537042850453274	0.494643881637019
0.576704787558926	0.577393510764394	0.574183663860595	0.573351612520908	0.573739897894551	0.574340759512494	0.552159018004101
0.50682032225008	0.506196757281434	0.492505699167268	0.489220298051787	0.491459608556568	0.49724551805211	0.400135000170305
0.553488889209171	0.548444444190952	0.545818305676098	0.54209379264968	0.545909247498338	0.54528755366841	0.482862157947681
0.437443169758421	0.442751961686278	0.438887105342044	0.419977566263425	0.432868032371666	0.42761449968057	0.27140961111199
0.537769102135873	0.534444628574831	0.528139908806102	0.523667775421076	0.527608361322344	0.524414138033815	0.478680028295506
0.605284255367124	0.605717445300635	0.606248977195639	0.605293795698892	0.604221682494034	0.604074392313694	0.609339328044079
0.618620449167398	0.62059194935343	0.628506499221886	0.624764626662219	0.625736269911199	0.626717765901865	0.650775645541001
0.556933847220138	0.554074112879087	0.547197922588691	0.545358291981839	0.543744459969028	0.547771280024522	0.502490765372041
0.608471784041884	0.609432117384763	0.611868301665004	0.610895033458201	0.609830869506794	0.608532527038113	0.621118703619814
0.596827398625712	0.593407086687247	0.594454764745015	0.593736376673905	0.598048778591473	0.593151247576965	0.589523162228538
0.590408110634062	0.590232287370172	0.58699276140378	0.587633712525995	0.588128417365148	0.586145998238042	0.580244279245846
0.629171792793125	0.626728868887333	0.637284981761069	0.641669554275833	0.636139608453437	0.639502018922926	0.666103417621743
0.54640205205407	0.546881584827593	0.537703009003231	0.534881114602889	0.536678610638307	0.537758824446929	0.49272252038099
0.721031712972051	0.724254465297816	0.732094640274432	0.740620963082569	0.739714488320197	0.736863509867798	0.866624877748575
0.372611302251148	0.373557562804424	0.367326578754418	0.346777149348475	0.354831878179914	0.359390382411545	0.241107169457341
0.564411775333521	0.562110270614936	0.56004579635428	0.556719583676663	0.553310196484624	0.557414283522926	0.522372096349901
0.441995285736218	0.440102637172928	0.43469869240425	0.415730581392639	0.426779644386676	0.426643191868569	0.271759117760193
0.573385363612856	0.573915912975714	0.567806008620213	0.5696407155271	0.5672823415681	0.567817080086337	0.53531926657524
0.450519464943072	0.449396445944315	0.446298296146023	0.429433227189681	0.434728335185983	0.434674362245391	0.305612798852088
0.691172743393555	0.695170833208752	0.70437714283901	0.710395416266307	0.70591736257839	0.707330654250825	0.770886615535845
0.591112387129241	0.590357640626537	0.590725423742009	0.590073956626604	0.584841639678995	0.58929943035342	0.578200532586878
0.637714435748374	0.637975121880601	0.64496769092915	0.64614955583845	0.646533733696918	0.646509150420667	0.681809053544075
0.380268759033502	0.380191173052586	0.388628576599637	0.362931663729576	0.3695443440918	0.371404451017428	0.219114949506121
0.637261995912159	0.636029562637038	0.642667689861018	0.643865684092282	0.642302634008332	0.6419572691792	0.669160321846599
0.626885959891385	0.62466667704835	0.633788469477212	0.632444338171392	0.63497677397753	0.630294533508305	0.657614933573129
0.726881781155839	0.726782536018158	0.742522214041539	0.753265834106643	0.744637894901256	0.744978863117832	0.837011645372905
0.654377801585017	0.654418945391937	0.659383227648677	0.670245107741708	0.664198468235165	0.663334222648398	0.713376983541709
0.579006769443409	0.580186483223111	0.573766956202616	0.574446550515961	0.577092549560034	0.576313978536103	0.554674747366992
0.560260195713636	0.559133602504458	0.554330750097685	0.551854049495603	0.557479974830277	0.555021892648249	0.520633090554724
0.615241098780409	0.615675289494115	0.618737523629177	0.622020694259757	0.618928770790072	0.621453630252435	0.637310078478857
0.558584085382155	0.552221494421941	0.552221622950437	0.547854446176265	0.544810604878331	0.548719856565658	0.494952985328483
0.28719213890635	0.297762033170469	0.34360200451053	0.298628393635818	0.314159728564785	0.311092717280292	0.123968385482047
0.632867767466607	0.630541469297414	0.635786991336971	0.64051830021035	0.634242926437377	0.636365019823702	0.669091633533125
0.591458190971767	0.585695080861095	0.589130585579653	0.58399394273546	0.587589276426843	0.588498929890215	0.573494853921989
0.377181945659895	0.375915944941533	0.388275132576354	0.35851573995021	0.366735550320324	0.366766058123153	0.212882461663206
0.582697136113714	0.583478099123549	0.579077568794493	0.579866327529495	0.579245284071156	0.579385422995689	0.562085455825951
0.732466564868014	0.734259399482741	0.745860656907458	0.755632862879426	0.75116642029892	0.751232633155014	0.877262092095449
0.666011832883736	0.66761244922334	0.674425062401137	0.68152956214704	0.676426246713436	0.675347308596533	0.746788804220754
0.58503188056847	0.586277238894976	0.581836319551406	0.581317115161721	0.583258102639394	0.581396239693028	0.572615381259011
0.592044808015426	0.595342591839473	0.594913049292929	0.593210057541377	0.591676378640877	0.591562739133891	0.585393724407845
0.455020452386735	0.455478720730317	0.442311920465346	0.42984343916274	0.434685885996315	0.434285887412927	0.30862569417337
0.708897953848585	0.709264372260069	0.708318755859467	0.725631536647253	0.721341869225618	0.719707094666932	0.848553763342374
0.715136627930279	0.713447554053107	0.726475791789768	0.735381066983627	0.729555688102085	0.733113223335838	0.832566434600723
0.503634016735915	0.508184668593411	0.495093648203052	0.488230984924757	0.489807487285917	0.490466230991795	0.428650643740678
0.631734149322948	0.634880257476244	0.640361872119858	0.643049023062035	0.636453834605388	0.638468178246105	0.674387249378099
0.735825859810491	0.733694240246941	0.745464975360692	0.758658986653179	0.754029810279744	0.753374173165999	0.86402387566871
0.584154271748591	0.586304281879599	0.583985571411568	0.580501337210305	0.581640589358277	0.583102713619614	0.566973915062985
0.645391449236692	0.643898646461073	0.651988426950714	0.657873636960679	0.65583718487605	0.654326154802905	0.7038270359808
0.676382270114001	0.675914771251267	0.684164162838978	0.689313107043421	0.687298307421323	0.685325941320729	0.768915651717168
0.445807553393291	0.442217796329183	0.43681414047309	0.422468931191496	0.431739997828488	0.428561229275475	0.291403254848914
0.5083676666495	0.514423360655405	0.50595346072753	0.496149969566758	0.499951293512673	0.497725108662041	0.386383188847525
0.515159450051923	0.5129533666301	0.50611451643692	0.502919997692549	0.506548046064634	0.501546114268313	0.43533489192337
0.362351712429566	0.366021444071065	0.37973980749761	0.346975956841297	0.361883422069888	0.359396016338643	0.188805384947535
0.593056310070135	0.590711942478227	0.588131372633	0.587312679114978	0.586821332314093	0.585943214698062	0.576179507822356
0.619751839551376	0.616812154404074	0.62306431570925	0.625136840615857	0.623731691294295	0.623043585360348	0.642460565523099
0.551389933321213	0.552028990153057	0.543272443612648	0.539176929086647	0.546260430894272	0.546615678809023	0.492346490241657
0.610443764316038	0.611466028541925	0.613742384109308	0.614543128276142	0.610992122099227	0.614040908477207	0.624000532921245
0.54991356717581	0.550604277053723	0.545007268893585	0.542155611196977	0.544875263686151	0.543473575115045	0.503713155793075
0.51830541588962	0.519764869432114	0.510318286080968	0.502081677373367	0.503661421020659	0.509720143498359	0.421121809806074
0.495782236752374	0.497381946419208	0.490009470941371	0.475847255292521	0.484556538762318	0.484362955426186	0.381115884932373
0.528327883219145	0.527894825676363	0.523996772097455	0.513797774561545	0.525556530085156	0.519814546627198	0.441888308445263
0.53613004206373	0.533587045135194	0.52351363185839	0.515987576437588	0.523689048263143	0.520858971044806	0.456432423248584
0.648610434990453	0.653853763182655	0.657351526202586	0.667669529834314	0.662110037368369	0.662797282081454	0.719070720684706
0.38545794562054	0.390302480057878	0.384948504212176	0.371307635844794	0.376199175664825	0.379292898051552	0.249557177797269
0.513249303941416	0.509700068757739	0.500534762026608	0.495326002045606	0.499109620408994	0.49870236551922	0.413094879169908
0.334424642019258	0.32783604887163	0.363614241649536	0.323034381928013	0.340753489776303	0.333580409358779	0.139596554543315
0.519051778779753	0.514269271035284	0.513175578276023	0.499504495677531	0.505075580021386	0.511767349179045	0.406332057031479
0.438103852821112	0.437765364504426	0.429793014355315	0.412537738817645	0.422860461024258	0.419573895820927	0.298970389361166
0.664402777895838	0.664201779751456	0.6744746707108	0.676210131781241	0.673530761265295	0.676278250840714	0.720365745827854
0.677486972516287	0.680510991056366	0.686543445081927	0.689859028478115	0.685621710149709	0.690174824687759	0.757196688108566
0.607938044253468	0.61300500219708	0.613326289703668	0.615985329514584	0.613766479580633	0.614141505348479	0.627832591794867
0.605076386513849	0.607131229788064	0.607796607643059	0.605688835466299	0.607687051937804	0.605994370466851	0.611225213898604
0.644663197767047	0.64374236766928	0.653908832266771	0.655920864782883	0.654912611136859	0.653508514645137	0.690439787974968
0.672125232798019	0.674881803167798	0.680564194527428	0.687505873697668	0.684441468094559	0.684692229120844	0.756164841354193
0.437503817987618	0.433011411775114	0.428083949928254	0.414359561854836	0.421480932714748	0.420603335280545	0.287534185709278
0.777083985912682	0.77923556379057	0.785092458843403	0.803067045615397	0.793105274842383	0.791035293196596	0.933761983154956
0.604179139106195	0.602985774685397	0.604256974232283	0.60677123615392	0.603853122891952	0.602115617387725	0.60690524698525
0.473329548140483	0.480140303892151	0.468972905380576	0.453995771972494	0.463800501105706	0.463267787876288	0.319713687832994
0.539380819244493	0.539187536006739	0.532333380531763	0.525337750947478	0.527516193486772	0.528107505267492	0.465391822983824
0.540734484569986	0.540928600905881	0.533865343557319	0.52937849594641	0.533111440261998	0.530007588965136	0.487097753608772
0.521093915023804	0.525098657978619	0.510902403657285	0.509369265161509	0.512056406166057	0.513309376072291	0.455529707497705
0.394731888714927	0.395206041923424	0.408371236363492	0.378240188640432	0.390132037609753	0.385792290240714	0.216693174823214
0.443958499841649	0.445418225338015	0.437694841986836	0.422600640284508	0.426538616054678	0.430972676517458	0.304684389488555
0.62758927504685	0.626583043473872	0.629413536794671	0.632490331215219	0.62796013611661	0.630656279472355	0.648975103038938
0.481561247262492	0.477554007323288	0.464369543898992	0.456542225874986	0.466080415520791	0.461603551382683	0.358394090751646
0.669099648997917	0.669626571404847	0.675192748585815	0.682090809953696	0.675443733755535	0.678663186744051	0.741704212819008
0.467974011438582	0.469166977859949	0.450199631474052	0.443225231724615	0.444910773030237	0.447076201678088	0.350770265816721
0.659783578546293	0.660490854369605	0.672003978380118	0.673743415277399	0.673777902363645	0.673321057836326	0.727431822408534
0.746615044288622	0.74792543115873	0.762195483984003	0.76963110020861	0.767280809613816	0.766090505460547	0.84511270293777
0.513381849195428	0.515779202127966	0.499708576047722	0.492546960765814	0.500321459190985	0.499452027160776	0.4093203980446
0.537861036543905	0.537727064544587	0.530140049292076	0.524440842535689	0.525855209848117	0.527853001688281	0.475755984688585
0.647562647817248	0.649705421315201	0.654876757261083	0.656695739233733	0.656183113719309	0.650905005280493	0.712767899459701
0.538564797539294	0.540023260949321	0.528213982526657	0.526759823110861	0.527467038703237	0.528135560463969	0.481781296023899
0.549767800693991	0.551334556202879	0.540422860697927	0.540466019907164	0.54053294780241	0.548368977476164	0.500355670845122
0.587356941528007	0.589222442018504	0.584359061040037	0.581723261627757	0.58382593841659	0.586382073961211	0.573484335257591
0.571793448097873	0.569757003367909	0.56536838413596	0.566749108761394	0.567922357451384	0.564613892056769	0.54296671579542
0.556230457829437	0.556393164721811	0.549760386791876	0.54864850042613	0.551304248643934	0.550843367052761	0.506466686501592
0.50888546678097	0.509089340618028	0.497742073218964	0.492714557565515	0.495950911850421	0.49382350094396	0.424126080703381
0.532916703627296	0.535768252852001	0.523775788592356	0.521313280849923	0.523010621861833	0.519518786472047	0.459902424023592
0.520761904482225	0.51622445287317	0.506147902248865	0.506493310705812	0.504628389157071	0.503461291497071	0.444659969220627
0.404766960982861	0.402432941023564	0.418202635792932	0.38457736814445	0.400078764163744	0.395801921003088	0.210881078587229
0.537863795549023	0.53838977442544	0.527239170131909	0.520325872162897	0.524284370987407	0.526689603753409	0.477704955644992
0.555463815266463	0.556132966322506	0.5490429355863	0.544955611523288	0.545191408597917	0.549412033500814	0.515562042560264
0.668654662017094	0.671516295639672	0.679038761467403	0.679827334231468	0.680333286920287	0.677457681147951	0.743609371494611
0.602185269676291	0.60125287526057	0.607284739622594	0.603975773483084	0.601832354257129	0.602561396341809	0.607085560538212
0.42288851643655	0.418439948914871	0.426115437368817	0.402587558359474	0.408232717969108	0.413560034643591	0.244469666714482
0.595781235005958	0.596472587020005	0.598877151682727	0.599333952851735	0.596636912078364	0.595971910346269	0.595627043378032
0.662585059475951	0.659987483321142	0.669578077481132	0.670668623330224	0.675434269558543	0.667761338777707	0.72743950184965
0.771598915764446	0.771976079924546	0.767703351614129	0.791950679485642	0.777691158820799	0.78117606117707	0.943325747132655
0.578191941457848	0.580166362863967	0.573611509635154	0.57203205040795	0.573341375025693	0.575655979966407	0.555887398987821
0.419340943303493	0.41845812540229	0.416491285675911	0.399011297445241	0.409166361092246	0.405601121640108	0.26728241868775
0.561239892411536	0.562253566226101	0.55686399968473	0.555695479794871	0.556057064618939	0.557497078477429	0.522792335626481
0.574095010865299	0.572985114059779	0.569973527316896	0.564421549210463	0.567288009432613	0.567108564876858	0.533416573507523
0.562236740309818	0.563813855504797	0.560456505714781	0.555328158861897	0.557081244149072	0.557276058822218	0.529683288694233
0.345137969494105	0.351380273232919	0.354150399955474	0.326834713881459	0.338097688547559	0.339237863250737	0.209524071278933
-0.117921921543215	-0.117285228602399	0.196216207005568	0.00557253793739967	0.0485924362831608	0.0378847146956672	-0.178474527836507
0.490760825116835	0.49051135394289	0.477389834980251	0.473303112572131	0.475315033663845	0.473237096330254	0.387436776037332
0.706890135692994	0.705176449212487	0.713637644747342	0.726426490723705	0.716988455004159	0.713504552270504	0.850280042745213
0.715170683197855	0.714607599112475	0.725765261590513	0.737767594840574	0.731422759937356	0.730658528567319	0.834949135155881
0.537823107997055	0.539733162208674	0.531897359331029	0.524311362400148	0.528946955234074	0.528870709893465	0.473965328472431
0.58635562719068	0.586906782173854	0.586521887943572	0.582554691085757	0.581801917349297	0.585290126667124	0.570253266319698
0.608236844395113	0.608938514721759	0.611264063204057	0.611506162421583	0.609313663875705	0.606519956313648	0.617705044040005
0.495768200103084	0.496947990839484	0.481748094269613	0.475506988576095	0.478271429199645	0.479174371247179	0.393011253548831
0.400276465071887	0.396860213446306	0.393045250447237	0.379029895503141	0.384685522214167	0.384420388607076	0.261097050359056
0.526365123891854	0.52781830588536	0.520750941680487	0.511253214469907	0.517119614358148	0.518331968239993	0.436233268033973
0.610396647719747	0.611853292432892	0.614856121198649	0.616955084455489	0.615023860615519	0.613277987493447	0.622901066979452
0.549495998891456	0.548603790413597	0.54188820417273	0.536832613302573	0.541401345712544	0.542213136519223	0.496257744568895
0.54650474365191	0.549305798367361	0.541431084333052	0.537376351801637	0.537683603303268	0.536746129567239	0.484598545666074
0.43981885906116	0.435716151794754	0.439034773300662	0.422193566037158	0.426256853361484	0.428783803204306	0.274136062778865
0.49007553089163	0.487435426473435	0.481572508953202	0.469716387316527	0.473995514832523	0.473755669075486	0.366640153839866
0.59905829505436	0.601165402650719	0.601980109316611	0.597946938833612	0.604489671204106	0.600613085060171	0.600574090750925
0.320108569723906	0.321068759615414	0.375616831199322	0.323136589803556	0.342948637230188	0.345525605710744	0.126554851790885
0.546894268247919	0.543779795926165	0.536522370837723	0.530306473040579	0.5349956371981	0.538420654780151	0.482636420240725
0.520359015536967	0.518079125788876	0.511396637745873	0.502948119091288	0.509430453206466	0.508857681049111	0.428079794856915
0.562935808534113	0.558992315035113	0.555590172632754	0.555519676847202	0.555028719520367	0.554056365624895	0.51615983733745
0.552989339545889	0.550965342283692	0.549375611776601	0.54281852685183	0.544394206174379	0.545267022585857	0.501752263083547
0.63860503916988	0.634838281569602	0.64361534989148	0.646175800458864	0.648808643002795	0.651337717077848	0.688060325187328
0.642958328269969	0.637903388524651	0.647683176935401	0.646328896496529	0.649134050086791	0.649909240160307	0.695675800882647
0.492172549165235	0.491808326425748	0.479615656690912	0.47107712156629	0.477103327386049	0.477116689379305	0.376655481955133
0.63357531894472	0.63878064930531	0.642469208030981	0.647566402452436	0.640316395250489	0.645063861841009	0.67937634585502
0.595347805036742	0.592999916499406	0.592327896228814	0.598011157860659	0.597191480973298	0.595973399428838	0.588379881658864
0.452663906799021	0.453393535487908	0.452134054405304	0.43483270377175	0.440521811812982	0.447629258370784	0.29611702487339
0.554675799648994	0.553060868136848	0.54675700571839	0.544649569880365	0.546223821649287	0.548095372138798	0.514086348470261
0.626785882498627	0.624183599540921	0.633219938183987	0.633249361701569	0.629913445377356	0.632015232701151	0.655841365106489
0.432367043988052	0.435390660224103	0.433411038866978	0.41231299117732	0.417522130440564	0.422976738241833	0.278060062848742
0.485182729908187	0.484479242898947	0.475421865109228	0.463831204205242	0.469816668505613	0.467270580510503	0.350878055067595
0.517505332508096	0.514824735961669	0.500381138683692	0.499457175797688	0.497574659398887	0.495621145053839	0.42286169407629
0.527762192482933	0.528172772832211	0.520154244303774	0.51477261150805	0.514223121166469	0.517584490355401	0.439902494838298
0.479573597064104	0.481188516000936	0.477349069229286	0.461605530689393	0.47050803830389	0.469324185536413	0.337035805935815
0.683303794351664	0.682590683924658	0.69404418931045	0.70185343338454	0.694503372274356	0.695770900781526	0.777532769204386
0.59589118531056	0.593800547958615	0.592660057894108	0.595858456716169	0.593919929645996	0.591154063500312	0.588490556526449
0.696217072074099	0.692941978146643	0.703197381828488	0.711818048268362	0.70356537821543	0.706436146828568	0.79327978271447
0.534270756616223	0.534853456424683	0.523635700385293	0.520739459607163	0.523868138699901	0.523083464357051	0.473264584290359
0.623892142043991	0.624099683946506	0.632286034919775	0.629584895882557	0.629721880931829	0.630073346873957	0.65342608008528
0.836604756718112	0.831513366141376	0.82333717464602	0.854629607826281	0.842869033663927	0.843362453128204	0.999433260941536
0.578915196828161	0.582063534778978	0.578971858059483	0.576710156919945	0.576863388019701	0.577004000847565	0.560473576735149
0.768761186181791	0.774735875885752	0.778518796881687	0.795549704988189	0.785522745555052	0.791068471710735	0.920484029029457
0.563682820081829	0.567363184495609	0.557862439334397	0.555427915999035	0.557582521705874	0.55849796596313	0.525847034295232
0.539412200160263	0.541571533328848	0.531454974944369	0.529580183103633	0.529962068630455	0.531631598932943	0.478161469575202
0.562056846228925	0.560237137708657	0.555767878758424	0.550037073802967	0.553014777446433	0.554999071893455	0.510204024664742
0.565733943386401	0.566218172071361	0.562135145778429	0.558617681267275	0.56172242036446	0.559090960103697	0.528051014958518
0.545155118661734	0.546162652498015	0.536947840802053	0.533211652182546	0.539590157766616	0.539177715828264	0.490072266931584
0.514298947838664	0.511727078759978	0.500359045477463	0.496030241103637	0.497874334401367	0.496556459714554	0.414612403243808
0.590729055743042	0.592063917433491	0.590101451501655	0.592208996425189	0.589844289452889	0.587736809299394	0.580830873535041
0.619864570899739	0.623267160071844	0.622570820437059	0.624048468371831	0.625210093507757	0.621284095875454	0.651565993489467
0.627133811745048	0.628354745580375	0.636802884647191	0.636218947615913	0.632574127596985	0.633540331516861	0.664113222945255
0.618657034787448	0.618517131245098	0.618044748334655	0.617826120995591	0.618568937083524	0.622520308214315	0.634916361546143
0.615838781187755	0.614566098572351	0.614230648981334	0.617166568716863	0.615276671214824	0.618533098982598	0.635443674881741
0.583984125160428	0.585329116087121	0.585405480271579	0.579530716457607	0.586571542834815	0.582255548072889	0.562578738319648
0.665286338248181	0.665415170321119	0.674961929131317	0.676720822920759	0.674374284304506	0.678213818851589	0.734422488323142
0.625990547389822	0.62917329247738	0.629786282114344	0.63222542064639	0.630422189756403	0.630826931738744	0.656983391260765
0.524257925569252	0.523860896041833	0.5149781492856	0.504214870101155	0.512213884862128	0.512284175654417	0.414960006070646
0.511211625129944	0.516851760848663	0.506223269277477	0.499521951957359	0.504043415687528	0.504913032109774	0.432478049780905
0.568602935343798	0.569539321969354	0.562131991734102	0.559209509174438	0.563146804421354	0.563054230724464	0.527814962662646
0.457055755193221	0.458466867405538	0.449739099324679	0.434848782312801	0.442472417122938	0.44051864504647	0.329112134895633
0.278169677185106	0.27443681544996	0.3314044413593	0.281837460290369	0.29661271707386	0.297162732512212	0.11155956296425
0.572012755248361	0.568707680482612	0.561826836585662	0.558542798796959	0.563977558037999	0.561265268848716	0.532126638827935
0.629302903804123	0.628283409757893	0.633745494322012	0.63385496854305	0.636464762532496	0.631994561177435	0.657359080204918
0.618952953166419	0.621352527110606	0.626831919782965	0.625161276771627	0.623401225243021	0.624664409275578	0.644105852256154
0.747709909672864	0.743718967805916	0.748629014564395	0.768046602271573	0.752121024114503	0.760922136234601	0.910134028239004
0.738673306597332	0.736064530172973	0.74925053208008	0.765469888198142	0.754534108813809	0.755643822060896	0.877108947258709
0.704905767862359	0.700884338183718	0.71479754272672	0.719629451246622	0.718783872883967	0.719241569856723	0.805371433235785
0.487734367565317	0.491227136792607	0.485057554643996	0.468171637067882	0.472895005422386	0.475973690736623	0.358349911265198
0.663518840395245	0.659044495843962	0.673789369110529	0.677356511924785	0.673141068805617	0.669926450394563	0.736136394805191
0.493825301505026	0.491469250369576	0.48106982528346	0.47134038597847	0.477298779821582	0.476890262621378	0.388673508607807
0.638074754910483	0.638436406283763	0.644116007692249	0.643485861843258	0.64431152515561	0.644080571512721	0.670472369297024
0.627262528260823	0.626674651238516	0.635767648009469	0.636061396654799	0.632428440680206	0.629151548731786	0.657284218193094
0.433456094847233	0.430499199792523	0.42598660542891	0.411694818959954	0.420115850546588	0.414403666760726	0.295224070538658
0.474408671947178	0.474983004833978	0.461708495991724	0.454909340453471	0.459749665046358	0.459682279280659	0.358492916268054
0.585596781429249	0.584199902473565	0.584758429159615	0.586596019868825	0.584449166110591	0.582425196665265	0.567754763283625
0.545689128405595	0.544985541806549	0.537345462185959	0.52836043904974	0.536882939464153	0.533796285383559	0.476917261103578
0.488528903203752	0.490280483224708	0.479640674939722	0.472065720379744	0.470591793334523	0.473455037252757	0.371858649538919
0.44119653278824	0.437661274401751	0.440101474229052	0.422733100098489	0.428073121973437	0.427647240353652	0.278332935625506
0.605316610089975	0.606528813092125	0.605895401797432	0.601506448009993	0.605926659674903	0.608983224921578	0.609432304568387
0.728375945644983	0.726193866430123	0.739036015172362	0.745069542328434	0.742964106095281	0.74185067080086	0.823824828861465
0.412443800249551	0.412442405355507	0.419440913116372	0.393111888640928	0.402512262629017	0.407467564485075	0.242514452925738
0.443894558073738	0.449501236867039	0.44345518648431	0.426339347479466	0.43380193891733	0.435001397065014	0.272604619747971
0.666977102787983	0.668948154148716	0.675997435525208	0.680864072076211	0.67845561305878	0.675782550880609	0.747642836225364
0.532561012717167	0.536487275623374	0.525637782329439	0.519979260917518	0.522043491204274	0.524882465796743	0.449276568289581
0.553584536991801	0.557888161278623	0.547483151242674	0.547735693834604	0.547955950174333	0.551748959461156	0.50642001514867
0.559567802225177	0.554546779675408	0.552431537090073	0.550408677463414	0.55057063063844	0.550927683934103	0.496185965145396
0.635400327654525	0.636941735835661	0.643393768564787	0.64587802666521	0.642218670302627	0.63963243557532	0.676365015028874
0.580653434262364	0.577399919782485	0.57537021760621	0.576028624883508	0.576814265169904	0.578455686056357	0.556614926295893
0.607683603418442	0.606477428947923	0.608432035191472	0.609503549783029	0.60733694571306	0.609958617979585	0.616953575640108
0.645884978253796	0.647745129126573	0.647029821692181	0.650285057731493	0.650712599887062	0.64956530148513	0.699650991456993
0.209104217517985	0.216898164705673	0.322476249237345	0.245731633684318	0.268572298908984	0.271213686975916	0.0276426539554905
0.571719883586093	0.575337300126771	0.56795648916758	0.570879835213628	0.567149876234379	0.567795375946297	0.555381699832651
0.721826850745816	0.717919089320293	0.730156710570624	0.737577713513872	0.731971661279228	0.736585567226476	0.833889608455812
0.547436443330071	0.547734593676212	0.540595659661225	0.534955297646024	0.541117733298186	0.537759761041397	0.488456670826366
0.382936047036625	0.385661047190748	0.403484963409907	0.369947772462435	0.38487648880721	0.383679813315446	0.191255753704161
0.37616762997793	0.379416825570663	0.371206499039058	0.359976852171241	0.362165181947773	0.364145159351946	0.258466498248902
0.640160915141003	0.643195238068738	0.647567648556407	0.65229144159771	0.649786667653497	0.651837399481868	0.684597267278277
0.677985944806256	0.67956536201771	0.689574754230323	0.696907551553965	0.691152622868602	0.694412323077367	0.75898269098457
0.690916752937714	0.692096772267102	0.699890592755039	0.70230511200443	0.70012212115487	0.704727195793864	0.78535522381245
0.503001728320135	0.502825050141008	0.492792907057661	0.483618645956803	0.493669337257177	0.491593192702575	0.404836882524741
0.506402411713058	0.508625443592915	0.495662520561229	0.49184066801042	0.493539360133821	0.491231487191765	0.401674471578895
0.454291442448453	0.453479819374975	0.449955193126857	0.430564666250972	0.441608650874421	0.445510936365085	0.304835928658835
0.725437951035614	0.723812399103621	0.738040180007637	0.752338844783522	0.742919409526184	0.742022422003556	0.857460927349394
0.492135940067263	0.491610450704695	0.482805323397335	0.477170646170816	0.478666872437564	0.476096429277868	0.369498714122567
0.577373838927869	0.579360717255051	0.575090722481871	0.573701115313179	0.572276564091662	0.573973365980855	0.552773242750992
0.688884386075814	0.690036660197792	0.696691094288215	0.704830131973995	0.700742381501541	0.705250463157868	0.797100052057322
0.508664390253368	0.504259953106952	0.499198167981275	0.491788385913924	0.502475439696016	0.500656642188657	0.39779891162109
0.498819309098325	0.501931488198867	0.486882081296361	0.48579182182464	0.487966047733692	0.48555367423251	0.421888102207215
0.54603535496405	0.547525623712379	0.539325538100148	0.533075296054455	0.539820303783558	0.538120430981207	0.478989359221984
0.528710900816084	0.533178390808368	0.518441339419355	0.51618033380243	0.518225995838967	0.523996204989111	0.448023600353999
0.56132590459219	0.557363115527252	0.552283633242341	0.551493673714203	0.554044132816239	0.551548277546993	0.515397829783072
0.720621791445006	0.723399081248058	0.732098344368787	0.74634725041445	0.737870675751895	0.739568039250257	0.858561036658008
0.455721299616205	0.454042556396757	0.452668822451517	0.432242703574886	0.444916677884598	0.440872196954734	0.295062761489704
0.490678688122721	0.490119825144396	0.477770930715842	0.470657579709194	0.473085699905058	0.475221207234465	0.379465733118376
0.397202784054985	0.403303349902274	0.409570386101608	0.378899303013953	0.392117447361232	0.392458927219948	0.223710217657386
0.613483826838972	0.613110726896948	0.615078782814467	0.619265709350539	0.616924572964507	0.615295421814555	0.627112830107373
0.624706026717049	0.62611616912357	0.628674062830499	0.634221832355255	0.625819758520444	0.63457959479695	0.660629954609489
0.281635898797117	0.275672911056359	0.356617609106896	0.294562538085469	0.31667606325746	0.317815421525865	0.0822222165646005
0.554509741404835	0.553882002605411	0.546207929148599	0.54617630469048	0.546856251277619	0.547523422076179	0.500291992913768
0.593706998811745	0.595339682610294	0.594801406438495	0.594783391361037	0.592854934411735	0.59490763526086	0.589245986989412
0.50460986199491	0.508413549490238	0.496237913183303	0.485321216684784	0.49510448883197	0.48929985771017	0.39481682260442
0.398633687429375	0.400582237820574	0.410873785865382	0.381995376986185	0.397479950702398	0.394645563679175	0.221160351877442
0.293860128447467	0.301500780654154	0.363564245769797	0.308020490118701	0.327396691472076	0.327955301612416	0.0979989478168464
1.10607366055922	1.10062278487559	0.916831026886314	1.03042675785577	0.998446464415246	0.999573718085583	1.25065870758426
0.728252663796531	0.728696535589151	0.741628470241571	0.747203206867699	0.743207122982885	0.741490186623162	0.842133020029416
0.629595878894922	0.629235159493124	0.638937420325037	0.634247590562612	0.635072789334435	0.636978960803894	0.662964581822947
0.541492385954455	0.543386300117774	0.534398641608321	0.532328401875356	0.53502882724602	0.532829620101955	0.499881434237708
0.530427148239322	0.532859889323921	0.519614117861012	0.516802990613115	0.521277318830804	0.521297944817757	0.455313622987636
0.395257242372023	0.397992385874648	0.406732155305587	0.381601224377602	0.393616574525956	0.389016139131007	0.231569453700729
0.507922704646333	0.512289220880753	0.498202499882957	0.495992491232121	0.49586419879982	0.500343122383685	0.411682587769103
0.532951378968433	0.532986362542225	0.522049635154853	0.520476850205328	0.522053223404811	0.522766336354648	0.463558910976041
0.580371761280556	0.583295568556463	0.581221198768573	0.577081133164937	0.581107180142923	0.581190730069266	0.558952527626545
0.693668464682214	0.693018674569005	0.710442147822428	0.712457409392919	0.709221685354156	0.712920378775268	0.791441722157777
0.697802867556021	0.701416727891181	0.711366445828514	0.717325873831863	0.714377088979528	0.714297524642189	0.793449391382364
0.544426050705283	0.549621514648029	0.537670827840695	0.540108116186365	0.539172996228565	0.537221729224333	0.485384263830852
0.626082940172148	0.62418529165897	0.631749619047725	0.630530980897821	0.630891420296464	0.634403211438175	0.65524351485653
0.557564743940907	0.55636495520914	0.550556615973983	0.54626050403432	0.545203482544652	0.549906496889571	0.493873303095221
0.67359397462473	0.67464330698506	0.680647037146626	0.684765891792196	0.682211325726884	0.685354653492687	0.765383276462122
0.47802986941056	0.475478456789208	0.464679388919248	0.457403481807829	0.463098887300973	0.461960138763703	0.363955704129658
0.612021409587654	0.611025946346595	0.612780525443644	0.612305510574882	0.612395175485699	0.613382360115247	0.620372991041627
0.474213357417677	0.477606909237982	0.467729120315688	0.450406433804996	0.459500716622372	0.461401338508972	0.345505383227352
0.523825507080915	0.521271278891215	0.509503029481549	0.513225729263966	0.510951102583543	0.507653482248977	0.448253505597544
0.672564812800986	0.675819758459606	0.687396067204967	0.689948916710478	0.685855207327735	0.685471926618508	0.759622616153682
0.435199408716353	0.439444533363711	0.441132331123966	0.422569701920362	0.4309325117362	0.428441984449884	0.266523056986215
0.609603258933221	0.608556050915088	0.60991421921974	0.61078470920783	0.609675422149253	0.612474313582805	0.618619228657737
0.242821876091253	0.243656973331265	0.331871295157011	0.268302272142952	0.291815785291145	0.286641183352224	0.0592278280768893
0.622086128397601	0.616354901641124	0.626738236064169	0.624073743155937	0.625299403443194	0.625697668724433	0.643857344492613
0.792821988698351	0.789129890653657	0.796898219852908	0.813083017949912	0.807435459417211	0.811568166992112	0.935244360088508
0.756510610606103	0.751379970009647	0.761175966432999	0.779636153806471	0.772079477405128	0.769981865152176	0.880855998898208
0.535732286077109	0.534983332824296	0.532259522397585	0.526675873575981	0.527029154172833	0.526783858729474	0.469535522475625
0.626144674035757	0.621694070354995	0.626422852059961	0.631769839252627	0.627484518262285	0.626653419781973	0.652018536638481
0.50837213469446	0.508487295807969	0.495156184973259	0.494834919551476	0.495327369868599	0.495976326935506	0.425110060089453
0.494326532045968	0.495156747992974	0.480182600536028	0.471394019398193	0.476212392980302	0.478376307840664	0.401207751971777
0.626243281088646	0.624464982071321	0.630627077555334	0.628999173098291	0.632335660886856	0.627745867686104	0.655331451362729
0.498537202271476	0.500604354450003	0.48907143362194	0.478309089329097	0.489315920202842	0.483183297099338	0.405786782568233
0.543606021551072	0.542433675874558	0.533609556421568	0.534462153186569	0.53585064435702	0.533321981898604	0.464254987398633
0.459170751226162	0.464714660953101	0.453983641312398	0.441154364523989	0.444755294063131	0.452197163240684	0.320271294854358
0.683101313346726	0.679398484767755	0.69148690755444	0.700921318236304	0.695045849397276	0.693855093492811	0.785376938502519
0.532150523652248	0.531919822512047	0.521405617088837	0.522867241855742	0.518472357764457	0.522101431427272	0.465185611035475
0.543182938163238	0.541947851857584	0.535000741118117	0.537372423698731	0.533870971134648	0.533556246153079	0.486171799482843
0.439540040462689	0.44325455731884	0.453381751451075	0.433088510874694	0.438241417664757	0.441485011008812	0.256192639774346
0.39235981686031	0.389510308335795	0.405461646130033	0.375605958003341	0.385982755644014	0.381435313145944	0.215214888187113
0.529575467745765	0.527606707712001	0.516286338040005	0.516719741924118	0.517062733280592	0.519218129237548	0.470158530784698
0.382650246431926	0.379697936220934	0.382567988231949	0.357903247181384	0.368933558646784	0.370669647616709	0.241715062615667
0.579035105944867	0.580031397616221	0.575184492786569	0.572541193305028	0.576639629478267	0.576705136653212	0.549877421359385
0.554334903422776	0.550899409143557	0.546123635812335	0.539882986705381	0.541462729220132	0.543973264887787	0.499374520357438
0.541682707161309	0.544240753460677	0.534804853484526	0.534420219827896	0.536683843005442	0.537400840427151	0.478172948727267
0.597177150527546	0.595259427849344	0.598592883668356	0.598163062782526	0.598310020279061	0.601492672741412	0.59615377316355
0.605616804648725	0.606219427930373	0.608194255089821	0.607751548309899	0.605710481548308	0.604681687760411	0.610517370747134
0.517911139466697	0.520005834156944	0.511278435258356	0.506433093453223	0.508360687759155	0.509238455144322	0.410088404943833
0.51161976378063	0.516858012588711	0.505284091791516	0.495706952417834	0.502434504750217	0.502957087989918	0.403358072582496
0.661906667849891	0.664152791405022	0.674842833696571	0.677906700354236	0.674382543817549	0.677931674423216	0.730245563254483
0.40396188374005	0.402027143030952	0.403268072520011	0.382660929517363	0.39809138644933	0.391190359907041	0.254595788432083
0.477857057753951	0.478313091896193	0.471148395534719	0.458798701688141	0.466541913397575	0.467692879553645	0.337544311798843
0.539100527455455	0.537432948856662	0.529777943304661	0.523159542242871	0.52709252643336	0.527881661386842	0.472841067923325
0.55097227811457	0.550691380272499	0.54299466594988	0.535207657708291	0.543362125033211	0.541001693015706	0.489605755453504
0.650389302234384	0.648162342992154	0.657964305281241	0.662006132836549	0.657983395706601	0.657850166745243	0.710071329111533
0.539976891845267	0.539510556591913	0.530811317678625	0.527366137627492	0.529862538618601	0.528796853332868	0.472884042338971
0.578707893739019	0.576285823244211	0.573949432888892	0.570582559510503	0.576791146588928	0.574882863700594	0.546183956633746
0.58689199753074	0.585674409933185	0.587291216466441	0.586214690056187	0.586455446373544	0.583318411320421	0.576406350167033
0.321487631766769	0.324036295853571	0.356869108753152	0.315039315867213	0.330391766426977	0.327380639267304	0.152618327975106
0.485500826959041	0.484786377849614	0.480678239923221	0.467693608765341	0.477110480367908	0.47385904878018	0.34736790864895
0.677355195361425	0.680897135842221	0.69071722825039	0.697104084725456	0.692670446040174	0.687388046011194	0.761218217299721
0.647611139805343	0.644690153647843	0.657509160332893	0.655949603083138	0.652987848405427	0.654914044733362	0.702128348477761
0.665674575766534	0.664078122992823	0.67637924970702	0.675851752805403	0.676859907714757	0.673569887804969	0.734583118887727
0.637148633793669	0.635714945108696	0.641687716838855	0.642169494547026	0.645700755677424	0.641733910195163	0.684822367013236
0.526850253815789	0.523638473697064	0.515306883956386	0.509600410848699	0.51449690763226	0.511710580359384	0.441245763611279
0.571660132190249	0.570665120182416	0.563693345717081	0.565884578296545	0.565829235265482	0.563613479886391	0.536522519490602
0.642431303604492	0.644244909414021	0.648361757922956	0.653950276030863	0.650594766803975	0.649932611288581	0.689599003386052
0.181035611987155	0.183846085665372	0.290177972601892	0.209645888771449	0.240260934664779	0.236654188352442	0.0359988502070217
0.616489927596015	0.615469704345458	0.616504837649371	0.615647956644997	0.617807715279292	0.615974707081084	0.634506272608317
0.432770883851713	0.426981693514027	0.437156009956795	0.408121777882043	0.417470348999711	0.41911982345748	0.249309291112646
0.529883794966588	0.530886981206449	0.519494947423319	0.516918982976145	0.517255977763165	0.517515432524765	0.449395577857678
0.834909608756517	0.829602875240447	0.806061091254881	0.843801746633141	0.83148588922647	0.830026520769652	1.02074229587342
0.681007541514023	0.679071875796349	0.688151875157164	0.696713799019776	0.692421144510796	0.69333488922467	0.773236713047076
0.570708603222978	0.577516857984255	0.569066485035672	0.566724711155685	0.571683337584355	0.571485604464535	0.543454732757676
0.637477560856551	0.637135547660236	0.642076947979805	0.644218495504012	0.643172825915091	0.640677073763759	0.679963494120924
0.538723300748218	0.53955935658066	0.530863737920743	0.523836831721157	0.52552199234679	0.521190005084819	0.473436172997403
0.611935388358501	0.610924569774718	0.612205363230457	0.611442631964894	0.615224452668969	0.61462008530761	0.625324105706606
0.544097445563717	0.542711117024737	0.537575769759695	0.530915300418495	0.536735979582141	0.539533392736156	0.474100724483594
0.556489434676814	0.556699288416604	0.550329433957328	0.549523090880231	0.548286891195261	0.551417777814123	0.516965797012697
0.549300033338295	0.550848842757649	0.545517607209188	0.538192804569525	0.543894397525767	0.542651608920149	0.485309256651858
0.667823790806737	0.665120048385705	0.67728653155628	0.680325074545886	0.676204606764087	0.678701942282014	0.737011477660965
0.532907651776502	0.532444386642219	0.519497407167033	0.519552420722075	0.524416792241988	0.521778156029144	0.453761753609228
0.450364293018646	0.448828556043487	0.434800934269453	0.426017277183151	0.435295421130713	0.4340665604859	0.327662543392252
0.563314221887001	0.561109877563118	0.556152591831089	0.556377408555463	0.558597336981347	0.554642194658979	0.514287755450238
0.587637790986007	0.589417125172393	0.586261170717088	0.587132252660335	0.588452305202259	0.585749300508901	0.577231122774143
0.429272692168359	0.42847956273022	0.424903489106219	0.408085340959766	0.415168230795951	0.415077954194965	0.28721655968545
0.286387427744813	0.291013237164207	0.339900533907873	0.288979486075105	0.309794483702502	0.306293639423817	0.121996458128815
0.544347371137328	0.545954639279016	0.539539389637982	0.534585265710299	0.536703926048334	0.533580150810917	0.486727774089911
0.43962479314672	0.436702851228773	0.43084297728946	0.41559137021159	0.421126720461684	0.425588457206762	0.300567492082057
0.731234033228709	0.732784832155548	0.732298295393557	0.752619001530211	0.74284196596071	0.742682861925492	0.880907663015516
0.517325223867308	0.519266384607349	0.504100435055989	0.501632031619583	0.499245700812253	0.507606138012737	0.440618127824757
0.598226869692464	0.594708023928271	0.597350005593944	0.5930979009025	0.596198679420262	0.595122513842325	0.593465088967893
0.548301854982693	0.551037280295161	0.539498164573602	0.539412068479426	0.540592695689875	0.538973866701264	0.483647408039124
0.508435959878402	0.502972967345371	0.494261869379445	0.48972155357039	0.492052736288205	0.494348905577647	0.403597667102216
0.766624307137604	0.767422589874732	0.779913200615097	0.793948332751436	0.785992356874914	0.78241302856635	0.89865582307987
0.572920198141004	0.573007236840838	0.56954107488315	0.566027982039057	0.568742058063981	0.568958304543952	0.543313750359726
0.592195734776325	0.589949548057955	0.588591978952684	0.590691291325808	0.589963853276849	0.589519740127092	0.575835067041516
0.601137145137949	0.600701130337047	0.599052640609778	0.601478133242203	0.600864054387418	0.600710546460746	0.600742340269511
0.549543212171434	0.54833167087162	0.54355457837518	0.545504879823152	0.543481196261798	0.541917527437398	0.49608050540605
0.638867020251706	0.641587922534569	0.647080321596116	0.646315454572642	0.64451765436405	0.644274938486725	0.678901234489866
0.7162837427068	0.712286670079006	0.725632567824332	0.740593788817974	0.729831721893212	0.733858618021896	0.853688130757893
0.331058542041883	0.326622892966282	0.363384001653026	0.3186885537906	0.338678800421235	0.336464271273498	0.149185458015389
0.544917569954641	0.541023400394227	0.529816386402437	0.526362748186277	0.526739318076216	0.527447480485729	0.462336826634807
0.56990772672071	0.57030249285998	0.562641427819194	0.561761186245344	0.563365380521643	0.562534196143104	0.531302124183736
0.429691934059058	0.427348223188972	0.413118960016797	0.400481492963224	0.408989902623494	0.407997335441954	0.297738390532516
0.601756810472167	0.600831779926511	0.598741125904832	0.601778212006015	0.604815051988036	0.601852571345092	0.600849577799189
0.449720871884014	0.450381306385103	0.447418830725241	0.428305968541987	0.436861228788599	0.441946381885259	0.288459654451585
0.560124353129836	0.563272063218133	0.555313675453257	0.552994495415993	0.554101251813665	0.55488952534093	0.520214787888731
0.576237751675348	0.577244650474021	0.575085529423642	0.57479735399406	0.572640435397915	0.573585248780422	0.551524854878005
0.2217601249944	0.226954619038919	0.309731967370456	0.245941785883182	0.267137295499332	0.263299903049776	0.0621743707193426
0.572563104071301	0.57210231303875	0.566348877006153	0.565941205113303	0.567644109994186	0.567190324900767	0.543079336612379
0.600877783230964	0.598221572437344	0.599008454154068	0.59852540264095	0.603131291030724	0.600736164797481	0.600192128115286
0.59812327769235	0.596741070505722	0.598566248827112	0.596103285333486	0.598453106850412	0.599177917594245	0.595178484609554
0.527469392930598	0.52784278559956	0.5172275898745	0.513699722224008	0.51609663400639	0.517607072891044	0.44943667136403
0.600092297492523	0.602341734577403	0.600551522342845	0.601658779601726	0.599252756692504	0.604459188048727	0.604342480926937
0.568672152862453	0.569287955194193	0.566462154719345	0.562216518230795	0.56616686766709	0.56492659887021	0.525902052209532
0.862169613876436	0.858800452075321	0.843235682784233	0.877428349716413	0.858739750203051	0.86562778304847	1.01495627128276
0.62127881265901	0.623706803505428	0.629802364003802	0.630026119332027	0.626088835073599	0.629981123060481	0.651316890006097
0.526840148042251	0.525013400317434	0.515468760953947	0.508666432117709	0.514493488447541	0.516793626634608	0.434583384278448
0.636883167446152	0.639813740045371	0.64367566059571	0.643220980242937	0.639804722482697	0.644254835043793	0.688393582298202
0.481948341594766	0.480500827345428	0.469315641287048	0.460534692331188	0.463454811378205	0.464127516097587	0.359313716550918
0.415774529024869	0.412061172197552	0.410416466362796	0.391549225622068	0.397295984147234	0.401412176075021	0.275618317712548
0.590444050338309	0.590917855322045	0.587804984885016	0.584630322380525	0.589845594729336	0.587089013233454	0.577307786085763
0.561265373900473	0.565902192434193	0.558536909338174	0.55843633037122	0.556383311423244	0.558438664561789	0.528683848580946
0.54254844307266	0.546469796429406	0.536486267681677	0.533993836348739	0.531232623978351	0.532864003046544	0.472486812250036
0.609701660180381	0.610332694482223	0.610063444237338	0.611636541094991	0.611178286678109	0.608569147430091	0.62071786840834
0.421784163513284	0.420614687325893	0.415761163833719	0.397314075942842	0.404159395322831	0.408292993943274	0.268873350018074
0.607549058258794	0.606871387866542	0.605877692299729	0.60777635289495	0.604170322104141	0.603827569759769	0.613030814766321
0.583940421626359	0.581498675402627	0.581791761154335	0.582039425210224	0.581043727039275	0.58018150507586	0.571914174107552
0.123867363856678	0.128427090815805	0.275108744070099	0.184589974909238	0.20801727308174	0.201507617863202	-0.00637768531048411
0.519524649189814	0.517939235165162	0.503462198329187	0.496943593944268	0.501799802062701	0.505772610521351	0.431463471867683
0.59581383254899	0.594802067455131	0.595306283936186	0.592094939135347	0.596372034042692	0.590318154678013	0.588263029918304
0.486918197645699	0.488677142696662	0.47565820114572	0.46847286679432	0.47084842725252	0.472544828856238	0.379490824323242
0.558624160596717	0.554843470991536	0.551921285334626	0.551902251551932	0.547970624604752	0.550503872635659	0.509974121558237
0.610308305838736	0.60779551589202	0.610278501729356	0.613190448730229	0.610614479073674	0.610406965564612	0.61697624758258
0.603675699944782	0.606073610941553	0.605107422228104	0.605043928100632	0.606830775348922	0.607175408212704	0.612205210063297
0.618440670788822	0.620295834955631	0.620474730563464	0.618826971717332	0.621072995044361	0.620027583666592	0.635382884144417
0.475464141685898	0.478703121905169	0.46786700780595	0.456142438718676	0.462768998614753	0.462877593337745	0.349104039924284
0.60306793578656	0.603727936169179	0.602517480571822	0.604663190773477	0.60629443339997	0.60198170241641	0.608961571378843
0.841062423112539	0.847140742093662	0.820927090903052	0.852165198003768	0.842549925035254	0.844317829700355	1.01708586976421
0.49035950382274	0.492299524896548	0.473939819537209	0.468891319032929	0.470406073923002	0.474996164083438	0.389411732278637
0.679019336997067	0.678919267124755	0.688795024816542	0.697524463348719	0.689082175391417	0.693380645830146	0.771792284729697
0.52502236017393	0.521741850697361	0.509449137930125	0.507593269566488	0.514893402300708	0.512060666364276	0.455281743393801
0.709082978461532	0.708763982284549	0.716038322619419	0.727282079878423	0.723259721333819	0.722100066662774	0.836654683187771
0.446778156368035	0.442981882064444	0.436589770566262	0.420474088144927	0.43644881723944	0.42969001456332	0.293842374864792
0.683200937393205	0.68104567091518	0.693750942830782	0.693302293856189	0.691155328133991	0.690641660412942	0.77111263284993
0.567118746858175	0.565385021823688	0.560562996528247	0.559017513260585	0.5635548763836	0.561588895621242	0.533507780985177
0.661749729230881	0.662307395358542	0.67073982526451	0.676311517384654	0.674653732616064	0.674028191552256	0.732441848517414
0.682520808183578	0.682374282512413	0.693881511030188	0.700181652668909	0.69871959442864	0.69509351695877	0.772353154659796
0.744143679622779	0.744564985788571	0.75006948191368	0.764845544807133	0.759247969928036	0.757654211668906	0.891246674095711
0.561779407809805	0.558690994945856	0.555595487579605	0.553417066815993	0.55405239273509	0.558263972560071	0.518154095933834
0.581526378071442	0.582698942098852	0.579165865101877	0.581652098714361	0.579463649349995	0.577371004935537	0.566286149214844
0.633608592037993	0.634522731998718	0.63900219017226	0.639124488601019	0.642520227119422	0.638092779251569	0.661646066219055
0.444842692495912	0.447365015081088	0.442906395161059	0.42500119306953	0.430479240113101	0.430408661557224	0.283132567278647
0.606547285595649	0.602952781374281	0.605153017302792	0.605334461732455	0.60501713507018	0.603486103554634	0.609100606053689
0.655838285723865	0.656715437584224	0.667520774404475	0.665778123061209	0.666363224428273	0.665210183818881	0.717170022960193
0.604571158789247	0.606219854481936	0.606575837700684	0.60689095922569	0.60329159863054	0.602770209549142	0.609471908275935
0.521666685107764	0.520598429621086	0.514851530455438	0.503461190398018	0.513043753648259	0.510430196090844	0.421781287769844
0.478996122057327	0.479252065999425	0.462708968740241	0.460216779065804	0.463100691886423	0.463252796458763	0.363925751341714
0.52232041800312	0.525174677114524	0.511753236437991	0.509482092583161	0.510528785927835	0.511415871909333	0.455712201021102
0.683719318645627	0.683781604703792	0.689387996017889	0.695412072600345	0.692716121795265	0.696140642567975	0.782287026904944
0.50470214872878	0.501327765469782	0.500041316371644	0.490375394740506	0.495184758764145	0.493279862896302	0.371542869509191
0.500614902349024	0.501246597028227	0.493203942956069	0.485030246924251	0.488816446242263	0.489069429648295	0.387020213560236
0.753949724275099	0.753490921619569	0.759319046993529	0.775763654374271	0.767497273109889	0.768453239529044	0.902023706101796
0.494775128848121	0.494054457891582	0.491136013050896	0.482536573511771	0.481698449266771	0.484847065772352	0.367498104960362
0.52012334516541	0.518048596422478	0.512830531758224	0.50213554339548	0.512455111695485	0.51065076376564	0.416609796298203
0.62285190418462	0.626128839175625	0.627220817125189	0.630884039988977	0.631772279230315	0.631240190976979	0.66396386827736
0.224235620267985	0.204348968675383	0.34760778226681	0.256771840606966	0.294491003180086	0.294758129267435	-0.00206392885989892
0.652473198121734	0.650258557920001	0.664245929015853	0.662587557495582	0.659933536377596	0.666520597138778	0.719340057762652
0.677921332085973	0.678642380872921	0.689352923872321	0.694074690429254	0.689570602187406	0.689135927583388	0.758840720205965
0.160456342130871	0.165681773416461	0.274044017741733	0.199229903873976	0.219032189896454	0.213004413764489	0.0390218930025548
0.40735732075845	0.409206115677715	0.403333039099406	0.384772348410444	0.395017942577889	0.393948136354116	0.262743331931679
0.482141065874682	0.481243226918291	0.468972158251385	0.457335421012584	0.46474642520369	0.461121304593366	0.372387846302789
0.559341610678875	0.559649211932812	0.553488802524662	0.54662768684228	0.551207421188514	0.549697769939265	0.506937166642292
0.771124749038469	0.767411129012576	0.76731759789134	0.790933751341077	0.777365380907725	0.779666912202268	0.914747682173298
0.689674357986873	0.689011504848066	0.697289456318171	0.709344967661101	0.703234909453616	0.701631052115001	0.80876273831032
0.536498679292529	0.536341509436064	0.523406109750809	0.520738753020741	0.525281649263013	0.525543359304113	0.470067962694229
0.466278576963157	0.467199658336367	0.465068948336006	0.445274436882856	0.454174097726827	0.454632738956582	0.34590676546579
0.666032301317757	0.66481061800672	0.678824058124637	0.678750100567463	0.676121538601811	0.674528165300491	0.731151737085557
0.642544149591712	0.642362828781759	0.647330225985478	0.644879597399255	0.65167344619092	0.64676592344467	0.685150298356107
0.502575936690662	0.503062288002891	0.492411556016088	0.48950374894221	0.49462463837507	0.491524598566125	0.404861575458822
0.446149571930623	0.446058134950879	0.435950784338348	0.425927881869347	0.429587654367513	0.431717230416053	0.320084948123025
0.578294580124492	0.57699119685872	0.573421287598593	0.57633032486682	0.572446168495955	0.576340522323813	0.554601522899062
0.582203332717168	0.583349500399187	0.581751602190801	0.579923178394496	0.579367345474233	0.581396867931605	0.561161619096853
0.656143894703228	0.654419397401932	0.665269879198822	0.668475193524411	0.668438619699562	0.663319572649799	0.721568885678997
0.546935703222841	0.54459904070661	0.542358647239127	0.534858542846698	0.541038726167585	0.535232443656833	0.488759977031769
0.65727817714078	0.658437326664809	0.669031502320799	0.67544350361625	0.671466415053641	0.66862251546548	0.743450554849359
0.470333453902471	0.470847433612205	0.463605993744754	0.447922933320241	0.458294079558315	0.451258230563427	0.327129682751319
0.395465236578248	0.399820712712701	0.397782490735835	0.3750162891857	0.383213149739107	0.384743988234656	0.251308333761516
0.500088327383988	0.497002514202852	0.486644128774651	0.483936277598714	0.486025540616515	0.485715420077798	0.392070114488725
0.413285980628155	0.410468686131238	0.404085683762136	0.389235954636317	0.396550294479722	0.398371665192001	0.282491793153439
0.501624427934831	0.497527174649019	0.489809530639326	0.478325551897244	0.486600903634164	0.485809061865554	0.398780567988142
0.610079660760632	0.60785475727436	0.61074394857149	0.608744666999371	0.609492793810152	0.608187779695718	0.618270397148954
0.430230050649814	0.43304625072052	0.426252823713355	0.412875064931599	0.416418852268798	0.421065046279086	0.275505581660823
0.529555973384882	0.53196594078045	0.519688829753887	0.515948437051498	0.518660785173979	0.517013776456293	0.462354445127872
0.566804058421882	0.569885471183864	0.560862887986803	0.561362323297435	0.556423634019162	0.562308967639298	0.528791412756723
0.640967599676672	0.637941900965338	0.647595733562219	0.651583589501303	0.648430421258806	0.650093081083693	0.686462935898609
0.349622787061184	0.350564547944394	0.37094067904263	0.335847744696853	0.34961154302259	0.349300535453585	0.167879000141772
0.358269548845923	0.352119193154964	0.375998956736199	0.341551733265178	0.355191313293804	0.350365215938444	0.177900938231686
0.719588319218858	0.71969574380705	0.731260901241306	0.741977388587609	0.731632644063238	0.736517832395927	0.827392845333206
0.443187942288961	0.441163419053839	0.436123167158129	0.419276405175589	0.427770048440732	0.429005111524244	0.287667544776526
0.451064759042712	0.451467614154012	0.449570538159097	0.429969094846972	0.444433521553926	0.438582563928506	0.287130315358414
0.452805027633672	0.452720595806976	0.442852004969413	0.431856060270517	0.439538247975988	0.437078343210615	0.318089310278368
0.466609232732276	0.466426569850612	0.453965973947533	0.445306012613039	0.448353663445784	0.453173859204713	0.337799100395717
0.520588006268106	0.519849755350676	0.508281213831267	0.505529084733118	0.504563673775554	0.506417923338321	0.41716694616894
0.623995928668885	0.621272960608561	0.62589873261069	0.629381125311929	0.626849035605707	0.628409176550657	0.656218671055129
0.667493490792022	0.668897032734941	0.675809238479722	0.684482053084128	0.678092295095537	0.681982605561758	0.753405091808832
0.618301380412288	0.621751790330576	0.623074444575107	0.627071083984846	0.62189998689646	0.622223978092431	0.646402970485823
0.59345814702113	0.592413271932586	0.59123799782287	0.592546385622668	0.589066906999817	0.591753025748144	0.584529621321154
0.520396141728529	0.520677579903529	0.507417061099579	0.501808655379634	0.504968910026968	0.50456360771547	0.445772679674484
0.441712282576117	0.446117311919922	0.44602433346409	0.426101331212714	0.431235460140966	0.432474593381389	0.289816880755016
0.651081351239639	0.649065638965898	0.656515011691195	0.657789296490618	0.657312670694208	0.657558482119225	0.699701343636665
0.665700183413628	0.665113197280251	0.674384857512303	0.680466231175997	0.673086987104719	0.676144664260954	0.733659194063364
0.767919283772546	0.761846672049028	0.771078519510605	0.788017043646362	0.77870297797652	0.779537893629611	0.910357995619748
0.529019883520989	0.525490497037709	0.516940305227302	0.513076343464609	0.519669595927572	0.517243085203254	0.433394230055229
0.525823162971137	0.52361512931005	0.513140548081104	0.508951374423413	0.514986302519597	0.520436543456668	0.438549079028666
0.57660183015225	0.578066694757961	0.575296688804055	0.57280276149199	0.575547868115827	0.574295080924306	0.552815987182262
0.573840531130273	0.575820896326803	0.570855791157119	0.570261792564993	0.571712884532492	0.568586034122576	0.550740226380253
0.531469984547011	0.529646454819428	0.521376887116157	0.521006886982742	0.523610973439534	0.519761368435095	0.437425289873056
0.373144093155682	0.372741369835256	0.384065681936525	0.352397819239581	0.366551056680079	0.367799199770578	0.204569928068136
0.579349584903045	0.575951769049747	0.575395323236919	0.575667747492578	0.579264622815981	0.576169726630545	0.553933771151101
0.574397233346874	0.574503175212138	0.574092966756296	0.572801820585503	0.569209016633673	0.575068230892956	0.550220632477542
0.523594031071311	0.524430474254421	0.516117049347756	0.504806333564539	0.511691072881721	0.514524106042389	0.445858218740273
0.34638790098417	0.341985601937187	0.37026503623413	0.333253122518475	0.351591134802089	0.348906905959031	0.177911308926936
0.597407247227512	0.594764828904681	0.593829537743322	0.592253423033233	0.588794440720188	0.593042501417823	0.585481808171844
0.629277766862846	0.627623660274277	0.635810499539998	0.641239490968309	0.639952282860106	0.637844453085638	0.669954648614053
0.485531163037317	0.485696780054132	0.474801130618621	0.463712294932828	0.470765534466941	0.463898978241539	0.368682804960825
0.283926426257055	0.291086623188102	0.355787067147728	0.298477853395503	0.317360856400316	0.3171393936109	0.086154302805545
0.845378419902856	0.835767907556712	0.81845483399477	0.850092686595231	0.839108383173801	0.83987368510531	1.01696671733002
0.772693629702187	0.768846250489858	0.767603821017731	0.790566365920513	0.78058146799243	0.781353605060216	0.943691926906923
0.519458487116294	0.52097036782612	0.512862464826624	0.510124127743612	0.509547033922454	0.510530605246763	0.435365030651289
0.584044427529395	0.583017038077582	0.583117122466989	0.577455101397929	0.584898922562427	0.584208958413932	0.567107468320872
0.729942196694266	0.730724632554157	0.746566925527681	0.753931046945985	0.74762687456559	0.747513175749452	0.834243439694538
0.536778257004634	0.540103325041667	0.535074488772574	0.529151634219374	0.533162124640914	0.532745830020672	0.456982700425788
0.442861459253674	0.447677007652617	0.434534613649133	0.422661229323663	0.429144685060991	0.429056090198438	0.307600042531527
0.481313517945767	0.478354407674292	0.465231269051011	0.457015430075219	0.459541133709146	0.462402380752221	0.377520099443704
0.671601276462127	0.668212142194981	0.680650156550568	0.684221497930918	0.679781827229525	0.684513224452197	0.755155933197387
0.680247829939353	0.680174542779708	0.689430141100487	0.693365198324571	0.692569757109225	0.690816625605729	0.771196860036616
0.404914189125293	0.401779820061229	0.412111545041711	0.384570214684705	0.395047646068702	0.393015087153737	0.229721301688514
0.673533313337554	0.675939418953439	0.687173753153862	0.690127211769819	0.68633367154817	0.68771250829889	0.751220731137706
0.547327527300913	0.547475398311517	0.542684830866422	0.536397857776644	0.542411884971857	0.538752259560265	0.498120842653602
0.594766375989062	0.592503090026006	0.595090943366758	0.59610434540221	0.590890406593407	0.590098219569346	0.585602635977031
0.885919789209106	0.883153443419359	0.834062672160416	0.884106552076749	0.8690778325179	0.86877011984774	1.06749153568733
0.669434701269129	0.667390509837317	0.679963198267851	0.685251249913716	0.682654215979062	0.680579085864233	0.735629191851058
0.469541550187574	0.467443916357344	0.460654141978515	0.446630439835958	0.452633398254513	0.450258865497617	0.322734989763255
0.734112335581635	0.740300493497452	0.736004794344985	0.755608207635625	0.751562121020083	0.747443815248573	0.892031887181843
0.511782523788895	0.511881059525909	0.508012863510814	0.498420278812012	0.501238233091891	0.499284200122135	0.406055606863254
0.6971033186413	0.691500768859518	0.705721147555878	0.711802127567393	0.710146759825819	0.707416070553444	0.795014268170411
0.559167348109404	0.557766242495717	0.554256115574956	0.548364976253052	0.548548214592457	0.552238695427257	0.509891506294149
0.393495458190403	0.395098486378197	0.392641617507445	0.37070506302796	0.382154923564128	0.382586650793417	0.242975290495268
0.506005302391487	0.507181817221567	0.493003037165574	0.491345866966986	0.491667845432133	0.491943139138582	0.442279171882533
0.556452110914687	0.557280085250766	0.547714853096262	0.546784262573496	0.551347380217277	0.549035089081811	0.508731784458392
0.503078940920223	0.507446699965443	0.494219680412078	0.489078537937119	0.493528296264967	0.490435672495134	0.412462909572966
0.549713258123096	0.547377991259295	0.537668959048748	0.537041364547319	0.538794189285593	0.538615458088448	0.497554596112212
0.595497374213078	0.594337529150199	0.597975260573851	0.593476787791636	0.595799801575073	0.59797063200796	0.592099385499276
0.645810082940682	0.645763142713008	0.651408012001761	0.657493648282551	0.654984087426164	0.648121793698991	0.710231960409201
0.511075046488962	0.512700599787885	0.499541058121886	0.49936584863033	0.50171696322492	0.498151103349286	0.420390098488602
0.631405973413648	0.630069578632596	0.635585977066615	0.636351809400441	0.635407566423079	0.637558003257902	0.667645511048793
0.530380513451152	0.528511536244271	0.515549441532308	0.51587367924949	0.517433100306005	0.516302883395454	0.443298342747311
0.457768138781197	0.455955023502208	0.445464097535475	0.428160042417076	0.439642307479446	0.440005182483908	0.323774734435883
0.564446366476673	0.561563886159505	0.555606751015253	0.554940517567032	0.554160719860544	0.555857476305554	0.520361847962584
0.65407035660031	0.654187974969444	0.660337891821108	0.663630974008038	0.662309162289997	0.663530213280569	0.70474812391402
0.707910789788019	0.70719907784619	0.71540363990882	0.726609420535563	0.719192513612688	0.720448769459802	0.809555196199835
0.579981355385446	0.577950566532961	0.580103099478483	0.574529734597705	0.577588338090371	0.576733946469782	0.556801351454775
0.576066760440457	0.578869880459871	0.576381529064157	0.576362321909285	0.578806136264248	0.577994939568938	0.548981687634823
0.595613349700491	0.599673872474665	0.595768242253197	0.596358761270682	0.597788831000811	0.594254013872331	0.593545653954606
0.518448191398623	0.524888358276513	0.51083941528061	0.507266049255907	0.509370849094615	0.509570763421952	0.422084312692586
0.274566770592959	0.279943807847909	0.336273848481293	0.280347164825443	0.30225435200613	0.300256663909761	0.1094393769797
0.477269545057268	0.478333326383688	0.468382851658682	0.457844370965198	0.466002139262436	0.466776483564456	0.345363880928005
0.535576482939252	0.533205842974873	0.525434853565373	0.515776667871363	0.526146901135511	0.525196860237951	0.434103635211268
0.560663834141541	0.558512448291885	0.554485251840943	0.553919711334393	0.552236406722828	0.551763389090351	0.515313117818314
-0.0344714692416702	-0.0351898583628519	0.215232635679885	0.059044849599659	0.102880142454077	0.0943003838367766	-0.111348619588001
0.615204364563302	0.61624667962296	0.620457273858079	0.619376389209703	0.618547713944012	0.623054622796622	0.636959719089364
0.731267905226104	0.72694874667151	0.737202654000453	0.751360024866184	0.743781484178423	0.740598832669126	0.856915916408785
0.607094052782076	0.608419281509503	0.609774245354042	0.608056677782152	0.609150997055136	0.610463479444805	0.615818439394962
0.602496585598302	0.603636010136998	0.601960739272172	0.60314731918567	0.601227270604885	0.601603448427125	0.60572006878386
0.434247540503979	0.436109790756395	0.428078935876664	0.409037438652943	0.417923610166678	0.4200080216549	0.284655667276842
0.126620567103092	0.131251231354228	0.283419947073027	0.183367322288792	0.214096745639711	0.209747965883929	-0.010390262444941
0.527976962602915	0.528455568768891	0.519844975571223	0.513376530105805	0.517175052960537	0.519594573921643	0.454056996551285
0.504552079494067	0.50592855171918	0.493977563464719	0.483479209206518	0.49422110690365	0.491174518979853	0.398331205385563
0.626852614935513	0.625703064302013	0.633227852171258	0.634397061610222	0.631070077358606	0.632417958738001	0.658924377345842
0.250827844665288	0.241562734026467	0.334528608579356	0.268972424186695	0.288243651882203	0.287357006341921	0.06704881430428
0.598812681777833	0.600345470655226	0.599962033010414	0.597309840741724	0.602677860349673	0.598954232855157	0.600171099400688
0.519743520388501	0.520674652213758	0.508838340642466	0.507176224695635	0.508933200494026	0.50818860277365	0.451916112701809
0.458353789941691	0.453950292908663	0.446425807089946	0.433370789359081	0.438988089665285	0.438589617008811	0.315537241526683
0.39548916503227	0.387486272367123	0.396767833992663	0.371415989483545	0.381738156506467	0.383260219990683	0.221202368343434
0.561403152937142	0.558475172049646	0.555219354108208	0.554127643353051	0.553826498250088	0.553927245430696	0.515396402437382
0.412786130509393	0.414424361691753	0.413172944436709	0.396138308118969	0.400191580945137	0.404599148891978	0.261061923332527
0.563412258767685	0.563740996342779	0.560185665736866	0.557050152485852	0.558615001007913	0.55937615503113	0.50933023374815
0.208483201191973	0.20010099575298	0.333125922003283	0.247091696994802	0.27155530719828	0.276164212989579	0.0111755798819621
0.569284308668297	0.567597027868124	0.563447092011241	0.561086398469305	0.559426327587597	0.561573715517389	0.51862522526208
0.703510300403542	0.704626275889123	0.716898536699518	0.719605501035956	0.719469048986973	0.717015241746302	0.810758734628468
0.309187987328532	0.312981286191507	0.341577733976448	0.299993530831416	0.313727880431519	0.314781836294129	0.157983808463656
0.514786118722548	0.513302511338419	0.501927498432794	0.499897330139595	0.502510169882125	0.504473223403374	0.429797491774463
0.395185305679116	0.394378451306932	0.404577217162547	0.373602966181698	0.388425184567092	0.391660955221207	0.211953533591544
0.633198015408374	0.635931783637536	0.635848080140624	0.640487619515966	0.639862589178611	0.639247943012015	0.673287174883392
0.646953856537821	0.646925751218203	0.65411216251388	0.655528810771821	0.655662505967535	0.656010644632136	0.698871486426012
0.798086611335887	0.801976418076948	0.788448292934748	0.813145809418819	0.805614671400949	0.807185496171865	0.982276669861144
0.446526512277437	0.436129476585078	0.437804035455927	0.42270436287111	0.432543387015832	0.429469438148394	0.27998876769263
0.425352476079365	0.43145044725397	0.430658489314606	0.410741402458885	0.422183027751921	0.420306082570459	0.263915592240169
0.642303046046601	0.648477446273643	0.649792682297601	0.651537078812427	0.653282728915732	0.653642849862738	0.711166226411403
0.567469777297179	0.568713737447197	0.561798286153089	0.560741087276688	0.563074002753563	0.562474985156602	0.533712909989442
0.386052050827421	0.388861044201067	0.38726560285487	0.363259146091164	0.371483607203437	0.374358777669772	0.241323620665789
0.63987781397631	0.640234850282771	0.647965446989735	0.652544608047131	0.64834170077619	0.642664033533331	0.689220856647034
0.592331884330245	0.588159207702956	0.590214676057471	0.587779078022154	0.587956525102243	0.587623698476301	0.581595206753432
0.633193426906923	0.635722904743471	0.640909573878227	0.643240463712297	0.639512517638438	0.637152464936415	0.680896656669288
0.376157044525009	0.372919868018224	0.391863002927449	0.358832447193304	0.369526640611366	0.373590855540329	0.195550614702037
0.457324094292503	0.461158480797381	0.449888755062105	0.436856171453869	0.447494136332556	0.445126848510277	0.330713261357322
0.470268126045913	0.472233476261561	0.467434617093882	0.450177570407843	0.459589771189671	0.459065909456937	0.329425471262852
0.468915020751587	0.463640549410265	0.451014386090636	0.442690138113032	0.451417940029468	0.450883601018477	0.354171104866521
0.23164400101893	0.232092903549692	0.32128200101634	0.246494484379227	0.275893997703885	0.273222923681633	0.0608478632179035
0.638433345073527	0.639112141726069	0.645249412315598	0.646902324162112	0.647751581584315	0.644489301596691	0.69586295614762
0.580124175667501	0.583699310270082	0.577557634985974	0.576250138999682	0.5791208772038	0.576610673811684	0.561316453251559
0.337017141960404	0.339336158078879	0.384110078615063	0.335071514534291	0.353207600459852	0.357089723480341	0.138345498916763
0.766609486942872	0.770836579268366	0.763833899081971	0.787731227488947	0.780233326678243	0.777721590115407	0.947854068300135
0.705882530367888	0.703354096162184	0.718211629710582	0.725297503259299	0.718982518068971	0.717179229923732	0.807532467088086
0.469303897821516	0.469656188554175	0.458735835985822	0.445664605208254	0.449966904977511	0.45404898651886	0.337728662639182
0.606093588744861	0.604438228006242	0.60518075429358	0.607090959832453	0.600766018762207	0.607943885384338	0.608791682370204
0.493403863814208	0.493286656852828	0.487913411230408	0.474980382419144	0.481752828902635	0.478851745806996	0.373323004773322
0.616356066586975	0.614972313041298	0.620036628906838	0.618346631999636	0.615334245741702	0.619279189889035	0.638576615545426
0.620590298954557	0.621749133077905	0.626697352130032	0.626555371311441	0.622434297168003	0.626364478438862	0.652533977256359
0.53160317368205	0.534906118584198	0.529601303423754	0.518208376837328	0.520652689424644	0.528796158802462	0.434559023576893
0.546098390351189	0.551155778611277	0.540382094189846	0.545165239317569	0.537470783707487	0.538345954587534	0.483142001857951
0.769330786766738	0.771366740764594	0.777915814108168	0.789782204338842	0.784773677498367	0.786499194712286	0.889530551876579
0.538930636816411	0.541344770774706	0.530583411237745	0.530546158794848	0.530844249841823	0.528341459600763	0.474471940497372
0.434629966348343	0.43437479526017	0.42223248255376	0.405990559720241	0.41621625004245	0.413927799415509	0.29460868645402
0.533219099232579	0.535964449602563	0.526154823355618	0.520574232825008	0.525180159996128	0.521423382430937	0.473292474643147
0.680297780351869	0.68549034337994	0.69434401557457	0.699092971376215	0.696523860281843	0.693310817779864	0.785668613381986
0.633567707010868	0.632587915025055	0.644903779882532	0.640463682153186	0.637495811419112	0.64409750456032	0.677770286761177
0.543280387939604	0.541855579778904	0.536705317182195	0.526836769814469	0.531063877506996	0.534309217816804	0.462558394719291
0.654545784834022	0.65345519084914	0.660682210579636	0.664962028281274	0.661138376156518	0.662895519823129	0.726494054373235
0.519451212319832	0.519449623612391	0.507150996106759	0.505445819679595	0.507307537877083	0.506359006722749	0.443068026813562
0.582381609260681	0.580880594136496	0.575812832528124	0.576270238264371	0.578524228737711	0.577187986851661	0.560196747421027
0.750212358622305	0.749606005904467	0.752539818056163	0.769344799543022	0.761471426115833	0.762149386316364	0.896102586550825
0.328783143533273	0.335881748981736	0.358595251866777	0.321613470701863	0.335467692769697	0.337023719863696	0.168636294181292
0.343698684503442	0.345643783068321	0.366047927073746	0.331163083672057	0.343335219704905	0.346755184408358	0.18815606127245
0.60457601326559	0.602163517468817	0.604055990767967	0.60617405371593	0.601490771448824	0.602374950333187	0.604577224172215
0.539460293578916	0.539981035411596	0.529492568230047	0.527992371781408	0.525129277012618	0.529940238793973	0.477588008675086
0.594987399295497	0.593200095833118	0.595563085227711	0.592711892232313	0.587816929223077	0.593050624148858	0.587181743526032
0.662968846991226	0.660933324458408	0.674806164247432	0.67500905276356	0.669100359187675	0.674912687672917	0.743482723830639
0.561745680032683	0.563322000934794	0.561737058621252	0.553749374576984	0.55615901502175	0.554422887448808	0.505605974572708
0.549092444083953	0.549178105116666	0.540105378272016	0.538850422348936	0.543694747329087	0.53974976462203	0.485183997822308
0.615408076960525	0.613568542320861	0.612077196344561	0.617492250239582	0.615297828129457	0.612396946445642	0.625013503943444
0.701056044970653	0.697067391683225	0.712268500749045	0.716586619936568	0.713379445117385	0.715192253169338	0.810034895518857
0.471963329461381	0.467799648635347	0.462668545221358	0.451299026817029	0.456326292503767	0.458441002321644	0.329759977820107
0.60523091456798	0.605295903568387	0.606376382177895	0.602143937155101	0.604126884515965	0.603629874733893	0.607820971626584
0.373790917405346	0.377414748563421	0.393575946005319	0.355866709105471	0.372550432439233	0.372509094571712	0.19005481195336
0.478891387132724	0.481528646201668	0.481324774231954	0.465736725737674	0.468074895313977	0.474349959775818	0.308623943988812
0.564692050017699	0.564064549202186	0.561422466776207	0.556223804398469	0.56199186000052	0.556767433979202	0.514706507601711
0.65774775109886	0.658579990541442	0.669293355602816	0.670741216002647	0.673312010498688	0.672480964271712	0.721868804204342
0.400085397440109	0.396453217790347	0.400367652304357	0.379906177809079	0.394336853597285	0.389964420316832	0.240329648079463
0.615209133870659	0.611227715713062	0.614004468299598	0.616076792669673	0.613033667424812	0.615318876971241	0.630423044090369
0.608418406552315	0.606791417499514	0.610113710346032	0.606688485805175	0.606068033996164	0.608557139738872	0.613648472618743
0.619325307222365	0.620136107289836	0.623508617646704	0.626923358971885	0.626302680933977	0.627175748940009	0.646118094731567
0.406087343723725	0.408232715276358	0.406116151903312	0.389577572726664	0.392920703986243	0.39463243103758	0.262274453934357
0.674681352401595	0.673960369304132	0.684156981142857	0.690180849202592	0.686209952027869	0.687585213000889	0.755136829069838
0.549582913701137	0.546899111386109	0.54081835650571	0.535077438442152	0.540113618591938	0.539936727388445	0.495288836198336
0.501970209781857	0.502532039988655	0.491249033979633	0.489697537434043	0.489224676391102	0.486384971428733	0.397084454240899
0.424870922557569	0.425803469932946	0.426269560323061	0.40429221497894	0.412395166169904	0.412056907167184	0.268518829025102
0.697814175607194	0.699935843075114	0.707727428088757	0.714283017492465	0.713424640807063	0.713164575326042	0.806847010181124
0.667872637601092	0.669820389919305	0.675260594062306	0.679001306238674	0.677947542943	0.677607624907715	0.746709280003837
0.497498987357208	0.493284392201027	0.483883927717936	0.476655572322525	0.483285287474243	0.47777158210227	0.384518668953056
0.572223657627009	0.571254053908111	0.569519506854262	0.562469289389333	0.563910682651291	0.567455743636665	0.531970762244663
0.642806670590583	0.640237791154214	0.649065867715186	0.654408229670047	0.64886514426827	0.649490655258689	0.701588971845787
0.617609122305085	0.612876191848923	0.618215282049184	0.618761834608233	0.616386806403044	0.619320089779345	0.633255177360582
0.615665791952941	0.618758512593719	0.623024439089633	0.62027536943177	0.625272014699728	0.621510495605868	0.640758446459017
0.48041520686268	0.483038413657851	0.472388821581314	0.461203201962818	0.465170847133803	0.466339438701347	0.361578700507551
0.545975641015313	0.54596622247493	0.53891760873243	0.540485234683462	0.539533058059406	0.536667242471356	0.507492932007741
0.58672207585096	0.586516719152474	0.581720195360369	0.582912876954202	0.579698092652484	0.58800099432616	0.572495038109999
0.502363161672247	0.503643814408143	0.4904175223421	0.485748626670569	0.486193240312291	0.485156145912826	0.394500081014095
0.442894665730107	0.443775268391909	0.434430889368021	0.41982293622253	0.428116420358221	0.42506887984065	0.312483390314024
0.523868818843726	0.523443733141015	0.520032396791969	0.511716439360335	0.517883413551225	0.519276101297584	0.414728859843995
0.51111039779361	0.511028791907389	0.497275547453505	0.492577868005498	0.495384502976521	0.498615963917879	0.413287557508163
0.392173759956312	0.388693116765725	0.39674590749589	0.370485162214822	0.381589408111361	0.381966000788727	0.23742433614791
0.255242357572862	0.261685704407593	0.317177126791429	0.264228786410485	0.284197854638743	0.281119869875485	0.107752947503576
0.273780725587522	0.276771202972694	0.320297620667889	0.273713013744903	0.287887893537076	0.288584995562842	0.12475780245578
0.419856593147272	0.420401329565569	0.415053612845975	0.398976074078457	0.407672934012737	0.407809966480056	0.269279245626565
0.565576592161418	0.561203404910719	0.5603930978904	0.557048729606226	0.559853253737152	0.562040532205437	0.510415256641299
0.469603645694573	0.472795930977672	0.459842040471762	0.451325583707456	0.453669894710039	0.453902613626886	0.342946065462566
0.708279609921835	0.711177369196576	0.726584051346356	0.729325566351529	0.727958859922609	0.727111716965156	0.793646609150597
0.469196505294449	0.470493108883686	0.454752631637581	0.44859068171398	0.453111880029353	0.45170031545031	0.362018699515683
0.222175282101052	0.218247900289803	0.304250682258639	0.241203028962172	0.262804511021547	0.257688783034628	0.0749198179004516
0.499105058386487	0.496742825344304	0.495085402667652	0.474701613731792	0.485447384758815	0.483101070660855	0.37940405179311
0.387139530984946	0.382103822875041	0.38191917805054	0.363357220858191	0.369231881344855	0.371578287932283	0.250764104563814
0.506178501921829	0.508958849644078	0.492908279167444	0.489825984267078	0.491041232425849	0.490368821488411	0.411155841713597
0.585498812930625	0.585516086765821	0.581137419214686	0.581654359511865	0.582742644656499	0.582619885154218	0.570229101196449
0.500617185027949	0.506927075187848	0.508407678890598	0.484546087859325	0.495860120181779	0.495893853939893	0.362364743195023
0.536706099193445	0.536309647463295	0.528768793919588	0.523199198763611	0.528141981358816	0.526202109973436	0.468639003615281
0.556476593329078	0.555383856816754	0.548501659625363	0.545349744940688	0.54517447476824	0.545873331976561	0.491789828475824
0.528198477293695	0.522099576530392	0.513925532568742	0.509112180837858	0.514455167417938	0.513272602262574	0.467306542895981
0.270917492306299	0.277284013165693	0.332581535982369	0.280634795820627	0.295839118455579	0.297941246503963	0.105634513206832
0.541435655515855	0.541187603653522	0.531346872186521	0.532292877547054	0.529379195005592	0.530012389653629	0.487813439051324
0.665832373993641	0.663777476427981	0.675679652342503	0.683225985668343	0.675090298242831	0.678557003090426	0.752713305727372
0.307319576260551	0.30227702492722	0.334941289433577	0.298025081013908	0.311804233441286	0.309825455461652	0.153677865479019
0.627611859482577	0.632961954545346	0.635646011366245	0.641455263479674	0.634416435272297	0.638133924452048	0.665814000050241
0.67781789321692	0.67539760660303	0.68857669844554	0.691383213328433	0.688590264911642	0.687048714049248	0.759847204582388
0.542829407507791	0.547633681282759	0.541079189524034	0.537217475608353	0.53774467964726	0.539760091590277	0.483124623619236
0.550069846853483	0.551668484524691	0.540525991215203	0.540534307177172	0.541767902218122	0.541503970257366	0.503599347607294
0.385042311549092	0.386597427864407	0.396786882592008	0.369423463493069	0.377461969737772	0.378693120734378	0.214491094563567
0.577470123831476	0.573754068260131	0.568543555120086	0.570643816250348	0.571947565565302	0.568092006191492	0.552413601746279
0.597175400141763	0.595667469464382	0.599369485576323	0.599197637673841	0.602392117022717	0.60010444500255	0.598944195693644
0.608409395455378	0.606525896790767	0.60950183453461	0.608411957045669	0.607574178839304	0.610922027857378	0.617953027472097
0.41584122511643	0.415698846454499	0.412351950262231	0.394486594993228	0.40212139318052	0.404757386535599	0.26557348999013
0.630860276466632	0.631786896909541	0.634829510583802	0.641430234474219	0.639943767740761	0.635672309184408	0.675441516655734
0.519819765466662	0.519053648703745	0.508690343176708	0.504891680459089	0.502883663195929	0.50548727828615	0.425151271035381
0.532786945922486	0.534715902265355	0.525497551243676	0.522817495899494	0.527037184939265	0.525979169484879	0.463247292665769
0.110438523942436	0.116057084280496	0.251666999089602	0.163791482719109	0.188946654106479	0.188082646203113	0.00533480936044174
0.485499860309296	0.484872837865037	0.478225210697073	0.468176781287372	0.47017282897845	0.471818858550874	0.353984279409206
0.385730522472475	0.387895040561019	0.393695716019348	0.369996475717669	0.377511727681935	0.382469114519636	0.217891601319116
0.551959233879316	0.551255709262565	0.542801006556448	0.544983202455523	0.541760334849871	0.542681687540131	0.493157737294118
0.556320178233996	0.557815558948115	0.548447543253834	0.548387248925995	0.553291910814926	0.5468457974221	0.499898869767338
0.491785247710873	0.494254115019624	0.484465711250004	0.476326633133584	0.478528394765319	0.478794743534945	0.375830759103606
0.59507900505047	0.598830611339675	0.591806107340274	0.59378350398422	0.595481742293057	0.595387427265897	0.59113518953559
0.856800098151544	0.86020345219065	0.82458213593467	0.862740624586247	0.850385721934395	0.850324369343794	1.04950263145867
0.620092554971609	0.620914743093602	0.628785198985807	0.625108433707623	0.626890177868852	0.622482648170443	0.650176492657451
0.557794437567304	0.558740343288865	0.552252653227486	0.550806496771379	0.549929744059001	0.54648045748213	0.505776231073071
0.491521927420875	0.487840314686259	0.479456664318306	0.467842748505646	0.471075857997843	0.471785586808952	0.361392902203472
0.664917976796323	0.663933086281616	0.674566634586255	0.682137131112027	0.676450766947485	0.673595410358505	0.744349408371489
0.66623990965284	0.66406116720103	0.672305539745414	0.67908654742479	0.673351575263621	0.673623453487307	0.745779781183667
0.617659552902446	0.616782714967175	0.626553624552779	0.626015435296952	0.624235666815045	0.622888850105892	0.646439684733439
0.59749466051415	0.594269508070272	0.59680274977464	0.595765605048236	0.590182308644751	0.594047681427557	0.590211504951488
0.570689805084444	0.567114253508569	0.565453476205543	0.569717230517683	0.562914741739831	0.566027471255371	0.53384267758594
0.633910170465441	0.635360912939636	0.639216400682762	0.642928218376135	0.638069196666161	0.639985237413328	0.689419780731661
0.542081432009581	0.548161774094668	0.537776752919811	0.530051954083496	0.535815875754398	0.536902975443241	0.479725267931002
0.691969144742642	0.694961115715809	0.709416985340488	0.709960300781475	0.706198275041816	0.708363689403575	0.773533253092669
0.784682372792243	0.790586973606082	0.796635641454456	0.812710979895304	0.803670666302713	0.802902925170433	0.923342833276766
0.519699873863676	0.525077221531221	0.510625224972367	0.508657910151114	0.511434810112215	0.51042911879737	0.426894323995473
0.577752417906101	0.574789401751948	0.572220156237883	0.568923196220162	0.566871256791105	0.569195222948712	0.535996877378838
0.45641067227478	0.456339293146943	0.443302748287544	0.434195593301611	0.438734126503124	0.434803361082704	0.317905406478176
0.504198951074817	0.504584512301908	0.498864354952959	0.487642977868636	0.495343612342173	0.491425220062425	0.391300701791484
0.523886464421529	0.526282662522752	0.515928084055141	0.509667884689763	0.513305198214693	0.514004165732605	0.449034049361867
0.6112081584414	0.610303625084124	0.615673097270817	0.616027266743786	0.616417563503077	0.61337048821631	0.626863865445706
0.533180383837027	0.53229563819685	0.516748039632595	0.521434947829999	0.522219548584498	0.517469899469154	0.461401874387699
0.499747183461717	0.503977035084576	0.489727776863915	0.485774813338488	0.49218079469151	0.489010772530582	0.400729747390366
0.660573753355548	0.660825590447532	0.666569731634449	0.669555512826397	0.668484264604816	0.667222725255165	0.72958413831146
0.617121901105677	0.618430970063927	0.626426473232239	0.621022805050099	0.622936630718108	0.621558877966705	0.63984753688918
0.606187212589254	0.60472104886224	0.60867120424638	0.609387799399298	0.60576980170386	0.609265312765416	0.611576527923467
0.795316343866898	0.796330911592492	0.795955568092777	0.818070517219073	0.806192920652923	0.804328836722535	0.963398925557098
0.357206168708331	0.350467042236797	0.381467667648449	0.34210895042121	0.360350617368755	0.362418229221881	0.175515613786957
0.402365321019662	0.398024792682143	0.399328147075828	0.381282246665193	0.389253142690279	0.386743290751043	0.237315991148273
0.613119293193331	0.615600776898337	0.615001625918609	0.610901335632471	0.615274724873668	0.613964914411033	0.627932490264111
0.418632493710062	0.418516698630651	0.422916252742658	0.400485588264847	0.408379520452192	0.402118389790473	0.246767882841469
0.492620947084733	0.495516650458489	0.481579640776146	0.476278275992859	0.476778538479712	0.481639428143475	0.364988973853075
0.713616568937314	0.712034605987028	0.72270163471082	0.73044958563539	0.724469226857205	0.727368318915996	0.831091880696477
0.534807897030162	0.53304496787962	0.527422465474141	0.524178392126274	0.521820972519113	0.521121894298499	0.466208360993409
0.723196426608572	0.72487407943709	0.727834766507775	0.742616342925465	0.735541664883648	0.737361406142735	0.861137094333862
0.521362913599078	0.520339114628277	0.50654759921941	0.502066602998265	0.507884793503571	0.507934922389166	0.437329571609085
0.506542268959573	0.501226370974919	0.492387659349261	0.480935818084907	0.488813375539378	0.492519340456729	0.390424923147391
0.602713475324241	0.602369460968198	0.603079627355826	0.599359800900961	0.600482371299462	0.602150864816736	0.602703425853725
0.460518599584505	0.462876361890135	0.456216340349132	0.441330117268513	0.449666927865542	0.448561019236938	0.317036728007225
0.487043485429803	0.487126455698486	0.472842998094316	0.469229170853161	0.472328271239866	0.472123476971973	0.39175468182089
0.347841135900062	0.34366997605239	0.372787289079601	0.338286283956217	0.353891466789584	0.347548886179697	0.164208994974086
0.667914855344591	0.667966279729391	0.676725461996202	0.676276229965486	0.677553381427696	0.675236677137514	0.742705496191308
0.553039308803362	0.554461345044174	0.545468698350295	0.538936397429136	0.548221462655937	0.54440257448188	0.497496525155521
0.663403913980105	0.665180008479667	0.673421168065863	0.679303260121636	0.675902697666038	0.679198416297944	0.7366864729232
0.664562600771589	0.662220895095872	0.671856635164089	0.675729090900192	0.672903261671124	0.674080754763057	0.729126666527815
0.448797076357238	0.445260110543993	0.438284024255953	0.426856234594639	0.431539521689801	0.432770595194592	0.30176288277563
0.669820405682138	0.669659362979534	0.677643699133031	0.685169845290647	0.682859563756807	0.682177759243895	0.73726819748604
0.630830890688991	0.62889204879695	0.634658956308705	0.638287593967716	0.636287529929721	0.63764963643185	0.667892651178942
0.524171663977236	0.525285365072092	0.519910914416126	0.513412308118201	0.518613787225272	0.517626793090011	0.430958912387807
0.48899946222039	0.488084384708563	0.479273759665885	0.473563510902473	0.476354253304238	0.472857218950639	0.372718277845548
0.484606679882442	0.485526165790529	0.472750805123248	0.468635385143146	0.472680938916775	0.472276276124588	0.373629957969056
0.331968050371338	0.332688477623625	0.367448911134138	0.319130474714282	0.340811233861475	0.339380340961381	0.145880341491042
0.551026657417225	0.548850710412883	0.541946352153944	0.542250642901874	0.541474511537187	0.54163455863982	0.507527810119085
0.686686650448192	0.692668149618517	0.704956584441008	0.706196523021878	0.703942584847481	0.703835855218347	0.780084991296594
0.524267059917931	0.518847969401489	0.507220917353586	0.50475564444592	0.509090190577255	0.507394554502129	0.441524846677454
0.617626224309779	0.614007071328414	0.62135820047883	0.624753822615466	0.621895595676547	0.618760518530631	0.641885160412248
0.633159462803995	0.636085901766391	0.64314961218422	0.64327101461016	0.640829001120482	0.638290246035146	0.67160144002454
0.241684802452094	0.236833143154234	0.320878373849829	0.254649104124529	0.280419835182924	0.278785271415215	0.0700964044713213
0.258692154775506	0.261190272522337	0.312492914912037	0.261771807749924	0.27525839719018	0.275810031421821	0.117848074627116
0.463671284071909	0.465634212988378	0.457256281882579	0.446048955118475	0.448156671004513	0.451073226952803	0.322801409702765
0.620522823018603	0.618370268640048	0.618573642606945	0.618965531361948	0.620160170747703	0.619707866565546	0.648676190446159
0.498324187435467	0.501349468994734	0.486353203821029	0.478102369898588	0.48979164050187	0.483776753437766	0.374479701156175
0.454367027627844	0.462570518140387	0.460259416504068	0.438455675438385	0.453891331039342	0.445560228974458	0.293564651285418
0.374934434411137	0.378270395978441	0.391856312766502	0.362283024249448	0.375254448691621	0.372514087095132	0.202901336831909
0.586548438380619	0.582309832654071	0.583036517458232	0.582513812773972	0.583009908273975	0.584164097466245	0.568551937155085
0.70124044581457	0.702023139858171	0.709903379078989	0.720405566544058	0.711955599189223	0.712067698685036	0.805967258280942
0.494260534700878	0.496989100868747	0.483088702921534	0.471958152749341	0.478174669180907	0.475119203077878	0.374424356265531
0.69830564565118	0.699547607451434	0.71213862077815	0.718014779549167	0.719603283651233	0.715272395961332	0.810277494711388
0.482566652222406	0.481834670566591	0.474779389755765	0.464887821647687	0.471276729010529	0.469915452031589	0.351857858862475
1.00528528287113	1.01018805645851	0.876971118286127	0.966669952365779	0.936301000723543	0.940028013888078	1.18742423571688
0.555158545618966	0.555891936282258	0.549540774921267	0.544227753203391	0.551733016600244	0.543999040037764	0.484241391539968
0.655223388924592	0.65764765761901	0.66274742670501	0.668252472139348	0.667420983806378	0.662994034070286	0.719906205411531
0.655603596012024	0.658365266318522	0.667330302109007	0.671141806398956	0.665676805754629	0.668254947914575	0.725531752926008
0.349200500684583	0.354695171592625	0.36296437462126	0.337646290835729	0.345627108316849	0.347754904092263	0.199138777665698
0.523631226204847	0.524750001853982	0.517398691015089	0.510589157299132	0.512063321153876	0.512880487391631	0.431376277054142
0.566530673506568	0.563761199139236	0.564286215916137	0.564879757368253	0.567036378608548	0.568488000851933	0.537821465986387
0.636030471414505	0.635822796259084	0.63800846296311	0.64461288406049	0.644045353393608	0.639974809965956	0.669813143396791
0.420441333710647	0.422334080074444	0.414571507645913	0.396653849366159	0.410134007584438	0.406788371936716	0.269067783702896
0.843026239232652	0.837247632631604	0.825923711752241	0.85932217783579	0.842584911657	0.841420217880083	0.999711599821095
0.448727127558537	0.446327669276767	0.448685672227531	0.431427255834409	0.439915398019646	0.435893750227648	0.273670789864417
0.555654357808203	0.553347577117888	0.545449182862651	0.541456514212005	0.545398922303843	0.544037999842845	0.497788631693779
0.417079461893683	0.416019660282648	0.414127053185735	0.392549231850841	0.40406498247156	0.405148594179195	0.253674413887731
0.62081866920504	0.623210567261427	0.62652371035866	0.625894706961819	0.627795677701421	0.627134112850649	0.642368438311209
0.468552842334673	0.47139633296704	0.457208069835856	0.449611061875277	0.45198618173195	0.453278238151245	0.352400024617031
0.419231301097229	0.428604595524364	0.420698832368074	0.399103385466294	0.408272758090838	0.408196805416376	0.258697265558335
0.612520055919495	0.608135536711772	0.615325273775787	0.615863790615848	0.611932726349277	0.612547589848581	0.629040530434865
0.588318346702672	0.58850036457558	0.587486542383999	0.589523271301547	0.587368225279546	0.59002295438258	0.575364022864842
0.413615590068348	0.415731528224916	0.412489305631447	0.393249716807834	0.404245013164268	0.406929572208344	0.265144071022006
0.667115492910517	0.665460857685393	0.674236538438405	0.674761272646674	0.674059541394755	0.676409837619748	0.72994997226738
0.408151838039885	0.407613351981294	0.40890508411223	0.381732295544668	0.390879335343512	0.390764295404204	0.239503125584844
0.612064577164654	0.60880689173233	0.613555369798596	0.615677928193124	0.611624719008042	0.61524731735413	0.62577611831973
0.567892174207104	0.563674235113704	0.555741953988265	0.553483690566003	0.559826800637103	0.558505779756776	0.520994467456655
0.503253095900839	0.504697704474853	0.4949237847647	0.487726163960624	0.492388174212888	0.489854178688279	0.400869765612852
0.513128944971743	0.515107845758202	0.502981934804702	0.49761922469857	0.5012114775603	0.502965759750907	0.427460810808696
0.586734235106744	0.586687051881639	0.585688351820493	0.58342102724419	0.586592940495131	0.585058611517092	0.57669538141835
0.60793936723954	0.607202771187	0.607748471578702	0.610071263761121	0.60817232628517	0.612047112454693	0.618439592155179
0.477575359553595	0.471908873879672	0.466610184816681	0.45770608362091	0.459397399185338	0.460185848208635	0.34313208754767
0.572962453144995	0.575497633622549	0.569875456007397	0.569834608202186	0.568699868247504	0.565794232055104	0.54218252693025
0.467019631747796	0.469262941904493	0.461795218229794	0.446253097466804	0.456951433381082	0.45633204792622	0.320163800682961
0.464864784899324	0.465265379782582	0.452061942933542	0.442438992959118	0.444620443229778	0.446863024873712	0.334031392628984
0.5975960055159	0.597537762641768	0.596847399968344	0.598579327174465	0.596974566943099	0.596242157961135	0.593384881506841
0.538752159661489	0.541458355044885	0.532157251305065	0.530793163976361	0.533435369945065	0.530508670973125	0.476679001289201
0.628962380785848	0.632790747188311	0.640944829032555	0.636263681866496	0.636184877338985	0.636319700872542	0.667378768776172
0.645960081005512	0.642905654368386	0.647386940206241	0.653874913184548	0.652536406209995	0.647083395176844	0.69495395895658
0.607224045422228	0.605950946066587	0.611566438429655	0.608741451312036	0.607418278691725	0.61254491002848	0.618941665869545
0.5439916148776	0.545181287190343	0.533579539775242	0.531091132738964	0.53696339873558	0.539125863009116	0.476337671466425
0.681998755727613	0.68453836219991	0.698648620228618	0.700510078209753	0.700048565249578	0.6922458683894	0.765082064499081
0.540448056619123	0.540310316973443	0.533676207055761	0.534769116380837	0.531806729729793	0.530819246335516	0.477938928964648
0.569080515970686	0.5651867785634	0.560921009791988	0.560884923568724	0.564001931475899	0.559712975419576	0.526298342232801
0.501750242637486	0.502307450770795	0.48607536555053	0.484225462514241	0.487536015604086	0.486279977381153	0.419573932648714
0.389457300935879	0.388472198299447	0.380381400097497	0.367963999563125	0.372229939929778	0.370391605330188	0.277776190860193
0.635574579324145	0.633603364184276	0.639750035010446	0.640619419804612	0.638185263061781	0.640297468022936	0.661729821224138
0.582708390269641	0.584986080949303	0.579832922426573	0.580651994494359	0.581646819619735	0.580625182292583	0.566787176417026
0.750842004335046	0.745441633292684	0.744986138921762	0.760896466547327	0.752289602098046	0.754342910803197	0.925752064920658
0.572428929328055	0.572185507156371	0.565788004132876	0.564344060111967	0.569475817712728	0.570180349918393	0.546972623643327
0.643906590240816	0.640370480203128	0.650617438093516	0.65317721810441	0.649312921541014	0.651325191454575	0.690273637244799
0.400387431388276	0.395846034079073	0.416404881515301	0.383658667177929	0.395101602671471	0.391180821540841	0.212401911418326
0.552232359752013	0.551056028050086	0.547201031952374	0.543906966845883	0.543489717828846	0.547345017654707	0.491381820810593
0.654706511663405	0.656277763216515	0.662533932434008	0.663385676533028	0.665836865772681	0.663652046791664	0.72391207059002
0.439480310653886	0.440233935765879	0.434076451270324	0.410889632121195	0.42657465112202	0.423431518920895	0.269858903589587
0.668517946545697	0.666580237978547	0.675243733373985	0.68446736471052	0.677710240185845	0.677677906953828	0.724172304527149
0.669503271698008	0.66785522130837	0.67794676295434	0.679906328041147	0.677899700571351	0.678065145966786	0.742743540980235
0.492111449482044	0.494350480029796	0.484724399475883	0.475842198285541	0.476250151758208	0.478929097441696	0.374431310931954
0.570085238936744	0.571158624834854	0.564681429415049	0.563876015277344	0.567961189858597	0.565934732619129	0.531489364709589
0.624849848951735	0.627806951932556	0.631650943904357	0.6328382166403	0.625363952456274	0.630960599894254	0.652642807323056
0.685555777111234	0.686531907705155	0.702184703707734	0.702980741664779	0.69749361723589	0.700224731969492	0.778434429682648
0.520511751934754	0.521790011997219	0.510503016294456	0.500663259916371	0.511803998697656	0.507932871875438	0.432617576089198
0.587834210606846	0.584226017526174	0.582580605734979	0.582703822868985	0.584616592265781	0.582732276225485	0.566027085934917
0.329401233159841	0.326101417240916	0.361084708384889	0.323642364904284	0.340362480091034	0.33725386641973	0.141301839872957
0.407830366050403	0.391548988233246	0.420028138409433	0.384605600533214	0.403479432076024	0.404976204932362	0.194737090180318
0.637385388646295	0.641857153095865	0.650625347727485	0.648856633760507	0.649185893868228	0.649309277644132	0.682128328592692
0.607656306772684	0.605263324124942	0.605494792501953	0.605435550413597	0.606016774388537	0.606372742134973	0.610840437894402
0.444658476394385	0.447376853877065	0.447456204444558	0.434332984196131	0.439622374493529	0.440020254481188	0.294566670939724
0.419836536414898	0.421469898853367	0.429457948835759	0.401475063037775	0.41740790546764	0.415632423574177	0.225726227871573
0.568265913955412	0.566146595749728	0.561132109437105	0.563498235042943	0.562770585985189	0.561228920845094	0.523925175584924
0.590529671990141	0.59054552841781	0.589990216068641	0.587745788779717	0.58680975241352	0.591239830041981	0.578299253167142
0.583874325079202	0.580553965720449	0.579161185718661	0.578862804655816	0.578367115439671	0.578739223372498	0.561739989761869
0.589524350944337	0.588674654180975	0.590386345008259	0.587140280252404	0.588797495134253	0.585714237940534	0.578192421676931
0.640651986558234	0.640880327861537	0.647999994506391	0.646282767613345	0.645842206481219	0.648593578308376	0.676794383056717
0.665002534374445	0.665215445267644	0.680182540712134	0.679547905098944	0.678136305489032	0.678436467893106	0.728656829130303
0.607046685293933	0.603399860549089	0.606175043136261	0.605633437827361	0.608188756495686	0.606385711328518	0.612107253210164
0.477044823800065	0.47547087459106	0.469508061168696	0.455954848508647	0.466829574294392	0.465698381381109	0.336682075652587
0.591196265776143	0.589358016899734	0.585715761286681	0.587708891564809	0.585760459331581	0.588497132154275	0.574285187279362
0.466689504203025	0.468043772987014	0.458296419406365	0.4480513382411	0.449951525027993	0.454634336118115	0.33340360261688
0.455601569803225	0.455459939218406	0.446446012992346	0.431454777843687	0.438500153970579	0.442589455119101	0.316298488345435
0.508077019820053	0.505963493100065	0.493440719062898	0.487322852251452	0.492864228450795	0.489800991824504	0.402520199966361
0.320811435418194	0.330126635640903	0.349237434872613	0.309180370921366	0.328872961543915	0.325778177737136	0.168834736606392
0.72338712813841	0.721236388282584	0.733538636959161	0.739563191399667	0.739512319066992	0.740155870835561	0.847031589193251
0.539295475202662	0.538952722059062	0.533869346942681	0.52764181882377	0.531046101918403	0.530187977274098	0.472736532592824
0.659254052695107	0.660962839338871	0.672529968037971	0.673373932934064	0.67152194395092	0.672855218768677	0.720986498022529
0.584829864464725	0.584871323746556	0.582286401193224	0.581111735329929	0.581751754145724	0.581559698313156	0.568101425982561
0.510659016742393	0.514469664243016	0.500143142993599	0.500275587455993	0.501193073743013	0.501011488706102	0.441242324725047
0.575673028690177	0.578335299720645	0.574563213807389	0.569720115326541	0.567350981415413	0.570995410508932	0.544017907275294
0.521027026504449	0.520980646081158	0.512128639313469	0.506729779886663	0.508596957552249	0.510130661497301	0.439791434932516
0.437720727002446	0.438711898631652	0.429212416400302	0.419895945716961	0.419300364459641	0.419507485268487	0.307546118492934
0.647471190088412	0.646973193765468	0.654487325706292	0.655369010253111	0.656220991319969	0.65488419769937	0.697457919200438
0.572908290809561	0.573992165383247	0.569345319149538	0.565209651447028	0.568447020891989	0.570282492937848	0.544182306483905
0.501299138468436	0.504037369055566	0.491804491437146	0.483895828019042	0.489793267427916	0.489935181777336	0.393421316858464
0.57217553446384	0.569385797564885	0.562250501050719	0.563410482572685	0.56572204734471	0.56550099213272	0.53112438675136
0.45549406716351	0.459772254323728	0.44914055699808	0.432445249254666	0.440708067120321	0.441881836239491	0.304514136957166
0.489619416423412	0.489730438939584	0.474121962287688	0.466757685217027	0.472801115519426	0.47322748537382	0.380035022405152
0.681280628419367	0.682913537145693	0.693874199086145	0.696125739829308	0.694188392769204	0.693063212792725	0.759958030440783
0.660448891178642	0.663697551800337	0.67823166265966	0.678801226241881	0.671325610291316	0.67359885467388	0.726914494488777
0.394590747040958	0.397888371545356	0.434486911681695	0.395255011336973	0.416047019619959	0.415206797250943	0.154637998519153
0.60185514541505	0.604504547701427	0.60739790446473	0.603956738333166	0.606754370440239	0.603631083321281	0.607895554595389
0.584614188912201	0.58268484671809	0.579684180353261	0.583939491123329	0.580815735173933	0.581544196266546	0.567002384136756
0.491445535507281	0.490293726323075	0.476252903942016	0.46632128921131	0.471878124598697	0.472981195202477	0.381650310147072
0.460868908813962	0.457207088286563	0.446482661628356	0.438800481958456	0.44189065217371	0.442707952358042	0.33682647093345
0.296617535063573	0.293250464787127	0.342230163434933	0.295526338982956	0.313851202019299	0.315467343191677	0.126064174289924
0.461971540085446	0.463070268521419	0.459292573411754	0.445042962896453	0.451428931653851	0.451231402315852	0.30972084505127
0.603601202707936	0.601077892183611	0.598608026389142	0.605087122453858	0.597287382279686	0.603857016198653	0.602822907756346
0.405760466726417	0.395775701573259	0.413633880019197	0.385970577125374	0.395926345316453	0.395858235827685	0.214118690184812
0.465900896257172	0.464949285024838	0.45676922109388	0.445134229602844	0.448438810227465	0.450897667110921	0.332849798956126
0.64293230169348	0.64234138299924	0.648096156679311	0.649979377918576	0.648612780923943	0.650551006110026	0.692154395344422
0.709853492595477	0.709999187579481	0.720172140601542	0.730900693933248	0.726832139111231	0.727967124770624	0.831823797626558
0.567132567430842	0.567942025903024	0.560082005627958	0.563265725998458	0.568164584957711	0.559069865032068	0.528421366780878
0.445974124770214	0.446436529856747	0.432106694946852	0.42488120206829	0.426940637986581	0.431484511186367	0.325817531078432
0.507046774207732	0.503224100240925	0.496714609937573	0.491250964825713	0.491622220111346	0.492680968099814	0.417146734037247
0.50456749690203	0.510090924350161	0.49592342046733	0.49130635626394	0.495483360658117	0.494244949911021	0.419134882415169
0.665905974849743	0.665009665807945	0.672471552009417	0.680698738263913	0.677039930064821	0.676903593643399	0.76747533556277
0.566428457910826	0.567002842518879	0.562817439855446	0.563373853862496	0.562434019014875	0.565305567346087	0.536354657539095
0.587570110820058	0.58758762626249	0.58478348767577	0.581145764420897	0.58411341201436	0.587197473711529	0.570878766427351
0.415658948029083	0.413229435710387	0.414744111534776	0.389889406517299	0.400807423347576	0.399803027876745	0.258572139979611
0.525757341733722	0.524509225841386	0.511850229281401	0.513428177149781	0.51309474645461	0.510595234015688	0.438617852189674
0.550619988007563	0.553780084764636	0.543563846549318	0.540263701664869	0.545710635342321	0.546513348773114	0.491498041585726
0.404158599730605	0.405930972467652	0.405038185891874	0.383078539390749	0.389554501776359	0.393687533222419	0.258927384715808
0.576663340739837	0.578402906215737	0.571793435835502	0.572906125248433	0.57148776472497	0.573261335687108	0.544666652134493
0.632755260130795	0.633978511159693	0.642099347004078	0.644716602092328	0.637725961474496	0.639326005516539	0.67276977620743
0.588304965262845	0.586021945772171	0.586152240652886	0.586210649538366	0.586822077523295	0.586249210840934	0.574515740234998
0.653767412804807	0.66227928431561	0.667699225358492	0.671864822206789	0.669922119497287	0.6677677772413	0.725953801381936
0.559577562248155	0.562115637347371	0.555822452299312	0.554346473303398	0.555357715888774	0.555311335328318	0.516176191699102
