FMP	RMP	FPP	UPP	ANPP	NPP	ANCOVA
0.958575037127254	0.988852292617221	0.704483523653699	0.832080629699564	0.799085188651926	0.801168050043299	1.10770264642563
1.11715035896532	1.1322864789864	0.672589821177401	0.960794415926735	0.904554682557792	0.899899323399933	0.972356249994168
0.710475951203712	0.743840968598815	0.635379823927285	0.721595850309334	0.681484447991735	0.690111077937916	0.949069836058874
0.673189130720628	0.645217273337183	0.556363358386091	0.629810164989458	0.627324354834157	0.610830846896164	0.70869533626793
0.855210275599665	0.879699825832179	0.591687824618323	0.758654606672572	0.737905747487757	0.719546322302052	0.758152414969006
0.918969644327505	0.920506729196652	0.600154574675009	0.797327333119865	0.79691984256872	0.771049312066503	0.764096648649791
0.739935710027923	0.77734164508205	0.622607413005721	0.734167821207756	0.680359049356267	0.701574460935476	0.856874716843013
0.785269744035929	0.796563122106908	0.604338168766213	0.706955752733111	0.690722238837505	0.68376604012761	0.780744411234396
0.592039232485511	0.612637247295354	0.580434478620198	0.624050358441233	0.611102076307125	0.604530667219542	0.768430137515905
0.775712192665668	0.779714889565675	0.602494775472257	0.707909897655587	0.66904260835099	0.679536666257368	0.772168229935903
0.799589330545777	0.822043371859008	0.548864789181738	0.715920757689375	0.680449726992178	0.691023689230712	0.709072707754562
0.731206668293278	0.73879339886095	0.589403007390406	0.66899023601536	0.65806376022638	0.673705981577429	0.779758821202011
0.805435651707457	0.808106675780106	0.614004407661227	0.722893674599562	0.692567354033779	0.691744670250229	0.803606103138313
0.849188523451881	0.841215126032693	0.621723365246836	0.757119318468069	0.728076780245846	0.716306968824075	0.82790146628868
0.947938366093108	0.960582585053284	0.651479477263502	0.825848869291217	0.78189020412667	0.799655756434324	0.916924425384925
0.971637261387015	0.950729452302663	0.633102562083976	0.842246657569629	0.850542131423955	0.8328652269117	0.791101785767093
0.964554101828139	0.984544980665923	0.652106335474867	0.853386552482383	0.811619116283197	0.811127043832552	0.889589144037688
0.940496307504056	0.929469746760765	0.627106239762572	0.819202784096083	0.782800252386674	0.779167821477271	0.854707007614497
0.744416259992248	0.707320211777238	0.591626989853868	0.689788237798401	0.666854209626179	0.666888135516436	0.804296890259687
1.08392654440049	1.04274587987749	0.647945097686524	0.935327111433971	0.890828465070913	0.903579407482432	0.873884720931525
1.03965712207169	1.02380108941028	0.648663003620053	0.894703949729203	0.857881352235088	0.872744743314173	0.911349469941503
0.987264879912553	0.963530720268069	0.614901106521588	0.869796028659653	0.814851691855026	0.821424792955792	0.812778115257754
0.820114206150038	0.835876481241641	0.626670400543497	0.844274206089961	0.888611236063828	0.875271453658426	0.769624920862469
0.637825073523044	0.625254143577535	0.611026043302519	0.656524748829305	0.659193803245422	0.632640534987285	0.837594207230075
0.756337934723148	0.747131965941601	0.621547464250012	0.698927951279411	0.687140606281816	0.675737425776135	0.852128365521136
0.617000632729253	0.611857518758483	0.589091479133858	0.644487528019961	0.634606839284038	0.628805810635476	0.799329754710034
0.823821104018563	0.775234160188107	0.608871743797954	0.742667097045043	0.714176366973516	0.701817774135278	0.819212637785036
1.03983850386945	1.02591635222022	0.652508498627495	0.883033475061875	0.836978276476184	0.847286059846088	0.98034533146593
0.639278188955519	0.604774766599864	0.570540622441066	0.626578950574944	0.602913410695338	0.613727309414199	0.73633177547644
0.586183457818023	0.574828993133712	0.604826122066213	0.617564757783809	0.620148810316471	0.606367813067029	0.801896737751804
0.734274484316749	0.735374507092699	0.610127880539037	0.693441230169091	0.665320419313521	0.672941640138641	0.839536963554841
0.898957744237494	0.897567502447298	0.687248781017173	0.817153109919585	0.767071568551727	0.795615478430446	1.0898654216396
0.654207960059833	0.673634082601786	0.539195950161092	0.599717189616628	0.59308189083056	0.582602126289991	0.632530151169082
0.933149716088736	0.929283920032416	0.655024774716968	0.970570996724915	0.977888505458802	1.00452961583797	0.867713668767473
0.652136044702235	0.6551573515611	0.59385431027528	0.648434569764041	0.628496682887509	0.617270291683325	0.75551237108982
1.01086990879554	1.00901019849613	0.635626130360498	0.902870977220727	0.846167708531474	0.862280021414715	0.828824287874451
0.864061751657015	0.8800574736435	0.586969737911444	0.761901462398255	0.71545035110539	0.733324306685028	0.732295029281658
0.847906479718189	0.852391151348116	0.616807139374184	0.756706917860274	0.729212513128956	0.720701543187947	0.817383088731653
0.953717696276542	0.952889662140704	0.628803175198782	0.842348122576756	0.793032365815338	0.795020638853469	0.83287169689254
0.966736576883344	0.953410952602023	0.617293733540959	0.893733940071843	0.891173067915717	0.887770525539669	0.804297153183871
1.04013838550824	1.03710417312898	0.642122373445593	0.884977919485341	0.844743376493158	0.857160693503962	0.938364490445683
0.889409132077436	0.9022674550148	0.653874791713856	0.7882197746298	0.761063245884662	0.773787057611415	0.919713656044688
0.666248374689492	0.68508699551191	0.60676193013446	0.686742493261827	0.685527053537256	0.665794484354057	0.888309793957438
0.797455734261789	0.81663734006839	0.586759242693397	0.716484184707061	0.699313086774951	0.677077591559877	0.741076959596458
0.809721033051887	0.810903212655596	0.593490139793446	0.719083822245342	0.704229388428562	0.690756917402616	0.742443047354037
0.996138401304687	0.99665813206672	0.660710249847788	0.847846818695785	0.829374511601149	0.831754747932975	0.928318096888316
0.75984121237338	0.767235701769326	0.574793670982613	0.681405020988561	0.666265281643374	0.673061243673454	0.723988272440621
0.767263974597053	0.769491305735136	0.578117350873015	0.679551638175591	0.654145345403883	0.647336911521089	0.717167906318276
0.692609568582907	0.687767469096717	0.618024061762537	0.648158353006602	0.646173791697077	0.645343689962221	0.810603185953482
0.66330562610725	0.676933225854231	0.620053738878756	0.669189026603829	0.656117521126099	0.64288251651351	0.819799852358152
0.976572467936842	0.970562268456734	0.644688971946789	0.835220715146143	0.792407319525615	0.790235528738966	0.884981117977534
0.555003437063813	0.556461456513894	0.596339894621125	0.628384205411893	0.590280964469299	0.59774124433498	0.785823942343606
0.686730049590435	0.675470219663894	0.546740521476962	0.632886124246915	0.623448772156723	0.612717753679643	0.681915872201044
0.774935681519783	0.793524457616256	0.611456462483635	0.703092708005237	0.701840155168921	0.683687721000477	0.784416073841215
0.990399982133694	1.01456073116711	0.66512653348345	0.967941197870162	0.93504984816511	0.945234229557747	0.851884816546799
0.605178367717778	0.608863930535548	0.628238297943632	0.648919479188001	0.629645113148617	0.6477231878931	0.858802803251033
0.864278586716841	0.887818815909603	0.65759070331699	0.806641347607164	0.765134631170289	0.738088069844114	0.921539271616767
0.597014720960653	0.590942081922	0.586941954400599	0.639403315326947	0.588394719819901	0.592667958590605	0.741345780359184
1.08126895783661	1.09886344377219	0.660293788211524	0.912435828158469	0.884025096374622	0.885073300574248	0.938106415217758
0.792148098767763	0.790172388341011	0.545547652859427	0.698589401831312	0.678209831975631	0.683894401755228	0.666630439528539
0.927258597676617	0.936810119815731	0.621676742757807	0.806340982468723	0.780352899536555	0.788097945414228	0.833873466552175
0.547037683645942	0.553227797610051	0.586700022071247	0.618607090773871	0.594489875903237	0.602566719527256	0.799824012609911
0.774629752600188	0.77884538036132	0.566393497835485	0.675144530856189	0.666349933980359	0.659345589248416	0.7073366261926
0.860154855472436	0.839100452363134	0.618713274678217	0.752309857512713	0.734821820766341	0.726015289509312	0.833172366458364
0.861553006045006	0.850610400275755	0.576188465893826	0.732232076220413	0.714518093675094	0.724715587833019	0.722772998748697
0.717039612715482	0.703662121404889	0.581137435969594	0.637559575582842	0.607627479143293	0.641357337711487	0.724756159749816
0.714965919428503	0.715308306544094	0.594734782841691	0.65464813191636	0.628363990323581	0.647788235848459	0.730269312144704
0.787236815444141	0.789447763248044	0.662924269900752	0.728169203433732	0.734217399572287	0.710292152219385	0.970949095577057
0.76471348809371	0.787990482351171	0.623929431968927	0.743862125463427	0.71896231357489	0.70531756564852	0.930867365236618
0.93428742772695	0.939831847238613	0.602840858958815	0.809185151696931	0.774120908309175	0.788471641101777	0.768429494950903
0.668946108688488	0.663357682703295	0.607521002467723	0.668431458440267	0.639245606472834	0.658092407210066	0.819069925978975
0.58756157778573	0.567753483413176	0.602467077211304	0.632889858239309	0.614800181984227	0.628031088520286	0.789921071462121
0.898271395199251	0.891453106876042	0.606296887155326	0.769880085322037	0.761627051706171	0.766978312269948	0.761508908746536
0.909792527807629	0.892870646106046	0.62666206194731	0.86442585638892	0.848481108880521	0.85640738502902	0.775371548407974
0.472709711931408	0.477945938841393	0.495602280139281	0.50057547671326	0.499572600017231	0.506211026396627	0.600500648172523
1.07799148741274	1.08531784476284	0.664443134296889	1.00617307054539	0.988107604337074	0.991961461548059	0.89726930591142
0.71944881732043	0.675132233630316	0.63110970978397	0.702062500159497	0.678335448954602	0.66730126397006	0.857325008961713
0.793244778652925	0.77156927606304	0.566267754489511	0.693074729347724	0.677023943483971	0.668515071944311	0.711254231195066
1.09133524869543	1.04230518438822	0.654255503086373	0.904041335521988	0.88208971421811	0.891494494965028	0.897357510223425
0.820491595464259	0.834615360999257	0.61420336669022	0.738537568242031	0.716317911815919	0.711618758561577	0.790158038596533
0.950476515222575	0.928095325564701	0.639018153349989	0.821130301758039	0.796202933382166	0.778901743782567	0.844490672726415
0.672319368128835	0.679986723088701	0.648925310660312	0.730325824641509	0.679082962801445	0.683299369206145	0.947364433791112
0.937158654028656	0.945326889806553	0.619726412973081	0.836420228886223	0.793592503601711	0.813534773399808	0.806211860260406
1.08252631910788	1.08228118433746	0.647615278835272	0.925503410784828	0.902076554145074	0.906486577456943	0.895071155643134
0.943401319013417	0.928722124246288	0.629987644513018	0.83268493751278	0.794683251353221	0.783242788501071	0.860573587129292
0.74984858953875	0.764148231476809	0.672117192437476	0.744791747434156	0.728950061280913	0.723451017236938	0.996284920106107
1.07441990771863	1.05439714423323	0.641830394651467	0.922455944411326	0.901058939237058	0.905140140294518	0.890892055248036
0.859617214533475	0.866139227698805	0.600016537006868	0.752609553030814	0.727390688881911	0.710485659030741	0.747518370109298
0.629218161582387	0.644488538270394	0.53029149929376	0.601882647985525	0.594937465675806	0.59029699030448	0.667509485939964
0.584746003138938	0.578927966821522	0.60825506689274	0.661451122412577	0.619697996621407	0.618547045994719	0.823038045121604
0.618955876664473	0.628764501998035	0.578138225521327	0.604598898113164	0.603615874536714	0.603434226413459	0.726995000600675
0.578345328190921	0.584538689025474	0.620418653504004	0.662704212347967	0.636136554995244	0.630349591048783	0.85896972690911
0.844283144330025	0.875125168341025	0.641220224867839	0.780626151514932	0.734574914424318	0.73899714711077	0.877656950456944
0.720932324431324	0.705782498553119	0.615441611948624	0.67386433611054	0.66269885454465	0.659439057309726	0.83312214886758
0.933088876117622	0.914238159687916	0.610119281016649	0.846352038805284	0.81404512654329	0.828638810288127	0.76558902557409
0.635980594363086	0.631043418204622	0.607253096576316	0.629008425479979	0.635331247250598	0.632424198094128	0.812959031023265
0.647908592201597	0.65556583852855	0.574530459573892	0.6266323184508	0.628213960406884	0.593048083630051	0.738203960443408
0.859947298107898	0.849290764798307	0.599810712183566	0.748301529567	0.713910633870404	0.704901986804922	0.782459990021525
0.585396859797653	0.594034148639973	0.603175234719614	0.627496144587934	0.621562438868154	0.612608664057446	0.804608653807915
0.706815628864938	0.708814757188095	0.601084542419478	0.64719604302791	0.639703025001798	0.647977241551124	0.774333435557161
0.569712519507367	0.566173045359213	0.553416455622225	0.603033555903229	0.591200977037369	0.59622258533326	0.706934162652227
0.928985686935114	0.93938268970219	0.607125484766758	0.803967833252925	0.769553812305339	0.777638655255474	0.788249250963773
0.740616191187474	0.740029049281086	0.6333084976468	0.716176732805687	0.691211849954779	0.676762989635713	0.896382312333388
0.857175408420813	0.881395176311879	0.590489433825349	0.802708154909876	0.787142845692961	0.785395190655557	0.730780226586173
0.659355963114929	0.685754519580508	0.534711947704005	0.613847380377986	0.597398182794929	0.59480991476766	0.660475160791281
0.577419579963431	0.608524211163799	0.604709010161376	0.630171323478066	0.60121710074337	0.637803798548183	0.814393587942846
0.753046960146705	0.728392746775224	0.614094275600149	0.693841579435589	0.692739423916066	0.691522988963048	0.870415275739867
1.143749160648	1.20979973296607	0.689120158743072	1.05678521262665	0.998795680162345	1.00843638175217	0.968025997291926
0.782719217005635	0.803795893030753	0.590688873601376	0.714880776753212	0.676400766354677	0.700911450882245	0.849842172199761
1.03122499937417	1.01671727225966	0.660994282530291	0.894510486169774	0.836344056441032	0.843765014974554	0.964160269774308
1.13106320422981	1.15136353740011	0.662258564191451	1.01286305248695	0.989157242925481	1.00236022481618	0.937291116136152
0.909688834535939	0.933323443144886	0.601787866304968	0.783185333778965	0.753243795671302	0.7591014573851	0.801543360513407
0.620329650793796	0.631618098705325	0.593100759055043	0.66806349163794	0.630555383670176	0.660175241214756	0.846011999932225
0.862348460096924	0.855043063692954	0.622527973228865	0.75386973211862	0.724513532939075	0.731969191868669	0.849522345190702
0.851484465746427	0.852294137855117	0.588522868144091	0.758830066679233	0.72439291752243	0.70700740359652	0.772072718805715
0.864858953893476	0.863882333766332	0.631578172405495	0.871835587796359	0.859830596262389	0.866708891441613	0.76816408122258
0.573613411599538	0.566328824473208	0.615305829712359	0.62635322336643	0.609760484883219	0.639822054540453	0.840584234708251
0.903765140908217	0.907191662554244	0.630730289921893	0.782379664837843	0.743481814459497	0.754195411963524	0.871499696099231
0.528839380977242	0.530238073971271	0.585069283546048	0.582518900283554	0.577817405974844	0.582055169467047	0.738215598361027
0.662909661275936	0.679320364574842	0.628633232210292	0.678288688423681	0.66104030083277	0.654202553025586	0.856579375772591
1.03854841379237	1.01926243721179	0.634532901089326	0.872135097745949	0.830586187626198	0.840545579706923	0.87196693874264
0.91866906746682	0.898618423695201	0.597142642665948	0.802025971176643	0.771747788596109	0.778202264000206	0.758724635165409
0.696786272896729	0.674481492112089	0.601746082665144	0.6654972774286	0.646539096572205	0.663180960926288	0.812771666329533
0.699344361811302	0.680087434848867	0.585243925679927	0.655964478295557	0.641071170622353	0.623968506905179	0.742925877959683
1.02198343764665	1.01581089145486	0.629233971607754	0.916350657841287	0.885423897496351	0.905890309407304	0.834098054348155
1.00768412039935	0.989266102894555	0.638356021370435	0.888610992706963	0.871692343279169	0.867955579438212	0.83013050388733
0.707496001121989	0.712530545358914	0.619443039977124	0.683119157297589	0.665257780650162	0.666549361574609	0.851106981892477
0.77637203842349	0.773492972275447	0.616980499668165	0.808511321911321	0.832881762825841	0.8379279094705	0.734465736612001
0.853090702839709	0.84205713371127	0.636542346719532	0.747155893467238	0.713546660851672	0.7216920882257	0.853779251818318
0.573684545669584	0.561035339480086	0.610928469743897	0.607485537541655	0.613935565716635	0.599135088250752	0.816362004166739
1.06152900100178	1.06946317792983	0.65087279306359	0.968575442789757	0.961126117250458	0.944838243866535	0.873839732763904
0.917299764305908	0.929685804962546	0.657480356063237	0.821834926535739	0.774314643109676	0.777713467301894	0.93909951464096
0.778015831857027	0.778754094637917	0.629578082780395	0.72414238034235	0.689598470466942	0.701323788042768	0.885214123888055
0.747742125481656	0.76170211558677	0.617238725972603	0.703194231728236	0.695757525678208	0.691152972777161	0.846504044461942
0.915579747449488	0.911000229179058	0.63048996284279	0.820106039295089	0.752010784867078	0.766625108230837	0.89575182523685
0.836093309801739	0.862437957421303	0.614135997291483	0.864460564022768	0.836713424664803	0.830060752621082	0.751070336061937
0.873992658758954	0.873196098302276	0.606988264819574	0.767503149665621	0.744871610362719	0.753721118546451	0.830407365855819
0.842324311144789	0.803045482700357	0.614536852017883	0.704531189481835	0.708457862272622	0.721621745953884	0.800116278444573
0.956589569418491	0.968100168936021	0.624888962841745	0.906641922498443	0.869888708469571	0.854306143784448	0.807527847136341
0.801014128277748	0.808673304312092	0.612152625574023	0.725290797121299	0.693597284739649	0.695226814957922	0.807186101727716
1.0055864296309	0.987631076768726	0.642596169852537	0.906325168661469	0.907423248297581	0.91989461934797	0.825926673241549
0.99344660260219	0.97262965937924	0.631244734261515	0.923762096963904	0.914799182801769	0.92662393863064	0.827177413912788
0.633030550684073	0.641908614480964	0.627808845521442	0.680573352822157	0.654820716639661	0.657142062927901	0.861567881295838
0.68597748608052	0.679936202944919	0.627626033781289	0.67557851024893	0.653218293514354	0.65171204938429	0.82910219447604
0.9887549714147	0.99303867580972	0.622242562983109	0.869710853081402	0.827350221720643	0.82140047186376	0.839774721386351
0.893076368042348	0.903111684979717	0.64367140723593	0.932683210828177	0.957370244375812	0.960583028593927	0.832054900701913
0.972485677197925	0.977047320545336	0.611051142942813	0.83547350040583	0.815294469192132	0.804011932036728	0.826281405982103
0.835145039096163	0.82827824927855	0.630844442155598	0.742346133332121	0.728061692929218	0.729526923958515	0.856420344291407
0.69795934643584	0.712526297356325	0.544227025468734	0.646277271790209	0.62137418077629	0.617698516455814	0.680473039350167
0.923263623829163	0.941226028455468	0.635968168455098	0.819971683002079	0.764729042024091	0.790139517026017	0.895365619469102
0.92373460950612	0.925667572846252	0.66778547418844	0.825004139428479	0.7635201502428	0.785771870039034	0.949799833808637
0.983523273831521	0.988859945969904	0.637433433189037	0.848260668133855	0.807253824687792	0.822906492354179	0.82305668896333
0.800702670669144	0.793421736943917	0.615158211839477	0.824154849249796	0.846282807100985	0.864081115884192	0.743705164747134
0.891815561789938	0.891111464179899	0.603099379184676	0.771057283455309	0.759508972596779	0.738536552617357	0.775005555781303
0.540130052094856	0.546083826151308	0.571784765339508	0.60256063991347	0.592349160944636	0.586124847347776	0.749998855596191
0.937943664945338	0.949089895045846	0.64445815338459	0.822561714923931	0.783096618688883	0.785360948491052	0.88184269844582
0.991067453575649	0.988639580943123	0.641180324342482	0.856256971588776	0.799584891518656	0.82347694854135	0.924404371671737
0.704990018936884	0.688095022653965	0.553760278378347	0.634273293628119	0.63006118570665	0.618718984258615	0.714348107468954
1.1196819642669	1.11420311331168	0.669594096951112	0.968487787494676	0.891916721919427	0.907581468879743	0.988818928496761
0.642346681933691	0.641154051954851	0.576977834244844	0.633198430955689	0.599059208047411	0.605091322578564	0.744558601213823
0.854457858734102	0.863128833807537	0.574384224324808	0.764763600083552	0.720700546332935	0.724057597158777	0.72473512119279
1.01059555475773	1.0247929771028	0.63609252294807	0.895850757418383	0.851095843283066	0.861020137011836	0.866838506077509
0.873170587588473	0.879735645199315	0.610001207497564	0.758594209841416	0.718230493757935	0.733115150791663	0.801903030738653
0.878547988342447	0.86236332591845	0.609748039432375	0.777629516133332	0.740722162637213	0.734149062770965	0.854716872936368
1.05815889185144	1.04854246740316	0.666640587248377	0.91721081195089	0.885608551604747	0.91701413287706	0.870475801134292
0.630109077585658	0.634445526245399	0.61964891315419	0.661553826024668	0.629740789935582	0.625730127663223	0.840810161105012
0.810037850815084	0.823205587525807	0.628093728967682	0.720891119460606	0.697843037574753	0.696051332125017	0.867297932794476
0.551687812851432	0.543294748690842	0.580786294983102	0.586570483078443	0.591988525779385	0.593253486045772	0.763955753606011
0.551543212326315	0.531241846785134	0.585799247153016	0.598394598452447	0.58947841595205	0.593108800998507	0.777808041332472
0.873259713512545	0.886156091299779	0.601333817609387	0.759368216463061	0.748956401354411	0.724646620482734	0.801890700310526
0.549182906873859	0.557406459636624	0.597295512129201	0.615143392637893	0.591818795337883	0.599358941133345	0.793419559665515
0.91097926527444	0.88208071331905	0.587143585979324	0.778152353271545	0.746799457329136	0.742948284195082	0.741351479652137
0.990818419780652	0.995847001464725	0.628052833817695	0.886034830852839	0.873846323088642	0.853500148973209	0.815637494847198
0.733956654202452	0.724951433086236	0.604551249738007	0.690041151516573	0.64500473832983	0.669668470290951	0.828286338314724
0.959345771063597	0.960643751808996	0.629250583158327	0.843355664042338	0.808626477698609	0.821397960890145	0.802472108295665
0.892003452108356	0.870116715357088	0.651684162205486	0.794830543712498	0.733773209630058	0.745140287661248	0.93163354336268
0.791186749572017	0.772346008489139	0.628049927943528	0.732584609275468	0.709660344283371	0.701903030508459	0.913081679213507
0.887090803123498	0.901558246915556	0.607251600763364	0.768539129290022	0.74338410819156	0.723058800265178	0.782967316472919
0.918197293826774	0.891230392460939	0.64175406553985	0.794535241336555	0.746301288056616	0.740019898944237	0.892601985872004
0.858659576359835	0.856211274050842	0.587061782396623	0.748378658800418	0.725711358414618	0.704642219977129	0.744667177575593
0.945653786299753	0.946089730731754	0.619291647559079	0.809726531906698	0.817993141384992	0.808713825793983	0.795646137931414
0.593136642717748	0.596020480084874	0.58000268941693	0.615654541084875	0.597636766238105	0.601009197611933	0.78339873074915
0.933634614976346	0.94835696981568	0.610741163211702	0.816160016086214	0.811732472771161	0.8139258008253	0.779237773862536
0.79369693323873	0.751561015288273	0.667367430983023	0.75543384489837	0.719768914629712	0.727238450473244	1.02519657942181
1.02126200307079	1.02341326339494	0.680393359846086	0.877769300671545	0.831977985878227	0.826923236661937	0.973372238472175
0.741273111714092	0.750103139812336	0.635333340196052	0.691287214150849	0.666658091816828	0.671086727950855	0.837322491144934
0.710059890269343	0.710712304837277	0.67165131779627	0.726668643097103	0.705595332851136	0.711261355398446	1.01827314493159
0.950665627774944	0.933439004512228	0.619533673062548	0.869878679576841	0.848228888096022	0.831847640305761	0.786694868016515
0.750431114527348	0.742920128679111	0.61925259301079	0.718444268236709	0.669124755510781	0.682086317278938	0.868740373594605
0.87225910191039	0.875827061101448	0.619162716554953	0.766783021473171	0.736872771722007	0.749313412480197	0.855444790571461
0.85109334460863	0.857437491780773	0.609423964360827	0.743891097897084	0.733875393141596	0.71398646936846	0.806064484164502
0.82619954476535	0.844046260260882	0.561236293115098	0.717086397308926	0.697558772026599	0.694460133368341	0.694718050897849
0.80052500296593	0.809066794142096	0.607984771885899	0.724413696169053	0.703976331071714	0.703844767603726	0.808782562723958
0.989060941936268	0.990899065513251	0.641506299477939	0.876286211000493	0.830645508075237	0.856356779781931	0.833438913128862
0.704941106205865	0.664120859541447	0.65097408812156	0.707209707368198	0.687813904249924	0.690595648014174	0.964476784034869
0.566404598936755	0.560564532103158	0.591099815427641	0.58912133349871	0.587673217630024	0.593959484437494	0.76202664000376
0.670065151288068	0.676417789292059	0.592262840138156	0.68251409718432	0.630422565536043	0.626193050754119	0.807695741001779
0.873593964739446	0.879311989282862	0.629447216785049	0.745735166913478	0.738600931614119	0.720759469169134	0.83190728667759
1.02270151525915	1.0504570265904	0.629686874898783	0.912332373850471	0.868466711440179	0.864561480855398	0.855247637439336
0.885300734011329	0.879156413316064	0.5996446542439	0.806776961816962	0.801073098657141	0.797218589528741	0.740479085216221
0.923619493657383	0.918481547736317	0.613281696276948	0.796259259552896	0.765585582490479	0.749524002361923	0.817312326006406
0.673410889456768	0.679572540999056	0.558201067103971	0.625642214549797	0.596860917955925	0.600071324513907	0.685558657391456
0.564703972758484	0.566403732589889	0.613178540385265	0.644459508672331	0.639351218220778	0.621053239224987	0.854085599422896
0.67701046341295	0.656966040586942	0.551799563684354	0.634721219597687	0.595623569531171	0.596345599721934	0.698488042588295
0.83090020233541	0.836698230115141	0.619429917896582	0.745576739464898	0.701303445777224	0.72611132305096	0.8758336095812
0.924684046491558	0.912440106309099	0.620202259469561	0.80354188854226	0.743905545439308	0.782867633958998	0.855273547640908
0.85031777495692	0.845105661652377	0.62164288125377	0.750684669978736	0.713088183467197	0.716564311794529	0.868855819925827
0.921494493214044	0.912537232999744	0.607157118511855	0.807766723979952	0.776576161599559	0.794900418801363	0.784060142953898
0.735082373662918	0.717230006786671	0.60727876944844	0.693364145824028	0.638271556029328	0.669482289364382	0.802019201622951
1.03475546650352	1.04847713225856	0.642156640886371	0.938775770386183	0.91245608369565	0.913502959229854	0.850480538596635
1.03611312101367	1.05328588586609	0.6540212396963	0.959757584736569	0.921768645731182	0.932661202963942	0.873074670756731
0.573052775449862	0.576150803787043	0.557616141266904	0.603181056020027	0.590789412183853	0.586561137405695	0.721540353749532
0.651461929493217	0.6426161426946	0.563163232081648	0.638963712266232	0.612444192091588	0.604946106572342	0.714290234312103
0.941105979134303	0.952341628938707	0.623634779824517	0.794130672169587	0.781008968191335	0.78203196417709	0.847366962334498
0.776286661846198	0.798772900232224	0.65358836177147	0.761864127755818	0.726026998833968	0.725771395720133	0.980407835604122
0.727983234748904	0.741546289621066	0.616771725040846	0.699938739416376	0.657815607747667	0.669813812184421	0.81598196180101
0.727871942008881	0.743478408638793	0.598654873090739	0.69477039379669	0.671427332282412	0.660261899129233	0.824156938487634
0.650208920836014	0.649746290220959	0.584267641232576	0.620126760410818	0.634482264730823	0.634603184045852	0.766942539244309
0.772469222709299	0.763549531615546	0.63310013868848	0.714062243173031	0.692595040489729	0.685026329745084	0.858659901565889
1.05653389981697	1.03471482000973	0.644994793917361	0.917832103636786	0.876345772545192	0.908134278821026	0.875249655291199
0.824356490133195	0.817170062734472	0.584981983507778	0.814758747613786	0.815422859277295	0.812480873503068	0.724290909316864
0.910930309152679	0.949010841244356	0.653728244905206	0.972726332306202	1.00708642699023	0.985481674220285	0.860655051215469
0.643652310400966	0.637015964249193	0.667414817857593	0.692078504160787	0.681758377733151	0.669824348620671	0.941927572515591
1.00660981949962	0.9953832319145	0.642578842904072	0.872109318900683	0.832198255349342	0.844110251271645	0.859344171902058
0.649824787071286	0.652308392629084	0.624782926608459	0.667405900816064	0.645872565444253	0.643666878702699	0.872709474682567
0.737794129596122	0.754615300836087	0.634832553610366	0.699284825286409	0.670077969932212	0.675405825461064	0.88715142656734
0.728060888394443	0.696759959571213	0.570527068895812	0.662922653042403	0.625193002054508	0.642815059490252	0.74858054622414
0.955307429429832	0.966966017782257	0.647045945887263	0.829126563642943	0.77626213529618	0.805376706797871	0.90677537995676
0.895181379558717	0.875399454643451	0.610690662854522	0.859257538768775	0.880398538491494	0.867437928716798	0.772638510540302
0.529094105667221	0.55155756955686	0.578928951577563	0.58082167641438	0.587240607742329	0.580396789211504	0.7596480528898
0.842859054490783	0.832947137061015	0.568109492228227	0.74369068321925	0.743768584247027	0.726135184075533	0.695005010386726
0.649905666744412	0.631739276122675	0.601599008434843	0.633672030579595	0.627034949128272	0.620700293450739	0.762658442384484
0.644590698838106	0.624920802840727	0.601370648933196	0.659329285160669	0.634155517602054	0.634330657351536	0.82811316178733
0.758090733672569	0.78219672453358	0.601160782543488	0.799228842570137	0.817383925242342	0.827576463606922	0.719349961397533
0.614441591450665	0.606721447868623	0.562457888834441	0.615324581843875	0.602929296407244	0.587983807008854	0.690626279934577
0.879361984895896	0.886754545290846	0.596034136082879	0.761749162116652	0.733793708715618	0.730068042647498	0.776694424604428
1.03633991380286	1.02671392454336	0.632395508299722	0.887889619888347	0.863869769112619	0.84746340500181	0.869197713527861
0.881417856854195	0.882384672248244	0.618386823473371	0.762090166207711	0.753667922402685	0.742593603492831	0.818359738074538
0.963290604745179	0.960998270102407	0.625916277814576	0.830610390102991	0.802148426077254	0.818174033199863	0.806901052933149
0.848016528675664	0.836541748223006	0.651055089484128	0.758088792718119	0.727304352565669	0.718824792195689	0.924611127593289
0.658095610668229	0.651318414145378	0.640169641833927	0.693096833420812	0.660888164182551	0.644204553958781	0.878391211232725
0.965581620042606	0.952079096415876	0.619575979594611	0.824374558611306	0.805817617812842	0.791248647048397	0.807318047369262
0.693282585108255	0.668668119433765	0.608186540880874	0.685361355940572	0.651920903604624	0.653708084384245	0.827393337724797
0.603209939314083	0.601878557241915	0.649870011324144	0.669573794238813	0.653495394946672	0.669891020248832	0.93829164291112
0.824717100480119	0.85389458742973	0.582861207497315	0.730140252543549	0.700925382386864	0.687461618848003	0.736305791333237
0.949001262647529	0.920295560919761	0.612193249129652	0.819562026787322	0.771582439765325	0.756527789761376	0.814288418102944
0.736750304588973	0.725017300255769	0.602882199029015	0.698305121850286	0.657667344530426	0.667430257057179	0.784233499957774
0.551911833274798	0.563476976215552	0.576906411933451	0.62160138659824	0.610689901870962	0.602751067405944	0.800667437430822
0.614418815288235	0.650311900785078	0.595367593792469	0.63467363795763	0.631857171408171	0.617196425681983	0.791182870819827
1.02333199129659	1.03702930936704	0.647202817435059	0.900275245130294	0.880473812897738	0.876505814183561	0.856653551576802
1.02030875895437	1.00286443594407	0.647692840339125	0.864932987776624	0.803529218480533	0.825790693791606	0.904209762349208
0.608978492054006	0.608064226735213	0.628441265030216	0.651092777498508	0.650497888486993	0.646302721299649	0.897351636110748
0.795394270851858	0.823213976132875	0.595302911530329	0.712987899346169	0.709209749778508	0.708865515323405	0.796498820700373
0.927749254215092	0.91619765519976	0.656261345388691	0.989076964712912	0.973480479599797	0.973658346667413	0.862448861342272
0.919486982546838	0.901942358861364	0.620686454154814	0.792998547750057	0.765368480869001	0.764162249814453	0.830746622587589
0.800137051924595	0.828021599534707	0.589868189059452	0.724864633610861	0.686500817327573	0.693776620529367	0.761458554165018
0.969785085767759	0.978027056943227	0.653064380189851	0.840872633418431	0.817086528421673	0.793536055611398	0.921486761796596
0.949082721532012	0.914867677889577	0.649503946782508	0.810316430216405	0.781401314166124	0.76598662410701	0.919186348437776
0.967976289743671	1.00290893064943	0.677253876795969	0.856395435740724	0.815800907862352	0.813960552990716	0.950822846116503
0.873987931904746	0.880032962107811	0.585431349285299	0.775492302139429	0.774388722322902	0.776581841826295	0.722583852393423
0.989212387255176	1.00208470341497	0.660982969885642	0.931555118021651	0.932853043817056	0.940340544226325	0.837621685101071
0.607556087512096	0.608661380640435	0.582321582815484	0.634401303805615	0.609560247788799	0.596053550630339	0.746930263383768
0.628001159646207	0.617426945060387	0.610197539686611	0.667585533032843	0.630631247765304	0.63516085497166	0.855891750263855
0.589384281177439	0.615335587390432	0.617223584537776	0.651574064782938	0.623836368656452	0.636113969279456	0.837883320153272
0.908371542865425	0.907829484320977	0.627156344640902	0.843208458942924	0.843677948977741	0.855756608504884	0.77534008984047
0.517061394237133	0.534840981768611	0.543061093135835	0.582155607413396	0.560098030164525	0.569586158252929	0.688149195741828
0.73296909112216	0.711594070909431	0.558259843702151	0.642588945657018	0.64461943502132	0.628190206041418	0.706481866396909
0.473464875825882	0.479477507014785	0.503227171262286	0.51186365061351	0.507496603300769	0.502100825875403	0.599677071540854
0.893278493059522	0.887986690089143	0.606207616557115	0.777491951072295	0.749104852419542	0.728146170735713	0.799281411078041
0.631255619659926	0.643087231125568	0.629391159583585	0.674051262818088	0.656426892830621	0.628215018040426	0.87212598795824
0.886827985430258	0.883070538257537	0.635625944192003	0.769199226465389	0.750415779149597	0.750268483708015	0.855849634247771
0.650688758143186	0.681512002299573	0.6213872625121	0.675425116175109	0.66455525827135	0.651751569578163	0.851748450854762
0.558828413594629	0.548137458047859	0.574361839187637	0.595406500383993	0.582494606074726	0.606817716713866	0.758457782418863
0.852751958746235	0.843830019519769	0.644574867348273	0.77519010027028	0.750093750261688	0.750168494166295	0.925778353254224
1.00548381063672	0.996135944810349	0.646302387457501	0.953423691719357	0.931920714575057	0.948575239898134	0.842152403311377
0.910976606796675	0.895732867405307	0.659873081498705	0.80187105511814	0.782900442352258	0.747797544118455	0.941243592836079
0.800578510703356	0.803467218494105	0.590073685825001	0.720364294887805	0.682509407721777	0.676863345264294	0.791931988909639
0.712088247947356	0.708912034942678	0.550995364339092	0.680322011487642	0.687718232351411	0.7025206416682	0.629803935330021
0.633909905735067	0.632219185544923	0.587606468353064	0.641838566669082	0.617150767754191	0.636132286574113	0.776667740098107
0.842882989673976	0.849643889901529	0.579134417761369	0.745716289329217	0.719155062102752	0.712875364462787	0.737294915683604
0.799207741299227	0.780943512488897	0.618678728677472	0.702168855472042	0.686480400186952	0.686307146941101	0.804443582657204
0.744705744457391	0.732238386970502	0.604895637207558	0.660666606625076	0.637248019968293	0.64803810713161	0.757390980819023
0.523054285464411	0.539779145009162	0.562155980827964	0.585896358730772	0.564256189716603	0.56956504784514	0.706540814294857
1.05222435085082	1.03533011455213	0.663726555483114	0.882270211820616	0.832319876870502	0.845823709435421	0.9806504776738
0.627778811048543	0.637251493727797	0.63938235735415	0.648154455399752	0.642471275113415	0.649647460509102	0.872248928991989
0.678285858723447	0.695584628827475	0.646432674890431	0.712951757555191	0.694215455127275	0.678983249649518	0.957184773012737
0.891816053536731	0.890626872851055	0.594747252874279	0.769966552541613	0.735647243478164	0.750771881406096	0.764399084282528
0.690689618154129	0.691255209801013	0.584677912689505	0.669147512357029	0.641126529162369	0.640233769699609	0.781615771803963
0.743790127005923	0.74496412501261	0.62419815256387	0.709905642410795	0.698993021911325	0.677410620013298	0.853102925991772
1.12471855227327	1.09858507101618	0.659496869306659	0.975635963380751	0.931260732886748	0.942791567525119	0.938595063353312
0.969829451825545	0.982275845658643	0.625058674416019	0.84703356173261	0.821364804534666	0.822015129658122	0.821957470232516
0.85828310536952	0.863084983784946	0.608987152339785	0.771510265473905	0.739991740452477	0.716563204022859	0.803317666245083
0.849284416761651	0.856443984768525	0.634887322744471	0.775407863629811	0.745828869748273	0.728291360053934	0.891205833069473
0.93084897660589	0.940996877467587	0.659833213786944	0.836352592010449	0.804575183057506	0.787101830105883	0.946014347153512
0.841303946328343	0.828264316981016	0.610879490804415	0.748472347260727	0.694808974387478	0.700102154222722	0.818910017133969
0.841381752618987	0.831925452759007	0.594004317296623	0.73943817027207	0.702420597060036	0.703984201803306	0.771503172059737
0.793817046225303	0.811337585289562	0.67203988183428	0.783469170531245	0.708620570168904	0.741438970391025	0.974180044266905
0.861273590064933	0.861808006310865	0.592678603238101	0.74760028273794	0.728029255623589	0.748129666666591	0.790711414865262
0.91293505393762	0.90792327703454	0.622348245857871	0.817832796985268	0.801122229101309	0.799892388588002	0.766830701360241
1.13267116388434	1.12437074010251	0.68460079926851	1.03801615616982	1.05245222917384	1.06667551860803	0.938367342528093
0.694515476846449	0.681133888238723	0.639177881173809	0.674208960402565	0.667805902237387	0.667299549177171	0.89607055531809
1.0228439920547	1.00141651762907	0.679299590933753	0.882267648074919	0.831834803978441	0.808557914534726	1.0099206372228
0.903587848116834	0.92988786416338	0.614952931419017	0.78859497156055	0.780942073522379	0.751542089840061	0.815344974928129
0.832376345127298	0.850386860200259	0.624787794323089	0.747319998604693	0.702402433433528	0.717746911800067	0.856534964366082
0.763827245402343	0.75118000535974	0.611731546164843	0.729039931801338	0.681159135830547	0.664649927711567	0.821662775534036
0.814122384768822	0.828251085010005	0.624227710494264	0.736488998023274	0.699879685452284	0.698072001005986	0.841226487967999
1.05241064283171	1.05066358875144	0.660217929822499	0.886633804295376	0.866999934754967	0.845577593185153	0.897721447864223
0.658446693572022	0.676985005885385	0.642697241627095	0.692150274480674	0.666739760286047	0.671758751396748	0.910527038099082
0.988760256858688	1.00102773538673	0.644829154535437	0.845413977926425	0.785430603142547	0.792089468758495	0.934979036770353
1.01128636553787	0.995526599781119	0.655409105403967	0.899293629295979	0.824477719869345	0.815278136206741	0.968375453193986
0.944042914272102	0.933628591349922	0.595901116446425	0.819694708279099	0.829763504791217	0.805906786350042	0.775836942092964
0.684700672954633	0.691460537136577	0.670371646331211	0.703715482293568	0.682995305035696	0.690830871118126	0.944806935385464
1.02964830711028	1.03470262353154	0.653698273705907	0.896740549758986	0.844697625769185	0.863861930174268	0.87430264083451
0.849023394381122	0.871675127208106	0.593977592426959	0.741019849024084	0.727280526493556	0.744888627927235	0.733295971694479
0.667043412776621	0.662836000807988	0.593551880215868	0.652035737121117	0.635674820402581	0.606840468673624	0.782764567026923
0.873628245820719	0.876337536311702	0.651121775599018	0.787239450630949	0.744618298717437	0.721871239449763	0.935672931308877
0.734285823501925	0.723778974230067	0.604865028315615	0.677462278568025	0.651134821069777	0.664423139209101	0.78942638696666
0.549584822433675	0.560405709425431	0.589477273247648	0.603436887115364	0.596463472534496	0.589016257203817	0.782734364461298
0.703797603707347	0.700489335825478	0.584065087479294	0.649160139911249	0.631745804958897	0.645037431535226	0.784607023525859
0.666234034826857	0.681632600899349	0.611067921484306	0.687685643380477	0.650399168379967	0.662201003311589	0.814742077415387
0.901291358104636	0.905979287294558	0.628146511907352	0.787715624165926	0.778911156539421	0.752966262286838	0.880089338119739
0.971439132177803	0.975804063777088	0.626654674348374	0.834696243066698	0.840670176794487	0.823575476549166	0.806956347538796
0.763308420356332	0.746219220478205	0.596791036311367	0.68412050297298	0.649202932905238	0.677399614584302	0.775301504581984
0.8969091999017	0.914886719628345	0.614192662064041	0.799888105559227	0.782107946486568	0.772404265838584	0.765397581071666
0.827664985666742	0.835849199025315	0.580676978994401	0.712749806516052	0.706693850471402	0.702160888668237	0.710438226740373
0.905169717805628	0.926849702652423	0.61655295907161	0.812644838933349	0.785347086426744	0.773765309466746	0.801235254410262
0.685011536267668	0.648449463794881	0.622031867306603	0.666337699900757	0.654465232866081	0.646693008057761	0.874581506828749
0.771224325374974	0.753259808278337	0.592886392131815	0.690336959741397	0.672406839349687	0.653696507189168	0.756616859843683
0.561772644391481	0.550411337711863	0.571018595780722	0.593707228070754	0.566757105614245	0.58376066234229	0.718406754274651
0.566581983502636	0.565855567358644	0.554975061032777	0.575521330148588	0.577982503161548	0.570023865554994	0.680335655941841
0.914588535084478	0.909845786455892	0.639553024946393	0.803782010928496	0.764551110418202	0.788845185967761	0.880832784744789
0.806877653067507	0.804115286998636	0.633161284165314	0.757282571176318	0.731635897839598	0.719340590812622	0.917461981319387
0.887637239969389	0.880543915750913	0.599437175159215	0.769474917568769	0.766326357048168	0.735390508182654	0.791322446241741
0.959210747360487	0.953688995773154	0.626682800401542	0.905308811721931	0.88097005350201	0.844298023547636	0.800423359740399
0.789736555472705	0.784919100228401	0.652111765921944	0.744106537643553	0.692106885436813	0.721122686423142	0.924031838098853
1.17522925031302	1.17219861499199	0.681728068139959	1.06803682696241	1.05255777330875	1.04515578871315	0.971157134807783
0.759354739435139	0.735495500237067	0.654478487846815	0.719523235931188	0.709548513812613	0.701467686215772	0.948786614907657
0.766396350067008	0.782257642259318	0.597064304825279	0.708158029583138	0.681478348533908	0.694235967493761	0.817796254246721
0.849631786182973	0.837861077409547	0.586466067710469	0.735733128130931	0.724845141122336	0.712431925147802	0.763298743772181
0.890737990228915	0.895983874988776	0.635861889871105	0.789238318714412	0.742997532526426	0.753691812022335	0.892867969637838
0.561318863826849	0.560132369426112	0.600997060184089	0.603733467102568	0.602803251250792	0.617547378513602	0.799962103538884
0.88663187455645	0.880755738475071	0.596297767440322	0.755649913035897	0.716038595145923	0.730291070430603	0.757305710704975
0.736150252952824	0.7536286647642	0.628485405926978	0.707752031934094	0.688220290738552	0.680107997720129	0.887911993047138
0.555837828073048	0.539823737125996	0.585294355196968	0.603972691802091	0.599700448103404	0.57367548098117	0.754147564090923
0.856639077835715	0.847615421107156	0.59651018513862	0.736469376437647	0.705635112008724	0.70452010799379	0.766718447140363
1.09383484224064	1.11181617123889	0.676327639509011	0.956550316631433	0.883291728368518	0.912483026830053	0.993631139186842
0.660027303656491	0.666299421206126	0.61433691389747	0.668271433277625	0.666240598973987	0.653520323942172	0.847168751711042
0.721850367248956	0.688673159136702	0.64716505540542	0.715670602091564	0.665683112154668	0.685004441973994	0.92721131723057
0.632129580165063	0.661161909826759	0.598147365979659	0.637812873895558	0.634361419160385	0.629141562801934	0.788794903121566
0.604614988638536	0.610800599604573	0.63722465498548	0.665079683915451	0.658695812953376	0.651418590789917	0.922777144871088
0.915282548432761	0.915766615393249	0.643408097579719	0.932872121861192	0.9155527138415	0.924858200902873	0.817615033268821
0.912983896145695	0.909153806101503	0.598388108820406	0.800620819588129	0.761779156884706	0.738749422564394	0.790017802914917
1.04433168633479	1.04458153314999	0.663028879429064	1.00278574116322	0.988849060425596	0.997977931950107	0.883687816066221
0.85058709434592	0.842766213135638	0.582349607328448	0.77734421373133	0.775278828120694	0.763475542472307	0.714391190892375
0.926925545004951	0.924206218035051	0.612547407589924	0.781352220379134	0.746297148424515	0.768173050695758	0.804275833187391
0.613057483326619	0.584903850092606	0.55529589857613	0.619915983790614	0.594389512062115	0.589821048963816	0.716365650778827
0.953479146694364	0.956893149070657	0.614369793619966	0.809178447486719	0.77231203827975	0.789615118644531	0.808217096621622
0.901084622266842	0.903898492136601	0.605015544497545	0.841636664190561	0.812242377390805	0.813310486874773	0.753525902236808
0.980428433588028	0.989313667286213	0.613449319032937	0.846754254816063	0.843043228441331	0.834643992447955	0.831373968960331
0.798129643073454	0.787833845637476	0.575215786021857	0.70690768697493	0.6828121361665	0.677381234667871	0.744984935936142
0.904020702827174	0.875045299291861	0.63055357763627	0.780404827729608	0.752859469256389	0.729785166267563	0.85933711092295
1.06505147087057	1.05714003962664	0.651421182682194	0.932614833051082	0.920641511813454	0.919194479096009	0.86726307230273
0.57337881146634	0.598425194024019	0.616874978605465	0.630738843529984	0.611700155984203	0.640407373616391	0.861643988999224
0.805894799277268	0.817264863747914	0.591708230784923	0.708180802627845	0.686382309045342	0.677839215861814	0.739439844360923
0.950050880548221	0.97144092993217	0.626229569933843	0.816968135490791	0.77451867278889	0.801343203257035	0.840525566265877
0.9346347046325	0.919722770217515	0.635411229269096	0.809057678896624	0.769471881200713	0.774778029342275	0.857654755690073
0.834161080357578	0.837970228078683	0.602127260949381	0.730834441845988	0.685749247252147	0.707946805534195	0.756426167015037
0.912309198943043	0.915057432701743	0.616190812078444	0.773357896742333	0.762224892426377	0.744039358392843	0.827182425829718
0.671803210451974	0.675651495874032	0.602073315047264	0.679326718149594	0.649233200422411	0.642115059677135	0.813321749027798
0.573473204208316	0.58912028046611	0.609949009272345	0.662374240187654	0.650209488031719	0.636352132420782	0.86791886389175
0.574482425511585	0.591788785816361	0.628174264948065	0.658762946620056	0.631125721235438	0.645290787317983	0.868666171745244
0.796883877539123	0.777606311901045	0.618186128904863	0.720566596549185	0.689818343117187	0.690298517564856	0.812585292604159
0.777570033071084	0.768575707609273	0.582161587385419	0.685097920766061	0.673023477228331	0.663488184541481	0.763217117380649
0.705547273570672	0.713768200676989	0.623544452723084	0.685440715112343	0.655547535550171	0.665020086202121	0.841854219348347
0.843964362011558	0.850300753853455	0.617643382825837	0.758266891493657	0.736871314480414	0.720588609539882	0.844266388594
0.999880480378691	1.00121452045606	0.641874699357747	0.865515534068112	0.811557185617766	0.824312060926498	0.903103481180826
0.963135995571845	0.950517655968615	0.601780074444739	0.826752146194455	0.808765006009355	0.817818970642108	0.80688072149416
0.708407869818184	0.709442540350151	0.609969861397789	0.688859818535209	0.646286810395652	0.66983703348846	0.841652350324962
0.968321236964398	0.969011285604081	0.653152406073878	0.82797127355411	0.798991522143854	0.804732661045486	0.946272368351662
0.877282292738221	0.882465374685912	0.606125433206249	0.754082961053038	0.736647546362303	0.747904407858143	0.78380197498919
0.66024516655704	0.677600726063145	0.598185227136919	0.675877899632598	0.644853856933619	0.652800123076752	0.822146899310137
0.629507636961661	0.616903773984275	0.644799665537834	0.666864013013283	0.653640620429748	0.667291017243266	0.929997875689493
0.580002563621189	0.590236340815181	0.59329142336311	0.619597011859035	0.614907041400091	0.614697539996931	0.789304032853587
0.555002603122594	0.564277621014802	0.570186700879988	0.591002835775437	0.587627130668002	0.59434652774479	0.743504613583479
0.864879331038726	0.853863282622305	0.580360432431269	0.786901225530968	0.751150215325731	0.765701639803566	0.715840137832782
0.705811206240412	0.710395084212087	0.574990085431656	0.660860164955022	0.633533030441167	0.640329455589808	0.739623319230473
0.904457360857219	0.905658551529552	0.609076325680783	0.770448077756125	0.746432298822668	0.764663796102665	0.785031701290078
0.983663383969855	0.982582878522002	0.62857923338129	0.859759447400121	0.832029163338147	0.829983549336406	0.840189788901714
0.600861726011746	0.617961473863994	0.639391269567866	0.664210050742536	0.651330372559743	0.655918989188986	0.883190464517057
0.989856057390286	0.97459861076442	0.617155287844479	0.832815672686182	0.797014857155265	0.816785379071678	0.847311340990883
0.722097082457615	0.722779447869954	0.544824637332729	0.642782827419169	0.610298927368184	0.615110509824459	0.656772740809444
0.989842479038505	0.998912489358872	0.656327413675958	0.882033961622057	0.827185688884797	0.813341355623381	0.942312081054885
0.722397833424471	0.721633947624192	0.542572847186386	0.654497049821491	0.62439367145149	0.62170168215578	0.666327559921261
0.971341993455931	0.937321342029304	0.615546098442656	0.876278776055726	0.891856215812221	0.860452367579431	0.798420686581475
0.791877503883029	0.800870485594253	0.545784396671757	0.707611375866083	0.683617999464933	0.688500597568969	0.657544206543993
0.96079355921839	0.941272468489543	0.621164508513454	0.81836772957824	0.792521534072868	0.77807716225296	0.824649727239691
0.616464715167987	0.621548274063659	0.615871843456475	0.653612822934361	0.649621572628325	0.643022022744266	0.846921364992647
0.954896037158639	0.957668381450683	0.623857655620694	0.840468737785783	0.800063524615463	0.808597134393917	0.780583524555959
1.03523523773255	1.05006600047168	0.643350346094334	0.919007525883512	0.875811510020432	0.867746617073119	0.859471694558282
0.975768414063282	0.953684218463904	0.664891530540257	0.842334938319361	0.80669426257061	0.818125227617719	0.973324846622273
1.12435248523823	1.10042185570703	0.659949134237585	1.00231224131161	0.970184656238022	0.970485093556507	0.918907366015167
0.6758131812919	0.665334705287987	0.556804374823196	0.629611374492771	0.614017209380366	0.620804262198778	0.715811251771547
0.904083445837387	0.980141775245098	0.661563409112756	1.02109371326147	1.02502106598564	1.02062928205643	0.88425782951486
0.687143902775472	0.695598083991535	0.568392110724576	0.638997730314746	0.63600638685369	0.61886401913423	0.725709846539166
0.734141228762123	0.727613954629747	0.588534612677341	0.673706312242327	0.635257826639988	0.663851099843848	0.780872566400865
0.547406310104584	0.563718925117739	0.556000053848125	0.561860725377425	0.562949228654563	0.556859848481143	0.697340940603173
0.887849770536232	0.889289930711968	0.6222062712728	0.781470337936291	0.722187386939643	0.75719208950967	0.867452885009811
0.663588396764827	0.669016078758002	0.596046202004145	0.666275147971858	0.635914664997798	0.652830180557101	0.804894265760122
1.13257681073493	1.14654415547871	0.696699260356634	0.96105786917675	0.906180012570065	0.87860994070784	1.04421247059077
0.925433290020521	0.951385119074656	0.617641768089982	0.876774291071555	0.884274301420939	0.872981222408245	0.785305363377046
0.967056659570165	0.96816351533666	0.626109703448887	0.829652162511834	0.816650538693861	0.802757926705741	0.817886683658737
0.79895623359911	0.800646750987584	0.633071373720549	0.734610360070007	0.701355290520438	0.715470723051999	0.88364099317105
0.728633808846926	0.718465961856801	0.609964472869586	0.696635371356525	0.67725442253776	0.65408650297483	0.827658865273679
0.807018229791811	0.814235597662021	0.55877354978752	0.727634443502789	0.702982163875454	0.693304390255893	0.66906117626897
0.54892103765055	0.554652581476873	0.534936334652144	0.578705119484068	0.565818754044049	0.555290831084886	0.680615403907015
0.946430100925652	0.949074183940532	0.615387101918797	0.828971495044385	0.783776839063076	0.794915165960094	0.820929774652968
0.827224190778718	0.825464816060353	0.616193028801238	0.72815358153665	0.702492836948044	0.690975913960396	0.803140118541581
0.980952912825158	0.973494709024384	0.68651039063099	0.835611473536137	0.811006296010535	0.804861744129965	1.01982255979471
0.652248369359638	0.642939038233106	0.587675790968858	0.63735111406363	0.636887294794595	0.624511997468105	0.779324248521768
0.756869003274682	0.772373067904489	0.633560278536457	0.709572765087351	0.696652245164489	0.686732873571985	0.894982833148991
0.976194152871127	0.996934613750433	0.632312369018494	0.847240285194324	0.815161183535018	0.835062122862057	0.832957183520869
0.861679902621545	0.850866818647934	0.643945512720915	0.788870052418725	0.74472072197253	0.743060881327113	0.903227831446366
0.808008821888294	0.766067296855873	0.630372410090925	0.731930223552699	0.6843556819794	0.701064878875029	0.856122210847512
0.918092678146201	0.932362117891014	0.645277785865538	0.813300832315944	0.770867358885708	0.780629335128654	0.911209031796807
0.748902205149648	0.754102795774416	0.606712189600703	0.701069320762682	0.677462963047669	0.70038834034974	0.867836692750505
0.677681067826044	0.663670071527448	0.590746812180507	0.667830537832155	0.655243166064704	0.645794642770359	0.789117385367953
0.549201385223353	0.557840690751584	0.591089293414406	0.595959473347574	0.580352843122237	0.591875239122237	0.778636807444569
0.939019626031931	0.964694124924014	0.63960946255115	0.810962390975777	0.765882078998915	0.796835032519375	0.863427399737635
0.828279860260402	0.806546467557473	0.60634867486896	0.721140698584618	0.695051987594951	0.690326443721799	0.800376024413273
0.978494213914007	0.988828544903126	0.63617226134616	0.857934648544344	0.826219467170772	0.83727702384779	0.895859837151615
0.860994036261175	0.881704032165925	0.643041937627164	0.769449991342664	0.715938363425682	0.748224564278231	0.891275960541367
0.847130876873854	0.851950124297727	0.621076356369521	0.750635595318119	0.712717675307255	0.74678417147247	0.82995986283788
0.940288201555318	0.937289839770978	0.617060496813046	0.818651452772869	0.783581284398754	0.804005780340523	0.787779601556338
1.05697268353044	1.07471592880655	0.642254990911964	0.918666155010696	0.903228252701717	0.889749524086463	0.880379954302978
0.695485076836779	0.681851677244866	0.65065687303456	0.716850909647744	0.68154109324386	0.696345651772042	0.959023445290133
0.77825513998109	0.768693152872067	0.607213298477545	0.689653242093149	0.68941760608453	0.679414073393523	0.819943529984878
1.07084437201658	1.07333417100435	0.65955588264746	0.898750048711008	0.870265222809823	0.879822091446548	0.932032449208971
0.890249861030009	0.913208768266103	0.619532229891203	0.774778743763701	0.74304458880895	0.75871226596452	0.845819320640944
0.801056703542567	0.796972399574371	0.644640882262161	0.732774812162055	0.688545504689771	0.696416774128027	0.857315258628942
0.846538431203858	0.876950837431582	0.605829173776996	0.788087223894086	0.790347752338232	0.796612877638834	0.728150492977115
0.57668648340918	0.56511734560263	0.598027052068289	0.628085060442687	0.619260124378693	0.617106934297248	0.813478796088081
0.667660005372375	0.672290722034834	0.634842555377723	0.689857679223117	0.678833206113017	0.663126988660567	0.891538720834638
0.871284672797859	0.877178696285243	0.631809111402882	0.777661839738166	0.756297192845893	0.752796989667405	0.904535023399647
0.696828962505633	0.698008708034317	0.576362159164957	0.644196444540804	0.641982622977838	0.626996993881834	0.751991618298845
0.67068947113813	0.670016907071482	0.627477402089129	0.658174681497371	0.649926464717008	0.655661477703959	0.834380791491348
0.85608006082633	0.851432038801484	0.636290991393121	0.776480953610897	0.764563673602821	0.738080966824442	0.908417324134601
1.09931536169754	1.10129014257855	0.664780977560371	0.937865440987551	0.88050569088279	0.882947644283136	0.935298493432153
0.798909437820852	0.780994426418837	0.615940629668938	0.715310306763439	0.701541192666087	0.688261382550716	0.822366994663565
0.710358642035622	0.691140103760207	0.588563468505889	0.653631861240764	0.640530928423117	0.636433924702647	0.764459336733571
1.02093585897382	1.0246846554341	0.62987378721667	0.895684160545864	0.87821472813386	0.869028894943275	0.857713390073436
1.14586716514835	1.1634150017482	0.668381902125682	1.0343359240835	0.968289917129209	0.984410042238484	0.946193146962974
0.731442394859335	0.698637404322832	0.596451985636157	0.667780192348904	0.676713715182166	0.674004864685007	0.796626799587747
0.788568224321825	0.775317053439556	0.644883366197946	0.720683371537101	0.708661479875501	0.717957214309607	0.897250843689593
0.788880153385364	0.775622452131963	0.672979219728602	0.753628446047171	0.725937455844519	0.720109675447661	0.96397884693001
0.604973095838738	0.571632459789719	0.583117796145068	0.6114864153879	0.618463347742743	0.614422621924842	0.784689631725293
0.919225217202486	0.924132055177147	0.61872983117173	0.793602970958935	0.764415497255762	0.784773985715577	0.839882658254259
0.957704204455528	0.972078558512391	0.683466036197888	0.860556664103775	0.801512655496816	0.765577334443987	1.02483697865081
0.645799629715164	0.642346282586277	0.554278802481497	0.616029463560603	0.599305881493998	0.613661429936562	0.689140175860963
0.778750310658975	0.798795467089096	0.619701843282217	0.706323138768927	0.702831081734532	0.690318975136366	0.821688087406697
0.642833877904002	0.640768999212717	0.651616982714034	0.662594408762333	0.664201367877176	0.659517873572469	0.883523671557753
0.694345068392303	0.668000524245887	0.590494958111872	0.663392764096652	0.650316351354762	0.629219304702472	0.783380152355597
1.04994014678592	1.04980153921847	0.645145870702987	0.906946285929525	0.913519807665236	0.893996216287626	0.856036830864292
0.854692405678712	0.891773969758427	0.59445846227092	0.75484900107775	0.721958643266763	0.734979363067232	0.776740154570203
0.650852893916137	0.648466747862933	0.662495056501551	0.710578120189666	0.68669171906358	0.683610930178423	0.952347073530285
0.653415568001552	0.652850721011704	0.637878831649496	0.669098304189624	0.663753017047765	0.647259402526691	0.887243948568423
0.547400508933684	0.543815433227174	0.59379149922997	0.603030912370812	0.619807545963222	0.60808900600342	0.820452546619358
0.879126673807581	0.863229168410322	0.586668621662198	0.780304097242281	0.769262644531118	0.76532094935415	0.727185338142684
1.00090949386313	1.01064377758415	0.636307216106697	0.923146388320908	0.901770837905916	0.888117790013877	0.829010075196007
0.719395113664087	0.726472651265048	0.562873354591302	0.649025402221299	0.611600425113043	0.628143509412835	0.698562280225716
0.846806741126191	0.855024953534719	0.612331342594964	0.749421873911194	0.729254588858097	0.719062922610228	0.80123006651681
0.938867643059019	0.92759840812432	0.655695168873032	0.801791349126129	0.775660242500256	0.800632483344695	0.909772540532056
0.934316046371352	0.919135050747861	0.608630534031564	0.812794607719396	0.770474959849356	0.791506892230316	0.766367684969933
0.625547073170252	0.614499101314736	0.636369675376563	0.655851852393453	0.654733099081187	0.660102020769582	0.891054010084672
0.603321950824792	0.572544534405227	0.624145914450704	0.64446396611574	0.6491023470424	0.638511521145215	0.860774900781491
0.850245078501124	0.855517521831383	0.592501970032406	0.733389598336883	0.711764343563712	0.728111850248376	0.73417557334475
0.866422384038361	0.875344739911499	0.590795803557729	0.837766111216227	0.793113402576099	0.806936262594265	0.745924020546038
0.842108094574386	0.836888705514479	0.638599735137912	0.75321048245154	0.740241263247596	0.735469236620595	0.915000905518202
0.841425792463578	0.85659415640917	0.594599683202683	0.733642948473893	0.718887717298365	0.715193751286582	0.744992230927088
0.731324659147381	0.721724700071554	0.574462671945013	0.666506292973479	0.64457046320035	0.643459243463765	0.731437962461738
0.870208331481699	0.842632334775091	0.662546232217045	0.926678146338657	0.971094008747997	0.95289920470098	0.830820806838249
0.557155434902872	0.553788190698752	0.587994606278116	0.607979960974769	0.61261741615508	0.614320575438787	0.795820881655475
0.951309321944655	0.934296961449776	0.623956710013308	0.818615108948535	0.789751521125011	0.803034333968392	0.788990394403574
0.660518064763097	0.650059328856013	0.603469126825066	0.66010206077096	0.645033231791842	0.648995238380597	0.810893465895275
0.897186969874121	0.889138463130586	0.593910951520574	0.797860443376488	0.790254092479229	0.779115706286305	0.743125554167748
0.648248003343736	0.630200790870442	0.620110465016878	0.69633612986504	0.652612377974798	0.66006133650375	0.882907612531922
0.625259262652491	0.596547851019012	0.589273549428163	0.628762649510332	0.624629332970281	0.628477011508977	0.784413074915757
0.991506757274759	0.966063855710602	0.655872591441969	0.846363060764847	0.812438296806701	0.809516201862659	0.864071732362866
0.675297652315841	0.655883883678393	0.530482160118231	0.595001422007483	0.595061846988414	0.602697307333233	0.637388550340047
0.572969879620487	0.571123979473199	0.586706049069919	0.62477079759115	0.601598105255544	0.594965878988372	0.794273389870825
1.01015678200764	1.00069237311256	0.677277851118811	0.886400847800101	0.829384267622499	0.823132118706235	1.01783589388632
0.939036833340833	0.959487514878987	0.654923791642813	0.828930731709134	0.787086485122476	0.7834128432815	0.920648114057759
0.789287469367176	0.788782137088982	0.580390506096243	0.706454919492406	0.68510674985524	0.680061511466954	0.747059299245654
1.01944131373524	1.01652389346396	0.638953303107597	0.914011101120762	0.883738385768052	0.890823237538346	0.840826466785866
0.797350107290809	0.819511812946014	0.588417319205509	0.708822031114386	0.6974072893121	0.701230833447059	0.753495534298598
0.697129870411052	0.682678988983445	0.592292334128898	0.683978498831464	0.645526175713757	0.635509036019813	0.791178451297732
1.24634711213923	1.23721496329789	0.686083467676473	1.10097220168005	1.02901485251614	1.04303433640119	1.05202209161826
0.521723359818087	0.503111036553252	0.513768687143112	0.528650526613479	0.522367377230194	0.521321571207507	0.605377448789449
0.959012995192985	0.965218786250437	0.627132757817503	0.842173612008359	0.817103619216364	0.83607874475008	0.803232166842903
0.617838660686141	0.585277735715322	0.555211800672242	0.609004572240821	0.608708110417232	0.602809429323168	0.710757664136178
0.665225821174075	0.681191433496246	0.558733339789574	0.631955135602507	0.606700525612256	0.617436373737381	0.71318507867231
0.883727235618506	0.865192939413481	0.581288405555858	0.756214206809088	0.731266228773482	0.737183197816747	0.764052486854433
0.949655607069964	0.936230558416204	0.634220608839019	0.821600809791132	0.791421284474132	0.782560402340349	0.813786540425436
1.16810164242744	1.20832937499729	0.696471661258489	1.0141360239146	0.957036915132054	0.948939159491666	1.0193050967471
0.952046164755948	0.937523008469496	0.615225512537574	0.8342609156197	0.794423786281228	0.789006904035341	0.794350630907363
0.977081162524756	0.985974321025253	0.64368408440336	0.824826686033551	0.800287583540865	0.796733306527219	0.863791111865077
0.761260003728836	0.750851477747691	0.533535719844094	0.679056898796797	0.658352305671724	0.650587511235358	0.632853120474555
0.607296493404307	0.597180675369568	0.64417404203126	0.668967664032425	0.646841226677564	0.664373948292282	0.901556643778496
0.7009789893849	0.678512786306167	0.613733019065605	0.66602651119549	0.655397194145395	0.642519004838757	0.825790728941469
0.571062267551805	0.57423750063161	0.602191402760008	0.611263671493028	0.608204486347657	0.618775582805086	0.814351929157462
0.944126667757489	0.939498232303289	0.630519308590728	0.801658044928683	0.776912288155865	0.768659691127406	0.826987761558495
0.950436313433982	0.941085926543883	0.630431807489916	0.81019629042775	0.765790863866856	0.779648768516319	0.830795225468217
0.989679520295741	0.993144990527461	0.644750717657226	0.847452436639266	0.814672528504181	0.825074886117289	0.894442215345054
0.604324067505923	0.611651010869663	0.551946871727019	0.591092917457071	0.579370245869974	0.589191274217001	0.691677055860372
0.674232809582816	0.665541510716613	0.631704432301737	0.675491160991228	0.66459779827078	0.658624020833616	0.838811841626247
0.789705278552431	0.80390249878214	0.567504275317628	0.692996151153238	0.678182450515645	0.67586030993053	0.708914678147008
0.852590124321475	0.863892167755343	0.65248793528084	0.789815890147693	0.732211574303287	0.745810978932482	0.906952923672971
0.822079020341891	0.816863676395869	0.619909047798538	0.705584984397434	0.707629789895671	0.709846516078672	0.801013885823112
1.00013060432064	0.98124462769399	0.653920669141808	0.848259261014495	0.803153645907428	0.79394377399723	0.896739080194745
0.584990369660981	0.58676328080814	0.597286245411297	0.632334715245925	0.605571745631377	0.598020656159998	0.799483964815212
0.744366373863625	0.722897714488044	0.626936035200568	0.692829720017448	0.672654291459594	0.666117495622687	0.855229845560349
0.905104155286804	0.880950852178573	0.643146712774859	0.782926382339422	0.726104596455287	0.757578409726862	0.892266033378561
0.938803903046022	0.957413732792868	0.627800980961845	0.819916617102652	0.776744070334981	0.773847318888792	0.858110652254439
0.877533818328839	0.876959705414895	0.602995433257502	0.753387956464427	0.758256017848065	0.75718475990967	0.749475471899686
0.475233357929999	0.47795769708767	0.515925244026957	0.52688848080478	0.521407786648804	0.520393864214368	0.615331758265108
0.839281327071773	0.867300723787863	0.596339693836166	0.743644600723604	0.7166574049233	0.727785948099727	0.775378441654261
0.578588834165303	0.570493123021101	0.612673983156055	0.642415486601228	0.604988804959897	0.612037457362415	0.821621274485176
0.813369566123188	0.798054171177323	0.617314214183595	0.72809859510132	0.714389357163598	0.689749910876952	0.827497262276211
0.584892845821197	0.612275697708437	0.617202236593181	0.638675092465566	0.61493745314852	0.648921342153692	0.86620319821606
0.937971543584501	0.978814018528117	0.653171221372899	0.811298430384463	0.796569585721014	0.789032194628375	0.965490889048742
0.554775183054963	0.550639296903208	0.60501309264051	0.619681132368021	0.620335519554911	0.614716838597753	0.827991194005021
0.856455753267365	0.861314040576204	0.634369445412766	0.77380466561645	0.737719496665735	0.73755394560809	0.881325508847854
0.540996455501574	0.545983070553225	0.560429836629273	0.588466082000755	0.566773680674614	0.589849304738841	0.728335161940933
0.79992478127769	0.799744278053283	0.620160385517831	0.826170512907996	0.842561243368557	0.836122191407581	0.740716543511606
0.82563911073732	0.822482287463371	0.576279931257561	0.728724442140346	0.687199727298913	0.70914196022265	0.745493438944653
0.785153366308024	0.761105257831095	0.636394501674878	0.713312920956537	0.696482605301103	0.686721713901129	0.884481053094196
0.618882178315404	0.617205353257246	0.636777941902291	0.697036263492439	0.663467947439969	0.659322582106211	0.929018291070399
1.103179110375	1.09407533738659	0.655797581308719	0.934726838247114	0.909351674815281	0.917058647973233	0.911624304579475
0.892622216950025	0.880646611480468	0.585714662599738	0.814992871426406	0.786179992987798	0.790652355776742	0.739956791673715
0.997082828394242	0.95640986100035	0.658965974989923	0.83778240398234	0.79759438187841	0.792625459384711	0.951948007585712
0.874635224307878	0.863359379820966	0.627607803298979	0.778292061546883	0.730898352003859	0.736236859713778	0.844660927713945
0.595470075954195	0.613027024688631	0.599520926453953	0.628855377753994	0.638379626473419	0.635283111284799	0.844565049771522
1.02917654222033	1.02630894923781	0.649746431651793	0.887781734692461	0.85498363203769	0.849776760425424	0.866380035892298
0.868640548730199	0.86025364380406	0.583766164575393	0.753277296792688	0.721146950937097	0.732490658831645	0.734958644676755
1.08377223784301	1.09760013192433	0.66637530294136	0.953273738968714	0.884230227653275	0.927577487348831	0.923887718195006
0.820191335029082	0.824005151676779	0.62150220882903	0.73419593060045	0.720758200415472	0.706367387727981	0.85403418553345
0.669285783919397	0.650414321980447	0.608574550888661	0.682745879197468	0.648078735077682	0.653374446156782	0.843361348105889
0.787352466905374	0.787187513456694	0.607884224409372	0.701626993704834	0.676986725682146	0.695923313294946	0.779092089065568
1.02913730956941	1.04696127499924	0.646788475012249	0.894958845495427	0.86773047362735	0.85558480080597	0.870122286990392
0.715180441380858	0.734055392275345	0.574764795416168	0.64276972782898	0.625350790075421	0.637617146640511	0.728012575656224
0.712202998226694	0.71058852927989	0.594316122826813	0.665830845250821	0.656510013005002	0.661967737480075	0.801287764978128
0.704343829337684	0.692411476998591	0.60735591416842	0.672513371924928	0.640555436939657	0.652303355301652	0.795856201964492
0.94585520847348	0.930330777482465	0.612920735476004	0.832054867155564	0.82201536234893	0.811880480840488	0.788787685540756
0.600187374882649	0.604278043861148	0.594774750771679	0.625254035728311	0.607292763674738	0.601289469712447	0.782472003400505
0.631416176161371	0.631162917639824	0.657793747430033	0.711399176555658	0.683996474061904	0.67145755451005	0.981396876215274
0.676457468616449	0.680911711123208	0.604823923210948	0.678104713297075	0.65921402967614	0.65519357731686	0.817383489770787
0.843729895420948	0.817428756993554	0.564224643716294	0.733376009452556	0.706173862012764	0.711525514168152	0.697080389925744
1.01495056323446	1.00375139592002	0.628469200279223	0.897392224741619	0.880643182962183	0.890216233781522	0.831168766293396
0.865693565482954	0.845293738233463	0.656437930693854	0.782344234337923	0.755991520236251	0.767696240950083	0.951450307878069
0.73367235769715	0.735329066095455	0.536670612691295	0.641864587435421	0.614472190554187	0.620659535748022	0.622349326984529
0.844986223463002	0.845540485346848	0.603146071400896	0.740504651255161	0.695584086157189	0.719774637728037	0.758598755720492
0.873856225881391	0.851992200452354	0.585096073964312	0.735269317267208	0.70528067159807	0.732888652550148	0.725903317925479
0.874467071381836	0.880863741554691	0.604742510375465	0.761298346668062	0.736081621234362	0.735932808938243	0.827139229640131
0.879802935707617	0.882295929812141	0.632484771076326	0.782086130601506	0.736267373959375	0.747549599049992	0.899020038850616
0.811497693162773	0.837026911450713	0.594172218302484	0.737013059618223	0.693559111304887	0.708060690231583	0.772545799781405
0.79859864561518	0.809668503023868	0.566862051960399	0.717692307887337	0.685979096444815	0.694426706495462	0.698139747496364
0.610203235094357	0.596390471865556	0.598423966306409	0.624770281639917	0.591466458105978	0.603866910539702	0.76717775330387
0.954133878888242	0.963524983258738	0.633377732264642	0.847057744778716	0.807315011822218	0.822276837149383	0.8559397302537
0.654985098142419	0.665421870539712	0.589370088476922	0.656554485964904	0.635276452083034	0.638867022874408	0.775985587080604
0.854282910399365	0.830141503343746	0.640033566837479	0.766231418496068	0.71611411727154	0.734718663692456	0.875818418354351
0.682448855982569	0.695389636827957	0.586376784524364	0.666010183167016	0.637001400692118	0.64104809126458	0.786784085484661
1.02666030150331	1.03686474251589	0.639275627579714	0.911144291209418	0.866144865780844	0.870445926589698	0.856769600472798
0.622602090249505	0.625003669929029	0.561217386002124	0.621968574833796	0.607321408613924	0.601948902911622	0.760473005095226
0.759067404868938	0.772806584934854	0.61268266893225	0.720055713147711	0.675241504011692	0.679341380443756	0.803523826009796
0.893263312508838	0.888449242203244	0.595766050896332	0.770163523695335	0.753419020429102	0.767878539366486	0.779044479664921
0.775854032436598	0.790600715251116	0.545169590755429	0.667659629905885	0.673794877871678	0.667645032396654	0.661232995844002
0.521201179251201	0.504488228460255	0.557231660793755	0.573984575572817	0.564835277366406	0.546358152764803	0.714029567703756
1.12268189554928	1.13026487325772	0.672239969488339	0.968833528081069	0.910180600239038	0.937609385251744	0.947314829308291
0.948280135712078	0.969796480448092	0.617239844175432	0.843710090245276	0.802914268748385	0.809047807848711	0.795529493841482
0.807282500642671	0.801352147405592	0.629311777344969	0.737857428150192	0.707228695732982	0.72750013843118	0.897882143104438
0.631514109798731	0.642639604123415	0.615903574351965	0.655083066818657	0.632560988485714	0.618500007063757	0.837359453793706
1.06081114940333	1.0594494787591	0.648846510478466	0.94549373545117	0.915528277488804	0.874795111669311	0.885145542196634
0.561961343668807	0.541784847670654	0.57046196758111	0.593916245910829	0.599954822475577	0.600068023076325	0.780660010447567
0.822674920636965	0.820247822358589	0.599762966728571	0.710868168262058	0.694735472510542	0.706583214092897	0.758208034923474
0.602066078876463	0.617730677003297	0.581768069805621	0.634849792001959	0.615097417403535	0.625683386290188	0.780980333011239
0.975776989339822	0.990797963894315	0.621401917228341	0.907126754233002	0.89284497113395	0.9268532045566	0.819902905066449
0.843309532919515	0.846918820823945	0.645189795992057	0.750923674421551	0.705381902345427	0.714284315563618	0.840732444390577
1.05432705932302	1.07244088310103	0.660544971565291	0.919712484644497	0.865182049083484	0.879950520470307	0.895726744451469
0.751021911475697	0.735346069694924	0.596915263504875	0.704501705373915	0.668863251935013	0.656777752975932	0.841211616997124
0.747980312209251	0.735117992196948	0.560408849669917	0.66883476657679	0.630364316147122	0.654313034611864	0.735251525906634
0.763046034406698	0.767378124084995	0.602536183051803	0.695261013432824	0.682292867974734	0.640977091042305	0.76943058126839
0.630796327620174	0.608543317470711	0.607264286641141	0.66317266463718	0.64455888369161	0.649666317744926	0.848825085847807
0.62839702298147	0.613368453990683	0.568550802581803	0.609107072664175	0.601940301013444	0.602982888018115	0.714500703646553
0.880353100511588	0.888000552490382	0.592459944626299	0.815325195451563	0.789248464520518	0.797453747583964	0.737346653384604
1.0428115347639	1.03613302582861	0.674902735779302	0.908852510602957	0.834588501089514	0.842950837439919	0.993104987365351
0.648050299060355	0.606538912254383	0.602953519862282	0.652555265243178	0.625731288668834	0.618948041705057	0.801375618392817
1.04833850863179	1.05136981134029	0.656688490259658	0.931607614712774	0.947932291846771	0.957004438202625	0.868346014784046
0.605246863196923	0.630327321950272	0.6433503637512	0.684323742591841	0.658262979587977	0.669062794359641	0.907246545117554
0.917031795271928	0.922913836257116	0.591186413315878	0.800917098290747	0.77198907549317	0.773222211026271	0.752228570044961
0.792666128472478	0.789005330912642	0.585672223529402	0.709397174193256	0.681905245389834	0.682551199988514	0.736694401078694
0.66408189054082	0.676130618007619	0.632951216922437	0.669770231934972	0.685096926506013	0.644769847312456	0.883658001277317
0.65223736205346	0.631894962091987	0.647986408476049	0.681226621574819	0.670662068787484	0.676236353122072	0.954306739919758
0.989824087982815	0.996161703782354	0.636433005317961	0.89564714639933	0.841095558231994	0.841396812780598	0.832471087015869
0.825017977583396	0.812209781452249	0.569304312864041	0.717707126619694	0.693097176760568	0.696514059967127	0.715299145950353
0.82725570827426	0.836612872330949	0.570777578656295	0.71588338645113	0.701000273354131	0.715341944120191	0.708007779733267
0.79199732788891	0.803813483681346	0.661071246952981	0.741178095999495	0.739764379498424	0.724637682659727	0.980335140698626
0.689477771043111	0.673235456726864	0.563731662313143	0.649767678696018	0.623328319888496	0.605546147062022	0.720218535078375
0.894183792805478	0.892915646275472	0.597136106982884	0.770613711159813	0.738389581943903	0.737953293702784	0.799656322055389
0.8366015731861	0.843894240769575	0.614755594442447	0.741590252117381	0.703360489224537	0.708056269730978	0.870769985308373
0.94193420606122	0.945761426537489	0.605481520538797	0.81259524674383	0.783134209200303	0.788905708476002	0.796925247337469
0.818024682953146	0.815868425254581	0.588141749461901	0.767041508355021	0.755952032186978	0.753878240736276	0.697179177827262
0.899544832379206	0.891462338480964	0.647980052314448	0.782618312671647	0.743373517656166	0.738568907757424	0.938546418374953
0.90412192785198	0.941628320477209	0.686052085319927	0.834356451534118	0.786384285140465	0.787684526624253	1.0317491510497
0.87838264116584	0.877203158672555	0.589074017585229	0.777016437288147	0.759267992424963	0.748536901530723	0.734403144908884
0.832500319010388	0.82545865901841	0.658699868532791	0.781501097479913	0.720537609756272	0.726910596179767	0.928835717808249
0.834522837310707	0.847400359506735	0.659404588239186	0.771477887225447	0.728815905073573	0.753613287450822	0.945826021527111
0.764059601925598	0.772073674719066	0.633144520306164	0.747053551867295	0.710831324612576	0.710857847129621	0.922658917154461
0.910964764669494	0.929986604428585	0.609520550364274	0.804215094704498	0.765106488064938	0.753195806631167	0.834253790384747
0.866213024908506	0.871492934840973	0.613666277317986	0.747819233139701	0.719100886501459	0.739641059835541	0.788057567699357
0.518865130963533	0.516693695715863	0.551448654478731	0.573066896014459	0.559134001804897	0.563296587417503	0.706549426783178
0.724314205422604	0.73117955055422	0.627201159501492	0.705194524632692	0.662911170215622	0.656464914173124	0.84456086907454
0.953977286906332	0.937112756922339	0.611208711933701	0.813809347160466	0.773441552388338	0.784652823414925	0.829306760441943
0.555751546395649	0.570578615020167	0.599784502719729	0.627797473785766	0.597534063188234	0.589834395625688	0.790611828010877
0.936659787341637	0.926272915818201	0.668256880515136	0.798804290994954	0.769696712695372	0.768528383682875	0.93629618229967
0.727668097076962	0.750750902701151	0.600315697627414	0.678643355321732	0.679385855995425	0.663283116420495	0.801229422437032
0.960385454328822	0.948055021123726	0.618487957125956	0.842401268840208	0.839310495294644	0.832257646884427	0.798383717300305
0.744985450442359	0.728914937187894	0.601679272937944	0.65516788335642	0.653469988919147	0.661872530087416	0.808966342032018
0.875799751656376	0.863881936701333	0.588308658531912	0.765524415412613	0.744088371854583	0.730586226007131	0.736762544372558
0.648525606608656	0.629830442261673	0.637778703942882	0.67028893360736	0.659335508791481	0.677314572355308	0.907720586550204
0.941424304935612	0.947557244106233	0.608993217930472	0.820627303196122	0.80431765666156	0.800471856668838	0.795603869340927
0.874262479146617	0.880423618399501	0.603878123956324	0.764445722048198	0.730910282460547	0.748149750659508	0.785209292722048
0.729482997691442	0.78192299016156	0.602093328510912	0.704295461860957	0.660119416721206	0.67043541687467	0.796378530728253
0.907109266340393	0.872916017807955	0.657175738297132	0.781841830478877	0.734701958770803	0.740147122459817	0.920057408358507
0.793172452267883	0.798107619007254	0.584968423414203	0.721517701105626	0.68424276398379	0.685070935977616	0.77204486831141
0.73080403991503	0.75419136996355	0.616947306781489	0.693198159490991	0.651609650607555	0.67375789819174	0.850889002113661
0.681782052001297	0.68381426738818	0.547586519090108	0.626755517145161	0.610776640749948	0.600554411349331	0.686185542123926
0.871679459997344	0.871437142172938	0.586706797562521	0.772444256681762	0.754454630468537	0.7640019494664	0.721433043192241
0.553349160758146	0.558521336682576	0.567619192193554	0.589045222062251	0.581322198866733	0.581647529085562	0.720648972082865
0.59176188784296	0.626566907966346	0.648749133247726	0.674007872607701	0.666539335891229	0.680324726188845	0.933218725836776
0.602153776501612	0.599059522285995	0.605581055362162	0.660185128533005	0.634965211965444	0.636622188941246	0.843180364974582
0.619204946307426	0.640904013162681	0.616100151264144	0.650321176359822	0.624825000231368	0.630888927695439	0.806236772902565
0.988372261442434	0.978989935029098	0.652031721877334	0.843862746367162	0.802384526855582	0.805888097028648	0.947822374688755
1.01401954459817	1.01547194359799	0.649750977113296	0.886689659949681	0.849339874338115	0.839246634627696	0.889950120471701
0.999830605108941	0.993773811362719	0.622941263924289	0.927983800973662	0.876434919661164	0.879249822785515	0.8215172003841
0.756871931910766	0.751389974651832	0.641751970077665	0.730688207647185	0.706058398581971	0.702700721232744	0.888323171050752
0.683818846852012	0.686807467520641	0.605252883845423	0.672356190379126	0.646174275123909	0.652744326332965	0.843506810101693
0.585605544928093	0.583901550563012	0.541546855380638	0.588343290271624	0.572984968348572	0.574994967697076	0.684282546559186
0.592792146622666	0.597687177741004	0.617331805188916	0.660489904514309	0.628996580870111	0.639550594782572	0.88065028739102
0.984751126237095	0.98167247096698	0.623817742490698	0.847560146903338	0.823838496898185	0.822325995955967	0.828043429238832
0.892037197813254	0.902018191218023	0.633508705379835	0.774711308092377	0.749905215628324	0.778297398503458	0.829706581822262
0.990630953729456	1.01218900978347	0.644374132848326	0.874604413418499	0.81626923798382	0.814714706986246	0.913636137842195
0.6362893771655	0.623130122043206	0.584271425127567	0.634560716152053	0.618782644625459	0.605176936001987	0.780792110733599
1.0009759115406	1.00862450759277	0.66798797043876	0.863089458991332	0.819331384093176	0.824365377617785	1.02641371624787
1.0014684332697	0.987851717192257	0.641553299908947	0.892654126866796	0.888700507009573	0.875125447593168	0.823804057073739
0.758709270399606	0.79312605715529	0.639257232087568	0.73634562807898	0.707601320600384	0.717348191458747	0.896302072396046
0.832974286923812	0.816601489472864	0.654958625318395	0.750555882165638	0.725950032743074	0.722793540534052	0.973201551059639
0.551255758637674	0.534969898992075	0.584603200891976	0.60840027768749	0.60730365620052	0.569207379377067	0.780899668683787
0.904968662281981	0.876891243093472	0.589293372787767	0.75492866692053	0.742036833979763	0.762006830958203	0.737086014373806
0.859723316667188	0.876825255863493	0.65114407679247	0.786844548560703	0.746074604149102	0.751513250422003	0.921361725750907
0.818178027301616	0.803170681284444	0.628266066204062	0.749418950650016	0.719833400603701	0.722735861588143	0.906557606074453
0.703566382699233	0.709742808310446	0.552717487437564	0.6529426716773	0.644804563173966	0.636095489843164	0.705284408951814
0.615707214255443	0.616953599851827	0.557033567201495	0.596435005676804	0.584231987950028	0.588634193378851	0.70404601300048
0.667571466286494	0.639688627430757	0.582051488574359	0.652825233727059	0.629987458015496	0.634341604377997	0.769558046365121
0.815933781524835	0.806210346022486	0.638849297681186	0.745827169458399	0.725707914120268	0.719182093889288	0.8751150761548
0.890030842202533	0.903473783550828	0.623233368548212	0.74486443143634	0.752124018707113	0.744511603328001	0.821688814076586
0.87248221933344	0.880948344450906	0.573637506864351	0.773314147117811	0.74688366775825	0.754449133003007	0.742802049787165
0.793426459429119	0.777769007182102	0.591644167222485	0.700934329320058	0.686498502499154	0.690822882961447	0.782245970048913
0.770463019088041	0.766593972887039	0.631096106542776	0.734096028338534	0.711997573422335	0.734457978308515	0.955024726499148
0.610013445322109	0.583201331712567	0.605347109350118	0.628268705624172	0.613883731623355	0.628945654372205	0.822497093345111
1.05461980008246	1.07968356727701	0.676658289243082	0.889849121890979	0.852797950280747	0.893696411202333	0.980673068439429
0.650364240513621	0.653288414069835	0.64150696301911	0.684461282408698	0.684863845460702	0.665203345442139	0.90563524887492
0.748200221641036	0.766763750654599	0.534314809625919	0.683060038909176	0.671185000003338	0.650152858754343	0.639272476976625
0.86216092292533	0.874545657826464	0.632348582666019	0.755673755676144	0.763204167208853	0.739423343867279	0.894462984756353
0.686596574766902	0.699674463647307	0.631839035464002	0.688396530095229	0.675564692301651	0.672934246601769	0.889934833605435
1.01820283045596	1.02369596341741	0.67343357411462	0.866883821608271	0.826200069799465	0.842930097651363	0.995815420065435
0.900245977277241	0.890249707724959	0.59937599370487	0.813665952632807	0.789307838285726	0.791093098670476	0.741892816923014
1.14303581396244	1.14086012606459	0.679971185437168	0.969767641118153	0.917665135336893	0.93069681665372	0.977346288485997
0.92077648437642	0.920865784008263	0.617450633544178	0.841686994146232	0.836614335189923	0.826306543682648	0.767124081862313
0.760041938385199	0.734047350390486	0.596911948668186	0.679655858808141	0.671600024562815	0.6590889468904	0.807224444811874
1.0699556379761	1.07700801831299	0.676774234643596	0.938935695691082	0.885058147475961	0.878515728985876	0.975944375848257
0.889071757675046	0.882035390684525	0.666013530220517	0.815875239078154	0.766818434896187	0.760169418754919	0.934943579825924
0.742119908104456	0.721415225680157	0.630370819436614	0.702637653713068	0.67582891062867	0.671192709696496	0.867650821921097
1.03352986086678	1.0180011417198	0.668753538590489	0.883356363329982	0.85107549394451	0.806637387668909	0.942868624556698
0.788879083101546	0.781627870148567	0.610089660312503	0.723875384394488	0.70846846606429	0.707319796584597	0.838921522096749
0.897123379657768	0.911763274677985	0.637788955320599	0.788171080815455	0.75327700244946	0.764998203141858	0.878741203061412
0.638878499059971	0.633180583499636	0.576840827105351	0.609338264449483	0.609446169984868	0.609469745586869	0.725020830634883
0.769556035675246	0.788285573360642	0.584216025726673	0.67711687744034	0.682198525743594	0.686563959931855	0.787384877741238
0.87714067941472	0.885360969452838	0.596592139309995	0.770394159391048	0.753323511753222	0.744480853288924	0.758099461109407
0.995816774390454	0.986591793485653	0.654424103413477	0.850734772319541	0.799959668701068	0.815512611552984	0.923029012973681
1.12414948631023	1.11565454742148	0.67589370863788	1.01605425051753	1.0076835186967	1.00419616896547	0.928457631151662
1.09877325528307	1.11247436682451	0.660483500898346	0.951036972427155	0.931521108023381	0.933023426927379	0.916679734654805
0.731124235141183	0.732966078296492	0.605428503136798	0.676694002230147	0.671218937689222	0.677739130779048	0.830313978448081
0.872700634895267	0.874897092557574	0.611069696887399	0.782369179916472	0.750039143382308	0.749854980370616	0.827806170555132
0.800350762579243	0.787466758447328	0.581098767984966	0.706442342171679	0.668542981578384	0.685905954337368	0.717399825595444
0.847717027165597	0.869584703892933	0.616408450906878	0.758175867177961	0.717076148774985	0.735460457125936	0.798659558927887
1.03072704772201	1.05101542510296	0.667258137687604	0.87181319399238	0.843283016230991	0.861909332433598	0.901784651942736
0.603003743231988	0.611022674985642	0.5637243204363	0.616433188105481	0.606864788852157	0.593234238066801	0.727531944421053
0.757237785201231	0.763590135197798	0.55755903353997	0.675636647410356	0.657058196761792	0.650038318068126	0.70479303531065
0.945458826729777	0.939048494174996	0.626174887584857	0.818966218017882	0.770347412062564	0.781422923553807	0.852590515009348
0.738312663784154	0.72478538527775	0.64443002602498	0.706588921593783	0.693412247069828	0.697890418990959	0.938764647634889
0.745538873149569	0.704774735203551	0.628373044023901	0.686735270837176	0.681443600757732	0.680264057791503	0.865107847316136
0.619071011511242	0.605427342528046	0.60415287785708	0.65414913020796	0.627334496020548	0.656083413359401	0.809852495002948
0.588221496673994	0.613527234449929	0.58632715623953	0.61843000550781	0.620983648199007	0.59781767002381	0.7789782605264
0.570983892194406	0.580088942528388	0.550265336454234	0.585480502008234	0.568126508754739	0.552060159502963	0.690263574500208
0.820880001670988	0.822315615468232	0.618428319228391	0.736549868022158	0.688540845016652	0.6983593462016	0.8025852885756
0.731137638210421	0.735074724944422	0.636233168313826	0.712510814813407	0.664900865007776	0.692837160297508	0.852093292570928
0.973010177122153	0.943285472344943	0.620364420532577	0.806317423264891	0.787525517385807	0.776677147517791	0.868985423119866
0.529218848577341	0.505946510029747	0.535685699298334	0.560470810188826	0.563663471632773	0.558309125364789	0.695210769715198
0.851317776291377	0.856850672263243	0.651055493204904	0.787401079245771	0.732270421776693	0.73286968116257	0.876150655657832
0.974345355292843	0.986511375810283	0.631999568017075	0.828988761413559	0.816223690637316	0.816733335369067	0.845164230453795
1.08624501208968	1.10058704803627	0.657789817497611	0.952096633795929	0.908240350858413	0.924507591345242	0.913421454095618
0.586741902608731	0.605034774057186	0.601174569706886	0.648622568084159	0.621295900748951	0.62424280698707	0.835927488693279
0.772516638470596	0.773448634200956	0.620052257247873	0.717436658961864	0.674742180488955	0.682067055428274	0.821963035334215
0.986560354499462	0.969812139133292	0.615737648942175	0.835252279743173	0.797896893300317	0.820904155241992	0.821838562473147
0.815948592268465	0.858248214971	0.618011402809559	0.73098567374952	0.707708269307273	0.714494246789025	0.806788582725235
0.955521875614981	0.93990316732446	0.636171663711456	0.822688248533623	0.784174146047874	0.789614604369674	0.820231106141208
0.79038910608271	0.792376384256685	0.611884176519075	0.702074337665615	0.67922816616211	0.678183972477351	0.826049477483597
0.822306982347452	0.824336030577752	0.601832915369645	0.719967813241274	0.724900168292932	0.721596776700607	0.833185500335282
0.775768735828125	0.78012307187667	0.579122028790129	0.688408472114601	0.683505522302443	0.680952818060363	0.731344449262173
0.841145567455336	0.824466869688476	0.609805273847749	0.748755565605202	0.721993917899484	0.708198923812755	0.810960420344717
0.876169260094918	0.855811199739863	0.609726799485714	0.767038949967461	0.720199911113446	0.727765266164859	0.784924282829142
0.863023338023913	0.862945026117235	0.617268313235083	0.782833689783748	0.740242391522165	0.735448097886487	0.872262494185895
0.702319339933617	0.697295867197045	0.592943607483285	0.693460445188408	0.651526125361429	0.662383715217097	0.781107175541756
0.897364420755903	0.875328764165379	0.634158714555034	0.777362519699328	0.715068286500989	0.731821196783234	0.881460892632742
0.618651677412185	0.609539164214498	0.612385213924682	0.640002351705639	0.625522077184498	0.621545950656569	0.80659369984289
0.694344991887461	0.707033590824236	0.541263543419976	0.622653165107566	0.605372049927203	0.608458421850829	0.668445124544078
0.758252103126104	0.759439099372115	0.570359720907189	0.662484187959721	0.640101297368846	0.637893986434033	0.726403882161262
0.743362721793878	0.75489957523	0.651951124325598	0.695401036458261	0.688659861767229	0.701344010287407	0.886337477787308
0.980292605350971	0.97691465680914	0.637724456413666	0.841792053240731	0.817682367604543	0.803161918742608	0.914538117202944
0.955303571612938	0.927389722736474	0.644309886100003	0.82128681858977	0.779148734598042	0.796878194476802	0.92286517682799
0.868499734904577	0.857479596755752	0.622996650365087	0.769744184507261	0.725941288214026	0.730360727250038	0.844467891101218
0.814879322476915	0.788051062303752	0.563706105467157	0.701425674288349	0.681055561990761	0.686570772178535	0.718997881203814
0.687775269013344	0.688367945159371	0.633966013302656	0.705806979676427	0.668780520779732	0.674748009942455	0.923013300907052
0.887588105088413	0.914190867896758	0.676891276715643	0.788157098697886	0.765487969055273	0.783354192396208	0.97973079156714
0.96214329600093	0.937510368062365	0.630883774218913	0.827166669203334	0.773154725195343	0.801356556310159	0.836267236093299
0.709495329142139	0.719280968070976	0.6125170230986	0.677724566841054	0.676123616783382	0.665350127168369	0.855440379484451
0.811148827505753	0.803023911498096	0.572163608841444	0.707898964253327	0.690982759582555	0.679715752705501	0.708096457283947
0.813126050349126	0.825371402023302	0.593545514393175	0.723132026588319	0.688256996103988	0.689832715382305	0.758662977120027
1.02416029720367	1.020127860912	0.680777689872523	0.895985747476703	0.842209201379389	0.843505807083803	1.00550342368667
0.556795132087237	0.553981700889611	0.567708387109244	0.591154227382505	0.593693757258844	0.592562634524876	0.740129687201294
1.0077567350368	0.995124471560558	0.61959250766817	0.863709268378681	0.849104917935495	0.839843137018888	0.83826950053622
0.988126883345162	0.987745392703502	0.647670085541093	0.851498720554411	0.798722121412812	0.817409277960645	0.887611159817204
0.599537012034864	0.584324387004305	0.635930188963577	0.676484175127581	0.648704050098926	0.66311065934059	0.908856703551522
0.743608851177772	0.746211435011379	0.634227951167342	0.682226454710232	0.670710990901406	0.702514962331371	0.867449071564757
0.89464052262605	0.886561081340442	0.587107715383456	0.779003540622849	0.747031787276574	0.757047339540024	0.751870538618316
1.06893415982997	1.07175106056969	0.661495707583649	0.942045170267649	0.905843479907764	0.907597281181498	0.900994545069209
0.715852671605157	0.721562609174287	0.609323372276724	0.672314523006358	0.653345083562851	0.663233634858516	0.806897165437295
0.894569738578892	0.903874584049248	0.593934966621556	0.784999809348325	0.771403757507524	0.790306408084331	0.744110158418949
0.797564454357964	0.829930288545971	0.632556457112753	0.718440434750547	0.707164740924818	0.722295531925616	0.835776444042794
0.591125246272763	0.59584802337631	0.616219894825297	0.66221983473425	0.646189961704615	0.643294155873823	0.872186096761547
0.550332079377869	0.558754804089662	0.577390356972608	0.605696856110182	0.589105619682735	0.598480604187201	0.772413219034258
0.66916962892986	0.652732145434252	0.636374583011519	0.696199376030004	0.660759395796133	0.665342624323515	0.893721084187532
0.978993336428917	0.964717799184132	0.639111605107988	0.839336564259124	0.78460190530843	0.812063896919694	0.868455238426584
0.952827636164875	0.945770798343269	0.630983983389861	0.819428942797373	0.772871331844967	0.784015183930511	0.835470484456763
0.699529232788304	0.702899613018384	0.571926887594984	0.644060867306505	0.634474031845432	0.639877583460462	0.716307002203375
1.05878843969996	1.06091927604469	0.641741866010603	0.921097364945052	0.893868303203291	0.894525366017803	0.875115818099223
1.16410618075239	1.15170292120724	0.678313595225818	1.0838470704033	1.04746414194913	1.04611509838786	0.95662050043301
0.915152370619949	0.899066925398103	0.623795287785873	0.799326324616292	0.765148692182572	0.760172255417878	0.890171722562891
1.04549191456869	1.07898674870662	0.644596834759517	0.919542959227703	0.877023559896492	0.876434180290665	0.890100120166487
0.69564599606615	0.698819969651868	0.648739375004457	0.725322122364808	0.685003381172985	0.696894668170404	0.930822514629581
0.617664865196898	0.615274525279286	0.559221069925502	0.632050169748907	0.588758290620386	0.592296592106183	0.736638303228005
0.851895214535376	0.888590124035713	0.589243344657319	0.752341086016358	0.724933735857295	0.735279314085519	0.745516059665522
0.710531486519154	0.740651004940642	0.628217587579271	0.704091722294008	0.707961137926736	0.683716197071418	0.924159224065557
0.680222275167596	0.680590994771567	0.628010011342745	0.680698384808995	0.642233662738996	0.670691690435546	0.89076578454218
1.03758012278706	1.06088087959667	0.641677285229402	0.971434452806595	0.940318844646131	0.925883612171318	0.861223810299214
0.627292804006433	0.61137894655535	0.59317852943474	0.653059272518217	0.622016057432654	0.625097785360099	0.791066536146642
0.942152261849472	0.946630804096753	0.620446726401993	0.819393879330338	0.781363352970065	0.763868093614782	0.833057298217151
0.722067415515536	0.698668955410275	0.608713667146352	0.69483789362283	0.659536915995453	0.665028275080319	0.846719899070354
0.701653987155801	0.707456704377858	0.61041010718477	0.667791861978524	0.645737498541092	0.646808662557227	0.78112759640746
0.814503993201731	0.799210818838169	0.612905508007517	0.719394889459709	0.700784487324066	0.693224276510531	0.791429827322471
0.615517192194392	0.609416687834996	0.594084625173348	0.627718678746788	0.627826678847243	0.609370916410562	0.781934042188692
0.939785050724502	0.946068437896591	0.614380818427403	0.849352719395077	0.800438129632565	0.817739210210492	0.781408358094526
0.920474679102857	0.929346757777183	0.627988036372519	0.787657198102577	0.765535487132713	0.776230367606021	0.854576697350293
0.553307601738978	0.543948560971307	0.576267722518224	0.592923397215774	0.585088050496564	0.588077457178235	0.76201049309613
0.697182615881073	0.715760432657842	0.625858337222269	0.684307533619949	0.652101405592029	0.657422231615456	0.852501263278896
0.883774810278979	0.896885163451821	0.626335736624317	0.780980225678247	0.738919389186959	0.754945481304252	0.854190805447403
0.802634221304865	0.815349294189989	0.604943491448981	0.743305156057575	0.703321943062731	0.711313214804669	0.8830202012857
0.951439294663674	0.954544881473628	0.61879213314327	0.855967841347339	0.84023684285905	0.823378224587062	0.786230707840475
0.639135515532886	0.668650528564565	0.61318641964045	0.644099425679232	0.633273113752318	0.627475763946317	0.805662513692111
0.948528198299165	0.965863569245796	0.620598108847663	0.818874548439427	0.785119344602814	0.79571862353979	0.844105336062279
0.740507252723825	0.749613567726973	0.612838298429993	0.697823009185232	0.667862331429361	0.676422887495183	0.832231541031469
0.824186535807689	0.808431574186662	0.567420141431937	0.713539685184443	0.711496117154489	0.708021813909849	0.682622824747154
0.918351282306977	0.924369982245348	0.596234865718693	0.822192832096913	0.791060417389133	0.800676215128896	0.758374658560963
0.815446646553117	0.843237722075725	0.62367220992669	0.73569462940179	0.731314214049722	0.708657614399703	0.891516215341226
0.975650069080848	0.966356282228242	0.637620038080553	0.857349962973842	0.798070936867878	0.802290340846818	0.812958464047661
0.689442568491025	0.672762844863737	0.597374440012788	0.653463436953229	0.645612022193479	0.642071139402639	0.810702183652834
0.717126023346058	0.709122284882887	0.610370599664754	0.683196094169882	0.654480459627566	0.640283678382668	0.808782594758491
0.749708925186966	0.733754354512744	0.551309784033981	0.720614759093256	0.707050260041859	0.706047062995404	0.645255891911751
0.97140415669787	0.991017759558581	0.637143823009585	0.869179283300731	0.8368130243592	0.827987043970074	0.811947744808052
0.885123448950379	0.900971782898877	0.587960803942135	0.792689432118054	0.770179910250373	0.79195255124675	0.732081187746014
0.921515530767641	0.909724295649988	0.652845377227944	0.799729258972008	0.779951415044157	0.770835980095006	0.879504188892897
1.00461070547109	1.01074269803413	0.650294929472321	0.864856960716606	0.830358077581833	0.83372650802213	0.893000996063153
0.917487626389943	0.903123692454423	0.609878925912467	0.823438467566095	0.824951995214882	0.825409405744704	0.762190357699442
0.975926742070015	0.974462339713411	0.638797060776803	0.943923555755622	0.924958906261854	0.91717788622289	0.829090707114426
0.828765657595728	0.83497264585746	0.610616343243757	0.723674877757108	0.713918022092404	0.694916501737353	0.796639572768916
0.724988180073724	0.707499989653919	0.594986087739178	0.663576828375435	0.63987611323481	0.64315095092413	0.768552863792062
0.681152082205535	0.673299840336788	0.591556478475011	0.66234011934857	0.624384154700536	0.628230498445769	0.775585122610577
0.891974232391609	0.871505640021248	0.627566525821767	0.796075089540891	0.735559290559413	0.740464883519543	0.876802236831561
0.891366769010837	0.889954689001818	0.601133351030876	0.762641766771395	0.721324428834609	0.728771575090754	0.79038245650416
0.965866491084598	0.948863056753188	0.615212244348734	0.837741422421222	0.811061431219661	0.817060546309228	0.785559096895308
0.579385671487104	0.553880266722154	0.599741068662045	0.614338179503162	0.607301397779309	0.631659145043528	0.803463821854757
0.900599081874759	0.91279175743907	0.625519119655871	0.781526997783929	0.754169662676836	0.760037085317385	0.854095339276696
1.05104623573192	1.04168363429736	0.664380134094619	0.901497367309029	0.855866173335042	0.886342931085562	0.897346517120854
0.885443619942252	0.893800912064933	0.625506269588016	0.758506880488045	0.756994730092776	0.749311174936177	0.835327629951998
0.83543091185926	0.859013632078015	0.564924622302146	0.754926796209366	0.746092748716091	0.74343334146796	0.702073869371886
0.960198004512912	0.97612571709206	0.653419987131939	0.834925210524837	0.803123089447113	0.818534758086115	0.909935892645849
0.988895152959041	0.975167291701785	0.627978855719666	0.833517449408683	0.838126960400356	0.796141315373097	0.818463667862017
0.956993346106033	0.971122588749264	0.644376375637721	0.832176812312048	0.808465327173684	0.797640893314906	0.901007071759191
0.715759071664517	0.72074841624977	0.508661586494615	0.652769696693206	0.629773343388269	0.621084124261606	0.609549927311698
0.759002095053749	0.758453695226015	0.561665140348913	0.671175961866496	0.64428766996583	0.643398167201187	0.678945703430801
0.77117011280226	0.779089157051997	0.544899391577981	0.697953697471471	0.666345058359856	0.666495579165752	0.674995644823957
0.768525799460106	0.801575740459873	0.582296882262332	0.708136456977267	0.676905640437055	0.678109188422876	0.751200517994048
1.0030648198385	0.990645093189622	0.650936032415122	0.84054710666911	0.822996106320164	0.822565851363474	0.893013855555438
0.889918911964423	0.896766087193464	0.598753846561341	0.757486604787341	0.745571464166615	0.746892103360911	0.817904124682344
0.93025003615467	0.947678265730668	0.638359017672687	0.796031566000921	0.773106679122779	0.761450438646512	0.847632884299351
0.757174474197576	0.785448108949243	0.609579216991797	0.693696235989795	0.6806567986977	0.712662185311079	0.83264453771052
0.740378748890041	0.728903733504439	0.564464411066844	0.654305017813445	0.647176292370569	0.652022532454764	0.715383626014275
0.662213507266776	0.651903991610977	0.624704036737641	0.670280141145475	0.660024516596686	0.652195397881642	0.87324512815034
0.93614613427478	0.944959888288204	0.6191909899149	0.826854064081681	0.802131440984758	0.7936814338615	0.785253143200476
0.662749184506498	0.63217807621901	0.65338773548901	0.67877347411067	0.675087534189543	0.666424090161803	0.942775773185181
0.971808058734718	0.958531040857055	0.627166375999702	0.836325822883225	0.782368597386213	0.78967834034424	0.860006990409473
1.03211824470924	1.03114432006797	0.642105092882164	0.922409589583938	0.881131396547584	0.883427663660156	0.863780778710543
1.0448021286427	1.04955609724407	0.662763118879621	0.895473249190558	0.873183758347357	0.881505245510426	0.890472137835965
0.688244715679145	0.683208503857779	0.621617823207069	0.679138442856571	0.650142992242423	0.660713787389009	0.821886742537765
0.806492832554901	0.816674679080117	0.621206702678428	0.711810203967881	0.691318119938307	0.709799726761499	0.839048126440872
0.774280994551029	0.797186854396819	0.61922171482601	0.72369931211393	0.710760299877456	0.689214649221974	0.847049213531356
0.871660942072843	0.881769187124313	0.619147300829903	0.738411253756597	0.71748060595595	0.751599079708097	0.815748907417552
0.833348367902053	0.819807428627868	0.596971972746544	0.711019964455404	0.686054751400396	0.694108297159707	0.769191332486343
0.863256421527318	0.87214381614409	0.577955540340606	0.751013942361789	0.723178973263356	0.74373339307143	0.744296317915691
0.695442045510349	0.685146015496359	0.634013397873748	0.690727333935638	0.658223315403953	0.675726537793821	0.872424775981708
0.866176243307713	0.845838578824189	0.579833562585097	0.749036335400844	0.740036145220899	0.729706787948751	0.715303732002269
0.609205518776329	0.597959208181199	0.598024267619724	0.645022660700304	0.622402425761052	0.606900396500578	0.809906931181291
0.905435921553708	0.910501773559678	0.617537149779504	0.850640185693168	0.839755307950982	0.836901308373381	0.770799201488065
0.936308211339328	0.930251601656838	0.620878752305621	0.915816408785223	0.880342086319277	0.895336738230607	0.80413595793553
0.965089186704599	0.960067967984937	0.651537184349133	0.817877826057102	0.789264537511653	0.796358191277268	0.885382248780774
0.945799162939742	0.950368338791654	0.631398086613692	0.819020158057784	0.778537559265938	0.794343537649574	0.810155178152208
0.973851425203289	0.959227985872274	0.617801822855115	0.848191024882937	0.810231450000574	0.81190090779582	0.815177335965837
0.901135308392909	0.898431836222489	0.613815285043995	0.796692363846111	0.725095139073962	0.745408599612823	0.836996424172192
0.785009523687843	0.813862142959461	0.633312022730413	0.751101697941685	0.712412068654476	0.713103699530422	0.904407947746449
0.895438373034624	0.874636129090132	0.637537194341694	0.757285103486731	0.735891858982522	0.717742775921984	0.829973196462855
0.825882824097663	0.818306407326609	0.633974863920261	0.760662105029004	0.711705099896496	0.726192292485408	0.881868630410086
0.840186929956833	0.844044582351096	0.618042218324277	0.824926189325169	0.825752170063718	0.816802809063879	0.741706842980076
0.673840312975004	0.635613714982045	0.615812166609597	0.643398314251352	0.640748353890273	0.650427447426042	0.823215768935121
0.869963775150542	0.882660390439561	0.6426973945074	0.763601974749613	0.76045548747561	0.742106553391271	0.889816007152248
0.682116588027188	0.689147210370684	0.512473274294686	0.611650685470225	0.586071535687917	0.612501438664854	0.610993659810463
0.930526704376547	0.950903886524029	0.668425647897958	0.843548153763106	0.769088163490716	0.776924151677579	0.950794663731041
0.787993333376691	0.796057005843642	0.598718363243593	0.702294759208154	0.69169945863022	0.698397118347939	0.809817990807664
0.685324977212118	0.662075208628427	0.545224597274253	0.633562503718785	0.61463077261657	0.604082102133092	0.692656429066748
0.975699332807128	0.984341599558105	0.633355934925492	0.84251372764012	0.813943146488462	0.828139849568616	0.855575722011793
1.03764493397502	1.02404135375602	0.645397090753023	0.887198354676589	0.839877025329043	0.841955325294597	0.875914959820668
0.707746474675378	0.727966884685581	0.60640935009562	0.669024168865464	0.654161290358721	0.671676271951192	0.816747731286688
0.876470427928786	0.879236669775746	0.619531581394901	0.76549789232136	0.74382636243279	0.744478384080767	0.839969183360225
0.588733261402257	0.569345172224521	0.58816973408026	0.623791547724172	0.623469545615715	0.610211881033443	0.805462751499839
1.06366120715205	1.04295290207677	0.683821989716752	0.995808894010913	0.97078627894846	0.98544339701686	0.889700607473194
0.675258457981506	0.71016474752873	0.626149358438253	0.696324728901391	0.667771502356657	0.666655959550079	0.876971423341486
0.982252976091005	0.965703673196008	0.649507316770309	0.94449858562572	0.929468263853196	0.932514592703226	0.834766982926626
0.983605524416777	0.98161265552342	0.619769408290433	0.841378053719289	0.802271151060399	0.797004106147516	0.823315107520039
1.05490085416279	1.0541358384474	0.63804999044209	0.909085896457342	0.869612550600122	0.892458322531081	0.861982001871166
0.960446115869138	0.954731556130231	0.640246023751379	0.816906828596643	0.790529109598726	0.78979776321497	0.897245534707073
0.825844669982424	0.822396034237203	0.574931498797179	0.724873720070151	0.696134144853825	0.706569293915347	0.721344440284632
0.963627436632968	0.971240981072244	0.626510052567656	0.820009009394639	0.80434069055758	0.803868942214375	0.838713399190288
0.892642750904854	0.880344289965998	0.596672368818255	0.77291558985994	0.736746505558873	0.751928097876321	0.762544084315459
0.861332723339	0.85750415332913	0.591920202939676	0.73162785584345	0.725024374050458	0.702527500347209	0.77811857292025
0.74398803587082	0.739038677791662	0.615587295595955	0.709822847448149	0.663317040839147	0.673902073912542	0.828733784313484
0.688049340017915	0.668534789366371	0.593823669330371	0.650309680626231	0.643771221042005	0.64960954321166	0.761171314192558
0.765281406240594	0.771489145665301	0.595749108337614	0.713843542383008	0.667960255744597	0.681887700046466	0.79981553197838
0.743450464691047	0.738219297211385	0.584051924814777	0.680293531254272	0.670947871626093	0.658644871077718	0.765372936638211
0.824226237445683	0.79530087000413	0.636072311503471	0.759136283839122	0.720091814506622	0.731710072275631	0.927643329292271
0.839597550944895	0.854784684444443	0.637516284257237	0.772111105243073	0.740760936891193	0.728828658931056	0.862364559710192
0.979461294708932	0.992846820169995	0.628917611619611	0.878212747349838	0.866808061392838	0.852763742365537	0.827272813257255
0.921513440423967	0.929686450571341	0.634556625001905	0.791030656586328	0.73836366793622	0.769563896552516	0.866038484440949
0.7245067425462	0.723475420236103	0.590213771653775	0.675601105683026	0.660331792806825	0.674045722772098	0.784281597576476
0.656467880254845	0.682440007862649	0.577880605713557	0.635592143555883	0.635972944364948	0.634669601878043	0.739578576115547
0.890227275210517	0.903523797591692	0.611316436366584	0.769792028791307	0.75966805132297	0.761371142914172	0.76562326508631
0.955630010066808	0.979727263282226	0.638424624776682	0.828896418101053	0.803811562907813	0.786529367019181	0.8630731870817
0.649672289525606	0.653857003472243	0.624782092244151	0.663637148179524	0.644360642441518	0.64348317021751	0.847248942225629
0.893463449253336	0.884253048845449	0.587590793424074	0.817225818295485	0.816340048134222	0.804853224228322	0.741250992312567
0.657809659783563	0.671051816645825	0.60873686692519	0.679615577325131	0.628119535046322	0.644921881079877	0.808923230210569
0.943779250015427	0.941743474415471	0.656397734375815	0.830562701628036	0.772231171383033	0.774722934275225	0.903851283927212
0.934240550874841	0.938359204977375	0.633980039514222	0.828163791740193	0.772472508209945	0.793702597869116	0.852020370001688
0.739558947590742	0.740566575278802	0.555661100246451	0.651417149111268	0.623434556218666	0.633946727934475	0.68850725901106
0.680480452653024	0.687316554097896	0.588902891488465	0.6505681855988	0.635216204248012	0.639250195136979	0.833819688725983
0.725533599435166	0.732956249794679	0.692131803610453	0.743566459749668	0.707625598177344	0.71251407826653	1.0324833476379
1.0206921400398	1.0241430473929	0.64562767506761	0.86947274386471	0.837833509276115	0.846249984477928	0.884269580848215
0.578605739030961	0.565742293769032	0.576397245094012	0.603362896546754	0.589660926048579	0.602361639162249	0.755056613784121
0.874055186124893	0.850729558737795	0.596317395588253	0.806107142075098	0.781625709395918	0.793348144992766	0.728698040436249
0.78174160149737	0.812168445894584	0.66208457062944	0.756508543312719	0.723210925828875	0.717703480791567	0.937558640201181
0.677955086622359	0.667844288297202	0.554103065327452	0.632970222096906	0.600544112331177	0.603412846131017	0.684977388397538
0.682752169731098	0.677333275710209	0.62946634764515	0.661663845263636	0.64218280474319	0.655969322154227	0.848370136105083
0.902345149227033	0.905477725013336	0.637210146623753	0.794868484156307	0.753475298664409	0.76785337207466	0.901503365999512
0.89558155456464	0.898410455613966	0.635800604944373	0.809379647367384	0.78195187029817	0.774700735575434	0.86535524413511
0.583407525970213	0.575473062300059	0.610701262532547	0.64468237098052	0.638531994418898	0.621078269993909	0.871448141408905
0.789001420977274	0.794448165338163	0.61006282046048	0.72604717844019	0.674251551040163	0.699748420939273	0.834739786986482
0.851416048378224	0.852861845261801	0.627299538739853	0.763114855387657	0.725816976504802	0.74271641317494	0.849422434328446
1.02606612088862	0.995402488217519	0.641636935036198	0.901610934338832	0.873780186520473	0.839202107500613	0.82996211864293
0.921181219482947	0.912163175380457	0.633974189568797	0.774781297082927	0.747841058213324	0.758483090556873	0.852039261676772
1.04277729741316	1.02611370031027	0.635167260502812	0.895350544093177	0.875721756044821	0.889831598738629	0.87727361434939
0.990958310130657	0.983269809593249	0.618641998517138	0.872443709104167	0.853305714285051	0.838778691623343	0.80908624079564
0.762344832826291	0.779367073701821	0.68481140759096	0.744585746256244	0.71975293621497	0.709855452910858	1.01150225429222
0.780898861335439	0.804235590091356	0.588105162349104	0.697600117637675	0.677293441921739	0.661287642286182	0.751355803788894
0.765128916543408	0.776554499641026	0.597467521912094	0.687400337387011	0.684430263643937	0.685552457565666	0.7918586271881
0.915320216925033	0.924121387987709	0.613159989435494	0.794295916631414	0.757177333644421	0.766133639238536	0.801301800439846
0.785309961607944	0.787562536005216	0.583452547472245	0.698474325807711	0.683461772932064	0.682976205802364	0.758027430083991
0.979183479672591	0.964949971405657	0.632044718373716	0.824856401996005	0.794976628388255	0.782766618342855	0.852337650523816
0.532326867454241	0.545943345888931	0.577051231265591	0.586096266665781	0.583333998031008	0.591995274256492	0.754303598261813
0.861143072498266	0.853429517859809	0.613710623685921	0.769672801830458	0.714279621770654	0.729193131557604	0.809400529993472
0.860348706295341	0.872977450378237	0.573598709760969	0.780524143552059	0.763563022240857	0.771765415250444	0.720251069119002
0.89440077961326	0.899463544553382	0.612278451684334	0.765777992638423	0.738759113148215	0.758357648815874	0.808766934672765
0.861752345790562	0.858629563368994	0.579109315098276	0.780348821768111	0.771446498574656	0.767751733662708	0.721403683855327
0.846515663216509	0.851165679462475	0.592431204503467	0.739038739141541	0.728870102898251	0.715681595170848	0.781743556793163
0.831497866315964	0.810230848768905	0.644866698494868	0.730217764563909	0.724506508005247	0.715599592769295	0.894247950854119
0.85954965144104	0.85674743289961	0.595997903017238	0.763880553396308	0.729647398588563	0.739096538072552	0.73164099536253
0.537270385727683	0.531836149090102	0.574340283873565	0.570000995105899	0.578205068674487	0.56888427435025	0.732681534230697
0.939110763845551	0.95860421879187	0.613317064910181	0.83517911718331	0.796417199992386	0.815479060541882	0.799921907300252
0.997610269847945	0.982520734960287	0.636532295619328	0.899684849618696	0.895129702150475	0.89338844104493	0.816376631018482
1.06862689142341	1.07111464633585	0.659859036251869	0.942019723386166	0.892285721371513	0.868509191009563	0.895836787884268
0.837423687018478	0.835619044774928	0.616556484596692	0.751815115428663	0.69720421690839	0.73126238790698	0.80903868458591
1.15294572639423	1.14276242931197	0.658009768659983	0.974857452496995	0.928379000062473	0.922841708692008	0.961488895966276
0.854191239547582	0.85383932609298	0.602831228254555	0.763514073867304	0.724537814829215	0.728531415021512	0.785605270442621
0.945285723793239	0.943740038036528	0.596949911185525	0.799300230093425	0.780689726305549	0.78748511234997	0.785786767780277
0.603131905209859	0.602118963815777	0.598704004791535	0.607728968788761	0.593749429876732	0.5988083254486	0.76199202029067
0.827712198107659	0.837922458121512	0.597993495116988	0.734028150548571	0.705600180916303	0.687681850865338	0.780263236170149
0.88363880415584	0.913695649280911	0.640836798878636	0.798315196753633	0.753678365415166	0.752380785246095	0.844409947309518
0.851348215905799	0.852289879981598	0.604825196322889	0.741784640190605	0.708264973965424	0.711637164052824	0.801650493200991
0.662951159969465	0.655669518129877	0.559794146395171	0.625471050442816	0.609849838489936	0.604547950915475	0.718034422092907
0.750024843066496	0.779703639794874	0.646576512631786	0.725139750585398	0.722138632853073	0.699007930970204	0.925408493226965
0.885603192661255	0.88742256030779	0.629649066581015	0.800375947195505	0.745020830171039	0.75847287399442	0.897515990778506
0.8601103987263	0.898912426698108	0.585743925291798	0.771034540696654	0.762868558479843	0.761256009800959	0.727190178226754
0.820998376152368	0.813301952851998	0.591198231561649	0.730301114127119	0.703018310090415	0.708759965874714	0.773361463490071
0.55811651572501	0.565177078829202	0.534749614083773	0.575525759003725	0.538648044205393	0.552907961242726	0.658003171533471
0.986942359834045	1.02153163270063	0.644267424363578	0.853671831688552	0.829183670629177	0.795657998943669	0.955801819230215
0.733462317484645	0.738225205231896	0.598062266844791	0.688274105896139	0.666416556855738	0.657140285854082	0.778449489104901
0.9231064898074	0.936161016506226	0.61361261891479	0.838856466070191	0.830759372755816	0.832634941332706	0.768580549824997
0.744338414555363	0.762159153664478	0.621446974422734	0.715552636769366	0.687641182050684	0.684234038165492	0.840620720642569
0.913462302595344	0.869641787659541	0.629068461294914	0.783040136837055	0.741616841053374	0.757524443516805	0.918858545867696
0.801524053620689	0.814366392069043	0.636477737156198	0.729066211925926	0.732864804218112	0.71220864005024	0.884898949635557
0.7604703826106	0.775736925238549	0.599797308075607	0.701912471578257	0.681567632561921	0.672255597235542	0.841956697071606
0.826928053671139	0.823433700152041	0.601811956313437	0.724590079346177	0.711780469210165	0.692756988000551	0.765633306136491
0.96834254871326	0.966648214148801	0.629265462674106	0.831667705556536	0.774990606270449	0.772830285681196	0.887342975636701
0.847069301932805	0.896540995623957	0.618912837981269	0.777141838778254	0.728231266015454	0.726158733750697	0.864586088896154
0.685128126107631	0.712094970377068	0.626613280303625	0.69027254968485	0.663645875263405	0.65944834365798	0.846270272799329
0.792132992417348	0.759004155221028	0.624705576148605	0.70876737403923	0.672515549633563	0.66952265900164	0.851692289782056
0.658719200913241	0.665446023851824	0.599694041252948	0.651191767347056	0.636500347636033	0.641123875457618	0.7820179776266
0.966800048804079	0.969080470310953	0.624530011441281	0.830654029686307	0.80749093359437	0.818092738969068	0.831782666171561
0.577634085894902	0.572622218781013	0.622920972965497	0.626538014787821	0.622997077905832	0.640180468649171	0.856171130938738
0.517411844280538	0.529859685415165	0.56515731988898	0.591224152038154	0.560281653723517	0.561698344924161	0.729091296697356
0.956107854180176	0.952762280440255	0.634925929279715	0.846102008412852	0.77675461728898	0.785913610709878	0.919467052483683
0.463642499362618	0.480202303226091	0.50080679257077	0.519270471896695	0.50650504277394	0.511154147122972	0.614135523710382
1.06609793993376	1.03411560821419	0.646602560446173	0.887574006948377	0.854017289680661	0.848597735316968	0.892531999876136
0.969975056586062	0.964725535154059	0.638125849714586	0.847350889728438	0.792551331051873	0.80103372567935	0.887510970242827
0.912343938806578	0.930031407474507	0.620570143953699	0.794386509353561	0.777652586411273	0.777963832358456	0.801695420159743
0.863772865608872	0.872797606521153	0.602213378667257	0.761878956595425	0.741207494477549	0.730995948432941	0.789168690521969
0.950077447758018	0.936975568241393	0.634689311605869	0.819737326455795	0.797359459530264	0.795051341804868	0.842924647550328
0.739317151460197	0.712554953280678	0.659378523692085	0.715955676207353	0.693825067251792	0.698673053491279	0.948190254403823
0.749064137500771	0.767252296897114	0.54556231327217	0.687568669456836	0.646669627249821	0.639774412362845	0.671979799051322
0.757566387567836	0.772901137663681	0.612280255157851	0.705743000440388	0.688231945041947	0.679784793876801	0.832881644286032
0.857573843586867	0.861208389609959	0.627372761833181	0.754053772204202	0.736167147601929	0.724091663656437	0.845264740074025
0.581430273679722	0.572706393674975	0.618191377291416	0.647344095677129	0.629428894098751	0.629692668631885	0.861102292323624
0.813584820686061	0.827916910006969	0.599905783811428	0.71438244091527	0.709702881243785	0.70663115634382	0.775684973738319
0.668015218637339	0.687140465197783	0.635286369207864	0.677668837756615	0.690717516457185	0.672387972468266	0.897024597945495
0.890771703934042	0.874196666324012	0.59003040965894	0.746873722066648	0.750858732384943	0.735756982487354	0.736495890177964
0.591194709676085	0.588265209433001	0.626908289619178	0.646147604481517	0.64506509196851	0.629977933018407	0.86465525937401
0.613362208938765	0.625803879768075	0.58300511412609	0.615435917760451	0.603153344212855	0.611756265148932	0.74846143341485
0.801084817867862	0.815078210537906	0.628012694951148	0.731921503930492	0.712767554287549	0.706061003199002	0.874922578674458
0.783393780910208	0.777734052062036	0.575212480009218	0.697680811993618	0.657704804346571	0.662579836682639	0.717907501260445
0.898311203467217	0.927450475232813	0.633142148985141	0.782340876171667	0.772120477390681	0.749614923192346	0.868653249312614
0.816968994111873	0.824295730298678	0.611309364272608	0.721805525160207	0.688668609804947	0.707591438970583	0.823290298307734
0.694576626674354	0.683775491578074	0.604771627604126	0.699067064136293	0.658742554679219	0.647838362853125	0.82327317562868
0.756762970975547	0.746399491443235	0.640793312525282	0.722398987644249	0.691248994052369	0.676006359964076	0.908262806327098
0.895787009334489	0.887800510553651	0.591707010030598	0.76272144127527	0.748352093291556	0.753824848331838	0.758227723209973
0.841080054124054	0.822948485718819	0.600702830342499	0.731453692015716	0.702913245420856	0.720011559353212	0.806793934125811
0.671302918466879	0.698746506735665	0.616941251323234	0.681678287193463	0.644433874394871	0.652848323642674	0.840182662796651
0.953200942900049	0.953368070631967	0.645614744519366	0.805320570054062	0.768151975866199	0.772544021623645	0.903784821261239
0.665028985234885	0.673566144582639	0.574275264394087	0.638606218407843	0.634459077182405	0.629199840703346	0.755211707703197
0.992056263206382	0.994335068260035	0.634146819866901	0.860931024090984	0.813283481153416	0.811326416826435	0.848773945624503
0.865007110686555	0.877948244402919	0.582634064223763	0.789502541090934	0.78744986421737	0.78201170375014	0.71930185071664
0.636854446961147	0.647383196131044	0.58792535987543	0.668122040303147	0.628382629245411	0.638931605520288	0.824892793164388
0.810580476176023	0.79040773786498	0.638238334869225	0.720392191637766	0.684061638422688	0.695908847823585	0.845592418517763
0.627217979137825	0.607603320374574	0.566099451703742	0.632850035302985	0.607183231283877	0.601673947601183	0.74821326095768
0.77043598416723	0.791162865174936	0.587884411412154	0.700814597145123	0.677162779977841	0.684880891773621	0.75570732546341
1.0697545810083	1.05385028840755	0.655284431879295	0.924926135357744	0.884886059536882	0.887251723666389	0.909560815810673
0.842092725264097	0.848133675985623	0.601025406638712	0.758897712014085	0.694943138202503	0.727845361716305	0.858189582285669
0.736304399644919	0.756071524272547	0.610197281516356	0.707857368083084	0.666241147771063	0.682611667953512	0.845314572400469
0.967775270400116	1.0032857831585	0.638122131663776	0.846995442372545	0.814970009552757	0.829097095996236	0.835966948018227
1.01672440539236	1.00526530230769	0.631240290587405	0.88856738212399	0.867554691309746	0.873450517400497	0.836207733640322
0.897878570189532	0.901533819094489	0.608893833003272	0.769650637800816	0.737070911467874	0.743884527384713	0.796734517096711
0.658760043037128	0.648353065487026	0.626979157682254	0.667029922949331	0.654652395087572	0.666341359762124	0.873349322770314
1.00867951335932	1.00716853634229	0.651613445894108	0.85718900933119	0.818046643430712	0.852691986346307	0.883701394083263
0.782625144869729	0.772631219390888	0.582331228376888	0.686611433750746	0.670810047538781	0.67797569627501	0.750139604748669
0.893377065496685	0.879388829331958	0.605701220337998	0.764340806323351	0.729352624988446	0.739589183172954	0.806472774712422
0.556964529608353	0.551927216028055	0.612750640785918	0.631756008380593	0.629826256196109	0.624852336954996	0.803590389137511
0.786090597515876	0.788466531850986	0.583853354442458	0.701194037337073	0.687595360169587	0.683511885384747	0.781168451010244
0.655442706189689	0.637561141246911	0.559761266698005	0.62451393958666	0.608798422141859	0.61815004357063	0.712824110465709
0.884569117714811	0.872018253646409	0.617110445586882	0.783146920185873	0.742023544880013	0.75056216857886	0.833064085846013
0.852008731830217	0.828981000131474	0.653243817325733	0.797420685294921	0.763594350261221	0.757934967919414	0.926772667948076
0.828565233238185	0.839970125428618	0.605525762758276	0.745740585925066	0.697374417248	0.712601909320922	0.824152612641665
0.775357565790496	0.801128812434286	0.605297845079044	0.708667341497913	0.676620687483495	0.70175318628697	0.806147204561955
0.714249240656484	0.710352064670853	0.5619751488825	0.656811341395276	0.623311042422474	0.636336216377452	0.709742730598539
0.681685149761493	0.694571720787073	0.59323402190644	0.65545061975994	0.631001913353326	0.647994936930645	0.772090553503557
1.25715806777943	1.26699562856226	0.726609708509926	1.16404668108751	1.15195552409314	1.15408651728043	1.04738316790874
0.743369209048365	0.735679380223912	0.609692448595055	0.687038934064487	0.66800086284796	0.664338032016769	0.794184558758166
