FMP	RMP	FPP	UPP	ANPP	NPP	ANCOVA
0.506286874054408	0.50515438639328	0.603610281683674	0.63421939431774	0.623851049911942	0.617273900456083	0.844490672726415
0.497070724304963	0.494709600223002	0.586460568026082	0.625816429737237	0.589861715690364	0.590524500384658	0.781696660840198
0.479284337616473	0.485045879537484	0.577744383793968	0.569085993661494	0.547022218082979	0.556433883304425	0.749093342667058
0.529693542585703	0.536384684103207	0.644559543201423	0.708030590806773	0.654319457046336	0.671200929825974	0.970371771338629
0.536646004554526	0.512359541784587	0.622928878935344	0.620358450271544	0.624456333681854	0.628647144052216	0.95126605121093
0.518663187311623	0.522414382386727	0.620197423007096	0.647715217645265	0.615793254834446	0.627489995525903	0.883227189843196
0.487545645641198	0.482825937992425	0.567736770960346	0.592296761974958	0.588899263613355	0.58145765916782	0.761515986170264
0.504619847674292	0.521742912769404	0.60859957280067	0.666383592976589	0.60948072281181	0.594853649610099	0.817165559007827
0.541461104526419	0.536430741855434	0.612379917866122	0.730650558363523	0.651801045664737	0.67566047467036	0.837457290376704
0.536922041882996	0.531269858370931	0.648033229497157	0.724034273460416	0.686457421472653	0.680981098561165	0.951530768123515
0.475571364785962	0.455900261695315	0.559371530144025	0.538534509433982	0.550132763822844	0.539283078567156	0.732648214660254
0.51208749895085	0.510995958191621	0.593857650943391	0.607972540214983	0.595438651486788	0.583308225058377	0.826912078759224
0.511480533739869	0.509854561227375	0.608669086750445	0.658014015122505	0.614504026056682	0.629503472171352	0.840605723794264
0.526423859271875	0.517722527038229	0.597645139269977	0.667750147333379	0.625984361786429	0.619359601425799	0.846410531264199
0.538233284450444	0.52515158234561	0.659723721818336	0.672440497221144	0.647808502903851	0.648434188143186	0.991891369820456
0.48822266748013	0.499406921106228	0.587208343123215	0.601943085205553	0.586489728467913	0.587950188266044	0.827689302679079
0.721142429638061	0.692968741156864	0.645850669699701	0.834830924950547	0.746748608517244	0.731677019478914	0.944686493261038
0.626238607679317	0.575975708366889	0.64436224920106	0.834209879350583	0.758135208162538	0.736286009282897	0.915108445864605
0.530375170222968	0.529550200006569	0.65648587808732	0.706698057220976	0.67758010180044	0.65952995575098	0.938364490445683
0.576236618166065	0.596016070963129	0.649592834304845	0.775215480917493	0.704869306463519	0.71378619489907	1.01016345499379
0.491558840241058	0.500527654922643	0.564526949815892	0.58779562882331	0.577567862599645	0.568814562587976	0.70912696467249
0.497350777984703	0.478586386489362	0.567038082073217	0.579363604251227	0.56840823061541	0.563334618213301	0.738938449118838
0.529086942681232	0.529770838572291	0.630722358781642	0.688866173136601	0.63224513733717	0.634361516854812	0.887292615456697
0.53756564203451	0.550557022376321	0.570932650198067	0.692232915397795	0.634871643761828	0.638285710129764	0.752436935622327
0.53843471798013	0.526674462134033	0.632720110070484	0.730469523744593	0.670168985125496	0.666356765220563	0.918870644099735
0.507702331878635	0.514656456175603	0.637578251468599	0.640904800091998	0.618300863270947	0.620734711659356	0.925997797752951
0.515378607019747	0.508699600727553	0.618712383830061	0.630722022213312	0.639555172709176	0.611948179352477	0.875597753076065
0.534555766536589	0.561878486369153	0.523939277267522	0.642526274793374	0.576488152619514	0.582047790496131	0.610541013918758
0.521474490432501	0.50441213998045	0.607842327899063	0.633454671917486	0.618466669216706	0.603722903102055	0.838615803688213
0.481025205383728	0.467703695708254	0.542406039414998	0.590393039791744	0.567111323238723	0.57793530860683	0.697080389925744
0.549060619307652	0.554345253776183	0.651331865463505	0.725499319480522	0.67079601977652	0.690734004167535	0.991406672709962
0.518799316150166	0.492320233524271	0.591460949676943	0.62438744204092	0.600907860990167	0.580110821138476	0.803995704064274
0.50405212004574	0.522607890348101	0.627510538390066	0.626666474153682	0.608419807259326	0.616157021504972	0.886507469459383
1.06481229571159	1.06776882113368	0.638778019220758	0.958955155730122	0.875480146405989	0.852304642912095	0.877061057957777
0.589278549930927	0.582037429234619	0.58629051606306	0.687309807871875	0.632825501650977	0.645607909818443	0.738564738088786
0.494121272453583	0.486727965672727	0.570674389080888	0.596922191657126	0.582242804439123	0.594318336429234	0.734958644676755
0.478517298652313	0.474458220483217	0.566416861303162	0.555911149856047	0.557262106635532	0.557371176911146	0.739578576115547
0.548839257333402	0.536173571520415	0.642347606278807	0.70569891754365	0.667652687873993	0.662677950337933	0.938220878478641
0.508401228487769	0.504325591362581	0.611250692973553	0.59306900890199	0.597770927390735	0.580620574288399	0.866793949929614
0.591036847271439	0.598004912995982	0.561649242127531	0.666689868785757	0.616730728501887	0.607372902531309	0.741445521870339
0.499898745634806	0.485494039492131	0.588175662456962	0.614461102299114	0.596983519270435	0.587994115196289	0.810834792288975
0.475576535088581	0.467595794636584	0.514678144929171	0.545953125704306	0.534986026501292	0.525553065599024	0.615331758265107
0.516869884175528	0.512544744709675	0.635697274804503	0.642670258451344	0.613168158338225	0.629257423710807	0.928442861920393
0.488261054189659	0.485840878267108	0.584514567684098	0.568827380594401	0.57951842523595	0.571985302304183	0.775115150331229
0.497241905689978	0.517507030831619	0.628856403867676	0.621831327598428	0.616462335210784	0.616448100189503	0.918808192732165
0.514481358185779	0.507667923497721	0.608007117096811	0.660866755121167	0.616925917705477	0.605140261071053	0.827139229640131
0.559617289444106	0.537079870298559	0.607590732674889	0.721075334278405	0.665896267643216	0.685642102365559	0.817302977215914
0.482396774393663	0.504630307688263	0.606737109847927	0.581825488870367	0.574238820236026	0.550538323014708	0.786784085484661
0.530694568503336	0.548214313974999	0.627008588286334	0.705369575317645	0.644424516406633	0.666858897622221	0.916104022066938
0.56201581062248	0.562172238736998	0.572919862448119	0.69350154046541	0.643578913649363	0.628167859886006	0.777876082185407
0.51250692361638	0.502817459392242	0.571949058550633	0.632049597812821	0.601878143477088	0.59678107615276	0.750621889472248
0.484179767186089	0.48459903864642	0.598015394855758	0.580258579922064	0.58445340750936	0.571175063096924	0.816741202396325
0.555737529262775	0.569520020225469	0.628263845314387	0.78559297515314	0.708542047417347	0.680436696121371	0.902740064542236
0.506135656647674	0.513818946662671	0.566374395531539	0.650744578914219	0.593237476242734	0.605122036996107	0.703401169518508
0.501195283163876	0.493464231154476	0.585046371287403	0.582492283477931	0.571648344502948	0.569481335539706	0.798728146435234
1.03330002064345	0.989732667943312	0.68739880038766	1.00451528697793	0.879703025160964	0.84846129291865	1.00702702421242
0.485151618443953	0.492093185582634	0.580600143531038	0.570802330867016	0.553969954880931	0.558511245474225	0.782472003400505
0.501802639045966	0.489750349127952	0.602617990951687	0.603066722868802	0.602356097605253	0.604827299143384	0.819069925978975
0.479565077176513	0.473310560655576	0.562423531533197	0.577439286601818	0.567302668712696	0.564703635292671	0.738459640543738
0.662204687893954	0.655874390962819	0.650781339135633	0.809301626746739	0.712498561325431	0.718601098833807	0.952589910369546
0.492623776497716	0.507321240766082	0.575227974791956	0.610252410978555	0.58588803260984	0.593335357544777	0.768397284364218
0.556033869925934	0.546673814090638	0.604213221842994	0.700985831603973	0.630308625225023	0.639328018698775	0.833873466552175
0.519359853319073	0.514984887499092	0.575080399844316	0.643158172735603	0.598877905603448	0.591829209894028	0.775378441654261
0.524977408072119	0.527023494516917	0.580716617588389	0.636548046020749	0.62258876093353	0.606374032388909	0.778320158013002
0.518330803382671	0.516106816834909	0.618068453321712	0.653342154793969	0.620769960191766	0.643440132822902	0.921908452328109
0.969097395850827	1.00111097213555	0.640665837218296	0.930674632650111	0.82074930417251	0.810241663790856	0.867713668767473
0.551318414251415	0.523316176841363	0.620238798634421	0.699031783025031	0.661177202637841	0.680792917150909	0.898313737662521
0.504563896318869	0.51044820750434	0.601811290604017	0.637807473760751	0.616449122897861	0.611290396579453	0.844790355571249
0.499028705739359	0.508679253166487	0.583606176301206	0.581418143233133	0.593366001326762	0.572178769186857	0.827960722328911
0.520828647033987	0.529176098946699	0.598581226355736	0.677619413720167	0.643874843558624	0.619917278606083	0.839536963554841
0.621200858910472	0.579137265958486	0.564664816357212	0.696796491975403	0.632101980455201	0.625486820900448	0.725914167118177
0.503560477300303	0.503826352145823	0.612611203329119	0.647245387310914	0.618280161544839	0.607747924113228	0.834098895574711
0.491278900317569	0.48733134412488	0.581673525816168	0.586357772046604	0.575155676441046	0.568214770393886	0.800823953115648
0.483301707350738	0.486810898298251	0.59028657785569	0.584107616192758	0.573906863004677	0.568673362038657	0.786353915046312
0.508948074164171	0.496455214330867	0.594769022201704	0.604084147801246	0.591308486377333	0.577578230763496	0.836162753805711
0.486771069826033	0.500060421799882	0.574773149059727	0.591393287239311	0.552151247619981	0.573456699146118	0.77143828857384
0.494791304691697	0.506752077018053	0.606220065092438	0.613902315244012	0.573489403136195	0.602107684484492	0.840314775997034
0.505686903192048	0.523465810020385	0.601389119559472	0.647192987720688	0.626547778277404	0.606555106473328	0.839751258461123
0.48726607289992	0.477367987985564	0.576941348956648	0.562581706782373	0.558864013693845	0.563901993561433	0.784502198281596
0.488563653209254	0.49126369239915	0.555066718664869	0.632449437049184	0.577483074220409	0.5930240866143	0.725903317925479
0.726760647526905	0.641102910807897	0.578123106913148	0.739169884084775	0.681998068425071	0.68398777739361	0.76558902557409
0.487084979924645	0.483203603064058	0.579324794082385	0.605346007919738	0.588691154573772	0.585335043505162	0.799824012609911
0.523416256281898	0.510440119379113	0.628141579038565	0.653137959027624	0.607783324880973	0.625065195129829	0.930029915547403
0.503681413006437	0.488575632637102	0.592157401504272	0.633623030412276	0.611091341362438	0.591904971608781	0.815185827470328
0.466981075785696	0.470937011958365	0.546146027330059	0.568929249501889	0.549848751240825	0.559541303300774	0.715612370175675
0.50023679342467	0.497966958651083	0.594457008116672	0.587281930106275	0.571857960217187	0.591740187355586	0.82790146628868
0.50668340921181	0.512514396017103	0.615217251655306	0.618070206382618	0.615457783536946	0.621590424648915	0.898011568429562
0.488627933193481	0.487660113650999	0.582916631133823	0.562095050263897	0.564303119797463	0.544725856955629	0.773928062464088
0.675129953585664	0.64919705705349	0.582331686455832	0.738879454483119	0.679095673409668	0.661675329372709	0.749506434221519
0.509518190203871	0.507701696634111	0.613026727009486	0.620928739903472	0.600206786660724	0.601005168460968	0.845932201191763
0.476802171130877	0.495351862842802	0.560332785177489	0.602828883506823	0.584432564592801	0.567840711004698	0.731703213744261
0.50167903406144	0.514069966057698	0.621435847127589	0.612137773738805	0.588328327988302	0.601267012893191	0.858688706345962
0.50026523560483	0.518591330911227	0.605747643702825	0.612589117270063	0.615073727033574	0.583640494999727	0.865018792700526
0.514389557759653	0.512876277346516	0.592897731967199	0.589184749236416	0.600935385740612	0.598627616170627	0.858004389741637
0.546461327651513	0.566177635746762	0.566615354342698	0.645885762155969	0.613091744791413	0.596995178796233	0.717378400568708
0.493774010864177	0.501642962506115	0.592645378491791	0.585411129113261	0.557123806699441	0.57911659219787	0.811317827376726
0.58166370262493	0.546486642533555	0.632577200054602	0.741319851020116	0.68464514291292	0.688789283426914	0.866380035892298
0.515897464880719	0.51174182658691	0.600596869327449	0.664688651368768	0.618222150131719	0.631637796413428	0.824368852730175
0.539652752485929	0.540123098629156	0.638775843113081	0.704086286354048	0.679065367730382	0.665447340613562	0.924344202503936
0.53144797033938	0.531936726422424	0.63452492384452	0.706825448265981	0.653819543166659	0.649531454386697	0.923434689853373
0.516423210039053	0.505866143204094	0.60268186716918	0.626867214831489	0.615768797193528	0.596478638657933	0.868019521443578
0.572243370130854	0.563920251860281	0.58759571108546	0.718577763986768	0.658526140109317	0.671852665477637	0.784535836989286
0.513103283475038	0.503975724733038	0.618162706224927	0.649117585592719	0.631710811389835	0.6146070283686	0.864786864370305
0.484184445526525	0.504501964600175	0.606716746371748	0.664651047597806	0.622905927658691	0.608208581598988	0.800412306450092
0.48764622959384	0.47126850121908	0.552699828863207	0.563787039886827	0.54851315539551	0.554847826301566	0.750834656168112
0.557347072545518	0.576891978237871	0.541552506659326	0.660969899413844	0.603152979937411	0.610483593399373	0.723205698823648
0.512577692000826	0.524277050123056	0.620093557484273	0.606769204080611	0.59307587288842	0.607030884038838	0.873843934556398
0.491009671541497	0.504009679969213	0.586422499488433	0.630662598707934	0.589701111209873	0.59036801045524	0.730672455020125
0.512569154509797	0.499021974500593	0.585214768002582	0.645362165526356	0.590974716172228	0.601184359243055	0.753421261306052
0.526634702823653	0.510578587212911	0.597368309106832	0.666369719829222	0.608214759635596	0.634826696503185	0.836852798276185
0.529108180826412	0.515284248637768	0.635827360368131	0.638449401049167	0.622245861581228	0.620040868457591	0.913539433921022
0.48143622380404	0.469198866115501	0.545550333994526	0.575510921582553	0.544295133772102	0.547147097304335	0.701611842295563
0.572230570615806	0.557765029028426	0.657365756790133	0.749636825063379	0.68702261965734	0.70809840454859	0.990517272759328
0.518824620314466	0.521326869331048	0.594938933234947	0.697570800468688	0.624314366748429	0.628777223111623	0.80437812939873
0.503466005387525	0.496064637846154	0.60573426217007	0.594753610464597	0.572107539388249	0.593593758717048	0.851038162164983
0.477303226773799	0.462686052635367	0.539131478308065	0.555600779806248	0.541276350589218	0.525792110396272	0.685236912201805
0.49834284273567	0.492873352428307	0.576614829826193	0.602123067331719	0.582567727263915	0.578414473235351	0.797183178673144
0.560369478329409	0.58895724124115	0.585696446622293	0.7123651995769	0.645255471900183	0.652041072594718	0.771578668728022
0.567746126770148	0.544230693447823	0.69429326314962	0.727355749203776	0.708170158724775	0.694062963130885	1.13995985135361
0.530645846596229	0.553219396802487	0.625539071261939	0.700855346491844	0.651101437163641	0.670127299717297	0.90749355068664
0.719438999320333	0.719754542664474	0.663347171884259	0.891103234245463	0.75559831733967	0.77473349836174	1.01117707622594
0.508387631185863	0.506358551929647	0.604497577914356	0.591459799980887	0.592848433010164	0.594174879659245	0.872563066034462
0.530279969919712	0.540911127010197	0.599589387825597	0.697060306516622	0.647224444138649	0.65688970356823	0.784907875830953
0.523061680490177	0.507291852684709	0.592569321839339	0.67420204701865	0.631895705146629	0.618782518403759	0.846766697394358
0.773484615097827	0.763248933692628	0.645036908850527	0.837605026000218	0.769920529086226	0.736588117074161	0.911424015202524
0.501356254751638	0.497325155004694	0.593097340104423	0.629365037674068	0.602352141417437	0.596635325918369	0.800483112558323
0.492029204021649	0.489509306510408	0.571852861260911	0.590192035383461	0.562595778832632	0.571304909004708	0.753489785991251
0.47216176283855	0.47009380267397	0.549681823993618	0.548031335190249	0.537769020149078	0.537645208117141	0.701057955993654
0.528201133585154	0.54263083912534	0.61643223449882	0.683365487474205	0.642990725076008	0.636917229897193	0.839002602967535
0.497252968837163	0.494537194990031	0.601356909556456	0.584971331255392	0.564428911833228	0.57206588631704	0.821948023730104
0.60020342081324	0.636846511896941	0.613978426475456	0.738787133526367	0.681776923901009	0.685930235437155	0.879591945101903
0.539275429171386	0.536446954982597	0.646863546412822	0.702456773764433	0.662316409152241	0.684911466907242	0.971181517009794
0.547641304268738	0.560470242515699	0.623841116141832	0.715235551426666	0.671035968862471	0.667172756710091	0.889298458238627
0.499381822313284	0.500296311264087	0.597031020538707	0.618366669489604	0.603903988920814	0.609176044222676	0.806837235546823
0.566959770504892	0.536656719478753	0.612219272238651	0.72250201899712	0.668219631948277	0.650853990335861	0.85233632148424
0.526998174603635	0.517728391605935	0.618425761539194	0.662889711494099	0.643009368622633	0.650275001648606	0.86171642020445
0.511027439650939	0.506706312474207	0.60657637472937	0.595768869190353	0.592792809934879	0.60358495754408	0.871182780705913
0.622500589931029	0.607065185911539	0.632102534410671	0.760227144844199	0.713662217509203	0.703876595399421	0.906434840039652
0.508243092431753	0.512553371998095	0.626310200341603	0.624522753335033	0.617601536399671	0.638276400987449	0.924558541379018
0.492836005436481	0.506808078206771	0.600012633073259	0.628933201412613	0.579678585805913	0.596233313155254	0.790681684565725
0.494430111778709	0.495751237768524	0.586970906970293	0.632396649359952	0.589157866250669	0.594784385427354	0.817297950138122
0.527245143290707	0.519342464761476	0.616714892406634	0.626286399548553	0.599251764132987	0.600966928817647	0.914475620379746
0.894579753678027	0.899414486573955	0.664378020535408	0.956317984250372	0.817581238806341	0.832624628576339	0.970685452984384
0.499446443007345	0.495257526996811	0.576755127046172	0.615207517846743	0.597817000393709	0.589324561333439	0.784484546319866
0.494012997235171	0.485410922159912	0.594984688104376	0.592056134616892	0.595964027012122	0.59407079031038	0.811372356628845
0.487947270614357	0.480553807135553	0.5548480929588	0.604846404457805	0.572724711872786	0.561603273549646	0.706598905874197
0.528808673754484	0.536397843361563	0.62078442109335	0.692605936799391	0.662400288327716	0.666380670725149	0.889330679511134
0.464836116349762	0.461582783108616	0.556422029855836	0.538417816839318	0.5231604332222	0.526413474295999	0.709823676536395
0.547404849570698	0.537686818026687	0.609954597817666	0.695705757487425	0.668126618644895	0.664060089805696	0.908253576607332
0.547752245940946	0.546312929339252	0.54354417171679	0.627063594112268	0.588539857914352	0.599044270021779	0.717346629710245
0.536425420234203	0.535964680269533	0.650439391728926	0.722809904143803	0.653790562140892	0.664413390184031	1.02564111537087
0.506577562135847	0.51008242780761	0.533258014851158	0.601353153381764	0.552674227818994	0.567555466327551	0.669359418517103
0.492812835823299	0.514857740958137	0.598541648457087	0.624523718150697	0.590351952648796	0.604354332105195	0.808674195074954
0.488966469785738	0.489707444840981	0.596654837037857	0.578893100344017	0.562665961859448	0.554781491481969	0.817577155606055
0.525805634498064	0.522288070865421	0.597589490149994	0.659489881301722	0.632728182512617	0.628570203612532	0.82896663170321
0.516480362373803	0.511382738258822	0.624300514816163	0.60710016159206	0.598971205782674	0.607208836394406	0.889527802193879
0.516418592624443	0.528491881825018	0.654661110193504	0.645786469556231	0.630741022356811	0.633913362934029	0.951419007501491
0.535794775164838	0.54297993888443	0.553694575730595	0.67769865532279	0.618000256881653	0.644806517252445	0.717294957772009
0.758548092530973	0.70606438259082	0.6359094371409	0.861364439557852	0.742531867549183	0.737321245740674	0.923683192453386
0.494053392905298	0.492658260846089	0.598290578016616	0.597807737746531	0.572151634228833	0.591529997478635	0.812119699895175
0.836790219595339	0.844540702195778	0.548691561499374	0.731401168870192	0.673151018581859	0.679403510576969	0.662719588495107
0.513350257960143	0.529064147369404	0.615115596880393	0.636623907149372	0.622512836254044	0.638346745509044	0.894137585619288
0.527569364845505	0.529894160548155	0.63755307298269	0.693776940429269	0.647309298417618	0.651231267924245	0.993379078612759
0.518810176943563	0.507810065895306	0.619194207691535	0.637377451585029	0.64668585964772	0.635989424620442	0.917054215205821
0.492193082131926	0.492134056311401	0.569551878112732	0.594617096663729	0.570720598955569	0.575516612471225	0.754819949267528
0.684524977913729	0.690188935535496	0.593734102397451	0.770759094976808	0.699724906876696	0.707316391959386	0.771485911992189
0.480502948092966	0.492087811766843	0.569334093107019	0.591284549813922	0.570639162987998	0.579730746358311	0.750030411312631
0.51061019444536	0.499820871310069	0.608985149215786	0.657892763180517	0.629737252190278	0.631077692309928	0.849409001758647
0.489323580741829	0.479136880816266	0.555835745141787	0.595329415932766	0.569633157147798	0.563559168259735	0.729871221826373
0.645691321979704	0.662905128470983	0.577882984429072	0.698471491537481	0.662044053238946	0.65722278507463	0.750056442353184
0.476778406254436	0.472537498468284	0.56745451533995	0.573641510973048	0.552407580204348	0.568218903595856	0.747001119493049
0.504631400566498	0.498200819617392	0.587555643464949	0.618653322697311	0.602798884308657	0.593986858981921	0.81429837681558
0.664503262728696	0.645816039277055	0.592268271639927	0.767887977571123	0.688893424110905	0.675410946724004	0.78433921751898
0.515242490884237	0.514554143483903	0.596861256531559	0.600262816817684	0.602584924733805	0.599369431632723	0.861722238856421
0.519716341093591	0.521211315186285	0.592284652282662	0.648719042483372	0.620660671451127	0.621143564285696	0.831424127251543
0.530228386623518	0.519461945711553	0.605680143316754	0.68319410103059	0.633530923462243	0.644306703937307	0.844851433127462
0.525238933305494	0.525611919171618	0.600679706629674	0.682513898985829	0.651101984359347	0.64208197453602	0.851707648438154
0.540709052153721	0.536929357539395	0.615847169658283	0.691444286065683	0.635768569730724	0.651781254582017	0.918652568045902
0.486477958920942	0.483144161466292	0.564984600085948	0.564207840963524	0.554010928363323	0.554992514750687	0.788612861308029
0.78007606683485	0.789422289241756	0.580704098175752	0.740071718512842	0.708244656908763	0.687207093194535	0.779734681310856
0.471676677790228	0.47078898572807	0.551023803810956	0.557000155243856	0.544313311252966	0.55247005719898	0.719354308154633
0.537646417423349	0.516077853865484	0.636378858106085	0.697620830466435	0.644907190009145	0.655495004467151	0.914862523647028
0.5666055656507	0.573099763285451	0.619218581548292	0.735121024592757	0.691903182375426	0.696837749957695	0.954540427387996
0.489350122301136	0.494563792509325	0.59957128526173	0.573529911544496	0.57233898227473	0.566546972929749	0.820105849959063
0.530380262761889	0.536577257752741	0.66972259737876	0.66157734489711	0.671393056832882	0.660597404497399	0.99164527948076
0.474336987284045	0.466561460784932	0.569133086464444	0.538257399474681	0.555760879056663	0.535022486730324	0.746930263383768
0.50432480932677	0.506161208267575	0.580010603395305	0.625614521466507	0.594428650408484	0.599109117749965	0.780565116615285
0.527092289040111	0.533249298998837	0.64334115074713	0.656485608807621	0.617261775392085	0.637318283674907	0.92286517682799
0.502098150288327	0.500759825788717	0.595599995977482	0.611606594584375	0.595501656152398	0.583374072866932	0.818359738074538
0.510812077643495	0.506938311037268	0.588100062349755	0.628052958932914	0.620994113752911	0.60064369434135	0.817325213627524
0.51884424402492	0.512650241377962	0.626907590952057	0.633184092981026	0.628601889795114	0.629750910713219	0.910162456568379
0.510646441825378	0.530657235946748	0.611725167799663	0.671809682326434	0.634112739884116	0.641435368871602	0.847889114164619
0.463115194772427	0.480318045165543	0.557856212777368	0.585944396985025	0.550525162874591	0.564821574275222	0.717202327641994
0.502751052450619	0.510360010321918	0.616664331119504	0.657970462950418	0.63177825897731	0.61796372542944	0.866785011272118
0.465045799498137	0.466532952097445	0.526576731048381	0.561321597672886	0.551939146188115	0.539336807673758	0.679506170638784
0.511794006733886	0.510012925968074	0.60591954025944	0.611156913058646	0.599556092174318	0.604783092092156	0.893721084187532
0.508935336351405	0.491844589673522	0.600868466714156	0.609445797548428	0.591477552523418	0.590973524808655	0.842479865915593
0.49444432744501	0.502329566475462	0.577729338344209	0.617358404478658	0.593109741978915	0.590330417535677	0.785031701290078
0.85212558266555	0.876589337728614	0.579311973490614	0.78089062328437	0.720449747788662	0.731922000914211	0.749721988184143
0.454499386306336	0.467777713084736	0.550544818839753	0.540760933788914	0.551170192120715	0.545695203393056	0.720523760023073
0.698344337066089	0.686691806875364	0.65145579442009	0.806235897438894	0.734357473723245	0.700149534670896	0.85996812947152
0.517523027355778	0.516312264399256	0.588404443093008	0.628310331625691	0.61077122575895	0.608852842341297	0.797190130891441
0.550285652455358	0.545593853919371	0.625267127774296	0.724561820591828	0.671612506274863	0.678186735364241	0.906447693514033
0.49184673174391	0.487748280275373	0.58590373434362	0.601901673338354	0.564391998885051	0.578111860367046	0.775115477947146
0.483146871545715	0.490247909121373	0.59296336667088	0.580208749783893	0.580844021688863	0.582431105913491	0.830372409822125
0.504872627923446	0.507409544720344	0.615966249005979	0.641963985146893	0.599751441868024	0.612238062169775	0.855849634247771
0.523358435516782	0.533057888485221	0.592124415054404	0.68892703887864	0.6467813920879	0.626563829451628	0.755903926027797
0.544184265659629	0.531310356793353	0.619401651534393	0.689974514347286	0.646525835527071	0.644618302116558	0.879499694528387
0.490095964794264	0.486004543021242	0.59837727960617	0.600019534934802	0.593059539786497	0.588332836533627	0.809388493192645
0.512843428298178	0.513223453461595	0.621621866061404	0.66093614132506	0.636906338442521	0.638674245434361	0.87575838073734
0.487326957035071	0.489665925581751	0.59358344232918	0.599276224849933	0.57463692128547	0.55946580480279	0.772255015998766
0.560240289215172	0.524158588858365	0.565914526730734	0.675433841518284	0.607684822318531	0.609875487183271	0.686903325755236
0.469492435710738	0.469222877753507	0.551965118455819	0.557660275312326	0.53645952860693	0.554821751624535	0.716588443178251
0.511863793251073	0.511110619668405	0.602016453278641	0.626004627957328	0.602183568630554	0.613322919105782	0.814124384159159
0.735059371177855	0.718801544071946	0.552809009575259	0.73204263869578	0.656948536103668	0.669342300373266	0.699697433027359
0.442416368061068	0.450606671197532	0.528027836716759	0.537263081765551	0.517657795231301	0.512657506122533	0.647585172335205
0.816567252760584	0.834474538550758	0.578500143683878	0.779244959629429	0.706999666429113	0.702542329211279	0.719349961397533
0.508705549445458	0.504138133138839	0.611444005488685	0.592971569069517	0.598510712330462	0.59821981875245	0.846430760831557
0.485504695698065	0.483399139469718	0.569914710170992	0.560078455148247	0.544090870175325	0.547611753102551	0.752440400679774
0.702006873818174	0.658161383954536	0.626580998792678	0.799381974603433	0.739434725704281	0.735382488831544	0.882816029337446
0.517753220575615	0.516358884214569	0.624029295135325	0.649680217382658	0.623615916721465	0.627642722904122	0.924159224065557
0.523659028820113	0.52410352682076	0.630056407026625	0.669480726418355	0.627193795742653	0.641840414995762	0.906239580656203
0.602371981176769	0.593895358065571	0.564223304151154	0.662162708913639	0.603014804370905	0.60449180758606	0.717155947358475
0.471869110956579	0.467478344823994	0.548614287104889	0.578520467809447	0.552269232114826	0.561536142094347	0.720068765342571
0.620382349311165	0.572268574224806	0.627581638672073	0.790432563510507	0.724010815287064	0.716297012531658	0.856277640129788
0.532483068422211	0.541134289704881	0.605754390334227	0.695248215627155	0.656080002015157	0.657507156952565	0.850811164297606
0.733512209496803	0.718136990448763	0.602685805200605	0.789261413416872	0.718531426597614	0.703280587534233	0.81280758283432
0.500042733075955	0.488339595402323	0.589764204147686	0.626111227716491	0.579022007846576	0.591733911974831	0.782701351621886
0.487176012650689	0.488224971524604	0.559556738448831	0.58259161444434	0.556883453783019	0.565961446485062	0.744524746759493
0.519876385620746	0.491246304522814	0.607740757355444	0.641889131152542	0.60593815295749	0.625235134599768	0.845862432818676
0.733948922535893	0.754333102069859	0.632980201694808	0.838004264587744	0.757770590275083	0.747028577784323	0.894285294387299
0.719916529209222	0.716016887649801	0.57326850880677	0.72719485540968	0.674928771604065	0.659367855850642	0.718715278380684
0.523724440006878	0.532077810336677	0.64512974711255	0.666431278308171	0.63840174719188	0.624202781108791	0.97737866154999
0.530989307981052	0.54804806191731	0.58608514397089	0.712433183865347	0.640927960083013	0.654380490694259	0.817774869261745
0.948616353457233	0.944776134414501	0.617080229101148	0.85577728361573	0.794940336930831	0.765118988903286	0.806733883099585
0.481087597258708	0.479527261665066	0.567425956447047	0.562109809132845	0.577589701571616	0.558391914797349	0.763841995771295
1.07330750613575	1.09807235703647	0.628587149628747	0.95461011275677	0.859838612950383	0.870008717632216	0.822636717995127
0.47732444633658	0.479110284867169	0.572896707602127	0.55812568835507	0.552531853402217	0.552652822608293	0.765872952513021
0.502437812038885	0.503036624025984	0.55360286801255	0.641100839604962	0.601036855335918	0.605336332126152	0.715840137832782
0.497600094769778	0.498572469385501	0.611005912666243	0.592849888557265	0.588507954098892	0.583419451463411	0.850806786988967
0.469357911712521	0.484266223625006	0.566116076956382	0.55948323109466	0.551871308059076	0.541060133612283	0.743666697991497
0.53612741759442	0.534026871171253	0.621034401014879	0.677704248262193	0.644848296525918	0.636594093323074	0.877592207397663
0.498937846619505	0.489573476746929	0.586404239502776	0.570227689764736	0.584883993154889	0.557453617219398	0.828659447732611
0.500222755793321	0.497852567219832	0.586959665354423	0.622081113436237	0.575112760059317	0.580276197228881	0.790330299691644
0.508205061173406	0.504443757518132	0.593408823035417	0.646410775498322	0.619054530361069	0.615573262043104	0.828035063228819
0.491923265253934	0.490604485706202	0.568017553083005	0.583194927480214	0.579442141884793	0.573259208482287	0.772413219034258
0.532161242078952	0.532398359444503	0.626551860425118	0.714910794436741	0.661118069688048	0.657076923485214	0.921290146986741
0.501149405226241	0.507438463308226	0.591031730882899	0.631546758691016	0.60406666478745	0.595778366665407	0.781744099520399
0.564335019019968	0.564641281463002	0.575090202671443	0.652615547872933	0.625387249469173	0.62990593264479	0.758474736581495
0.496316416818503	0.481860293887207	0.605491226213207	0.605384389550254	0.57235621882871	0.591238384851527	0.826901863697533
0.515395860457718	0.522596803822376	0.630630969613005	0.645100811721302	0.616829804213608	0.614330618303172	0.922494774315132
0.474501869023509	0.483706094757395	0.544744897034974	0.54478736550666	0.544252354689063	0.542211597061692	0.727208343780527
0.563466746208145	0.550087237623344	0.60829362044056	0.71643768032889	0.674738623820745	0.655040198366651	0.893482274864839
0.51312435257831	0.501384663116463	0.605482170904151	0.644486899094455	0.6014945970898	0.597524499947414	0.833185500335282
0.472607814843885	0.476435317947862	0.56083498436123	0.55759118093822	0.545963203115844	0.54195336879674	0.730283889277461
0.497087528024826	0.497944922473248	0.588130299496335	0.599492506116505	0.58398310175859	0.590602485736867	0.80305950621305
0.61511072605902	0.593464232280701	0.672731474239147	0.800205527637375	0.705574805705358	0.722469845501083	1.04710635875676
0.512631630458885	0.494423067305038	0.608159610757511	0.607840224192446	0.593901986729702	0.581940221823169	0.852423611161604
0.498973908521291	0.498594842534336	0.599865138090845	0.619175644853129	0.597157184306948	0.602555522602261	0.865303238717889
0.590181967557422	0.606519780984698	0.584884979485361	0.702304691107259	0.659850544148454	0.660789643825885	0.804599382713506
0.46573878436108	0.46559014123412	0.538394197252211	0.551850050822482	0.533619113394901	0.542005374370095	0.69134007621281
0.47636495637705	0.477352597232723	0.562554017358549	0.573577296964154	0.548360175602738	0.551393402318245	0.732866934849252
0.512859559313162	0.499128205275956	0.600410913825644	0.645241728075375	0.60899712980127	0.614232949684025	0.844941686580881
0.493312811641371	0.48803252561754	0.589324896485588	0.568759854580676	0.573886899163922	0.573030136170234	0.810446416500359
0.466674717818151	0.474694749052283	0.55431234168181	0.544610502057813	0.53374351969227	0.533961384486502	0.736576083212124
0.487001345050612	0.48391167082727	0.553869292296776	0.586170278158477	0.56800310633158	0.56540822135629	0.725141187161861
0.505625975543775	0.502238952737543	0.626630516859479	0.625744411602679	0.604521782065949	0.603398081444589	0.870993853936988
0.781690967901452	0.797693743312923	0.624902647875299	0.850193837197895	0.752081477077282	0.760230200490086	0.889762065614618
0.535035084353738	0.541363240964767	0.589908407342423	0.713033318518762	0.657908956086252	0.667918393205387	0.792193952334776
0.50478390365377	0.498697796513386	0.589825352236119	0.632584003918671	0.599953420240445	0.598070897298012	0.799622170675161
0.511263538409952	0.506547507095358	0.623608839036639	0.609787347481745	0.599658747128107	0.618263247363	0.867122778751836
0.492279131859468	0.497037903038898	0.570460610281991	0.627474419812184	0.591680649619923	0.590013518235879	0.745869026244611
0.489545424028814	0.492897212099466	0.601298976112602	0.601725740325058	0.587980545819482	0.598554922870467	0.807667372301989
0.522864300053815	0.523721766480735	0.610938549289824	0.670957830348477	0.634292027339451	0.625291910840202	0.883800470430085
0.519605894388689	0.524889958805031	0.618551875394066	0.643838208883329	0.620644550563461	0.642829313104889	0.8995098047398
0.491837852042362	0.502592416358861	0.598629671055205	0.590032210039719	0.586557762611031	0.578968535010945	0.819842716552781
0.515401000697188	0.517033529631738	0.597956082781241	0.628927076253541	0.608026002065998	0.597910100999282	0.871524128366348
0.542834731482307	0.574038656370091	0.662903391412587	0.692243072421262	0.681223608346612	0.663763957726512	0.9806504776738
0.541445814479527	0.546224834211116	0.662840694207365	0.668467523870827	0.649953994793818	0.655037480233143	1.00473990178984
0.486100469902685	0.487466219092549	0.566679382573491	0.571813812776177	0.566362659327835	0.57976452311779	0.750929028359209
0.484872370004786	0.481179977936776	0.575365847292798	0.587502982342765	0.577352167102468	0.557344962695168	0.761205368317874
0.532501914945489	0.521386275110996	0.595675990123626	0.670914436176264	0.633751024425668	0.618219090525793	0.846633633993922
0.535138908687034	0.555329530528126	0.649327267386953	0.707859259315457	0.675080196545459	0.704725348412745	0.985836903354712
0.457310705623871	0.454211892641861	0.528041357949768	0.536158796931334	0.511007552918815	0.528225513655302	0.654022352552802
0.516652744884713	0.502689403608986	0.609927594545873	0.653537553615309	0.622822115616468	0.641907238871229	0.871353915475244
0.508592153137776	0.490851073778156	0.599602597227636	0.628559948766269	0.593729930614907	0.600713158246441	0.801754317907992
0.448571732672608	0.450896404255705	0.526298736480637	0.500676708269981	0.507238327554365	0.5003339640338	0.661810588817065
0.449672702055755	0.448853595551439	0.533535976507507	0.521506013620053	0.522341309706773	0.522359609498235	0.663811483737567
0.492696704631262	0.488474491473994	0.585129575168049	0.59488836281308	0.577679446352327	0.559439958840108	0.780067298535209
0.506503609325969	0.489316680525412	0.568593326102749	0.606377568108845	0.58248170881752	0.579695255010293	0.745628142615931
0.502184255756465	0.513477955771682	0.62980979525605	0.649077691931274	0.620663412455374	0.605373074166036	0.897504939698993
0.913728747761535	0.932919511776793	0.618080873143451	0.895111113397685	0.791488879065126	0.793966356925113	0.865215247238612
0.54373409003527	0.532173167416604	0.650426066520104	0.709251978119628	0.679308557569371	0.663596278316714	0.970399345221826
0.426853030386255	0.438530200121958	0.495594495540153	0.500209699159134	0.49315225043803	0.486243649532483	0.619014249156725
0.454641274840597	0.45633967805303	0.526582969795969	0.523372993931216	0.51793537871925	0.523190452867734	0.663941924797816
0.497697016714425	0.50488414745217	0.589987829735317	0.631501641280334	0.607557068544818	0.597556146146606	0.814288418102944
0.483739589800612	0.481626414349602	0.583025385671682	0.575281078544643	0.555977563204673	0.569095911979286	0.776534547713809
0.494116773019307	0.504452458064569	0.595628929350762	0.615750158364536	0.581555949380154	0.597448148003809	0.7804680178247
0.543719110670079	0.529218640227237	0.662251479842831	0.693136193615268	0.648594244977449	0.673215959586071	1.02080357790933
0.500481626385928	0.502724065625223	0.604055864829832	0.58814898678451	0.584883635826824	0.561707186271099	0.838892065866901
0.609783341122738	0.633984540620734	0.589948169677658	0.708033366513299	0.653679514819496	0.639029462205106	0.763944452927126
0.456730368789719	0.473391487911264	0.553244564843742	0.540862191119312	0.53617724398895	0.527108273715554	0.695210769715198
0.535645049739512	0.526650338843525	0.5753023227564	0.670565749409936	0.617767044746092	0.629160859057536	0.758380045404674
0.548759070034187	0.558886290740286	0.633568937382601	0.689829704700096	0.669105199025887	0.667203859363528	0.876147810764858
0.530642897509838	0.531621405094455	0.641737780873605	0.658190382284932	0.631581477296298	0.650417617209022	0.938822014239119
0.479983357984845	0.49368572050777	0.578308689095524	0.579012152181609	0.568072518223512	0.548393089742182	0.785177483503376
0.504407387019372	0.503688547348884	0.600866131914594	0.625006714955622	0.610499596182347	0.593459465900567	0.802281741749288
0.657190258013464	0.593650205007217	0.635573801062027	0.794818935325492	0.722048516712905	0.712683675761932	0.916962151457569
0.569730353431393	0.592379484542354	0.553783242783556	0.665924801926152	0.624878887559487	0.621864365707989	0.695005010386726
0.540619520108758	0.563546739369336	0.616973273032091	0.744295446398503	0.684502154675126	0.675303904584626	0.848782767991839
0.555596144970231	0.555675162950798	0.627487467687106	0.721498907362276	0.68225043622419	0.67744510550014	0.872987736874181
0.481902696577189	0.465833892860201	0.560612846384793	0.55316520814051	0.551063830213934	0.535517387533292	0.725888421449806
0.56009097739024	0.53923071753794	0.645077008140475	0.752101902102846	0.688780848402005	0.710388765475483	0.904501428452183
0.530923267384528	0.520888676831668	0.634890383599342	0.654501891165359	0.640391114847276	0.619121281012892	0.892444514393265
0.59485341890311	0.600053111113872	0.607815218947447	0.754465033458426	0.682825103946786	0.686575362409049	0.851752423415509
0.497477907334633	0.505051407460779	0.606001225404722	0.60116585287161	0.596852600341406	0.616288381084258	0.866318450125792
0.496232984173073	0.521067590358433	0.601949633209044	0.619537833915063	0.600542143985676	0.597629347778579	0.863282770735514
0.883376827717202	0.870299331901437	0.627602417213071	0.848950554762914	0.770444911049881	0.776275150106033	0.857801585196126
0.512777719841686	0.504234317193488	0.585744317187636	0.636410483891837	0.615566965205792	0.616175634700756	0.833314200748942
0.541029200399385	0.524218601277325	0.610200834202884	0.679946025058179	0.639969370335807	0.632348691456091	0.84706328011648
0.539125609911502	0.5366621805325	0.633643390261746	0.715493331923065	0.669765271018552	0.679274878612033	0.894986690508906
0.540222841429476	0.551002590737018	0.58181107313623	0.692627666860045	0.644055426006111	0.630635097453931	0.790940704681613
0.498711097886344	0.49959236950121	0.594696065344944	0.574625721130172	0.593215772345298	0.572216164098241	0.811177380070782
0.549351354166568	0.560847511486858	0.640459587521812	0.731335361320935	0.684889505130546	0.700972753277648	1.00252345096727
0.489497341078021	0.482490978390645	0.575149143558771	0.561783916530893	0.577155007675695	0.562953103993266	0.785927365669408
0.518313066678237	0.509993950916422	0.576914989762534	0.647834857599001	0.617840490830042	0.603906768059968	0.761713124857496
0.498388238220355	0.49909001223676	0.593772669372471	0.649959674995263	0.59820714065157	0.617333889592012	0.774955257401876
0.502248599281623	0.48832072170749	0.585955075793857	0.611047852865067	0.577186574111777	0.585741437258981	0.765952852902443
0.514991322024512	0.509234332829535	0.625273150464415	0.620791656840737	0.593840367799492	0.609582099310036	0.891240325610461
0.512455221934657	0.512691020217353	0.600816557598641	0.663706678688873	0.629468390331617	0.623874361380478	0.819185500135533
0.497507583152714	0.487888711947502	0.578158709592583	0.611454314100361	0.588822775713206	0.576724211145244	0.784436886476437
0.497307142570937	0.501644056319805	0.612212633786048	0.593629057117324	0.585641018747024	0.57490821269704	0.847922121116601
0.670092311728872	0.643409547139477	0.653125713261706	0.814274825112724	0.724037204736963	0.73673260122514	0.965235350296249
0.464478817578271	0.466058191552938	0.549525162959989	0.531368715628508	0.525419670143444	0.542429172843836	0.696652990352866
0.524874008438893	0.511751991866314	0.623279362880003	0.680024239571199	0.633471657703098	0.619281859963117	0.868455238426584
0.497399110663772	0.476544314693165	0.592597471981277	0.594345058442231	0.576881246407036	0.582744908153422	0.816804787924536
0.541192320230537	0.52875315234698	0.622081282403593	0.713341556138394	0.657849201771336	0.641425231794309	0.837027863560321
0.501186821725813	0.505752367626632	0.612542133963475	0.641717196076518	0.609305811523676	0.613163178783113	0.861160377282685
0.527173569868438	0.539298120402639	0.613326483745685	0.652699343019915	0.62552169620671	0.640333914717007	0.843077844980276
0.597011693398796	0.591541987236564	0.604528721199827	0.739294035775082	0.682948849308208	0.687578068032997	0.814827029778223
0.486807013450991	0.519135815886882	0.577657800937271	0.679949376229731	0.626483456823974	0.616835839356535	0.771151371302782
0.521316132898155	0.506344584749984	0.585560511035652	0.648801397453815	0.627800368140117	0.612721092939932	0.799212909495763
0.613976484732024	0.612161605066657	0.652951389874945	0.784220522601988	0.719043916347789	0.709313809607232	0.9597038436522
0.471215993742422	0.48125980249519	0.546475644207975	0.551742745591667	0.542938373070829	0.537369505006772	0.727008654177809
0.494085712212588	0.505778763707382	0.613786517281653	0.634844802113492	0.627785296781888	0.605800929916278	0.841495386861912
0.488535655557539	0.500046147581867	0.560698581800028	0.599317562314994	0.572904226948119	0.564326194962161	0.727247932369758
0.773640605305381	0.761122645620307	0.617988246593626	0.822720316770379	0.740643258118696	0.749386099540984	0.84914795319015
0.516336186921828	0.521750205084653	0.644762206178077	0.645067321056078	0.643004353646265	0.61743706129965	0.920127725422164
0.513014542236923	0.498299912858272	0.616968803456119	0.631004210439303	0.616166189096203	0.613162982861248	0.855299452845852
0.485023433976706	0.490414963124015	0.585965825581154	0.558846901873983	0.572640475282374	0.57616163834597	0.798941464450236
0.496176272867911	0.499937927453755	0.600836767563632	0.608372192868716	0.587271740597421	0.58673343689104	0.804187124128495
0.508232987968745	0.501880912705269	0.584542355037586	0.62858136882484	0.598947278386939	0.591826559577673	0.763386824463933
0.543396309544998	0.515346907078941	0.621746796235678	0.68133298887558	0.643499577834494	0.652178268959475	0.895216722774293
0.501493850655476	0.507270228016048	0.621117567475896	0.596545711958049	0.593279885514152	0.578607529019591	0.854672095335595
0.511038879541578	0.531542750387695	0.596159842455133	0.684161856325554	0.619112356950685	0.644843486282513	0.849605129365046
0.525747291068271	0.524314331031005	0.628375366881431	0.641461447344298	0.628968503086968	0.603176621454022	0.931798758247618
0.489393210797994	0.500398488083941	0.599395317859713	0.601450195489754	0.597912401606476	0.579968593713409	0.826998103440194
0.485506855801847	0.500999362398444	0.593026005102361	0.575930109348946	0.575226813566113	0.565057063638451	0.806897165437295
0.481983128112083	0.495797036870072	0.574282120199793	0.565809154445212	0.550149424509156	0.550767329989741	0.777036859109459
0.534086959053739	0.565906344267556	0.576268089453118	0.679901167238494	0.629703405195842	0.635255360303123	0.753412214668058
0.535285633859536	0.525919713060088	0.62623460974944	0.68879947902892	0.643848500438873	0.645451755723755	0.908359072594209
0.524091154019967	0.520392754264442	0.624669307030436	0.655446162009875	0.619585679526987	0.639994733221105	0.900626704275205
0.631804534770737	0.606324836505464	0.589402544285195	0.686615581957344	0.629433464517826	0.650322369887644	0.755606641048234
0.516179925055791	0.53134052709546	0.587444544082927	0.650745836834022	0.625234525247965	0.634795834791759	0.827806170555132
0.823060220091984	0.810911407548	0.612490493908646	0.78458795818316	0.71732683253764	0.745337694847951	0.790188652608732
0.4973476921455	0.510212776782568	0.609056333970958	0.608811986945876	0.581393782997184	0.592906242645251	0.819172029604943
0.508603006150957	0.512506905953555	0.614831672626645	0.648158169930167	0.612608869875617	0.615754402618303	0.878345332900003
0.597501364235948	0.562751077831105	0.64827774963549	0.772910053260846	0.7292483694344	0.704312418382645	0.937532686318571
0.503073893001061	0.49117451112143	0.595223058761233	0.619867201407072	0.602257300358166	0.611686513550127	0.791230269557083
0.478354824710582	0.470897108835534	0.56704108814035	0.545429845833332	0.548066844803339	0.555076672905261	0.73747399884675
0.505745978336113	0.500296791206619	0.615025004047034	0.609516265565172	0.587242684691042	0.59191125788674	0.854921952944769
0.583845683672545	0.582942622671761	0.603280665297081	0.686056487410154	0.661994766857448	0.651626233704584	0.804681440188806
0.490530927326767	0.486605176108827	0.600985785303075	0.610312649527725	0.584766485163249	0.599131377176935	0.806779346979939
0.497875600339257	0.49724102926244	0.584297963096066	0.581594337540709	0.576089424410921	0.57108068561762	0.803160830642395
0.50070928072302	0.509770245451079	0.59556833751325	0.637960087158643	0.619270820165473	0.592019444343075	0.817312326006407
0.606385733121999	0.618294245532164	0.565524776558581	0.665719405591101	0.632183129266686	0.633887535116044	0.73843154240023
0.541054328293261	0.542278359006233	0.620004544839659	0.709775512378553	0.65627785202824	0.671255578838432	0.859471694558282
0.532276220593449	0.5372767207609	0.636526120061945	0.654403079817865	0.663948659077401	0.647913802291865	0.986111227664321
0.493653454199562	0.507016607176538	0.614368532643149	0.609031306623346	0.587535674313307	0.585944930434786	0.847771914268862
0.488770981305144	0.491855768319424	0.590270964679677	0.586807780918899	0.583618317844642	0.581697718782064	0.810893465895275
0.516345986908302	0.537469328584349	0.64217542681226	0.655534579920994	0.635087101372364	0.646962048482044	0.942289312602596
0.510925604986783	0.519670080268208	0.641064232436317	0.652396805742232	0.634616695957522	0.63779514862107	0.928854602515875
0.495811044077735	0.494742191156477	0.587739091112641	0.580535026446953	0.581049656447201	0.582461033565699	0.80764631539955
0.474661101352701	0.480720054106404	0.575402718587069	0.578884943765653	0.570756829309558	0.562162219802996	0.722517021438872
0.979214811810448	1.00182988558259	0.612987446467539	0.852373974399443	0.792252170867432	0.810814482310961	0.788981928578544
0.527413484293888	0.531872375125974	0.621055935824677	0.69175798247336	0.642720076703217	0.644607114043638	0.887342975636701
0.505735217795149	0.507810763833813	0.602297099688596	0.617143002742472	0.599498913362359	0.604835980473568	0.864862176839541
0.491894274203618	0.483818572370004	0.586830009623491	0.593827466750744	0.573590631205652	0.575786119767675	0.798049622239412
0.536874914330453	0.52743343567812	0.6559431371013	0.672506016192722	0.646890908879106	0.641957558805254	1.01996839913551
0.513907312359065	0.508533122180763	0.627432549319135	0.645139616525206	0.630277272598984	0.618975428953438	0.89299079351618
0.507633968701111	0.505410748402225	0.618232393051679	0.615243844698583	0.599379135178978	0.604658635564725	0.855977265990713
0.518090703032595	0.503920713117378	0.601602612395875	0.668795896879978	0.632712758513466	0.639121030795957	0.847997465121614
0.459631075784166	0.467535095990796	0.547552106454311	0.533518244633138	0.529250448594193	0.534257648263148	0.693706952157354
0.539234640762901	0.523366186267003	0.606223451228153	0.689192983691058	0.642414143476059	0.634944837057432	0.846745806307085
0.558195229271869	0.552623734838285	0.616179188673078	0.67841630642149	0.652423185424281	0.657948300718252	0.874922578674458
0.551058423173164	0.53613952632927	0.578277745233356	0.702456877747389	0.629578184191764	0.650046714165921	0.762247352130761
0.503130582963018	0.510884467371073	0.603428974861046	0.585983539667092	0.578226464845908	0.59625067369447	0.834380791491348
0.479790332754981	0.475652080516951	0.554445545493737	0.560578947483701	0.565034699046069	0.564090583595292	0.716206672136839
0.498372689837281	0.493314856752044	0.607938178896897	0.599320014272044	0.583850890305536	0.577077543994026	0.835536523966062
0.501791173418755	0.502520321166432	0.589369976532352	0.578654597531241	0.575830085621114	0.559858052309808	0.812889787070296
0.476379460416371	0.482214638692241	0.553532587796458	0.55917521911123	0.554484982758733	0.55022352397997	0.74846143341485
0.533249177845158	0.524423662087729	0.624059444727433	0.654962054220648	0.631262566515004	0.621136765647738	0.898126690790843
0.794892451901759	0.828949218439096	0.643243594111904	0.847670979570125	0.763780727677915	0.765418861456297	0.884829445972534
0.56293648440503	0.5570988849695	0.615165098468181	0.721937005472911	0.654637777857648	0.67299544440564	0.852337650523816
0.477211268954944	0.476161478778323	0.557200541720844	0.578933838466219	0.550833836189669	0.552506897729332	0.728765403525472
0.501696843852826	0.490887257896766	0.6062836191878	0.599517499649321	0.589589544789082	0.587147725127195	0.819811254660907
0.470159035599518	0.464402043070739	0.540882813220905	0.530796852398701	0.539474406824812	0.53478791746728	0.699197692703253
0.468466335719048	0.480926313672417	0.566661525116888	0.572179033289964	0.561846947619897	0.547138562854626	0.780777821360807
0.779376601508778	0.758823560220944	0.600254059934795	0.767700143736004	0.700781752299957	0.687496295393559	0.760345587514541
0.533248525092388	0.544530278779393	0.629940691196242	0.71400681157085	0.641235048242262	0.65303222093055	0.897543622234162
0.523894654379972	0.518209134659286	0.64020734267555	0.622683377001841	0.613990273412345	0.625526789835011	0.918547471524431
0.509486775461051	0.490442506522836	0.598910299691926	0.65347025284516	0.615393838357238	0.61141551955901	0.83754565873296
0.508986617099817	0.491421201544509	0.612695258014227	0.627816909808959	0.604283949268157	0.605196148666353	0.857315258628942
0.525733619891248	0.527447076666436	0.58798907608751	0.705129208651746	0.658748094125608	0.664252948033762	0.825140446209716
0.502044520069273	0.505778271814256	0.609136665093383	0.60943144968652	0.596624689490646	0.598802663903966	0.864586088896154
0.524519624717531	0.522601735227814	0.650263929664009	0.646974936100311	0.640754556760735	0.623359491131784	0.960843745012543
0.494703636940449	0.509589947594793	0.586802684272635	0.635371628399486	0.592072489356208	0.582395305335703	0.772510324403753
0.49839841524737	0.494201088974694	0.605406942298786	0.602515231759966	0.600342487486894	0.598153645033192	0.836519264963443
0.529479613891987	0.523063203820674	0.609279014207097	0.646303557495851	0.603785989375808	0.625820979986671	0.902388352195366
0.50993327092297	0.53526052494947	0.587443677885768	0.664808065251477	0.631112240908079	0.639449777934714	0.820929774652968
0.502305526209903	0.507107775672171	0.60679988800174	0.587043216162867	0.586071263026448	0.605474345854937	0.856162483107374
0.512922264912559	0.511707220429903	0.594552059640891	0.642069687581657	0.607496156792342	0.616564374842206	0.797143487163684
0.712096298037515	0.714040922859634	0.598132976730127	0.743215735652271	0.698952455031251	0.683064516571566	0.773792939508842
0.480149587788992	0.484732483678987	0.552575410417057	0.585926898638252	0.570485719453976	0.567750979945196	0.734761907339925
0.534313524512341	0.53845978099558	0.653536998024537	0.655023180164241	0.647581474521407	0.653852114758939	0.993006879640703
0.513036391394756	0.511020060766057	0.60999859578669	0.628634583765457	0.615475059020591	0.613180361617345	0.84938595305487
0.471022594174002	0.468494961890228	0.55713456388841	0.562743091874249	0.553586493508598	0.550605012330066	0.728309590650076
0.489582170332486	0.477413969846855	0.568552658547598	0.599033432398449	0.589443931191021	0.591861383450084	0.741295976175954
0.50643611761364	0.50060155263525	0.625406528039051	0.605584142890166	0.609464564863416	0.592249272932447	0.861040827652717
0.492008996102342	0.503494753333484	0.556274322346562	0.616698121238757	0.596755181025812	0.598043371112276	0.734175573344749
0.47326802780064	0.486320131619285	0.572757240290281	0.559453793180958	0.568606144323063	0.569423019006766	0.793996193257351
0.526999031409966	0.53410248735193	0.608630993500424	0.693768571568327	0.635607565093549	0.649590295108314	0.822462913730544
0.496493372530845	0.498178561838098	0.584552332756931	0.614601178904438	0.606637472959955	0.574628422752969	0.807436358513682
0.65163269919244	0.626839900343364	0.610400160968935	0.732986881821554	0.675813689924086	0.703884297537178	0.858476704448097
0.524099228987272	0.520181330158338	0.595574429584362	0.652712567887546	0.633753811257187	0.615416670972319	0.795326500562773
0.57818573315288	0.54576401209627	0.600590863446023	0.721982971745072	0.661056031271995	0.664689202460222	0.789053212190159
0.49792571562989	0.486513988523097	0.582950524015465	0.600727724260654	0.592734748450898	0.58720329154119	0.809712045597771
0.519380795294288	0.503720137063661	0.636495441405531	0.659329552233693	0.64240756843073	0.638210235659705	0.919467052483683
0.821904977074032	0.841138937806561	0.614261409948418	0.831882374633226	0.748031850682258	0.744608917670733	0.830029599065491
0.512521319617772	0.500315391668294	0.606378705384957	0.653448972699421	0.609173331051815	0.625463516542073	0.835021238489611
0.475759382842527	0.48307190432485	0.577459714881137	0.581753549775541	0.578504826431639	0.578551106769747	0.79586701632164
0.522965106292022	0.511732511071897	0.597252124084037	0.662715304654888	0.624454737701184	0.614882799725126	0.816751064635015
0.522137051255886	0.502900181384807	0.61828552363813	0.639754957995743	0.614274806529208	0.623813027555915	0.887323960612316
0.517412891997543	0.506394933701068	0.6173415246766	0.636714281083343	0.610955350908221	0.599680299142839	0.849901261787985
0.498443588661363	0.505298529947358	0.562164333701147	0.639973742856913	0.597379840347887	0.606014859329498	0.727190178226755
0.503129814148691	0.485191919641197	0.602484284434707	0.574198277351135	0.566716711813344	0.59149372750548	0.827658865273679
0.539430951127924	0.532376912364319	0.608522525383371	0.717969422078601	0.668935493526403	0.659047287102774	0.894443262237994
0.507312044400505	0.519431299365248	0.625128299343528	0.64415231717589	0.627960502961408	0.608497226364517	0.867947686100429
0.461210091211996	0.468402247705147	0.545723700241968	0.542586422398201	0.545040047697147	0.539451460710354	0.697340940603173
0.491717317058444	0.481691982277713	0.578836840847283	0.567483909255602	0.55627279517626	0.551057201733401	0.751355803788894
0.826891294189746	0.817512663478146	0.594487352858887	0.789076384337417	0.731511950006092	0.718788518235039	0.763143508306708
0.559368519795429	0.557343219643552	0.63811801594925	0.786642378938773	0.704991397223236	0.695082769011245	0.958744918372464
0.52845114445051	0.509504708716518	0.569957168989395	0.632650180213665	0.620394931498986	0.604286247356994	0.755611612011341
0.951773835227446	0.949616315064815	0.659753382154093	0.926224135001581	0.804153593917146	0.822788096321682	0.975665654637586
0.504041952688402	0.511054219864656	0.612391847393002	0.627559929941474	0.611324518494023	0.626933047270536	0.867162635756837
0.483971246963879	0.481387960830909	0.58538164655674	0.588358073236147	0.575219853526817	0.591729518615023	0.797688638882428
0.505683813303382	0.49970605202841	0.577770277313164	0.638853668970644	0.61309410422376	0.615408164302691	0.76773498840434
0.498801747786287	0.505609508112328	0.586894704993632	0.599307606350744	0.57339185453362	0.56727217585218	0.822861435517847
0.497033167825832	0.479592692003139	0.589276350025757	0.598390009778953	0.58967101374898	0.586807761524126	0.801632387921239
0.517758017031457	0.50165154524638	0.575531224052871	0.649877574908257	0.614138497797387	0.605833286158992	0.785105443126565
0.493719333880074	0.504527332027615	0.594729703962472	0.637076003965615	0.599862588711534	0.60818657455946	0.789957324859398
0.470895344017809	0.471096436603013	0.54443839485495	0.532000452130226	0.526161701167301	0.532625508978424	0.710625294763471
0.512651230709531	0.505103157949918	0.601773004448002	0.632966301770662	0.610265465437964	0.604234862428315	0.822429262808134
0.513303511680636	0.500900483632601	0.607665827268722	0.603936893953599	0.598829125944064	0.598198640195145	0.882630367099539
0.506383121654388	0.484484998440159	0.581153763581034	0.589203691982657	0.575997275084158	0.576682004621052	0.792068195272142
0.515484314812132	0.509864440458031	0.601214592349595	0.663695523929014	0.599318407303749	0.598614943872791	0.826275405546703
0.528129794700418	0.533667209292341	0.642359571032904	0.673201383099752	0.651882325912212	0.651372674157898	0.973617394460257
0.540345176147657	0.540115451082943	0.646581381884207	0.705457929811593	0.657881526806509	0.648584458988327	0.948936042051941
0.746331188640617	0.727777953929033	0.552587150278261	0.717530200794015	0.654591365622897	0.660626100482671	0.68288741996522
0.500600515039071	0.509115096041233	0.573118753498058	0.619612750467934	0.586127807014437	0.606751157846784	0.790673586277795
0.526954672812292	0.518679720139884	0.624415420606219	0.634121414404102	0.625157434777987	0.629789635069261	0.884145895933325
0.733417475578919	0.721488869341262	0.580879144800571	0.766717984123373	0.683200368644788	0.681954776922241	0.733136486148668
0.471645721441706	0.467325264769332	0.549548150186206	0.560879512705715	0.542520222826454	0.546529122254719	0.709799052216777
0.497714398663708	0.519701666466153	0.604862683986563	0.671567749303979	0.636095503614458	0.643872854841852	0.789919475437809
0.489451175491397	0.503249763052099	0.574237405934387	0.577869717559503	0.565372369243731	0.573129993032397	0.763042091750689
1.01047950344655	1.04717842323979	0.67680286847043	1.00015829468021	0.854170694313176	0.849785376384792	0.988359096702674
0.529916647112001	0.532727063568617	0.614218592933643	0.708428047854387	0.653648360039029	0.656627196309076	0.863427399737635
0.492296390453938	0.494291827153779	0.570247112092333	0.622536352941404	0.591074094270157	0.593942281644594	0.773984997169864
0.535508385323206	0.539671476597558	0.656513025656796	0.692889024473808	0.659479264863275	0.654582126675084	0.983752854630895
0.490706820827999	0.485171714899112	0.580304684145403	0.610915906225118	0.576853038138538	0.582624196101684	0.762961896045799
0.513555779514396	0.501493178003265	0.604621124683042	0.658197143187305	0.606599600555775	0.61312547378492	0.857109974318735
0.546408543028176	0.527019555434408	0.616048818890135	0.697644417351874	0.665732499235605	0.661741688039042	0.848626859450189
0.487362396002191	0.495491252422419	0.591298756944299	0.592871837325584	0.592773511245284	0.580829405376089	0.804607332339804
0.518237251306272	0.526725770287489	0.608645161014183	0.65451303170802	0.634301656642369	0.612555191638749	0.859743678109905
0.477917727578694	0.470485803973933	0.558607614445661	0.570708233117948	0.57396485816334	0.560301131013296	0.699863613392719
0.50362191138028	0.501613435685719	0.612176959120347	0.61311920677368	0.596262458429099	0.603448357583355	0.860238249744277
0.505497473073209	0.518393636631481	0.608063851565334	0.629733303514754	0.604124732710993	0.61405803494791	0.865599260488389
0.524883358186074	0.524459380875613	0.608794734583935	0.65835697234091	0.632702286027676	0.637086246009618	0.861149785641815
0.48695677557507	0.504770917703417	0.589936959746374	0.574534320446872	0.563203009017276	0.574630914081606	0.80375970521383
0.564222228878107	0.56378940372351	0.645580561997852	0.776851140645819	0.689650944789036	0.7068807131321	0.94780642477409
0.525991418790225	0.523647932978868	0.612874058640277	0.645318903384721	0.62849884037038	0.625725585370227	0.865556074215792
0.520734241138263	0.518698185933444	0.638834527078383	0.646490936370458	0.629115313838809	0.635888971770556	0.916391037222042
0.80411521096267	0.852589028823732	0.581813499817612	0.817974823809873	0.737366199803396	0.73323612997766	0.76765174783918
0.529034023408358	0.514290029998477	0.616919487070267	0.629264656615484	0.604008104136704	0.594075043398729	0.860948520035988
0.513935476122299	0.503458233902419	0.601137808669751	0.617980276360769	0.603253073253822	0.606424958341303	0.830370559344598
0.511864051762173	0.513083854935399	0.602355458583828	0.629578955060818	0.610824514300694	0.596245693234026	0.830397089450659
0.539063931291954	0.54019867192859	0.553238131534508	0.624704387365294	0.603844821005098	0.58951861622928	0.711633626388809
0.496476333100932	0.496190496282062	0.592851323685347	0.601689670566354	0.601519235335671	0.601446003383538	0.807291705104948
0.486636173986855	0.500146813803588	0.581321802901991	0.583098671618811	0.580705391357698	0.574114185035557	0.771422977483963
0.511466282533317	0.527901050417959	0.613904531891186	0.646552368156699	0.630654607567072	0.614097812405239	0.905402864618244
0.477786808376698	0.470235128493255	0.568602549523905	0.538528109360585	0.548043985780838	0.556574371980174	0.757019870518187
0.477232945077838	0.468330296174367	0.556589116580458	0.554518560039618	0.53975844215615	0.534704409530406	0.700786124697205
0.487150564205019	0.48645131667586	0.562747673309738	0.552296200984954	0.55780576401091	0.543828273063829	0.727903256476466
0.470796120846353	0.468430526275095	0.547498775084115	0.551309002553261	0.555612596218439	0.549396495329893	0.700479951641374
0.673060536511685	0.67142059554112	0.563893436123505	0.69688601389505	0.643828738138972	0.637822755527353	0.719362307325082
0.484345666994238	0.496442000396677	0.574385524427726	0.6057366682252	0.593100458416614	0.583129972836488	0.786776841638818
0.709202412482894	0.703526985662704	0.603051094943971	0.767641834545198	0.720017493132518	0.720765565930255	0.786952384936925
0.48781604670688	0.470130352324154	0.554312687318197	0.587772062949082	0.558223939320779	0.575621120170649	0.697601394836352
0.506829988704952	0.501661110319608	0.582027189544561	0.621153931643953	0.601194906764903	0.60178613098012	0.781817722049969
0.518631089039327	0.52480574414694	0.602924830052767	0.675380380191001	0.637767252628028	0.628352388285759	0.885126119942282
0.482037861007313	0.474224216129456	0.582506079291853	0.564913056288538	0.560455705856433	0.551394849000045	0.784712891129797
0.528208309155063	0.529599848250123	0.59833921676491	0.671664473736894	0.622939832672129	0.626098583708668	0.837386729482882
0.581074486476904	0.581538806155495	0.593627928164829	0.702888756565371	0.655092218964863	0.647922754369437	0.808048623309066
0.512628285375934	0.502220745472311	0.611890312725126	0.609651011848878	0.600769923416875	0.59738884545239	0.88597822339896
0.506818196061871	0.486923721123386	0.587132501726805	0.62404461996033	0.597967449882498	0.595420918376367	0.817271349064949
0.490699119586838	0.488516109307989	0.582350911586735	0.566911874548608	0.57113055896976	0.566383129803228	0.783561442827815
0.464787358177783	0.474891128628053	0.551451600124246	0.522196798325174	0.544500285013187	0.544018868161937	0.708662825423374
0.565017619993763	0.533744165556792	0.63169266720287	0.721871855297052	0.669754628199588	0.662717743764139	0.912370763758568
0.505798109038405	0.505127067091026	0.602941095171754	0.585571758927255	0.575849063760954	0.581271094136443	0.855068892795335
0.510344890415142	0.50968531809432	0.629144969550457	0.631739951789326	0.612399297836299	0.602777747021609	0.875835719546954
0.459160394397602	0.460241213345372	0.542556123774613	0.516569764555702	0.530574921598572	0.530682375965774	0.694684353243371
0.450591538305088	0.446744113014016	0.523145723217303	0.50217659933013	0.501238710810907	0.503790362269908	0.632606943414749
0.511242016204259	0.50526272165415	0.581673373280023	0.663722007600966	0.621513693298712	0.609784217089722	0.779233112331054
0.48691066642854	0.487648103022814	0.582533310203999	0.584678202673926	0.559191243806819	0.584826710740065	0.765867832253795
0.518164066038122	0.523713388885714	0.625877964404489	0.645832437399769	0.605218550445775	0.61089562721607	0.915902520770284
0.802594775178223	0.794385578920255	0.589615965477879	0.779419196176116	0.700226290703509	0.71158058432565	0.747375060447423
0.492458985961502	0.480358970503709	0.595892386476577	0.574048999931826	0.5673945207152	0.566242619992509	0.804752052610705
0.484609849101489	0.479240681473283	0.573544405902034	0.562252282585362	0.557187162905197	0.557259329942718	0.750919539808468
0.468363920707145	0.461102343403158	0.559501265089619	0.54656644606051	0.519558960185403	0.533608629926078	0.729569173128202
0.48485609529106	0.482138124843134	0.580228758379378	0.561250557738253	0.545971605816991	0.569422574746869	0.776985432566349
0.479562235997186	0.49365320786611	0.588616351672773	0.577365826269671	0.596616945717307	0.58337460892837	0.779984703799864
0.534991081173165	0.570777081468862	0.627252728180355	0.726669501872331	0.667997530634733	0.654069413187799	0.894005214205853
0.64166841404907	0.617690411435921	0.614915894578316	0.774098903444079	0.681842525842144	0.704551279357237	0.874068524636449
0.491857481890194	0.478036594479227	0.580956955031472	0.582262225734001	0.577319843332984	0.561413975892118	0.768742706137727
0.526435858688617	0.521093912725348	0.611006247135958	0.704990483030884	0.641150565687317	0.636810101958898	0.845243805904746
0.497351452759187	0.499798019644323	0.574759645475149	0.602163577109619	0.579716742734422	0.59698287910008	0.749420436737245
0.478012943361182	0.481380810124895	0.549760903771224	0.582998109689207	0.570061344414958	0.556723821304421	0.739420335328452
0.513585962730921	0.515228248575906	0.618985655102368	0.610003949477491	0.606887675825291	0.645005783505939	0.916635537937044
0.534389748252855	0.525320125931608	0.632376114368871	0.679247178792844	0.641164415352179	0.647367094729716	0.92864728080901
0.488688114346439	0.499589864785232	0.584122038437088	0.610409069770575	0.596371686616104	0.599568498919087	0.808050948649142
0.525505838497542	0.526076659728788	0.600122000559126	0.684800931389561	0.658841812430056	0.66537909191527	0.858234249149476
0.531159255793219	0.514043155865499	0.639724590387831	0.635954001350391	0.613830681877669	0.637444247320194	0.956662038682852
0.526821202300244	0.513416506987565	0.637662695232963	0.675419927136691	0.647426022161134	0.643633675596257	0.901296765629097
0.492141103505946	0.523267191214466	0.59557400012204	0.616165166308225	0.589903326610849	0.612771605246997	0.801491475732374
0.522920813838392	0.534418862757856	0.643150281966515	0.653728482429836	0.660261889037126	0.633947903884142	0.917596799455798
0.536166061440349	0.529993562756343	0.63606577702677	0.667431740261734	0.637377966662489	0.637847867548563	0.872906043256568
0.495953647497454	0.483149563580828	0.571682321349675	0.601189302801798	0.577820348625983	0.575155646104385	0.79855280483934
0.565516841314214	0.598776220491457	0.645631386110452	0.783525106490571	0.708941674296876	0.700194835801725	0.894124962035344
0.453323694484305	0.469074186384907	0.530900384706941	0.550227293346946	0.525608039618386	0.538486070785958	0.680615403907015
0.526285917587051	0.529045467104364	0.62156332545328	0.660118776525755	0.62804092352341	0.641800540534438	0.870720282158978
0.542443364932921	0.553750610710265	0.607884567310738	0.705952061924245	0.670757058509651	0.659305412218365	0.824713575401272
0.4643027973601	0.468539619221865	0.551791264048127	0.562083670466258	0.547850640658492	0.537735682851461	0.698538406742636
0.574402687342329	0.577145191174706	0.655406164740443	0.779443309138155	0.720119005995231	0.73092806279209	1.00507098011253
0.482383442550458	0.489115398977377	0.597568824151815	0.554291805579995	0.55559213277515	0.572943723676322	0.800104801934106
0.496191504626725	0.493375250253867	0.572804059666754	0.571933138751023	0.564033662162877	0.575297387600146	0.776939100302523
0.501486771881881	0.501253602638779	0.609734035719095	0.622959387946945	0.608097096516491	0.604137970329928	0.814657889629736
0.514918002614254	0.52170062450676	0.612052688882345	0.626373251696244	0.59742342395419	0.607938376775485	0.852628501254174
0.4892270583281	0.490592772628043	0.583139468402438	0.574755458663126	0.569623845884334	0.584467317841735	0.817108979017441
0.506991413906998	0.50897512142584	0.61480840565145	0.649492488236033	0.606700040541059	0.622176538638763	0.837549871783117
0.473984292793974	0.47989173632653	0.567516000219106	0.540058042600348	0.548610842878875	0.550638130093677	0.739711180001866
0.503430299533319	0.491527583659865	0.59167639915079	0.568272354918947	0.582018913770694	0.564071833203101	0.798456170010364
0.483017595264593	0.504855847567746	0.55984036473143	0.617407997416474	0.569026076985782	0.58015031651903	0.715268803538188
0.476965978447569	0.492603923957595	0.574902317451358	0.594134013055907	0.544753566071376	0.572454033393708	0.72429281209438
0.51464083540694	0.500212795892068	0.610825471913922	0.622606115721669	0.605214507364347	0.596244387859097	0.853924510303537
0.486475209267293	0.493877899957668	0.588099551852866	0.558445548836598	0.57519712604891	0.562453842802	0.762367590565896
0.560997442421193	0.561847236625047	0.586699270683088	0.720922713930519	0.656588501327052	0.663201817913908	0.810216902791423
0.584513680985033	0.567375633107334	0.672387354455464	0.79239696058589	0.719047364321046	0.721956323474177	1.0365333052093
0.49997319211359	0.501723396381619	0.593243453421252	0.595217907630207	0.582506579144667	0.595154272224634	0.808438164554692
0.495334909091364	0.499764419731272	0.592872078626115	0.609435022176369	0.587280790892901	0.605613895443422	0.833064085846013
0.481999563340929	0.475209786729044	0.550331854691772	0.547006119326356	0.562320187900816	0.553130816484467	0.706934162652227
0.483020440233038	0.489863435755825	0.56448758885813	0.597971472969983	0.58303522679057	0.561411958439497	0.71902091833692
0.550379230028944	0.571502645929607	0.670449948087818	0.751070425486206	0.679504822595839	0.708876774578549	0.981874062131923
0.534144110084086	0.525757342551371	0.623836589895816	0.648259533570111	0.628315394393991	0.642319238165006	0.920767405649143
0.457171363979521	0.447666660446441	0.518212021502828	0.504658628967915	0.516545963026653	0.507573196954264	0.65136794027797
0.470327247921525	0.477428106097742	0.562199346990302	0.573002080857353	0.549839283436069	0.565574192056696	0.742351593973824
0.508752722949087	0.508631850661184	0.622597400284066	0.593311017136845	0.599574648260253	0.598922270476422	0.87612139396321
0.488740998817752	0.484707412869071	0.594341212925315	0.60855388974389	0.589013570955731	0.578526837206274	0.790611828010877
0.518426436348013	0.514203302822195	0.605126580367143	0.601158322026754	0.580343505832416	0.58022163942049	0.853568392313645
0.513915518308417	0.503926454378646	0.611000947220197	0.63261587891017	0.604861026866251	0.59963284472892	0.829706581822262
0.519699360692224	0.512891903351282	0.623682821651363	0.601498812089372	0.613706524155586	0.617581280665075	0.906155954088566
0.503134521654139	0.510004648318868	0.607488289413287	0.63292342827669	0.605405964350682	0.601491168630906	0.854716872936368
0.52381417649973	0.520040290128738	0.573117645396854	0.656131516496264	0.629591726047106	0.623543744033591	0.791979189667892
0.443363338821895	0.445608999582503	0.522210726986485	0.515027235704965	0.528867113681632	0.52306156744574	0.654289010128783
0.490509451332467	0.498057241666414	0.600796615513073	0.580846718911728	0.56851757756544	0.575816425131074	0.833472398053331
0.502391919896622	0.494441156921736	0.596928563324468	0.635663227197524	0.588396800141768	0.611560271634043	0.824188395862033
0.497358230727212	0.498253052846781	0.603636752728902	0.58741730431702	0.587602553111158	0.570988656546284	0.832519826437376
0.742327020359405	0.739758418161147	0.605504029887258	0.787465200909028	0.724276714283882	0.727908724729318	0.823163086907037
0.498077964603437	0.506843239014706	0.587152958748676	0.58337346863362	0.572467120542178	0.565967455917493	0.829055403736249
0.478805784654496	0.480674034977481	0.556884754703573	0.581869619039082	0.563678876062565	0.554013723106969	0.753799602917285
0.511959243240756	0.509298354098848	0.601112601088557	0.645362497914463	0.590601400533268	0.594258522917787	0.819478442355405
0.492907834825433	0.480649514549763	0.58138192045563	0.579793102527125	0.559995890643195	0.557319187356305	0.775206828559496
0.493947778608412	0.496747229018783	0.539566301654487	0.592695535368153	0.551971913194723	0.579309940860175	0.707089722795198
0.51576847018066	0.505146177910018	0.60729589496081	0.65643686019464	0.616479054113025	0.631977468423305	0.826216107475486
0.513710745006118	0.49832163263505	0.602492959589631	0.623803550695218	0.596368325499997	0.599766011506158	0.86064105736733
0.508736525199401	0.519358922378885	0.621644697515452	0.637151231295451	0.615083473790566	0.633968816803642	0.839949150769241
0.508175277946833	0.49985251704622	0.619273383918798	0.599628714383115	0.599441233543587	0.608757864784391	0.847234021554546
0.541922611211479	0.547284695282785	0.626049746487696	0.72194764724071	0.655725654334969	0.664112622859285	0.874979958937565
0.523609513190254	0.529018085084925	0.632148178801569	0.681659554323292	0.66554585973538	0.650559505331566	0.915955949189653
0.545596549628368	0.52719674093881	0.614688831015324	0.681518897819788	0.637298851188536	0.633801810819711	0.876808187103389
0.495737626062646	0.485036683829405	0.577181359882753	0.579315718929365	0.572977707713459	0.568418963334439	0.78598576897966
0.488936412900843	0.487896422120438	0.583910956392445	0.582336203445093	0.572247528776899	0.578942675093862	0.811509920713263
0.547350945473172	0.521557398251981	0.603436558882707	0.694082690756647	0.638111074401816	0.654070905625733	0.865740293447697
0.489983083736009	0.491780148947192	0.518309485434668	0.575698580842818	0.559477156037707	0.56345188439215	0.627922394198027
0.49023995431212	0.489248078833128	0.582162943801887	0.584962601915829	0.57511298714837	0.572352041693836	0.787363439400277
0.511399866412982	0.510753214448485	0.597563399541485	0.602852244320399	0.581945637392136	0.595022161916872	0.841863146859328
0.472214326145352	0.486658608288102	0.575833270282383	0.562822483635749	0.557804405646889	0.544573869799509	0.776881522063974
0.499429953392283	0.522034652427942	0.61990258043424	0.643604844279338	0.650234212877605	0.628816592576827	0.907720586550204
0.645092116415275	0.597637453474492	0.63104812546445	0.777348653142582	0.718471514487814	0.705371473817296	0.893271419141324
0.472420216889204	0.465608681447954	0.541543197420233	0.558366593574244	0.545409818352301	0.56150035358408	0.707106072118214
0.513149197075321	0.526586388042423	0.616025057646428	0.6495602228563	0.623080329123802	0.640283775296673	0.88065028739102
0.659212560964827	0.648420761511087	0.641219277883088	0.766074555796232	0.693865376169023	0.692241766743853	0.924207139840975
0.550096191927161	0.561494709097056	0.593783734539968	0.752366982962453	0.682748314548161	0.659232441749776	0.796616885142893
0.508902952929294	0.500023674982757	0.58698041432593	0.603069532161673	0.573162389697361	0.587348927772761	0.781721581765952
0.54074365894444	0.530787122537568	0.560102439028884	0.673499528632277	0.626544584204757	0.617620055932394	0.742802049787165
0.498177168194913	0.498848633080915	0.593032186044341	0.606177738128448	0.592779375110102	0.575253653079986	0.807590041122574
0.467079489229538	0.493850449328693	0.567153481339789	0.559789181243262	0.541776490321848	0.546461879312807	0.73283152528026
0.483571454615307	0.48156153678995	0.542020583889446	0.574562863044699	0.551655815172359	0.563382356298066	0.711307594868883
0.499002072847386	0.510847711293478	0.578188478823034	0.651512952846203	0.598243640618089	0.594542518261266	0.756139522539852
0.574923853191582	0.554776776830011	0.629869055440371	0.748567883308219	0.67564123194672	0.675693847593848	0.89299534324922
0.515616284008355	0.512048152770209	0.623612041599512	0.666766749109843	0.624378615616077	0.614221472085733	0.869210938187491
0.527677035683584	0.520311314279456	0.655687931608405	0.653738694360946	0.622761311979095	0.652608772041928	0.970202304392321
0.549276672713283	0.544079592152209	0.665619677917809	0.700479810594922	0.653412332940936	0.671976883487169	0.992623841612858
0.488595693422382	0.482753596919915	0.557943644481477	0.575757361870524	0.563209278638537	0.56797180079104	0.74080845838811
0.472941549652256	0.467140456490549	0.556869119676846	0.575503769850309	0.553926019926584	0.570726296723835	0.705875024123472
0.552199175036504	0.568739868174518	0.631228894685623	0.711463277159993	0.662527070390381	0.658928627995408	0.868740373594605
0.527257189422025	0.5256543322445	0.610156932906825	0.682852192387349	0.640146639449509	0.652635434521001	0.836442300176936
0.498446242000643	0.497583662918197	0.575710235075082	0.580137773383433	0.566669833892402	0.567404457590192	0.790725250145557
0.548401776576227	0.559978556253022	0.619395021026657	0.699249274627405	0.66610108490578	0.690358904408098	0.851870183883876
0.487742384556612	0.47942431658795	0.582852055598309	0.570376246095174	0.559413832315953	0.554614338372325	0.778226456919678
0.469029519311713	0.483260336978306	0.557516979913267	0.555076038893878	0.538561618040389	0.555927695885695	0.75052185018186
0.81753963603527	0.824386155240262	0.603538076347628	0.853214582139395	0.764517041393568	0.743304434608359	0.81128184080099
0.519064027567604	0.504303939498131	0.608162539644612	0.651885918916479	0.618697729864416	0.617521328815613	0.843281196682202
0.503893787246699	0.500252117560104	0.579539520696391	0.606982145469492	0.590341395361224	0.59007220541351	0.796112691903602
0.503247400180988	0.50033112934556	0.58026903241751	0.613314974559444	0.576714659431054	0.586124938403371	0.773964408265887
0.48404850079621	0.483691974168089	0.562778044694491	0.577240144836738	0.559276522676994	0.573432318127314	0.757390980819022
0.519843788133412	0.519297920936975	0.62299185473898	0.60864873479492	0.615130702930193	0.602846208683089	0.900722071262745
0.565243166833648	0.558734091624262	0.635493696715888	0.752326992767873	0.671266626113959	0.680835721838024	0.904580878642356
0.482803119837309	0.479424322370482	0.56634005221802	0.540910640874908	0.550033341248261	0.541522451671014	0.74249607859475
0.522207583279608	0.518834993825911	0.61954326863835	0.61944293078121	0.625038697565741	0.607538437596587	0.90992996696004
0.515743473804283	0.51835541455948	0.603198303012196	0.655205499928738	0.626075838367433	0.622917780889586	0.880826528207896
0.518878088994226	0.502711060073697	0.618660934712656	0.630469687823577	0.609879800198028	0.600089783392282	0.846105814624654
0.546896754416144	0.567689713322122	0.601071196194267	0.714124495599752	0.671649081463197	0.654335996654193	0.805870161416887
0.512696562467992	0.531172843599601	0.624742673261667	0.635659287041329	0.637904745920198	0.636255521123731	0.928531619848415
0.488467824705119	0.504022298039634	0.594054372492849	0.610552020397069	0.578657821884795	0.583330470280773	0.80549369185642
0.518717077003033	0.529820511106728	0.630947438548121	0.684626499250365	0.638804623863731	0.63950668186913	0.910858373840289
0.485233698408938	0.476709502151509	0.554868794846528	0.575153634846245	0.582287494300081	0.582017039108892	0.733588125828437
0.614227899858067	0.587432901806801	0.612168913092676	0.739676067614041	0.681971907183296	0.663924927771006	0.836286471934399
0.495597275588992	0.486934958851715	0.589219751610876	0.602732967559744	0.570126532514647	0.579777257133465	0.799160620445385
0.507732021703778	0.498159234575004	0.553131280184781	0.609505263846828	0.565166639111278	0.57510243740407	0.68407796804993
0.501832500720932	0.508043623366951	0.593285019967823	0.621541088838671	0.601307548875018	0.611315877991263	0.812707928438865
0.500301357134301	0.494441729500639	0.589539652708797	0.569260664267388	0.576750423747987	0.571674649109487	0.798978573734032
0.492125100912624	0.509727593847303	0.581216651690633	0.599304110373902	0.579383128406509	0.582704871274058	0.773881534287832
0.450581358420263	0.444806831156814	0.507936723794213	0.520653032908749	0.511161158870134	0.509996583763458	0.633145273984239
0.492606594613572	0.483786723113053	0.590690758231683	0.576675506287569	0.582311382525667	0.604859397051951	0.793221516381366
0.483047401133644	0.479302540877964	0.573673143884768	0.558697008515687	0.560227578213293	0.566889459516643	0.758555066433049
0.505749287895478	0.508559202769247	0.611187788548657	0.631397267055748	0.614442276629495	0.609783208681097	0.881980126981742
0.646186663812575	0.650459958852324	0.645157318220844	0.76490847126889	0.6724664405661	0.691688740019038	0.888660829174604
0.478900429481551	0.468735732150459	0.558296060876118	0.555204500695381	0.540198874532778	0.561867418406311	0.700171387870049
0.487817837404162	0.500022978561572	0.5885815195642	0.571045287139695	0.605918132157355	0.572163308054263	0.82738303003342
0.508979376157245	0.501503997312115	0.597823460603125	0.600224617212648	0.58005784884725	0.584926909178144	0.840622360701043
0.745835555602878	0.711878033243373	0.607240340317485	0.815940600519573	0.72246513054385	0.722888559760457	0.829027468207781
0.653837180172784	0.662863503982471	0.614076969269497	0.78985818483003	0.7127446606889	0.707541438113039	0.814458693135525
0.487704497038199	0.488705719561718	0.572766309289907	0.567822145731023	0.551470624841153	0.563560290512225	0.762215168465012
0.497560710599031	0.49355831212025	0.596424868418709	0.599515654215343	0.594587363331271	0.595955653449177	0.857636440283961
0.511796012711369	0.505912396488603	0.58694321464368	0.627619222402336	0.613180616817496	0.608325182808788	0.82080288957109
0.502187166019755	0.469877599346898	0.558589720533032	0.601485329781181	0.581815393372158	0.567931700409151	0.727429104788628
0.6204648669709	0.644954843063364	0.624907401486205	0.794613737823633	0.722183106854413	0.708066715567977	0.901240884795402
0.461528538416301	0.457850761123706	0.536983734082488	0.551643887764245	0.529841845185792	0.535246901980312	0.686944708539141
0.920454049265836	0.934443991848923	0.622463007055728	0.879838882780397	0.794793835119642	0.794011542655637	0.84827009464959
0.49980778017115	0.484252820724885	0.585804466084947	0.570902034071724	0.585833651059229	0.574221517193554	0.787639636266735
0.498066651407206	0.491278167835849	0.590967374590496	0.590311123011774	0.581734335429864	0.57829885662362	0.835561614392041
0.678113437427813	0.681827004555363	0.581540849333877	0.682111271478542	0.646881984756203	0.65337346221022	0.72473512119279
0.522728487256056	0.540256381417434	0.585645889044799	0.671795743903889	0.617600280752649	0.618348082233403	0.772097806317931
0.514692151504613	0.488294057164537	0.596107420152083	0.618757645042029	0.609279370949926	0.608735661634013	0.810365362098772
0.509749868156591	0.505614787617741	0.586617374771681	0.641878911123719	0.610418425199927	0.600187822280034	0.818164864274705
0.462664211349734	0.467866130283043	0.523333379434101	0.521817004041109	0.513528055359131	0.513194582782653	0.665203245179494
0.475113302495373	0.48302617964353	0.563210027535213	0.555748142452753	0.558570857943604	0.550953460570868	0.743217840019414
0.496569509585919	0.487647089287898	0.585963335094041	0.593118330359005	0.574242321111453	0.576410068188895	0.79125303034984
0.580397720024627	0.581699434379058	0.65898381391629	0.814159000259037	0.715357909409	0.718967297276192	0.922996943837438
0.568026086829373	0.534534390055668	0.615710077628483	0.723522124843434	0.682540928524571	0.686973452867196	0.83913766437863
0.527753535903806	0.541320443601731	0.669354511064856	0.676863293821854	0.657572688399039	0.654220134326747	0.975519822687945
0.469222170791052	0.462024176959253	0.546193233786809	0.528451841695487	0.539481819849266	0.535058361442685	0.692808260121199
0.595964173605674	0.616675445926949	0.63237980864483	0.757073229657603	0.69757007762725	0.695015110419306	0.923376833244447
0.844164519598298	0.839758516510405	0.621341236336915	0.869172932697078	0.779862431706776	0.782162910557394	0.856632576882125
0.534188022294126	0.537741228671552	0.643496977285191	0.684204643995283	0.646952990695348	0.637424838086295	0.958998273248642
0.509078062177034	0.501574102238512	0.592340537553223	0.621850038788819	0.595784079004814	0.607657367772916	0.804755401322536
0.540564468777722	0.529789347158169	0.633154036817117	0.696887593128547	0.654831535957381	0.636534012398712	0.908230815965008
0.467300119161491	0.465380057772461	0.538577808478723	0.556183978771732	0.542279947840142	0.552596808200937	0.695068791080313
0.541371040326671	0.544049695101325	0.645253977451198	0.730698845421277	0.679765256048097	0.686706216962412	0.939354477788445
0.493079706180916	0.506915975323941	0.593366261660981	0.598679265102247	0.598164475306519	0.587887238520794	0.805107397390375
0.527530710577367	0.511288406633479	0.62691315824785	0.696012439928746	0.637979117689085	0.63334722608938	0.903840092522072
0.522291049563376	0.507338266125841	0.616028770968639	0.65138006883942	0.60891865998388	0.610433442104712	0.859429594846744
0.492449301724718	0.495286237451145	0.560611997013517	0.588411717581005	0.573010285102538	0.570705901589511	0.744846324373403
0.496380762762736	0.499052010447444	0.614314901417104	0.591496363858637	0.594398809357892	0.594735752516749	0.841496229603262
0.465099694968671	0.470664630166985	0.560222291373703	0.578841425546262	0.580750262678958	0.543719067005939	0.746484919368607
0.511724288778103	0.530641143721841	0.634205823480744	0.658169748098965	0.650155614447245	0.640880950857189	0.924545766482481
0.512996872545257	0.500610953029582	0.589520945166163	0.61686403328286	0.578106102203524	0.59244701042446	0.816752304421173
0.512293155625548	0.517995654870578	0.611216959658583	0.615891745097448	0.599944116712969	0.610133572581313	0.881511985032201
0.582022397664209	0.573806176821795	0.613255879245047	0.758952085950638	0.691811989243652	0.701071594823084	0.806773785667192
0.486353504727809	0.48573745155383	0.577467534130325	0.561049161818739	0.582693018013279	0.566246239693906	0.799426596970217
0.526967164617292	0.533701244178546	0.621675968872995	0.699085076703375	0.641130254427571	0.625980038029123	0.842873551779888
0.55096974853645	0.546085227133347	0.616265831476079	0.769712874412124	0.683418338980776	0.700916187409864	0.89397702488136
0.513285721773763	0.507620374071346	0.61682813948219	0.630981754485688	0.612046964328259	0.620674514546624	0.856579375772591
1.03101403045669	1.04291184357707	0.610019377649951	0.889221159983696	0.842798270579141	0.828611179038975	0.76577223781868
0.654983148006195	0.651038936826881	0.57857123494803	0.728943425528506	0.662391065272863	0.662421983606359	0.731486310815561
0.490092162228344	0.482780541706719	0.560232495303152	0.572211467904325	0.579034374916055	0.575017529063413	0.752089811659249
0.49185890116773	0.505874261965976	0.604112975909947	0.595844267569617	0.579639631717618	0.586459427689392	0.814393587942846
0.489592546495179	0.493421805208493	0.581612411240104	0.607763751379186	0.584479032589673	0.606594477537721	0.769947959761977
0.506078625939142	0.50917824490628	0.572061849935044	0.633109974486534	0.616261658303038	0.622254921393516	0.737420388153351
1.04108278635482	1.02571527172451	0.607405773827127	0.863183763677081	0.813156859557189	0.819339644879742	0.777637737429143
0.494890318064648	0.498566889922214	0.579621542400883	0.588360753381573	0.584962188580021	0.576034393860836	0.795006693124598
0.502889528607394	0.507739713251445	0.578589959021889	0.6479626236974	0.598284592057836	0.616072254965435	0.73507661345141
0.487990007285552	0.475947825060129	0.566441339499612	0.545219254184324	0.538024580695304	0.557341895806972	0.753558717013189
0.556917520927989	0.529185378716621	0.627363459769109	0.692797531686619	0.646160419628828	0.681394896354877	0.88184269844582
0.511183028811675	0.501614200578731	0.622749723546134	0.627435636408082	0.621004874844006	0.616715321501065	0.896634972394697
0.486982203389009	0.479603675472126	0.566162727627525	0.557351293751621	0.557228322619031	0.548570548091317	0.777662524476925
0.516688572966382	0.526720329030822	0.598546303035304	0.644152213898747	0.595095400679315	0.607063734346991	0.777969067384408
0.524551335732222	0.519943906746728	0.616119486289975	0.687605138940468	0.640939843395295	0.641226381424445	0.851838361637823
0.467730464050164	0.472133430170694	0.524174469164517	0.552215882145852	0.54783088048898	0.544052612029181	0.671804809576228
0.512360390938093	0.495164959758359	0.585663075055001	0.609292851814303	0.591823968424308	0.607858367588017	0.803426041286384
0.597541079393713	0.576034005032132	0.595084179508859	0.696366160859118	0.645318251412454	0.62247438485055	0.769465476091725
0.490121412582619	0.494625832008458	0.610299835215099	0.579883135756158	0.578212079545522	0.57043722513996	0.843172062526959
0.522042682269444	0.520722237129668	0.653407087131382	0.672427678596014	0.661239729932045	0.650910139271246	0.929997875689493
0.503298655838088	0.508998334759604	0.595553380312835	0.599105820801969	0.61884918385149	0.611582877620207	0.794392634089115
0.534505995621637	0.534950729941826	0.624588213505406	0.686607373867394	0.635837023607207	0.641221694694192	0.897656713963407
0.493952850985197	0.501690205160651	0.609702339883273	0.599787213085863	0.588621173438724	0.592978905898027	0.841188382119851
0.496776218578566	0.493698903118956	0.579366787050585	0.634306371540929	0.600433764456285	0.606184301873847	0.774540339320114
0.543695619557526	0.534736144388859	0.620647860028926	0.685071432396197	0.649049426562002	0.657620461779344	0.899304700855801
0.512140543848141	0.531727849572166	0.654032026606849	0.645365768394249	0.625113754391527	0.637121555108816	0.967432378512809
0.512133497996454	0.52150452214236	0.596373975645028	0.649912450447655	0.614591744877198	0.618171673246521	0.838032488921134
0.508244741724696	0.536303126954008	0.583519541585421	0.64421827441401	0.61516669375812	0.608294284766331	0.763520200744708
0.513409340028697	0.517526433686278	0.611005884901065	0.649682148690746	0.594333409009742	0.614547687785644	0.795724874165416
0.523730094283055	0.512425150848512	0.611129088578978	0.678360993855201	0.620857245310886	0.638011231674289	0.85396323869455
0.689214871223985	0.663822705889728	0.604621961799652	0.745124974400644	0.676441387339635	0.671736600731054	0.784889024444585
0.52133296541513	0.507656874126749	0.582831311204978	0.660070891265888	0.612975402674935	0.613774241432099	0.800173213222681
0.479761754622897	0.489203346126585	0.530664247514024	0.567028575533135	0.561310049700897	0.553641183235853	0.705411953075893
0.500262243579006	0.499693498499226	0.606808951247182	0.609850196405617	0.607065538881106	0.609630883543093	0.872424775981709
0.451073803885041	0.44632357919912	0.520074641738872	0.527443064811522	0.528904986792106	0.509822280146011	0.6596770103161
0.49550805710475	0.495821786989267	0.599426854247485	0.586342680552275	0.581276446614368	0.582742867269619	0.823215768935121
0.500772654172475	0.501798699338572	0.568998459936225	0.638177772874966	0.598159811148488	0.593349769823352	0.789169642782624
0.501852401855817	0.491008856044851	0.585643040251923	0.625240753767687	0.583836445497136	0.588847628285219	0.800679072224968
0.532634751653498	0.522146875861887	0.644391153340026	0.681215257569283	0.659382947850033	0.650690859283958	0.92215669667587
0.514940900538982	0.508925085240981	0.610386536361505	0.67935356712083	0.656369874838646	0.651075485261325	0.871284678978077
0.530714737019869	0.542928262189609	0.609218770562027	0.693683017735137	0.64371595587327	0.661725523276243	0.829660690939155
0.56391133931746	0.570098195354541	0.607042254638521	0.756492631068762	0.680526392087759	0.67382124892058	0.842145874841388
0.489713253931451	0.486352481070463	0.569744056771964	0.588406684796054	0.586135629991013	0.57979349054709	0.752195566200423
0.891104344271639	0.927796904308546	0.643368222055658	0.870491813024832	0.784837608999002	0.792225448636313	0.873826995079006
0.533104950698383	0.523458535964928	0.586672562484634	0.697209412682401	0.637360342387478	0.627295364324519	0.810418874925717
0.512524050242624	0.512284225301696	0.627812293047301	0.61932213767447	0.617569780199487	0.609599939805504	0.908978449788717
0.552507264884786	0.532897017125283	0.657760489648404	0.703083512767381	0.660264981708995	0.669452414491853	0.955682773664789
0.531391024277916	0.54104073559584	0.628944396509458	0.65517762300926	0.632676215465343	0.640201056045279	0.900773699344544
0.495562284089806	0.499697333797099	0.603298549647404	0.634203394855568	0.599944432062656	0.614064013856593	0.837899515120325
0.523893229107135	0.528936772885745	0.631286802998358	0.645019908321792	0.644514055275485	0.626561090837991	0.955604101978766
0.584272347317928	0.598373902444242	0.550045377450997	0.647563453987699	0.59806027822875	0.624049551253768	0.69005455303363
0.698650225026649	0.725048856683341	0.661238775825024	0.861702270634258	0.770173402705486	0.77321791343164	1.03231459662329
0.481594669937829	0.482528125730321	0.561230144216031	0.564524759221734	0.547343997214435	0.563081116789206	0.751351734052246
0.877986211381423	0.860470872577428	0.672224071238028	0.930542736777859	0.823592111101175	0.807107962365511	0.973292789885472
0.491428790654076	0.47391335371598	0.572927553741085	0.591157479892619	0.56779143972655	0.565917478491371	0.772454357680892
0.54068053609001	0.545865444932852	0.628089137164297	0.681668470505085	0.63866932212887	0.619664861716161	0.836688868551903
0.521373792632951	0.5177699475696	0.622932373031258	0.703177333212874	0.637203911004027	0.645238845576654	0.876008250496974
0.471555920424798	0.475801332291715	0.545243096729858	0.536681538146175	0.533705202609291	0.530329590752794	0.678945703430801
0.911258562364882	0.933751345605013	0.578159297673594	0.795458542689448	0.739350047974083	0.736610214875526	0.719993330105073
0.452681527789462	0.461095326586422	0.527845177045216	0.528736594092483	0.533384899807049	0.518654248296262	0.63745940715592
0.545172555233903	0.555683869448744	0.609401879290435	0.720950564651502	0.657955630130749	0.638316391776758	0.816020515966243
0.517171444965966	0.53654099911166	0.630212791777543	0.660673176713529	0.628700675652077	0.630684923175706	0.92721131723057
0.52710892174492	0.514849915605134	0.650001890744524	0.622786954448001	0.637876199768581	0.623859046226889	0.929259346754842
0.4961593041945	0.478459406321804	0.580825788408879	0.599966247850931	0.591846729893482	0.57040879636244	0.782245970048913
0.504765363592022	0.511460917320521	0.592725714675556	0.611543533436216	0.59630300640468	0.587197787336833	0.809765345157068
0.60690550408346	0.58229940187087	0.635632375112894	0.810390376908819	0.706643568701071	0.703642975805725	0.954564788395105
0.484335242287764	0.482891048747468	0.584142608863393	0.591077603876513	0.586033441606201	0.562930313817965	0.765372936638211
0.780611756092816	0.758117272852147	0.61974928683615	0.774321856543969	0.697939329226151	0.712798150539376	0.83593833408519
0.503889513219893	0.507377029133708	0.599840523928804	0.629499687875193	0.590287477821169	0.600953453299133	0.841878590793133
0.598613448913392	0.611600858489314	0.604778621845391	0.755017271972232	0.675485342343817	0.682504432831823	0.802194540769447
0.5203313544915	0.532724205517088	0.597538558777721	0.678725135594016	0.639200445345308	0.6158914838413	0.81690310020814
0.518898474927834	0.508018459784956	0.618840128241685	0.691583422121291	0.65572449324293	0.633690968130565	0.874608385024996
0.785849650112438	0.788710438435643	0.612959406661287	0.796663239453246	0.728262664323494	0.705114035270345	0.833176501674322
0.505328324676083	0.508694558400299	0.574141548153277	0.658324948996736	0.612126626674543	0.623975804728204	0.752228570044961
0.54650055826175	0.53606425067041	0.635958464811977	0.688467203989205	0.651811633027623	0.639560596257387	0.911408550223003
0.50509967099016	0.502838299744105	0.6215446816379	0.641266133951618	0.613146182726428	0.602196189523341	0.880832784744789
0.49854383538898	0.489895379808427	0.565736097414991	0.620476331811932	0.595259742268013	0.598027614277879	0.741128045393223
0.561237990743068	0.540173779753337	0.583563464503907	0.674414501574416	0.611659715767761	0.619065816143075	0.765590515216758
0.521562286853328	0.518259804932528	0.6344591835106	0.622001065205704	0.630117128683327	0.621237601371149	0.948786614907657
0.855412257015964	0.897401587929825	0.633398471384646	0.857257554367542	0.765100292372692	0.7578710759997	0.817615033268821
0.501933641153471	0.499948057909212	0.585490075621078	0.624686591471471	0.600933567794943	0.589655083393026	0.810683294763053
0.502001097812492	0.492955856523168	0.593036712241055	0.599149301639873	0.583099676793817	0.579069950956213	0.826181040308037
0.653594455341584	0.628523972337378	0.579825365848547	0.733567379779657	0.685008569999161	0.68596254597997	0.768956606953187
0.501450781077968	0.50725754835021	0.596641436689877	0.599463039751886	0.578500711413244	0.590484218989361	0.83264453771052
0.498709655967275	0.492198980550364	0.579457769669676	0.612486936572596	0.583127707143936	0.581348605685867	0.772008754062155
0.52467297131608	0.507524998282494	0.641031618294318	0.653221041210189	0.630485827098999	0.616143872813668	0.921602891686835
0.509458108564721	0.507830150929008	0.631684532143335	0.62986877570209	0.615062043278443	0.624602323442326	0.927643329292272
0.502753552383405	0.492667459763001	0.609569966133219	0.576479595077068	0.573239417453231	0.579443459555983	0.814998316084634
0.721948294859095	0.734726366201556	0.549016077631632	0.705201108857147	0.66400760765835	0.677796939564182	0.735244144702935
0.491233957843212	0.496272901468005	0.596015375816632	0.601025798566556	0.586952802434325	0.571532161001865	0.816353571912366
0.51646531319114	0.516512242067268	0.628811496591497	0.661694087424824	0.644193818332339	0.62971163573278	0.913977921975896
0.482176053522161	0.484175739645042	0.572102364701942	0.571909188977366	0.561958698253408	0.552209705200475	0.784951176799023
0.617629856536525	0.584864874726275	0.596408772568878	0.739608054386694	0.663493764620965	0.659083258108321	0.770107231265255
0.477199543871111	0.466738881346407	0.537061900280031	0.576476020697357	0.541225371278918	0.547096043333244	0.668521204113194
0.530183347983624	0.548456843475071	0.634875673811054	0.719081041427034	0.679016753640681	0.675845546371843	0.886398415395035
0.498941275248004	0.498009326844702	0.589403898093668	0.638316916850155	0.600068746868668	0.610664439692571	0.804321075984343
0.494824358420033	0.49256565080764	0.597933345056334	0.577377948824967	0.57495903028988	0.567607159531085	0.809037636872252
0.466439912479613	0.482486708657505	0.569981945756943	0.566408136606921	0.545643289142528	0.558092667401326	0.744606384098149
0.486024025004231	0.493956559030655	0.582295134568114	0.588007705976715	0.591984336839026	0.57108955840808	0.799793934713127
0.501475420199989	0.501044198541824	0.560299904893014	0.632686638077109	0.586148019428224	0.588636542993976	0.698632133798976
0.49390648814494	0.504044657114471	0.570661004274601	0.584440774089379	0.579977513910686	0.566882985818672	0.760301461690668
0.523580946685932	0.524765929749041	0.647398357992919	0.678510446214269	0.647532545501467	0.672734180423744	0.940419221400431
0.53222404193781	0.537490067377314	0.61836978257991	0.682208668610019	0.634429238220607	0.651023043103162	0.928527012567047
0.494178281241343	0.493101597895714	0.586400568902933	0.600939759886376	0.573170411809132	0.586823605958322	0.7451461414622
0.613227306299758	0.610208225919424	0.58333519138057	0.71377813909917	0.682868831732567	0.680023981155764	0.774465662236401
0.520339535979538	0.534820420457721	0.664454443449494	0.729033830491728	0.672857379263472	0.67213328964471	0.975653389548659
0.755325636796449	0.764253147548566	0.651581399816363	0.822864401546282	0.737996994989107	0.733012656906985	0.941014091298937
0.484651554629722	0.481664130492676	0.566420204445737	0.574710944822207	0.565904293010035	0.559725710081807	0.75732541571741
0.54865559336844	0.552815164834039	0.564874239202247	0.691103805918188	0.635937265292577	0.649187320051785	0.714391190892375
0.537041562043773	0.528819678971436	0.632377749470555	0.697346600315112	0.665065695416555	0.65778020877295	0.913487074900357
0.524206678336052	0.500874530330778	0.601297587902399	0.640598545051653	0.625585001092616	0.624443802368243	0.843136599439857
0.538147831496425	0.531391518523373	0.664592204363592	0.711968138051214	0.669778780894676	0.676367408445368	1.04693861388027
0.523632681910615	0.514752842948916	0.639572226615181	0.642656885266185	0.629178348925257	0.635346853840387	0.938947978059092
0.518125554428484	0.514237095481697	0.594343496368837	0.644494732576112	0.63235526911257	0.61793334230271	0.817798061684201
0.497594430602686	0.497646368567953	0.606418615328388	0.603624149629944	0.592860193166734	0.603524720770166	0.839960409564542
0.491486794816606	0.500185676152086	0.593971162876509	0.597914230159713	0.580009972526156	0.586664625842486	0.8220593953474
0.522184837296533	0.511382213282253	0.615772798118116	0.625493758911349	0.612561957099536	0.610199190331034	0.872318712369403
0.737042439075134	0.741637816670337	0.606072616996329	0.765072003072719	0.694890104721408	0.691813724036391	0.819692789495586
0.491490221236755	0.479520698713135	0.577834834024072	0.567292242432251	0.563283840081102	0.569845074378881	0.739186508883568
0.514613264263787	0.509294478811703	0.587246295497246	0.619292384453397	0.601314326029816	0.615115645538591	0.822997504966074
0.495450596317433	0.501867365745358	0.582935297633413	0.626506301090281	0.599544927763384	0.602706511169331	0.790461823216667
0.513524545091653	0.509502523875305	0.602952584599883	0.60329357733227	0.596736678754726	0.586159306755335	0.826814158802121
0.509915267507159	0.505660301604177	0.622259234961102	0.625384466643348	0.605879204087509	0.619149964808962	0.880318811167045
0.617051255184241	0.621668962824967	0.537724522187657	0.638705558588398	0.58931442572048	0.600899469443568	0.662646166718893
0.501491560882568	0.496307504615671	0.627258368244561	0.594492543463045	0.598573010748427	0.606762794604103	0.846504044461943
0.496683089628768	0.497311642657717	0.584974151999013	0.615737288802423	0.594911776137619	0.597497856247358	0.82220308303274
0.503776906131033	0.506037065506914	0.59697985412693	0.641255196809088	0.600931626735361	0.602364337816218	0.815344974928129
0.472655601086506	0.467985500034489	0.539748671777069	0.570382251457106	0.546411613233609	0.559909673764778	0.687835855027918
0.455619414118067	0.462224701412755	0.535264502624998	0.512745629902808	0.510036524797554	0.522162714351408	0.684515256719556
0.492578818995425	0.493603549986546	0.61318572907461	0.616860455659884	0.609107288601951	0.614812284924894	0.840811834523733
0.499567587720855	0.500002525745173	0.593068886416333	0.603526954592816	0.589327733051763	0.592625622660472	0.826367149733976
0.528133835532176	0.520741525709954	0.570144009313768	0.660364108648184	0.643580589388853	0.62956133682788	0.79224790329897
0.804263491767622	0.789666690742742	0.640551876712225	0.856557906065495	0.773101137872454	0.789983175483995	0.906886582954641
0.48659605465814	0.485444380633199	0.592641354926885	0.569544210382091	0.587901787652743	0.569562135407693	0.810653440143401
0.54660789473202	0.545258391494477	0.61820050993775	0.747152059801891	0.668463301381271	0.649120685769191	0.87115008104473
0.527298615625756	0.526240875494298	0.579815000166923	0.646460257665077	0.616345236646959	0.632719287711578	0.796219899363049
0.502582950431906	0.489388278253136	0.586150435661688	0.600892397857069	0.57532359662205	0.584548220017418	0.772992199645177
0.503736680400287	0.499474870369976	0.602638844734821	0.591143684476634	0.5765358800258	0.591957065071555	0.830803417676101
0.48619730272879	0.487530014433249	0.574672013938037	0.558910431203316	0.545074997278013	0.561889639356791	0.779353511333675
0.479813046743931	0.475176208265962	0.5265448011215	0.572174735877962	0.555336133824897	0.562510740459387	0.687614083150871
0.575776600331911	0.559226164895335	0.634052622055932	0.740696452921463	0.693895773201348	0.696694264857242	0.872561331333582
0.527267284905515	0.522280547348823	0.624748429458384	0.687805197821255	0.641484121535414	0.646759112941954	0.903463884988032
0.489567635378947	0.502829912301108	0.597639850538236	0.595579989875183	0.582328698486336	0.585149478725285	0.841652350324962
0.484001896416091	0.471715018417453	0.548388659768958	0.572568342426245	0.557817642512831	0.57022106367922	0.710317345863163
0.505526790087715	0.498532033495843	0.585954579711497	0.586724854669323	0.583083919079191	0.566690391569217	0.816747731286688
0.506594913872056	0.524438415957341	0.606869686766781	0.655118203343467	0.627602849581145	0.626887284568708	0.847370551905594
0.473004622615969	0.48432521406532	0.550951855860727	0.586025411533347	0.549785054676901	0.576977853531188	0.720061425974125
0.50779771956864	0.507643844584423	0.606431738571565	0.604111166808006	0.592317356996453	0.595598812908336	0.850139377496062
0.475857967916735	0.462064593640755	0.524779616734186	0.555635654818654	0.549719778735321	0.552015992507472	0.649857171679344
0.550238134073697	0.567211191229197	0.6560955222373	0.784656010458182	0.710586110834445	0.69309956793848	1.02400154212529
0.509391141998459	0.523652547465075	0.59512027235724	0.63368107839123	0.614109844119967	0.614689698246067	0.806967463428938
0.570454424871149	0.561657119313918	0.619559499073422	0.776249247988301	0.70711786629128	0.707723225368493	0.87898741598001
0.489115815346573	0.491487745300079	0.586993968357554	0.59355836426538	0.577715324024752	0.577152123207972	0.780610767153917
0.593126080627356	0.576450111247366	0.629638211101239	0.724605174206419	0.656436415034452	0.688807303842364	0.893220193257371
0.522313010437181	0.521164936475051	0.630817634111034	0.660892952877173	0.622159833906709	0.612789893049973	0.89400751904734
0.48132947261881	0.48103408798925	0.582792947529801	0.592039674449501	0.572651117937199	0.578841422630551	0.757711597624196
0.553864527212782	0.549176200857716	0.645458255691668	0.773662067860087	0.710766944732145	0.703965943567467	0.954843652133017
0.509325426059417	0.515040541257753	0.611443938445811	0.652911505217724	0.629103074531248	0.628808160923982	0.856653049244614
0.612447287245443	0.599707094944782	0.621898466562014	0.788680130094834	0.71480240736026	0.718197187984741	0.876403496598812
0.500365850569422	0.500537989739374	0.592392543714558	0.626329916148711	0.608983801905003	0.613664694200225	0.813891049652934
0.494719264886269	0.513666121835667	0.592980388123043	0.600292529301739	0.593211753480499	0.59882212779479	0.805964561670787
0.481278438412778	0.467347127132856	0.547269375548904	0.591356084002935	0.572503033765375	0.56680552068016	0.708007779733267
0.585072295890631	0.536685400469723	0.635802660777502	0.737960729377282	0.675589873022029	0.672157451507668	0.921166300194864
0.473560558955775	0.478120481473034	0.52413021756084	0.587252999126749	0.560494645500041	0.558014194197727	0.64932575098475
0.510839784627901	0.505149416433842	0.606417624793946	0.626618630621037	0.60903322676048	0.616217127885999	0.894379749166294
0.500936247373983	0.500371186393773	0.590867797460189	0.616216431109276	0.590857376383833	0.575604407532626	0.788467335962263
0.488626969204799	0.491137061068008	0.585674119420707	0.586498750868103	0.581810511196553	0.584699352479517	0.812564367545638
0.50690706998463	0.498637675990138	0.611000723155709	0.629794619677817	0.592578261183223	0.598173027305578	0.816025383523369
0.491750815417827	0.490488077594582	0.595862900806985	0.573395779822453	0.591160947006049	0.576369379009645	0.827205350332677
0.464407464957032	0.486122857077386	0.576279522292477	0.561575429811306	0.546009535239233	0.548104645502657	0.717562000163306
0.558411492738759	0.560654807654591	0.62740648295966	0.791164962558826	0.706718237975485	0.710266876368884	0.894068965315376
0.527296237763727	0.532784967444935	0.622388407898021	0.665685716415337	0.639009607982788	0.643675063426011	0.863791259252482
0.513555339780665	0.532918349224934	0.625379450339978	0.653521663186339	0.620833814428588	0.626876280128755	0.892284230753394
0.508668394028861	0.500637708437448	0.630942287087664	0.607623667649651	0.597898559228195	0.610111229377987	0.89098423725313
0.500547849807884	0.495558066307192	0.587978778659082	0.580096144430132	0.574484643507443	0.569000328811554	0.825425339345366
0.513379369047767	0.480762895465732	0.572424353439311	0.633125883229398	0.597706542561915	0.59705856535885	0.755978126799742
0.479374522258301	0.463786461661173	0.557563396735863	0.563086035908668	0.549041981971848	0.552643381626787	0.729744965633793
0.617723990709633	0.654279765100058	0.573918632710797	0.688176184582393	0.643181118010967	0.638592876099743	0.754782605308962
0.465079368269672	0.465104065121998	0.538500086263968	0.532753593643751	0.526515971817536	0.524822939593667	0.69284794490582
0.99876390616492	1.00522555984472	0.626444403219152	0.876977696660297	0.811316721044623	0.802430887967584	0.811294531294705
0.497176267614666	0.480142515177145	0.588483899889144	0.560120872940808	0.576206116716584	0.583229391982888	0.815582842643925
0.524485517019392	0.525315594167964	0.61796594481689	0.676117083007667	0.634923330888053	0.62533546597909	0.878861856796194
0.493783559676689	0.500950563194564	0.60451083424518	0.602291837683352	0.591711969982789	0.591580278055562	0.843725261041634
0.500310349375314	0.501991412113242	0.591059510396479	0.625379316703016	0.602159237392969	0.578943249779307	0.775744478155358
0.503585569856984	0.500902643514543	0.59528757498157	0.584753441798132	0.581373880947017	0.592204964861637	0.82242038776513
0.515640027854321	0.533869974457551	0.634626206503614	0.656813736661663	0.623127264858017	0.632604082523968	0.889133780619364
0.573387852283544	0.570062887364766	0.60044007926172	0.779768449408418	0.699840892012524	0.713356571900676	0.837362997977934
0.516637653125126	0.509512815653214	0.631776432993188	0.624773070444648	0.624967525533262	0.623292126875166	0.896630345153574
0.625507066952965	0.628381310431901	0.671536979462272	0.856765029227713	0.782446840378724	0.791393840446075	0.996329167388897
0.529818833049949	0.523802294751721	0.659125314168638	0.680566635185195	0.63650043693154	0.64250609613691	0.971483858573902
0.519971930126057	0.518512371582153	0.623928039875967	0.638120936354717	0.613183674681776	0.618596942424265	0.89801839023194
0.487821149804435	0.494671368383847	0.569061730013195	0.559158241558667	0.543471073316005	0.562504177900589	0.766967917283396
0.488351222871995	0.5083643104208	0.598504413204727	0.583086903373765	0.586224529414965	0.591548707018725	0.849406784907309
0.471622354842025	0.474113266707522	0.551478329394391	0.536863802868145	0.560645173744247	0.52753100857425	0.730894434419918
0.537284871388258	0.524318029300247	0.661908192720958	0.66810892683072	0.66251383650502	0.64099505686634	0.992130932728586
0.479514129507015	0.488614841594068	0.580654066004742	0.567119318688644	0.565907948566428	0.551426914060781	0.766442297520549
0.459471142284868	0.469496813863589	0.552217102722497	0.541602712996649	0.533174473266246	0.537056354432262	0.707802876442693
0.598778625501648	0.598727778780867	0.602173628670554	0.747764898712275	0.643543921794129	0.661252895400729	0.816623793025119
0.487817703078745	0.474968374821273	0.557201290821269	0.608121220023218	0.576060110131512	0.563063238349248	0.717873801783595
0.492045933564787	0.491620830201683	0.576547425392357	0.574648023055728	0.575725272131014	0.570104309417374	0.782644417660501
0.738112147326813	0.736755834023951	0.648621342567068	0.841278777260557	0.757315985460781	0.748373598201833	0.937191324117925
0.512548384646885	0.547079564543234	0.618733085487632	0.662698649007195	0.606076221703277	0.634081757101088	0.854459486153796
0.480485840272012	0.481606375600917	0.556737823970982	0.612361588651306	0.588293350943836	0.595919460354077	0.681387764192262
0.489714555737881	0.500438245717048	0.610616057241843	0.588978790792031	0.582540515612302	0.593808538510407	0.824201176209528
0.530534525527555	0.529876533755643	0.595959570709144	0.688584787984943	0.634390695945328	0.640904942025698	0.825075082622782
0.493577966796022	0.48889804856031	0.596248091369404	0.606208116448054	0.599632581108123	0.580301065294631	0.809422697169716
0.541846611111037	0.528974987660695	0.630642374973488	0.712229773734865	0.661593966817283	0.648615690569579	0.910756065812836
0.510898151101036	0.523342818801666	0.635171633188852	0.645257467890195	0.619897068878847	0.61199676730301	0.922658917154461
0.538881375994598	0.540494625770027	0.61363158779465	0.690726021103383	0.637776859381047	0.648355520885102	0.860542560510057
0.521083279170906	0.513258212206001	0.632713347881548	0.633371129940185	0.608498973983432	0.625449220316499	0.884001208067643
0.499051482953332	0.501241592616131	0.564492645056969	0.610170951087094	0.579384925821012	0.576467070763044	0.729997764412702
0.560522989168449	0.560179216576707	0.65804980613267	0.732801506080197	0.675123215621152	0.675538178707066	1.0099206372228
0.507493204191393	0.523215514870689	0.628973563278165	0.622335125695321	0.61929997356902	0.615980670396681	0.877515880096557
0.521961790758921	0.509727728526971	0.602882246533418	0.620698928234378	0.600930261221762	0.595546360898644	0.888741927733268
0.50675200600962	0.519132274382597	0.621645387360257	0.683833566509089	0.638295032932728	0.638195209840872	0.844105336062279
0.582389943864709	0.572505328107082	0.623702402928585	0.766973270772705	0.687959497772941	0.704377511497752	0.859903521144939
0.599580060661633	0.572103728907929	0.608074776580875	0.729901682562124	0.674375264256482	0.679987611930252	0.854785237547829
0.520500923098699	0.509540398320021	0.610679618827944	0.618037610260492	0.605731284612174	0.596386422329843	0.862538646592366
0.497460829316772	0.487543889920732	0.599932647793568	0.587129824256616	0.585462657092268	0.588149607206201	0.817264211775616
0.524600880409134	0.525587365295997	0.647931908235743	0.67249579848191	0.639249530611943	0.650039552043879	0.932585367867884
0.517582549301851	0.515100632384963	0.621282714906866	0.639490953289263	0.618442600614056	0.625963602581215	0.928446233901633
0.59936804537858	0.580456298503552	0.596780032735059	0.723711167039716	0.685657567147762	0.675573930398115	0.815673140832818
0.529169665917431	0.51970117939183	0.633701690088633	0.641442567938646	0.60726183327057	0.601381209558022	0.941218141239193
0.664776971045718	0.634377887681115	0.602058063521646	0.711849661629004	0.661154203803718	0.671847856756471	0.80874465699189
0.516258683028517	0.542687941037619	0.595341318039094	0.685757194620133	0.651740753845602	0.656263252693959	0.786230707840475
0.482226944343953	0.482590155644718	0.555392106548111	0.560163455759724	0.569355486922828	0.551717854747518	0.736309297267007
0.50593466862135	0.510973890859618	0.58589287656229	0.653420170283722	0.613813329084539	0.60463148730616	0.807131175378827
0.522305358112225	0.53167529030889	0.578629135974375	0.657974097149835	0.609178085972998	0.609807982717192	0.812178167551139
0.568199218171767	0.571880272834338	0.523649044630241	0.654236185158434	0.601079330816362	0.597551731866754	0.660800181035278
0.530904068979692	0.520948591564035	0.617898364226175	0.701090652668583	0.65531658670773	0.665127481912346	0.883994251429933
0.469738121669855	0.463418898295244	0.532277383955063	0.530224517040344	0.530060082980315	0.531655974740677	0.680462039195284
0.513864986312174	0.501649873413636	0.614997358246368	0.61331547704961	0.605765985030058	0.592072772866874	0.854311290906387
0.524067332287074	0.518877841001587	0.613688963062424	0.64980066565301	0.619364991074073	0.612755313846996	0.886911002059633
0.498757064650921	0.492504024050343	0.594074503951649	0.607939030138561	0.604194605786782	0.584228694527118	0.800957389153035
0.516369075821069	0.519239412311939	0.619130190682408	0.634185770542922	0.622993037011033	0.638003665610056	0.884838584102535
0.512904229317806	0.504483547942779	0.578995276085118	0.637874856716342	0.608644461221717	0.608265476919996	0.766530058718595
0.744747546176772	0.766320373787107	0.647766846006538	0.878177199532467	0.762066522480103	0.775959725368523	0.911172309077956
0.557852556429981	0.547161110924862	0.624501513948768	0.689992123766419	0.645085815477489	0.639871458012451	0.866699435491093
0.518791458598874	0.534618522093618	0.615284851881824	0.617179703687188	0.615638326361516	0.604323273330583	0.873070581168995
0.510889743181218	0.504362063639487	0.576303540274884	0.598911049367634	0.611412468629582	0.614922055155707	0.755464339519616
0.507862184036528	0.518166016116263	0.593211058094443	0.662448472646345	0.636742066827413	0.614127557647557	0.83072311272168
0.470330723933378	0.473775502611039	0.566015314966815	0.567535749964782	0.552493022300038	0.554798350643325	0.754841939372837
0.555059037052651	0.571695451312556	0.584205651873082	0.735849086160167	0.65284042102473	0.669668478160266	0.779255923318813
0.537930020763705	0.527820244854769	0.629824444032844	0.671603008802144	0.646556463742156	0.634282226707582	0.938201237091632
0.514884271439446	0.536474991247649	0.644320512040284	0.618240549874139	0.619272735013631	0.624299026984587	0.940913393704543
0.592155187565924	0.603966055039988	0.532298270059228	0.661167821444711	0.605666350947566	0.608083015018762	0.661096572137209
0.501235428304682	0.502917455205094	0.610063732054993	0.626722414293248	0.598042054768595	0.595188616073563	0.865373703318981
0.503827365856471	0.497659678901796	0.606474252987966	0.595694034683647	0.59476088379705	0.579778165411821	0.856792018104094
0.505281446554687	0.510164595361597	0.603392919865211	0.609405563013947	0.599048687321074	0.608104633302224	0.855779701781875
0.749517022902295	0.74699236272587	0.617306610687583	0.848737961007527	0.765369190624858	0.755373229497286	0.844602679999098
0.458451128741449	0.467132611702509	0.509137744218613	0.571840269649664	0.543494494705228	0.54894098582366	0.643752475228347
0.497418205932616	0.498175528045337	0.596553030520852	0.616227886037316	0.596948597913973	0.590959663537145	0.851075944573164
0.509735950823204	0.520902599185891	0.583959313081698	0.628279673023497	0.600613034253923	0.588670606863815	0.760241997387477
0.497646159400136	0.504439069436027	0.613978257754457	0.596197213853484	0.596515532099856	0.599023685661327	0.872980961065455
0.513742973731811	0.494792925958495	0.623942634005194	0.620819202598792	0.611044057569645	0.607134061964075	0.884513178381473
0.512875234757094	0.516789596284473	0.561117370456791	0.630288383768964	0.608203227128297	0.618667173514007	0.739388175461867
0.516269566062234	0.51753804482274	0.598404287998357	0.639827229718421	0.606876856452044	0.602471405189257	0.816014303653823
0.55369943559808	0.536312336529626	0.616232913038397	0.721706879847624	0.679633900390979	0.649699613334601	0.86531739284705
0.493657483725039	0.485626361997595	0.587524226396828	0.582789377336393	0.589623369421524	0.586412744239331	0.794495361067848
0.498473066678975	0.500067836955821	0.59049351510459	0.597480702178777	0.583610324613356	0.600103920963175	0.825334007249599
0.495623107821443	0.482454795924698	0.570711127831377	0.598289446198285	0.582314345070133	0.567635515087606	0.756990709868372
1.00966789854461	1.03741094119592	0.681864505952612	0.984221857448471	0.868608277130001	0.868722233316245	0.99486459806061
0.47277462182393	0.481450786412133	0.563014968029351	0.54668471330824	0.557299883551417	0.558726663294109	0.733853919061327
0.559325083090962	0.551859312001751	0.637260624545415	0.734865627966741	0.67438072800759	0.690345799296109	0.970504105763383
0.517310279334462	0.536118599367667	0.605657574561693	0.632083007633569	0.612323924818073	0.596993305602205	0.838744576210395
0.509284958276881	0.505101630776563	0.61298129773661	0.593462264189267	0.603359521434467	0.60535517136938	0.8938523898556
0.523448191013527	0.510611748051385	0.601948690833074	0.674401388217828	0.634672061650336	0.639409608470039	0.821887970720234
0.521773539435016	0.502407240256849	0.585827453235335	0.627688352422618	0.614130907628011	0.614889501227743	0.822376734796377
0.550271638987643	0.552499423809237	0.613805558837817	0.701602418785226	0.666774604892207	0.649540069876841	0.825602882253549
0.472345317541151	0.489513106481987	0.580244715967914	0.55589230108987	0.560614949026031	0.550533852658595	0.756616859843683
0.436281270725223	0.445708664996046	0.494151353730377	0.49874322468206	0.502269423497142	0.49463927932523	0.61457536737006
0.507073924739559	0.510653731652688	0.600328168110809	0.618728110582256	0.610274639098202	0.600574637619855	0.860959971214049
0.551706713617246	0.538274437265217	0.633723812638295	0.739178447773043	0.686276469030464	0.691863318550136	0.91545911861007
0.56574122056367	0.547467076563234	0.645978050721666	0.730414299018109	0.696760394256018	0.710129846197182	0.996881808058884
0.466695771130172	0.477250855396518	0.55508857343382	0.568354597821139	0.550154581398397	0.541378387188228	0.712127365149206
0.502444012847157	0.502709252425514	0.611699496653084	0.65850332204155	0.624317268120943	0.640899902490638	0.85076194836886
0.513180728261182	0.514268954188663	0.610120202925347	0.653107775652477	0.604901098888263	0.637146644430803	0.847830075873601
0.493988715740564	0.486264489032832	0.572200664709385	0.637050696155951	0.614975506559465	0.603330755365611	0.732963968330395
0.826283001911829	0.842560365286906	0.603755173951879	0.755309267916965	0.7185447344091	0.695170886244571	0.739604844335688
0.504119561751225	0.50696177062911	0.592281502057835	0.668145866049471	0.62104671378328	0.607637173196131	0.760991824877867
0.52480662500369	0.534262304046612	0.647857338521531	0.63391278157483	0.623764611739419	0.635003421725038	0.970302693969578
0.475196999901208	0.489920127709288	0.571592677668426	0.565143403742803	0.559333636372506	0.562913198072307	0.765790875815684
0.495602145071326	0.484347020845457	0.578266298868008	0.609408263100572	0.567452443935529	0.58588270068681	0.751375491061801
0.490662958972262	0.49534982095695	0.596460946150261	0.590077784641678	0.581175198178174	0.589521573115339	0.835264726306243
0.582584876100234	0.60972538823525	0.631283610766912	0.780376174868014	0.704355383503755	0.730083858419006	0.88335976126277
0.452877790316475	0.453101460050358	0.512283807983225	0.523857259769893	0.509059543452499	0.496268340689779	0.644911548862058
1.04579161355239	1.04136748293526	0.619715746163267	0.899979618241035	0.828774877051325	0.836973617986216	0.805928608958048
0.594310698173278	0.57684401678804	0.67044702271766	0.807225965183259	0.715389877986088	0.705245530941167	1.01911728737811
0.497427493809906	0.499398435677181	0.582782363342561	0.633081019748329	0.601549464555932	0.580916032759025	0.786173708083829
0.479207125276938	0.477113294295807	0.543032569122285	0.550763744284309	0.548006150343002	0.544459783903751	0.750437481473683
0.532169647776776	0.514130569052166	0.605481158047814	0.657494409781508	0.632115371657042	0.628166726799851	0.857146670576112
0.51683619046437	0.537996698245816	0.615110969428557	0.693830172341681	0.65112414206583	0.64732198093086	0.878370390064011
0.685475684421547	0.675726531665201	0.618544525735067	0.812018454499385	0.726449655893273	0.709874627081207	0.853792462084132
0.510169956302633	0.517421380091237	0.616006437659301	0.61653454998846	0.600068478424588	0.599879846567665	0.882535314268822
0.562292273848017	0.594024518653574	0.583406651366413	0.735817173440458	0.663713036651819	0.657251990483265	0.757260574339302
0.493040513150927	0.491462024142978	0.554879202911134	0.61113328231513	0.590001516662991	0.588535852708458	0.687885045507862
0.555830141304149	0.546901277505953	0.576127146472259	0.666038820559781	0.623299367377625	0.635100131212535	0.749638796824514
